id,bizim_dogru_mu,jev_guven,bizim_kategori,jev_kategori,zorluk,eskiyebilir,coklu_dogru,hassas
0007bbf6-f736-4be2-949e-05a01e316953,1,1.000,tarih,tarih,1.77,0,0,0
0007d250-1e61-4dd1-a35c-77514b7c38c7,1,1.000,cografya,cografya,1.98,0,0,0
0002b042-f627-4ec9-8c75-8ad30bedad96,1,1.000,teknoloji,teknoloji,2.90,0,0,0
0007ad10-55fe-4495-a831-f7f549c9857b,1,1.000,sanat,sanat,2.55,0,0,0
0006e891-671d-4224-931d-8d077ac10155,1,1.000,cografya,cografya,2.05,0,0,0
000e8c8d-0ff9-4384-8d22-40b5804ef8d6,1,1.000,cografya,bilim,2.27,0,0,0
0013291d-ab14-4f4d-b3d3-c284bff6c5c3,1,1.000,teknoloji,teknoloji,1.96,0,0,0
00141cca-0646-4c6e-b62e-f5afc068cd80,1,0.980,bilim,bilim,1.28,0,0,0
000fcf74-48bc-42bc-9d08-26febff8e37b,1,1.000,teknoloji,teknoloji,4.27,0,0,0
001b9805-7f4e-4375-b17a-fb11fd8feacf,1,1.000,bilim,bilim,2.04,0,0,0
001fadbe-2ab7-4ec1-bc1a-e571509e99ca,1,1.000,cografya,cografya,1.90,0,0,0
0022e374-f386-488e-9aad-f4c221f5c305,1,1.000,cografya,cografya,1.69,0,0,0
00092ecb-349a-4102-a460-73460f2aa305,1,0.810,sanat,edebiyat,2.40,0,0,0
0021482f-58a4-46e2-909a-d520a056b9ba,1,1.000,cografya,cografya,2.07,0,0,0
002c722e-75af-4ed2-b990-37a224cc61c7,1,1.000,spor,spor,1.67,0,0,0
002d95bf-5389-4a8b-9f7a-2ac1c48bd40f,1,1.000,muzik,muzik,3.07,0,0,0
0032d283-c7a1-42a1-b22b-3a248d92be91,1,0.530,muzik,muzik,4.10,0,0,0
003e2733-e66c-4c32-96ed-f43b8373028f,1,1.000,cografya,cografya,2.13,0,0,0
00336d00-dc27-48c4-9115-3b72d1d0711a,1,0.990,spor,spor,2.38,0,0,0
004b41a2-b949-4c3f-b520-714da0172c3d,1,1.000,genel_kultur,bilim,1.45,0,0,0
004c5d39-6717-42e4-895f-a304576414c7,1,1.000,bilim,bilim,1.93,0,0,0
00583de1-f025-456a-924a-cc06118cf80a,1,1.000,muzik,muzik,1.80,0,0,0
00595793-13d0-44ff-8057-589b068538f5,1,1.000,bilim,bilim,2.13,0,0,0
0065cbce-94ab-4b94-b9d6-8287a66f8ec0,1,0.740,genel_kultur,cografya,2.95,0,0,0
0068ef5f-0794-4f97-a730-fdc8ef901599,1,1.000,sinema,sinema,1.55,0,0,0
0068b933-d8d4-49ee-9537-d0db7db92a4b,1,1.000,genel_kultur,cografya,1.53,0,0,0
006a05a9-e876-49eb-b453-a2936fa42063,1,1.000,genel_kultur,genel_kultur,1.76,0,0,0
00710014-e549-4aab-a44d-dfbbab83f378,1,1.000,muzik,muzik,3.11,0,0,0
007f8eca-ed0a-4508-85fa-1d16d2f44d9f,1,1.000,edebiyat,edebiyat,1.36,0,0,0
008532cd-b6d2-4c49-b341-77ccc320c97a,0,0.320,sanat,sanat,3.71,0,0,0
008f2475-4a1a-4670-ac68-1cef37f5bf90,1,1.000,genel_kultur,genel_kultur,1.00,0,0,0
009a02c2-116a-4358-b918-78e255fb8e27,1,1.000,spor,spor,2.00,0,0,0
00b761e6-1acf-41b9-80be-35e38f6cf8d8,1,1.000,tarih,tarih,2.34,0,0,0
00a20e91-ffae-4f83-b8e2-470df21e55f9,1,1.000,teknoloji,teknoloji,2.88,0,0,0
00b99125-7bcc-4715-9e2c-c71f9f86d38f,1,1.000,muzik,muzik,3.28,0,0,0
00bb37ff-c040-41ac-bdd7-bc5fb3dabaf8,1,1.000,cografya,genel_kultur,1.86,0,0,0
00bfd277-6db7-4fd5-8d08-97d6cf9bf67b,1,1.000,tarih,tarih,2.04,0,0,0
00c4c96b-0c19-4cc4-b76d-255f3aaeb720,1,1.000,cografya,cografya,2.10,0,0,0
00c9b382-85a2-42e4-8e82-ef360bdc43be,1,1.000,muzik,muzik,2.82,0,0,0
00cb1def-4abd-4a31-b941-277d85d121ae,1,0.980,cografya,cografya,1.98,0,0,0
00d1d1d1-471a-4902-bf96-addcbcb41f1b,1,0.990,genel_kultur,tarih,2.40,0,0,0
00d1f113-a8cf-4e6f-a94e-5a4fe1f79c46,1,1.000,teknoloji,teknoloji,2.55,0,0,0
00d37c42-72a4-418d-8080-73e9e8d1e70e,1,1.000,teknoloji,teknoloji,1.79,0,0,0
00d4d5d2-31e2-4227-ab69-b401ee5882a9,1,0.260,edebiyat,edebiyat,3.58,0,0,0
00d69fff-194e-483b-b52f-9db921fd8d73,1,1.000,spor,spor,2.76,0,0,0
00dd2974-e6e3-4b0d-9052-37be346127bd,1,1.000,spor,spor,2.39,0,0,0
00dea4dc-9d81-42ff-bd83-7f82364c1362,1,1.000,teknoloji,teknoloji,1.89,0,0,0
00e12eb2-b119-4fed-bbb5-03747e37993a,1,1.000,teknoloji,teknoloji,2.61,0,0,0
00ea7889-27e5-4083-aae9-399059ba1f9e,1,1.000,edebiyat,edebiyat,2.55,0,0,0
00e8bbde-e3bb-4b0b-a098-738aacb613a3,1,0.750,cografya,cografya,3.24,0,0,0
00ecb66a-4cfa-41eb-b938-bcc119b967cc,1,0.990,sinema,sinema,2.92,0,0,0
00f57f5b-e6c9-48f7-9ea8-c2869f2265eb,1,1.000,spor,spor,1.62,0,0,0
00fc07c0-9a6c-4c71-8310-69cd8789f387,1,1.000,sinema,sinema,3.34,0,0,0
010d5c0d-4d15-4bd8-b5d4-90746cb0cc5a,1,1.000,spor,spor,1.38,0,0,0
0117c539-60e1-4012-8c8f-083ec59b5d00,1,1.000,bilim,bilim,1.03,0,0,0
011c616a-7be3-47c3-bd73-0f0aa43154a8,1,1.000,sinema,sinema,3.07,0,0,0
011dd8e5-1cd9-41d5-b74e-1bc7aa7b7cfa,1,0.980,sinema,sinema,2.71,0,0,0
01214308-e727-46a7-868e-3af8edcc52a2,1,0.970,tarih,tarih,3.75,0,0,0
0127570b-c365-4bcd-a0d6-fe53fa230c1a,1,1.000,genel_kultur,bilim,1.46,0,0,0
0131f558-0fdd-47e6-a978-79a4579eb976,1,1.000,cografya,bilim,1.71,0,0,0
0139f1dd-dcce-477c-876b-facc46b35db8,1,1.000,sanat,sanat,2.74,0,0,0
01560010-490d-4d7a-a1a1-f54e1abc8311,1,0.970,cografya,cografya,2.53,0,0,0
014d42fc-f76d-4402-a3f3-ec41188a9c3a,1,1.000,cografya,cografya,2.42,0,0,0
01507337-626e-4ccf-b1d6-d3a06b26e836,1,1.000,sanat,sanat,1.80,0,0,0
01733ff5-dfcb-4319-8e18-e36ba9935a02,1,1.000,tarih,tarih,2.22,0,0,0
016865d3-945f-4fea-8c27-eed6d368bb11,1,1.000,teknoloji,teknoloji,1.72,0,0,0
01737af0-d6ff-4762-bca7-027e0d52fb2f,1,1.000,cografya,cografya,2.72,0,0,0
0173d68b-6ee2-40d4-9640-c82e37c8e199,1,1.000,spor,spor,1.70,0,0,0
017b078a-96c6-4109-9361-aac32b2fa344,1,1.000,tarih,tarih,1.89,0,0,0
018186d8-9912-4eed-b9c2-cc456c8b8fad,1,1.000,genel_kultur,muzik,1.59,0,0,0
01881221-edc4-47ef-8379-943891cd2b2c,1,1.000,sanat,sinema,1.92,0,0,0
0191f372-3373-4c4c-8d26-57a64332420a,1,1.000,sinema,sinema,2.05,0,0,0
01a87f32-5535-4fbc-8bbc-c38c6b7d1538,1,1.000,bilim,bilim,1.46,0,0,0
01b8cc46-95c1-4b16-9636-27b2313ade87,1,1.000,bilim,bilim,1.51,0,0,0
01b2e965-5dbe-4fe0-b685-26e7ff60804a,1,1.000,bilim,bilim,1.53,0,0,0
01c92a51-4111-423e-84c7-bfac95d07dbd,1,1.000,genel_kultur,sanat,2.69,0,0,0
01c9bc01-f606-4bfb-b1fc-7d85e084cfb7,1,1.000,teknoloji,teknoloji,1.78,0,0,0
01e8c52b-a691-4e07-b9e4-ccc4528c9021,1,1.000,cografya,genel_kultur,1.69,0,0,0
01f9abb7-a04d-4a6d-9a89-d31f0ddfceee,1,1.000,teknoloji,teknoloji,3.20,0,0,0
01fc048b-a2d2-417c-9c59-095e184ff01e,1,1.000,muzik,muzik,2.86,0,0,0
01b27be0-e31e-4a1d-b4f5-ec147757d175,1,1.000,sanat,sanat,2.11,0,0,0
01fc4aa5-9c68-481c-bc90-dfacebe11316,1,1.000,sanat,sanat,2.39,0,0,0
02002fc2-ba1f-4c2b-bfcc-fde89a73b125,1,1.000,spor,spor,2.00,0,0,0
0200a1b0-aed3-47c6-8f42-e024372eaae2,1,1.000,tarih,tarih,1.95,0,0,0
0204b92e-9d90-44e1-b034-9d61d64a14bd,1,1.000,cografya,cografya,2.29,0,0,0
0213bd4a-0e1b-4508-8691-4d392e99f1f5,1,1.000,teknoloji,teknoloji,3.45,0,0,0
0221f0de-d263-4686-a639-eb8363bad0a3,1,0.980,edebiyat,edebiyat,3.46,0,0,0
0225b140-381d-4cce-9810-f3c0bf260086,1,1.000,sanat,sanat,1.99,0,0,0
022dcfe1-b28f-44e8-879a-e3fdb56de5b1,1,0.970,cografya,cografya,3.00,0,0,0
022c98b1-9f8d-4da3-9d9c-bc32b3f435dc,1,1.000,genel_kultur,bilim,1.05,0,0,0
0231dc2c-9f14-4cc5-87bd-5545e9ab886c,1,1.000,cografya,genel_kultur,2.17,0,0,0
0242c3b1-2aa4-4fd1-ae08-3c2692642797,1,1.000,sanat,sanat,2.16,0,0,0
02446ee1-8d88-4d2b-b0cb-c4bcc6e3f220,1,1.000,teknoloji,teknoloji,4.01,0,0,0
024c9087-fd71-42ea-aab9-0a0a66b44736,1,1.000,bilim,bilim,1.09,0,0,0
0245c614-673a-4da6-b1b3-171071cbc583,1,1.000,sanat,sanat,1.22,0,0,0
0258befd-0db8-4ffe-ac4d-e05249c4e196,1,0.930,sinema,sinema,3.24,0,0,0
025a2023-5e1f-47f7-b32d-2346cb57515e,1,1.000,bilim,bilim,2.49,0,0,0
02613063-fe5c-481b-881d-d37ee2e966ed,1,1.000,bilim,bilim,1.93,0,0,0
0275572d-fc54-412e-9d4f-78a690a83fd9,1,1.000,teknoloji,teknoloji,2.22,0,0,0
027f3faf-d48e-41b6-8f68-fe14f727c27b,1,1.000,spor,spor,1.47,0,0,0
02770622-454d-459d-a090-246ee7604037,1,1.000,cografya,bilim,1.86,0,0,0
0285a30d-bffd-448d-be78-541ef98ea956,1,0.490,spor,spor,3.36,0,0,0
0285adda-b8d5-42aa-a030-b282e6603b7d,1,1.000,bilim,bilim,2.36,0,0,0
02952b2a-be23-49d2-98f0-525d580fe750,1,1.000,cografya,bilim,1.97,0,0,0
028d2500-6c86-4d4e-ad9f-71a21c321438,1,1.000,cografya,cografya,2.15,0,0,0
028f6c31-8ac6-42b8-b52e-431d9e5076e0,1,1.000,bilim,bilim,1.73,0,0,0
029f0d92-fe88-4f88-89c8-bebd279771c2,1,1.000,cografya,cografya,1.86,0,0,0
02a58ee6-b919-4d9e-aa8c-4e4dbfa725c7,1,1.000,genel_kultur,cografya,1.45,0,0,0
02ad7346-4305-4cdd-8ef5-b6aad9fe8e56,1,1.000,muzik,genel_kultur,1.98,0,0,0
02af93da-9215-4cdc-baf8-6e83598c0770,1,1.000,bilim,bilim,2.04,0,0,0
02afb6f8-8cd6-4906-ab06-9b52b12c3d71,1,1.000,teknoloji,teknoloji,2.80,0,0,0
02b30691-f280-42bd-b8fd-480ea6a6fce3,1,1.000,sinema,sinema,2.70,0,0,0
02b5626f-80fe-4ca9-b7b2-a2d98cddd67f,1,1.000,cografya,bilim,1.58,0,0,0
02cd1ca5-2b1c-480e-88f1-231b5f172476,1,1.000,muzik,muzik,1.99,0,0,0
02cc9b1e-ee29-40ce-a82f-7745edd1a606,1,0.990,tarih,tarih,2.08,0,0,0
02d49bcb-a26c-4bf2-a865-fae68379b642,1,1.000,sanat,teknoloji,2.02,0,0,0
02d9938f-a89c-4385-a424-f5c1e6c68628,1,1.000,teknoloji,teknoloji,2.06,0,0,0
02d94eb0-4b3d-4358-a549-53b66c0c902a,1,0.220,spor,spor,2.51,0,0,0
02d9f80c-a192-4783-a733-07e2ce0d0307,1,1.000,genel_kultur,cografya,2.11,0,0,0
02d9f0b0-0936-4c31-918e-559eaaee20e8,1,1.000,spor,spor,1.91,0,0,0
02dc101e-d99a-451f-b727-96962a0f230a,1,1.000,edebiyat,edebiyat,1.72,0,0,0
02e191fe-18f4-4cec-a011-6b6057d3cad8,1,0.980,cografya,cografya,2.80,0,0,0
02e02fcc-466f-48b4-a60b-1d83f3e14676,1,1.000,teknoloji,teknoloji,2.05,0,0,0
02e6e6c4-a3e5-41b7-8e77-e8d4dc7e2a82,1,1.000,bilim,bilim,1.91,0,0,0
02f40c1b-5a48-451b-8d7d-c6aad7f82533,1,1.000,spor,spor,2.10,0,0,0
02f43170-a0ed-4a3e-a6c8-cd58e46b74d8,1,0.930,tarih,tarih,3.11,0,0,0
03059787-a935-48cf-b5f4-6d997aba7ad1,1,1.000,teknoloji,teknoloji,3.13,0,0,0
02e6080c-c7b4-4aed-b8bf-e93338301d32,1,0.850,cografya,cografya,2.54,0,0,0
031057ed-843d-4aa8-bcff-7536bf059c93,1,1.000,spor,spor,1.11,0,0,0
0325ecc8-dced-4940-abe4-64dacc37c09e,1,0.920,genel_kultur,cografya,2.99,1,0,0
0313b2af-3b21-4e7a-8f0b-9f847e6c1ab9,1,1.000,cografya,cografya,2.55,0,0,0
03274015-30c8-4646-8e4a-7cbf2a53951a,1,0.980,cografya,cografya,2.81,0,0,0
0327b3dd-93d0-4fd6-8d22-429c845f7f39,1,1.000,edebiyat,edebiyat,2.80,0,0,0
0327666f-86fd-4dc8-a0ed-da86f00e65fa,1,1.000,cografya,cografya,2.10,0,0,0
03289b6f-e1be-44d9-a412-5d8df775af68,1,1.000,teknoloji,teknoloji,2.89,0,0,0
03313322-9db4-4b15-b68c-842e1ad4fb21,1,1.000,teknoloji,teknoloji,1.91,0,0,0
03313f6b-f6d0-49fb-b3e7-795dc179680b,1,1.000,teknoloji,teknoloji,2.18,0,0,0
03361025-e5f3-45d4-b544-68637573f6c6,1,1.000,cografya,cografya,1.89,0,0,0
033a8df4-ba60-44e3-a28a-2380d6731887,1,1.000,genel_kultur,tarih,2.20,0,0,0
033f843b-6d7d-40dc-b447-97d2d599ae18,1,1.000,sinema,sinema,3.25,0,0,0
0345a561-66cc-4d5b-ba16-105558f160d1,1,1.000,tarih,tarih,2.92,0,0,0
03469d5b-c44b-433f-bd04-84eb0d7a68a7,1,1.000,sinema,sinema,3.38,0,0,0
0355bb41-7198-471c-a68e-e4d112159a52,1,1.000,cografya,genel_kultur,2.67,0,0,0
035a7aed-083f-4316-92c0-1b787a800c4e,1,1.000,muzik,muzik,1.83,0,0,0
035d6222-b594-46ab-a3b2-543b6a00d3f2,1,1.000,bilim,bilim,2.27,0,0,0
035fc9f2-5592-4e61-9db6-ef0bfb634747,0,0.140,edebiyat,edebiyat,3.35,0,0,0
036856df-2ffd-444c-9eaf-63ccb5798045,1,0.990,tarih,tarih,3.11,0,0,0
03728bcd-eb39-42c6-93fd-fb996315aaa4,1,1.000,tarih,tarih,3.23,0,0,0
03751d50-24d6-48bd-bc8e-3e233d4a8816,1,1.000,bilim,bilim,2.65,0,0,0
037fcf7f-a43c-4849-ad2d-d48751aaf646,1,1.000,genel_kultur,cografya,1.85,0,0,0
037787b3-d5d3-4bf1-a2dc-6264a7238f14,1,1.000,teknoloji,teknoloji,2.70,0,0,0
03885d08-e62a-41bb-851b-047c613d6ec4,1,1.000,edebiyat,edebiyat,1.97,0,0,0
03a338b1-4927-473c-9f1d-5d47ffb96e53,1,1.000,spor,spor,2.81,0,0,0
039b0687-c527-4e7e-8ec5-f0f270d1e5cf,1,1.000,teknoloji,teknoloji,1.97,0,0,0
03a8eb9f-8fb1-43fa-8f48-4004fb326abd,1,1.000,cografya,cografya,2.12,0,0,0
03a565a0-6b12-4084-825b-96ce9f4bc950,1,1.000,cografya,bilim,2.14,0,0,0
03aa7244-dba7-4fc4-b164-183527ae519a,1,1.000,genel_kultur,genel_kultur,1.79,0,0,0
03adcbb4-b08c-4215-9f5b-519930a32f95,1,0.450,edebiyat,edebiyat,3.08,0,0,0
03b1ea90-e787-4711-b3ed-2ab5116c69cb,1,0.710,spor,spor,2.10,0,1,0
03b309d4-eef2-40e8-ab91-4516a36a8b32,1,1.000,bilim,bilim,2.90,0,0,0
03bd9d44-0f69-48f7-9491-5b0396128bb5,1,0.990,sanat,sanat,3.02,0,0,0
03c22e5c-ca78-4b81-bc30-afdf51b81642,1,1.000,bilim,teknoloji,1.52,0,0,0
03c10419-3354-4fd4-96ed-50f914ecc5c4,1,1.000,cografya,bilim,2.18,0,0,0
03c5f568-128a-4d9e-8623-22f3f42a4de6,1,1.000,sanat,sanat,1.13,0,0,0
03c76865-2a09-42c6-bcce-c6428e351469,1,0.330,edebiyat,edebiyat,2.60,0,0,0
03cc6087-e31b-4a93-9ec6-c4c245437ca5,1,0.210,spor,genel_kultur,3.06,0,0,0
03d1dc45-2e73-4d73-ab17-c9eca7873165,1,1.000,bilim,bilim,1.64,0,0,0
03d49497-044a-4a68-b9be-d12c313b1926,1,1.000,bilim,bilim,2.11,0,0,0
03e17e40-c2a0-4019-8092-65f2e4ff3496,1,1.000,cografya,cografya,1.30,0,0,0
03e3e2ef-a0ac-4cf4-af6f-11c0df94f8d1,1,1.000,sanat,teknoloji,1.90,0,0,0
03eba149-c96a-4c2e-aa19-9665e3ef72de,1,1.000,teknoloji,teknoloji,2.68,0,0,0
03eb0d2f-f85f-45df-8717-30ac989f11e2,1,1.000,edebiyat,edebiyat,2.86,0,0,0
03eeddb9-730e-40ec-9ec5-17d0c1c13159,1,1.000,sinema,sinema,2.45,0,0,0
03f438d1-e7b0-49ee-9120-6ba07e0ac129,1,1.000,sanat,sanat,2.54,0,0,0
03fd172c-2442-4cb5-bf02-de1240644053,1,1.000,muzik,muzik,3.00,0,0,0
040678af-88f5-4be2-9385-6eaba0913f40,1,1.000,tarih,tarih,2.08,0,0,0
040e1c71-3cda-4ae8-b717-4aa611632690,1,1.000,tarih,tarih,2.16,0,0,0
040ef93e-3b7e-445a-9f51-d95a87620474,1,1.000,bilim,bilim,1.70,0,0,0
04174bc2-9d0f-4cf7-956d-53cd2e21d3b6,0,0.440,cografya,cografya,3.04,0,0,0
04118c85-8427-4b4e-9b33-5d26ad9148fd,1,1.000,teknoloji,teknoloji,3.48,0,0,0
0420ca75-c41f-41a4-9ea3-a3521558e0ec,1,0.820,edebiyat,edebiyat,4.25,0,0,0
0419e033-4a38-4246-ac49-91fe745c4fa3,1,1.000,sanat,sanat,1.73,0,0,0
0422a2a8-622b-458b-b74e-d9f22bdf730a,1,1.000,spor,spor,1.83,0,0,0
042ed2c6-0aef-4ffb-aebe-5ce5ddc8688d,1,0.830,teknoloji,genel_kultur,3.56,0,0,0
043c15de-094d-45bb-a768-968ec9b805c5,1,0.490,spor,spor,1.94,0,1,0
04292f2e-6141-4a15-9f7a-409206c345b9,1,1.000,genel_kultur,bilim,1.00,0,0,0
043d3d20-ebea-4c64-aee6-43ddda4ce95c,1,1.000,sanat,sanat,2.11,0,0,0
0458c124-8202-43c4-bf58-125c395554d4,1,0.560,edebiyat,edebiyat,2.27,0,0,0
046232e7-0010-43a5-ab0a-5848b7db8cd6,1,1.000,bilim,bilim,2.80,0,0,0
0466919e-ed09-4198-b417-e5f32e4cec08,1,1.000,cografya,cografya,2.00,0,0,0
046835cd-206f-40a4-8547-0dbf2361b9e4,1,1.000,cografya,cografya,2.70,0,0,0
046b138a-1728-49fe-8538-98e95a8147d9,1,1.000,genel_kultur,bilim,1.63,0,0,0
046fc6e3-c142-49ac-82c8-a9729f327e52,1,1.000,genel_kultur,genel_kultur,1.69,0,0,0
0474dad6-4bd5-4ba3-9465-e4db5923c3ad,1,1.000,sanat,genel_kultur,2.16,0,0,0
04775870-139c-404f-864e-2810d328f2eb,1,0.990,edebiyat,edebiyat,2.51,0,0,0
048083d1-0fc6-40e0-bf68-abdbe3e3d4f9,1,0.990,spor,spor,2.67,0,0,0
04887ad3-283b-4681-a6a6-8a7d503f242d,1,1.000,cografya,cografya,2.15,0,0,0
048e74c3-b034-447d-af15-985850e4b9d4,1,1.000,teknoloji,teknoloji,1.82,0,0,0
048fd56f-e292-42e2-8a2f-c041b8215934,1,0.680,edebiyat,edebiyat,3.84,0,0,0
0488a085-9ad1-4f16-9d78-9bca22350166,1,1.000,tarih,tarih,1.84,0,0,0
04a3111c-581d-49a6-9e26-bdad902e8d07,1,1.000,cografya,teknoloji,3.79,0,0,0
04a4a123-5567-49bf-ac1f-b546605eb172,1,1.000,edebiyat,edebiyat,1.52,0,0,0
04b1946e-7129-42b8-a4d7-b91d128169f2,1,1.000,cografya,cografya,1.46,0,0,0
04b6d79a-6da1-475c-abe5-408904c86f69,1,1.000,edebiyat,edebiyat,2.44,0,0,0
04a868bb-526c-41f6-a46a-afce061ca838,1,0.890,cografya,tarih,2.34,0,0,1
04bc53b4-556c-4296-aa44-9e45bc65e506,1,1.000,spor,spor,2.30,0,0,0
04c8a9fc-df7b-4b33-aa43-e668e4647b61,1,1.000,genel_kultur,genel_kultur,1.64,0,0,0
04bc9682-ae2a-4be8-9209-4b828bc567d9,1,1.000,muzik,muzik,2.84,0,0,0
04d064c9-4664-46d1-ac85-9fafa0b9adf4,1,1.000,muzik,muzik,2.61,0,0,0
04e20a2e-469b-48ce-b3bb-402e0c1a130a,1,1.000,teknoloji,teknoloji,4.03,0,0,0
04e6279c-5e6e-47c4-86c3-d1c949003d57,1,0.840,sinema,sinema,2.78,0,0,0
04ee30e1-6d8d-4637-ba73-f649d7a69442,1,1.000,sanat,sanat,1.65,0,0,0
04ed6962-3549-4124-8b88-3a127a3b5738,1,0.980,muzik,muzik,2.81,0,0,0
04f9d1ec-378f-4542-9543-53e2cff2ddd8,1,1.000,cografya,cografya,2.21,0,0,0
04fc5ecc-6fad-4fe7-9f90-77371e532c33,1,0.920,cografya,cografya,2.17,0,0,0
04fc2e14-8667-43d3-a339-89c0a3e12e83,1,0.980,muzik,muzik,3.70,0,0,0
05049a1f-88e8-4613-8272-17cebb0ab75c,1,0.990,sanat,sinema,3.29,0,0,0
04fdd05f-1525-4491-be90-ee8d878ec331,1,1.000,muzik,muzik,2.86,0,0,0
050a6c17-c8bc-4a83-8f9a-13088a46cb99,1,1.000,muzik,muzik,2.55,0,0,0
05116ea0-3af7-4a10-8ea6-9db38cb62d14,0,0.660,sinema,sinema,2.89,0,0,0
050f1200-f1d9-410c-af9d-ca33b5ece482,1,0.640,muzik,muzik,3.49,0,0,0
0511c160-75a5-4da3-a551-381a5958cf43,1,1.000,sinema,sinema,3.86,0,0,0
0524ff7b-b7ba-4137-8ca8-49b3c392186e,1,1.000,bilim,bilim,1.69,0,0,0
052b49f7-bcb5-4465-8c98-ae6dd83c6fbc,1,0.970,cografya,cografya,1.48,0,0,0
053640f6-8950-468a-a505-0cc47a53cc01,1,1.000,cografya,cografya,2.49,0,0,0
052f6554-51d4-48aa-a497-616933814e1c,1,1.000,tarih,tarih,1.78,0,0,1
053a7fb7-080f-465e-8984-12160f2ec4d9,1,0.770,tarih,tarih,3.22,0,0,0
0540a051-c5f1-4a04-812e-81f9a6b3cdfb,1,0.980,bilim,bilim,2.14,0,0,0
054a87b8-110f-4aeb-b764-7fa4aef31f97,1,1.000,sanat,sanat,1.26,0,0,0
054fc30b-3023-43bb-85de-a1dc32d2fc03,0,0.470,teknoloji,teknoloji,4.03,0,0,0
054b5fcd-82fc-4ceb-9744-9c9a9425910f,1,1.000,sanat,sanat,1.79,0,0,0
0551cdc3-8393-41e3-822b-bfc62754c839,1,1.000,teknoloji,teknoloji,2.07,0,0,0
0532797c-48b3-488c-9306-5a56b0e36068,1,1.000,spor,spor,1.99,0,0,0
05545294-d1ee-4ada-9280-189544194810,1,1.000,spor,spor,2.31,0,0,0
055d1d20-bab6-47d0-a85b-96da56de97ef,1,1.000,muzik,muzik,3.77,0,0,0
055f00be-d77b-4d6f-b506-bf58a1836e00,1,1.000,tarih,tarih,2.21,0,0,0
0564fc5b-4186-40ce-a9e5-8d1237ce100e,1,1.000,spor,spor,1.96,0,0,0
056a156d-807f-410a-9d75-f7feed0d5a7a,1,1.000,sinema,edebiyat,2.94,0,0,0
05719bd9-4fea-4aaa-b16f-bf255bf1a2f9,1,1.000,genel_kultur,genel_kultur,1.27,0,0,0
0579e08c-cd43-4f65-8f5b-f5200497e6d1,1,1.000,sinema,sinema,1.73,0,0,0
056e7094-596e-4e44-956e-8275a4067373,1,1.000,teknoloji,teknoloji,2.76,0,0,0
057b36f8-2d43-449f-a58e-8bad6031ca1d,1,1.000,sinema,sinema,2.04,0,0,0
05884f71-4737-4003-b79b-921815ad77ed,1,1.000,muzik,muzik,2.75,0,0,0
0596f062-6311-41d4-9a7e-ab1a239ee7f8,1,1.000,cografya,cografya,1.86,0,0,0
05977207-7dd9-4fd5-9518-ac003bcddcc7,1,1.000,bilim,bilim,1.96,0,0,0
0598e7fb-0c4d-4aac-8880-e3d34fe963fb,1,1.000,bilim,bilim,1.88,0,0,0
05a42af2-0155-4ced-802d-11ba487dae83,1,0.830,genel_kultur,teknoloji,3.10,0,0,0
05ac7c13-edb1-4186-a8ee-19b6348d776c,1,1.000,bilim,bilim,1.96,0,0,0
05a49262-66bf-4d20-9188-15b0e5975267,1,0.910,genel_kultur,genel_kultur,1.60,0,0,0
05b3e4eb-6ece-4e84-9efb-8a3240623834,1,1.000,sanat,sanat,1.30,0,0,0
05b6fdab-850b-4c46-b47a-5950a149bdb4,0,0.330,edebiyat,edebiyat,3.57,0,1,0
05b7cadd-3d72-43a6-bb8a-6010824f6a98,1,1.000,bilim,bilim,1.88,0,0,0
05b899d3-8120-4c67-a228-8bcdd404d129,1,1.000,teknoloji,teknoloji,3.93,0,0,0
05ce2d35-95f2-46de-97fc-9bb78c2522a3,1,1.000,muzik,genel_kultur,1.53,0,0,0
05bb51b8-3879-49cb-b752-07525a9815ce,1,1.000,cografya,cografya,1.87,0,0,0
05c0fc39-108a-4f70-9d27-a52ff5790ef0,1,1.000,genel_kultur,tarih,2.88,0,0,0
05d350fd-0554-4324-b650-6ff8035966a3,1,1.000,cografya,cografya,1.48,0,0,0
05dc5f66-641e-45f8-b7fe-b1f00303cd4d,1,0.970,tarih,tarih,2.64,0,0,0
05e0a475-34f8-4db0-a806-d27f21190cc1,1,1.000,bilim,bilim,1.94,0,0,0
05f42e75-7f7b-467b-b054-1fc7f05b15b3,1,0.970,sanat,sanat,3.39,0,0,0
05f8db14-35de-4ee6-8c94-01ad0d438ae1,1,1.000,edebiyat,edebiyat,2.52,0,0,0
06030adb-83af-4769-8a4a-1bd717f50bac,1,1.000,bilim,bilim,1.17,0,0,0
0604cdbf-127d-4172-a431-6c0d2ca12d30,1,1.000,edebiyat,edebiyat,3.69,0,0,0
0609cde6-f84b-44aa-bb5f-6b6c1ea18e35,1,1.000,bilim,bilim,2.54,0,0,0
0611966c-6106-452f-921a-f2e9a2853dca,1,1.000,sanat,sanat,2.93,0,0,0
062b02eb-8622-40c3-bf5c-762b8d31a780,1,1.000,edebiyat,edebiyat,3.29,0,0,0
063a7012-6d95-4a1a-ab6c-90f3dea8cfda,1,0.950,cografya,cografya,2.21,0,0,0
062e0e75-b455-4be4-a497-5ce4558e8398,1,1.000,sinema,sinema,2.00,0,0,0
063be1e3-9fa6-46ca-b67c-9a7ef4eb8bc6,1,1.000,muzik,muzik,2.58,0,0,0
0647aaeb-6428-4f6d-a2eb-8fa3185873a3,1,1.000,cografya,teknoloji,2.02,0,0,0
0650cfa3-50d9-4f98-a2b4-76a39a631e81,1,1.000,bilim,bilim,1.91,0,0,0
06567b88-1fa7-4efa-84fa-1fadb6b47da7,1,0.640,tarih,tarih,2.86,0,0,0
0664cabe-55bc-4b5d-b125-3dc483c3c6fb,1,1.000,teknoloji,teknoloji,3.14,0,0,0
06676da4-1f61-42e8-bb17-eb8aba1c35f5,1,1.000,bilim,bilim,2.13,0,0,0
066b9aa0-0b82-48c5-87a4-6d1087c42393,1,1.000,teknoloji,teknoloji,2.19,0,0,0
06689ea3-22be-4f1e-a147-3f4fae25bec2,1,1.000,tarih,tarih,2.30,0,0,0
067bddfa-9e1c-4cc9-9aad-0b0785f3e52d,1,1.000,cografya,cografya,3.14,1,0,0
067c2789-903f-43af-a557-d78058274d46,1,1.000,genel_kultur,genel_kultur,1.30,0,0,0
06822b70-cd2b-4b8c-aaa9-2073d2f1b01f,1,1.000,cografya,bilim,4.07,0,0,0
0682817a-16d2-468d-9e1c-0a1d48b74a96,1,1.000,tarih,tarih,1.14,0,0,0
0683b576-0355-44f3-8ed0-368e70fb8d3d,1,0.830,muzik,muzik,3.63,0,0,0
0684b1db-6738-496e-bd8f-59b4d116b37c,1,1.000,tarih,tarih,3.36,0,0,0
0686b1ab-3f31-4f9c-94f2-fe23fb03471d,1,1.000,bilim,bilim,1.90,0,0,0
068de8d4-581d-4b32-aa4b-1728d54efd96,1,1.000,sinema,sinema,1.06,0,0,0
069ce708-87ba-4ece-a621-f75f73334878,0,0.550,muzik,muzik,3.72,0,0,0
06a589ca-dacf-4200-92e3-18015337151b,0,0.810,spor,genel_kultur,2.04,0,1,0
06ab01d2-f9bd-406c-a58d-935fbcdac26e,1,1.000,tarih,tarih,1.95,0,0,0
069f68c1-22b6-4715-b207-9ae17dbb6bdd,1,0.930,sinema,sinema,2.86,0,0,0
06ab03f8-bd3b-45ab-bfd8-67072bdce138,1,1.000,sinema,sinema,2.67,0,0,0
06abf62e-40ca-4cae-a1d7-8ec2b671f283,1,1.000,muzik,muzik,2.08,0,0,0
06b982f9-761d-48fa-93c1-2899fd63be20,1,1.000,sanat,teknoloji,3.11,0,0,0
06aca1d5-6363-40c0-963f-cd70c88885e7,1,1.000,bilim,bilim,2.09,0,0,0
06bea032-5dfd-472d-a64b-1b4c90473766,1,1.000,tarih,tarih,2.28,0,0,0
06c63ef0-2eb3-4f8c-bc69-2e23f47b5fa5,1,1.000,sanat,sanat,1.79,0,0,0
06c81ee8-ac36-46b1-b284-7c2ba4349a73,1,1.000,sinema,sinema,1.01,0,0,0
06db6483-81a3-401f-a0cc-b34060e89c07,1,1.000,teknoloji,teknoloji,3.70,0,0,0
06d2d84e-9314-4666-b731-873d237b7293,1,1.000,sanat,sanat,1.94,0,0,0
06dc1aa0-9b47-445c-b410-63f5f7a3e809,1,1.000,edebiyat,edebiyat,2.63,0,0,0
06df3874-3a89-42a2-9e47-55c318966fcb,1,1.000,spor,spor,2.41,0,0,0
06e54827-3198-4b85-a8a7-2685f6c855e2,1,1.000,cografya,cografya,1.59,0,0,0
06f675ba-c683-4f85-8fc3-403a50b234e8,1,1.000,cografya,cografya,2.24,0,0,0
06f1bfc3-dc9f-48ed-aae7-7b800e4b5600,1,0.990,edebiyat,edebiyat,2.05,0,0,0
06f675e9-91e1-416a-be92-20d037d794cd,1,1.000,sinema,sinema,3.16,0,0,0
06f9d734-dfed-4317-9af0-0da1e87db8f1,1,1.000,bilim,bilim,2.04,0,0,0
06fb7c94-0072-4d50-bd02-bf6c68aa706f,1,1.000,muzik,muzik,2.11,0,0,0
06fcca7e-38ba-45f4-829b-dc0750d3cd3f,1,1.000,tarih,tarih,1.99,0,0,0
07048411-0446-4d3f-8f99-98609c6e90a0,1,1.000,sanat,teknoloji,3.69,0,0,0
070f7c44-b31c-42af-8199-cf5e487d5503,1,1.000,tarih,tarih,1.54,0,0,0
0720fd75-9537-47b6-9d0b-458dbbdd4ff9,1,1.000,genel_kultur,cografya,1.63,0,0,0
07238bea-bd48-4c72-88a6-4d812dbd54e2,1,1.000,muzik,muzik,2.75,0,0,0
072e7f78-0525-444d-bb66-5672c21243b2,1,1.000,sanat,sanat,1.97,0,0,0
0724a069-fa40-4b06-a202-8295065daf3b,1,1.000,teknoloji,teknoloji,2.01,0,0,0
0736aaeb-92b4-4557-91b6-ef92b3c417f5,1,1.000,cografya,cografya,2.12,0,0,0
0737329e-1ad9-4e36-a270-2d43cd6a554d,1,0.920,sanat,sinema,1.67,0,0,0
073855cb-0849-46e4-96af-c1f9919d3940,1,0.880,bilim,bilim,2.63,0,0,0
073dd2e8-aef1-47bd-a9de-1e08741be8c5,1,1.000,tarih,tarih,2.14,0,0,0
0744fd67-e660-4236-b818-0d0dfdb58afd,1,1.000,spor,spor,1.64,0,0,0
075a28cf-18db-4d8d-8590-05dfce7cbf74,1,0.960,tarih,tarih,2.33,0,0,0
0746cdb8-f7ba-4e72-86fd-8fbb01bc31e7,1,1.000,teknoloji,teknoloji,2.97,0,0,0
0759064e-3072-4816-ae22-ab18be510639,1,1.000,sanat,sanat,2.63,0,0,0
076328d0-36a3-4198-b5a9-e157232ef7cd,1,1.000,sinema,sinema,3.58,0,0,0
0769c9ab-3688-473f-bc0d-1da0fe7d9efd,1,0.940,sanat,sanat,2.87,0,0,0
077a1fdb-f6ac-4140-a9e0-684257856b9b,1,1.000,sanat,sanat,1.40,0,0,0
07817947-4eb5-45ba-96c4-2391efd846d6,1,0.900,tarih,tarih,3.54,0,0,0
078e18ce-9dcc-4417-9e86-49c19ae4ec62,1,1.000,cografya,cografya,2.19,0,0,0
07a52aa9-3aea-4077-a953-cab3b84846cd,1,1.000,sanat,sanat,1.56,0,0,0
07a0d6dd-a8b6-4c07-941f-3119312a3ab3,1,1.000,edebiyat,edebiyat,2.44,0,0,0
07a6d06d-76d5-4a7f-8cc6-03c02df3f226,1,1.000,sinema,sinema,2.18,0,0,0
07b636b7-bd57-47c6-8282-714240263fea,1,1.000,bilim,bilim,1.39,0,0,0
07ba684e-6e93-4fba-bfe2-11fe3c4dc73d,1,1.000,edebiyat,edebiyat,3.67,0,0,0
07bc0aea-2a94-4a66-b43a-5d005ce6f047,1,1.000,bilim,bilim,1.88,0,0,0
07bcc817-581d-4756-a4a5-9ae4d7137ea4,1,1.000,tarih,tarih,2.26,0,0,0
07c54990-827d-414b-ad32-b5a920d256de,1,1.000,sinema,sinema,2.02,0,0,0
07c0dc87-ba5a-404b-a3e3-1e34ea47a871,1,1.000,spor,spor,2.50,0,0,0
07d33c69-1ec5-4366-b7b6-a3632689ee77,1,1.000,cografya,bilim,1.49,0,0,0
07d745f9-393b-4171-9f1f-abd0f0db8e23,1,0.280,cografya,cografya,3.04,0,0,0
07d7d08e-d0f0-45fb-9f33-1befb80f35aa,1,1.000,teknoloji,teknoloji,3.74,0,0,0
07d9d933-c89b-43d4-81b1-d31aab1bb361,1,1.000,spor,spor,1.91,0,0,0
07dbd3b9-e201-4928-a82b-83686e64f8ce,1,1.000,teknoloji,teknoloji,2.30,0,0,0
07da202c-e805-4359-9e96-a3c588ab7916,1,1.000,cografya,genel_kultur,2.25,0,0,0
07dcf573-65dd-49a1-a088-deda9f4c7762,1,1.000,edebiyat,edebiyat,2.03,0,0,0
07e02e22-8516-469b-99e3-f93cd6a2baba,1,0.990,cografya,cografya,2.83,1,0,0
07dfae20-8a90-4145-8023-2dafc28dd83b,1,1.000,edebiyat,edebiyat,2.92,0,0,0
07ef6ff0-d7b3-4405-a3f2-f2cafa160133,1,0.950,genel_kultur,genel_kultur,1.51,0,0,0
07f4d925-a30c-4fe0-8434-9d95f17b8998,1,1.000,teknoloji,teknoloji,2.09,0,0,0
07f7cec5-2e5d-4d0e-9656-8ddc04966fb3,1,1.000,sinema,sinema,3.46,0,0,0
07f942ef-7fd5-4a41-b4a7-ae96f2462cdd,1,1.000,tarih,tarih,2.17,0,0,0
07fc8638-f154-4b96-945d-ae85f5f8808e,1,0.930,edebiyat,edebiyat,2.57,0,0,0
07fda130-66b0-4705-bfd1-2fff98d0976e,1,1.000,sinema,sinema,2.61,0,0,0
0803b55a-8fa8-4719-92d6-ea068f42ab93,1,1.000,bilim,bilim,1.95,0,0,0
08169c01-5f30-41d2-bfe1-0e39c0ed062d,1,1.000,cografya,tarih,2.14,0,0,0
0819f7c4-df4c-415b-a70c-88a43097025f,1,1.000,teknoloji,teknoloji,2.73,0,0,0
0820cc8c-865f-4c7a-ada4-b136b7934687,1,1.000,muzik,muzik,2.21,0,0,0
0821928c-a5a3-4860-969e-306dfcaa0951,0,0.560,muzik,muzik,3.22,0,0,0
083671d7-b934-4918-b5ea-a789ea1ae21b,1,1.000,sanat,sanat,2.85,0,0,0
08382121-f24e-4529-b26e-bf1269542edc,1,1.000,muzik,muzik,2.18,0,0,0
0833d4b2-1ad1-460a-8489-87101f1f4091,1,0.870,edebiyat,edebiyat,3.59,0,0,0
0810ba9b-9fe5-44fb-bd91-17fb4d49dff0,0,0.810,genel_kultur,cografya,3.14,0,1,0
083bd4eb-a2be-418f-bb0d-a080cda101ff,1,1.000,cografya,cografya,1.39,0,0,0
08421ab9-d93b-407f-81c5-71559c73edcb,1,1.000,edebiyat,edebiyat,1.96,0,0,0
084d67f7-631d-49c0-8033-639a0edfc49f,1,1.000,tarih,tarih,2.50,0,0,0
08509ad8-c1b2-4007-980d-c095ce058e07,1,1.000,sinema,genel_kultur,1.25,0,0,0
085be58c-bde2-4596-9907-345135fa79b7,1,0.820,edebiyat,edebiyat,3.52,0,0,0
08450f3d-a34a-45ce-ac04-8b7c5b49b1a9,1,1.000,muzik,muzik,3.54,0,0,0
0867bbe7-9209-4202-8f62-6cdea0ef9cb6,0,0.290,genel_kultur,genel_kultur,3.36,0,0,0
086e39a7-be40-4f4b-97f4-3e64e22e8a50,1,1.000,bilim,bilim,1.54,0,0,0
087843e4-58bb-4deb-b16d-b887d99bbf84,1,1.000,bilim,bilim,1.58,0,0,0
08780170-14b7-4881-923e-be76bb90b942,1,0.910,spor,spor,2.75,0,0,0
087eaaa4-df37-4ffa-ac0d-057df8f25820,1,1.000,genel_kultur,teknoloji,1.77,0,0,0
08839563-a2b5-4d30-a928-3943b5e446be,1,1.000,sanat,sanat,2.82,0,0,0
089850a6-8e93-40bd-9907-29033f014471,1,1.000,edebiyat,genel_kultur,1.88,0,0,0
089be8ad-ba14-4a9b-a765-bd8c87c5068c,1,0.980,genel_kultur,genel_kultur,1.00,0,0,0
08a27930-3b21-41c7-9e14-874625a0fe15,1,0.290,edebiyat,edebiyat,3.22,0,0,0
08a70e98-b7d9-4a2e-a7d5-1c956506fb8b,1,1.000,cografya,bilim,2.13,0,0,0
08ad268b-9d38-4e1d-9406-ec19e5edd5c7,1,1.000,genel_kultur,genel_kultur,1.97,0,0,0
08b39d1e-cb2b-43be-9049-5cfb9e6a32d7,1,1.000,cografya,cografya,2.21,0,0,0
08b7944a-b9dc-4218-8dd4-08b32d25a5de,1,0.990,cografya,bilim,2.27,0,0,0
08cda1c8-217b-4955-a787-86188f4a8dcd,1,1.000,sinema,teknoloji,2.98,0,0,0
08d0779a-62f8-4470-80d2-9c03c98449cd,1,1.000,genel_kultur,bilim,1.66,0,0,0
08d03831-3ec3-4539-8c55-5add70caba13,1,1.000,edebiyat,edebiyat,1.33,0,0,0
08d1f7a6-a3ac-41a1-8897-f321b3b22905,0,0.170,tarih,tarih,2.96,0,0,0
08d54b04-1a9b-4719-afe7-ce970ce92521,1,1.000,teknoloji,teknoloji,2.71,0,0,0
08e7fbef-f069-43c4-b05e-237f36ef8e7c,1,0.540,tarih,tarih,3.31,0,1,1
08ef2f18-f73f-4b91-87c6-bc11f214ae49,1,0.950,genel_kultur,edebiyat,2.58,0,0,0
0905f8b0-78f1-46cc-95f2-9a54e1f56ce9,1,1.000,bilim,bilim,1.02,0,0,0
08f777ac-7b24-400b-ab24-59bfdb0c9765,0,0.550,bilim,bilim,1.40,0,1,0
09095ccb-7813-4b86-aecd-031d2b2acb7b,1,1.000,sanat,sanat,2.51,0,0,0
090757e7-4e72-414c-bcc6-d3c4f05e0e55,1,0.990,genel_kultur,edebiyat,3.04,0,1,0
090b1e74-7f48-40b5-80f7-9d5f44f13b02,1,1.000,sanat,sanat,3.41,0,0,0
090cf652-d0a0-4b7c-bd15-74d07ae70942,1,1.000,sinema,sinema,2.39,0,0,0
0916c457-500b-46e7-b3ad-eadac4c6562a,1,0.920,spor,spor,2.25,1,0,0
091ae603-f917-45de-a3c7-dac444b2aa1d,1,1.000,spor,spor,2.47,0,0,0
09189638-244e-4f21-89d7-172501fa0cec,1,0.780,spor,spor,3.29,0,0,0
092bd8f2-d747-4bf2-92b2-463fdc5fcb03,1,1.000,edebiyat,genel_kultur,1.90,0,0,0
0931bfab-935c-47ef-bbec-eb2f3c355a04,1,1.000,sanat,muzik,1.67,0,0,0
0934aa73-77ee-442e-8543-0cdc8019c2a6,1,0.830,cografya,genel_kultur,2.54,0,0,0
093db2cd-e39d-493d-8a6d-a3ac50b8d627,1,1.000,cografya,cografya,2.63,1,0,0
0940b25f-70cc-4c5f-a8f9-fa9ca3eddd8a,1,1.000,spor,spor,3.17,0,0,0
0949c184-a576-4da1-b26c-0ff91546bf45,1,1.000,genel_kultur,muzik,2.92,0,0,0
094b692a-fab7-4654-9468-787044f6d1c6,1,1.000,cografya,cografya,2.00,0,0,0
094f5133-adee-4429-b53e-647f7af6c39d,1,1.000,tarih,tarih,1.61,0,0,0
0951944b-ac0c-4510-915f-3c80b4c060d8,1,1.000,sanat,sanat,1.61,0,0,0
095971fd-394e-475e-80f5-ccc59c89a4cf,1,1.000,genel_kultur,bilim,1.93,0,0,0
095351d1-0bf3-4a02-ba22-237ae5ab86e6,1,1.000,teknoloji,teknoloji,2.63,0,0,0
09663c5e-8eb4-4010-8a88-f42feb98011f,1,1.000,tarih,genel_kultur,2.14,0,0,0
09704904-8bd5-4355-a165-a63998664914,1,1.000,bilim,bilim,2.18,0,0,0
0970d182-226f-4b33-9843-536b3ed6bec4,1,1.000,muzik,muzik,3.09,0,0,0
09857860-4b8f-48c3-822d-a5ff70137df5,1,1.000,bilim,bilim,1.43,0,0,1
0985807c-e739-4288-8a44-63025cddebf6,1,1.000,sinema,sinema,1.04,0,0,0
098db263-30a9-4629-ad8b-8d83ba9f3a27,1,1.000,sanat,sanat,3.03,0,0,0
099e452f-f04d-4666-a788-f2a300841a88,0,0.210,edebiyat,genel_kultur,1.51,0,0,0
099f4e81-8911-4977-aae3-3ac6f65a932a,1,1.000,spor,spor,1.98,0,0,0
09a012d2-f4c8-40d5-b9b5-7d0063f437e2,1,1.000,tarih,tarih,2.69,0,0,0
09a5f5ef-5829-4e00-8bec-05f714fee90c,1,1.000,tarih,tarih,2.15,0,0,0
09a74539-b957-41cf-b8ab-58bdd749b0ec,1,1.000,cografya,cografya,2.10,0,0,0
09ab5bf3-445a-48f6-9907-6ace4d1b1f89,0,0.180,spor,spor,3.42,0,0,0
09bc7c66-3e42-4ace-94f2-02fce576d4b9,1,1.000,bilim,bilim,1.99,0,0,0
09c0c7e5-4a58-4a0d-b8c5-82a83f797fc1,1,1.000,spor,spor,2.31,0,0,0
09c224b5-7770-429b-9696-208de8d9caca,1,0.930,muzik,muzik,3.30,0,0,0
09c3af7d-5395-4734-a2fd-9d2d8dd54778,1,1.000,edebiyat,edebiyat,3.13,0,0,0
09d23257-0b82-4685-96a7-a6db8669ecea,1,0.670,spor,spor,2.72,0,0,0
09cf6554-f4ff-4f50-b1da-9154541064c8,1,1.000,edebiyat,edebiyat,3.12,0,0,0
09d5363c-84f3-4095-a031-f456d165bd13,1,0.820,cografya,cografya,3.28,0,0,0
09dd072b-f1d1-4eb2-a2ee-d36b457702a5,1,1.000,tarih,tarih,2.26,0,0,0
09ed7337-f875-4be6-a5a2-129b7d2bc4f7,1,1.000,genel_kultur,genel_kultur,2.19,0,0,0
09e0406b-ca8a-437b-a06c-f8d4cddc89f9,1,1.000,spor,spor,1.45,0,0,0
09df7b99-bc53-476e-b9b9-d0e46038b018,1,1.000,teknoloji,teknoloji,2.17,0,0,0
09f6db66-8788-4452-b05a-35428ee201eb,1,1.000,sinema,sinema,2.17,0,0,0
09f99c91-176b-4c3f-8d21-8728e07bd4d2,1,1.000,tarih,tarih,2.33,0,0,0
0a170cbb-7eac-4fb5-bc45-b18f8b44ebe5,1,0.960,spor,spor,3.22,0,0,0
0a14b52d-e24b-4517-a406-92ac25c9c81e,1,1.000,sanat,tarih,1.37,0,0,0
0a19740e-444a-4df2-aba1-53471c48b8eb,1,1.000,edebiyat,edebiyat,1.75,0,0,0
0a1b0e76-564b-411c-98f1-eaaf7d6223f5,1,1.000,cografya,cografya,2.15,0,0,0
0a2095c7-1186-41eb-b369-6ea650b71d8b,1,1.000,edebiyat,edebiyat,3.37,0,0,0
0a21f6f8-489a-43f1-8735-e174a7b7d597,1,1.000,sinema,sinema,2.00,0,0,0
0a2e3156-38ed-4104-869b-0220e805da34,1,1.000,muzik,edebiyat,2.51,0,0,0
0a312e65-c92a-422a-b54a-7647de7b2986,1,1.000,spor,spor,3.18,0,0,0
0a321da4-025d-4af7-884f-43eaa5c4bb6f,1,1.000,sinema,sinema,2.01,0,0,0
0a3999f7-ac70-4601-9c3c-45780979e4d0,1,1.000,sinema,sinema,1.43,0,0,0
0a3e428d-f383-43af-b3ee-6deaf3b63bb7,1,1.000,sinema,sinema,1.72,0,0,0
0a46d4aa-37a1-4752-af2f-1c95796ad80e,1,1.000,genel_kultur,genel_kultur,1.84,0,0,0
0a4fb0ef-d5f9-44a6-9bb9-4f46cb23948b,1,1.000,spor,spor,3.08,0,0,0
0a533414-1d49-44ba-878f-1bafe4b5aa69,1,1.000,genel_kultur,genel_kultur,1.68,0,0,0
0a564c73-53b8-45ca-a175-927b5af03608,1,0.800,sanat,sanat,3.93,0,0,0
0a5c0991-1402-435f-824b-636214074f29,1,1.000,muzik,muzik,2.04,0,0,0
0a5ca6e9-6c5f-4245-bc12-2f3491a64edf,0,0.760,cografya,cografya,2.04,0,1,0
0a6192f5-1e47-4fbd-a980-68ae68c4e58d,1,1.000,edebiyat,edebiyat,1.07,0,0,0
0a5e9518-8cfd-4d10-b03d-8bdc78646544,1,0.990,teknoloji,teknoloji,2.46,0,0,0
0a682de3-aab2-478c-b94b-47c30515d01a,0,0.510,sanat,sanat,3.97,0,0,0
0a6c7deb-c1d2-42fc-bcbd-11ee5e2955cd,1,1.000,cografya,cografya,2.26,0,0,0
0a714bd0-3b18-437a-9182-8cdeee15c820,1,1.000,sinema,sinema,2.12,0,0,0
0a695826-815d-42db-ae26-66936c2e1036,1,1.000,muzik,muzik,1.61,0,0,0
0a739a91-9ad4-438e-add6-c9f3b753eb4a,1,1.000,cografya,bilim,1.82,0,0,0
0a7b2531-73cc-4990-8dc6-350e4b5b2ea5,1,1.000,spor,spor,1.92,0,0,0
0a81a795-a795-4f1d-932f-ac734372bd7c,1,0.980,edebiyat,edebiyat,3.47,0,0,0
0a7b2a83-4df6-464b-b83b-7876d4f2406a,1,1.000,spor,spor,1.70,0,0,0
0a82d163-fcf7-4a30-911a-42f7e21767aa,1,0.960,sanat,sanat,2.88,0,0,0
0a82d4db-8451-4df2-92f1-77fe9488765d,1,1.000,bilim,bilim,1.26,0,0,0
0a86e9e4-8d55-4212-8531-000fce1c830a,1,0.980,cografya,cografya,2.58,0,0,0
0a8a0a42-a595-4ea6-9e15-36c76069cdab,1,0.990,spor,spor,2.44,0,0,0
0a88e0fc-208e-4af0-8386-d9c873bde529,1,1.000,tarih,tarih,2.05,0,0,0
0a931fef-023b-4c69-9cd6-9545e3d3017e,1,1.000,cografya,cografya,2.16,0,0,0
0a8fd605-ab5a-432b-8dc9-cf91141b3da3,1,1.000,sinema,sinema,1.91,0,0,0
0a969de3-f066-45ed-8a70-6acb5845fb9f,1,1.000,cografya,cografya,2.75,0,0,0
0aaa2c5e-df8e-468c-964a-8399653a1af1,1,1.000,bilim,bilim,2.30,0,0,0
0ab10bfa-47be-4ab6-8e41-b66fe9c411bd,1,1.000,spor,spor,1.28,0,0,0
0abd796e-333b-4087-b4e9-0ae61d176b3c,1,1.000,teknoloji,teknoloji,2.30,0,0,0
0abd07b9-5138-40e2-b475-9da47c198587,1,1.000,sinema,sinema,1.83,0,0,0
0ac6d008-1386-48e6-8282-0f5a35301168,1,1.000,genel_kultur,genel_kultur,2.16,0,0,0
0acb5be0-7160-48c5-9681-55226e60cbaa,1,0.980,tarih,tarih,3.20,0,0,0
0ac860f5-0a83-448d-aeea-c18f8746aa8d,1,0.990,muzik,bilim,1.87,0,0,0
0acb8edf-1cf8-44e6-96ca-cd3f6ed2f70f,1,0.930,spor,spor,2.08,0,0,0
0acbe348-f384-4e49-af92-c6afdb943997,1,0.890,edebiyat,edebiyat,3.36,0,0,0
0ace0337-6d46-4c98-b9bd-cf9c65a7b6f9,1,0.990,cografya,cografya,2.44,0,0,0
0ad9cf1c-7896-45b7-83f6-ee9072ce8c8c,1,0.270,edebiyat,edebiyat,3.53,0,0,0
0ad108f7-ab5e-4a84-80ad-c20890caf6e6,1,1.000,sanat,sanat,2.76,0,0,0
0ad8fcc2-760d-4b1f-b033-8620539da576,1,1.000,cografya,teknoloji,1.76,1,0,0
0adafda0-96e8-47a7-8571-ef33443fdcd1,1,1.000,teknoloji,teknoloji,2.44,0,0,0
0ae03ee4-e36a-4f88-8f60-e4734b44f39d,1,1.000,cografya,cografya,1.90,0,0,0
0ae4e607-26dd-49f2-bddc-2cf0512bc645,1,0.950,sanat,sanat,3.17,0,0,0
0adf570d-06a9-4e87-806a-e333cff71276,1,1.000,spor,spor,1.42,0,0,0
0aea41fb-8b9e-49c1-a207-6142d1e794b3,1,0.450,sinema,sinema,2.73,0,0,0
0b052a8e-eb20-439d-b40b-21a19744028c,1,1.000,cografya,bilim,1.68,0,0,0
0b1e5bc6-01fc-4083-bf59-0ec1db2f7d4a,1,1.000,sinema,sinema,3.87,0,0,0
0b19c7ee-fa7c-4950-8d81-f6ece880bd07,1,0.850,spor,spor,1.77,0,0,0
0b124766-a5e7-40a3-b39b-48f2c2618444,0,0.080,edebiyat,edebiyat,3.01,0,0,0
0b2160a3-60cc-44e5-84cc-6ef4f7bc5767,1,1.000,spor,spor,2.70,0,0,0
0b2dc6ef-5f81-4d28-ae87-6d9508db5365,1,1.000,cografya,cografya,1.32,0,0,0
0b50a9d1-c9cc-439f-8450-c355f2f812fb,1,1.000,bilim,bilim,1.77,0,0,0
0b53952f-3806-424e-9000-ebff00e49f13,1,0.930,cografya,cografya,2.85,0,0,0
0b328db7-ca1e-46b2-96a9-0926fc9289fc,1,1.000,teknoloji,teknoloji,4.02,0,0,0
0b454678-4d03-4975-b109-5ecc07710953,1,0.600,muzik,muzik,1.91,0,0,0
0b58ffc7-a5fc-471b-a5fe-5404066e6794,1,1.000,bilim,bilim,2.12,0,0,1
0b599805-619b-405d-b076-9416c883c636,1,1.000,muzik,muzik,3.08,0,0,0
0b5b73f2-de44-4825-a38e-1a36614cef5f,1,1.000,tarih,tarih,2.43,0,0,0
0b609182-a998-488e-8c01-a4d5ff1bd177,1,1.000,teknoloji,teknoloji,1.51,0,0,0
0b6c418c-be9f-4a4e-b687-ade08d39ffae,1,0.570,spor,spor,3.17,0,0,0
0b633087-bb45-46a3-81ec-452c6bf1113b,1,1.000,genel_kultur,genel_kultur,1.57,0,0,0
0b719425-751c-4ae9-ad35-4f19878144ef,1,1.000,tarih,tarih,1.99,0,0,0
0b74953e-82ef-43cb-b1f9-2252a3667355,1,1.000,cografya,cografya,2.38,1,0,0
0b8439cd-a6b6-43f3-a320-5574cbddc042,1,1.000,tarih,tarih,2.21,0,0,0
0b84ba3a-9137-4e4d-ae29-07123e13e8c3,1,1.000,sanat,sanat,3.49,0,0,0
0b8579b4-566d-4d73-abdf-14acf03ff0e7,1,1.000,bilim,bilim,1.76,0,0,0
0b8ad59b-83b0-4f5f-9f43-e022ae955657,1,1.000,bilim,bilim,2.47,0,0,0
0b91d928-b6d0-4acd-9ecb-1f9cb04fce43,1,1.000,tarih,tarih,2.01,0,0,1
0bb80998-0e4a-4fc1-8dd9-8ff2fc3650cd,1,1.000,muzik,muzik,1.63,0,0,0
0ba7719f-d597-4670-9b0d-37301df4fb37,1,1.000,genel_kultur,cografya,1.96,0,0,0
0bba81cb-2e30-4dd2-ba20-a76fa847ffc9,1,1.000,genel_kultur,edebiyat,2.28,0,0,0
0bc25557-af6b-426b-a099-86d4c0dc7377,1,1.000,sanat,sanat,2.35,0,0,0
0bc5830f-5dcb-439a-93d8-85db6f96cb51,1,1.000,teknoloji,teknoloji,1.74,0,0,0
0bcc81ec-69db-4537-b61e-e8a40f3236e2,1,1.000,sinema,sinema,1.98,0,0,0
0bcc934b-a087-4c72-be03-fc6ef30617a1,1,1.000,cografya,cografya,2.14,0,0,0
0bda8a4a-8304-46ac-a27a-124fe6cdfd7f,1,1.000,cografya,cografya,2.67,0,0,0
0bdaf2ab-ea3d-4599-bdef-4c80ff82f67c,1,0.450,cografya,cografya,3.54,0,0,0
0be72282-d86a-4dd4-9020-6636a4a24b22,1,1.000,genel_kultur,genel_kultur,2.32,0,0,0
0beee80b-0ac6-4865-bedf-da89c38bf755,1,1.000,tarih,tarih,2.87,0,0,0
0bfac540-2539-4262-b7fa-cba8b59ba42e,1,0.410,spor,spor,3.15,0,0,0
0bf7a0ba-e9ef-4405-8d4c-dfae3bcbf4f6,1,1.000,bilim,bilim,2.08,0,0,0
0bf59db5-421b-4821-b59c-777061c19453,1,0.990,tarih,tarih,1.97,0,0,0
0c03ac41-e980-4231-9557-0e1b2e8aeb96,1,1.000,tarih,tarih,1.71,0,0,0
0c0476e7-f0a6-48cc-bc11-a8d9228e1ebf,1,1.000,tarih,tarih,1.93,0,1,0
0c0a07a7-5cbd-46fa-bcc0-809edeb36a66,1,1.000,genel_kultur,genel_kultur,2.01,1,0,0
0c183219-cd93-4569-ae73-e496855c9b7b,1,1.000,edebiyat,edebiyat,2.53,0,0,0
0c19da9a-00dc-4865-9e65-c0cabfe867d9,1,1.000,sanat,sanat,1.98,0,0,0
0c1e5459-9a8a-451c-bc14-b8731fbcb63c,1,1.000,cografya,cografya,1.46,0,0,0
0c1f112a-21f0-458a-9145-d5e8301f1ba3,1,1.000,spor,spor,1.55,0,0,0
0c2694ad-9934-4c7e-b2f7-6a516caa9afd,1,0.460,edebiyat,edebiyat,2.45,0,0,0
0c11330b-fee2-4639-a403-6289a1f51dbb,1,1.000,bilim,bilim,2.02,0,0,0
0c26afe8-71a2-46e0-b805-e235c85d442e,1,1.000,tarih,cografya,2.09,0,0,0
0c14cd82-7cb1-430c-8364-00541a6c192c,1,1.000,genel_kultur,bilim,1.92,0,0,0
0c27b17b-94c5-49d6-af24-00fe33b1c004,1,1.000,genel_kultur,cografya,1.10,0,0,0
0c2e79af-0f96-44cf-9695-95fff3aff949,0,0.440,cografya,cografya,3.32,0,0,0
0c2b6ecf-b489-4af0-8e26-3f6383fd996c,1,1.000,genel_kultur,cografya,2.86,0,0,0
0c360825-7f89-4537-94a1-2eb7e91851c4,1,1.000,edebiyat,edebiyat,2.59,0,0,0
0c32bc94-552d-4bfe-b8c7-b53edbeb9e1c,1,1.000,tarih,tarih,2.01,0,0,0
0c39ecb2-3265-4e0a-b476-a5be2439acf9,1,1.000,sinema,sinema,3.05,0,0,0
0c3a04b1-7bfd-4dfb-bb23-c57fd5711514,1,1.000,muzik,muzik,2.46,0,0,0
0c43f90e-3bf7-493a-88ed-cd5172692c94,1,1.000,cografya,cografya,3.03,0,0,0
0c4099c4-db9a-402d-8394-99d6e9ce61c6,1,1.000,sinema,sinema,2.02,0,0,0
0c437230-5bfb-45a4-9f5b-7ebeaea5cde0,1,1.000,edebiyat,edebiyat,1.76,0,0,0
0c5691c5-2615-48b6-bbe0-764b5f4b24cc,1,1.000,muzik,muzik,3.78,0,0,0
0c65cbdc-5362-4c38-91ef-f88bb4826ef8,1,1.000,cografya,cografya,1.96,0,0,0
0c846063-9155-4e80-bd04-a1337e9cad7c,1,1.000,cografya,cografya,2.15,0,0,0
0c677b50-56c4-42b8-9fb5-8ecc2de6fbe1,1,1.000,teknoloji,teknoloji,3.90,0,0,0
0c7a1a8c-20fd-43e5-be52-8c018abab63e,1,1.000,tarih,tarih,2.10,0,0,0
0ca44126-b77f-443b-934b-3516c56c6d22,1,0.960,cografya,cografya,3.21,1,0,0
0cb0c460-5b26-4203-b3b1-b6269af18345,1,1.000,tarih,tarih,3.65,0,0,0
0cb1923c-db3d-43fe-b546-333e90b7e5fc,1,0.820,sanat,sanat,2.88,0,0,0
0cb94a7b-f96c-4d24-b8a3-268a687ff2a4,1,0.950,muzik,muzik,3.23,0,0,0
0cbad517-4e78-4619-a41c-002501541d06,1,1.000,cografya,cografya,2.14,0,0,0
0cce7f35-a95b-4bd7-9b7f-f9f740bfcc1f,1,1.000,cografya,bilim,2.39,0,0,0
0cd4f110-d06a-4a01-81f9-2093d39fb999,1,1.000,sinema,sinema,2.68,0,0,0
0cd40b2f-1376-4152-8aaa-262ccbce5bae,1,1.000,tarih,tarih,2.06,0,0,0
0cd8c2f1-ed16-4781-94b7-b34e0a3e6680,0,0.210,cografya,cografya,3.38,1,0,0
0ce019cd-c62d-43bf-8570-79e71b4efa77,1,1.000,teknoloji,teknoloji,3.68,0,0,0
0ce9ca8b-648f-4c7d-867a-fc28540c71e8,1,1.000,edebiyat,edebiyat,3.28,0,0,0
0ceaa592-d3b2-44d0-ada1-b8442339f690,1,1.000,cografya,cografya,1.75,0,0,0
0cf12dff-190b-44b7-a782-35f25cc19438,1,1.000,teknoloji,teknoloji,3.55,0,0,0
0cf44929-84ce-43f9-9808-e9837af04509,1,1.000,tarih,tarih,1.05,0,0,0
0cfc3c3c-61a9-43af-bc00-b0cccff0166f,1,1.000,sinema,sinema,1.70,0,0,0
0cf75ca0-0761-4429-889f-7ebf5c8526d9,1,1.000,genel_kultur,genel_kultur,1.69,0,0,0
0d063aec-dbc9-4e74-98be-d2dd69ccc05c,1,1.000,bilim,bilim,1.87,0,0,0
0d0bb7ca-494a-49a7-8337-edee0c14959f,1,1.000,sinema,sinema,3.05,0,0,0
0d0a2f37-3860-4902-9903-818987ebd3e1,1,1.000,muzik,muzik,2.06,0,0,0
0d0ca815-8cd3-47e9-94ea-a4543de1a1b3,1,1.000,genel_kultur,bilim,1.02,0,0,0
0d0e3fe9-b5f2-403d-9e9b-2914fce417ab,1,1.000,sanat,sanat,1.93,0,0,0
0d0e859d-2f1e-43ef-a7aa-efd9dbb153c3,1,1.000,sinema,edebiyat,2.21,0,0,0
0d12afdc-53c0-441b-b2b1-990d792af129,1,0.940,cografya,cografya,3.03,0,0,0
0d1b9731-3597-48de-8848-5961576be3fc,1,1.000,bilim,bilim,1.34,0,0,0
0d203945-a25f-4ac6-9deb-2ed246109cbe,1,1.000,teknoloji,teknoloji,2.26,0,0,0
0d30ca7f-dff1-4049-9756-d3b3ce40b99a,1,1.000,sinema,bilim,2.62,0,0,0
0d592671-5f9a-44f8-9f24-ae19c4b0e07b,1,1.000,muzik,muzik,2.44,0,0,0
0d4cf7dc-b87f-48ee-b82a-e1ab7e8a9d03,1,0.940,tarih,tarih,2.93,0,0,0
0d3ca9d6-60d0-4a56-aeea-bf11bd2bfa9f,1,1.000,sinema,sinema,3.50,0,0,0
0d596711-117c-4741-8021-7803aa0379a0,1,1.000,edebiyat,edebiyat,1.54,0,0,0
0d5e4f83-444d-4e70-a03b-6b9db87dbbca,1,1.000,teknoloji,teknoloji,3.88,0,0,0
0d5fa6e2-9862-41b2-ac0e-c079a7f6d908,1,1.000,sanat,sanat,2.48,0,0,0
0d7c3c67-3807-4b9a-a13b-bdb90bf51746,1,1.000,teknoloji,teknoloji,4.04,0,0,0
0d702b46-9951-4821-ac82-999a765ed59e,1,0.990,sinema,sinema,3.24,0,0,0
0d7e57a9-21dc-4868-a529-41e4b5260088,1,1.000,tarih,sanat,2.74,0,0,0
0d8c9938-b40c-4379-8177-902f90c15ac6,1,1.000,teknoloji,teknoloji,3.97,0,0,0
0d92dcb5-c08f-41c9-b61e-8d329f55c464,1,0.930,muzik,muzik,3.94,0,0,0
0d977fa1-211a-4dc5-9385-76b58ddd56f3,1,1.000,sinema,sinema,2.89,0,0,0
0d9c21d4-5737-44f4-9f1f-54a9371fbc6d,1,1.000,muzik,muzik,1.90,0,0,0
0d9cda0e-904d-4858-aaef-4e4224b415b2,1,1.000,tarih,tarih,2.48,0,0,0
0da420da-e80e-46aa-8d1a-a9b921594400,1,0.970,spor,spor,1.85,0,0,0
0dab4226-d8fc-4714-9998-c19bb399ca83,1,1.000,muzik,muzik,2.24,0,0,0
0db76a59-df58-457c-8d5e-be2dd86e35ab,1,1.000,genel_kultur,bilim,1.48,0,0,0
0db3f070-2981-432d-a96d-17b6e644b161,1,1.000,spor,spor,2.10,0,0,0
0dbaf040-bfa1-4aea-8239-966951c7452d,1,1.000,cografya,cografya,1.86,0,0,0
0dbd1339-99a2-4635-882a-506f3b161e14,1,1.000,bilim,bilim,2.29,0,0,0
0dc9ea5d-8891-4faf-963f-b21b96c87940,1,0.870,edebiyat,edebiyat,3.24,0,0,0
0df8a5af-9375-4540-a97c-46f2899b611f,1,1.000,genel_kultur,genel_kultur,2.12,0,0,0
0dd1b301-a679-4f87-a43a-64681daf9fae,1,0.840,teknoloji,teknoloji,4.01,0,0,0
0dfbb0bf-f41c-433f-ab7a-c83bee6b4668,1,0.980,edebiyat,edebiyat,2.54,0,0,0
0df9f2ed-f3b1-4b8e-ab15-fa64e58c53d7,1,1.000,edebiyat,edebiyat,2.15,0,0,0
0dfdbf51-a073-453a-97df-b3032c5fcf6a,1,0.900,spor,spor,2.17,0,0,0
0e128e4a-3437-4460-a424-cba2afcf992e,1,0.740,genel_kultur,edebiyat,3.09,0,0,0
0e07de15-7e94-4012-a992-36c819478bf3,1,1.000,muzik,muzik,2.63,0,0,0
0e1b2a93-0c6e-461d-9fbf-27887721b0b1,1,1.000,muzik,muzik,2.19,0,0,0
0e129fdf-a99c-46e1-8f96-58e8c43775dd,1,1.000,cografya,tarih,2.93,0,0,0
0e1c965a-cd02-4666-9962-f4406c95e7cb,1,1.000,sanat,sanat,2.66,0,0,0
0e23f2f4-61ef-4ef8-8e66-caec7cc8b72f,1,0.990,edebiyat,edebiyat,3.47,0,0,0
0e26dcc0-e88c-4543-8f50-7673dd3358cb,1,1.000,cografya,cografya,2.20,0,0,0
0e3ce6e4-4f21-4db0-a628-2b2f40e4dc98,1,1.000,muzik,muzik,1.95,0,0,0
0e3a4ff5-c215-48ad-9a6a-3d7b194d82ff,1,1.000,sinema,sinema,3.56,0,0,0
0e32799e-b932-4805-bdcd-25bfe0e0d3a5,1,1.000,tarih,tarih,2.14,0,0,0
0e42cee1-b376-4787-9153-caa0c21652c1,1,1.000,sinema,sinema,3.25,0,0,0
0e4921a6-19da-4c9d-aa75-fd73c2efb284,1,1.000,cografya,bilim,2.53,0,0,0
0e50855f-f68d-49bb-9638-75cd5f5dc482,1,0.910,tarih,tarih,2.36,0,0,0
0e5d005d-1ee2-4d82-b872-3239bc203bee,1,1.000,genel_kultur,bilim,1.93,0,0,0
0e497c85-1a87-4892-9bc3-fdbc57693c66,1,1.000,muzik,muzik,3.25,0,0,0
0e646036-36a9-4576-97c3-d431fe777160,1,1.000,genel_kultur,bilim,2.39,0,0,0
0e5b86e7-5dce-4116-84dc-33c07d4f9455,1,1.000,tarih,tarih,2.00,0,0,0
0e6c4f58-b2b9-4732-8fca-dfd44ea94174,1,1.000,bilim,bilim,1.81,0,0,0
0e65ffa0-bcca-4833-9af5-ea6167d9ce44,1,1.000,sinema,sinema,2.00,0,0,0
0e68006a-3b9d-4614-afeb-dd5f69451a2a,1,1.000,bilim,bilim,2.07,0,0,0
0e726f2c-8359-4a5b-8321-e2be20eb286d,1,1.000,edebiyat,edebiyat,3.28,0,0,0
0e6d86a9-cac7-4db6-9c99-b9fa17f99b43,1,1.000,sanat,tarih,3.26,0,0,0
0e7c6308-5754-4335-923b-24e19ae46951,1,0.990,muzik,muzik,2.91,0,0,0
0e7718e1-a108-41f3-8720-37538a6fb030,1,1.000,sanat,sanat,2.20,0,0,0
0e841e92-2d2b-4d82-bfcd-71784703e1f5,1,1.000,sinema,sinema,2.60,0,0,0
0e7f1cf3-3555-4ce9-9338-f0683e8e26e9,1,1.000,tarih,tarih,2.75,0,0,0
0e7878cd-bab1-4160-9ecf-700b25b59c93,1,1.000,teknoloji,teknoloji,3.49,0,0,0
0e8d0139-e4af-46ef-b87d-c68917fd010f,1,0.910,tarih,tarih,2.33,0,0,0
0e8e7e43-8cdd-4510-8234-0e7b96f189b8,1,1.000,genel_kultur,genel_kultur,1.25,0,0,0
0e90e81c-5abd-4a51-85b8-3b08f903e7dc,1,1.000,tarih,tarih,2.52,0,0,0
0e950c34-3c94-4ab2-88df-d3e80bf2026b,1,1.000,tarih,tarih,2.35,0,0,0
0e98e389-25f5-463a-bf07-8182a0dfe345,1,1.000,cografya,cografya,2.38,0,0,0
0ec8b9c1-bd7b-4834-ba89-908c0f3f743e,1,1.000,cografya,bilim,1.97,0,0,0
0eb7099a-f9e3-4a14-a7fb-98a0c3e279a5,1,1.000,bilim,bilim,1.95,0,0,0
0ed9e5ee-24aa-4cb5-8b31-5ec407f37a60,1,0.970,spor,spor,2.36,0,0,0
0eda7767-bd6c-4e34-8bd2-ab37f75807f0,1,1.000,sinema,sinema,1.97,0,0,0
0edc91b0-1323-491f-a52d-e379965a3534,1,1.000,edebiyat,edebiyat,3.02,0,0,0
0ede6933-210b-49e4-b34b-076a96d2aa60,1,0.590,cografya,bilim,3.89,0,0,0
0eec5397-1007-4650-b0c3-015ee18faee4,1,1.000,sanat,sanat,2.65,0,0,0
0eefd2fa-a78f-48c5-8ebf-9131579565ec,1,1.000,teknoloji,teknoloji,1.96,0,0,0
0ef9eece-c0e4-4c81-a4e3-29046c45d953,1,1.000,cografya,cografya,1.53,0,0,0
0f013327-3cd2-490b-a42d-c9ddc8cd1dfa,1,1.000,cografya,bilim,2.08,0,0,0
0f117374-dd67-4bdd-a131-8c2ff4ac34d2,1,0.940,cografya,cografya,2.00,0,0,0
0f15d075-82e9-4b2b-9fff-790299edd9f6,1,1.000,cografya,cografya,2.60,0,0,0
0f1741f6-b4ad-4eb5-b39f-33f7467ce034,1,1.000,tarih,tarih,2.58,0,0,0
0f1949f2-d5fe-43d1-b980-3e785fda5c8c,1,1.000,edebiyat,edebiyat,3.01,0,0,0
0f26f712-3b16-4b56-920b-da00da4917e1,1,1.000,spor,spor,1.77,0,0,0
0f2eb264-7391-43ed-a1e4-98139acd9dfe,1,0.990,tarih,tarih,2.31,0,0,0
0f355c86-b1e3-443f-8c78-22530fed8057,1,0.920,genel_kultur,bilim,2.05,0,0,0
0f3ae255-9138-4b55-b0d4-43ddd6355194,1,0.980,bilim,genel_kultur,2.82,0,0,0
0f3729aa-9b3c-4c6c-9487-3b12346242b5,1,1.000,sanat,sanat,1.88,0,0,0
0f4a26ad-67b4-4d43-a6e2-553e11108651,1,0.990,tarih,tarih,2.95,0,0,0
0f57c6dd-25c8-4f62-b843-12f93d011f26,1,1.000,cografya,genel_kultur,2.14,0,0,0
0f5fd5ca-9f2d-4cc7-8aa5-a5701781eae9,1,1.000,spor,spor,2.32,0,0,0
0f5fec72-b15b-4490-bc49-9e5adf691853,1,1.000,spor,spor,1.03,0,0,0
0f5b381c-7ed4-4be5-954c-9587458b385d,1,1.000,bilim,bilim,2.41,0,0,0
0f63740c-6f5a-400a-8cac-655e4ecc36d0,1,1.000,sanat,teknoloji,2.62,0,0,0
0f67c1fd-f0fd-42bf-97de-b70c0a316b4c,1,1.000,sanat,sanat,2.35,0,0,0
0f64d491-7725-4e63-b7f4-0d1319651811,1,1.000,bilim,bilim,1.55,0,0,0
0f681f38-7511-4f6d-abf5-2e1dc60f769f,1,1.000,teknoloji,teknoloji,3.67,0,0,0
0f6d0fb0-0eb7-4d1e-9954-ffa1d94ebfd3,1,1.000,genel_kultur,tarih,1.83,0,0,0
0f71eceb-bdbf-432a-b7fc-c596ec202966,1,1.000,muzik,muzik,2.47,0,0,0
0f78c3e3-2c6c-497e-a20e-367d7107b037,1,0.970,sanat,sanat,2.42,0,0,0
0f86ec5a-7d23-4acf-a42f-6319e931f6c0,1,1.000,teknoloji,teknoloji,2.87,0,0,0
0f7f97f3-2730-4915-8378-96fe75df76a8,1,1.000,tarih,tarih,3.75,0,0,0
0f8798cc-91cf-4019-9eb8-b1c3b93e49ab,1,1.000,cografya,bilim,2.62,0,0,0
0f8b5222-cb80-4be0-9720-233967e1b4a2,1,1.000,muzik,muzik,1.50,0,0,0
0fa20dcf-2c94-4757-b084-6563eb735399,1,1.000,genel_kultur,genel_kultur,1.95,0,0,0
0fa55237-2e6c-4874-a410-765da11e2925,1,1.000,tarih,tarih,2.48,0,0,1
0f972905-6b4e-4d9f-b6e8-026c0ca9bb7e,1,1.000,bilim,bilim,2.15,0,0,0
0f95abdc-acf2-428c-9f23-bdd1c211e6da,1,1.000,cografya,genel_kultur,2.38,0,0,0
0fa90002-6cbe-4302-89e3-d3e3f4b4905f,1,0.990,bilim,bilim,2.16,0,0,0
0fad0f36-a8ef-45f3-af8d-fb39c42185d4,1,1.000,tarih,tarih,2.01,0,0,0
0fb28612-3e49-4163-b10e-0fdd49cb1b7d,1,0.860,cografya,genel_kultur,2.78,0,0,0
0fb95d99-6e02-4a40-9ad4-85770acc8612,1,1.000,cografya,cografya,1.59,0,0,0
0fb95653-aff2-4cf5-b7f0-9e5999cb9a96,1,0.990,cografya,cografya,2.09,0,0,0
0fc7767a-3b1c-4ddf-ab12-ac5d338fc2e3,1,1.000,sinema,sinema,2.79,0,0,0
0fc8687e-3210-408c-b67a-d8b682cca1df,1,1.000,tarih,tarih,3.46,0,0,0
0fd17bef-0b5f-4468-9b9b-17303941ad2f,1,1.000,spor,bilim,2.52,0,0,0
0fe92775-9b5d-4796-a169-f891b7dfb80d,1,0.980,cografya,cografya,2.67,0,0,0
0fd2547c-6998-46d4-a4aa-6422f4b28d9a,1,1.000,bilim,bilim,2.16,0,0,0
0fea14a7-42e1-453d-ac41-a865ad3acade,1,1.000,tarih,tarih,2.50,0,0,1
0feb23e8-7c8b-4256-a3fa-ed6c151c59d0,1,1.000,sanat,sanat,3.77,0,0,0
0fef7aab-1a32-4187-b998-2534e8704b12,1,1.000,cografya,cografya,3.36,0,0,0
0ff18565-fd03-4601-8927-cbe0193bc354,1,0.970,edebiyat,edebiyat,2.80,0,0,0
0ff48a5e-68ae-452e-93c7-443812fe6569,1,0.440,muzik,muzik,2.86,0,0,0
0ff63ad3-10ae-435a-a5d1-26b870ed7d4d,1,1.000,cografya,cografya,1.90,0,0,0
0ffd4b6a-ab2f-48d9-a29f-598bd919fce0,1,1.000,sanat,muzik,2.12,0,0,0
0ffd8ab0-5278-4b1d-996d-be4a5b86e02e,0,0.410,sinema,sinema,3.12,0,0,0
10009575-b0f8-48a6-b4b1-6fa68ea2421f,1,1.000,edebiyat,edebiyat,2.78,0,0,0
0fff4ae5-97d8-4569-a131-5b30e5a246ae,1,0.980,cografya,cografya,2.48,1,0,0
1003045f-5ca7-4212-b86d-80743adffba2,1,0.980,genel_kultur,genel_kultur,1.86,0,0,0
1000ab93-b4dc-487d-8c1b-70cc2aa11345,1,1.000,bilim,bilim,1.23,0,0,0
1003f798-ab95-4de5-870a-c4243e369652,1,1.000,muzik,muzik,1.97,0,0,0
1019cd99-54fb-460c-a9a8-498cbf28907b,1,1.000,sinema,sinema,1.43,0,0,0
101dcf9d-d583-41e2-af45-694dadb88d54,1,1.000,bilim,bilim,2.23,0,0,0
101f1685-aed4-4b7b-89c1-94e5d75177fe,1,0.970,edebiyat,edebiyat,2.42,0,0,0
1021258e-3201-418f-a544-4f113f179df1,1,0.890,edebiyat,edebiyat,2.16,0,0,0
103168d6-d534-45fa-8ede-5e608bfc93a5,0,0.370,tarih,tarih,2.20,0,0,0
1031c60c-fd57-4b7a-819d-9f7bb1b22a39,1,0.990,edebiyat,edebiyat,2.83,0,0,0
103a09df-8715-4494-bc68-4e4414fc9344,1,1.000,spor,spor,2.01,0,0,0
103c36fd-596d-45e7-a011-7b190ae7f06e,1,0.950,spor,spor,2.42,0,0,0
1044fa1f-5bb0-4ba2-bafb-81bd3f727bb5,1,1.000,sanat,sanat,1.94,0,0,0
104b3f8f-2160-4307-b22f-b373289b2467,1,1.000,sanat,sanat,2.72,0,0,0
1054e5f2-9a6b-41a2-945a-08b34bd57e25,1,1.000,sanat,sanat,1.70,0,0,0
1073f86d-1d16-4317-a0b7-d2fecf3c2cd0,1,1.000,muzik,muzik,1.97,0,0,0
105c57ed-8efe-448e-a79c-6682215b4dd3,1,1.000,teknoloji,teknoloji,3.31,0,0,0
1055f3c3-723e-4e57-8546-1e4695f60cf1,1,1.000,sinema,sinema,3.83,0,0,0
107aaf97-d744-4cf0-a9ca-049caa58fbd5,1,1.000,tarih,cografya,1.66,0,0,0
1079a822-a8ac-4016-bc24-6bd969711aad,1,1.000,sinema,sinema,3.14,0,0,0
10866dfd-cd9c-4d15-abc9-056f5593b4c2,1,1.000,sanat,sanat,1.60,0,0,0
10837661-e3f9-4ffa-a949-d8fc8714956e,1,1.000,spor,spor,2.43,0,0,0
1089ff9f-c8aa-4033-a738-59f34178acb8,1,1.000,bilim,bilim,1.88,0,0,0
109b46a3-b911-4241-b377-94a02de9ca1c,1,0.750,edebiyat,edebiyat,1.65,0,0,0
1093a28a-54c5-431c-97a6-831b9e04d91a,1,1.000,bilim,bilim,2.35,0,0,0
10afef3f-85c8-4cb7-b367-aba4e2ced652,1,0.960,cografya,cografya,2.31,0,0,0
109e6e50-7094-442a-bb0f-f4a6ed1960c8,1,1.000,teknoloji,teknoloji,1.62,0,0,0
10b926b6-1ede-4d47-8ffb-7c4254499a03,1,1.000,genel_kultur,bilim,2.23,0,0,0
10ba08ef-5b43-476c-a970-bbdfc850e0fb,1,0.970,edebiyat,edebiyat,1.50,0,0,0
10bdb9b2-e6a0-483b-9afe-a68823f2c615,1,1.000,cografya,cografya,2.89,1,0,0
10c41594-a90e-4dff-ace0-b3fb022f59fd,1,1.000,edebiyat,edebiyat,2.29,0,0,0
10d0b8a6-d1ce-4100-aee8-cf2255b9b364,1,1.000,teknoloji,teknoloji,3.17,0,0,0
10c8ee06-6647-4b5a-8373-fb3df8ec2eec,1,1.000,bilim,bilim,1.89,0,0,0
10d11b5f-2324-4a7b-ae77-94abeea786e3,1,1.000,cografya,bilim,2.01,0,0,0
10d1276c-b021-4600-9c10-812ef19077e6,1,1.000,muzik,muzik,1.61,0,0,0
10d2214d-0a36-407c-8da7-1722910559db,1,1.000,cografya,cografya,2.34,0,0,0
10e9eeff-3fb4-4da4-aa14-1de66aeb3b87,1,1.000,sanat,sanat,1.93,0,0,0
10e8c56a-f99a-4827-a32b-32a25033463a,0,0.950,cografya,cografya,2.20,0,1,0
110266b0-d954-43d9-a153-27efeaec4bab,1,1.000,edebiyat,edebiyat,1.62,0,0,0
10f441c0-ab5e-47a4-a823-0dc1807b8589,1,1.000,teknoloji,teknoloji,2.17,0,0,0
110f9a17-98fc-4bc3-876b-91fd0d9dfca9,1,0.960,cografya,cografya,2.72,0,0,0
111179f7-8d5a-49b5-8686-96550026a80e,1,1.000,tarih,tarih,2.20,0,0,0
11148ffc-06c3-47b5-8149-2406901e9836,1,1.000,genel_kultur,genel_kultur,2.07,0,0,0
1131a7d3-70c4-452e-baa3-6072844b23cd,1,1.000,tarih,tarih,2.44,0,0,0
11230bab-7ac8-415c-be87-b349e3670e27,1,1.000,spor,spor,2.05,0,0,0
11516d83-5d73-4985-b5fd-62f3a0300b35,1,1.000,cografya,cografya,2.66,0,0,0
114ced14-abf2-4e33-af5c-6331408da9d5,1,1.000,tarih,genel_kultur,2.95,0,0,0
113cdb5f-a819-4ce1-a27a-4251771b8956,1,1.000,bilim,bilim,1.93,0,0,0
11535533-43f8-4b86-bc23-d68d6fa9ce7b,1,1.000,cografya,cografya,2.45,0,0,0
11561368-ab55-4025-b54e-1a89dc48c4df,1,0.760,tarih,genel_kultur,2.78,0,0,0
116b9bbd-9ae1-4480-85bd-20318d41290b,1,1.000,muzik,muzik,1.81,0,0,0
1162735e-f2f4-49b5-89cd-efce6ba630d9,1,1.000,edebiyat,edebiyat,2.95,0,0,0
11672637-de3f-4df3-9077-ea9558d423db,1,0.380,sinema,sanat,3.28,0,0,0
117468a6-1b37-419b-9546-876b72dcd274,1,1.000,sanat,sanat,2.37,0,0,0
1177de80-9bb6-4f16-b631-ebbba8aa7b31,1,1.000,teknoloji,teknoloji,2.79,0,0,0
1182d037-f5a4-4e99-9df2-b2a582441095,1,0.990,cografya,tarih,3.56,0,0,0
1182fa0f-363d-44fd-8742-1139fe09cd62,1,1.000,tarih,tarih,2.46,0,0,0
118b32c1-77a6-4c91-abb9-25589f37160d,1,0.990,edebiyat,edebiyat,3.26,0,0,0
118c53b8-475a-48af-814e-503b1f5d9dc5,1,1.000,cografya,cografya,2.49,0,0,0
118d0c14-6c60-4b9c-97cd-cb30a7ecdad3,1,0.990,bilim,bilim,2.36,0,0,0
118de0e5-5362-4206-9da2-4ad1242970ed,1,1.000,muzik,muzik,2.10,0,0,0
11a694cd-43eb-4dd2-a16e-1a26dffd626e,1,1.000,teknoloji,teknoloji,3.84,0,0,0
11a7ad99-43d4-43b6-bcb9-0b4bdfe4e457,1,0.990,sanat,sanat,3.61,0,0,0
119fa27a-27d4-450e-a560-b8b55471feff,0,0.640,cografya,cografya,2.65,0,1,0
11a89586-03c8-4e58-ac54-92cedeaf93f6,1,0.980,edebiyat,edebiyat,3.02,0,0,0
11ac2c04-3808-4d88-9160-2b0c4290e9e2,1,1.000,sinema,sinema,2.97,0,0,0
11a8ec75-97cc-4984-9476-898f86c7684d,1,1.000,muzik,muzik,2.90,0,0,0
11b14a91-74fa-4bb8-aca5-ca66674a5b38,1,0.990,spor,spor,1.29,0,0,0
11b02929-2394-45f8-929b-cfec4ac548ce,1,0.980,genel_kultur,cografya,2.45,0,0,0
11c52d1a-e94c-4237-a343-a47a6611992d,1,1.000,sinema,sinema,2.81,0,0,0
11c66ec9-3dce-465c-bfe0-efb318425b42,1,1.000,sinema,sinema,2.54,0,0,0
11d7ebe3-ebf3-466a-932e-c426695c15aa,1,0.920,sinema,sinema,3.41,0,0,0
11d3a905-6251-444b-bc21-cac9cf046e1a,1,0.850,teknoloji,teknoloji,4.02,0,0,0
11cba77e-69a9-4fc4-8c65-cf6fa82f1934,1,1.000,spor,spor,2.55,0,0,0
11dc8bd6-af5e-44be-8b1b-74af64c95bae,1,1.000,cografya,bilim,2.63,0,0,0
11e1bcf3-7eb5-47d8-b6ae-1187a9e68f6f,1,1.000,sanat,sanat,2.72,0,0,0
11e7644c-5e6f-490f-bff4-ced62b56ec69,1,1.000,muzik,muzik,1.83,0,0,0
11f418ff-5083-4353-8815-401b9853e68b,1,1.000,teknoloji,teknoloji,3.52,0,0,0
12010bc2-2994-40c9-96e1-1d8663608554,1,1.000,tarih,tarih,2.35,0,0,0
11fe01d4-60e4-4340-b8cd-3b1215e7eda2,1,0.980,tarih,tarih,2.24,0,0,0
121a4f0a-b485-4648-a4d3-bb697fc402a2,1,1.000,bilim,bilim,1.96,0,0,0
1222795e-76b1-4fc8-9466-7055d5ace7c4,1,1.000,sanat,sanat,1.51,0,0,0
123585c5-3707-48b6-8969-a0a275015de0,1,1.000,cografya,cografya,1.85,0,0,0
122198af-342a-4e87-9bd5-43727cae937f,1,0.730,spor,spor,2.55,0,0,0
12265021-2d12-4d48-adb6-19dce15fc688,1,0.980,tarih,tarih,2.18,0,0,1
12400c53-ccf4-4da1-8078-267390b37e45,1,1.000,sinema,sinema,1.93,0,0,0
124244da-ed3e-4077-b55a-f44b32a299f6,1,0.990,sinema,sinema,3.49,0,0,0
1242768e-70c1-4bee-b6dd-a45310a3d2fe,1,1.000,sinema,sinema,3.85,0,0,0
1242e670-224f-4e76-a58f-568dd631d48c,1,1.000,edebiyat,edebiyat,1.62,0,0,0
124493af-307f-4389-a7ea-04bd59c258fd,1,1.000,cografya,cografya,3.36,0,0,1
124f0cee-0047-4a7a-a0fe-c4642452bdf1,1,1.000,cografya,cografya,2.17,0,0,0
12509913-9985-4353-8d14-6fb59be5e281,1,0.920,cografya,cografya,3.17,0,0,0
125a0a66-dbab-48ec-884c-9323fee9c780,1,1.000,sanat,genel_kultur,1.88,0,0,0
125b4b8c-3230-442a-86ce-c4cc7b21d2b6,1,1.000,sinema,sinema,1.30,0,0,0
12644c28-4043-47a6-b5ce-80849d241dc6,1,1.000,sinema,sinema,2.65,0,0,0
126fd8f5-8a59-4316-aaf0-fcb7f0f440bc,1,1.000,teknoloji,teknoloji,3.06,0,0,0
1274af71-7e37-41a0-837d-3534c15f2ca3,1,1.000,sanat,sanat,1.77,0,0,0
127db9d8-da2d-4e3e-bf72-027933720f71,1,1.000,bilim,bilim,1.91,0,0,0
12735f55-092a-49aa-8d34-50a942145ea1,1,1.000,sanat,sanat,2.06,0,0,0
12871e4e-22cb-4bb9-9764-e564e32cd9a9,1,1.000,genel_kultur,bilim,1.01,0,0,0
128b3218-0890-40fd-a9e8-ead6a6723e2f,1,1.000,sanat,sanat,2.24,0,0,0
12a7a7e6-4f31-44e8-9d6a-e39885c0f787,1,1.000,teknoloji,teknoloji,2.95,0,0,0
128eddd7-1984-4c5f-b2d8-a85f886ad262,1,1.000,genel_kultur,bilim,1.62,0,0,0
12afc210-151e-43df-821f-4c65786cd605,1,1.000,genel_kultur,genel_kultur,1.91,0,0,0
12af716e-97a6-49ee-b111-b1af1f674bd6,1,1.000,spor,genel_kultur,1.44,0,0,0
12b33af9-b170-4ba5-8b6c-ad5d13ac8d72,1,1.000,cografya,cografya,2.45,0,0,0
12b65a6c-8e45-4794-a246-a613b144a533,1,1.000,spor,spor,2.95,0,0,0
12b797d2-d10e-4c9d-b359-67e557b44651,1,0.920,spor,spor,3.58,0,0,0
12bff303-5dc9-4811-8746-ac734abc5f38,1,1.000,spor,spor,2.46,0,0,0
12c62ef9-a6a3-426a-9389-edeed4d5ea8d,1,1.000,sinema,sinema,3.93,0,0,0
12e07eb5-12a8-4055-99b3-ab5fcc94a7bf,1,1.000,tarih,tarih,2.28,0,0,0
12d6df42-59a2-40ea-b48c-7c579748f9f2,1,0.980,genel_kultur,cografya,2.62,0,0,0
12f82657-ae90-4d95-a53a-13d0db733675,1,1.000,edebiyat,edebiyat,2.27,0,0,0
13003d36-21d5-4306-b213-c5c38d19d62b,1,0.850,edebiyat,edebiyat,3.38,0,0,0
1301df43-eb12-49fe-8add-addf48753458,1,1.000,edebiyat,edebiyat,3.36,0,0,0
130aa004-4629-4dd7-b6e7-b1db4adf5083,1,1.000,sanat,sanat,2.53,0,0,0
130d848d-84df-4c09-b11c-57260395738e,1,1.000,cografya,cografya,1.98,0,0,0
13177bfa-6f9b-4894-a00d-42ed76ca33ea,1,1.000,sinema,sinema,3.74,0,0,0
1313d2f0-e805-47fe-8c64-91901bd981ad,1,0.990,cografya,bilim,2.33,0,0,0
13150b84-f2f3-428f-a765-69a2c874df42,1,1.000,cografya,cografya,1.48,1,0,0
131f49fc-c505-4176-9604-8560ab35363b,1,0.990,sinema,sinema,2.18,0,0,0
1344a59c-8cc9-46b1-90ba-2137008862c7,1,0.490,cografya,cografya,3.38,0,0,0
13483c36-bd5c-4be8-9dd6-37ef4d3b5876,1,0.980,genel_kultur,bilim,2.13,0,0,0
1351c320-50c0-4965-99f8-cc610ad68ea1,1,1.000,tarih,tarih,2.21,0,0,0
134fa573-39d0-49b1-aa67-bbafe3475e31,1,1.000,teknoloji,teknoloji,2.15,0,0,0
135a7f18-5866-4ab0-a04f-9fd8410682bf,1,0.910,edebiyat,edebiyat,3.21,0,0,0
1361eb5f-0800-4473-a024-75fae10b73c1,1,1.000,bilim,bilim,2.30,0,0,0
136a8041-52ef-4fb3-af68-0dde8fbb8afb,1,1.000,spor,spor,2.50,0,0,0
136a4bbd-59ff-4be6-85a2-612d0f7f727b,1,1.000,teknoloji,teknoloji,3.81,0,0,0
136dc7e5-0901-487a-ba74-6d601b33c0d8,1,0.990,tarih,tarih,2.43,0,0,0
1377bc47-998c-4269-a24b-b2068e48198f,1,1.000,cografya,cografya,2.23,0,0,0
137f228a-ef5b-4221-baa6-2e8b86957b39,1,1.000,sanat,sanat,1.07,0,0,0
137dc199-d674-4d32-988a-853c85d50839,1,1.000,tarih,genel_kultur,1.69,0,0,0
1387c929-027b-4186-a12d-b50d6c51fb57,1,1.000,spor,spor,2.12,0,0,0
13842ed1-7b6c-4054-8814-15626799210a,1,1.000,tarih,tarih,2.55,0,0,0
13881cd2-6944-4bf8-b04b-97b2aa4f2940,1,1.000,cografya,cografya,1.96,0,0,0
13900d7a-9c3b-480d-b01a-66443c761b37,1,0.990,genel_kultur,cografya,2.10,0,0,0
138e564c-24ef-483c-9d7c-d16963a8e640,1,1.000,tarih,tarih,2.28,0,0,0
13995f03-97a6-4dbb-afe9-a571baefbf42,1,1.000,genel_kultur,sanat,1.32,0,0,0
13921d97-f542-4a18-8bc4-694dbee746c2,1,1.000,genel_kultur,tarih,2.53,0,0,0
139a7bef-947f-4b85-8ecd-348f15756234,1,0.540,tarih,tarih,2.90,0,0,0
139b4db7-8389-4261-89e9-22e157942239,1,1.000,bilim,bilim,1.87,0,0,0
13a2d8d2-988e-4360-aa19-492a8e916069,1,0.980,sanat,sanat,2.90,0,0,0
139e9681-ceeb-48d1-890f-1abb3735b6e2,1,1.000,edebiyat,edebiyat,3.69,0,0,0
13aed435-74dd-4068-9e47-1bb25fd3ee08,1,1.000,sinema,sinema,1.65,0,0,0
13b44599-dcc1-47e9-aac3-cbcc5c826c9c,1,1.000,sanat,sanat,2.21,0,0,0
13c61093-e97b-4a6b-a823-bf95a64cdb24,1,1.000,cografya,cografya,2.29,0,0,0
13c6bc3e-238e-46a3-a561-a81c1090a340,1,1.000,sinema,sinema,2.22,0,0,0
13d8e489-fbfc-4020-a233-91f143afda5e,1,0.990,cografya,cografya,2.51,0,0,0
13cc4572-6939-4b97-bfa6-3fd6c92f240c,1,1.000,sanat,sanat,2.88,0,0,0
13d9e750-7f3e-477c-9926-7b40f213c529,1,0.790,edebiyat,edebiyat,3.44,0,0,0
13e0262b-8119-43ae-b85d-3b6b66fffd5b,1,1.000,sanat,sanat,1.89,0,0,0
13e081fb-7f64-497b-bc86-6f3c49c3658c,1,1.000,sanat,sanat,2.06,0,0,0
13e08d57-0941-427c-b0ab-5a8e6b5a0669,1,1.000,cografya,cografya,2.33,0,0,0
13ef0029-c94a-4b24-a57a-f0544772f444,0,0.730,tarih,tarih,2.70,0,0,0
13f9b9de-24cc-45f7-8023-70bc1b504a29,1,1.000,cografya,cografya,2.17,0,0,0
13fe3722-5cfc-422b-8126-c7cee7b67c5e,1,1.000,muzik,bilim,1.21,0,0,0
13fe53e0-2b42-47d8-bc2e-1559110d38b1,1,0.990,spor,spor,3.82,0,0,0
140d9248-b870-4b84-9559-dc046ea76348,1,1.000,bilim,bilim,1.98,0,0,0
14199517-2064-4d2a-ba2c-a5e57b7a2c71,1,1.000,edebiyat,edebiyat,2.80,0,0,0
140f761a-9770-4879-9f0c-233bf299fe42,1,1.000,cografya,bilim,2.55,0,0,0
1419f208-bd81-4d3a-8813-190f3f793705,1,1.000,edebiyat,edebiyat,2.00,0,0,0
141dab98-7c27-45ba-89ce-4cff39090cda,1,1.000,edebiyat,edebiyat,2.79,0,0,0
141bfbff-3668-497e-9122-4a5bfce497e5,1,1.000,spor,spor,1.84,0,0,0
14294b84-31c1-4a61-b68b-e4ae92eb049d,1,1.000,edebiyat,edebiyat,2.93,0,0,0
142e7b46-be82-4a14-9c2f-5af0062f4fd4,1,1.000,teknoloji,teknoloji,1.70,0,0,0
14349753-63c8-4882-91f3-90eca6f8ca2b,1,1.000,muzik,muzik,3.19,0,0,0
1439a074-ef93-4121-84ca-4cfe8594bc30,1,1.000,sinema,sinema,1.93,0,0,0
1439b1da-a978-4318-a0bc-55dd619438d8,1,1.000,sanat,sanat,1.68,0,0,0
1440e430-81a6-469c-8090-81c121538310,1,0.950,sanat,sanat,3.13,0,0,0
1441c3ee-72bb-4476-a33a-3833c728ceec,1,1.000,cografya,cografya,2.23,0,0,0
1448d09a-ce2d-42f6-9b48-3fac2f3f5f41,1,1.000,tarih,tarih,1.75,0,0,0
144927b9-d6eb-414f-a9a5-ddac4b7bf716,1,1.000,bilim,bilim,2.60,0,0,0
144aac3f-0f4e-4d7d-bc1f-0c043fe9c410,1,1.000,genel_kultur,bilim,1.20,0,0,0
144c7954-3a14-4838-9988-f7d578cc6476,1,0.560,cografya,cografya,3.63,1,0,0
14500a2a-4163-4705-bc2c-99e211dd0107,1,0.990,teknoloji,teknoloji,3.90,0,0,0
145a2541-2f5d-4155-ad4c-28140448a5d5,1,1.000,muzik,muzik,3.59,0,0,0
14665dbc-df4d-4670-ae8a-8074dd1c9236,1,1.000,sanat,sanat,2.40,0,0,0
146a8139-ba9e-4af1-b78e-aeb370e5a240,1,1.000,genel_kultur,genel_kultur,1.07,0,0,0
1467e65c-a86b-469f-9bf4-dc520d66d8fd,1,1.000,bilim,bilim,2.00,0,0,0
1468e93c-5f23-4c32-b6d3-f532d0477e7f,1,1.000,cografya,cografya,1.80,0,0,0
14738dab-b2dc-4cce-8539-2b47f11ce3ea,1,1.000,tarih,tarih,3.56,0,0,0
148c9a31-1863-4ca2-94dd-46787249e960,1,1.000,tarih,tarih,2.37,0,0,0
147a98d0-be79-4bc3-af13-6052358628e4,1,1.000,muzik,muzik,2.76,0,0,0
1498e34c-9fe4-4571-9e83-023194053c70,1,0.620,genel_kultur,cografya,2.42,0,0,0
1497cafe-77ad-490b-ae43-98a7ed823b1f,1,1.000,sinema,sinema,3.66,0,0,0
149ad279-1f9e-4546-8767-ac3ed2eb627f,1,1.000,sinema,sinema,1.79,0,0,0
14a4dbe7-f1bc-4e2a-b869-4b28512f734f,1,1.000,edebiyat,edebiyat,1.28,0,0,0
14acf234-4d3c-49c9-bf93-45a890c726df,1,1.000,teknoloji,teknoloji,2.93,0,0,0
14a7253f-f409-4a15-b6d8-e9c9fadc7f7f,1,1.000,bilim,bilim,2.07,0,0,0
14b17a85-19ef-4d8c-847f-ba195dcee529,1,1.000,cografya,cografya,1.63,0,0,0
14ae1a42-8e3c-4dee-ade8-febb7388c40a,1,1.000,spor,spor,2.49,0,0,0
14b20e6a-31d1-4945-a7dc-20136335b3e4,1,1.000,muzik,muzik,1.76,0,0,0
14b26a15-36fa-492a-9c28-11424ad853db,1,1.000,cografya,bilim,1.62,0,0,0
14bee237-bc6c-4b22-bed1-f95c20a66d6b,1,1.000,muzik,muzik,2.85,0,0,0
14b2a17e-4439-4076-b5e5-c1eae7027034,1,1.000,edebiyat,edebiyat,2.08,0,0,0
14c8bf22-98d7-4a94-b92d-d1695cff8077,1,0.950,spor,spor,3.70,0,0,0
14c99663-6a21-4171-9203-f45cb4f807c2,1,1.000,bilim,bilim,1.96,0,0,0
14f0b8f6-4ce7-42b6-b8eb-780c15e8df70,1,0.510,muzik,muzik,4.09,0,0,0
14f13f27-55bf-429a-b0c3-64994741cdd1,1,0.790,cografya,cografya,2.65,0,0,0
14b2aa83-f98d-4b63-a85c-f72955a9d631,1,1.000,cografya,cografya,1.38,0,0,0
14f45cc7-4256-4bf9-aa32-c990b6226beb,1,1.000,bilim,bilim,1.82,0,0,0
14f9a04d-6d1b-49d9-af2a-e1189b1a659d,1,1.000,teknoloji,teknoloji,3.78,0,0,0
14f7222e-fffd-4423-93f2-04c0446b7784,1,0.070,cografya,cografya,3.59,0,0,0
1509c88e-4554-461d-8ddb-470ae799c7e7,1,1.000,cografya,cografya,2.32,0,0,0
1512a219-87f3-4361-9b54-803676ce8ddd,1,1.000,tarih,tarih,1.50,0,0,0
1516c00b-b3d7-45d8-afb2-528dd17ec412,1,1.000,cografya,genel_kultur,1.67,0,0,0
1517ae79-9e8c-494c-8be1-1518779b947c,1,1.000,cografya,genel_kultur,1.99,0,0,0
1513f160-c370-4806-b6da-3b4eea7ce7d5,0,0.650,sanat,sanat,3.08,0,0,0
1518c456-e382-4a8a-a787-54e2093d72a7,1,1.000,tarih,tarih,2.25,0,0,0
151e9c70-2827-4522-9087-80ebb0ffa087,1,1.000,teknoloji,teknoloji,2.05,0,0,0
151ee83f-d710-4c41-a1f6-3117fb65bfe8,1,1.000,sanat,genel_kultur,2.39,0,0,0
15200011-888a-4278-a11a-76bc34e21cb2,1,0.400,cografya,cografya,3.16,0,0,0
15311914-4d6c-449a-96e8-0785513e63e9,1,1.000,bilim,bilim,1.52,0,0,0
153627c4-f4bc-428b-b6c3-62b458c0c7f6,1,1.000,edebiyat,edebiyat,1.54,0,0,0
15368838-53b4-4979-a41a-859da1abb41a,1,0.980,edebiyat,edebiyat,3.43,0,0,0
153a0a5f-2da5-4032-aa89-cd9ecc1a1f8a,1,1.000,teknoloji,teknoloji,1.92,0,0,0
15471189-23dc-4995-b74e-1c56f3edafd0,1,1.000,muzik,muzik,3.54,0,0,0
1547e883-09e3-4e4e-88b9-f3e247879d77,1,0.890,cografya,cografya,3.71,1,0,0
154c80a7-b862-45b0-8a36-3d961124c46b,1,1.000,edebiyat,edebiyat,2.00,0,0,0
154fcf1c-e6a6-47ee-bf2b-d82bd0b3b60e,1,0.990,cografya,cografya,2.68,0,1,0
15532af7-83d4-4d6b-b7d7-46aff5ceb49d,1,0.910,edebiyat,edebiyat,2.21,0,0,0
15524a99-9eca-4be3-8376-219441cc1d8b,0,0.510,tarih,tarih,2.83,0,0,0
1556a2e5-be58-4435-8be8-ad3800f6a870,1,1.000,sanat,sanat,2.64,0,0,0
155fc06c-8360-41df-99d5-7e923b66ddad,1,1.000,cografya,cografya,2.10,0,0,0
15879c01-4f02-420f-beee-9d6429c8cb72,1,0.990,sinema,sinema,3.17,0,0,0
156df288-26d6-43fd-894c-84ceb7d8381f,1,1.000,edebiyat,edebiyat,3.66,0,0,0
159175b9-e026-42b9-a2ac-affe2ec1fb27,1,0.990,sanat,sanat,1.72,0,0,0
15931436-b0ef-46d0-b78b-54922d4fa0b8,1,0.990,muzik,muzik,3.12,0,0,0
15933bf4-d8a2-4c51-afa0-f9afeab7dc87,1,1.000,spor,spor,1.88,0,0,0
15a7718f-0e8b-4bee-8c36-7d59c13cac69,1,1.000,sinema,sinema,2.52,0,0,0
15a30781-10f9-40a3-81a3-90e75f7f3bfa,1,1.000,tarih,tarih,2.04,0,0,0
15a479a7-068e-40db-bb87-e652078a1ade,1,0.990,cografya,cografya,1.57,0,0,0
15a8332f-edf0-467c-b9db-55ca4705e9b8,1,1.000,sanat,genel_kultur,2.96,0,0,0
15b694cc-ffe3-4546-9de6-bf222b05f890,1,1.000,bilim,bilim,1.12,0,0,0
15b9d331-afd4-4426-ba47-a7737670da03,1,0.990,spor,spor,3.33,0,0,0
15bbd0ad-aa1b-45f6-a08a-3e9c37d48f9b,1,0.770,edebiyat,edebiyat,3.87,0,0,0
15c4b0f3-e2e7-4da7-aa50-1105acd801f2,1,1.000,cografya,cografya,2.31,0,0,0
15c6f85f-0845-46e6-93fb-d1e3e8f57f59,1,1.000,cografya,cografya,1.79,0,0,0
15c7c669-31bc-45f0-bf31-77ca680bfb63,1,1.000,edebiyat,edebiyat,1.27,0,0,0
15cb9698-9835-4844-8fec-0195bf4fc4f2,1,1.000,spor,spor,2.02,0,0,0
15cf018d-118c-465c-9c40-cd59b5be5101,1,0.990,spor,spor,2.78,0,0,0
15e90229-7f09-478a-9a71-4c3474abc8db,1,1.000,sinema,sinema,2.08,0,0,0
15ece6b9-aac3-4aaf-9332-f1756514fb7b,1,1.000,teknoloji,teknoloji,1.80,0,0,0
15f0c0be-8c65-4b3a-b6de-feb086350f1d,1,1.000,cografya,cografya,2.46,0,0,0
15fa44d2-b2a0-43b6-8b95-ae4c19769cf5,1,0.990,muzik,muzik,2.89,0,0,0
15fa79ae-9470-4e82-9d7d-29a86ace7287,1,1.000,muzik,muzik,3.12,0,0,0
15ff29e2-e461-4c36-b79b-09d6f63ac7d4,1,1.000,cografya,cografya,2.51,0,0,0
15fc6828-5247-4fbf-bed9-710d4db2ed12,1,1.000,cografya,cografya,2.79,0,0,0
1609a497-0d94-425b-8d6a-4c01bdde486c,1,1.000,edebiyat,edebiyat,1.81,0,0,0
160cc3e8-a5f7-4dd3-acf1-9be4fe731fd3,1,1.000,bilim,bilim,1.57,0,0,0
16195fba-96a7-4ca3-9dd3-79fb864a6564,1,1.000,teknoloji,teknoloji,3.40,0,0,0
1614bf3a-7929-4703-ba50-503bc278f833,1,0.980,sinema,sinema,3.41,0,0,0
161dc082-e638-4b25-92e3-b1ed5cd0d382,1,1.000,bilim,bilim,1.34,0,0,0
16209398-35bb-4384-be27-9fc983858933,1,1.000,teknoloji,teknoloji,2.62,0,0,0
16249ac5-e0d9-48af-9597-69bb97b7ea6f,1,1.000,edebiyat,edebiyat,2.92,0,0,0
162b5693-acde-4933-a2e6-cead702b60dd,1,1.000,sinema,sinema,2.66,0,0,0
162c3453-9a84-4b12-b94a-0b55deceb9df,1,0.280,edebiyat,edebiyat,3.20,0,0,0
1632f5aa-8b36-4f26-8d1f-d2d24bffce82,1,1.000,genel_kultur,cografya,2.50,0,0,0
16409043-e59a-4dae-a559-4cfe3b9fee0a,1,1.000,sinema,sinema,2.30,0,0,0
165c96bb-1d1a-4874-9256-acc68ef9009e,1,1.000,teknoloji,teknoloji,2.99,0,0,0
166aa99b-50cb-4aa2-9b61-10bb1fe2cb79,1,1.000,teknoloji,teknoloji,1.80,0,0,0
16778b3e-ab73-4692-ba22-ac171dc889dd,1,0.580,sanat,genel_kultur,2.64,0,1,0
16603ef8-7c75-4592-b49e-a049fbb48881,1,0.990,cografya,cografya,2.69,0,0,0
1677dad7-300f-4afd-a83c-6a53f06a0faf,1,1.000,sinema,sinema,2.55,0,0,0
167aa8fe-a810-4350-83ba-5ec937014671,1,1.000,sanat,sanat,1.01,0,0,0
167a5ac9-c574-4ab6-8100-aa9dbfc20a3e,1,1.000,cografya,bilim,1.79,0,0,0
16902660-4967-4d5d-9186-37fd1da8a79e,1,1.000,spor,spor,2.75,0,0,0
16a79e8f-2aad-45c3-86a6-8d7809424327,1,1.000,cografya,genel_kultur,1.36,0,0,0
16ab490b-45cf-43ae-bde2-7fc90977d0f1,0,0.570,tarih,tarih,3.65,0,0,0
16c3d9d4-7678-4877-ae1d-40f00c534b7e,1,0.960,edebiyat,edebiyat,3.71,0,0,0
16bf5a9a-44f5-493c-bc66-19f0018d9bb4,1,1.000,sanat,sanat,2.10,0,0,0
16d958c0-d420-4adc-a6cb-4d0b6e1900c6,1,0.970,edebiyat,edebiyat,2.12,0,0,0
16d9b6fc-a8bf-4772-b40d-51e86ea0c4c8,1,1.000,sanat,sanat,1.98,0,0,0
16e28571-e584-465b-bf72-481536fc39c0,1,1.000,spor,bilim,2.02,0,0,0
1705aa04-f239-401e-af26-9707cea26b3c,1,1.000,teknoloji,teknoloji,2.65,0,0,0
16f85bcd-63f6-4b9d-bc21-1cfabe6bd619,1,1.000,genel_kultur,tarih,1.81,0,0,0
170812c2-2c73-4d73-8cbe-a7315ace450b,1,1.000,muzik,muzik,2.22,0,0,0
170b7125-596e-4ae2-899c-55aaaa022c8e,1,1.000,sinema,sinema,3.89,0,0,0
170e875d-26fe-42cb-9bfc-d685cef51618,1,1.000,edebiyat,edebiyat,1.08,0,0,0
171e0e45-888e-48fc-ac9a-7667b3ec443a,1,1.000,edebiyat,edebiyat,2.13,0,0,0
171440b1-d2fa-4f86-8644-3e5a5c827dca,1,1.000,teknoloji,teknoloji,2.74,0,0,0
171f7c28-425c-4c0d-87c2-1b67eec6be77,1,1.000,muzik,muzik,3.81,0,0,0
172b7396-ff15-4d01-b7a9-c17d7eca35a8,1,0.970,cografya,cografya,2.10,1,0,0
1720a788-4f7c-43d4-9591-f7badff4cc56,1,1.000,muzik,muzik,2.69,0,0,0
173b4d24-db08-47fb-8625-9d0741ab0452,1,0.920,sanat,sanat,3.36,0,0,0
1734ba66-a818-4986-8e9e-e60bd245cc96,1,1.000,muzik,muzik,3.02,0,0,0
1748a23e-18d4-4b73-95ff-e97df77c98f1,1,1.000,teknoloji,teknoloji,3.99,0,0,0
174b4f11-c7d7-42e5-a25d-fb59a26977b9,1,1.000,tarih,tarih,1.87,0,0,0
174b3850-a680-4b80-b1d6-fb88fdd903bb,1,1.000,sinema,sinema,3.02,0,0,0
17554fe0-f978-4675-9298-5ca58df9c699,1,1.000,teknoloji,teknoloji,2.49,0,0,0
175135a5-ac47-43da-a7f3-9dc91c286df9,1,1.000,spor,spor,2.87,0,0,0
175acbaa-815c-4ed3-b8c1-267bff8c5ea9,1,1.000,cografya,cografya,2.00,0,0,0
175e4d1c-ec51-4909-b757-5e04efde7260,1,1.000,sanat,sanat,2.11,0,0,0
1764f3b0-00ec-4110-ae54-f41d7107280e,1,1.000,tarih,tarih,2.25,0,0,0
17663069-0807-4db6-a116-664c5d880bb2,1,1.000,sanat,sanat,2.22,0,0,0
176c97fe-ae79-4f85-942d-035baea66082,1,1.000,sinema,sinema,3.96,0,0,0
176c14b8-63b1-4174-b86f-e3f06f97ed4d,1,1.000,cografya,cografya,1.81,0,0,0
1779c629-c3db-46ac-8504-011f4069de8a,1,1.000,muzik,muzik,3.18,0,0,0
177b2861-71c7-4e2c-9275-f54b1e0364b2,1,1.000,sinema,sinema,1.98,0,0,0
177cd2db-38a2-4112-a8b8-7595ae9cf6fc,1,1.000,bilim,bilim,1.62,0,0,0
177d1ef3-f446-47eb-a9f1-3c5d59662b2e,1,1.000,sinema,sinema,3.15,0,0,0
177fe539-073c-49f1-ac04-33a352045d2d,1,0.810,spor,spor,2.46,0,0,0
1785c130-ddf7-47d7-b548-72d61f793f17,1,1.000,sinema,sinema,3.48,0,0,0
178854d7-1d69-4fa2-8064-f908a4af2603,1,1.000,sanat,genel_kultur,2.69,0,0,0
179c9910-1437-4d3d-80cc-9dac7cdc7566,1,0.960,tarih,tarih,3.22,0,0,0
17b30bce-001b-481d-a2e8-e61f4b2dffc5,1,0.540,cografya,cografya,3.17,0,0,0
179d0757-f5af-479f-827a-e94a7e92a2a8,1,1.000,genel_kultur,bilim,2.68,0,0,0
179d8bb2-0d44-47c5-8cce-7083a3644af4,1,1.000,genel_kultur,genel_kultur,3.40,0,0,0
17ab3a47-7988-410f-a1b9-f6e2eca78450,0,0.120,cografya,cografya,3.57,1,0,0
17c2a32a-8718-4248-9d80-f25ff34bc51e,1,1.000,cografya,cografya,2.09,0,0,0
17d6cc39-5b6c-4206-b508-c931db0f4355,1,1.000,spor,spor,2.71,0,0,0
17d916e2-0600-4ae6-b8fe-7478fa56daf7,1,1.000,sanat,edebiyat,2.84,0,0,0
17c321a3-1bb9-4dfe-870a-92e9ef81f492,1,1.000,sinema,sinema,3.91,0,0,0
17da390a-69c3-431d-844f-6a0e4a5497fb,1,0.990,cografya,cografya,2.02,0,0,0
17f91a3f-ed3f-46c5-900e-f3a46cad9b6a,0,0.270,edebiyat,edebiyat,2.38,0,0,0
17f972df-8bc4-4e93-9032-a4f2980d4cf5,1,1.000,bilim,bilim,1.81,0,0,0
1801aa80-cb56-4029-9f8a-ac70c4946a06,1,1.000,tarih,tarih,1.87,0,0,0
18056bf3-80a1-4c0c-9480-3e176caea913,1,1.000,sanat,sanat,2.44,0,0,0
1806371f-dfb3-40fd-8377-9716878a40e3,1,0.990,muzik,muzik,2.94,0,0,0
180be9d0-e689-4b68-ac50-491c1b51e445,1,0.910,spor,spor,3.10,0,0,0
17c8a0a8-632c-4180-b502-30f50e0a4305,1,1.000,teknoloji,teknoloji,3.86,0,0,0
180ccbfc-0f89-4e55-ab85-f87ef7985b24,1,0.900,sanat,genel_kultur,3.30,0,0,0
18133765-28a0-45f2-ae14-c3f658a25276,1,1.000,sinema,sinema,1.98,0,0,0
1815a3d2-50f6-4fe3-a1c1-5b1845a1d716,1,1.000,sanat,genel_kultur,2.65,0,0,0
182a45b8-d7a5-4c0f-ba8a-4021ff5fff51,1,0.880,muzik,muzik,2.92,0,0,0
1829a753-86f7-4cbd-90d7-39a58fa69a32,1,1.000,teknoloji,teknoloji,2.41,0,0,0
182e0533-c1d8-4556-aa87-497c46c27219,1,1.000,cografya,cografya,1.99,0,0,0
182e8dfd-c08b-4df4-b4c8-130bc46a83d4,1,0.570,cografya,tarih,2.66,0,0,0
183e764e-31ac-4ca1-ae4d-e71e5d50a605,1,1.000,sinema,sinema,2.02,0,0,0
184fe629-a61a-4b90-96bc-b6ddd4093e50,1,1.000,sanat,sanat,3.79,0,0,0
184d813d-6573-4317-9c29-2b1700c4c7cd,1,1.000,muzik,muzik,2.33,0,0,0
185f8053-1caf-45a3-a443-89a9c550d99d,1,1.000,spor,spor,2.00,0,0,0
1850ca7a-d4e2-4c77-99c0-c8155ec45d30,1,1.000,edebiyat,edebiyat,2.07,0,0,0
18649e70-ada2-4c16-95b9-b9d501380c2d,1,0.980,spor,spor,3.01,0,0,0
1864db5e-ecbb-444c-a936-063ef40a3fce,1,1.000,muzik,muzik,2.80,0,0,0
18690b30-df04-496c-9e5b-e570db0bfa0e,1,1.000,cografya,genel_kultur,2.02,0,0,0
18693944-5365-4f87-b7fa-9bd012a0b119,1,0.920,bilim,bilim,2.07,0,0,0
186c34da-ccf3-473a-8dea-ec26296982c5,1,1.000,muzik,muzik,1.21,0,0,0
18755a44-afa9-4406-90c8-0bd614b32bb9,1,1.000,sinema,sinema,3.09,0,0,0
1876e0fa-51f9-4796-b518-5f5d1ec824c7,1,1.000,teknoloji,teknoloji,1.92,0,0,0
1878dfbd-24ee-448b-9d55-54916373c406,1,1.000,sanat,bilim,2.33,0,0,0
187bd2bd-7dbf-48b1-9575-5cfcf633ce7c,1,0.990,muzik,muzik,2.29,0,0,0
187fae23-a528-4653-a32a-722d8fa89711,1,0.970,tarih,tarih,2.93,0,0,0
188b88c8-3abb-4bf5-b805-ed4b6499409d,1,1.000,muzik,muzik,1.98,0,0,0
18932e52-70e1-4634-97a9-a7ebf110c7df,1,1.000,genel_kultur,cografya,1.93,0,0,0
188bc81c-bbdf-4f6d-8453-7006871f7895,1,1.000,sanat,teknoloji,3.33,0,0,0
18a9280c-88b5-4cb3-957f-aba77c262b67,1,1.000,spor,spor,1.23,0,0,0
18b43af8-f022-4c71-99f9-79fd028cc409,1,1.000,cografya,genel_kultur,3.36,0,0,0
18b87be8-ae36-4834-a0b2-e9101a1f4c64,1,1.000,muzik,muzik,2.87,0,0,0
18c41e71-e6e5-4df2-9515-f0af6966a255,1,1.000,bilim,tarih,1.78,0,0,0
18bfb0ff-4087-4d04-af15-dfda8df20623,1,1.000,bilim,bilim,1.63,0,0,0
18c6132e-6d72-4146-8e45-f0c33c3985c2,1,1.000,muzik,muzik,2.01,0,0,0
18d7b31a-1931-409a-bb83-eaf614612aa5,1,0.970,spor,spor,2.84,0,0,0
18dcad5b-8db4-4196-af25-404792dac05b,1,0.940,cografya,cografya,3.16,0,0,0
18e28acf-2f47-4ed3-8744-b2b735067bdb,1,1.000,cografya,cografya,2.03,0,0,0
18cdda98-5b9d-489c-928f-ade878e22c40,1,0.940,edebiyat,edebiyat,3.21,0,0,0
18eb6d5d-49a1-4dd7-a14d-d0e6c528f101,1,1.000,cografya,cografya,2.82,0,0,0
18ebf081-b3da-424e-b40f-f573a8edd766,1,1.000,bilim,bilim,1.67,0,0,0
18ed0218-ad23-4e98-9abe-072fae090dad,1,0.960,sinema,sinema,3.49,0,0,0
18ef5b88-2ee1-4421-be1e-24db33d2e064,1,1.000,muzik,muzik,2.09,0,0,0
18faa40a-8d46-45dd-b32d-ee10bec9aac2,1,1.000,tarih,tarih,1.88,0,0,0
18fb47a0-777a-4917-ba5b-2ae96d3ea2e8,1,1.000,muzik,bilim,2.07,0,0,0
18ff56a6-8d81-43cd-be80-ce5b8dede4df,1,1.000,sanat,sanat,3.13,0,0,0
1905e770-9f7d-425e-8e7d-01dd7b7e0341,1,1.000,cografya,cografya,2.40,0,0,0
18ffaade-6efd-44e9-96d5-edf3abcb276b,1,0.990,cografya,bilim,2.18,0,0,0
1906643a-30a8-40c0-83f7-ca8fc901477e,1,1.000,tarih,tarih,1.49,0,0,0
190d27a5-4da1-41eb-b3d2-1462f3ee9c28,1,1.000,sanat,sanat,1.76,0,0,0
190e1a81-5cd5-454a-ab72-130258e6173f,1,0.990,cografya,cografya,2.31,0,0,0
1916b3ff-03c6-45b1-9620-cef8121a00c8,1,0.990,genel_kultur,tarih,2.16,0,0,0
191fb085-f187-438d-9cff-b33f3f5ed737,1,1.000,cografya,cografya,1.85,0,0,0
1929c5c4-fd98-45c6-8f6a-73d8479f05c7,1,1.000,edebiyat,edebiyat,3.15,0,0,0
1929ee37-2149-46c0-a928-a9ba349bf4c2,1,1.000,genel_kultur,genel_kultur,2.74,0,0,0
192b2de9-c5dd-4cc2-9f28-e5ba22259780,1,0.700,spor,spor,3.07,0,0,0
192fcc63-12b5-4208-b9d8-e1ab78770abf,1,1.000,edebiyat,edebiyat,2.44,0,0,0
19337dd8-5a55-4df8-b697-23b7386dc70a,1,1.000,bilim,bilim,1.96,0,0,0
19374bf2-cec3-45af-817f-c325d18d3886,1,1.000,tarih,tarih,1.44,0,0,0
193d9091-abcb-4f18-b0b2-32877a0376a7,1,1.000,cografya,cografya,1.15,0,0,0
1945fcff-cfaf-46d8-8bfe-4cbe0118a2c2,1,1.000,cografya,cografya,2.33,0,0,0
194717e6-e661-4eaf-99a6-4c8131865100,1,1.000,tarih,sanat,2.14,0,0,0
1948ac96-3f7e-4a7c-8738-00e7f9e3d878,1,0.940,cografya,cografya,2.30,0,0,0
19485fff-1634-4064-8b89-5cbb2fcfc9bc,1,1.000,tarih,tarih,2.54,0,0,0
194c3f90-b88d-477e-8c03-572b6b44d17a,1,0.920,sinema,edebiyat,1.85,0,0,0
194c646c-a9e1-4c3a-9697-8714acacdd64,1,1.000,tarih,tarih,2.18,0,0,0
195de4ae-a473-46f1-8749-1d17f5dd9570,1,1.000,cografya,cografya,1.35,0,0,0
19519f26-184a-496b-a9f2-774eb366b638,1,1.000,genel_kultur,genel_kultur,1.68,0,0,0
194d67e3-5394-4d50-adf1-30787fb212fc,1,1.000,cografya,cografya,1.87,1,0,0
1961e4b1-befa-45c4-a8b3-57af07cee6c4,1,1.000,bilim,bilim,1.98,0,0,0
19667cb5-18f0-4676-92eb-0046f94df89d,1,1.000,bilim,bilim,1.94,0,0,0
196aa758-6075-462f-9323-09e93f2576f2,1,1.000,edebiyat,edebiyat,3.44,0,0,0
19705903-1f6e-4465-96da-f1111ce7b8d4,1,1.000,edebiyat,edebiyat,1.92,0,0,0
19736f26-1d77-45aa-81c7-d9370a609df7,1,1.000,bilim,bilim,1.99,0,0,0
1980eb75-af69-4eb4-9390-4b955e7d43fd,1,1.000,edebiyat,edebiyat,2.14,0,0,0
19827296-6c53-46ab-b87a-ca3a15ab4b2e,1,1.000,cografya,cografya,1.89,0,0,0
19876e52-8544-4d0c-b61e-8760ebb35ab6,1,0.990,muzik,muzik,3.51,0,0,0
198bc500-a569-46b5-bff7-6ccc7b9a5dc0,1,1.000,sanat,sanat,3.01,0,0,0
198d453d-65fd-42b9-b403-c605b37ac71d,1,1.000,sanat,sanat,2.04,0,0,0
198e8688-7bda-40cd-88a5-77b5753f531c,1,1.000,sinema,sinema,1.76,0,0,0
19983549-8993-4948-80d8-7f25e3f33290,1,1.000,cografya,cografya,1.28,0,0,0
19923f04-e4ab-4428-84bc-5c6f287f1c25,1,1.000,cografya,bilim,1.74,0,0,0
19b4a3d1-c0ac-4221-a983-a9e2f63ca3fe,1,1.000,tarih,tarih,2.05,0,0,0
19a53c65-a791-4038-b423-7fc78a42496c,1,1.000,genel_kultur,genel_kultur,1.54,0,0,0
19b62228-2a73-4f7a-821e-500411f6646a,1,1.000,cografya,cografya,1.91,0,0,0
19b73c30-b0ab-47cc-9e5e-d2bcba5de0d8,1,1.000,sanat,muzik,2.37,0,0,0
19bd20e4-27e6-4b30-9e39-28f621678554,1,0.970,tarih,tarih,2.28,0,0,0
19c6be6a-7e78-4c35-ba1a-ace235875563,1,1.000,tarih,tarih,1.49,0,0,0
19c7f55c-419e-4764-a7fa-40955162eb8f,1,1.000,sanat,sanat,1.31,0,0,0
19cb6b66-466f-44d1-a97b-3570be1528cb,1,1.000,cografya,cografya,1.80,0,0,0
19ccbfd1-b5d3-492f-95c6-8a67fd9cae4b,1,0.980,cografya,cografya,2.49,1,0,0
19ccf871-62cf-41de-83bb-c6447f03720a,1,1.000,tarih,tarih,3.37,0,0,0
19ece2f4-903f-4cd2-8d2e-dd708c8bb2b3,1,1.000,genel_kultur,teknoloji,2.97,0,0,0
19e472ec-4678-443e-9dbb-be0eb5356e7e,1,1.000,cografya,cografya,2.21,0,0,0
19ed0f21-c733-40be-8c09-80a89fa42110,1,1.000,bilim,bilim,1.89,0,0,0
19f6f5b3-26a2-47ed-8cbf-a7cdb406bbc5,1,1.000,cografya,cografya,2.30,0,0,0
19f9b785-86b2-40c9-8e44-9096055050f8,1,1.000,spor,spor,1.32,0,0,0
19fd2d55-7f62-4314-bf58-3d64fe9bc1d9,1,1.000,bilim,bilim,1.03,0,0,0
19fd72ec-6593-4ad0-b21a-2e17c23cc8a4,1,1.000,sinema,sinema,1.75,0,0,0
1a060a4b-b599-4691-9c74-8e00eac48941,1,1.000,tarih,tarih,1.28,0,0,0
1a0a5f9c-4be2-4249-a4a6-7fea7361865b,1,1.000,sinema,sinema,1.41,0,0,0
1a10fcf4-da8f-4238-a8a4-d115cfa56afd,1,1.000,edebiyat,edebiyat,1.21,0,0,0
1a18f0b9-a9de-4597-b376-626502f3127d,1,1.000,teknoloji,teknoloji,1.94,0,0,0
1a23e527-4a4c-4532-9ab8-424a99245f42,1,1.000,edebiyat,edebiyat,1.51,0,0,0
1a26fba0-3aff-4172-ae4d-c1486d1952a9,1,1.000,bilim,bilim,2.02,0,0,0
1a27b68f-8244-458e-aff4-760e346e5fa7,1,1.000,cografya,bilim,2.07,0,0,0
1a2d20f9-a4cf-4ccd-92ac-dc7ccaa8835b,1,1.000,genel_kultur,bilim,1.38,0,0,0
1a2c0aaa-c234-4587-ad9c-d0d376217558,1,1.000,tarih,tarih,1.75,0,0,0
1a280d4a-8830-408e-b78a-fd5570a94486,1,1.000,cografya,cografya,2.02,0,0,0
1a2dec18-c2f8-4a59-ad98-2452830807c3,1,0.830,cografya,bilim,2.34,0,0,0
1a3193c3-653d-4c1b-871e-6e563e899cf0,1,1.000,edebiyat,edebiyat,1.98,0,0,0
1a35cb86-fe18-4e2e-a75b-66a5c8679518,1,1.000,cografya,cografya,3.08,0,0,0
1a388151-84aa-4548-a7bf-c477391c831d,1,1.000,sinema,sinema,2.45,0,0,0
1a61e8ed-2755-448e-b161-985fa911dbbd,1,1.000,muzik,muzik,2.24,0,0,0
1a62cbd5-9807-47b6-8e6d-07e2f00b1366,1,1.000,sanat,sanat,3.61,0,0,0
1a67fc51-6a9e-4e5d-a821-213094b0c5bd,1,1.000,sanat,sanat,2.81,0,0,0
1a6d722b-0c9b-422e-a663-6b0cd6a4164f,1,1.000,edebiyat,edebiyat,1.83,0,0,0
1a72a20a-95e0-42c5-a6b9-2d8438830847,1,0.880,genel_kultur,genel_kultur,2.32,0,0,0
1a87d721-debb-4750-8702-2c6c1538f147,1,0.900,spor,spor,2.40,0,0,0
1a7da5c1-4d20-42f0-a1e4-69d7f4593337,1,1.000,genel_kultur,genel_kultur,1.66,0,0,1
1a88c007-f00f-440d-9241-0792a589c20b,1,1.000,tarih,tarih,1.90,0,0,0
1a8a4bd1-f16f-458b-b860-e75465877ea2,1,1.000,bilim,bilim,2.13,0,0,0
1a44885d-7196-4d95-8cf5-a159029dfa9c,1,1.000,edebiyat,edebiyat,2.04,0,0,0
1a92aab2-1935-4224-bf77-359cd8d4da5b,1,0.990,spor,spor,3.93,0,0,0
1a919dec-a419-4ae0-86d1-0eef81870dba,1,1.000,genel_kultur,bilim,2.35,0,0,0
1a9f3d4f-27b5-4aa4-b1d8-ed4323d77909,1,1.000,muzik,muzik,3.15,0,0,0
1aa8694e-a6f7-460f-9f92-b628f9d641a8,1,1.000,tarih,tarih,3.53,0,0,0
1aa531aa-0eae-45cb-b067-11a47ab7f92c,1,1.000,sinema,sinema,3.13,0,0,0
1aa8d792-3184-45af-addf-f21f2a2cc994,1,1.000,muzik,genel_kultur,1.60,0,0,0
1aab4fb8-dd54-4cac-b7de-06f14751fbc3,1,1.000,tarih,tarih,2.23,0,0,0
1aac3f64-3218-4bd9-9094-3ac57fc2e90d,1,0.300,edebiyat,edebiyat,3.41,0,0,0
1aaf3f5f-7e3b-432e-9d07-16e007f92b5a,1,1.000,cografya,tarih,2.45,0,0,0
1abcfdce-668e-456f-b618-fd9653a50d9a,1,1.000,tarih,tarih,1.69,0,0,0
1abef979-e80f-4a3b-b4cf-ee00f29e44c5,1,1.000,bilim,bilim,2.06,0,0,0
1ac406ed-c01f-48e1-b5f7-ad6cb1b63e3f,1,0.990,muzik,muzik,3.18,0,0,0
1ace8c8c-f2df-4eb9-b3ab-825d1f90ed07,1,1.000,muzik,muzik,1.58,0,0,0
1acd0bb7-8ad3-4ca2-bf01-b76fab953568,1,1.000,bilim,bilim,1.83,0,0,0
1ad24f8d-e78e-4377-9352-e240cb5071c6,1,0.990,tarih,tarih,3.28,0,0,0
1ad0fb7e-3816-43e3-adee-23870ed9555d,1,1.000,sinema,sinema,2.11,0,0,0
1adb3b69-a181-4380-a7ba-d1af1971685c,1,0.970,spor,spor,2.04,0,0,0
1addc4ea-5038-4c71-a3d0-e7221019e306,1,1.000,edebiyat,edebiyat,2.01,0,0,0
1aea68a5-4a84-4c01-afc8-1fafbe165eaa,1,0.740,sanat,sanat,3.96,0,0,0
1ae93621-289a-48f8-80eb-ce6f71c05ed9,1,1.000,sinema,sinema,1.55,0,0,0
1aea0c29-5c7c-42c9-bba0-ea8c42ed0058,1,1.000,teknoloji,teknoloji,2.12,0,0,0
1aebc242-4b3a-4e78-9f1d-bdb935e9294d,1,1.000,muzik,muzik,2.74,0,0,0
1af70c1b-4763-42a1-885b-c3557190246e,1,1.000,genel_kultur,cografya,2.28,0,0,0
1afd04ba-467c-4642-8f05-1e78bc47578c,1,1.000,spor,spor,1.13,0,0,0
1af8ee9f-6762-40c6-ab5a-4d3bdea3d082,1,1.000,teknoloji,teknoloji,1.84,0,0,0
1b08d13d-55bc-4e47-a7d1-7253010f7fd2,1,1.000,edebiyat,edebiyat,2.46,0,0,0
1b0f6555-9612-4cd9-8eff-1a02959d815e,1,1.000,genel_kultur,cografya,1.84,0,0,0
1b1540b9-81df-465f-ae70-ee0f72f617f6,1,1.000,edebiyat,edebiyat,1.80,0,0,0
1b19eb51-1ad0-4dda-88f1-db3e5b205ff6,1,1.000,cografya,bilim,2.66,0,0,0
1b1c9333-26da-4147-89b6-4b50ff3c5ebb,1,1.000,tarih,genel_kultur,2.39,0,0,0
1b1d8337-b138-4038-bac5-4a7b6442816d,1,1.000,sinema,sinema,1.68,0,0,0
1b234866-578e-4ae6-b154-7e20613b9110,1,1.000,spor,spor,1.56,0,0,0
1b21ef94-4829-4998-a546-ddfa70344acc,1,1.000,cografya,cografya,1.52,0,0,0
1b25565f-d63d-4d0e-9f33-6dc16e5ebccf,1,1.000,genel_kultur,bilim,1.67,0,0,0
1b2756be-81da-4654-93a9-95e3701dbfaa,1,0.810,cografya,cografya,3.05,0,0,0
1b2c172f-383d-4134-9129-badcfdd32086,1,1.000,teknoloji,teknoloji,2.96,0,0,0
1b2e0770-468d-40ba-ab8a-828fb65502e8,1,1.000,muzik,muzik,1.80,0,0,0
1b2ed7bc-d3d7-4ea8-90dc-f3a39801e537,1,1.000,spor,teknoloji,2.32,0,0,0
1b33b948-4d6e-41b7-80af-bc32c417c4ed,1,1.000,sinema,sinema,3.31,0,0,0
1b45bcfe-47ff-47e0-8168-51888384cd25,1,1.000,teknoloji,teknoloji,2.32,0,0,0
1b454fb2-912e-4d11-a79a-76deb12cdfed,1,1.000,spor,spor,1.54,0,0,0
1b4f268f-74ab-48d2-bf7a-cf0e8431e6dc,1,0.990,sinema,bilim,2.78,0,0,0
1b496060-2c8e-4767-8f4a-18a399440754,1,1.000,muzik,sinema,3.55,0,0,0
1b5392f5-c272-4ef7-b381-04b87ac2482f,1,1.000,cografya,cografya,2.94,0,0,0
1b5dfa51-60f9-4321-8f7b-8644893a8a42,1,1.000,edebiyat,edebiyat,1.91,0,0,0
1b6080cb-1de9-4621-8768-49fc80653a4a,1,1.000,cografya,cografya,2.66,0,0,0
1b61c448-5a82-4de9-a58a-e93ff45c0a2e,1,1.000,sinema,sinema,2.36,0,0,0
1b6c1f8a-6b43-4ba5-b543-faa44ca42fe0,1,1.000,sinema,sinema,2.35,0,0,0
1b560b37-f3b2-4929-83e9-ee51cf836be6,1,1.000,cografya,cografya,2.34,0,0,0
1b70d577-81b2-4d29-9a19-16e0d2a799a3,1,1.000,teknoloji,teknoloji,3.82,0,0,0
1b6efe75-791a-4b92-a16e-1f5db6c34edc,1,1.000,muzik,muzik,3.27,0,0,0
1b71246c-a5cf-4e47-8946-a4da2b5cbfb6,1,1.000,sinema,sinema,2.34,0,0,0
1b71782b-1b6a-4dd0-935a-98321e34782f,1,1.000,sinema,sinema,2.63,0,0,0
1b72d8f3-3e59-48e4-bf24-f8e9fed493a3,1,1.000,cografya,cografya,2.97,0,0,0
1b744fd1-879a-4158-ad3c-1e35071458fc,1,1.000,spor,spor,3.11,0,0,0
1b765fd0-6005-4a16-b697-d75d164e4004,1,1.000,genel_kultur,genel_kultur,2.15,0,0,0
1b757ac2-0b43-47ff-abe7-bd93e4a1917f,1,0.980,muzik,muzik,2.38,0,0,0
1b7b9e23-42cd-4310-90a9-e5d8aec2a683,1,1.000,cografya,cografya,2.07,0,0,0
1b7f37d7-0055-47e5-8447-be3838e5db9a,1,0.960,cografya,tarih,3.08,0,0,0
1b825f06-f4d6-4d56-ba60-9b93edd1c47b,1,0.990,spor,spor,2.41,0,0,0
1b83c8e3-1f22-481c-8403-27f074726ae0,1,0.340,cografya,cografya,3.01,0,0,0
1ba2a975-2015-4e1f-85a1-9833e97890d8,1,0.960,cografya,cografya,2.36,0,0,0
1ba6cfe6-3aa3-473b-b70b-00322573f9e1,1,1.000,cografya,bilim,2.37,0,0,0
1bacb258-0096-4abf-a159-1799cf514ee6,1,0.890,bilim,cografya,2.49,0,0,0
1badd06f-ace5-4cf8-a647-81021955fef7,1,1.000,genel_kultur,cografya,1.97,0,0,0
1bb3604d-457e-4deb-aeb9-af45712d0f86,1,1.000,spor,spor,2.64,0,0,0
1bb65e1c-599c-4d92-924a-320d410a7e8e,1,0.910,sinema,sinema,2.03,0,0,0
1bb59c0d-c1d3-4507-9fc4-95d1ee5420cc,1,1.000,tarih,tarih,2.14,0,0,0
1bc4dd0b-e49e-4bfd-9bef-2f9a2f0a3705,1,1.000,genel_kultur,cografya,2.32,0,0,1
1bbd7394-9aee-4f40-8244-2467dccc9257,1,1.000,muzik,muzik,1.59,0,0,0
1bc6c376-e9af-4a20-b58d-28abe94b6c71,1,1.000,genel_kultur,cografya,1.88,0,0,0
1bc9c920-9a08-4dae-8806-b9f050641817,1,1.000,spor,spor,1.89,0,0,0
1bca8921-5c40-44d5-80ee-334bc16f1b58,0,0.490,genel_kultur,genel_kultur,3.30,0,0,0
1bd29601-9c42-43aa-8a02-6f88cdea266d,1,0.930,spor,spor,2.00,0,0,0
1bd0e6bb-0e42-465e-b672-8152eef3fe1c,1,0.960,spor,spor,3.53,0,0,0
1bf1483f-af27-485a-a108-6c3d2718b0d4,1,1.000,genel_kultur,teknoloji,1.99,0,0,0
1bdc85af-a844-4072-a528-714b569375a1,1,0.970,sinema,edebiyat,2.72,0,0,0
1bfa5229-967a-46d5-adf6-e5b007864740,1,0.910,muzik,muzik,3.08,0,0,0
1bfe40c4-9ced-46e8-a0cb-3bc7cf0b41c6,1,1.000,muzik,muzik,2.51,0,0,0
1c003330-260f-4d24-b6cb-6b45aef62c20,1,1.000,cografya,cografya,1.37,0,0,0
1c0a651b-036f-45a3-8179-0cf8e6e61ae2,1,1.000,cografya,cografya,2.71,0,0,0
1c0956be-5019-4fb8-9313-aa685e561edc,1,1.000,genel_kultur,tarih,1.92,0,0,0
1c074a31-593c-4dcd-9371-df3a5fc38b9d,1,1.000,muzik,muzik,1.81,0,0,0
1c16ebce-24a0-4ed0-973b-6e408db7b781,1,1.000,cografya,cografya,3.50,0,0,0
1c1c3344-6122-4108-9917-b0f6d4c69a2a,1,1.000,sinema,sinema,3.48,0,0,0
1c1fbfef-7c25-4ac9-85f1-b085974413b0,1,0.990,sinema,sinema,3.07,0,0,0
1c2dfdbd-ab3e-4e34-aec4-bf43e4eb55ea,1,1.000,bilim,bilim,1.96,0,0,0
1c24820f-b455-42a7-a9ff-f1cf1f75f494,1,1.000,sinema,sinema,2.41,0,0,0
1c33d525-f368-4728-9ddf-fd9566c80c78,1,1.000,genel_kultur,cografya,1.09,0,0,0
1c3bcd3c-19fb-419c-bb7b-86f5c4a2a3eb,1,1.000,muzik,muzik,2.74,0,0,0
1c5cbb93-ea7c-4ef4-8c28-a5d98a63fc74,1,1.000,tarih,genel_kultur,3.44,0,0,0
1c64577e-8d33-4e8e-ae02-350ca3279515,1,1.000,sanat,sanat,2.30,0,0,0
1c615d49-c408-4a3a-81f9-db1758fe57d2,1,1.000,sinema,sinema,2.65,0,0,0
1c654965-2200-4d56-b050-64d6cc2400e5,1,1.000,cografya,cografya,2.57,0,0,0
1c72d7cd-e12d-43b6-9d3d-c069776627a7,1,1.000,bilim,bilim,1.50,0,0,0
1c75f226-dba4-4310-a66a-9b7ca342b1fe,1,0.270,tarih,tarih,3.45,0,0,0
1c851364-2a53-4cd5-802c-9add51cfb265,1,0.990,spor,spor,3.01,0,0,0
1c7a77f9-3403-4ee6-8363-2ed6276eea37,1,1.000,cografya,tarih,2.16,0,0,0
1c6902a8-7d01-4311-9fc0-6cc40225d2f7,1,1.000,sanat,sanat,3.59,0,0,0
1c8783db-89b2-4a1a-ab9d-4c63e7cc22d3,1,1.000,teknoloji,teknoloji,3.78,0,0,0
1ca5f740-1dad-4750-ada1-acdb6b5bb862,1,1.000,muzik,muzik,2.80,0,0,0
1c9c3343-ea13-40ec-89ce-86ce4953d252,1,0.990,sinema,sinema,2.38,0,0,0
1cb79b9b-3052-4b04-b70a-419effc677e1,1,1.000,teknoloji,teknoloji,1.64,0,0,0
1cbf721b-faee-4219-852e-09b167aa015a,1,1.000,bilim,bilim,1.86,0,0,0
1cc5e619-8996-451a-b424-7124099b232a,1,1.000,genel_kultur,cografya,1.64,0,0,0
1cc7581c-553d-4ebf-89a8-3b53d6f3a3eb,1,1.000,tarih,tarih,2.42,0,0,0
1cc91f71-a6cc-4374-bee6-d7dfd5ecbbff,1,1.000,sanat,sanat,2.57,0,0,0
1c9186bd-e99b-4e8c-b467-4004d831eb41,1,1.000,cografya,bilim,2.17,0,0,0
1ccc33d7-a831-49bb-87f7-c34653260457,1,0.780,edebiyat,edebiyat,2.51,0,0,0
1cca2cd6-8de0-4aae-8893-b43876d22c78,0,0.810,muzik,muzik,2.78,0,1,0
1cce24c5-90b7-4524-b45f-92a0ce60fc91,1,1.000,genel_kultur,teknoloji,1.69,0,0,0
1ccf9bc8-41b5-44db-afd2-7c8c28b9eb79,0,0.380,genel_kultur,genel_kultur,2.32,0,0,0
1cd3b3bf-29da-4955-8082-5ee4173297dc,1,0.990,sinema,sinema,2.37,0,0,0
1cd722ae-19bc-467a-b7e0-44e7947d0b92,1,1.000,cografya,cografya,1.37,0,0,0
1cd58c32-52fa-4a61-960b-59eb7457c2e2,1,1.000,teknoloji,teknoloji,2.11,0,0,0
1cda23a8-a229-4501-aabd-4615bddfdf73,1,1.000,muzik,muzik,1.65,0,0,0
1cd7e388-5d0e-4f1d-bb9f-81f034e4cc58,1,1.000,sinema,sinema,3.05,0,0,0
1ce8ba82-54eb-415e-ac68-09f4e68e9570,1,1.000,sinema,sinema,1.90,0,0,0
1ceb0b92-c03c-417d-8b87-272cafeab392,1,0.950,cografya,cografya,3.42,0,0,0
1cf3799f-a725-447c-aa47-c7b763790551,1,1.000,cografya,cografya,2.94,0,0,0
1cf422d7-9afd-4d2d-9312-34c99129d0fd,1,0.940,edebiyat,edebiyat,1.31,0,0,0
1cf64cac-e726-44a4-b175-caf181a5572c,1,1.000,teknoloji,teknoloji,2.24,0,0,0
1cf3b682-4e42-434c-b906-d5983b6bda86,1,1.000,cografya,tarih,1.81,0,0,0
1cf67ef7-8fd4-4449-b5fe-d200408e9de9,1,1.000,tarih,genel_kultur,2.40,0,0,0
1cfa5fb0-b6d6-4287-ba86-e956cfa4a071,1,1.000,sinema,sinema,2.12,0,0,0
1cf77c1d-8125-4900-9fea-36b8aa08393e,0,0.770,spor,genel_kultur,2.20,0,1,0
1cf8e87f-b522-499d-bcb3-101f9bb227e2,1,1.000,genel_kultur,cografya,1.73,0,0,0
1d157b39-6d84-4129-b553-c892edf893fd,1,1.000,spor,spor,1.95,0,0,0
1d15ae13-ea9c-4344-9bbe-3571ae6129f2,1,1.000,spor,spor,2.15,0,0,0
1cffb8f4-decc-4159-8c8e-0bafd8275913,1,1.000,sinema,sinema,2.39,0,0,0
1d163eef-22c9-4568-8d7c-add797ceeebe,1,1.000,tarih,tarih,2.90,0,0,0
1d1d5dcd-4737-4794-9c78-9233d7cb9196,1,1.000,sanat,sanat,2.48,0,0,0
1d2149fa-66f1-413a-afc7-9a62acb0a9a0,1,1.000,sanat,sanat,3.85,0,0,0
1d257ab3-1a49-4d10-aa5f-51bc2f2d51d6,1,1.000,spor,spor,1.89,0,0,0
1d23b778-8cc5-4279-b778-02e1535ce851,1,1.000,cografya,cografya,2.21,0,0,0
1d276d81-230c-4057-ac59-275192c438d2,1,1.000,cografya,cografya,2.10,0,0,0
1d27975c-cd7e-4d9d-b8a2-a31696074663,1,0.930,tarih,tarih,2.77,0,0,0
1d2af53e-c392-429d-8ab1-bad6784b55f0,1,1.000,bilim,teknoloji,1.36,0,0,0
1d315c34-74b6-43c4-a4aa-5ec477e4953f,1,1.000,cografya,bilim,1.85,0,0,0
1d3be1b2-c2d8-4c92-a618-14860d10d5a9,1,1.000,teknoloji,teknoloji,2.62,0,0,0
1d3b005f-ed81-4084-bd4e-dfbb7d85d06c,1,1.000,genel_kultur,teknoloji,1.75,0,0,0
1d2c9c3d-6ec8-465b-a0f2-7e0f9705d3e9,1,1.000,spor,spor,2.00,0,0,0
1d4765cb-e5dc-4c36-9540-1713c092ff28,1,1.000,genel_kultur,cografya,1.01,0,0,0
1d49ac59-3746-4f23-b3c1-8201fad9b64e,1,1.000,sanat,sanat,2.19,0,0,0
1d533126-35cd-4e1c-92ae-16d9eecdbee8,1,1.000,tarih,tarih,1.89,0,0,0
1d53a228-56c9-48e9-a129-681ed3288150,1,1.000,bilim,bilim,2.00,0,0,0
1d5b1336-6030-43bf-b2f3-f9579ed36319,1,1.000,tarih,genel_kultur,2.39,0,0,0
1d5f0948-b684-487a-a6ef-7c141133ff15,1,1.000,genel_kultur,bilim,1.03,0,0,0
1d5fb02d-0a95-4a11-b4c2-b05685e8bfe1,1,1.000,bilim,bilim,2.18,0,0,0
1d63f5b0-ac12-4a17-bc33-2248217d9955,1,1.000,teknoloji,genel_kultur,2.72,0,0,0
1d61035d-47b5-4253-9201-a6ec6980c7e2,1,1.000,sinema,sinema,2.01,0,0,0
1d6f5ad6-bb64-405e-a8a5-6b55cb0f0608,1,1.000,bilim,bilim,2.09,0,0,0
1d663758-d810-4e45-9877-a6c47d7ec76f,1,1.000,sanat,sanat,2.18,0,0,0
1d704f34-4466-427d-bf2f-6cefb4076996,1,1.000,genel_kultur,bilim,1.87,0,0,0
1d708e64-8774-4e55-b3a4-6c30015645d6,1,0.990,sanat,sanat,2.88,0,0,0
1d718ad3-dd34-489d-9c72-a215b060445c,1,1.000,teknoloji,teknoloji,2.08,0,0,0
1d7195cd-29f9-49d4-9aea-c0999532faf3,1,1.000,tarih,tarih,1.67,0,0,0
1d8ba180-25eb-4ee4-b17d-d82ad14dc021,1,1.000,spor,spor,1.03,0,0,0
1d8bf5d9-b2de-4eed-9e46-6235d78b5b86,1,0.640,edebiyat,edebiyat,2.50,0,0,0
1d96ffa9-17b9-43f8-8bfe-7ae31956d1ab,1,1.000,edebiyat,edebiyat,3.41,0,0,0
1da6da91-a6cd-42b0-90d9-d3ff7a2289f3,1,1.000,teknoloji,teknoloji,1.85,0,0,0
1da715da-fb8c-4a73-9355-42dc47c4d333,1,0.990,cografya,cografya,2.64,0,0,0
1da9a4cc-6525-4e63-ad83-d22aae926513,1,1.000,teknoloji,teknoloji,1.68,0,0,0
1dad1da9-1277-446d-bbc8-20ec828c9411,1,1.000,sanat,sanat,3.26,0,0,0
1dad353e-ae3a-4fbe-ae14-47e911c0a03e,1,1.000,muzik,muzik,3.45,0,0,0
1db2b3c9-8a1b-4def-bcfb-56677191d2be,1,0.710,tarih,tarih,3.42,0,0,0
1db38fd0-7f14-4d53-8aab-d6d74166a5e5,1,1.000,tarih,tarih,2.63,0,0,0
1db4254c-d3aa-4ad2-a97e-9381fdfddf2d,1,1.000,cografya,cografya,1.97,0,0,0
1dbb52ec-5a6e-44df-b372-69c30737e478,1,0.930,edebiyat,edebiyat,3.41,0,0,0
1db887f4-0777-4217-964c-29b5538f0c56,1,1.000,sinema,sinema,2.28,0,0,1
1db3a3bf-91be-4437-b666-def8611005da,1,1.000,bilim,bilim,1.65,0,0,0
1db554dc-2da0-40cc-9876-2d8ee9e543a0,1,1.000,sanat,edebiyat,2.21,0,0,0
1dc58714-c154-4677-bbb5-324141c310bf,1,1.000,sinema,sinema,2.80,0,0,0
1dc613f6-75c2-4eef-9e4f-484f3e547631,1,0.550,cografya,cografya,3.08,0,0,0
1dcd73b2-7ef0-4105-ae27-573869dec185,1,1.000,spor,spor,1.13,0,0,0
1dc86471-b382-40c3-aafa-793a6e503e2c,1,0.220,edebiyat,edebiyat,2.46,0,0,0
1dd3d3ad-4715-4259-8f5e-e2c4ac1d6fd1,1,1.000,genel_kultur,cografya,1.86,0,0,0
1ddd2ebf-f158-4779-8c49-76c477e25f89,1,1.000,sanat,sanat,1.90,0,0,0
1de4cac2-eaac-4cff-820c-aac28c222975,1,1.000,sanat,sanat,2.00,0,0,0
1de588f1-a68a-4ada-9c1a-1d642e39a92b,1,1.000,sanat,sanat,3.47,0,0,0
1df37411-a594-458a-a2a1-fca6ed790814,1,0.990,sinema,sinema,2.60,0,0,0
1df46bcb-f25e-4255-be1b-cf8ea4906b68,1,1.000,cografya,cografya,2.10,0,0,0
1e0245bf-dbf1-4c41-8ff6-568b2965013b,1,0.940,muzik,muzik,2.89,0,0,0
1dcc1f5f-8d10-450b-bc47-3fc53aa25113,1,0.980,edebiyat,edebiyat,1.68,0,0,0
1e086f68-0435-47f1-b2d5-b2f109e7f43b,1,0.350,spor,spor,3.26,0,0,0
1e09f63d-27e1-4ab1-b72c-58fcfd1be198,1,0.990,spor,spor,3.41,0,0,0
1e0b8459-3085-4e8a-9e7d-589ced2cc5fa,1,1.000,cografya,cografya,2.50,0,0,0
1e0f59cb-ac63-4b1f-b1cf-f35653490804,1,1.000,muzik,muzik,3.11,0,0,0
1e0ada62-06b2-42ba-80dd-028337c109f3,1,1.000,bilim,bilim,1.72,0,0,0
1e13df5d-a054-48d1-9308-bed8cb97d0e1,1,1.000,teknoloji,teknoloji,3.86,0,0,0
1e302fbd-7439-4cb2-924c-9fbc7b565f2d,1,1.000,bilim,bilim,1.19,0,0,0
1e30ac1f-9d5b-468a-9171-0b0043b3b1a1,1,1.000,muzik,muzik,3.42,0,0,0
1e3eab7d-5df2-439d-a155-087133ddc7f9,1,1.000,muzik,muzik,2.62,0,0,0
1e1c310b-dfe7-403e-a689-26e6480131b6,0,0.530,edebiyat,edebiyat,3.28,0,0,0
1e481ac2-bf7c-49be-8292-6f33edbeec1e,1,1.000,genel_kultur,cografya,1.41,0,0,0
1e50c3ed-d2c9-4792-9683-15da79f2c50b,1,1.000,edebiyat,edebiyat,1.98,0,0,0
1e48efc2-d15c-4750-b567-003136c44493,1,1.000,teknoloji,teknoloji,2.12,0,0,0
1e562adc-9838-4830-8352-3a81f4b68b97,1,1.000,cografya,cografya,3.60,0,0,0
1e5c22a3-b351-435f-aa19-d026dc9f03e9,1,1.000,tarih,tarih,2.21,0,0,0
1e66253a-6413-4e80-ba1d-c02d5ddbc38f,1,1.000,bilim,bilim,2.02,0,0,0
1e6effca-a125-4c0d-a11c-fe2781ff35d2,1,1.000,genel_kultur,tarih,1.78,0,0,0
1e6a6d4b-9b33-494d-865f-04ea5714a133,1,1.000,muzik,muzik,2.53,0,0,0
1e71c198-1bbb-4f69-8012-687af16b2f1b,1,1.000,bilim,bilim,1.25,0,0,0
1e78be0b-dca8-4ca3-adfc-128a8fb81a38,1,1.000,tarih,tarih,2.55,0,0,0
1e7b2b3c-f10f-4d73-8ab7-fecc481d7052,1,0.940,spor,spor,2.11,0,0,0
1e84908d-f364-4f17-8e65-38f66ff68ed6,1,1.000,cografya,cografya,2.11,0,0,0
1e88fb95-1d25-4efc-8a82-1ed19aa8907f,1,0.990,cografya,cografya,2.27,0,0,0
1e8c5e1f-232b-4610-8145-1ccb4d843d34,1,1.000,edebiyat,edebiyat,1.68,0,0,0
1e92cbc0-cab3-4e98-bcdb-5f88771b3399,1,0.970,tarih,tarih,3.65,0,0,0
1e938566-ec77-4ff5-825d-645a23902cf5,1,1.000,muzik,muzik,2.75,0,0,0
1e98b4e6-62bf-4e0a-9945-0b08532fc976,1,1.000,edebiyat,edebiyat,2.04,0,0,0
1e9e648f-e76a-4c79-bc01-1eedd6a1c32e,1,1.000,cografya,cografya,1.76,0,0,0
1ea33317-8250-4aeb-acfe-692fecf59418,1,1.000,genel_kultur,muzik,1.15,0,0,0
1ea1ea1e-d614-4589-83ff-9ed659f8afc6,1,0.830,edebiyat,edebiyat,3.09,0,0,0
1ea85cc8-306a-4364-8375-ab51aacab775,1,1.000,edebiyat,edebiyat,1.53,0,0,0
1eab3814-9881-4f74-8b75-405e7cd2128f,1,0.930,muzik,muzik,3.38,0,0,0
1eb0939e-1967-43e4-b8c3-a477e7d8e5bd,1,1.000,genel_kultur,bilim,2.74,0,0,0
1eb16340-f879-403b-b1b8-62e70a189ed9,1,1.000,genel_kultur,teknoloji,1.44,0,0,0
1eb498df-c500-45fb-8181-4da35c5f9d49,1,1.000,cografya,cografya,2.36,0,0,0
1eb76913-cf05-452b-b206-537fc3c47898,1,1.000,spor,spor,2.17,0,0,0
1ebf1998-2556-41a5-8205-9b04b4309791,1,1.000,cografya,tarih,1.51,0,0,0
1eb8153d-ac24-44a9-b6a8-4879e592e9eb,1,1.000,muzik,muzik,2.29,0,0,0
1ec0027b-5f04-4e02-a7aa-9ce087aa1947,1,1.000,sanat,sanat,3.61,0,0,0
1ec44f0d-1fdb-4882-916c-90e7c432f6bd,1,1.000,sanat,sanat,2.94,0,0,0
1ecd569b-0060-48a6-bab2-b3ad17da4d86,1,1.000,cografya,bilim,2.36,0,0,0
1eec6426-3cdd-4133-a9dc-52a5caec4e27,1,1.000,tarih,tarih,2.06,0,0,0
1ee096ac-a8c0-42eb-a7d2-39713d05fb05,1,0.980,spor,spor,2.32,0,0,0
1eee3ba7-6260-495c-b1bf-d5e1424d58a2,1,1.000,sanat,tarih,1.49,0,0,0
1ef8504a-17db-49dc-ad2f-1f74a7e2b5b7,1,1.000,spor,spor,2.24,0,0,0
1efe7aa9-fd1f-4925-8ade-41653a20f1f5,1,0.980,tarih,tarih,3.93,0,0,0
1ef98adb-3314-4743-9646-6b707c153633,1,1.000,tarih,tarih,2.45,0,0,0
1efb8950-df8c-4a46-aadf-6faa1e9d95b0,1,1.000,muzik,muzik,3.26,0,0,0
1f019fc0-324c-44c2-a80b-8675523ef7de,1,0.990,spor,spor,3.08,0,0,0
1f101dcc-c6a6-44e2-8dff-f96790588f86,1,1.000,spor,spor,1.33,0,0,0
1f11aa6b-352d-4272-bd83-06fc27536cba,1,1.000,cografya,cografya,2.74,0,0,0
1f182572-2663-4bf9-ac36-3a750bdb8449,1,1.000,tarih,tarih,1.67,0,0,0
1f179f9a-1952-4e78-b44a-26b368047527,1,1.000,teknoloji,teknoloji,3.86,0,0,0
1f1f1a40-4ddd-4ee7-a011-4b34d797c9b4,1,1.000,bilim,bilim,1.99,0,0,0
1f29f830-2777-404a-a28a-6c13abee43a3,1,0.940,bilim,bilim,2.54,0,0,0
1f2ab939-e7ad-40e7-852c-95035f3681e2,1,1.000,teknoloji,teknoloji,3.70,0,0,0
1f373012-9eef-43b4-bea7-47af256f77e3,1,1.000,cografya,cografya,2.06,0,0,0
1f3cd883-91fd-436d-a2c0-dc03f86caf29,1,1.000,cografya,bilim,2.26,0,0,0
1f527d40-0250-4252-8ae0-28cdb8aa72c7,1,0.990,genel_kultur,bilim,2.19,0,0,0
1f549288-a47d-4670-ae97-365167142d8e,1,1.000,spor,spor,1.89,0,0,0
1f5ba94a-be55-42ec-b9a1-45458f0a6500,1,1.000,teknoloji,teknoloji,3.58,0,0,0
1f64a3de-5ad2-4e92-a280-670c97fc9f87,1,1.000,sinema,sinema,2.13,0,0,0
1f6419e0-e255-4aaf-b28b-a279f9266bce,0,0.180,cografya,cografya,3.42,0,0,0
1f69520c-4fb4-4492-bfa9-6be97fd3ab52,1,1.000,sanat,sanat,2.26,0,0,0
1f69b167-ee82-4220-b213-a349794ddbb2,1,0.990,edebiyat,edebiyat,1.92,0,0,0
1f6e81ea-1ccc-420b-a172-2faa68c75333,1,1.000,sinema,sinema,3.56,0,0,0
1f840fa8-1a6f-48c1-a942-76960eae23f7,1,1.000,edebiyat,edebiyat,1.51,0,0,0
1f7b398f-44d6-4fcc-8541-ce7834e5c0a4,1,1.000,cografya,cografya,1.89,0,0,0
1f8484f1-f7d3-4680-b7ff-4fa14a9f5c4f,1,1.000,bilim,bilim,1.91,0,0,0
1f8de820-68b6-47bf-bf7e-ecef416d565a,1,1.000,muzik,muzik,3.73,0,0,0
1f9c8291-a6e5-408a-9d05-32d347aa74b6,1,0.990,sinema,sinema,3.37,0,0,0
1f996352-3fea-46b8-96b4-a335baf197be,1,0.970,sinema,sinema,3.57,0,0,0
1f932b33-2b8d-4e02-90ca-401f92fbc4b9,1,1.000,muzik,muzik,3.55,0,0,0
1f9ca698-0d28-4b81-93cb-e025a6677d44,1,1.000,bilim,bilim,2.17,0,0,0
1fb90ba5-7b3f-4a7b-aee7-38ed68f71a36,1,1.000,sinema,sinema,1.84,0,0,0
1fb4548c-f562-4637-89c0-01dba47aeccb,1,1.000,teknoloji,teknoloji,2.07,0,0,0
1fb65cc8-4889-476a-b873-1384eb58ba95,1,1.000,cografya,cografya,2.15,0,0,0
1f9fb4c2-d270-453f-9bd0-f28318d04ca5,1,1.000,edebiyat,edebiyat,1.59,0,0,0
1fbb0653-7ed0-43e9-85f6-3f2be2a3cd84,1,1.000,genel_kultur,tarih,1.91,0,0,0
1fc7d812-5db9-4b63-8e74-a230e2e0db77,1,1.000,spor,spor,1.77,0,0,0
1fde1577-5e44-4824-94bf-e3736ef559fd,0,0.250,cografya,cografya,3.40,0,0,0
1fe2bebc-e305-4a5e-b22a-fe8300802623,1,1.000,teknoloji,teknoloji,3.03,0,0,0
1fdd6a6b-1718-4aaa-a43b-b3bbf3e01a36,1,1.000,sinema,teknoloji,2.00,0,0,0
1fe74877-be85-47b9-aff9-e8397ee948fb,1,1.000,teknoloji,teknoloji,3.49,0,0,0
1fea95ba-21ce-443e-b0cd-dedbb9c6bb69,0,0.420,cografya,cografya,2.15,0,0,0
1feb8c8f-1e33-45d1-81d1-f3b54a802c6a,1,1.000,sinema,sinema,2.29,0,0,0
1ffbcb08-7e77-457a-93b1-29cd1d3685e5,1,1.000,cografya,cografya,2.10,0,0,0
2003939d-f760-43ed-851e-5e53da56045f,1,1.000,tarih,tarih,2.32,0,0,0
20010ef1-534c-44db-abbd-1cb1286af36d,1,1.000,tarih,tarih,2.36,0,0,0
20071084-7e5a-4397-a51e-606df9bd092a,1,1.000,sanat,sanat,3.06,0,0,0
201da6a6-e8ac-4fe0-b5bd-997abe64fa31,1,1.000,edebiyat,edebiyat,2.18,0,0,0
201194b1-0752-4f98-8766-aa4d488c3ebb,1,1.000,edebiyat,edebiyat,2.69,0,0,0
201e6a79-6c32-4926-9322-a14d7c90bf13,1,1.000,edebiyat,edebiyat,2.11,0,0,0
202275ed-7a48-43a1-9fba-136582f798db,1,1.000,sanat,sanat,3.84,0,0,0
2029f1ca-0929-49da-8ce4-0c0733849437,1,1.000,bilim,bilim,2.06,0,0,0
20313230-ac17-46a0-affd-e3ce4e185b19,1,1.000,teknoloji,teknoloji,3.22,0,0,0
2041f760-63c8-4071-aae0-a58c4f98d435,1,0.890,genel_kultur,genel_kultur,3.04,0,0,0
20407706-1e76-4aa2-9316-7f985c79bf5a,1,1.000,sanat,sanat,2.47,0,0,0
202ba965-5b16-4a63-89af-b81d84ec9ac6,1,1.000,bilim,bilim,2.09,0,0,0
2042e5d2-64af-44b0-afdf-9d05b19e02e4,1,1.000,sinema,sinema,1.38,0,0,0
2046244c-db93-461c-ae1f-a95c2cc34871,1,1.000,sinema,sinema,2.81,0,0,0
204b3e65-144a-411d-af93-a73832b00faa,1,1.000,spor,spor,2.39,0,0,0
20588e88-d16c-4f3f-a9ef-932a049b706c,1,1.000,bilim,bilim,1.67,0,0,0
204cadc3-10b9-438f-9188-9cc5f03cc6c1,1,0.760,tarih,tarih,3.60,0,0,0
205a0f32-c8bb-46f9-bb77-1b6e0185f2b7,1,1.000,teknoloji,teknoloji,2.96,0,0,0
20667b56-3699-4c60-ab3c-d48026cd0e3e,1,1.000,teknoloji,teknoloji,4.12,0,0,0
2068f04d-2bdb-43a1-a91a-ca15295f334c,1,0.240,edebiyat,edebiyat,3.13,0,0,0
20742d6b-e0d2-4e9e-aa72-ed78c9d6b4a5,1,1.000,genel_kultur,tarih,1.79,0,0,0
20771f4a-46a0-42ca-8665-b24bd76935c9,1,1.000,teknoloji,bilim,2.19,0,0,0
208297ff-ad7e-4a53-ac22-0cb023b8a978,1,1.000,tarih,tarih,1.90,0,0,0
208a0e30-0196-413d-81c3-c28385baebf7,1,0.100,cografya,cografya,3.39,1,0,0
20860c11-8b8b-40d9-b2d6-43e3d387a040,1,1.000,cografya,cografya,2.08,0,0,0
2092838c-c41e-4b9c-ad9d-0af21266254f,1,0.880,muzik,muzik,3.79,0,0,0
20958f5c-b4f4-437c-a57e-fdb2a9e68215,1,1.000,tarih,edebiyat,2.36,0,0,0
209baf4e-af7a-4f22-9792-9a1cfbcedb62,1,1.000,genel_kultur,teknoloji,2.05,0,0,0
209e52ce-6772-4ea7-9d8d-be1638762f01,1,1.000,sanat,sanat,2.50,0,0,0
20b20241-b5b6-479c-addc-c3dad8a29207,1,1.000,genel_kultur,genel_kultur,1.83,0,0,0
20bd0186-2e97-40b6-b902-74e4dc3845d5,1,1.000,teknoloji,teknoloji,1.74,0,0,0
20cfdf44-880f-4d48-ac90-e6f4a362dfa9,1,1.000,cografya,cografya,3.29,0,0,1
20d3ea8f-d651-4429-b59e-00e1765e2441,1,0.990,edebiyat,edebiyat,2.69,0,0,0
20d80e6a-c7b1-4df2-89b2-a2fbce122f2e,1,1.000,cografya,cografya,2.02,0,0,0
20df9a12-79cd-4fb2-9ace-c45c8939445c,1,1.000,cografya,bilim,1.74,0,0,0
20efc089-c01d-475b-b4a3-6c0333432e6b,1,1.000,sinema,edebiyat,2.02,0,0,0
20add12c-498b-4e46-b48a-db3357db797b,1,1.000,sinema,sinema,2.12,0,0,0
20f60c7d-e048-4d18-adee-fe7f8e956e9e,1,1.000,tarih,bilim,3.21,0,0,0
20fb0390-a09d-4b73-a898-38f21c03c1d2,1,1.000,edebiyat,edebiyat,2.63,0,0,0
210139c5-6e81-459d-b838-8fcb5d8da770,1,1.000,muzik,muzik,2.62,0,0,0
21075ed1-b6f2-4df7-aa2c-3dfbb39d0b5a,1,1.000,genel_kultur,cografya,1.93,0,0,0
21080a4f-2bd4-4fda-8337-4419f1681901,1,1.000,edebiyat,edebiyat,1.91,0,0,0
21202a05-ea23-4c4f-aa8b-37751c43bd0d,1,1.000,bilim,bilim,1.48,0,0,0
2114e2d5-a63f-4b44-bf65-e86766e7febd,1,0.990,tarih,tarih,1.97,0,0,0
2124b140-e377-4127-938f-f845b448d80a,1,1.000,sinema,sinema,2.58,0,0,0
21219016-2375-42df-96a6-1b4c25bccf83,1,1.000,edebiyat,edebiyat,3.13,0,0,0
2126302f-1e78-4d2a-aeb2-c426859961f1,1,1.000,teknoloji,teknoloji,2.49,0,0,0
213ee1b2-89d5-4c8d-a221-d916cef10f0f,1,0.360,edebiyat,edebiyat,2.00,0,0,0
213eadb3-7956-45e3-b31a-3b1f1d8337bd,0,0.740,edebiyat,edebiyat,3.95,0,1,0
21426d58-cdce-427f-a7e8-3bb0ccc474d5,1,1.000,spor,spor,1.43,0,0,0
214927dd-0650-4ae2-b725-c50392f2898f,1,1.000,genel_kultur,genel_kultur,1.91,0,0,0
214defe3-edab-4742-8ddc-ac53cdb8ecba,1,1.000,edebiyat,edebiyat,2.73,0,0,0
215a679c-9923-4f09-aefb-a7bbddcb5da6,1,1.000,muzik,muzik,1.48,0,0,0
2158bd86-7b23-4a53-bee4-bede85661a5e,1,1.000,teknoloji,teknoloji,2.13,0,0,0
215eec29-82e6-4b14-8e55-0fc3c09a66f5,1,1.000,teknoloji,teknoloji,2.85,0,0,0
2167ca34-ed66-41b2-88fe-a9b8d841458c,1,1.000,sinema,sinema,1.70,0,0,0
216a5ab4-73e4-4f0e-81b7-43100a3f1f05,1,0.970,sanat,sanat,3.06,0,0,0
216eb3e1-5e84-4538-81c4-aaa57480a83a,1,0.380,cografya,cografya,3.37,1,0,0
216f24a8-562e-4ca7-9a9e-e2247d05b046,1,0.960,spor,spor,2.10,0,0,0
216edb98-34f5-456f-b75e-8d6006aad510,1,1.000,muzik,muzik,3.32,0,0,0
217c0947-8872-454f-83b2-d155c3288a6b,0,0.800,bilim,bilim,1.81,0,1,0
217e0242-32df-440f-a8d1-6b800d43a208,1,1.000,sinema,sinema,2.46,0,0,0
21844177-d8a0-4f78-ad5a-6be65f58a8d6,1,1.000,bilim,bilim,2.28,0,0,0
2188eff7-065c-4a86-aafa-8c849e58deb8,1,0.300,cografya,cografya,3.23,0,0,0
2189190a-7af4-49e6-ad38-4d7bfa93d812,1,1.000,sanat,sanat,2.05,0,0,0
21970fce-068b-42ff-b401-3d38429449b2,1,1.000,sinema,sinema,3.33,0,0,0
21972db9-5c60-48d8-a5ae-524f1627214a,1,1.000,edebiyat,edebiyat,2.45,0,0,0
219bc3f0-f052-4107-8e42-b23606574ef1,1,1.000,muzik,muzik,2.54,0,0,0
219f594f-9605-4833-9360-41d7b08cb886,1,1.000,bilim,bilim,1.63,0,0,0
21ae19a3-a7e9-4e84-8b6b-1646709dae17,0,0.330,cografya,cografya,3.07,0,1,0
21a397db-d5b9-454e-8816-d4bc294ff845,1,1.000,teknoloji,teknoloji,2.64,0,0,0
21b0ba99-6f33-439f-b34c-421c8c93623b,1,0.970,cografya,cografya,2.33,0,0,0
21be54fa-9a8f-4ad2-b915-7df2bce1aa67,1,1.000,cografya,genel_kultur,1.91,0,0,0
21bdc9b8-b636-4383-adc0-48cb0cfb140d,1,1.000,sinema,sinema,1.80,0,0,0
21befb92-dda6-4c68-a337-d58b1bc4b404,1,0.970,muzik,teknoloji,2.51,0,0,0
21c10ce5-57f8-45fa-b76e-e38210ea22ba,1,1.000,edebiyat,edebiyat,1.43,0,0,0
21ce87dc-fa3c-41d8-bf31-268a3666e5e5,1,1.000,sinema,sinema,1.87,0,0,0
21cf9d9e-09d5-4057-908d-4e7857d1ce2c,1,1.000,edebiyat,edebiyat,2.55,0,0,0
21d21e50-b68e-43ec-a022-f69f30058a60,1,1.000,spor,spor,1.97,0,0,0
21d69e46-f2ed-4cc4-80cd-537770270af3,1,1.000,sanat,genel_kultur,2.33,0,0,0
21dbc93d-f9c6-4447-b2f5-f78a8724a62d,1,1.000,genel_kultur,cografya,1.77,0,0,0
21e28ab9-b4f5-43f3-9564-edadc8683279,1,1.000,genel_kultur,genel_kultur,2.60,0,0,0
21e27c16-1430-43c7-ab17-ff9b4a0d08eb,1,1.000,cografya,cografya,2.19,0,0,0
21e37e33-aca7-4757-aba3-f8a7407c1aa8,1,0.990,tarih,genel_kultur,2.35,0,0,0
21e84a8d-d75d-4f34-8931-4343c7b9014a,1,1.000,genel_kultur,bilim,1.95,0,0,0
21ebdff9-2f1e-4c9a-ba86-ff5e38dff35b,0,0.760,edebiyat,edebiyat,3.34,0,1,0
21f06f37-957d-4a26-a1f6-8a32bbc8748d,1,0.990,spor,genel_kultur,1.98,0,0,0
2201afce-43ce-46ef-8202-01f0db44ee54,1,1.000,bilim,bilim,1.68,0,0,0
2201e700-4ae9-43d7-8eb7-432c84648fe5,1,0.800,muzik,muzik,2.92,0,0,0
22116dcf-fb5f-4691-9420-215f3f82d11a,1,1.000,teknoloji,teknoloji,4.31,0,0,0
22167723-6d90-4eac-8fe6-36fb7e3347b0,1,1.000,tarih,genel_kultur,1.99,0,0,0
22176140-1ad5-40a2-90e0-90ce596675b6,1,1.000,spor,spor,2.89,0,0,0
2218f5b7-7d00-4658-8153-91fcd7cbe1cc,1,1.000,teknoloji,teknoloji,3.07,0,0,0
223883c8-0086-4a47-8e9c-4ba44fac0789,1,1.000,muzik,muzik,2.93,0,0,0
225520b5-c64e-4efa-9970-25cc1921f813,1,0.970,sinema,sinema,2.92,0,0,0
225b2f64-d12c-4aae-a4ab-ed0dabef18c5,1,1.000,sinema,sinema,3.04,0,0,0
2263c41a-7b34-4e01-9f12-c764fe3a0043,1,1.000,edebiyat,edebiyat,2.73,0,0,0
226f284b-526e-47ea-a8fd-6ef0659f4b2d,0,0.260,edebiyat,edebiyat,3.60,0,0,0
22704d72-83c2-4914-9f51-e6c4a6719366,1,1.000,spor,spor,1.86,0,0,0
2273d444-7769-4551-b11d-87f6e1caf816,1,1.000,sanat,sanat,3.13,0,0,0
2275f5ac-5f95-49dd-8e15-4f90a4c7173f,1,0.980,sinema,sinema,2.49,1,0,0
2278c8a5-0f30-4d9c-b180-1919e9f82f0d,1,0.950,spor,spor,2.98,0,0,0
22957d4d-d3a4-43ab-9a6e-c87adf7cada6,1,1.000,genel_kultur,genel_kultur,1.86,0,0,0
229c7b79-9220-42e3-aeb7-114ee5198cc4,1,1.000,cografya,bilim,2.63,0,0,0
229f6073-90d5-49a4-9b0a-4015bebace89,1,1.000,teknoloji,teknoloji,2.15,0,0,0
22a0c4e1-67cb-4237-8d4a-d7cbd398d98b,1,0.980,genel_kultur,cografya,2.76,0,0,0
22ab6e12-471b-4eba-95bf-7e1a6b6005f3,1,1.000,tarih,tarih,2.02,0,0,0
22b02da1-fe32-4e26-82d0-8089a582b1e7,1,1.000,sanat,sanat,3.33,0,0,0
22a10f3f-8bdf-4328-9371-53764625bb36,1,1.000,teknoloji,teknoloji,1.83,0,0,0
22b837ec-c1be-4294-baf4-dcb6d1c765ef,1,1.000,edebiyat,edebiyat,1.85,0,0,0
22ba732e-7570-4610-843b-ea300970cab0,1,1.000,sanat,sanat,3.78,0,0,0
22cb7979-2850-4459-a459-03dd20f20e6d,1,0.790,cografya,cografya,2.67,0,0,0
22bb0241-3caa-4331-bdcf-d51b8fc53b10,1,1.000,sinema,sinema,1.86,0,0,0
22cff7a1-62cb-484e-b869-b7162385e356,1,1.000,teknoloji,teknoloji,3.76,0,0,0
22d04ffd-0c38-435d-bfd4-2f5fddd08518,1,1.000,bilim,bilim,2.14,0,0,0
22d062bf-d2a3-4742-8698-49ff7b703e0c,1,1.000,teknoloji,teknoloji,1.95,0,0,0
22d69bf5-07f3-4bf5-80aa-d397d29699ad,1,1.000,spor,spor,1.43,0,0,0
22d0d3ac-762a-4086-9a28-0c65169d7605,1,1.000,sanat,sanat,2.76,0,0,0
22ef390a-d119-46c7-92e6-687457d615ec,1,1.000,bilim,bilim,1.87,0,0,0
22fbee72-6705-40b5-a026-7729ca282c62,1,1.000,bilim,bilim,1.00,0,0,0
22febae0-d245-4ceb-aee3-d6b9a1379373,1,1.000,sanat,sanat,3.05,0,0,0
22fedc13-048d-41ba-8474-a136188da9ec,1,1.000,sinema,sinema,2.13,0,0,0
2303a18a-ba73-4784-9893-521babfad06a,1,1.000,bilim,bilim,2.17,0,0,0
22ff50b9-5558-4d53-ac8e-5f285d714336,1,1.000,tarih,tarih,3.65,0,0,0
2305417f-0ace-461a-9061-878dd2228316,1,1.000,cografya,cografya,3.52,0,0,0
230b3f48-b83e-488d-973b-89d84eafee64,1,0.950,muzik,muzik,3.50,0,0,0
230bafe7-4940-4c31-9b9d-020bf9655317,1,1.000,teknoloji,teknoloji,1.89,0,0,0
2317fff0-9298-46e9-b488-04e34c9f7607,1,1.000,sinema,sinema,2.20,0,0,0
23175c2c-f28c-4db5-8227-932f82b7b4f6,1,1.000,genel_kultur,cografya,1.48,0,0,0
23111079-2f23-4bb8-8a70-79781a283bb8,1,1.000,cografya,cografya,2.00,0,0,0
2313ea53-dd97-420b-b776-0a31f706b8a0,1,1.000,teknoloji,teknoloji,4.03,0,0,0
231fa569-6891-48bd-af4e-7236738323c8,1,1.000,genel_kultur,genel_kultur,1.35,0,0,0
232303c1-b77f-41be-84bf-da2b77ec856a,1,1.000,muzik,muzik,3.45,0,0,0
2325b035-6290-4e53-b122-108bf7c245a5,1,1.000,muzik,teknoloji,3.65,0,0,0
232a8deb-9e51-48e5-8901-d08d7f506c40,1,1.000,spor,spor,1.26,0,0,0
232bcbaa-f7fd-480e-ab28-fae3a018ba20,1,1.000,bilim,bilim,1.98,0,0,0
232ea695-e8ae-44f1-956d-db3a9b9c3992,1,1.000,cografya,cografya,2.30,0,0,0
2334af16-3055-4083-8d0b-d15ad413dbdb,1,1.000,tarih,tarih,2.35,0,0,0
23429f10-4d54-4565-9049-3143e53a8171,1,1.000,sinema,sinema,2.07,0,0,0
234acc07-c41f-4513-9719-391df284a96f,1,0.980,tarih,tarih,3.17,0,0,0
23390c18-b7ca-44e7-a7ac-19f2ed8b266e,1,1.000,muzik,muzik,1.87,0,0,0
234db5bd-f785-4794-9fb4-9205deedbd0f,1,1.000,bilim,bilim,2.06,0,0,0
2352087a-e2ff-44b7-9664-d781c8fedaf4,1,0.990,edebiyat,edebiyat,3.11,0,0,0
23590a54-5e86-46d0-8246-d565edd7d56c,1,1.000,teknoloji,teknoloji,2.72,0,0,0
235fcd1c-700b-4a27-af92-73d7e4c7996b,1,1.000,sanat,sanat,2.42,0,0,0
235f8375-cf29-4f8e-8f8a-f7f69a6653a0,1,1.000,teknoloji,teknoloji,2.32,0,0,0
23605093-6d3b-432c-a19e-21e0ed2c1629,1,1.000,spor,spor,1.58,0,0,0
2361947a-d0fd-47de-836f-be945ffec252,1,1.000,tarih,tarih,2.38,0,0,0
236686a7-e580-43a9-b599-38022a767d89,1,1.000,cografya,cografya,2.22,0,0,0
23668933-7a36-4396-9cae-45480f0e97b1,1,1.000,sinema,sinema,2.88,0,0,0
2369867e-22ed-4e06-80d8-c68403155df4,1,0.540,sinema,sinema,3.31,0,0,0
236d705b-91e7-4d47-8a83-6b0a006c0fa9,1,0.940,cografya,cografya,2.07,0,0,0
23765dd5-705f-4162-b035-1e18111754e8,1,0.440,sanat,sanat,3.77,0,0,0
2372613e-f365-4605-862f-51160e4ad9e7,1,1.000,sanat,sanat,3.40,0,0,0
2378e52c-1951-45ce-9a08-38283c51cefb,1,0.740,cografya,cografya,3.55,0,0,0
2389706c-29f9-40a6-908d-616863a0c018,1,1.000,muzik,muzik,3.48,0,0,0
238a5ea6-5803-44c2-9e6f-11a0b4feff90,1,0.840,tarih,tarih,3.48,0,0,0
238be37a-bd49-4961-a0a1-bc034b40edab,1,1.000,sinema,sinema,1.55,0,0,1
238e83de-f588-4335-9a1a-27908e0a4017,1,1.000,sanat,sanat,2.85,0,0,0
23908544-e9a3-4a21-b003-ef350eb2f29b,1,0.970,cografya,cografya,3.38,0,0,0
2396a312-60b5-4d00-b6c7-c0827ca00990,1,1.000,cografya,genel_kultur,2.62,0,0,0
239bab29-80e6-4100-9252-525191207691,1,1.000,sinema,sinema,2.20,0,0,0
2396af96-2a84-4c12-9c3f-2f2669453294,1,1.000,cografya,cografya,2.55,0,0,0
23af606b-cc15-47b1-a631-1a9a4a926390,1,1.000,bilim,bilim,1.62,0,0,0
23a7b483-b7dc-467e-a487-6fd7623d14a5,1,0.970,spor,spor,1.62,0,0,0
23c28f89-9419-4cb9-9cf9-b1b81330635e,1,1.000,teknoloji,teknoloji,2.01,0,0,0
23c2d263-559b-4343-bb85-ca68684f08ba,1,1.000,teknoloji,teknoloji,2.07,0,0,0
23c55585-7dd8-4e8e-b8da-1a575683e02a,1,1.000,edebiyat,edebiyat,2.37,0,0,0
23d035c4-1faa-499e-a37d-52c375fd2eff,1,1.000,spor,spor,2.19,0,0,0
23da29c3-2838-4776-81f7-fd283c58457a,1,1.000,cografya,teknoloji,2.46,0,0,0
23dfe6ae-4deb-4a73-9e32-56c3f8623882,1,1.000,spor,spor,2.05,0,0,0
23e7e3ca-8c9a-4b4b-9071-54c74f8cedc9,1,0.990,sinema,sinema,3.79,0,0,0
23e0e262-a11f-48c3-ba37-f44de27beca7,1,0.990,muzik,muzik,2.18,0,0,0
23ea4fbe-b3c8-444d-87f7-adc156ec4887,1,1.000,bilim,bilim,2.01,0,0,0
23f1d3f3-05b9-4d7e-a138-3cb740169c16,1,0.970,teknoloji,sanat,3.63,0,0,0
23f67979-bd53-4975-ae16-d155521c89e5,1,1.000,bilim,bilim,1.99,0,0,0
23f88bb5-b7a8-4098-846e-4869c7035c83,1,1.000,bilim,bilim,1.65,0,0,0
23f99efb-39af-47a2-87ed-48d0ca00dd8b,1,1.000,tarih,tarih,2.40,0,0,0
2400c36c-3ae1-4e95-9c53-07e84ad2e289,1,1.000,cografya,genel_kultur,1.94,0,0,0
23fb40a7-485f-4ef3-9828-9c10e83d0404,1,0.990,edebiyat,edebiyat,3.64,0,0,0
240911d0-963b-4fd5-85e9-074de80b112d,1,1.000,edebiyat,edebiyat,1.44,0,0,0
2416da4a-05de-4d31-9c57-be0c5dfcc33d,1,1.000,cografya,cografya,2.00,0,0,0
241ce632-13ab-4dfb-949f-d2f755811968,1,1.000,edebiyat,edebiyat,3.52,0,0,0
241ef441-ca7c-49f6-bb7a-b76e79271969,1,1.000,muzik,muzik,2.98,0,0,0
242bd54e-71fb-469c-9cbe-1f383b704fbb,1,0.990,tarih,tarih,2.51,0,0,0
2439b88d-c0fc-4f7f-9ea5-3d3fcc354e1d,1,1.000,cografya,cografya,1.78,0,0,0
244e0e4a-705b-4e1f-adf3-87e765ad0685,1,1.000,genel_kultur,edebiyat,2.15,0,0,0
242dd6a8-0dda-45e3-a2c3-5073b95a836f,1,1.000,sanat,sanat,2.12,0,0,0
2452e982-4681-48a0-9c4d-72c78ae9787d,1,0.960,edebiyat,genel_kultur,2.01,0,0,0
2461d4ee-18e8-4373-b768-8b26fd0497ce,1,1.000,sinema,sinema,3.01,0,0,0
246cdc91-3dfd-4460-9853-7041ec192773,1,0.090,edebiyat,edebiyat,3.37,0,0,0
246f3f09-254c-48f4-9618-2ec520b54b1a,1,1.000,sinema,sinema,3.58,0,0,0
2489a1a7-2235-4121-9de3-2ad0316b75ad,1,1.000,sinema,sinema,2.65,0,0,0
248b8d0f-b762-4a5e-893b-6e3da346bff5,1,1.000,teknoloji,teknoloji,2.15,0,0,0
24914155-9b27-4694-b098-6fdf0bff9103,1,1.000,edebiyat,genel_kultur,2.49,0,0,0
24958e25-4bc2-477b-8a72-b103e13f9220,1,1.000,spor,spor,2.14,0,0,0
2498d2cd-24dc-400c-a171-bd500ecaf05f,1,0.980,spor,spor,3.59,0,0,0
249bbf50-802f-4b6b-9fad-8a6c859b0f03,1,1.000,bilim,bilim,1.81,0,0,0
249df8dc-8980-4c79-9836-b5a9f9b8cf4b,1,0.920,cografya,cografya,3.28,0,0,0
24a0ecde-9246-4a9a-b3a3-34fb4a17a3fc,1,1.000,spor,spor,2.03,0,0,0
24a2be92-08af-4dee-af88-7e8f04c80faf,1,1.000,sinema,sinema,1.62,0,0,0
24a51bff-be23-433b-8c29-9d76f69fafed,1,1.000,muzik,muzik,1.99,0,0,0
24a2bf3e-bd1c-4331-8056-6ac9a6c15060,1,1.000,cografya,cografya,1.75,0,0,0
24a82730-0370-4153-aa1b-71f7839463bf,1,0.960,spor,spor,2.55,0,0,0
24b4db5d-d289-44fa-9f2f-0d1e48456c4b,1,0.930,tarih,tarih,3.37,0,0,0
24bc2683-223f-4c93-9c05-276e2c4ff7d9,1,1.000,edebiyat,edebiyat,2.61,0,0,0
24b66787-9ee6-4e80-a61d-f19d6ae6318b,1,1.000,teknoloji,teknoloji,2.17,0,0,0
24c0a5e4-5af0-4699-a49d-280f342d2f12,1,1.000,cografya,cografya,2.00,0,0,0
24ae2f64-cf65-4839-8c7f-b8de751aa23b,1,1.000,sinema,sinema,3.54,0,0,0
24cd4f81-6c3b-41b7-8f6a-953750660203,1,0.830,cografya,cografya,2.96,0,0,0
24d6babd-6ba7-4c79-946e-1cf9cedcfe5f,1,1.000,sanat,sanat,2.78,0,0,0
24d3a9a1-cb32-42ad-a881-97833a2d2c58,1,0.970,cografya,cografya,2.67,0,0,0
24dfe4e2-584d-4d7e-9815-9f83537f6c28,1,1.000,edebiyat,edebiyat,2.19,0,0,0
24e04e4e-23b3-41bd-80a5-63d51a200468,1,1.000,bilim,bilim,1.25,0,0,0
24e09a6e-9119-40c2-a437-b5a1eeb9d441,1,1.000,sanat,sanat,2.62,0,0,0
24f6cd2c-b2c9-4e3c-8435-a12c7169b38d,1,1.000,bilim,bilim,2.22,0,0,0
25176a4c-7814-4c76-87cd-3ed4301301b3,1,1.000,tarih,tarih,3.37,0,0,0
24fb5b4a-fe8f-49d6-9517-496eab6fe461,1,1.000,cografya,cografya,2.54,0,0,0
24f36bde-1f4e-4cbd-91d5-07da0b19be2b,1,1.000,muzik,muzik,1.92,0,0,0
251d212c-1488-435f-8d02-2577c6bf887b,1,1.000,spor,spor,2.03,0,0,0
251f9743-8f60-457c-acbd-0e1464a0c797,1,0.980,bilim,bilim,1.98,0,0,0
2543be5f-c8ff-48ba-9f44-63e07fa52f11,1,1.000,genel_kultur,genel_kultur,2.08,0,0,0
2543d123-60ba-47ec-aed4-6188a44dd381,1,1.000,teknoloji,teknoloji,3.18,0,0,0
25445f58-7080-4980-8c59-20e38981ed51,1,1.000,cografya,cografya,2.36,0,0,0
254726db-a535-4e9d-9f47-f0dd03f83405,1,1.000,tarih,tarih,1.90,0,0,0
255dfd17-fd7d-4880-8f41-c53c723c7710,1,1.000,sanat,sanat,2.93,0,0,0
256d9947-502b-4ae6-a51f-5306e9345a3b,1,1.000,bilim,bilim,1.92,0,0,0
25665e5f-c7ac-4b66-85fa-b25f00bc2688,1,0.980,sinema,sinema,3.82,0,0,0
25568233-4635-4b34-a812-290bd71c788f,1,1.000,sinema,sinema,1.75,0,0,0
2577c31c-9ffb-4e85-bfd5-a30b229be389,1,0.870,edebiyat,edebiyat,2.99,0,0,0
25971c96-bf0c-4956-8d89-e29d559eea63,1,1.000,sinema,sinema,3.38,0,0,0
259452eb-758b-4c21-bcb9-5f6b7e9a1eb0,1,1.000,tarih,tarih,2.20,0,0,0
258c9924-612d-4ad2-a8d0-3d4b2e959ee6,1,1.000,edebiyat,edebiyat,3.28,0,0,0
25829ff6-eb42-4ff1-a8ba-ebdc1760d799,1,0.970,spor,spor,2.35,0,0,0
259c1528-f582-4d42-be5c-9b9f4993ef95,1,1.000,muzik,muzik,1.50,0,0,0
25a1c73b-c752-44c2-864a-03ccff935890,1,1.000,sinema,genel_kultur,1.25,0,0,0
259c70dc-3845-4a99-b5e0-98798842124d,1,1.000,sinema,sinema,2.80,0,0,0
25a7caa4-3689-46b1-b183-04d258116f5d,1,1.000,spor,spor,1.74,0,0,0
25a84b7b-3071-4f4d-9844-7836bea7a40a,1,1.000,sinema,sinema,3.65,0,0,0
25a9bab6-0060-49ed-9e23-82a80797163f,1,1.000,cografya,cografya,1.76,0,0,0
25c35026-eeac-4f0f-8f92-817e3aa7981f,1,1.000,sanat,genel_kultur,2.48,0,0,0
25cb6216-f5c7-4763-ada0-8a33747f4749,1,1.000,genel_kultur,muzik,1.30,0,0,0
25c86c14-bf28-4293-bf16-5a4e0f66ebc4,1,1.000,sinema,sinema,2.53,0,0,0
259e1508-d4f8-4e4c-b7a7-2d44b299894b,1,1.000,sinema,sinema,1.74,0,0,0
25ccd185-274c-4d06-a9d4-bfb9901e8b89,1,0.990,tarih,tarih,2.20,0,0,0
25d66301-5e37-4f01-a94d-2df808f1b8cc,1,1.000,tarih,tarih,2.53,0,0,0
25e094d5-0aab-48ac-a228-76b30fd99026,1,1.000,sinema,sinema,3.04,0,0,0
25ddcbbd-58c2-4166-ba16-18c8fecb4edd,1,0.710,edebiyat,edebiyat,2.67,0,0,0
25e4f2dc-88f5-4456-882e-3bc922c4ba11,1,1.000,muzik,muzik,3.43,0,0,0
25ecd865-c140-4bff-bedf-f3e5db745ead,1,1.000,sinema,sinema,2.28,0,0,0
25e59f67-6c72-4a80-a07d-b09b7376c34b,1,1.000,edebiyat,edebiyat,3.21,0,0,0
25f05b6c-b36d-452e-91d1-857f7830e905,1,1.000,muzik,muzik,2.41,0,0,0
25f0c79b-b57a-4e11-aad3-91ed5eaeb9a9,1,1.000,tarih,tarih,2.04,0,0,0
25f0f4ca-4a7d-4a06-8094-3e433de266b8,1,1.000,genel_kultur,genel_kultur,2.33,0,0,0
25f493b9-68dc-4414-847d-589e0a4ac57d,1,1.000,muzik,muzik,2.62,0,0,0
25f88194-0e7b-4065-a651-e86ad4769d8f,1,1.000,tarih,tarih,2.54,0,0,0
25f4805b-78c8-45c1-8a50-5db1c5c625a7,1,1.000,sinema,teknoloji,1.92,0,0,0
25fd44ec-6e09-439a-94ac-85e704e68f52,1,1.000,teknoloji,teknoloji,3.18,0,0,0
260406e8-0e8a-4d66-baf2-d5bf7c2afae5,1,1.000,muzik,muzik,2.43,0,0,0
2609c35c-1aa9-4c9f-a400-6bf1eb5b7ec2,1,1.000,genel_kultur,cografya,2.00,0,0,0
260d42ab-0551-4a1a-8493-8ac8fccc8628,1,1.000,sanat,muzik,1.72,0,0,0
260f2807-4a86-43d6-8602-01b56c8cb2b9,1,1.000,muzik,muzik,3.35,0,0,0
2614471b-8919-4935-86c4-3d654048c562,1,0.990,cografya,cografya,2.27,0,0,0
261721ef-79f9-4dec-899d-da89e12f9e8f,1,1.000,teknoloji,teknoloji,3.04,0,0,0
2619aa7c-7483-4707-8a13-5e9332aa840f,1,0.780,cografya,cografya,1.49,0,1,0
261f410d-ed6b-445d-af12-bbd3342b2eb7,1,1.000,muzik,muzik,2.77,0,0,0
2617a91e-1c86-4812-acfd-bab1336428d6,1,1.000,cografya,cografya,2.30,0,0,0
26309ecd-2dc9-40d3-96e4-c5e24e5e24d5,1,1.000,teknoloji,teknoloji,2.39,0,0,0
26322cad-516a-4511-94ed-add291a6728f,1,1.000,sinema,sinema,2.30,0,0,0
2635225a-a32b-4bc0-a0f3-e5ec49f02629,1,1.000,genel_kultur,bilim,1.58,0,0,0
263db0ac-6524-4c17-8e8e-293580583484,1,1.000,sanat,sanat,2.19,0,0,0
2637b8fa-644e-4cd6-875f-71db7f2ae9c8,1,1.000,cografya,cografya,2.16,0,0,0
2644db9f-d107-4f88-8395-80dbd786ac92,1,1.000,sanat,teknoloji,2.72,0,0,0
264ae88e-87f9-412c-a1c1-a01fb84d90b9,1,1.000,teknoloji,teknoloji,4.01,0,0,0
26450f0c-aca6-4f03-a681-5ec75dd6428e,1,1.000,sinema,sinema,3.03,0,0,0
264e297b-85c7-4957-9775-309cba93c707,1,1.000,edebiyat,edebiyat,2.04,0,0,0
264b87aa-2f1e-4d54-810e-430b545b6800,1,0.980,cografya,cografya,2.77,0,0,0
26512669-5309-498e-a0cc-34d958c18b5e,1,1.000,teknoloji,teknoloji,2.56,0,0,0
2657ee35-c8b5-4bcf-8d47-1aa59b346769,1,1.000,edebiyat,edebiyat,1.88,0,0,0
265c8c70-70cc-42fa-a3ec-2f6872b6f3f1,1,1.000,cografya,bilim,3.30,0,0,0
265f00c9-c998-4c5d-94e7-ee9dbb05ea12,1,0.970,tarih,tarih,2.70,0,0,0
265f066d-b881-4246-ad1e-6b480b08718b,1,1.000,sinema,sinema,1.76,0,0,1
265e7aa8-fbf4-4264-8b5a-f7452ec90a71,1,1.000,cografya,cografya,2.25,0,0,0
26652468-faa3-4c9c-91f9-a37f7c6cff8a,1,0.910,teknoloji,teknoloji,3.33,0,0,0
2666d6aa-a371-4c12-8c0a-e6e9684a3ce4,1,0.990,sanat,sanat,2.03,0,0,0
2673cc3b-31bd-4f8a-9b87-dd4136462980,1,1.000,muzik,muzik,3.00,0,0,0
2675d03f-dc87-42e6-be89-841bf0bff92d,1,1.000,cografya,cografya,1.12,0,0,0
26657dcb-1bb6-4288-99ec-4318323d6b15,1,0.990,spor,spor,1.99,0,0,0
26801379-fb7f-4213-bad2-f517c8d00576,1,1.000,sinema,sinema,3.59,0,0,0
26847d00-b63b-404b-9c0c-8075c4c40a9b,1,1.000,sinema,edebiyat,2.43,0,0,0
2690bd36-8784-4375-9d31-d92e04b56d1e,1,1.000,genel_kultur,bilim,1.01,0,0,0
268e4d85-0d5e-45f4-bd1d-93c5daec0b46,1,1.000,spor,spor,2.18,0,0,0
2693038e-e0d6-408d-a8a0-41e84f2dea48,1,1.000,sanat,sanat,3.23,0,0,0
26a04d8d-56d7-495c-8109-e12d386f6023,1,0.990,cografya,cografya,2.14,0,0,0
2698b5c3-22e0-4c17-87eb-3f7fbbecbf81,1,1.000,genel_kultur,bilim,1.98,0,0,0
26a4553e-146a-40f5-8c30-243f3b3d79c8,1,1.000,spor,spor,1.90,0,0,0
26a2c97a-b514-4b6b-acd7-ca929c80156b,0,0.120,edebiyat,edebiyat,3.23,0,0,0
26b701ec-e114-4b0d-a507-f224baf2f8d5,1,1.000,spor,spor,1.51,0,0,0
26c6e8e9-7453-4b33-95f4-4859259eb2e6,1,1.000,muzik,muzik,3.21,0,0,0
26bdc79e-1a92-4c3f-a178-8baee4a1cc11,1,1.000,teknoloji,teknoloji,2.32,0,0,0
26b78055-0bd4-4dc5-97f9-05c27a9612ce,1,0.950,spor,spor,1.77,0,0,0
26cae067-350d-4cb4-81d6-47c61ec0bf36,1,0.780,edebiyat,edebiyat,3.49,0,0,0
26d365cf-bbae-4e9d-8f96-6eb53a2e63e7,1,1.000,spor,spor,1.48,0,0,0
26dcfb4f-6053-47e7-bf8c-3f25ab3d37a8,1,1.000,sinema,sinema,2.91,0,0,0
26e022d2-2de3-4a7b-a47e-87a8151067b3,1,0.990,bilim,bilim,2.13,0,0,0
26f67e09-f311-497a-8637-3361248e2869,1,0.930,muzik,muzik,2.48,0,0,0
26fffc32-81b6-453a-9594-63e72f9608cf,1,1.000,bilim,bilim,2.27,0,0,0
2703ec68-28cb-406c-bf1f-3015e690babc,1,1.000,muzik,muzik,1.74,0,0,0
2704ff30-6b7f-49ae-b63f-77ea18a7e669,1,0.980,spor,spor,2.56,0,0,0
27064601-6ce9-47b3-a54b-ab7ca10134fb,1,1.000,sanat,sanat,2.00,0,0,0
270ccc04-168a-4d13-a717-e2864f8672f1,1,1.000,muzik,muzik,3.31,0,0,0
2719ea7e-dc33-4242-8576-367ef1ecf7b9,1,1.000,cografya,cografya,1.96,0,0,0
270cd3c9-73f4-41d6-a817-32c43c9c3eb2,1,1.000,cografya,cografya,2.18,0,0,1
271b8ef0-ab54-4e4d-bd6a-9f649e447ff9,1,0.280,sinema,sinema,3.97,0,0,0
2721eb1b-0b29-4c4a-83f6-fdca5bd9adfd,1,0.660,tarih,tarih,2.23,0,0,0
271bf72a-b6c9-4b86-a4f0-ae2a60ef96dd,1,1.000,spor,spor,2.35,0,0,0
27255261-dd1f-4d0d-b63b-bf3cdc50aa48,1,0.990,genel_kultur,genel_kultur,1.83,0,0,0
2729e9e7-bb4a-4f4c-ab58-488cfd7ea613,1,1.000,muzik,muzik,2.89,0,0,0
272e9691-1b75-4f46-8816-06f4a6692905,1,1.000,sinema,sinema,2.63,0,0,0
27366326-e84b-411a-a1d1-e61d77cb9dee,1,1.000,genel_kultur,genel_kultur,1.00,0,0,0
273ede0f-0de9-47dc-84f4-643b0af9308b,1,0.940,edebiyat,edebiyat,3.69,0,0,0
27476273-77ed-4032-9164-09e1a7c02880,1,1.000,teknoloji,teknoloji,3.12,0,0,0
274e9060-7ac6-40c6-92df-cb65cd3532e4,1,1.000,muzik,muzik,2.03,0,0,0
2750c56f-272d-45d1-805f-0db5301c4443,1,1.000,tarih,tarih,2.58,0,0,0
2752095c-e157-4acc-ac77-da47d303a5d1,1,1.000,cografya,cografya,1.97,0,0,0
2753c0fd-fed1-4011-8075-427a3e61e0ee,1,0.990,spor,spor,3.64,0,0,0
275830e6-231b-4e99-a3f0-766c610506ff,1,1.000,sanat,sinema,1.85,0,0,0
276388ca-2956-4316-83b7-586f41b97b96,1,1.000,teknoloji,teknoloji,2.10,0,0,0
2765dcf3-b52b-4ac6-b97f-4b2ad0955947,1,1.000,muzik,muzik,2.55,0,0,0
276e9f69-639b-432b-a6f2-bdc4fb8ed091,1,1.000,tarih,tarih,2.43,0,0,0
276f0a8b-73c4-42be-9563-fd9f3f120788,1,1.000,bilim,bilim,1.73,0,0,0
27719fee-2800-4000-9282-78c147f3fa31,1,1.000,sanat,sanat,2.31,0,0,0
27851994-04db-4ca5-9868-ea97c2ab7e8e,1,1.000,teknoloji,teknoloji,3.21,0,0,0
2783690d-c8cb-42ab-8481-ca77d1628230,1,1.000,genel_kultur,genel_kultur,1.24,0,0,0
2786a1dc-671b-4b35-b9ae-0eaa3cb868e8,1,1.000,genel_kultur,bilim,1.71,0,0,0
2790e093-e6db-4eff-9434-202e6e261b14,1,1.000,spor,spor,2.87,0,0,0
2796e385-f5d9-415a-a192-bf4ee7740869,1,0.840,sanat,sanat,4.09,0,0,0
27a1d749-1920-498d-a012-f760086668bf,1,0.930,spor,spor,3.66,0,0,0
27a9920f-493d-4161-9673-50ac3273873f,1,1.000,sinema,genel_kultur,1.29,0,0,0
27c21615-bdfb-41b2-a6c1-43a481eb349c,1,0.990,tarih,tarih,1.99,0,0,0
27b700ef-6392-4cc2-a0a6-16fe385a2c86,1,1.000,cografya,cografya,3.00,1,0,0
27ba147e-b843-422f-b523-4fd075db717c,1,0.990,spor,spor,1.16,0,0,0
27c46004-1891-4102-b1ba-d603a2679532,1,1.000,sinema,sinema,2.43,0,0,0
27c598af-a189-4b8c-9194-849d1126d67e,1,1.000,genel_kultur,cografya,2.45,0,0,0
27cf2e14-93d9-4adf-8d19-4b24f0aefebd,1,0.300,cografya,cografya,3.19,0,0,0
27c7e21e-0b19-488a-adaa-ee24dcdda7e4,1,1.000,edebiyat,edebiyat,2.99,0,0,0
27e47d59-d966-4815-b1ef-ec1b3046df7c,1,1.000,sinema,sinema,3.72,0,0,0
27f0aef2-b859-482f-a668-6a52486e531c,1,1.000,sinema,sinema,2.39,0,0,0
27f22710-f307-4f59-90fb-a7b7e9dbc8e6,1,0.940,tarih,tarih,2.17,0,0,0
2819d372-52d3-49aa-942c-27ec6b7553a3,1,1.000,sanat,sanat,2.27,0,0,0
2814f923-e311-435d-80a0-03e87debbcde,1,1.000,tarih,genel_kultur,3.31,0,0,0
282c28d1-def0-48d0-8686-8c802b6008cf,1,1.000,spor,spor,1.81,0,0,0
27f7e270-909e-41b0-b660-3795bf79817a,1,1.000,genel_kultur,genel_kultur,1.57,0,0,0
2825a295-d5f3-47d5-a67a-eac6f1c9c147,1,1.000,sanat,teknoloji,2.49,0,0,0
284c35f4-aaa7-4679-9a78-95a89b9dee0b,1,1.000,cografya,cografya,1.88,0,0,0
2832b717-b32a-4311-864c-74d9cb6b30d9,1,1.000,muzik,muzik,2.75,0,0,0
2857774b-bd21-4a32-b982-46abba846a44,1,1.000,muzik,muzik,2.03,0,0,0
285a33f9-b51e-4ec1-8c37-4a357794bd4d,1,1.000,cografya,cografya,2.96,0,0,0
2855e766-b61c-4d89-a3a8-b58000b6a9c6,1,1.000,cografya,cografya,1.74,0,0,0
285ba21d-aeb7-458b-8488-a3b05a8bc4fc,1,1.000,genel_kultur,genel_kultur,2.15,0,0,0
2860f06d-e629-4f86-a21d-ec29e935070e,1,0.990,cografya,cografya,3.19,0,0,0
28615d8d-6797-46c6-a6da-9a013e35a2d8,1,1.000,cografya,cografya,2.62,0,0,0
2867a04c-e443-411c-9962-01021733b266,1,0.950,sinema,sinema,2.43,0,0,0
28675af0-c011-4f51-a785-bd61ea6cbf29,1,1.000,edebiyat,edebiyat,2.01,0,0,0
2867aae5-d440-40d2-ba74-225c855da281,1,1.000,sanat,sanat,1.36,0,0,0
286d801e-5568-475a-b1ca-c742995304a5,1,1.000,spor,spor,2.10,0,0,0
28703b1f-9a60-4b0f-bb7c-e6e8ade5372c,1,1.000,genel_kultur,genel_kultur,1.96,0,0,0
28723b5e-4c3e-40a7-92a8-ce91f43ede94,1,1.000,sanat,sanat,2.47,0,0,0
28723064-7a9a-4814-8062-c9913114dd1f,1,1.000,teknoloji,teknoloji,2.62,0,0,0
2878e76b-b994-4708-b88b-ac3cb1c2de20,1,1.000,sanat,tarih,2.10,0,0,0
287e73d4-df2e-4a20-8a99-0872226c6494,1,1.000,bilim,bilim,1.85,0,0,0
2881ae68-c26c-489e-9703-21a486b5aff2,1,1.000,muzik,muzik,1.71,0,0,0
2881cd38-3551-41f4-b7c9-6318b2a0a914,1,0.440,cografya,cografya,2.49,0,0,0
287f507e-8a62-4059-a1fa-8c51a4841cff,1,0.980,tarih,tarih,2.80,0,0,0
28890522-bc40-44e4-9fb5-197a4a14055b,0,0.460,bilim,bilim,1.88,0,0,0
288b5de3-debb-498e-9d22-ab73d883b651,1,1.000,sinema,sinema,2.30,0,0,0
2895214a-5ce5-48e5-b595-70e89504e809,1,0.870,cografya,cografya,2.75,0,0,0
288a5b53-4ac1-4656-ae77-a5cb473f0d53,1,0.950,spor,spor,2.53,0,0,0
28a45963-f41c-4e2e-9a9b-0fd7ab405b49,1,1.000,tarih,tarih,2.49,0,0,0
28b8f016-1dc9-4afa-ae9e-5b4b6e9b39f2,1,1.000,muzik,teknoloji,2.75,0,0,0
28cc0e74-6217-4eee-b261-fe3312439c18,1,1.000,bilim,bilim,2.42,0,0,0
28e5adbb-1c10-4249-976c-ce6d7aa0de20,1,1.000,muzik,muzik,2.68,0,0,0
28dba416-4e10-45e9-baea-b57086fec585,1,1.000,sanat,sanat,2.50,0,0,0
28da4c24-1ac2-4ae4-a433-9dc216ae1640,1,1.000,sanat,muzik,2.81,0,0,0
28e7389b-fe4e-4d49-9ce8-96e585378891,1,0.980,genel_kultur,edebiyat,1.50,0,0,0
28e7bc25-89c8-4612-8823-adf31ff17895,1,1.000,tarih,tarih,2.49,0,0,0
28f367df-bef4-483a-8810-d2dcf8228efc,1,1.000,tarih,tarih,2.81,0,0,0
28e88bae-4f55-4f8a-9612-96a7ea2fbdd1,1,1.000,teknoloji,teknoloji,2.78,0,0,0
28fc1bc5-7210-409f-aae5-98afff914489,1,1.000,sanat,sanat,3.38,0,0,0
2914c00f-2733-4df8-97eb-0b315629a1ad,1,1.000,cografya,cografya,2.11,0,0,0
2911c63c-5a64-484d-bb86-172a5b84e43a,1,1.000,cografya,cografya,1.65,0,0,0
2904cb80-cd16-4d67-a1f8-094bd60aefc8,1,1.000,sanat,tarih,2.68,0,0,0
29211df6-9b2b-4058-b234-0ae0b50ce41a,1,1.000,cografya,bilim,2.03,0,0,0
28f5d1a8-8de3-4723-a44e-a038131ba14f,1,1.000,sinema,sinema,2.02,0,0,0
292d5287-0f48-4452-a906-577af300915e,1,1.000,spor,spor,2.46,0,0,0
292e61d9-17d5-40a3-827c-98a24f807426,1,1.000,genel_kultur,cografya,1.39,0,0,0
2931fab7-ec8e-4ada-be25-351e8c0cfff3,0,0.250,sinema,sinema,3.71,0,0,0
2934ba18-0c75-4d98-8acd-d37ab7c065bb,1,1.000,spor,spor,1.43,0,0,0
293b9fbc-2a88-4e16-b311-7b84d248cda0,1,1.000,muzik,muzik,2.34,0,0,0
293f4b25-fffe-4768-9eb4-6452bf7e8d27,1,1.000,muzik,muzik,3.28,0,0,0
29447a81-30e2-447f-bbba-5fd6fb24312e,1,1.000,tarih,tarih,1.77,0,0,1
2945f09e-29f0-4a4f-a70e-de296fc1c15d,1,1.000,tarih,tarih,1.72,0,0,0
29478271-e358-4252-9cbe-1d1e786884f8,1,1.000,sanat,sanat,3.15,0,0,0
29573471-18e8-4344-9515-7de17cdcc90d,1,1.000,edebiyat,edebiyat,2.93,0,0,0
29546f85-342a-4f0a-a24a-f71c745f0082,0,0.200,cografya,cografya,2.73,0,0,0
295d7842-9961-41f3-8381-72e17773669f,1,1.000,tarih,tarih,2.78,0,0,0
296006e1-ce9e-43cc-9d5e-2d488524c5db,1,1.000,genel_kultur,tarih,2.04,0,0,0
29646e12-8db2-4cc2-a686-b28e59b07c3b,1,0.980,edebiyat,edebiyat,2.94,0,0,0
296871b3-8cc2-4db4-a5f5-0a7d39fe955d,1,1.000,genel_kultur,genel_kultur,1.46,0,0,0
296b9855-0679-49d2-bf38-2f77fb47bfcd,1,1.000,edebiyat,edebiyat,3.19,0,0,0
297057c1-fdfe-4a74-a9b1-7a4c06fc4e91,1,1.000,sanat,sanat,2.95,0,0,0
29786aef-5afc-49ec-a781-b2c1f1cf993f,1,0.360,spor,spor,2.00,0,0,0
297afb2d-a25e-4864-bc70-f00c64390298,1,1.000,cografya,genel_kultur,2.41,0,0,0
2986b92f-f814-4d2f-8634-9b81384200b1,1,1.000,spor,spor,1.90,0,0,0
297dbe8e-e338-4f37-b7be-30486f7f476c,1,1.000,sinema,sinema,1.67,0,0,0
298a98f1-c702-4e81-b7ee-b40f3ec85f07,1,1.000,teknoloji,teknoloji,2.48,0,0,0
2992dc9b-a432-44d2-b22f-d562a1ecba55,1,1.000,muzik,muzik,3.42,0,0,0
299b54f0-9110-4e98-b51a-ce827a07b2a0,1,1.000,cografya,cografya,2.43,0,0,0
29a1e4b1-bfa0-4813-b784-044d5eb10739,1,1.000,sanat,sanat,2.95,0,0,0
29a2308d-1c4a-44e1-a82d-16e5fc42f9c1,1,1.000,bilim,bilim,1.87,0,0,0
29a41ea9-a652-491f-beac-5a330c5bd42c,1,1.000,sanat,sanat,3.19,0,0,0
29a043b5-585a-42a3-bfc9-a432078df38d,1,1.000,teknoloji,teknoloji,2.69,0,0,0
29a6d334-aeb5-46be-854a-e8a8b67c6d4e,1,1.000,cografya,cografya,2.09,0,0,0
29a74026-0d99-461a-90c9-a2928277f70c,1,0.660,cografya,cografya,2.37,1,0,0
29a80c29-ca0c-4869-924f-3a9e877d2fff,1,1.000,teknoloji,teknoloji,1.67,0,0,0
29b2b40a-3418-4c98-9f38-358452847b4a,1,1.000,spor,spor,2.68,0,0,0
29acdb46-0e7a-46f7-aab5-899cc4acbd17,1,1.000,spor,spor,2.76,0,0,0
29b5ff19-05f2-4597-a197-52065e403ba2,1,1.000,cografya,genel_kultur,2.70,0,0,0
29bbd422-3a43-4750-b012-35e66d572c69,1,0.990,muzik,muzik,2.00,0,0,0
29ba991e-fcdd-4974-8eed-290472efef2d,1,1.000,sanat,sanat,1.84,0,0,0
29bdde39-8e29-4132-8ac0-178ba239e9ea,1,1.000,spor,spor,1.11,0,0,0
29be1a34-e9f4-4c71-9e76-20f58d83e820,1,1.000,sanat,muzik,2.50,0,0,0
29bef700-1284-4c93-b99b-ab40cdc138d3,1,1.000,sinema,sinema,3.05,0,0,0
29c9d916-a528-4efa-951a-8b19e662c5ba,1,1.000,edebiyat,edebiyat,2.08,0,0,0
29d7d12a-cd34-4dbe-8abc-9a5be94bf7c4,1,0.970,spor,spor,1.89,0,0,0
29dbcfdc-adc0-4306-8800-a02e653ad80c,1,1.000,bilim,bilim,1.71,0,0,0
29ddfb4e-6171-4c8a-b3b0-571ebd1f4e98,1,0.990,sinema,sinema,3.50,0,0,0
29e4be69-5cdd-4420-888c-b7be718de415,1,0.840,muzik,muzik,3.60,0,0,0
29ed645a-1126-4240-a0e6-7af4dfc8dd53,1,0.990,spor,spor,2.06,0,0,0
29f149dc-46e1-49d2-be99-7c8937455b01,1,1.000,sinema,sinema,2.59,0,0,0
29f6fe11-e587-4586-a610-13e767f002c6,1,1.000,spor,spor,2.12,0,0,0
29fe81a1-c7e8-4d63-80b7-c6cc74931f91,1,1.000,sinema,sinema,2.31,0,0,0
2a053c48-af13-4cb0-b28c-5e625a41fad5,1,1.000,spor,bilim,1.64,0,0,0
2a0ab032-ea02-4a32-959f-936cfbf69b29,1,1.000,muzik,muzik,2.24,0,0,0
2a0eebc8-1df5-4b96-a6bd-cb4143535741,1,1.000,bilim,bilim,1.19,0,0,0
2a143355-a65e-465e-9be6-0c4674236e2c,1,0.880,cografya,cografya,2.91,0,0,0
2a1580a1-bc19-4fe2-93b9-2ebe3c3ceae1,1,1.000,sanat,sanat,3.37,0,0,0
2a175fa2-ac99-4406-a807-580f8942c28a,1,1.000,teknoloji,teknoloji,3.58,0,0,0
2a224e01-3d7f-4452-90b8-778c2847e726,1,1.000,sinema,sinema,3.32,0,0,0
2a2435ad-d0c9-47f2-bdd9-f33a41f5c253,1,1.000,sanat,sanat,2.33,0,0,0
2a273ac3-c89b-4c1a-98e8-bfaf2e1e693e,1,1.000,tarih,tarih,2.11,0,0,0
2a2f322b-fd41-46b1-bdff-3fe20aaf36d5,1,1.000,sanat,genel_kultur,1.07,0,0,0
2a2e0c84-3c91-46a7-8bc0-65248dbaf3ef,0,0.410,edebiyat,genel_kultur,2.36,0,0,0
2a50d433-d469-40b8-82bc-5a1ddb297554,1,1.000,cografya,cografya,2.02,0,0,0
2a3f1996-da38-4ccc-b16a-13157a8bb61f,1,0.870,spor,spor,1.88,0,0,0
2a5c7544-2871-49dc-8659-0fa4801172cd,1,1.000,bilim,bilim,2.02,0,0,0
2a5eb235-2e04-4312-8fe3-1d422934cbe5,1,1.000,genel_kultur,edebiyat,2.33,0,0,0
2a5cca6b-251c-4d02-a27f-6c45303d7b4f,1,1.000,teknoloji,teknoloji,4.07,0,0,0
2a63e16f-e9dc-4531-937d-6af656cbc583,1,1.000,sanat,sanat,2.76,0,0,0
2a6a62f5-2712-4aa7-879a-4118cceab647,1,0.990,cografya,cografya,2.60,0,0,0
2a6b1d1e-12b2-4c19-a0bf-c39ebedb4fda,1,1.000,sanat,genel_kultur,1.83,0,0,0
2a713aef-1de1-4092-811e-41aef6492971,1,0.990,cografya,cografya,2.87,0,0,0
2a6eee46-9c09-4290-94c7-7393fa1ba9ad,1,1.000,sinema,sinema,3.74,0,0,0
2a7bddb9-676c-4354-9e87-54d5404a8a22,1,1.000,genel_kultur,genel_kultur,1.95,0,0,0
2a7a6ce3-d350-4b17-b4fe-a7cb123b5f12,1,0.970,cografya,bilim,1.64,0,0,0
2a7f0f9d-e7c4-4fde-b225-4c2e392c2acc,1,1.000,edebiyat,edebiyat,3.03,0,0,0
2a9c9eb3-d429-4803-a6ed-fc495b363a37,1,1.000,tarih,tarih,1.99,0,0,0
2a8946e2-c740-40b0-8668-09375c561342,1,1.000,sinema,sinema,2.29,0,0,0
2a9fbdee-48ff-4ecb-b06e-a2e3058f6306,1,1.000,muzik,muzik,2.27,0,0,0
2aa063db-cc42-47b2-841d-b8ff303706c8,1,0.990,edebiyat,edebiyat,3.28,0,0,0
2aa40ce2-9e96-4664-acdb-950f9d860ff0,1,1.000,genel_kultur,genel_kultur,1.61,0,0,0
2ab85adb-8312-4a09-afcb-4d33e6f0e408,1,1.000,cografya,cografya,2.50,0,0,0
2aaeb3c2-609e-4739-a333-4c0c6f251647,1,1.000,cografya,cografya,2.28,0,0,0
2abe7d4a-d42c-4844-8e4c-27eacd2720e9,1,1.000,sanat,sanat,2.47,0,0,0
2ad5bf4a-c89a-4529-ab92-6fd4d12e3711,1,1.000,sinema,sinema,3.13,0,0,0
2acf1235-be6f-4752-bd73-d4bb274ffe3e,1,1.000,sinema,sinema,1.59,0,0,0
2ae4fccd-0594-400c-bbc9-ef3b2669cda8,1,0.970,spor,spor,2.29,0,0,0
2ae35cef-a68f-44d6-bb3c-cd01a375ee56,1,1.000,genel_kultur,bilim,1.28,0,0,0
2ae8e0e0-4ded-4a8f-8e7f-b9997608e8dc,1,1.000,sinema,sinema,2.23,0,0,0
2af56701-8d52-4cab-955e-6156a5e1d7f6,1,1.000,tarih,tarih,2.79,0,0,1
2af14afd-9eb4-4613-9658-fa9d37349759,1,1.000,cografya,cografya,1.58,0,0,0
2afe9668-442e-42ea-9c5f-e57f62f92945,1,1.000,teknoloji,teknoloji,2.06,0,0,0
2af64b42-ecc8-4a6a-871e-0ba7316e160b,1,0.550,edebiyat,edebiyat,3.86,0,0,0
2b00e00e-18f3-45f8-b98a-a70eb6fc9071,1,1.000,sanat,sanat,2.49,0,0,0
2b014330-b4ad-41c5-ba99-647c9ee9adfe,1,1.000,spor,spor,2.77,0,0,0
2b0327c5-1f3f-45d6-a426-5e4d630611b3,1,1.000,sinema,bilim,2.67,0,0,0
2b038f56-cff3-4622-ac88-cf89a5978e3b,0,0.330,tarih,tarih,3.55,0,0,0
2b019b36-b265-4923-91ec-a7e80bccd48a,1,1.000,sinema,sinema,2.10,0,0,0
2b11b564-72be-4a7c-bdb4-44934a6d9e54,1,1.000,cografya,cografya,2.71,0,0,0
2b2a2822-3877-40af-ad03-e2b0dfa57dea,1,1.000,muzik,muzik,1.18,0,0,0
2b2d5c5c-80ed-41c5-9f51-cbbbb43a5472,1,1.000,muzik,bilim,1.95,0,0,0
2b3079f1-5668-4c5b-af8c-7731e464e1ae,1,1.000,cografya,bilim,1.36,0,0,0
2b35aeea-745f-456d-8468-11d8921f0999,1,1.000,spor,spor,1.24,0,0,0
2b39b481-7033-4aaa-8710-4015f275806e,1,1.000,muzik,muzik,2.85,0,0,0
2b423407-079b-4034-96a5-2aa2ecbc9ee2,1,0.940,edebiyat,edebiyat,2.70,0,0,0
2b4711f4-f13e-4d7e-bf2d-ccc7d5f4bf96,1,1.000,cografya,cografya,1.88,0,0,0
2b4352df-af38-4f11-b81e-50981ceb74e1,1,1.000,sanat,sanat,3.44,0,0,0
2b4954da-ccb5-49ee-bdb3-dd9745edf44f,1,1.000,edebiyat,edebiyat,2.30,0,0,0
2b557e78-73aa-4f07-ab3c-2794c8d609b6,1,1.000,sinema,sinema,3.23,0,0,0
2b6f5a5f-98c8-43fe-b2db-db6ab69e8cdf,1,1.000,sinema,sinema,1.59,0,0,0
2b699aca-e133-4762-a454-b069a6a2ba14,1,1.000,muzik,muzik,3.28,0,0,0
2b72df35-faa0-433e-81e5-cef15cb2a0bb,1,1.000,sinema,sinema,2.28,0,0,0
2b82d393-9916-4a76-b6ef-861c1fa08201,1,1.000,sinema,sinema,1.56,0,0,0
2b8a3da1-01e3-4f07-b8a2-5b06c20c7948,1,1.000,teknoloji,teknoloji,1.93,0,0,0
2b8b28d2-7c14-4f41-8eac-9285eb588429,1,1.000,sinema,sinema,2.79,0,0,0
2b944c63-c415-4db1-851e-552b5b613f88,1,1.000,cografya,cografya,2.33,0,0,0
2b9b6a43-59ec-4102-9842-628ccadc0f3a,1,0.990,tarih,bilim,3.69,0,0,0
2ba6c248-1364-45b9-95aa-3591dab696eb,1,1.000,genel_kultur,bilim,1.91,0,0,0
2bacb2a7-0618-43e2-b004-4f84233db121,1,1.000,sanat,sanat,2.59,0,0,0
2bb0c5cc-ac9f-45a4-98d7-9177c9b83810,1,1.000,sanat,sanat,2.03,0,0,0
2bb5ac23-ca37-43a0-a572-cf780c08bb07,1,1.000,sinema,sinema,2.87,0,0,0
2bb8c818-4581-4dbd-ab2c-c0256636c2e4,1,0.800,tarih,tarih,3.04,0,0,0
2b8bc077-fa5f-47c0-b155-f8fd0529afdd,1,1.000,cografya,cografya,2.17,0,0,0
2bc13bc2-cf6f-4322-b659-0ddd8b4aa085,1,1.000,genel_kultur,bilim,1.59,0,0,0
2bbfaa2d-1ab6-4ed5-9a18-10cba1a3a82f,1,1.000,bilim,bilim,2.04,0,0,0
2bcd6e43-2dee-47e3-9cca-1affe19b903a,1,1.000,edebiyat,edebiyat,2.27,0,0,0
2bc2bfe5-0411-459d-838c-a11c6069d319,1,1.000,edebiyat,edebiyat,3.20,0,0,0
2bcda93c-29eb-4877-919a-6a6e0fde0adc,1,1.000,cografya,cografya,2.91,0,0,0
2bd1f6a1-157e-4daa-b912-03d49b11bfed,1,1.000,sanat,sanat,2.01,0,0,0
2bd5fe33-d68f-4830-b28a-e1f32c639e2d,1,1.000,sinema,sinema,1.75,0,0,0
2bd40f64-e6ef-4ac5-ba4d-4897868cabf3,1,1.000,sanat,sanat,2.59,0,0,0
2bd99b4d-c8e3-43f0-a15b-4bb1746a05f6,1,0.980,spor,spor,2.93,0,0,0
2be01409-bbef-4c23-b1c7-81c822ea7dc0,1,0.160,muzik,muzik,3.97,0,0,0
2c0612b3-4867-4fb8-aae8-0bb7f1b89ffa,1,0.990,edebiyat,edebiyat,2.32,0,0,0
2c0d8712-80b5-4a74-99c8-ca54419a3078,1,1.000,cografya,cografya,1.92,0,0,0
2c0b87c6-03ad-4988-b043-dfac0b88bd80,1,0.980,tarih,tarih,2.45,0,0,0
2c1a0ab1-8028-4a52-acc1-8f109dbddf18,1,1.000,cografya,cografya,2.09,0,0,0
2c1d3ff8-cc15-42b9-9fe1-73a4c1b3aa65,1,1.000,muzik,muzik,1.67,0,0,0
2c2610df-f31a-49c1-b928-987e6859d7f7,1,1.000,teknoloji,teknoloji,4.06,0,0,0
2c2a150d-8001-4cad-b2cd-fecf60bcb049,1,1.000,spor,spor,1.75,0,0,0
2c263cb4-e9bd-475d-a620-0c2231a9b998,1,1.000,muzik,muzik,2.93,0,0,0
2c2af05c-0ffd-4d25-b160-90061d2d1323,1,1.000,cografya,cografya,1.87,0,0,0
2c2fc8e8-6a7a-4b8b-835e-44df90d2cad9,1,0.990,muzik,muzik,2.63,0,0,0
2c3d49e5-fdf8-4054-9d77-0717708ed688,1,1.000,edebiyat,edebiyat,2.74,0,0,0
2c33d618-49de-4e78-b6ee-bd8e536fbb08,1,1.000,sanat,sanat,3.04,0,0,0
2c46a8d8-ca28-413f-a7fb-a1828c3c2641,1,1.000,bilim,bilim,1.96,0,0,0
2c4f3937-9aa6-4602-a840-9ff696c79ec0,1,1.000,sinema,sinema,1.77,0,0,0
2c4fcbee-5019-4a1d-8427-01fb635c7d9e,1,0.460,cografya,cografya,3.00,0,0,0
2c522c26-13f8-4721-a610-422a32b593ee,1,1.000,teknoloji,genel_kultur,2.49,0,0,0
2c5864cb-0ba7-4370-bab4-67a38d24ac23,1,1.000,genel_kultur,genel_kultur,2.88,0,0,0
2c557f3f-15b1-4298-8b92-c2f40da13bd5,1,1.000,tarih,tarih,2.50,0,0,0
2c59b9ff-165e-43c8-958b-8ba812947fa6,1,1.000,sinema,sinema,2.91,0,0,0
2c5d6c3a-f774-4465-9058-1b2473dddc08,1,1.000,teknoloji,teknoloji,2.05,0,0,0
2c653944-6dae-4625-8596-719b5de6be46,1,1.000,teknoloji,teknoloji,2.42,0,0,0
2c621a69-1f71-4fdc-a010-6b47acd71cff,1,1.000,spor,spor,3.30,0,0,0
2c6571cd-3a9b-40e2-b28a-5694df5b66d6,1,1.000,genel_kultur,genel_kultur,1.12,0,0,0
2c67aef6-4d7f-421d-bc14-39eb1134f233,1,1.000,tarih,tarih,2.11,0,0,0
2c6e4f28-582c-4b6c-9f39-6d08052b77e3,1,1.000,edebiyat,edebiyat,1.90,0,0,0
2c8df573-10e5-4abc-96dc-495efc3100da,1,1.000,sanat,sanat,2.78,0,0,0
2c7049b6-153d-4bb2-b351-47357259d7f3,1,0.910,cografya,cografya,2.52,1,0,0
2c96c544-e088-48ac-8156-9dbd688f45a9,1,1.000,cografya,cografya,1.77,0,0,0
2ca0d5a3-f253-4e63-a982-ff5e3807b69c,1,1.000,muzik,muzik,2.43,0,0,0
2ca2acba-d71a-4276-920c-7e005f72e315,1,1.000,cografya,bilim,2.06,0,0,0
2ca543ad-9d74-4e52-9493-c004f8df8852,1,0.770,edebiyat,edebiyat,3.10,0,0,0
2ca230ca-1d06-4d59-8015-5dc868e405cb,1,1.000,spor,bilim,2.01,0,0,0
2cb7693e-aad3-4095-b1d4-90ad6e64db39,1,1.000,sanat,sanat,2.87,0,0,0
2cc19d49-cc64-4c90-9e2c-1d7e87fd288a,1,1.000,tarih,tarih,1.59,0,0,0
2cc61edd-d616-472f-a7d8-24c341c91040,1,0.680,spor,spor,2.77,0,0,0
2cc80115-5f75-4c01-b52d-261d13040ede,1,0.800,edebiyat,edebiyat,3.53,0,0,0
2cda42f1-e050-4a6a-ac62-a5d8dacf1c0c,1,1.000,muzik,muzik,1.70,0,0,0
2cd48755-1313-4df6-98fe-bd70536d03bf,1,0.980,muzik,muzik,2.29,0,0,0
2cf4f0a3-e52a-4ce1-a06a-892a093ff9a9,1,1.000,muzik,muzik,1.95,0,0,0
2d08ddd7-eb46-4511-a18f-304b606bb175,1,1.000,cografya,bilim,2.03,0,0,0
2d087880-4f3e-4a8a-9cb7-03f889c997a5,1,1.000,cografya,cografya,2.19,0,0,0
2d13f3ea-6369-4d3f-a0c8-d64478aa2886,1,1.000,teknoloji,tarih,2.70,0,0,0
2d0ba53e-fbfd-4048-933a-08964d5bd97c,1,1.000,teknoloji,teknoloji,1.34,0,0,0
2d14c3ad-56c6-4eeb-a1ad-e2faec50762b,1,1.000,muzik,muzik,3.40,0,0,0
2d189324-4c52-4655-a1e3-9f0962003350,1,1.000,spor,spor,2.15,0,0,0
2d1e785f-6eea-4142-82df-80f11a74186f,1,1.000,sanat,sanat,1.17,0,0,0
2d211ce0-aa85-4e2e-a9d6-5c2c41be82dd,1,1.000,bilim,bilim,2.01,0,0,0
2d2715c8-a0f0-4274-9066-01a043d8d0d0,1,1.000,spor,spor,3.24,0,0,0
2d2faafa-219b-42ff-abb5-71c0a2b03ea5,1,1.000,teknoloji,teknoloji,2.53,0,0,0
2d30f204-e5b0-4797-8288-c0d7ed3f4a8f,1,1.000,teknoloji,teknoloji,2.12,0,0,0
2d36ee81-4720-43a3-a53f-d78cd833a03b,1,1.000,genel_kultur,genel_kultur,1.84,0,0,0
2d3738ac-e271-41b5-940f-af41978edd78,1,1.000,cografya,cografya,2.32,0,0,0
2d496fe7-666a-4a17-8169-3d57b53ce732,1,1.000,genel_kultur,bilim,1.85,0,0,0
2d4eb33f-8e04-4ab7-9238-94955795bc1d,1,1.000,teknoloji,teknoloji,2.45,0,0,0
2d498cc0-cf0c-4268-a32e-5080d2be27c3,1,1.000,cografya,cografya,1.85,0,0,0
2d57e107-9b72-4ebb-a030-21ed243488de,1,1.000,spor,spor,1.87,0,0,0
2d5aad10-cc90-4d4a-a235-f83b5ed476ed,1,1.000,muzik,muzik,3.41,0,0,0
2d62c3f6-7549-47b8-805a-2a78bdacae2c,1,0.970,muzik,muzik,3.57,0,0,0
2d74846f-3935-4980-a0d0-d239753ab194,1,1.000,bilim,bilim,1.76,0,0,0
2d641f6a-500e-4cb2-9635-aa508175f3b8,1,1.000,sanat,sanat,2.72,0,0,0
2d7e0448-fad6-4c3e-8e25-8b5bb43cbb65,1,1.000,cografya,cografya,2.29,0,0,0
2d7e9e10-5a0a-4bc7-8b4b-125a52e6edf5,1,1.000,bilim,bilim,1.92,0,0,0
2d897c5c-d113-4e57-afdb-e285076f171c,1,0.990,genel_kultur,cografya,1.95,0,0,0
2d8d8b9c-2279-40f1-b480-ce00bc64e366,1,1.000,muzik,bilim,2.81,0,0,0
2d8e7626-8a61-43c8-a6f3-670cc1ee33f0,1,0.790,genel_kultur,tarih,2.76,0,0,0
2d8ec73d-576d-4564-b21d-7b946f2aea28,1,1.000,muzik,muzik,2.13,0,0,0
2d8f97da-881b-461b-a5da-6b86300ce376,1,1.000,spor,bilim,1.80,0,0,0
2d925dc3-533e-4a75-8d3e-40f9c2d0c80c,1,1.000,cografya,cografya,2.36,0,0,0
2d948fbf-65ab-4395-9014-2bd72848d731,1,1.000,tarih,tarih,2.33,0,0,0
2d968a0f-f3fe-4d74-be5a-cae9cc72bc00,1,0.930,tarih,tarih,2.31,0,0,0
2d9f3f10-4bd9-44bc-af44-4a41d07697a7,1,0.980,tarih,tarih,3.83,0,0,0
2da3ecb9-7e38-4d31-b400-c2b754c07b83,1,1.000,sanat,sanat,1.81,0,0,0
2daf3bdc-91f9-4b4e-8b96-9089b6e4f112,1,1.000,sinema,sinema,1.59,0,0,0
2dbaf49e-58ac-43e5-9436-7a21664348c7,1,1.000,cografya,cografya,2.04,0,0,0
2dbb9936-7635-4f0d-96b7-682a72689b17,1,1.000,sanat,sanat,2.85,0,0,0
2dbc518c-6da0-42ff-9327-9db14ba65357,1,1.000,cografya,cografya,2.28,0,0,0
2dbdc4a8-ace8-4ba0-a4ae-ceb2303931aa,1,0.420,muzik,muzik,2.68,0,0,0
2dcebbf6-e6f8-4e4f-8899-2a6eb1d56228,1,1.000,edebiyat,edebiyat,3.32,0,0,0
2dc86cb7-39d8-4a69-95c4-f3bc66641702,1,1.000,genel_kultur,genel_kultur,1.53,0,0,0
2dcf203a-346c-4a11-b135-efb0dc5b7fc8,1,1.000,genel_kultur,genel_kultur,1.11,0,0,0
2dd6a234-20a2-402a-a376-4af8d164b213,1,0.990,edebiyat,edebiyat,3.67,0,0,0
2dda3839-ed2f-4058-99b6-6d70ccb913c5,1,1.000,teknoloji,teknoloji,2.28,0,0,0
2ddf3adf-16ae-4cfa-aa93-62edf3814eb9,1,1.000,tarih,tarih,2.94,0,0,0
2ddce3ad-5f32-4fc8-94a7-31a0b9d9618e,1,0.760,muzik,muzik,3.94,0,0,0
2de6b519-e6aa-4836-8006-3aa924354889,1,1.000,sinema,sinema,3.83,0,0,0
2df1a1d9-efa3-455d-a8d1-20ac2bf234a9,1,0.900,genel_kultur,genel_kultur,1.55,0,1,0
2dfb8761-72b1-4f6a-b712-4f8c9594a898,1,0.970,edebiyat,edebiyat,1.99,0,0,0
2e13df34-2711-43ae-84b3-bff5b7ac8af9,1,1.000,bilim,bilim,1.97,0,0,0
2e16816c-2d88-498f-b8aa-820475a6c614,1,1.000,bilim,bilim,1.95,0,0,0
2e19dfbd-cec4-4f0a-8cf4-e4bcdf22573d,1,1.000,sinema,sinema,2.06,0,0,0
2e1fd0f6-4e7c-4e20-b232-6c68ac226084,1,1.000,genel_kultur,cografya,2.98,0,0,0
2e24f474-4e53-46f7-855e-12c1b0ffdbe5,1,1.000,bilim,bilim,1.90,0,0,0
2e240821-a9b2-4a79-979b-c9607f38489d,1,1.000,cografya,bilim,1.76,0,0,0
2e2b0014-526a-47e6-8c4e-eb1fba31c5c4,1,0.130,edebiyat,edebiyat,3.68,0,0,0
2e2de3ee-ae87-4490-8f02-86e15fd6031a,1,1.000,muzik,muzik,1.52,0,0,0
2e37fcc4-72e3-4ef5-b7c3-742c6bf14fcb,1,1.000,edebiyat,edebiyat,2.16,0,0,0
2e3c931e-bb2b-46dd-8817-5c384de6a428,1,1.000,bilim,bilim,1.81,0,0,0
2e427847-34e3-46dd-b793-098b84142712,1,1.000,cografya,cografya,2.17,0,0,0
2e458082-2589-4a98-9f0f-980b5b8f237f,1,1.000,sinema,sinema,2.38,0,0,0
2e499610-70bd-4a76-a039-89cd8f92ef19,1,1.000,spor,spor,1.57,0,0,0
2e51127c-40fd-4775-882f-21e64fe32323,1,1.000,sanat,muzik,2.53,0,0,0
2e5cc9f6-9858-4106-bcd7-c00eb6ea1e2c,1,0.980,muzik,muzik,2.23,0,0,0
2e53d315-fb77-48c7-9f85-c4ff84f2a0a1,1,1.000,edebiyat,edebiyat,2.15,0,0,0
2e63588b-0529-4808-a047-e27f6be7d6a0,1,1.000,sinema,sinema,2.93,0,0,0
2e67d6ba-984b-4b2f-8105-1d610bb2fc5b,1,1.000,muzik,muzik,3.55,0,0,0
2e7cc4ef-8dec-4f7d-b5d2-ac93136975f7,1,0.970,tarih,tarih,2.11,0,0,0
2e87b9ae-ec6d-4fb8-a971-1a807ee09de2,1,1.000,cografya,cografya,1.58,0,0,0
2e99778b-d117-4275-902a-714f502bcf19,1,1.000,genel_kultur,bilim,1.03,0,0,0
2ea79f68-a7a6-4625-946e-9b942f2e4e5d,1,0.990,teknoloji,teknoloji,3.72,0,0,0
2ea8b16f-bcca-4802-a669-e361f0fbe16e,1,1.000,spor,spor,1.17,0,0,0
2eaa7aa7-2aaf-4fa2-9dc4-25599fa2e8da,1,1.000,tarih,tarih,2.08,0,0,0
2eb25677-2b09-4571-a66d-5d85ac1eb471,1,1.000,genel_kultur,cografya,1.00,0,0,0
2ec17b0a-e8ca-4ea0-8edc-82d72cf7df87,1,1.000,genel_kultur,bilim,1.10,0,0,0
2ebf6f24-50b5-4177-a6ee-d67e8137b5b5,1,1.000,sanat,sanat,3.18,0,0,0
2ecd5e13-3ad5-40da-ba18-1e02aecdf11d,1,1.000,sinema,sinema,2.88,0,0,0
2ed63f3d-18e4-4ed6-b366-f396975af624,1,0.990,sinema,sinema,2.18,0,0,0
2ee2cc9f-9007-427b-9788-8453fdba64fa,1,1.000,genel_kultur,genel_kultur,2.03,0,0,0
2ee94bd3-b9ce-4f01-bc4c-48ae12177fe6,0,0.250,edebiyat,edebiyat,3.24,0,0,0
2ee37ebf-28bc-4e5d-8a03-3554eb23cb80,1,1.000,edebiyat,edebiyat,2.98,0,0,0
2eeb5dc0-d586-45a5-a070-200254017ec0,1,0.510,spor,spor,2.59,0,1,0
2ef18689-e8fc-4193-89a7-4953749e9aed,1,0.620,muzik,genel_kultur,3.55,0,0,0
2eefba9f-93b2-4e12-b456-34930c8b6ea3,1,0.690,sanat,sinema,2.48,0,0,0
2efc5651-2045-4381-a408-4b80d6127b6c,1,0.970,genel_kultur,genel_kultur,1.76,0,0,0
2f073359-f58a-4eb7-a377-cc0c86f97a41,1,1.000,sinema,sinema,3.46,0,0,0
2f0d3841-6bf9-4cd6-a9b5-f8d682a23256,1,1.000,genel_kultur,genel_kultur,1.43,0,0,0
2f11ed5c-ab52-4ac2-92d4-d9476f557af5,1,1.000,bilim,bilim,1.99,0,0,0
2f155dfc-6efb-4c3c-8bd8-a35712d9bc2e,1,1.000,cografya,bilim,2.81,0,0,0
2f26059b-c2dd-464d-97bc-1bf53ce02c2c,1,1.000,bilim,bilim,1.38,0,0,0
2f2ae679-fde5-4f01-9c77-019eb1d802da,1,1.000,cografya,bilim,1.76,0,0,0
2f28a0a9-6742-4674-b2d6-4458be5adaa5,1,1.000,bilim,bilim,1.18,0,0,0
2f2cd350-f9fe-4e35-9857-7b775b2178c1,1,0.630,genel_kultur,genel_kultur,2.62,0,1,0
2f35ca7e-eb67-4001-a544-e9779a02ebfe,0,0.440,cografya,cografya,3.23,0,1,0
2f319a12-0bd1-4be3-94ae-76f418668925,1,1.000,sinema,sinema,2.20,0,0,0
2f3931d3-d104-4084-8622-fb6e33da63e1,1,1.000,bilim,bilim,1.51,0,0,0
2f41dae0-e694-4412-9c47-cb7f9a288359,1,1.000,sinema,sinema,2.32,0,0,0
2f065da7-073d-43c4-8709-ea8910232265,1,0.970,sanat,sanat,3.64,0,0,0
2f4240d0-b7d8-42d6-af1c-2d691871059f,1,1.000,tarih,tarih,2.20,0,0,0
2f447fda-0442-4f1e-8316-af46162184c6,1,1.000,genel_kultur,bilim,1.35,0,0,0
2f4e5090-157e-4a7c-b4f3-ad0ee1706aa3,1,1.000,cografya,cografya,3.29,0,0,0
2f52850c-a88f-4ff2-b167-62873084b196,1,1.000,spor,spor,3.17,0,0,0
2f5d0773-f746-44a6-832c-98c079be5c70,1,1.000,teknoloji,teknoloji,2.05,0,0,0
2f632569-9a46-419e-b744-1b6608707751,1,1.000,spor,spor,1.97,0,0,0
2f54477d-837b-4e67-84aa-47084faed6b0,1,1.000,tarih,tarih,1.92,0,0,0
2f65b671-1222-49c9-8c7f-2978e6642654,1,1.000,cografya,cografya,2.31,0,0,0
2f683c34-7908-48ae-9178-6ceacfc6b09e,1,1.000,sinema,teknoloji,2.16,0,0,0
2f78208a-8bea-40e2-b5a1-ca046bdf593d,0,0.260,genel_kultur,genel_kultur,3.04,0,0,0
2f7b627a-2b53-4761-871b-6f22ff550508,1,0.980,bilim,bilim,1.02,0,0,0
2f7e8cac-0fa9-4f2e-8467-de58be21d19b,1,1.000,teknoloji,teknoloji,2.62,0,0,0
2f8f7d05-8e81-49f8-9049-48adc0714add,1,1.000,spor,spor,1.24,0,0,0
2f938f6a-33ca-48df-8a47-ac5eacf1325a,1,1.000,tarih,tarih,2.66,0,0,0
2f9813f9-4a9f-4370-baf1-e6a58324e6ee,1,1.000,edebiyat,edebiyat,1.73,0,0,0
2f99e8a5-a7fa-413b-859f-f5368599b35c,1,1.000,teknoloji,teknoloji,2.49,0,0,0
2f9a43db-6251-4e5c-b225-72e449e6e3de,1,0.910,tarih,tarih,3.55,0,0,0
2fa004d0-73d2-4461-b2d5-654745786b7a,1,1.000,cografya,bilim,1.62,0,0,0
2fa91243-d607-42f5-a549-72ac3fa06c73,1,1.000,muzik,muzik,2.26,0,0,0
2fab60a7-b983-4bea-ac46-7e045c3ce355,1,0.950,genel_kultur,genel_kultur,3.07,0,0,0
2fb9f59f-6e5e-4382-8978-d9025dc70703,1,1.000,tarih,genel_kultur,1.73,0,0,0
2fc48e18-30ae-47cb-8cce-9787f4f592f7,1,1.000,genel_kultur,genel_kultur,2.03,0,0,0
2fc765cb-00d9-4376-b704-cc57a2816bd7,1,1.000,edebiyat,edebiyat,3.22,0,0,0
2fcf5407-604f-45a3-9211-b71c3f38cf46,1,0.970,muzik,muzik,2.11,0,0,0
2fd69aa9-b3b2-459b-aee0-2a9f9f04a2fd,1,1.000,teknoloji,teknoloji,2.06,0,0,0
2fd5fbfe-d28f-450f-8595-4cd010542aa3,1,1.000,muzik,muzik,3.24,0,0,0
2fdc3659-44aa-4d50-8bf0-853e057231c9,1,1.000,muzik,muzik,3.90,0,0,0
2fe581b2-97b4-46cc-8040-84f83fe58de1,1,1.000,cografya,genel_kultur,1.70,0,0,1
2fe9bdf6-599a-400f-8d67-478895661a4d,1,1.000,sinema,sinema,3.36,0,0,0
3003c476-2231-4bac-89c6-3646abba6dba,1,1.000,tarih,tarih,2.21,0,0,0
3013580c-5195-4a8a-93a8-dc783e7f8002,1,1.000,sinema,sinema,3.35,0,0,0
30100d40-9eb8-48a8-8644-b1edc39eeacf,1,1.000,sanat,sanat,2.67,0,0,0
3013a376-d9a0-4cb5-9966-c19029c55d71,1,1.000,sanat,sanat,2.73,0,0,0
3016ac25-f81a-4b0e-8da4-28058d6e496e,1,1.000,teknoloji,teknoloji,2.83,0,0,0
302dba4d-7343-482d-ba80-b386f598594b,1,1.000,spor,spor,1.22,0,0,0
301b1aca-c5dc-4c9b-8bf0-cab0359ec9f7,1,1.000,spor,spor,1.63,0,0,0
302d5314-faf9-4c13-a66b-8c3cb8078271,1,1.000,spor,spor,1.41,0,0,0
303c29ab-9653-4205-aff1-55294fb2eb0c,1,0.940,muzik,muzik,3.73,0,0,0
30411e6f-e233-4132-9f38-f5e42d856d1b,1,0.920,muzik,muzik,2.53,0,0,0
304c6a19-b0a6-47a3-8ff0-2547a15800dc,1,1.000,teknoloji,teknoloji,3.26,0,0,0
30453028-93fa-4372-88a7-168fabd12df5,1,1.000,cografya,cografya,1.65,0,0,0
305f1884-2cf8-4efc-826a-0d25c1ba5af5,1,1.000,spor,spor,1.71,0,0,0
30650e62-755b-494a-8ca0-38231dfa8173,1,1.000,sanat,tarih,3.19,0,0,0
307437aa-f27d-46a7-bf11-aa52f4c584a6,1,0.990,muzik,muzik,3.19,0,0,0
308f6b22-9879-4782-9bb8-bee66c69805d,1,1.000,teknoloji,teknoloji,2.29,0,0,0
30a2f3c9-cf99-4b74-91ce-aa2d2aed64ec,1,1.000,sanat,sanat,1.75,0,0,0
3095e0e5-f63e-4929-9296-2e724d172a26,1,1.000,cografya,cografya,1.93,0,0,0
30a95561-1573-4aee-99fb-e148e7cfd460,1,1.000,cografya,bilim,1.73,0,0,0
30b36388-e58a-400d-a45e-c1fd6d03bfe8,1,1.000,bilim,bilim,1.78,0,0,0
30bca34b-40d4-41d8-ba06-f31df266684a,1,1.000,tarih,tarih,3.36,0,0,0
30b6af71-cce9-4c27-99f7-1257de2f1b5d,0,0.790,spor,spor,3.73,0,1,0
30bdc6bc-67fb-4bed-832a-b178f2340264,1,1.000,edebiyat,edebiyat,3.08,0,0,0
30c284e7-456d-49ee-bd52-867b011939c2,1,1.000,teknoloji,teknoloji,3.92,0,0,0
30ce46b2-abed-405d-9445-524f95088eb2,1,0.430,edebiyat,edebiyat,2.87,0,1,0
30d27677-7563-4846-8488-26f4978ad4c6,1,0.990,edebiyat,edebiyat,3.17,0,0,0
30db1814-2b22-4636-a267-0a1ccc473a63,1,1.000,sanat,sanat,2.87,0,0,0
30de444e-d970-46fe-b660-d6d7b3ea170b,1,0.800,cografya,cografya,2.72,0,1,0
30e12ec1-ef39-4835-bccc-e2d5198fdd10,1,1.000,bilim,bilim,1.87,0,0,0
30e11b18-34d5-4593-a7dd-91afe4db9d18,1,0.990,sanat,sanat,3.20,0,0,0
30e1c3b1-c2d4-489e-a274-ffdb2cb030e3,1,0.990,edebiyat,edebiyat,3.64,0,0,0
30a940c3-e92d-4ec0-b3a5-495de3230e94,1,1.000,genel_kultur,genel_kultur,1.05,0,0,0
30e1dc0b-8684-438d-9a0a-c756b3bd8569,1,1.000,cografya,cografya,2.51,0,0,0
30e58cca-ec02-4add-9dfb-0dd7860aaea2,1,1.000,tarih,cografya,2.42,0,0,0
30e7329c-0336-46f0-8a43-c2c8b66afb3a,1,1.000,genel_kultur,bilim,1.52,0,0,0
30ea6d0b-7824-4539-91f2-52362f213d2d,1,1.000,bilim,bilim,1.76,0,0,0
30ec9fa9-58f4-41ad-bac3-a8dbacdc3dd0,1,1.000,muzik,muzik,3.26,0,0,0
30eccaf1-032f-4201-afb6-38f000453ad5,1,0.990,cografya,cografya,2.58,0,0,0
30f19073-4d16-4dbb-a96a-129fcff65e0a,1,1.000,edebiyat,edebiyat,1.75,0,0,0
30f6068d-2ae0-4db8-8af3-705cdcd4c09d,1,1.000,bilim,bilim,1.84,0,0,0
30f8fd5d-dd12-41a4-9b9f-d0560bca068d,1,1.000,genel_kultur,genel_kultur,1.90,0,0,0
3109c695-fd11-406c-8a31-74efb82befd4,1,1.000,edebiyat,edebiyat,1.34,0,0,0
310ad36e-5353-4c35-9533-f4fc35dfe530,1,1.000,edebiyat,edebiyat,2.21,0,0,0
31116e0d-4e18-472e-84e3-9bceff753148,1,1.000,cografya,cografya,2.81,0,0,0
3112bd20-0013-4f92-aa3c-f53b1f25b18c,1,1.000,cografya,cografya,1.86,0,0,0
311cd771-a051-4240-b8f0-abc770d55dfd,1,1.000,spor,spor,2.38,0,0,0
312ab7a6-8487-4301-ac7c-5e0004993851,1,0.990,bilim,bilim,1.78,0,0,0
312f532c-6476-4473-a8f0-61ae220a4658,1,1.000,sanat,sanat,2.64,0,0,0
31322e6b-0fc8-4e9d-87a6-0f8fdca17f97,1,1.000,cografya,cografya,2.67,0,0,0
31340ba2-7727-447c-9280-12d57e7110a5,1,1.000,spor,spor,1.69,0,0,0
3136a58c-ab57-48d0-b2a9-51061e763d75,1,1.000,cografya,cografya,1.98,0,0,0
31446ee6-b74c-457c-8f44-cb53d96ab366,1,0.940,cografya,cografya,3.67,0,0,0
313fbac2-7146-461b-aa32-3a79770e9287,1,1.000,edebiyat,edebiyat,2.16,0,0,0
313fbde2-f137-4d48-91ef-38b3b5659d6c,1,1.000,tarih,tarih,2.26,0,0,0
31484c26-abf1-463e-9dae-191ffc59879c,1,1.000,spor,spor,1.28,0,0,0
314c00bc-86e0-476f-9f61-a0b2bc67e875,1,1.000,cografya,cografya,2.15,0,0,0
315fdcf6-c40e-41f8-8c8b-5efe57a36b23,1,1.000,sanat,sanat,2.85,0,0,0
315043d3-f867-4e27-ae87-4da076fab3ea,1,1.000,muzik,muzik,2.82,0,0,0
31609d3a-3cd4-45c7-a86d-52dbf272d2c5,1,1.000,sanat,genel_kultur,1.21,0,0,0
315a04f9-acbb-4733-b59b-cd58c9fc3742,1,1.000,bilim,bilim,2.06,0,0,0
316cc8f4-8a36-4133-91a7-ecd5f04c81ab,1,1.000,edebiyat,edebiyat,2.97,0,0,0
317a1227-c596-4565-9617-a7c8f32953e4,1,1.000,edebiyat,edebiyat,1.94,0,0,0
318488cc-44b4-4d6b-b707-258e6de0c5a8,1,0.990,cografya,cografya,1.96,0,0,0
318001ae-3759-4d3b-ba55-9204ce37ec2d,1,1.000,spor,spor,1.32,0,0,0
31931a95-fe4b-4412-b7f8-186815cdc2d9,1,0.990,edebiyat,edebiyat,3.89,0,0,0
3186f695-4199-43ca-8dc2-8a2b13324c17,1,0.980,muzik,muzik,2.87,0,0,0
319589ad-fe3c-4d2c-a4cc-373a4d0f469a,1,0.460,cografya,cografya,2.76,0,0,0
31a2a94c-05db-4108-922e-653b241b2e40,1,0.820,spor,spor,2.75,0,0,0
31abf7fc-d5b3-4b81-b4e8-eeab5cf10225,1,1.000,teknoloji,teknoloji,3.96,0,0,0
31b8c469-afff-4f35-8b62-0a037593250b,1,1.000,muzik,muzik,3.36,0,0,0
31ad235f-5ebc-4b33-9482-8b059e2352d9,1,0.390,edebiyat,edebiyat,3.64,0,0,0
31bc08ad-0ffc-476f-b71c-a5c830d2d70a,1,1.000,spor,spor,1.90,0,0,0
31bfeca0-a1aa-4341-b8f3-364625073bfa,1,1.000,sanat,sanat,2.46,0,0,0
31e0ca18-370c-439f-8e0a-18f512bca698,1,0.990,spor,spor,2.44,0,0,0
31d0d002-67a5-46d2-b179-d8312816da21,1,0.990,genel_kultur,genel_kultur,1.90,0,0,0
31e14652-b2fb-41a9-940e-d9e249eab0cb,1,1.000,tarih,bilim,2.65,0,0,0
31f728e0-8289-4cdc-b113-05321a1cfe0b,1,0.970,spor,spor,3.78,0,0,0
31f7e77d-af29-434a-97ee-6bb672401f88,1,1.000,muzik,muzik,1.85,0,0,0
31fada8f-9377-4a12-bdbd-09928d4ce67d,1,0.970,muzik,muzik,3.11,0,0,0
3204a332-6123-4323-9dd7-0022251d7a75,1,0.700,cografya,cografya,2.88,0,0,0
320bf70f-a0d9-4faf-8d52-5f764d066f29,1,1.000,cografya,cografya,2.02,0,0,0
32104719-f216-4056-82f2-2b9d76ef4384,1,0.800,spor,spor,2.15,0,0,0
3210b294-1f0f-4e6b-b83b-40b8a1363866,1,1.000,sanat,sanat,3.27,0,0,0
320dc411-b570-4a74-89d8-e1d5b1746d3e,1,1.000,cografya,cografya,2.27,0,0,0
321359ca-37c8-46bb-99bf-110d0a4de2e9,1,1.000,cografya,cografya,1.97,1,0,0
3215cbc2-0bc4-499f-8e02-8eb5c845cec7,1,1.000,sinema,sinema,2.65,0,0,0
321a1268-8a82-442c-a8ce-2824ded794d0,1,1.000,teknoloji,teknoloji,1.79,0,0,0
3220be72-d9d3-40b4-9326-dce59549c527,1,1.000,sanat,teknoloji,2.13,0,0,0
32251e47-d46c-48b1-b27b-2660e5a3d4c6,1,1.000,edebiyat,edebiyat,2.61,0,0,0
32199470-c435-4486-9cb0-af6b88f20a93,1,1.000,spor,spor,2.34,0,0,0
322e4a81-148d-4a82-b821-82effa3de926,1,0.980,sanat,sanat,2.59,0,0,0
322e6b20-365e-4934-9122-ef7c624d2c7e,1,0.660,edebiyat,edebiyat,3.07,0,0,0
3233bce6-15ec-4172-a0cf-ac4167bdc165,1,1.000,cografya,bilim,2.91,0,0,0
3237db4b-ddcc-4a29-80bd-81cf610f709f,1,1.000,edebiyat,edebiyat,2.55,0,0,0
32396a93-3211-4218-99ea-a2f127cfe3b1,1,1.000,cografya,cografya,3.39,0,0,0
32396bf9-12ca-4c54-897c-4bcda098ae33,1,1.000,bilim,bilim,2.04,0,0,0
324f3483-99ce-4cce-a829-f17977152bae,1,0.990,spor,spor,1.19,0,0,0
3252490e-bc7d-4f1c-a243-36915b029d55,1,1.000,edebiyat,genel_kultur,1.93,0,0,0
325b167e-0c79-4edf-add9-f204c80ca9a0,1,1.000,edebiyat,edebiyat,1.87,0,0,0
325b288a-757f-4f4c-a5b5-39caaf47aaed,1,1.000,cografya,cografya,2.03,0,0,0
325d292b-62f0-4b11-8586-6a04dd8601b8,1,1.000,genel_kultur,bilim,1.75,0,0,0
326d39a5-3026-4dcc-a938-de610d76e55f,1,1.000,tarih,tarih,1.56,0,0,0
327436e2-5420-4222-a709-3e67bc37aadb,1,1.000,teknoloji,teknoloji,1.91,0,0,0
32817d65-4a62-4639-a492-1ce9c4b24f8e,1,1.000,bilim,bilim,2.18,0,0,0
3274a9a6-0b5a-4b4f-93ce-68e2f0763bc3,1,1.000,teknoloji,teknoloji,2.34,0,0,0
328cae26-d4eb-4356-a7dc-25935b22746b,1,1.000,cografya,cografya,1.51,0,0,0
328fa39b-a618-431e-be37-05dc2def9b15,1,1.000,sanat,sanat,3.12,0,0,0
3291ec8a-92b2-4b27-a6fb-3b3d971c15f4,1,1.000,bilim,bilim,1.65,0,0,0
32a85f15-015e-454c-8272-7ba6551e3c72,1,0.940,bilim,genel_kultur,3.29,1,0,0
329dd924-7dae-4422-8023-db968afa7201,1,1.000,cografya,cografya,2.94,0,0,0
32ac4c78-1849-40a2-9a0b-f0bc8bd149d7,1,1.000,sinema,sinema,2.82,0,0,0
32b4b9f2-787f-422d-94a7-fd9bf7519d6f,1,1.000,cografya,cografya,1.64,0,0,0
32c69d09-e1ef-41c8-9396-2d7bbd48f216,1,1.000,sanat,sanat,2.48,0,0,0
32d394c3-91de-4e1e-9ab1-3daab1915417,1,1.000,edebiyat,edebiyat,1.81,0,0,0
32d5c5c0-bb34-46ee-ac7d-c223cd3c47b9,1,1.000,bilim,bilim,2.58,0,0,0
32b7a137-5165-4fb3-a528-e722de0d94b9,1,0.920,sinema,sinema,3.64,0,0,0
32e46a0a-c0ed-44c5-93da-65c97f8c81dc,1,1.000,sanat,sanat,2.05,0,0,0
32e7b9ec-e751-4ad6-a1b4-3c3c5a43617e,1,1.000,bilim,bilim,1.74,0,0,0
32f3f7f5-d84f-4f43-a701-bb1e500a25bb,1,0.990,spor,spor,2.89,0,0,0
32fdd6dc-4600-4dcd-8791-a409119ae88e,1,1.000,teknoloji,teknoloji,3.58,0,0,0
330262b5-99d2-4c55-bf17-bed606d2f1c0,1,1.000,muzik,muzik,2.09,0,0,0
33198214-be3e-42ac-93f5-404a00c5a91e,1,1.000,teknoloji,teknoloji,1.79,0,0,0
3312970f-fbd4-4d49-ae7e-0c6ddc12e11e,1,1.000,bilim,bilim,1.86,0,0,0
331cf924-c412-4e61-b139-77f7a75cb59c,1,1.000,bilim,bilim,1.94,0,0,0
33226d43-ec6f-4a8a-93da-c3d1fac32aa2,1,1.000,tarih,tarih,2.42,0,0,0
332eaa55-79c9-46d0-b19a-bfe76e33af27,1,1.000,genel_kultur,tarih,2.64,0,0,0
333cb33b-6fec-44ce-a851-3c84b6c82337,1,1.000,spor,spor,2.37,0,0,0
3330a0b7-9fcb-4db1-9cb6-b9d7e49cb837,1,1.000,spor,spor,2.48,0,0,0
3349ff2f-d0f9-44f3-ae48-014986cb0612,1,1.000,genel_kultur,genel_kultur,1.47,0,0,0
334ebd9f-fe0d-406c-b80b-48f85784aa4c,1,0.980,cografya,cografya,2.10,0,0,0
33523ec8-6312-47c8-bbf5-fc91734bf934,1,1.000,teknoloji,teknoloji,2.06,0,0,0
33559a0a-e831-4071-a06d-361e99430e2c,1,1.000,cografya,cografya,1.67,0,0,0
33527893-0e03-4ec4-bf91-d927eece1295,1,0.860,edebiyat,edebiyat,2.56,0,0,0
336469a9-873d-4f3f-b398-603eb424ce6a,1,1.000,genel_kultur,genel_kultur,1.86,0,0,0
3369dc57-29ad-4817-ac3e-909eaa8d1cd1,1,1.000,spor,spor,1.95,0,0,0
336fea8b-2ae1-494b-a160-57fd8e3216ef,0,0.220,edebiyat,edebiyat,3.33,0,0,0
33774564-45e5-45b9-b8f4-9bbd370de111,1,0.980,sinema,sanat,3.14,0,0,0
33822b6b-a373-4b4c-84eb-f2191f7cbf08,1,1.000,tarih,tarih,2.21,0,0,0
338edb87-a198-4f24-8a51-c6ffb789e38b,1,0.990,bilim,bilim,2.06,0,0,0
33951ba0-ff12-4e7a-9376-d72f33c1dedd,1,1.000,genel_kultur,bilim,1.70,0,0,0
33a237b2-6791-4649-9b2d-cd6bdad0204b,1,1.000,bilim,bilim,1.21,0,0,0
33a307f5-cd28-4ba1-8b04-4beae794c40d,1,0.990,edebiyat,edebiyat,3.21,0,0,0
33b1274a-18d2-49e4-8977-4c79e2426251,1,1.000,cografya,cografya,1.86,0,0,0
33bba7a5-c0be-4e8b-a24f-d1334f160a53,1,1.000,bilim,bilim,1.79,0,0,0
33bf465c-3284-4629-b86c-3b43f5e7363f,1,0.920,sinema,sinema,3.49,0,0,0
33c59a4d-de03-4177-8f7e-0ec2bf072ed7,1,1.000,cografya,teknoloji,1.99,0,0,0
33cd7b80-a549-418c-91fd-49383800feeb,1,1.000,tarih,tarih,2.91,0,0,0
33db97d9-f16e-4b8c-a080-d26af72ac4e1,1,1.000,muzik,muzik,3.72,0,0,0
33d3eff8-1c8a-422a-8979-ff8e5d536f03,1,1.000,cografya,teknoloji,2.28,0,0,0
33e13d98-33a3-4e74-a1a8-c60937758f65,1,1.000,teknoloji,teknoloji,2.82,0,0,0
33e8cc9e-d419-41d2-9f77-ac812d465e18,1,1.000,cografya,cografya,2.67,1,0,0
33f4ef63-0c16-4b51-94ef-0211501df118,1,1.000,bilim,bilim,1.88,0,0,0
33ecf98d-5b6e-4dbb-8d21-17d950f340e1,1,1.000,genel_kultur,bilim,1.56,0,0,0
340dc8d8-a637-4e7b-a443-5d3d75cf3d0b,1,1.000,muzik,muzik,2.56,0,0,0
341f6585-cd05-4cc5-a547-b77ac2721d9f,1,0.990,cografya,cografya,2.31,1,0,0
342e051d-8bcf-42f2-a5f9-e3cd93e32444,1,1.000,teknoloji,teknoloji,2.40,0,0,0
342e4801-cbaf-47e5-9ff7-e3e93d10437e,1,1.000,spor,spor,1.83,0,0,0
3436375e-4f8b-47be-ba62-5ad6b0878942,1,0.620,tarih,tarih,3.22,0,0,0
3437137e-fc20-479e-8750-9cd51d58d5c0,1,1.000,muzik,muzik,1.22,0,0,0
34396980-8081-454a-9b08-8d6af91f9de0,1,1.000,cografya,bilim,2.54,0,0,0
3439c334-bade-4c20-b6a7-ae6e332a605b,1,0.930,tarih,tarih,3.60,0,0,0
343f7675-6308-45aa-a66c-b7986c0298db,1,1.000,sanat,sanat,2.55,0,0,0
34407413-b571-4278-9bbf-52412bebf1d4,1,1.000,sanat,teknoloji,3.57,0,0,0
3440bc7a-3023-4cd6-a88e-702a1cd6fc9c,1,1.000,sanat,sanat,2.98,0,0,0
34415541-a23a-4376-96bc-a5cf218c55f1,1,1.000,sinema,sinema,2.13,0,0,0
344220d7-9b55-422c-be2c-f325b7000d24,1,0.890,spor,spor,3.10,0,0,0
34462129-22de-497b-927f-f88412638f38,1,1.000,spor,spor,2.26,0,0,0
344e2587-f046-477c-83c1-cc01a23c2e14,1,1.000,sinema,sinema,3.69,0,0,0
345215c3-32b2-4798-8d91-e977fadb849c,1,1.000,cografya,cografya,1.85,0,0,0
3466cbb4-6818-49ab-a200-551ba196f346,1,1.000,sinema,sinema,4.17,0,0,0
3467525d-cf3b-47a4-b60a-c20d323018a9,1,1.000,genel_kultur,cografya,1.00,0,0,0
346764e0-1d36-4374-8bff-e7af9165c206,1,1.000,edebiyat,edebiyat,1.97,0,0,0
34815921-2756-4f6f-be7b-556332160a67,1,1.000,sinema,sinema,2.92,0,0,0
3489691c-ddab-419a-b113-59462ea1f20e,1,1.000,sinema,sinema,2.92,0,0,0
348b3b93-dadc-497c-862e-97b5df9e36b6,1,1.000,teknoloji,teknoloji,2.72,0,0,0
348ed1bc-8c3d-44db-9451-24e6e579832d,1,1.000,cografya,cografya,2.10,0,0,0
348db667-3b01-482b-8300-e809bee532cc,1,1.000,cografya,cografya,1.87,0,0,0
34926896-ab8d-413a-a1df-5118035650cf,1,1.000,muzik,muzik,1.63,0,0,0
34910010-024b-4472-9cd1-b7b32d3da8e1,1,1.000,spor,spor,1.66,0,0,0
34940738-b88c-4d81-a30a-038635f269e5,1,0.990,edebiyat,edebiyat,1.36,0,0,0
34a5a9e2-615a-48e0-9ead-5220dac801c5,1,1.000,muzik,muzik,2.96,0,0,0
34a6ba86-31a1-4920-82e3-0c57fac28ee0,0,0.130,edebiyat,muzik,2.87,0,0,0
34a8a33f-b2bf-4478-a589-190d8e54912c,1,0.990,spor,spor,1.91,0,0,0
34ab147e-26a0-4903-bed5-0ab5c0eeb0d4,1,1.000,edebiyat,edebiyat,1.38,0,0,0
34ae1b6d-8519-4108-8305-745b7fe0687d,1,1.000,sinema,sinema,1.44,0,0,0
34c1d75d-46e6-4f71-9024-0d26408de224,1,1.000,spor,spor,2.02,0,0,0
34c26712-e8da-49e6-8994-f779f676b594,1,1.000,teknoloji,teknoloji,1.70,0,0,0
34c414e0-f9b9-4fe8-bf34-392133d20d24,1,1.000,teknoloji,teknoloji,2.81,0,0,0
34cd0adb-9e89-4e7f-944d-9e988f58f62b,1,1.000,tarih,bilim,2.02,0,0,0
34ce6c01-e36e-4d95-b252-d5d9e8cd75e8,1,0.990,cografya,cografya,2.12,0,0,0
34ecca4b-5d45-44a7-a98c-80523ca2503c,1,1.000,muzik,muzik,2.47,0,0,0
34e979bd-7bfa-4db3-b5fa-54d636b451aa,1,1.000,muzik,muzik,3.02,0,0,0
34ef2f55-3a24-40dc-a70a-2deeeb78b260,1,0.760,sanat,sanat,3.67,0,0,0
34f15101-0ed7-403b-8a96-97a2393cc5df,1,1.000,teknoloji,teknoloji,3.91,0,0,0
34fb9e43-5d72-4f58-a7cd-199834448246,1,1.000,bilim,bilim,2.59,0,0,0
34fcd8f5-7a94-475f-a136-7b454a0e7e37,1,1.000,sanat,sanat,2.98,0,0,0
34fba1e7-7f92-423d-b995-a13285c8fe21,1,1.000,tarih,tarih,1.81,0,0,0
35001e8b-214f-4853-a6af-d0f0442e9fba,0,0.360,sanat,sanat,3.64,0,0,0
3503bf35-1ddc-4422-bcca-7f915dc81bbf,1,1.000,teknoloji,teknoloji,4.08,0,0,0
3504a7b2-3753-4ace-bb95-47a6c99f91b1,1,1.000,edebiyat,edebiyat,3.52,0,0,0
350e9bd8-8160-4025-926d-82d5c13755ca,1,1.000,muzik,muzik,3.32,0,0,0
3520abf6-8dc2-4cbc-81e0-211f8c6d08c9,1,1.000,sanat,muzik,1.77,0,0,0
3510be1d-2e52-4d7b-823c-a4233efa467d,1,1.000,bilim,bilim,2.04,0,0,0
352ffde9-ff14-4de6-80b5-c4f043d58bf8,1,1.000,bilim,bilim,2.59,0,0,0
3534cde1-5087-46a6-8533-42bff2098ccb,1,1.000,genel_kultur,edebiyat,2.23,0,0,0
3533aaf0-6b13-42bd-9205-5c587608581c,1,1.000,cografya,cografya,2.47,0,0,0
35358bb8-0693-42d7-84f9-1788202edaaf,1,1.000,muzik,muzik,2.77,0,0,0
3547ccb2-7098-4e1b-9b46-a442fc804480,1,1.000,bilim,bilim,1.83,0,0,0
354f203a-b107-4990-b02f-b34f4b430ef2,1,1.000,sinema,teknoloji,2.70,0,0,0
35563ba2-e918-4550-baed-c19783c925f9,1,1.000,muzik,muzik,3.40,0,0,0
356c4e3d-aac6-4c00-87f9-c281eafe8bba,1,1.000,cografya,cografya,3.09,0,0,0
355efcc7-3494-4740-9195-2b45c9a974a3,1,1.000,cografya,cografya,2.21,0,0,0
356ed748-341d-4241-ad04-ee824d6e433d,1,1.000,cografya,bilim,2.26,0,0,0
3573c4e5-da3c-498c-acc3-055f144c63ba,1,1.000,sinema,sinema,2.98,0,0,0
35870202-7cc4-4a86-b8f8-1b59f9f46cff,1,1.000,tarih,tarih,1.55,0,0,0
3577ce17-c196-4b5f-a420-b9c3fb864f93,1,1.000,edebiyat,edebiyat,3.00,0,0,0
35868d9e-2327-4ffe-9508-f6592d12bdf7,1,0.990,sanat,sanat,1.82,0,0,0
358a0859-dcfc-4618-9f7b-570076cea2cc,1,1.000,cografya,cografya,1.17,0,0,0
3598c09f-96f0-4a1c-aa76-a8b563e26145,1,1.000,cografya,cografya,2.14,0,0,0
359b230d-41cc-43f0-9fd7-75eda44d4fb5,1,1.000,bilim,bilim,2.07,0,0,0
35a17da9-3d22-4754-8f5a-8cdd84f3b092,1,1.000,cografya,cografya,1.90,0,0,0
35ac2db2-c996-4d94-8d54-fb3d89807209,1,0.850,sinema,sinema,2.72,0,0,0
35a651e3-668b-4efc-af5d-f8a852d6177d,1,0.860,muzik,muzik,2.75,0,0,0
35adc19b-6337-453f-a5d7-c2f045adb095,1,1.000,sanat,sanat,2.06,0,0,0
35b68aa9-b657-4e07-8278-7064426953fe,1,0.990,edebiyat,edebiyat,3.68,0,0,0
35b6f1a5-f22b-46b6-913f-f9f444ac5504,1,1.000,sanat,sanat,2.00,0,0,0
35b90b42-5ee5-4652-83e4-79bd900d2a9d,1,1.000,sinema,sinema,3.23,0,0,0
35ba7934-6768-40c4-8baa-60a114137fe0,1,1.000,cografya,cografya,1.42,0,0,0
35c6b79e-6655-4505-96ed-5153149e48d2,1,0.430,edebiyat,edebiyat,3.80,0,0,0
35d1347f-8569-478a-8888-a59e303eac4f,1,0.710,spor,spor,3.14,0,0,0
35d1983b-65d0-463a-bad7-3b3d18bf9cdc,1,1.000,genel_kultur,bilim,1.28,0,0,0
35d4a45d-cdee-46ab-a442-9f770f010285,1,1.000,cografya,cografya,3.00,0,0,0
35b253de-d588-435f-9823-a90a2e9d4b6a,1,1.000,sanat,sanat,2.81,0,0,0
35ddf626-56ea-40ac-9fe6-cbb5e499a992,1,1.000,spor,spor,2.25,0,0,0
35ecfff8-57c2-4d25-bd47-126cd6caa12e,1,1.000,cografya,cografya,1.93,0,0,0
35ed37f1-d579-4587-9318-c53cf82a5495,1,1.000,teknoloji,teknoloji,1.86,0,0,0
35fb956b-95f6-4206-a8c2-cad82890af7f,1,1.000,spor,spor,1.54,0,0,0
35fde244-bc48-49c1-b627-7b3d72bc8f3d,1,0.980,cografya,tarih,3.30,0,0,0
360105dd-cf28-4693-8dc1-6b1c36fbde6e,1,1.000,tarih,tarih,2.34,0,0,0
3602d5e7-027f-450d-9c20-279813a6fe0f,1,1.000,edebiyat,edebiyat,3.07,0,0,0
36013dc0-2433-41c4-83a5-2bad6ee60fd7,1,1.000,genel_kultur,genel_kultur,2.52,0,0,0
3609ac6b-e0c6-4667-bccd-371f4139a07a,1,1.000,sinema,teknoloji,3.11,0,0,0
3609f168-5c42-4e28-898e-c9635736b48e,1,1.000,muzik,muzik,1.60,0,0,0
3617010e-b191-4cd9-aee7-870ac3ea2c2c,1,1.000,sinema,sinema,2.27,0,0,0
361d5d6f-0a90-44d6-a657-7507dfaa768e,1,1.000,sinema,sinema,2.34,0,0,0
362be52f-00e3-4023-92d1-9cf6bb980b7a,1,1.000,edebiyat,edebiyat,1.58,0,0,0
365580ad-8045-4dbb-bb67-1af45a1dd0f0,1,1.000,spor,spor,2.36,0,0,0
365a0e41-3b42-4349-b003-9b01fed01889,1,1.000,muzik,muzik,2.16,0,0,0
365e1e82-78ec-4ace-9409-88f9469ac51d,1,1.000,cografya,bilim,3.26,0,0,0
36606630-9140-4c95-9efb-81b84baaab2f,1,1.000,tarih,tarih,2.60,0,0,0
36612e73-6d48-4be1-8ecc-f3bec203ca8f,1,1.000,sanat,sanat,2.10,0,0,0
36684ace-9c45-456e-af67-4589be3c183f,1,1.000,spor,spor,1.20,0,0,0
367154c0-f428-42f8-9d9a-42ecddbc7133,1,0.990,cografya,bilim,2.71,0,0,0
3678296e-6c59-4105-af2a-8dd956cb59c9,1,1.000,genel_kultur,genel_kultur,1.91,0,0,0
367b40f4-8f88-4272-9ed9-f41874e7297c,1,1.000,muzik,muzik,2.92,0,0,0
36847777-8efb-429b-b39d-aa08745ff957,1,1.000,bilim,bilim,3.18,0,0,0
368a4129-9942-4de2-a303-3f9245f73370,1,1.000,genel_kultur,bilim,1.97,0,0,0
36a4fff6-513d-418c-ae76-e2a31b120e2a,1,1.000,sinema,sinema,3.66,0,0,0
36b8b41b-d461-4a51-a139-ac7ec11c9905,1,1.000,bilim,teknoloji,1.95,0,0,0
36c1e17b-471c-46db-81e7-71d3494c4dd5,1,1.000,tarih,tarih,1.93,0,0,0
36d3d2f3-f434-46d9-9af1-12b8c457cf63,1,1.000,teknoloji,teknoloji,2.69,0,0,0
36d4f43b-3659-412d-b793-9d4f63dbc017,1,1.000,muzik,muzik,3.43,0,0,0
36db6ccb-26f7-494a-b957-82db6d7b52b5,1,1.000,cografya,cografya,2.89,0,0,0
36df882a-2202-4e5b-b6b9-aea6ec9e211a,1,0.830,tarih,tarih,3.12,0,0,0
36e8e3c1-d775-4dc6-9115-5421a2db55d5,1,0.970,sinema,sinema,3.74,0,0,0
36eb7c9f-2e1d-407f-b0e8-1edf29190092,1,1.000,spor,spor,2.56,0,0,0
36f28973-4bb5-4043-9795-92e74fedd5a0,1,1.000,muzik,muzik,3.56,0,0,0
36fa6f18-ecb1-4f83-ac6f-29b95fdeede8,1,1.000,cografya,cografya,2.33,0,0,0
36fce496-ee5b-4e03-9d3a-52b64ed5c982,1,1.000,sanat,muzik,2.68,0,0,0
37049880-b003-4153-b135-7de67b8b8f34,1,1.000,bilim,tarih,2.21,0,0,0
370c0262-6859-4ab2-8e27-234562a81cfc,1,1.000,teknoloji,teknoloji,2.89,0,0,0
3710ba45-7de1-49a7-9240-b0470ba2b9fc,1,1.000,teknoloji,teknoloji,2.19,0,0,0
370e7945-daa3-46af-9463-571f8e65d594,1,1.000,tarih,tarih,1.89,0,0,0
371344c3-9c29-4059-a507-79d358dbeca0,1,1.000,sinema,sinema,3.57,0,0,0
371baa24-c89d-4d42-844a-42dcb707f932,1,1.000,sanat,sanat,3.10,0,0,0
3723965c-e237-4bf8-aa37-e2f90a350f85,0,0.180,cografya,cografya,3.47,0,0,0
37249b5c-0c70-4478-9f97-ec5e0342c245,1,1.000,genel_kultur,cografya,2.25,0,0,0
373043c2-323b-4173-9fe9-0edd0114f22b,1,1.000,cografya,cografya,1.95,0,0,0
3730f97f-1e05-4d00-afe9-1f04bbd84637,1,0.950,cografya,cografya,2.09,0,0,0
37323abf-aa90-4f06-a02a-aaf0686124a2,1,0.370,edebiyat,tarih,1.99,0,0,0
37345d77-2789-48ca-a12a-9a4e20e7f7d2,1,1.000,cografya,cografya,2.48,0,0,0
3734b8ae-2214-4b74-9408-f432856ee3f8,1,1.000,bilim,bilim,1.85,0,0,0
373a8179-4e08-471b-911d-87993a000d30,1,1.000,sanat,sanat,2.60,0,0,0
373c2209-7b4b-4a9f-8bf1-0b91c74512bc,1,1.000,teknoloji,teknoloji,3.60,0,0,0
37423df4-3e57-4a22-98f2-07c1524f91c8,1,1.000,sanat,sanat,2.63,0,0,0
374ac8bb-b3c2-4249-bc6e-74d094af4a27,1,1.000,teknoloji,teknoloji,3.48,0,0,0
374d2284-3f5b-4131-9ee4-3d7a15f90507,1,1.000,sanat,sanat,1.20,0,0,0
374f9692-4865-4d8c-838c-6ad63a95ddd8,1,1.000,genel_kultur,bilim,1.18,0,0,0
37531d3b-8be3-4d94-a657-14f3f3e609fb,1,1.000,teknoloji,teknoloji,3.13,0,0,0
374fc902-f7dc-4b31-84ff-e8889d4b3502,1,1.000,sanat,sanat,2.37,0,0,0
3755542e-fc98-4665-9537-b979e678d770,1,1.000,tarih,tarih,1.62,0,0,0
37587b40-5d83-4407-857d-68d6c1385797,1,1.000,sanat,sanat,1.99,0,0,0
375a0e59-f20c-4804-94dd-d2f2885799e5,1,1.000,sinema,sinema,2.65,0,0,0
375e6efe-834d-4451-9bc8-f36c1632adbf,1,1.000,tarih,tarih,2.86,0,0,0
37625cf1-fe32-4403-81aa-e2c920131d14,1,1.000,sinema,sinema,2.72,0,0,0
3766ebf0-7291-4242-bcff-21dd1356c007,1,0.960,cografya,cografya,2.19,0,0,0
376e76fc-211a-4999-9ca2-df65bc27ad0b,1,1.000,tarih,tarih,2.08,0,0,0
376fd609-31e8-4507-976a-34f9b1b9c4ec,1,1.000,sinema,sinema,1.55,0,0,0
37706f90-3aa0-4742-9969-9eca57475d4f,1,1.000,sanat,sanat,2.61,0,0,0
37720500-ae66-4727-96c8-03ab9978c8ba,1,1.000,genel_kultur,bilim,1.08,0,0,0
3779e9b6-4b19-434b-916b-42d0ffac8f29,1,0.720,cografya,tarih,3.63,0,0,0
3784e2a8-c62a-40ac-9670-91d6fd28c89a,1,1.000,cografya,cografya,1.75,0,0,0
3774b5bd-68f3-47a6-bfae-1bd90e2198c1,1,1.000,bilim,bilim,2.56,0,0,0
37953877-8e7d-4449-9eae-af9ca9bc7b73,1,1.000,muzik,muzik,3.45,0,0,0
379a738b-cb8a-4224-98f9-25640feef1e8,1,1.000,teknoloji,teknoloji,3.99,0,0,0
37b70a02-892b-456a-8594-855efc7d21d8,1,1.000,spor,spor,2.93,0,0,0
37afae1d-f430-42ea-85d9-540ead38fca4,1,0.790,sanat,sanat,3.47,0,0,0
37a76fc2-cd43-4a1a-abff-d465e6bd7e3e,1,1.000,tarih,tarih,2.48,0,0,0
37bae18d-d20e-4be3-8240-ad8da89bc1a3,1,1.000,muzik,muzik,2.24,0,0,0
37c04db9-f1e1-497a-9e71-d30a5a60da68,1,1.000,tarih,tarih,2.15,0,0,0
37d15ca8-2053-4fef-99db-f81f797ec5d9,1,1.000,spor,spor,1.87,0,0,0
37c9a24e-325c-40af-9aca-549009d3f9e7,1,1.000,spor,spor,2.57,0,0,0
37cc75ff-1ddc-4775-b7b0-8de0737a98f3,1,1.000,genel_kultur,bilim,1.90,0,0,0
37e1aff7-13a1-48f1-9214-8ad5cddcc1b5,1,1.000,sinema,sinema,2.39,0,0,0
37e18d95-5a5a-4b8b-9091-3ec8b47d55d2,1,1.000,genel_kultur,bilim,1.73,0,0,0
37e4373d-b0d2-4be7-bce1-538fb138c8dc,1,1.000,genel_kultur,tarih,1.72,0,0,0
37e870b5-47f4-4071-9be2-781c19792717,1,0.690,edebiyat,edebiyat,2.15,0,1,0
37f33232-cdca-4d36-946d-a5294769e896,1,1.000,sanat,sanat,1.57,0,0,0
37f37149-b73d-4e4e-8ce9-2f59c2f7da7b,1,1.000,sinema,teknoloji,1.96,0,0,0
37f34199-3b7d-43ba-b52b-4b196c0e3792,1,1.000,teknoloji,teknoloji,3.60,0,0,0
37fd09f5-aa85-411e-8d9e-a8335adb4e4a,1,1.000,muzik,muzik,3.29,0,0,0
38009b27-73ea-4a1c-a3d5-b35f7539b927,1,1.000,cografya,genel_kultur,2.72,0,0,0
380f5d46-7489-4bbb-bf65-e152f235e66e,1,1.000,tarih,tarih,1.97,0,0,0
3822cde4-a57d-4c82-bb5d-7fecaa12a77d,1,1.000,sanat,sanat,1.43,0,0,0
382823c8-0473-480e-89a3-1e3668810985,0,0.790,genel_kultur,cografya,2.57,0,0,0
382b70b1-ca00-4ada-8d92-259b14a5c5ac,1,1.000,spor,spor,1.60,0,0,0
382ca1e0-3a6c-491e-96b6-205764ae35f4,1,1.000,cografya,genel_kultur,1.86,0,0,1
3835ce6f-7679-4e92-85f9-925615d83d0f,1,1.000,bilim,bilim,2.17,0,0,0
3836e2d8-13a2-42ab-86ed-16c1e5639c11,1,0.870,cografya,cografya,3.13,0,0,0
3839cc4e-a8d7-4d45-a3e1-92d793400a99,1,1.000,teknoloji,teknoloji,4.09,0,0,0
383dfe6b-be94-43c4-966e-f028c2f1aaba,1,1.000,spor,spor,1.42,0,0,0
383e22de-9b7c-46b9-a2a6-903810cae93a,1,0.980,muzik,muzik,3.39,0,0,0
3846c186-78ec-4439-82b3-21de59be9e8b,0,0.240,sanat,tarih,3.49,0,0,0
384b4b62-693b-4df4-8560-8d1c5fadefd7,1,0.730,sinema,sinema,4.01,0,0,0
3852c1c5-e7d5-4cef-a63a-697adb14a01c,1,1.000,bilim,bilim,2.01,0,0,0
385bb22a-acba-4abd-b8a3-9c1c75557fec,1,1.000,genel_kultur,tarih,2.00,0,0,0
38702aaf-2476-4896-9bc1-1a009039ffe4,1,1.000,sinema,edebiyat,1.76,0,0,0
3879b88d-3f83-4540-8c01-4a291a11e79c,1,1.000,sinema,sinema,2.63,0,0,0
386ef5de-5fba-4a27-a0f5-160ac3381b7b,1,1.000,teknoloji,teknoloji,3.23,0,0,0
387a2c1b-a5d8-4b96-99f9-f23e1e50877d,1,1.000,teknoloji,teknoloji,3.72,0,0,0
3888fead-7af7-401e-bdff-884b7ab5539a,1,1.000,cografya,cografya,1.92,0,0,0
388af714-0b2e-441b-a361-e3d0ba416a51,1,1.000,sinema,sanat,3.74,0,0,0
3893ff7c-e061-4643-97ff-145f99333aca,1,1.000,tarih,tarih,1.94,0,0,0
38916f29-c357-4754-a13c-da667cce986e,1,1.000,sanat,sanat,3.24,0,0,0
389a9ce4-f1c6-45af-9684-8ef2609d788a,1,1.000,sinema,sinema,1.71,0,0,0
38a9d919-2161-4d3f-8b2c-2311dbd1428b,1,0.310,edebiyat,edebiyat,2.98,0,0,0
38a2f462-42a0-4ca0-9e53-af90fa2dac9f,1,1.000,tarih,tarih,1.57,0,0,0
38ab66a8-4484-458c-b2ec-25b95da4274f,1,0.990,cografya,cografya,2.32,0,0,0
38b2e7af-a744-4930-9c7e-bbdef26ddaaf,1,1.000,sanat,sanat,3.28,0,0,0
38b14207-f8cd-4f95-9a63-bd7d62d1b163,1,1.000,muzik,muzik,3.04,0,0,0
38ced966-6a60-4992-9f0a-48804b725af8,1,1.000,cografya,bilim,3.06,0,0,0
38b8a5b5-2272-45ea-8e31-e848fadc18e7,1,1.000,genel_kultur,cografya,2.99,0,0,0
38d891b9-a731-4123-a4b3-c96f6b7919d6,1,1.000,bilim,bilim,2.13,0,0,0
38e57816-a346-4588-abfe-b1f138c82e03,1,1.000,teknoloji,teknoloji,2.71,0,0,0
38e5e5a3-662f-40c7-b0ee-05a9f79f9a53,1,1.000,teknoloji,teknoloji,3.71,0,0,0
38fae39b-e900-4124-a7c2-1f8d54243ed1,1,0.960,tarih,tarih,3.50,0,0,0
3900acdf-3ecf-4d68-854c-c8d298b1d799,1,1.000,sinema,sinema,3.28,0,0,0
3905198f-b464-4fcf-9539-6bcfae38b37a,1,1.000,tarih,tarih,2.50,0,0,0
3906177c-d196-4f5d-a73d-eb5f16e7fc6c,1,1.000,teknoloji,teknoloji,2.41,0,0,0
39079762-b770-4bde-b60e-592fdff669de,1,1.000,edebiyat,edebiyat,2.47,0,0,0
390e9dfa-610b-447b-9dee-084390949cbb,1,1.000,muzik,muzik,2.01,0,0,0
39166caf-dba2-4dd4-a670-4227fa75da54,0,0.430,cografya,cografya,2.87,0,0,0
3909b00c-b748-422b-966c-723b25f872e8,1,0.990,teknoloji,teknoloji,1.85,0,0,0
3914a133-724c-4ff7-a627-e254a38aa421,1,1.000,sanat,sanat,1.99,0,0,0
391853d4-1178-49ba-9dcc-1f39f117a43b,1,1.000,tarih,tarih,2.20,0,0,1
392272d4-e944-423e-94f3-22662e2f9c8a,1,1.000,cografya,cografya,2.25,0,0,0
3929623e-4f0b-4aab-add0-82f5c16b253e,1,1.000,sinema,sinema,3.03,0,0,0
392a35f3-da35-442f-9770-309728ee905a,1,1.000,spor,spor,1.63,0,0,0
392b5bd8-e2d6-4ae8-a3e3-eee601d4a866,1,1.000,sinema,sinema,2.13,0,0,0
392c00bc-430f-4960-830e-938c4a1e4ed3,1,1.000,edebiyat,edebiyat,2.02,0,0,0
393820af-00c1-49cb-a13d-9e1e33b5d966,1,1.000,bilim,bilim,2.69,0,0,0
39502d94-25db-4a7f-8d27-1c0fc5ebf2c4,1,1.000,teknoloji,teknoloji,1.83,0,0,0
3950009f-6beb-43c2-9618-ee98e0334b8e,1,1.000,genel_kultur,genel_kultur,1.88,0,0,0
394f6808-9249-4d8b-9654-ec4a9a8639a2,1,1.000,cografya,genel_kultur,2.05,0,0,0
39550a90-79a2-4c71-86d5-3d288138328b,1,1.000,muzik,muzik,3.69,0,0,0
395872a4-c0e4-4c2d-8b9d-5aa07d24fb54,1,1.000,bilim,bilim,1.39,0,0,0
3957bc25-2992-4d66-92cf-3a747a3a4eb1,1,1.000,edebiyat,edebiyat,3.05,0,0,0
395a1564-bb7e-427d-9178-31a01445c9e9,1,1.000,edebiyat,edebiyat,2.09,0,0,0
395bb2cb-8d20-4776-8bf9-fae93ea39741,1,1.000,sanat,teknoloji,2.20,0,0,0
39674f0d-32da-4185-b7db-3dac367a96ad,1,0.990,genel_kultur,tarih,2.21,0,0,0
397ca9e2-dd53-4ba5-ae95-652c09c7b388,1,0.610,edebiyat,edebiyat,4.03,0,0,0
39689471-953c-4e90-ab91-379b334c0197,1,1.000,cografya,cografya,2.21,0,0,0
399062ec-28cc-49a2-8bee-d405771d8ba7,1,1.000,bilim,bilim,1.35,0,0,0
39777a6c-3ccb-4d3b-a653-e0c2cedd5185,1,1.000,tarih,tarih,1.81,0,0,0
3991eaf7-d3fa-4e9c-8bcc-0cdcaae94578,1,1.000,sanat,sanat,2.78,0,0,0
39932839-2b35-4413-89da-8843f5adf82a,1,0.470,edebiyat,edebiyat,3.37,0,0,0
3995330a-e6e4-4b42-984b-8148c7d077b4,0,0.720,sanat,sanat,2.84,0,1,0
399b8b72-fb6d-4b78-b3fa-1a0cd2072c60,1,1.000,sinema,sinema,3.22,0,0,0
399f3987-7cba-4c44-86f0-6a005cc2fcff,1,0.930,spor,spor,2.87,0,0,0
39a7cdcd-010e-45a6-8b22-d485e529b4cf,1,1.000,edebiyat,edebiyat,1.36,0,0,0
39ac9b7e-5a4d-42e1-aa47-5080cf0671fb,1,1.000,teknoloji,teknoloji,2.41,0,0,0
39acbb63-11a1-4ef8-b570-ef9834de8f3a,1,1.000,edebiyat,edebiyat,1.75,0,0,0
39b04833-fd27-4c13-a144-912a2e2c1b99,1,1.000,tarih,tarih,1.87,0,0,0
39ae2c8c-b54d-4e46-8d22-05e3371cf7e4,1,1.000,spor,spor,1.47,0,0,0
39b4e276-65c1-432d-aa57-b6341f94af3a,1,1.000,sinema,teknoloji,1.94,0,0,0
39c0882f-b7c8-4056-8fee-9c2841e913a7,1,1.000,genel_kultur,genel_kultur,1.84,0,0,0
39c744a3-f3b7-4159-8d6a-81f8b053481a,1,0.800,sinema,edebiyat,3.28,0,0,0
39c63d96-ffae-4d02-9c46-0df573b71e36,1,1.000,cografya,cografya,2.10,0,0,0
39c9581b-de2a-45db-a0a3-a2f2e16faf94,1,1.000,bilim,bilim,2.82,0,0,0
39c9b97e-a3d4-4253-a1d6-f9945238f9eb,1,1.000,spor,spor,2.74,0,0,0
39d193fb-885e-46d1-95d2-e39469e6adeb,0,0.800,sinema,sinema,2.99,0,1,0
39d92c8c-2a52-4687-804a-6f161ac9f667,1,1.000,cografya,cografya,2.17,0,0,0
39d41e69-c016-4bae-ba23-fa0ec130bd44,1,1.000,genel_kultur,cografya,2.24,0,0,0
39db89a1-5a79-4d9d-b155-7abe45eb525d,1,1.000,sinema,sinema,3.10,0,0,0
39dda96e-ab2c-4f31-8ab0-f6a273791888,1,1.000,bilim,bilim,1.75,0,0,0
39eb88ab-255b-428d-adf7-7480851e6430,1,1.000,tarih,tarih,1.97,0,0,0
39ee291f-b0f5-42b3-803e-c7b5503c118e,1,1.000,teknoloji,teknoloji,3.08,0,0,0
39f94fb6-e9a8-4e83-91b6-6087b2ab586c,1,1.000,bilim,bilim,1.95,0,0,0
3a037213-9f38-491e-98df-db85740655f6,1,1.000,muzik,muzik,1.84,0,0,0
3a054208-615e-4b7f-bee7-02100a7da024,1,1.000,muzik,muzik,3.70,0,0,0
3a054644-3a0f-406f-aad6-7717bd4c8bca,1,1.000,sanat,sanat,2.68,0,0,0
3a1e320c-a284-4f9c-bf4d-cd601db255de,1,1.000,teknoloji,teknoloji,1.36,0,0,0
3a22348a-70ef-4631-86a0-a7e59adaa472,1,1.000,bilim,bilim,1.27,0,0,0
3a2682b9-c22b-443b-a485-93d062c02cda,1,1.000,cografya,cografya,1.93,0,0,0
3a33cb50-5a36-4ba0-a18b-a8ad0f808664,1,1.000,bilim,bilim,1.51,0,0,0
3a2c3be4-3f9f-43e4-bda6-434c507cbd88,1,1.000,sanat,sanat,1.67,0,0,0
3a3595ed-ee2d-4a2e-aa09-f76e062ac068,1,1.000,muzik,muzik,1.84,0,0,0
3a31d22b-a6a2-40cd-b9f5-01e3777b81b3,1,0.990,cografya,cografya,2.09,0,0,0
3a383b7e-297d-4372-a98a-dcfd64ecf47c,1,1.000,muzik,muzik,2.60,0,0,0
3a473b73-f57c-4631-adec-2fc119429a25,1,1.000,sinema,sinema,1.56,0,0,0
3a4f8efe-b089-446a-a239-246d5fd1f1d5,1,1.000,genel_kultur,genel_kultur,1.51,0,0,0
3a4536f7-ca9d-4b43-a865-bab423c1506a,1,0.850,muzik,muzik,3.67,0,0,0
3a5037db-33a9-4314-a084-2633db94704a,1,1.000,spor,genel_kultur,1.94,0,0,0
3a5093b8-970d-42fa-859c-1de944b733b7,1,1.000,genel_kultur,genel_kultur,1.09,0,0,0
3a593e2b-bb0f-4fa6-9b95-6a796eb5193c,1,1.000,muzik,muzik,2.94,0,0,0
3a626a70-7855-439c-8640-702eac8a624e,1,1.000,teknoloji,teknoloji,3.79,0,0,0
3a671fee-09d5-4953-b826-122f73b01926,1,1.000,spor,spor,1.16,0,0,0
3a679775-200c-4da9-b405-e48a186d2a95,1,1.000,sanat,sanat,2.99,0,0,0
3a67d3de-bec1-4f37-80ed-cd2d65336226,1,1.000,teknoloji,teknoloji,3.43,0,0,0
3a9ef9ca-9558-4e15-b6fe-400075ed3004,1,1.000,cografya,bilim,2.08,0,0,0
3aa3afa3-4e13-420e-ae99-3a8177d6aa57,1,1.000,cografya,cografya,2.16,0,0,0
3aa6d5a1-277c-443f-9c5c-2b71c413f4a0,1,1.000,edebiyat,edebiyat,2.40,0,0,0
3aac364a-04f9-4388-b71c-568fd975539e,1,1.000,tarih,tarih,2.40,0,0,0
3ab3e0f1-76d1-46be-9388-ea710baff8b5,1,0.810,muzik,muzik,2.33,0,0,0
3ac5450b-f680-415e-986e-c901472cab28,1,0.990,cografya,cografya,2.74,0,0,0
3aca73f6-b555-411a-ad55-7fe96cf603ec,1,0.860,genel_kultur,teknoloji,3.01,0,0,0
3ada6eb9-7183-43b0-8064-39bc070abdd9,1,0.660,muzik,muzik,3.06,0,0,0
3acf67bc-e8ba-4e9e-b4bb-1fc53cb62f2f,1,1.000,genel_kultur,bilim,1.39,0,0,0
3add478a-e48d-41fc-bb0b-d15771a8a932,1,1.000,tarih,tarih,2.75,0,0,0
3ae61477-9979-4091-80bc-f64a09b776d4,1,1.000,teknoloji,teknoloji,3.49,0,0,0
3ae6acf1-ca51-4c07-8d53-c146e37808c1,1,1.000,sanat,sanat,2.14,0,0,0
3ae87ec9-4381-4e53-8951-a79b7e2c1306,1,1.000,sanat,sanat,2.44,0,0,0
3ae5d61e-95c2-41b7-88b3-723637dc0659,1,0.540,muzik,muzik,3.90,0,0,0
3af6fbbc-cb6f-4ac6-bb3d-ce24c0382189,1,1.000,teknoloji,teknoloji,3.14,0,0,0
3afa21c7-b8f5-4d16-9994-a411f83f1525,1,1.000,sanat,sanat,2.07,0,0,0
3b1b31fa-a7a3-49ab-b34c-e35d5fec8b7b,1,1.000,spor,spor,1.38,0,0,0
3b27bcb8-7993-4ef3-b1b1-fd2bd94c9587,1,1.000,spor,spor,1.31,0,0,0
3b1acc15-66ed-435c-8c8a-9ae9e0ec2776,1,1.000,bilim,bilim,1.82,0,0,0
3b328eb3-e94f-4474-a774-60d9bb3795c3,1,1.000,tarih,tarih,1.81,0,0,1
3b3522a2-0ee7-46ba-b55d-a9fd189744bf,1,1.000,edebiyat,edebiyat,3.41,0,0,0
3b368615-6a27-42d2-93f1-20a94fdf8764,1,1.000,edebiyat,edebiyat,1.96,0,0,0
3b4024a6-5c88-4a32-880e-129c3a758858,1,1.000,tarih,tarih,3.60,0,0,0
3b39f3fc-a365-440d-b1fe-ebeccbb3e2fc,1,0.990,bilim,bilim,2.58,0,0,0
3b51b1b6-7642-4259-95d1-1e977fd10567,1,0.980,muzik,muzik,2.96,0,0,0
3b574bd5-13d9-492c-b5ea-ca47bcf76e98,1,1.000,sinema,sinema,3.70,0,0,0
3b5a989f-56fe-4166-b675-e768a4c1622a,0,0.430,tarih,tarih,2.30,0,1,0
3b6a3125-22cd-40ab-a9ad-48acbb4c23f0,1,1.000,spor,spor,2.63,0,0,0
3b5c5961-1119-4372-94ad-1897841b372d,1,1.000,bilim,bilim,2.90,0,0,0
3b76ff17-403c-4b83-ace2-f08f37587a0a,1,1.000,spor,spor,1.32,0,0,0
3b79e0ee-2638-4be7-a5af-3f6a2eded5f3,1,0.940,edebiyat,edebiyat,2.88,0,0,0
3b7caec9-eb2f-4c33-8811-dba483bb5292,1,1.000,teknoloji,teknoloji,4.15,0,0,0
3b83f263-5d9d-470c-8e40-80508275737e,1,0.990,spor,spor,2.37,0,0,0
3b81fbd6-6248-495f-80d1-40773e607005,1,1.000,cografya,cografya,1.57,0,0,0
3b86d783-39ea-40f6-ab4a-256794847d82,1,1.000,edebiyat,edebiyat,1.65,0,0,0
3b88b9a4-c770-426d-bf44-4faee8ff3c3a,1,1.000,sinema,teknoloji,3.09,0,0,0
3b8c496b-b0a3-4628-8352-4977e245a207,1,1.000,muzik,muzik,2.94,0,0,0
3b918058-07d5-410b-b15c-c9276bc1f08a,1,1.000,teknoloji,teknoloji,3.93,0,0,0
3b8f5bf4-0051-458d-85fa-be634404e99d,1,0.410,edebiyat,edebiyat,2.86,0,0,0
3b96db93-65a3-41d3-8878-007aa5439204,1,1.000,teknoloji,teknoloji,2.71,0,0,0
3b994c32-e3e8-431f-9947-a1e224a62236,1,1.000,edebiyat,edebiyat,1.91,0,0,0
3b9e7662-c291-4d20-9b51-78e583c244a9,1,1.000,spor,spor,1.70,0,0,0
3ba34f53-e2be-4a94-9ff7-c7ef7de4b183,1,1.000,sanat,sinema,1.79,0,0,0
3baa4944-e0ec-4406-b278-65553c499865,1,0.880,muzik,muzik,4.32,0,0,0
3bad425d-6fb1-41af-9680-4905f6fd2af3,1,1.000,edebiyat,edebiyat,2.02,0,0,0
3baf2fbb-8b70-4abb-a5ff-ae02d6380386,0,0.630,cografya,cografya,2.59,0,1,0
3bb2c329-c7a4-4f7f-bf0d-dba3770a00fa,1,0.280,genel_kultur,genel_kultur,2.29,0,0,0
3bb3b04f-94be-4906-b180-bbe2f0f3e2bb,1,1.000,genel_kultur,tarih,2.32,0,0,0
3bb5e116-bee6-4ffc-a931-8412f3de7f84,1,1.000,muzik,muzik,1.55,0,0,0
3bb6a4ac-9c07-4a8c-98b7-6f3d88ae5dae,1,1.000,bilim,bilim,1.73,0,0,0
3bc816af-4d78-4fcd-8663-fdcf1d29e2b4,1,1.000,cografya,cografya,2.78,0,0,0
3bbae467-2a58-4286-9f87-ab7ce17849ce,1,0.070,edebiyat,edebiyat,3.38,0,0,0
3bc3e3e0-60f1-47b1-acae-8da25a69d59b,1,1.000,sanat,sanat,1.92,0,0,0
3bc90949-6162-4b7d-8291-abd7ef5a75bb,1,1.000,genel_kultur,edebiyat,1.83,0,0,0
3bd04717-8a5b-439c-a35e-f240a5904a24,1,1.000,sanat,sanat,2.24,0,0,0
3bd3d3f9-6fd8-4c66-94c1-c755c71f2fbb,1,1.000,teknoloji,teknoloji,3.35,0,0,0
3bd8ecc1-f828-46ff-b359-ac8ff732f066,1,1.000,muzik,muzik,1.33,0,0,0
3bddf950-1258-4684-b928-0e76a95e906d,1,1.000,teknoloji,teknoloji,2.81,0,0,0
3bded5bf-f565-42b0-897b-3261e95b1b58,1,1.000,genel_kultur,spor,1.86,0,0,0
3bf6086e-0f7d-47ba-bcb2-203037a24748,1,1.000,bilim,bilim,2.24,0,0,0
3bec9130-9ab5-417c-bfd3-3b7d6fc44499,1,1.000,cografya,genel_kultur,2.80,0,0,0
3bed54d1-6d71-42ba-9651-0689879a9acb,1,1.000,muzik,muzik,1.26,0,0,0
3bf8670a-07f5-44a7-958c-e4e49c10ca59,1,1.000,genel_kultur,cografya,1.45,0,0,0
3c000fb9-145b-441d-ad1f-ca0d61bef5b2,1,1.000,cografya,cografya,2.80,0,0,0
3bfea6cb-5bac-4d09-9496-170a618586c7,1,1.000,muzik,muzik,2.14,0,0,0
3c01bee7-8043-4dfc-b528-2a4f1506dee3,1,1.000,sinema,sinema,2.18,0,0,0
3c09518f-2e5c-4660-bc81-a085da20ef92,1,1.000,genel_kultur,bilim,1.35,0,0,0
3c106b18-cbc9-4c88-b128-f56f91d983d1,1,1.000,teknoloji,teknoloji,3.80,0,0,0
3c126aba-6818-4202-a7b8-ea425f98bde1,1,1.000,edebiyat,edebiyat,2.10,0,0,0
3c11e279-a971-4221-965a-0e19d70a6f54,1,0.900,tarih,tarih,3.48,0,0,0
3c158448-c5bd-45e5-b6a1-26bce6a007c3,1,1.000,muzik,muzik,1.34,0,0,0
3c16589a-7188-40b3-99dc-1918dd7cb129,1,0.980,cografya,cografya,2.74,0,0,0
3c1d15a2-8820-4b13-a2c9-46edd0c89ce7,1,1.000,sanat,teknoloji,3.20,0,0,0
3c330c48-338e-4bfb-a199-7fcc7b4130d7,1,1.000,sanat,sanat,1.70,0,0,0
3c25f856-bf61-44ad-bf66-be7bdd8a8db1,1,1.000,bilim,bilim,2.09,0,0,0
3c2165c6-2cde-460f-ba85-d145350f2298,1,1.000,sinema,edebiyat,1.06,0,0,0
3c40e842-c477-4bdc-a6a1-f24a091472cf,1,1.000,sinema,teknoloji,2.73,0,0,0
3c521a3a-c9b1-449a-90f4-dc0a33e74d72,1,1.000,muzik,muzik,2.85,0,0,0
3c598a42-51c7-4e3c-964e-dce556a5a66e,1,1.000,edebiyat,edebiyat,2.18,0,0,0
3c530cdf-e490-4eea-a11e-a69ea3608a68,1,0.980,bilim,bilim,2.86,0,0,0
3c616f0c-f0e5-41d4-8251-bef4fc9aad2c,1,1.000,sanat,sanat,2.08,0,0,0
3c66ba43-290b-452f-893b-5333207ec1a3,1,1.000,cografya,bilim,3.74,1,0,0
3c742940-0db2-4fc2-ad41-6e3cd9db1a44,1,0.990,cografya,cografya,2.19,0,0,0
3c78c4e8-8308-4454-ab08-471bda410def,1,1.000,cografya,cografya,3.12,0,0,0
3c7af2bb-f7bf-451d-83ec-195c52021362,1,0.870,tarih,tarih,3.09,0,0,1
3c7ff9f9-cb14-4596-a879-801ca5122b96,1,0.950,muzik,genel_kultur,1.96,0,0,0
3c8d03d5-18cb-42c7-8340-606620219db9,1,1.000,sanat,sanat,3.62,0,0,0
3c8fc7ab-e7c3-49dd-bc25-f44059106c06,1,1.000,teknoloji,teknoloji,2.02,0,0,0
3c955bda-35eb-4e19-9f84-5889e45d2adb,1,1.000,muzik,muzik,2.00,0,0,0
3c9758dd-7dfe-41e3-95f8-a6526b999ccc,1,1.000,sanat,sanat,2.57,0,0,0
3ca39dbf-f180-4ea5-b6e1-483b39aa12de,1,1.000,sanat,sanat,1.37,0,0,0
3ca4e2c1-2415-48c2-a799-1dbc6e9ef5dd,1,0.930,genel_kultur,bilim,1.20,0,0,0
3cace0cb-62b6-4129-9e50-5f79b5bd2554,1,1.000,teknoloji,teknoloji,3.37,0,0,0
3cadb5e6-f600-4c6b-bd4a-885a9d0d3d35,1,1.000,cografya,cografya,2.94,0,0,0
3cadb231-8925-4614-8f44-198b561dff95,1,1.000,muzik,muzik,1.91,0,0,0
3cb0cd22-aa9f-479e-adb8-aac0276ba86d,1,0.880,spor,spor,3.52,0,0,0
3cb2f51f-212f-469b-90a8-cbda2288ea9d,1,1.000,muzik,muzik,2.22,0,0,0
3cd1aaee-1894-47da-9cca-e43ef442b45b,1,1.000,sinema,sinema,1.26,0,0,0
3cb74019-6ccc-4174-8e94-0d4f2ae590ae,1,1.000,muzik,muzik,2.07,0,0,0
3cca96cc-1b05-4ef8-8c4c-febf2ae82e7b,1,1.000,edebiyat,edebiyat,2.60,0,0,0
3cd2c88a-dd90-4065-8f99-21fd38d2ba68,1,1.000,cografya,cografya,1.01,0,0,0
3cd4103a-b781-43ca-87ca-2218278e2b0a,1,1.000,teknoloji,teknoloji,3.74,0,0,0
3cd83aa1-6251-4292-b43b-06c6e425ad6f,1,1.000,cografya,cografya,2.07,0,0,0
3cd43862-148d-47de-83e2-767dd53219ef,1,1.000,tarih,tarih,1.71,0,0,0
3cd7508c-5b54-4f11-8077-3c4e3cfd2420,1,1.000,tarih,tarih,2.24,0,0,0
3cd93649-cddb-4f12-ab09-311152d3e877,1,1.000,sinema,sinema,2.91,0,0,0
3ce0d65b-71c4-486d-aa7b-0d1ccef715d9,1,1.000,cografya,cografya,2.35,0,0,0
3ce2b272-1280-410f-a782-e32afb687d99,1,1.000,teknoloji,teknoloji,3.35,0,0,0
3d0009b1-2128-419e-8a88-690c4ec92cf5,1,1.000,tarih,tarih,1.91,0,0,0
3cedeb16-edbf-4b17-9afd-bc309298f118,1,1.000,edebiyat,edebiyat,2.76,0,0,0
3d065fd4-0cd1-41b1-a7cd-1da3464a8c35,1,1.000,sanat,sanat,1.81,0,0,0
3d04f5c6-88e4-4069-a6ea-83317f846436,1,1.000,genel_kultur,sanat,3.48,0,0,0
3d0687ad-4dc7-4d52-a2a0-75c1da464cba,1,1.000,sanat,sanat,3.31,0,0,0
3d0756c0-3dec-437b-8bab-433ef431a638,1,0.950,spor,spor,2.61,0,0,0
3d077e29-cf5a-46b3-a250-004d2dbfa353,1,1.000,sinema,sinema,1.48,0,0,0
3d07bed8-9f2e-4beb-9b35-a377919e30a8,1,0.990,sinema,sinema,3.01,0,0,0
3d0c88e4-b95e-46d1-9f05-ca2e92edcc4a,1,1.000,teknoloji,teknoloji,2.02,0,0,0
3d0e7e61-2575-4435-be1f-1e75c45de7fe,1,1.000,spor,spor,2.30,0,0,0
3d1239a7-b93e-43f4-8500-4a9e49405303,1,1.000,edebiyat,edebiyat,2.93,0,0,0
3d11cdcc-786f-48b4-a9dd-4ec4f6b4a8a1,1,0.970,spor,spor,3.29,0,0,0
3d138d70-7c21-49a3-ac46-0b39f318d130,1,0.370,tarih,tarih,3.23,0,0,0
3d1db78a-9768-46c4-ba81-f068b1a68a79,1,1.000,sanat,sanat,2.09,0,0,0
3d2aea2a-c4d9-4d66-ae21-e57833bb384a,1,1.000,muzik,muzik,2.30,0,0,0
3d3f707b-7964-40db-af63-a3f7a6256a15,1,1.000,bilim,tarih,2.97,0,0,0
3d17539e-35c2-41c6-b161-8b9f56663287,1,1.000,edebiyat,edebiyat,1.98,0,0,0
3d49a96f-47c8-4dda-adbb-f4a25911fdd0,1,1.000,spor,spor,2.92,0,0,0
3d4f0238-aa31-4b19-8c72-6ba6c5c352b1,1,1.000,bilim,bilim,1.71,0,0,0
3d4f80cd-691d-4b50-b300-0f5044721f8b,1,0.740,spor,spor,4.17,0,0,0
3d60026d-6418-478d-ad8d-7eca41dd193a,1,1.000,sinema,sinema,1.82,0,0,0
3d50e304-8c97-4079-a1da-9e0dc790fdfe,1,1.000,cografya,cografya,1.92,0,0,0
3d6fcfd4-cf29-4864-ac61-87f70f465f62,1,1.000,sanat,sanat,1.94,0,0,0
3d859ba7-c063-45cf-b649-cf2e3ec0ca5b,1,1.000,teknoloji,teknoloji,2.22,0,0,0
3d74922e-d512-4de1-b79b-8ade4a6e0cd3,1,1.000,bilim,genel_kultur,3.22,0,0,0
3d8c18a1-e274-421c-82e1-68f8a48a0bfb,1,1.000,sinema,sinema,2.32,0,0,0
3d973371-a581-4255-8dfd-e342eb52a3f5,1,1.000,spor,spor,1.69,0,0,0
3d9827dd-79ef-47bc-ba67-c83874f35389,1,1.000,bilim,bilim,2.40,0,0,0
3d9fc303-077a-494f-b2aa-67844a4c4ba3,1,1.000,spor,spor,1.88,0,0,0
3da5b27f-eb8e-4372-8975-394cc781d6b6,1,0.800,genel_kultur,genel_kultur,2.09,0,0,0
3da3c8b7-4e10-4e71-9ac3-93bf264ab408,1,1.000,muzik,muzik,2.46,0,0,0
3dadced4-ede8-4754-9e6e-52ef36335a91,1,1.000,cografya,cografya,2.37,0,0,0
3dc30d8a-b247-49f9-b44c-2b9d8bfeafc6,1,1.000,cografya,cografya,2.02,0,0,0
3dd440db-241f-483f-bc4b-be7c7b99bfb7,1,1.000,edebiyat,edebiyat,1.89,0,0,0
3ddc82d2-fa7b-43ea-8073-84576bb85ca4,1,0.980,muzik,muzik,1.82,0,0,0
3de3ee75-d023-407e-9cf6-32fd5bbf58b9,1,1.000,sinema,sinema,2.56,0,0,0
3deb5b6a-d343-4cca-b05e-328a67f29212,1,1.000,muzik,muzik,3.90,0,0,0
3df11c66-5f57-47e8-929b-d737c6eca3ab,1,0.780,spor,spor,2.52,0,0,0
3df7715e-4170-4631-bde5-f452673cdc57,1,1.000,sinema,sinema,2.50,0,0,0
3e000ce8-635a-4f67-a544-ebe5524f21d5,0,0.130,edebiyat,edebiyat,3.59,0,0,0
3e022dbd-a4d5-4864-940a-d407dfe0f58d,1,0.990,spor,spor,3.02,0,0,0
3e087d87-90de-4111-a1ec-f0db24f314f1,1,1.000,cografya,genel_kultur,1.60,0,0,0
3e0bdd8a-07cb-4833-8975-8a6f97b19c50,1,1.000,muzik,bilim,1.95,0,0,0
3e1b506a-ed94-4f1a-b2a1-1bae57f80762,1,1.000,bilim,bilim,1.92,0,0,0
3e1b61a8-6d8f-4c94-b117-9608bbfc8e16,1,1.000,sanat,sanat,1.88,0,0,0
3e1fee51-f1d0-42e0-9fd3-872b41845122,1,1.000,sanat,sanat,3.37,0,0,0
3e314b18-e808-41b9-9acd-553f0646a647,1,1.000,bilim,bilim,1.43,0,0,0
3e3644c1-8661-4104-834b-fcc97ff9ae67,1,1.000,teknoloji,teknoloji,2.06,0,0,0
3e368665-58c3-41e3-99aa-7ced0eac8bb3,1,1.000,teknoloji,teknoloji,1.99,0,0,0
3e38e1e8-f1c7-4346-ac1c-fb445e1912aa,1,1.000,edebiyat,edebiyat,1.06,0,0,0
3e3b1759-0a5d-4dd5-bd4c-5d18704ffb15,1,1.000,tarih,genel_kultur,1.96,0,0,1
3e3f791d-bc02-463a-8f81-2037f4b569ee,1,0.990,cografya,cografya,3.19,1,0,0
3e4ed379-11b7-4b1d-9622-5bb9432779f1,1,0.740,muzik,muzik,3.90,0,0,0
3e50e27c-a0ec-4e28-aeab-ec67448ecf87,1,1.000,edebiyat,edebiyat,2.51,0,0,0
3e521b36-56c6-4aec-80cd-dcd98c694c50,1,1.000,sanat,sinema,1.75,0,0,0
3e53513a-9a68-4fd5-9040-9e11b8a2c648,1,0.950,tarih,tarih,2.13,0,0,0
3e59d0e8-ac29-4657-bc0f-6acc1b2a47f3,1,1.000,edebiyat,edebiyat,1.70,0,0,0
3e5afef9-92de-446b-8de5-39a2188cb9a8,1,1.000,tarih,tarih,2.45,0,0,0
3e5b4abc-fda1-4a07-9440-21a056d4dba4,1,1.000,sanat,sanat,2.10,0,0,0
3e5eb2ba-921c-4e9b-8d0e-1052754e4db5,1,1.000,cografya,genel_kultur,2.56,0,0,0
3e65ebc8-0a42-453b-bc08-5a11e3cf5390,1,0.980,spor,spor,1.72,0,0,0
3e6c7fe9-5ad3-488a-b4da-891fd8c25fd5,1,1.000,cografya,cografya,2.61,0,0,0
3e6d93c6-6f23-409e-8106-f024f0ea71da,1,1.000,sinema,sinema,2.83,0,0,0
3e6eef26-6184-4e30-b497-b91e692c4b9a,1,1.000,spor,spor,1.58,0,0,0
3e6e2292-c5f2-4544-9b1e-49fba43ad85c,1,1.000,cografya,cografya,2.69,0,0,0
3e7829d4-50b2-4ffb-bc60-8dca448f32d7,1,1.000,edebiyat,edebiyat,3.46,0,0,0
3e7e566c-12cc-4467-9cde-a24b67ac3fcf,1,1.000,cografya,cografya,2.49,0,0,0
3e7fe594-d4c6-457b-95fb-589f79d69caa,1,0.220,edebiyat,edebiyat,2.81,0,0,0
3e8524a2-53c7-4a80-b955-7d5233540168,1,0.520,edebiyat,edebiyat,2.85,0,0,0
3e821473-2a61-45fb-9771-ff082bcb1908,1,1.000,cografya,cografya,1.31,0,0,0
3e89f346-9615-4de1-b933-8664c9a3b18a,1,0.790,genel_kultur,cografya,2.31,0,0,0
3e86816b-dd26-40b2-b5af-caa3d8fd183e,1,1.000,sanat,sanat,3.31,0,0,0
3e9c354e-899c-4518-b15d-78ac5aca7732,1,1.000,bilim,bilim,2.12,0,0,0
3ea31a4d-6e21-421e-8704-07ff17a01972,1,1.000,tarih,tarih,1.98,0,0,0
3ea1c31d-9944-455a-af5f-345dfb61269f,1,0.980,edebiyat,edebiyat,2.17,0,0,0
3eba917b-5c04-40e1-9bca-d00bf57b4a41,1,1.000,sinema,sinema,2.41,0,0,0
3ea71d33-1a0f-42fc-8718-f792f0bc6726,1,1.000,teknoloji,teknoloji,1.67,0,0,0
3eca6f6a-5351-40d0-8731-eeaafe3b71e5,0,0.410,edebiyat,edebiyat,3.67,0,0,0
3ebd5feb-1ba5-4d9a-818b-cbae19e14255,1,1.000,tarih,tarih,2.33,0,0,0
3ecf1f87-f8b0-42c3-823e-23fa911f00e4,1,1.000,teknoloji,teknoloji,2.34,0,0,0
3edd6365-ad1b-48f0-9e01-f57987f26300,1,0.840,cografya,cografya,2.90,0,0,0
3ee7c952-cc65-4d01-9633-c9cdfe8fe558,1,1.000,cografya,cografya,2.58,0,0,0
3eeb4cb1-16d5-40c4-b67f-cd52dfbc8921,1,1.000,sinema,sinema,2.01,0,0,0
3ef54c4c-f2ee-4e81-8248-2e864e148e49,0,0.090,edebiyat,edebiyat,2.73,0,0,0
3ef97234-4f70-46bf-99f3-aef8af8e3d7d,1,1.000,muzik,muzik,2.75,0,0,0
3efa7586-0f66-4138-9bdc-0d3b9628b905,1,1.000,edebiyat,edebiyat,1.99,0,0,0
3efd7097-f582-4afb-ae91-c4994d532cab,1,1.000,bilim,bilim,1.50,0,0,0
3f0973a5-4f34-4214-8786-5d782fd5eb95,1,1.000,sinema,sinema,1.29,0,0,0
3f098067-9e2e-4860-954d-9c15d28c7f8e,1,1.000,genel_kultur,bilim,2.10,0,0,0
3f0a2355-c0d4-4199-95ca-42fbccb08f3c,1,1.000,sanat,sanat,2.81,0,0,0
3f16e761-1d25-4f20-a0c5-c30df20ce051,1,1.000,edebiyat,edebiyat,1.60,0,0,0
3f0e1f27-ef36-4bc9-87dc-0b0bb0015933,1,1.000,spor,spor,1.97,0,0,0
3f19291c-703b-478e-a122-323f98af9682,1,1.000,genel_kultur,bilim,1.37,0,0,0
3f1a176a-7ff6-4db9-ac85-029230a12716,1,1.000,genel_kultur,genel_kultur,1.64,0,0,0
3f2832e8-86af-4a57-b096-7b1d9a558bc2,1,1.000,genel_kultur,bilim,1.87,0,0,0
3f2472f3-4707-440c-84b6-57a517d3268b,1,1.000,edebiyat,edebiyat,2.20,0,0,0
3f2d2bba-e138-4761-9df7-5f41c35dd8e7,1,1.000,muzik,muzik,1.34,0,0,0
3f2e14f4-6c53-4611-be07-41a1db4c03f4,1,1.000,cografya,cografya,1.73,0,0,0
3f3d3cf5-2830-420d-a941-a76a4d7137b6,1,1.000,teknoloji,teknoloji,3.62,0,0,0
3f3d80f6-0416-47bd-8f53-20db4da444b4,1,1.000,tarih,tarih,1.93,0,0,0
3f4064e1-f4f3-4f56-9a6f-ab9ff2fb50b2,1,1.000,sinema,sinema,2.55,0,0,0
3f400960-fdb2-4fb3-bc94-d8f142c20256,1,0.950,spor,spor,1.96,0,0,0
3f439c1c-84d5-4dde-8e5a-db4d0a32bf8f,1,1.000,muzik,muzik,2.54,0,0,0
3f5a222a-df08-4442-bd1f-72fe81b90fb8,1,1.000,edebiyat,edebiyat,2.23,0,0,0
3f5b9b69-fece-4dee-ba80-93f5aba08197,1,1.000,edebiyat,edebiyat,1.18,0,0,0
3f4a62b8-dc29-49d8-93b5-a6bfe06940f4,1,1.000,sanat,sanat,2.42,0,0,0
3f5cceb3-542b-4c15-989a-449c8cf2d884,1,1.000,genel_kultur,genel_kultur,1.86,0,0,0
3f5d8320-b98e-4121-ad86-58d46cd325af,1,1.000,spor,spor,2.43,0,0,0
3f6cd1aa-fb0a-4585-b555-ec9278414b3f,1,1.000,cografya,cografya,2.90,0,0,0
3f72a152-19e5-474f-ba84-ca8a9118faae,1,1.000,cografya,bilim,2.19,0,0,0
3f6f79bf-74f2-4512-b7df-d8766115cde6,1,1.000,bilim,bilim,1.75,0,0,0
3f797e57-022a-430b-89d9-a4c58d7e65db,1,1.000,genel_kultur,muzik,1.93,0,0,0
3f814c14-091d-4695-a00f-06f9e1ed436c,1,0.900,edebiyat,edebiyat,3.58,0,0,0
3f824394-7528-4d23-a100-3dcd1be89f90,1,1.000,cografya,cografya,2.14,0,0,0
3f84aae9-936f-4103-be54-111ba6442cf4,1,1.000,muzik,bilim,1.65,0,0,0
3f8b5261-c524-41ef-8a98-845ddab21a62,1,1.000,cografya,cografya,2.76,0,0,0
3f92ffac-c53f-43e1-b548-dde859eb1758,1,1.000,sanat,sanat,1.81,0,0,0
3f975fe6-5c30-456a-90fd-b094c567a00b,1,1.000,muzik,muzik,1.54,0,0,0
3fa5fd3b-a0f8-44a8-8ca0-ed2f0aa77c08,1,1.000,sinema,sinema,3.69,0,0,0
3fba3d08-188c-4d5b-93aa-e126c62e8540,1,1.000,bilim,bilim,1.92,0,0,0
3fb39812-450a-4cad-8d75-0e5dc03e8242,1,1.000,bilim,bilim,2.18,0,0,0
3fa74812-5e60-4b9f-868b-9d2aebb5a65f,1,1.000,tarih,tarih,2.16,0,0,0
3fbca3b9-de2f-41c6-b964-061c5dc04f04,1,1.000,bilim,bilim,2.05,0,0,0
3fc1a8ca-9b84-41b9-8a98-349dfd9d8262,1,1.000,spor,spor,1.85,0,0,0
3fc2b46c-5285-4911-9ba2-25d5adbbb93f,1,1.000,cografya,cografya,2.38,0,0,0
3fdadd08-3ecd-42d4-8887-2ef9dfb88494,1,1.000,tarih,tarih,2.29,0,0,0
3fd663e8-801b-4b0f-8b96-052347b28e31,1,1.000,muzik,muzik,2.42,0,0,0
3fdb2b8c-fd4b-4a5c-8675-d8eac35c20cc,1,1.000,bilim,bilim,2.13,0,0,0
3fdfc42e-c7c2-4655-8c6b-14a037696b31,1,1.000,spor,spor,1.96,0,0,0
3fe21f0b-3aee-4cd4-94ce-ea1d93f407b4,1,1.000,edebiyat,edebiyat,2.09,0,0,0
3fe26291-9c1e-4d68-a51b-04ad3d17d405,1,1.000,edebiyat,edebiyat,1.76,0,0,0
3fe54f2b-02ef-4982-bb2d-39e5cc0d83c7,1,1.000,sinema,sinema,1.66,0,0,0
3fe5b6ec-61fe-43f2-b533-74b5b02deef6,1,1.000,edebiyat,edebiyat,2.55,0,0,0
3ff4fb9a-0511-45e6-b629-4a3db4095e8c,1,1.000,edebiyat,edebiyat,2.45,0,0,0
40062992-c4a7-45d8-b956-b7f5cc7e9f69,1,1.000,spor,spor,1.68,0,0,0
3ff69b67-902e-4923-bfa8-8560a9097707,1,1.000,tarih,tarih,2.46,0,0,0
3ffdf3d2-3666-462f-bb2e-f799ec4aedf0,1,0.990,spor,spor,2.36,0,0,0
400b31bf-6414-4699-87e7-4ae15bb9b998,1,1.000,tarih,tarih,2.28,0,0,1
40096801-3d31-4f8c-8172-31152035b610,1,1.000,genel_kultur,genel_kultur,1.92,0,0,0
40127cfd-1635-4800-818b-00eba158731d,1,1.000,genel_kultur,teknoloji,2.40,0,0,0
4019f8db-ac38-43a6-ab40-af16ec975e96,1,0.990,cografya,cografya,2.10,0,0,0
40181592-909a-43c1-84fc-f0a3a14e080b,1,0.930,spor,spor,3.10,0,0,0
401b2446-25ea-4bf9-a902-e4db0e2b9d88,1,1.000,teknoloji,teknoloji,2.37,0,0,0
401a9a0f-65b1-4ef4-9300-90ca9c374bfd,1,1.000,sanat,muzik,2.39,0,0,0
401d35ac-aa6c-4a9a-ae4d-d45bee5a9588,1,1.000,genel_kultur,genel_kultur,2.70,0,0,0
402822f2-a69d-4b20-8f61-948683b853c1,1,1.000,genel_kultur,bilim,1.81,0,0,0
402a5452-96d4-4ada-b4c4-d2503e5b3e9d,1,1.000,muzik,muzik,3.73,0,0,0
4038e23b-56d8-48f3-8f9b-8a99e473071a,1,1.000,tarih,tarih,2.33,0,0,1
403abc9d-94e3-4e03-92f2-45b84a5f6d1b,1,0.970,cografya,cografya,1.99,0,0,0
4052f8c7-3520-47a0-aa2d-b74d7648e0a0,1,1.000,sanat,sanat,2.98,0,0,0
403f828b-b6bf-45d3-9016-03f1154c0c81,1,1.000,cografya,cografya,1.58,0,0,0
405bc4af-455e-4b3b-9062-6da7254a015f,1,1.000,spor,spor,2.97,0,0,0
40602b63-ae43-4e71-a209-d2f15f9dc5dc,1,1.000,muzik,muzik,3.00,0,0,0
406635ac-89d8-4ded-9bb7-263f0d54d490,1,1.000,sanat,sanat,1.16,0,0,0
406f5bbb-1813-4e07-8ea2-ff74c616a586,1,0.990,sanat,sanat,3.23,0,0,0
40705dbe-26b0-4fdd-986d-8c169848f965,1,1.000,cografya,bilim,2.02,0,0,0
407120f6-5fec-421a-975d-9291b2db45e3,1,1.000,genel_kultur,genel_kultur,2.15,0,0,0
4075eea7-65a7-4f01-942b-05413fb98b16,1,1.000,tarih,tarih,1.93,0,0,0
4076fb8b-6c29-4978-b7b7-a81e5e24c8f7,0,0.550,sinema,sinema,4.00,0,0,0
4091f596-c7cf-4224-927f-bf5028bc49ff,1,1.000,bilim,bilim,1.86,0,0,0
407ec76d-0e3d-45a9-b5ac-f0a65a5aac00,1,1.000,sanat,sanat,3.50,0,0,0
407f319e-ba46-4250-8f97-fa5d94783844,1,1.000,sinema,sinema,1.59,0,0,0
40950922-d5dd-44be-aece-de45944198e4,1,1.000,sanat,sanat,2.89,0,0,0
409ace54-d830-441d-a279-88954f191810,1,1.000,cografya,cografya,2.21,0,0,0
40aac7d7-1018-4c1f-9a4e-7a12d83b53fa,1,1.000,cografya,cografya,1.96,0,0,0
40bda519-9c44-438e-bd98-5c0717354701,1,0.950,tarih,tarih,3.04,0,0,0
40c5fde3-50ab-4b78-b41e-e9836a75b3d2,1,1.000,edebiyat,edebiyat,3.62,0,0,0
40aae15a-aa3e-44be-a2e1-cf0a5053c3a9,1,1.000,tarih,tarih,3.43,0,0,0
40cef15f-9121-4452-b180-45d47587591b,1,1.000,sinema,sinema,2.57,0,0,0
40d95971-6216-46c9-9bf9-6a355a446e30,1,1.000,bilim,bilim,1.70,0,0,0
40cf4096-5eca-4f64-aab2-71eec6ecfe50,1,0.870,sinema,sinema,1.94,0,0,0
40dfed83-104e-487f-a155-1527e15e09eb,1,0.910,genel_kultur,edebiyat,2.81,0,0,0
40e10c07-0deb-4c60-8f10-8041e0a0093a,1,1.000,cografya,cografya,2.20,0,0,0
40e774d1-7867-40ba-bd15-d92e88fc1710,1,1.000,spor,spor,2.46,0,0,0
40f69bb6-8984-4a9e-bcc1-2a7ddb411f27,1,1.000,edebiyat,edebiyat,1.96,0,0,0
40eb2ccd-bc94-451f-b649-6a42f2998ef2,1,1.000,teknoloji,teknoloji,2.32,0,0,0
40f6ef0f-20f4-4f08-b13f-6efbf544779b,1,1.000,sanat,sanat,1.18,0,0,0
40f865ce-7991-4eb2-807e-84dc45707273,1,0.940,spor,spor,1.26,0,0,0
40f8ac75-8c71-4a3e-9e69-9c73ce0f0e8e,1,1.000,muzik,muzik,1.89,0,0,0
40fbd2b6-7155-4feb-893f-8b07e795393f,1,1.000,teknoloji,teknoloji,1.99,0,0,0
40fd6b29-84c1-4c4d-a7da-87c6527ede98,1,1.000,cografya,cografya,2.40,0,0,0
41050680-ae9e-42d9-b04e-795d566228a8,1,1.000,muzik,muzik,1.82,0,0,0
41063a35-3541-473c-a3eb-7c1bcf53c478,1,1.000,tarih,tarih,1.94,0,0,0
41065340-e0d5-4b82-a017-4201256b1fe5,1,0.750,sanat,sanat,3.77,0,0,0
412c48d8-e2d6-45e0-a4ec-aaefced8ad91,1,1.000,spor,spor,2.71,0,0,0
4118c41d-f6f9-42c8-93b4-5619c9e0bf3f,1,1.000,edebiyat,edebiyat,2.39,0,0,0
4136dd49-6db5-4a33-8a3a-f8d434f0946b,1,1.000,sinema,sinema,2.18,0,0,0
41401296-bf99-4072-ade0-2f867d3fddc3,1,1.000,edebiyat,edebiyat,2.90,1,0,0
41490d9a-ce56-4626-a27e-cc3c8218e774,1,1.000,sanat,sanat,1.81,0,0,0
414b54c1-ad50-48d5-af3a-8cd2bca01edb,1,1.000,sanat,sanat,2.29,0,0,0
414d5604-49d3-4999-922f-baff6202f7ec,1,1.000,sinema,sinema,2.29,0,0,0
414e1fa1-6f94-44e3-8130-900b8a05dec5,1,1.000,tarih,tarih,2.65,0,0,0
414f3bea-1283-46e8-b61c-c1c25a7fa2dc,1,1.000,cografya,bilim,3.25,0,0,0
4154efb4-5716-4514-a2c8-191c1c197aff,1,1.000,genel_kultur,genel_kultur,1.68,0,0,0
41563f57-0fac-4746-8642-5a6e3f3a341f,1,1.000,sinema,sinema,1.46,0,0,0
4157ed9c-a353-484a-a155-5e82124bb7d0,1,1.000,sinema,sinema,2.70,0,0,0
415a219e-e75c-4453-b5c7-46023a57f22e,1,1.000,teknoloji,teknoloji,1.73,0,0,0
415fe0ea-1281-4866-ac5f-df25898b2f86,1,1.000,muzik,muzik,3.62,0,0,0
41677a91-590c-456a-9f5f-69d08525a9b7,1,1.000,bilim,bilim,2.07,0,0,0
41699247-fe29-4373-bbb7-3de1ccf4ca45,1,1.000,bilim,bilim,1.51,0,0,0
4164202b-68a7-4c31-9af3-9cc16762fe8a,1,1.000,cografya,bilim,1.95,0,0,0
416d6827-f856-4a6a-8c67-1c31a2573b12,1,1.000,muzik,muzik,3.54,0,0,0
4171db36-3777-4d93-bf16-4ed922c1dcb5,1,1.000,muzik,muzik,2.72,0,0,0
4172c120-9241-4c54-bc87-6022c3da59ae,1,1.000,teknoloji,teknoloji,2.58,0,0,0
4172c8bd-1761-4988-b423-b0b46b5c0801,1,1.000,cografya,cografya,2.43,0,0,0
4178f8c3-99b9-414f-a20c-2e256567eb36,1,1.000,tarih,tarih,2.18,0,0,0
417ae98e-fa7b-4f09-8fd2-ffe8a945406d,1,0.990,muzik,muzik,2.96,0,0,0
417a77f1-6a57-4f6b-b5d9-aa80e6c0bd85,1,1.000,bilim,bilim,1.64,0,0,0
4180e69e-6fd9-47c9-b6fa-f20287b9115e,1,1.000,cografya,cografya,1.82,0,0,0
41822ec6-eb82-4092-a669-20851769dc8d,1,0.970,spor,spor,2.83,0,0,0
41882fa8-e390-4216-bbc6-277e706e8110,1,1.000,bilim,bilim,1.89,0,0,0
418ac2bd-11e1-4495-9664-b459b07644d7,1,1.000,spor,spor,1.46,0,0,0
41896530-3d1e-4601-823a-bdc471ee7dfc,1,1.000,sinema,sinema,3.14,0,0,0
418fd995-d443-4988-bdb3-dc74efa3d3da,1,1.000,bilim,bilim,1.86,0,0,0
4190733e-807e-4527-9592-6266fdd66845,1,0.990,sinema,sinema,2.53,0,0,0
419c4005-46e1-45a2-a315-e7870e0442ed,1,0.890,tarih,tarih,2.94,0,0,0
41b4ebbf-1dc3-4a3e-a37a-ddf524fe2517,1,0.990,tarih,tarih,3.53,0,0,0
41a77c87-6c5a-46ee-81d4-353914ad5862,1,1.000,tarih,tarih,3.24,0,0,1
41b60b83-371a-4641-bda1-13ad3f267927,1,1.000,muzik,genel_kultur,2.93,0,0,0
41b64cf1-977f-467c-87df-0dba88142d39,1,1.000,sanat,sanat,1.67,0,0,0
41bc1d11-8b66-46ba-a68f-dcaf015e970b,1,1.000,edebiyat,edebiyat,1.55,0,0,0
41c3944c-ef84-4885-b57a-09202b913deb,1,0.920,tarih,tarih,3.19,0,0,0
41cc749d-506e-44dc-ac9a-2d162a171564,1,1.000,spor,spor,1.59,0,0,0
41ce51d8-44f6-4698-86a9-f57e185d4829,1,1.000,bilim,bilim,2.31,0,0,0
41cf8667-c60c-46ba-be13-dc92376a33ce,1,1.000,cografya,cografya,2.10,0,0,0
41d65ab3-223f-4bd0-920b-1e2dc36fe58c,1,1.000,muzik,muzik,2.12,0,0,0
41e67609-392c-439e-85f5-5fa6293e0887,1,1.000,spor,spor,2.35,0,0,0
41e8f7c4-68a5-4169-92e1-8b5381193a2f,1,1.000,muzik,muzik,1.99,0,0,0
41e91dbf-f948-4c23-9b96-cdd4c6ce1573,1,0.900,edebiyat,edebiyat,2.21,0,0,0
41ee28e6-954a-483e-b6bd-c4a3c1f8207b,1,1.000,edebiyat,sanat,3.06,0,0,0
41eee039-d332-42c9-a9e3-65b9ac42cfd0,1,1.000,teknoloji,teknoloji,2.29,0,0,0
41f5d1ed-b106-422d-b841-03e07b241d87,1,1.000,edebiyat,edebiyat,2.95,0,0,0
41f589a8-794a-4416-bb76-4c14ce5c643f,1,1.000,sanat,sanat,1.18,0,0,0
41f7b977-e724-47b2-9bba-1ee784163b04,1,1.000,teknoloji,teknoloji,2.76,0,0,0
41fa141d-b5c6-4c1e-ae69-1a1bf9eb4330,1,0.730,genel_kultur,cografya,2.13,0,0,0
42060ffe-4965-4061-bc59-66030a745bdb,1,0.990,cografya,cografya,2.69,0,0,0
41ff6c65-aa87-4db0-b2b7-0ca6e1aee78a,1,1.000,tarih,tarih,2.95,0,0,0
42079c2e-a49f-4d0e-8938-3e144443ea14,1,1.000,teknoloji,teknoloji,2.60,0,0,0
4207f6f6-8928-4ea5-8d12-a091d27dafb6,1,1.000,cografya,cografya,1.16,0,0,0
420c8f6e-67ae-46d7-afc3-39c3bb98f79d,1,1.000,sinema,genel_kultur,3.35,0,0,0
421e4ae9-067b-45a2-a56c-05f6f8bb29b9,1,1.000,cografya,teknoloji,2.95,0,0,0
42267fe4-f719-40e3-b977-9528417bc4d2,1,1.000,cografya,cografya,2.19,0,0,0
423a45ec-1b09-4f54-abdc-e12a8ce672e9,1,1.000,sanat,muzik,2.13,0,0,0
422798e0-eed3-4a4f-8f48-6d15e549378e,1,1.000,edebiyat,edebiyat,2.44,0,0,0
4247eefa-19cf-454a-806d-80ab0d9308d4,1,1.000,spor,spor,1.08,0,0,0
4243824d-6fa7-4d05-b13a-dfcf72d8f50f,1,1.000,sanat,sanat,1.94,0,0,0
425acaa7-e325-494c-813b-1d78c86a8e0d,1,1.000,cografya,cografya,2.07,1,0,0
426259f2-a4ed-46e1-999f-c2e68b6c57b3,1,1.000,tarih,tarih,2.00,0,0,0
4260d59a-e23b-4f5c-b6cf-ebf1aaca2e9f,1,1.000,teknoloji,teknoloji,2.22,0,0,0
4264abfe-7b28-4659-9172-7b328cdcbd3f,1,0.980,teknoloji,teknoloji,3.80,0,0,0
42658a39-901c-47bc-bc90-5bf63dadd457,1,1.000,cografya,genel_kultur,2.14,0,0,0
427af1d8-690f-493d-8e06-b75162194978,1,1.000,cografya,cografya,2.59,0,0,0
42888ead-aeac-426a-afd2-62bc338fbd90,1,1.000,edebiyat,edebiyat,2.18,0,0,0
427b6400-1c98-4d2e-b306-78abca6d5b42,1,1.000,teknoloji,teknoloji,3.00,0,0,0
428e8944-8806-4121-8d8f-831f7fa28219,1,1.000,muzik,muzik,2.88,0,0,0
4290fb07-e006-478b-b632-3fc66e86222a,1,1.000,teknoloji,teknoloji,3.10,0,0,0
429ab957-c074-4af3-813e-ec0b4223a162,1,1.000,sinema,sinema,3.22,0,0,0
42a24b16-4bc7-4cba-b39f-e32f101e1045,1,1.000,cografya,cografya,1.98,0,0,0
42a0ffb8-2eec-4432-95df-73813a869fc3,1,1.000,sinema,sinema,2.98,0,0,0
42a67186-e233-4659-8d4e-c46e3b263b57,1,1.000,sanat,sanat,2.60,0,0,0
42ad7023-2b99-4d35-b53b-234c6fb92b64,1,1.000,spor,spor,1.52,0,0,0
42b1569a-32da-4568-a2cc-ea70fc93cc11,1,1.000,spor,spor,3.13,0,0,0
42a9afee-74a5-4e95-8e7b-4798cfcc3670,1,1.000,tarih,tarih,2.28,0,0,0
42bf4ef3-6942-4192-8a88-981adeb1252f,1,1.000,spor,spor,1.94,0,0,0
42ca52cb-9d36-402a-891e-a176d23e4366,1,1.000,cografya,genel_kultur,2.39,0,0,0
42c71580-8236-4635-8dc8-f2bc1aa03458,1,1.000,bilim,bilim,2.40,0,0,0
42c7a5de-4c46-4a08-a141-b28f2f1ae26c,0,0.910,edebiyat,edebiyat,2.65,0,1,0
42d24372-bc39-484a-8f4e-112c1727cc72,1,1.000,muzik,muzik,3.05,0,0,0
42cbd2ca-43fc-43a6-857b-3731f5d02e46,1,1.000,sanat,sanat,2.87,0,0,0
42de67fe-f626-4ddc-9aff-01a6b7b77965,1,0.980,cografya,cografya,2.59,0,0,0
42e1be80-90a5-45b5-9e42-829f218a86d2,1,1.000,muzik,muzik,3.30,0,0,0
42e3cf46-d940-496e-a559-694464a9bde4,1,1.000,sinema,sinema,2.83,0,0,0
42e5aca9-0acf-4a88-8393-4ab1325fc61e,1,1.000,bilim,bilim,1.72,0,0,0
42ed7a38-610c-464b-b18f-4fb4baebc34d,1,0.990,sinema,sinema,2.78,0,0,0
42f2415b-cdc8-4b10-839d-1a1bc3a3c2ae,1,1.000,spor,spor,2.19,0,0,0
42ee2a57-642f-422c-a1ec-646f228720ce,1,1.000,tarih,tarih,2.12,0,0,0
42f69e7e-8a6b-499b-a0a6-5551b8d219df,0,0.360,genel_kultur,tarih,3.19,0,0,0
42fc0af0-e234-41e8-b428-55feab7624e2,1,1.000,teknoloji,teknoloji,3.09,0,0,0
42fc3d67-41e8-491b-9e9b-a4f7718f6d70,1,0.990,bilim,bilim,2.50,0,0,0
430095a0-4f8e-4283-befc-3bbdc1d8a5e1,1,0.390,cografya,cografya,2.67,1,0,0
4306a45d-3086-4d7d-a8dd-e0b4d08e8e5f,1,1.000,sanat,sanat,2.63,0,0,0
43078934-3e64-4455-a96b-2b9f2e365b49,1,1.000,sanat,genel_kultur,2.53,0,0,0
431c8e4d-94a1-478e-ad3c-4e18b11b1a3c,1,1.000,cografya,cografya,1.92,0,0,0
4325dd17-5ba7-40dd-8c1a-f832c75e9bba,1,1.000,cografya,bilim,1.99,0,0,0
431e4fe0-739a-41bf-b235-b454626e3233,1,1.000,cografya,cografya,1.01,0,0,0
432522cc-d723-41b1-883b-12bac087e6f9,1,1.000,cografya,cografya,1.88,0,0,0
4326a3b9-bb51-4f2e-99b0-4836a02d8811,1,1.000,edebiyat,edebiyat,2.97,0,0,0
4333dc78-38b2-4add-ba7c-318dfc4691a9,1,1.000,tarih,tarih,2.91,0,0,0
433cb611-d8a0-47f5-be10-203e5335502e,1,1.000,cografya,bilim,4.19,0,0,0
43357784-94e5-4c43-81b3-10b1b18e1ded,1,1.000,sinema,sinema,3.63,0,0,0
434594a7-4e2e-4b05-abc8-e8fa930f9e76,1,0.920,edebiyat,edebiyat,3.00,0,0,0
43525eaa-0a35-4d85-91b0-aba6f012dbb8,1,1.000,bilim,bilim,2.23,0,0,0
4366cba9-ff02-4af3-ba3e-25749844911f,1,1.000,sanat,sanat,2.81,0,0,0
43617504-b6e3-4dfd-a22d-0787fa986472,1,1.000,teknoloji,teknoloji,1.96,0,0,0
4352798f-7210-489d-8e91-0c0bc34747e5,1,1.000,edebiyat,edebiyat,1.95,0,0,0
4367daf7-dccb-4e4c-bd08-8dd113eaa7f6,1,1.000,teknoloji,teknoloji,3.94,0,0,0
4390ebe2-7407-4625-a850-8067ae9602c6,1,0.680,tarih,tarih,3.54,0,0,0
4378c1bc-a3ee-44f6-ac48-f41926604aa1,1,1.000,cografya,bilim,2.16,0,0,0
433d8d6f-5d48-4a2c-beca-6da7a353ddde,1,1.000,cografya,genel_kultur,2.42,0,0,0
4390f93b-5cfc-4faa-8e0e-b4cfbb640dcc,1,1.000,cografya,cografya,3.13,0,0,0
4399074c-edb5-40be-a198-d96cd55d3bcc,1,1.000,sanat,sanat,2.12,0,0,0
439acb72-a143-4abd-9ccb-0b043d16b10c,1,1.000,tarih,tarih,2.43,0,0,0
43995f1f-5596-4fb4-93ab-8551a0d0c2a6,1,0.990,sinema,sinema,3.09,0,0,0
43a75bbc-b7f0-43da-9733-9a27ba25c186,1,1.000,cografya,bilim,2.54,0,0,0
43a67001-4d15-4d5c-aa28-86cf05985fd0,1,1.000,teknoloji,teknoloji,3.88,0,0,0
43b10c1d-c85e-47ea-849b-6e397c29a42a,1,1.000,teknoloji,teknoloji,2.47,0,0,0
43b91f6a-a8ca-45d9-b016-594fe3040fd1,1,1.000,sanat,sanat,2.48,0,0,0
43c8f070-f092-41b8-aa9e-a3b3d3e2049d,1,1.000,edebiyat,edebiyat,3.14,0,0,0
43d8fa78-15a8-43f0-adaa-e335127b88cd,1,1.000,sanat,sanat,2.91,0,0,0
43d9d4e7-0d97-4134-9c9c-0aa572f7a648,1,1.000,muzik,muzik,3.07,0,0,0
43da5f1a-cc25-4896-b705-a80634178f02,1,1.000,sinema,sinema,3.57,0,0,0
43e84321-1df3-46a1-aa74-2b4e62390c91,0,0.150,sanat,sanat,3.60,0,0,0
43e3a4fa-d6c2-4c95-a714-399c6244d96d,1,1.000,sinema,sinema,1.25,0,0,0
43dcf4a6-62c9-4dc9-8f76-6ad9e3f857b9,1,1.000,cografya,bilim,2.12,0,0,0
43ea68e4-327c-48f2-817e-69f2e2128b79,1,1.000,cografya,cografya,2.82,0,0,0
43f1a1f6-c572-48f5-9431-7c37273f6bd4,1,1.000,sinema,sinema,1.69,0,0,0
43f742c8-544d-42e4-9586-cdc763dbbd6d,1,1.000,bilim,bilim,1.18,0,0,0
43f4f377-58ec-4c0f-8efe-5723e356338d,1,0.960,spor,spor,1.85,0,0,0
43f97c44-d60a-41d0-b92f-d3cec50b9799,0,0.380,cografya,cografya,2.73,0,1,0
4402f8e6-2479-4eaa-84a7-637457d9bbee,1,1.000,teknoloji,teknoloji,2.09,0,0,0
4403a40a-ba75-4f29-a53f-e4a2b4af7033,1,0.880,cografya,cografya,2.90,0,0,0
4408d578-7c7b-4716-a77a-8fb796512aef,1,1.000,sinema,sinema,3.56,0,0,0
440af05f-09ac-4838-9691-2ae72561a12b,1,1.000,cografya,cografya,1.34,0,0,0
441ade3b-3171-4cd4-842e-9ce02d24e485,1,1.000,edebiyat,edebiyat,1.66,0,0,0
440fc6eb-c2b4-4dcf-9cca-5e0cafd210be,1,1.000,cografya,cografya,2.99,0,0,0
441fbcb2-14c0-44d4-9fed-82506d4a023e,1,1.000,genel_kultur,tarih,3.04,0,0,0
44428793-d87f-4e0e-aaf1-74c32697adbe,1,1.000,edebiyat,genel_kultur,1.71,0,0,0
443f99c7-ad2e-4fc7-b234-ff312d740bf1,1,1.000,muzik,muzik,1.82,0,0,0
4448d329-5101-4f4c-96f2-900762b417b3,1,1.000,genel_kultur,bilim,2.05,0,0,0
442c9c51-b4f1-4418-82c8-5a66ba26097e,1,1.000,tarih,genel_kultur,2.04,0,0,1
444e10c7-5c10-4fc6-960a-3358c15d21cc,1,1.000,edebiyat,sanat,2.41,0,0,0
44517e8f-a3b8-4de6-befe-d583147a7ec0,1,1.000,sanat,sanat,1.55,0,0,0
445a9672-008a-4979-8111-bcf53769fc0c,1,1.000,spor,spor,2.04,0,0,0
4460a3d1-1001-4681-93d0-f5b9e12b7e78,1,0.940,genel_kultur,genel_kultur,1.29,0,0,0
4462105d-5157-4dc7-a245-0238501b4485,1,1.000,spor,spor,1.62,0,0,0
4474cf45-b90b-4b18-a602-3c5a5c0cfce0,1,1.000,tarih,tarih,1.38,0,0,0
447a6457-c1c8-4fe0-9be9-b5975e8aa7f0,1,1.000,edebiyat,edebiyat,2.58,0,0,0
4491e08c-4b3e-4b45-8fa4-c1841679f1cd,1,1.000,bilim,bilim,2.02,0,0,0
4475e408-7bb1-46fe-a7a5-af3e53760daf,1,1.000,sinema,sinema,3.34,0,0,0
448b6ef8-d691-4155-9173-7ec2fe029c68,1,1.000,bilim,bilim,1.99,0,0,0
449f9f78-b915-44f2-a1c2-db8ee18677b9,1,1.000,sanat,sanat,1.54,0,0,0
44a05594-aced-446e-838d-7ae92611e21e,1,1.000,bilim,bilim,1.63,0,0,0
44a8ee25-3a4a-4e6a-9084-04186d2aff9e,1,1.000,bilim,bilim,1.91,0,0,0
44a6de98-3afb-475f-b5cf-2e18f712d743,1,1.000,sinema,sinema,2.74,0,0,0
44ac2d1e-60bf-4f28-8b27-8211614da15c,1,1.000,tarih,tarih,2.89,0,0,0
44ae77c8-abec-4da6-95a8-4bd011c8a7ed,1,1.000,muzik,muzik,2.38,0,0,0
44c1a4d0-ccc0-4274-b5fd-a0ee006c5040,1,0.990,edebiyat,edebiyat,2.32,0,0,0
44cf684e-cb1f-400b-b40b-41fc9e561fd1,1,0.640,edebiyat,edebiyat,2.43,0,0,0
44db654e-97be-48db-aaeb-43f0c5ef2270,1,1.000,cografya,cografya,2.31,0,0,0
44ccb0de-bf30-468b-a692-cab285b2c03a,1,0.870,sinema,sinema,2.93,0,0,0
44e1ae65-dc1b-485d-9696-4157c86b7f46,1,1.000,bilim,bilim,1.68,0,0,0
44ec7d1c-a387-4da1-a27f-cac23f8d9061,1,1.000,muzik,muzik,2.83,0,0,0
44f7967e-5042-4def-8b83-3e463ee01d89,1,0.980,genel_kultur,bilim,1.65,0,0,0
44fbf99d-c920-4912-afe9-3df4c2c1267e,1,1.000,bilim,bilim,1.94,0,0,0
44e41f7f-370a-4318-882d-762ee237aa43,1,0.530,cografya,tarih,2.76,0,0,0
45015cd8-82c4-4d8b-941f-db89838ae720,1,1.000,genel_kultur,edebiyat,2.75,0,0,0
45110a69-babd-409c-9c44-db12222e1112,1,1.000,spor,spor,1.71,0,0,0
451895ac-fdfe-4c07-849a-bf0cbd5d7d4e,1,1.000,cografya,cografya,1.04,0,0,0
452575a9-b031-4298-ab82-9fd6caa2002a,1,1.000,sinema,sinema,1.65,0,0,0
452083c1-f5aa-4c9a-80ba-3d2bed80f94a,1,1.000,teknoloji,teknoloji,2.49,0,0,0
4520c8ef-ba3b-4664-ad06-c423a1110cbf,1,1.000,cografya,bilim,1.55,0,0,0
453edf02-fced-4d82-a647-d65c4d43e8aa,1,1.000,cografya,cografya,2.17,0,0,0
453fbfaf-f8ac-4dfb-b76d-9c36f22c79d9,1,0.980,sanat,teknoloji,2.69,0,0,0
455070b7-bcb9-46ad-983c-ff7defd61ff9,1,0.820,edebiyat,edebiyat,3.23,0,0,0
454850fb-68a4-4f83-81d9-328c10d4198a,1,0.790,edebiyat,edebiyat,3.00,0,0,0
45529f0a-d336-461d-aa52-e6e041476538,1,0.970,teknoloji,teknoloji,3.96,0,0,0
4578dcf5-cfde-45eb-8750-0afcafc18e8b,1,0.520,edebiyat,edebiyat,3.84,0,0,0
457df3d1-8780-4bde-86e3-b921063f3c86,1,1.000,sanat,sanat,3.39,0,0,0
45835ef7-1177-4498-83f6-a49d764caacf,1,1.000,sanat,sanat,2.60,0,0,0
45828b01-4479-4773-b87e-1e7575070940,1,1.000,genel_kultur,genel_kultur,1.91,0,0,0
458c1bf9-f798-4696-96dc-fe57e8779b15,1,1.000,sinema,edebiyat,2.54,0,0,0
458f7dfe-49c8-4611-a987-81bb2ccea45c,1,0.980,spor,spor,2.02,0,0,0
458c6ffa-fd09-475c-81c2-ef4ad323ebce,1,1.000,cografya,cografya,1.82,0,0,0
45925589-f475-431c-89b7-d88a39b55b87,1,0.210,cografya,cografya,3.57,0,0,0
458fb279-fedc-446f-a3ba-5f6544554b36,1,1.000,muzik,muzik,2.00,0,0,0
45960d64-a6a7-4a66-8446-64a32b040d5d,1,1.000,cografya,cografya,2.45,0,0,0
459f393e-6758-4295-839b-fa655095f087,1,1.000,sinema,sinema,1.93,0,0,0
459fd3cc-6a50-46d1-a04a-5212b8e6ec14,1,0.990,spor,spor,2.79,0,0,0
45a76196-7a08-4bc2-a976-419e11b81995,1,1.000,teknoloji,teknoloji,2.41,0,0,0
45ac60df-4e33-4160-bebc-99d1b6fabed4,1,1.000,muzik,muzik,2.86,0,0,0
45ac6488-5e75-4971-b011-73ba8ae82ea6,1,1.000,genel_kultur,genel_kultur,1.86,0,0,0
45b4f4de-0d99-45f7-ad97-f7ec64eb0607,1,1.000,cografya,cografya,1.81,0,0,0
45b3f716-4621-4eaf-aa6f-424b9606593f,1,1.000,bilim,bilim,2.09,0,0,0
45bf229a-c75d-4da5-8ca5-94b300d8d597,1,1.000,sinema,sinema,2.17,0,0,0
45c6e931-4370-48fd-b3fe-5b5c6c31d47a,1,0.320,edebiyat,edebiyat,3.15,0,0,0
45cbaef7-988b-48e8-a969-cd399231cbb4,1,1.000,sinema,sinema,2.44,0,0,0
45cbf2e5-c867-4949-964c-26ebae3b698c,1,0.970,genel_kultur,tarih,3.38,0,0,0
45dc000e-3f0b-4464-ac86-d648075ada83,1,0.940,spor,spor,3.27,0,0,0
45dfbe4d-48fc-4b3f-913c-7cadd40dc300,1,1.000,tarih,tarih,2.56,0,0,0
45eada97-77a9-4790-a13f-512984ff3bd3,1,1.000,cografya,genel_kultur,1.40,0,0,0
45f14ac5-368e-4d7c-8c3a-7000ad15e0ec,1,1.000,teknoloji,teknoloji,2.66,0,0,0
45f466c9-a643-48d7-9692-a746a2887f10,1,1.000,cografya,bilim,1.48,0,0,0
45f1ba2d-d3dc-4dbe-80ad-cfbb3574d611,1,1.000,teknoloji,teknoloji,2.79,0,0,0
46007ade-b220-4ffd-8cd1-ab8921990877,1,1.000,muzik,sanat,1.19,0,0,0
45fc37a8-ff69-465a-af48-af4330108f1a,1,1.000,cografya,cografya,2.54,0,0,0
4601fd6f-5a24-4fe9-98e9-d7d35c092745,1,1.000,edebiyat,edebiyat,2.27,0,0,0
46168c7e-26df-4194-ad7b-6ca9a19fc228,1,1.000,spor,spor,3.02,0,0,0
461a20c8-2fa2-4450-ad79-e67441917c8a,1,1.000,bilim,bilim,1.99,0,0,0
461ffe26-1734-45fb-a283-4aaef62018bc,1,1.000,bilim,bilim,1.80,0,0,0
462e8751-f4f5-4bdf-bbfe-0b4560359c79,1,0.990,edebiyat,edebiyat,3.33,0,0,0
4623fadb-eb6d-408d-b338-7aba0455fe3b,1,1.000,muzik,muzik,2.13,0,0,0
462a2b4d-d343-4db4-a2f9-9c4a5b705101,1,0.980,edebiyat,edebiyat,2.25,0,0,0
46312e51-7d26-4585-ad5d-81932d5ffa8e,1,0.880,spor,spor,3.45,0,0,0
46360e66-48c5-444c-bcda-79a09de03c33,1,1.000,genel_kultur,edebiyat,1.75,0,0,0
4637c493-395e-4354-a182-32a94cea2130,1,1.000,teknoloji,teknoloji,2.21,0,0,0
463ad4d6-4185-48e0-baec-2a3cc4ab11ff,1,1.000,muzik,muzik,2.75,0,0,0
46427e2b-3a42-4ffa-b1a3-cf3254126376,1,0.990,genel_kultur,cografya,2.05,0,0,0
4648e7dd-7cd0-466b-9943-8c59ce3742ed,1,1.000,sinema,sinema,2.91,0,0,0
464c751e-0627-4238-89a7-3982da6569e1,1,1.000,cografya,cografya,2.16,0,0,0
4648ffb8-53b4-4df4-8346-44e9c2894568,1,1.000,bilim,bilim,2.06,0,0,0
4658c691-f98b-4199-9bd0-8f0af251c3b9,1,1.000,bilim,bilim,2.02,0,0,0
465bc7b7-5cc2-4174-8c73-275d9d01b37c,1,1.000,sanat,sanat,1.45,0,0,0
46617d43-5add-4052-af5e-4a700a245835,1,0.180,sinema,sinema,3.75,0,0,0
46690fab-f4b5-46aa-90bb-7ef74cf70df9,1,1.000,sanat,sanat,1.52,0,0,0
46662976-1d3b-4d53-b30e-b7e92f6514dd,1,1.000,edebiyat,edebiyat,2.21,0,0,0
466ed4cd-7c6a-4a85-b016-f6f471b95fe3,1,1.000,tarih,genel_kultur,2.92,0,0,0
467178aa-a16c-42b3-ba26-c30860571de1,1,1.000,bilim,bilim,1.86,0,0,0
46754941-1f8c-4705-91f1-030ebcce5aff,1,0.450,muzik,muzik,3.21,0,0,0
467629e8-1202-456b-a74f-0dd5be6d5816,1,1.000,muzik,muzik,1.90,0,0,0
46776537-a07e-4dae-9764-fca72db06789,1,1.000,teknoloji,teknoloji,2.82,0,0,0
467ed718-2b91-4d8e-9048-142396ea5f55,1,1.000,teknoloji,teknoloji,2.00,0,0,0
46802d7e-3c57-4a81-a2ac-76a52a6d8772,1,0.990,cografya,cografya,2.89,0,0,0
468a8ce0-263d-444d-ae0f-cd02a5a89ab6,1,1.000,edebiyat,edebiyat,1.84,0,0,0
469f24fb-d721-436e-a529-628bd5a2998c,1,1.000,genel_kultur,genel_kultur,1.78,0,0,0
469d706a-ead6-46d4-8a3e-359e6be2be96,1,1.000,tarih,genel_kultur,3.44,0,0,0
46b44fb9-f765-46b5-9a4c-110fd5b16f9f,1,1.000,cografya,cografya,2.95,0,0,0
46c46a3d-3215-4dc4-ad25-98a5c58d870b,1,1.000,cografya,cografya,2.13,0,0,0
46c8410d-27c6-4a6c-bec1-0d2b4d7b65a1,1,1.000,cografya,bilim,1.67,0,0,0
46b91a41-4402-4fb4-b5a4-f566cc5eeb3c,1,1.000,cografya,cografya,1.80,0,0,0
46c59b43-26d5-4bcf-94e3-315211145b00,1,1.000,tarih,tarih,2.59,0,0,0
46dc45b0-800c-4846-9f39-8427886dbba8,1,1.000,tarih,tarih,1.62,0,0,0
46f1302a-7245-4d51-b8f0-130ae58df6ec,1,1.000,cografya,cografya,2.53,0,0,0
47050ea6-6ead-448b-9601-eb074ec8c25e,1,1.000,cografya,cografya,2.09,0,0,0
46f8bd05-3178-4b96-9be3-7836d0dddd04,1,1.000,muzik,muzik,3.45,0,0,0
46f38914-35f6-404e-ba7a-9114f4c113b1,1,1.000,cografya,bilim,2.07,0,0,0
4709852d-1393-4847-a611-11fcb2f62680,1,1.000,cografya,cografya,1.76,1,0,0
47134db6-4c49-4251-bee4-3022cb925fd5,1,1.000,tarih,tarih,2.49,0,0,0
47213dfd-a440-4a95-ac38-b9ed72d77a46,1,0.960,genel_kultur,genel_kultur,1.87,0,0,0
47155824-43f9-4b85-ab44-57d9df5e71c5,1,0.740,spor,spor,2.51,0,0,0
471de5d1-02f5-4854-98ba-d8caabee6ad8,1,1.000,teknoloji,teknoloji,3.36,0,0,0
472255a9-9e64-4242-b03a-98c2621142d9,1,1.000,cografya,cografya,2.29,0,0,0
47271afa-f36d-42c4-861d-ebab13d5e394,1,1.000,cografya,cografya,2.17,0,0,0
473c75c2-cbea-4dd6-afa5-3063badad382,1,1.000,tarih,tarih,2.80,0,0,0
472e31e6-7b80-4c0e-99ce-df6cbd08d3b6,1,1.000,spor,spor,2.21,0,0,0
4742b800-a832-4106-8869-10c93aab7799,1,0.250,spor,spor,2.61,0,0,0
474390f4-2087-4a08-ba35-e12123dd0841,1,1.000,sinema,sinema,2.01,0,0,0
4748024c-a281-4634-a15c-ea55be9df6a9,1,1.000,cografya,cografya,2.00,0,0,0
474b9501-e121-4169-bef3-6272b8cc883a,1,1.000,tarih,tarih,2.75,0,0,0
47484e60-e48f-4df5-96a3-269158cf4f22,1,1.000,sanat,sanat,2.21,0,0,0
474bdaaa-c534-47d6-8fdf-0cd8832f49e7,1,1.000,muzik,muzik,1.52,0,0,0
4752f107-51b6-4fe0-aaea-af05db8912a6,1,1.000,muzik,muzik,3.55,0,0,0
475f467f-0caa-4b50-bac1-88469e2f60b2,1,1.000,cografya,bilim,1.85,0,0,0
477be0c5-b712-4329-87c1-924b2ef15875,1,0.990,cografya,teknoloji,2.77,0,0,0
47652152-4bf7-419b-a887-6f5f2e00d65f,1,1.000,muzik,muzik,2.64,0,0,0
477da5aa-5a6f-48e7-908e-c1dc8afe27cc,1,1.000,cografya,cografya,2.21,0,0,0
477e4ffe-7875-4204-8d13-51e1ef50f8fd,1,0.200,genel_kultur,edebiyat,3.90,0,0,0
47812946-f15b-466a-980a-eba47514ca8f,1,1.000,muzik,muzik,1.77,0,0,0
4786ab1c-58bb-4171-8beb-7b31d0b9d7b5,1,1.000,teknoloji,teknoloji,2.34,0,0,0
478aba10-c3fd-405c-8daa-ec33443809ca,1,1.000,tarih,tarih,2.54,0,0,0
4795ff22-d2d9-4fef-b9a6-8428e5c4bfad,1,1.000,genel_kultur,cografya,1.85,0,0,0
47ab7fc8-6370-4825-b1e2-d433b52e931e,1,1.000,teknoloji,teknoloji,2.23,0,0,0
47b552be-c9a0-4ab1-a3a2-0edd55d4a461,1,1.000,cografya,cografya,1.91,0,0,0
47b22c08-9574-4fff-9033-8023dfd53a89,1,1.000,cografya,cografya,2.61,0,0,0
47ba12db-ea07-4ee9-8df4-ad98ed4182ee,1,1.000,muzik,muzik,3.44,0,0,0
47c69f74-cb73-4005-9039-f8b26252c741,1,0.980,sinema,sinema,3.57,0,0,0
47cb2383-f944-4c28-a4fd-db134b407174,1,1.000,bilim,bilim,1.98,0,0,0
4791a4ed-35e4-4a42-b446-4e5987a0fba6,1,1.000,edebiyat,edebiyat,2.77,0,0,0
47cc4ebb-d904-4fa3-99c9-d21a3881729d,1,1.000,cografya,cografya,1.98,0,0,0
47cc7425-f6ab-4005-8281-613210ead7de,1,1.000,bilim,bilim,1.17,0,0,0
47d2138f-e5d3-45bd-9e28-73a7d3cde7d6,1,1.000,sanat,sanat,2.95,0,0,0
47d9aeda-224a-48be-9504-f27ffe5884c8,1,1.000,bilim,bilim,2.48,0,0,0
47d205b7-e513-48d1-99af-f3650ccdee86,1,1.000,spor,spor,2.01,0,0,0
47da0baa-dc70-4d38-8c86-37238f23b042,1,1.000,genel_kultur,tarih,3.03,0,0,0
47ded186-5cf8-4192-9429-876e9cd68b6c,1,1.000,bilim,bilim,1.79,0,0,0
47e328b9-dc14-4e3a-96d1-df22093107bc,1,0.980,sinema,sinema,1.85,0,0,0
47f3c681-a149-4db2-92cb-560ab68bc246,1,1.000,cografya,genel_kultur,2.15,0,0,0
47f33363-aebf-4ba5-8906-a425864a873b,1,1.000,bilim,bilim,2.05,0,0,0
47f0acf8-1137-409b-ac3c-dcd455fd6a89,1,1.000,tarih,tarih,1.05,0,0,0
47f6b0b4-1af6-4ffb-8e81-74152362395e,1,1.000,spor,spor,2.60,0,0,0
47fc1aa7-1959-4efa-a71c-a511687e8914,1,1.000,edebiyat,edebiyat,2.17,0,0,0
480c3eec-01d2-4b6c-910d-8381a7563410,1,1.000,teknoloji,teknoloji,3.07,0,0,0
480d85e7-6387-412a-90cc-5a3f012b03af,1,1.000,edebiyat,edebiyat,1.40,0,0,0
480b3017-cfbd-4cfb-b5d8-a038606778c7,1,1.000,tarih,tarih,1.34,0,0,0
480f94b1-78fa-4cc7-bf20-d21083f68756,1,0.940,tarih,tarih,2.23,0,0,0
481337a8-482a-4afa-9933-09d0befa2526,1,1.000,genel_kultur,genel_kultur,1.36,0,0,0
48151915-3aeb-458c-a5fc-178d3271292b,1,0.990,sinema,sinema,2.90,0,0,0
4813e439-87e3-4c37-998b-de592c6d3c54,1,1.000,cografya,cografya,2.02,0,0,1
4810ad81-e305-40b8-bb38-22223444b58d,1,1.000,cografya,bilim,1.57,0,0,0
482052dd-7f60-4174-a3d3-49427e1fd655,1,1.000,sanat,sanat,3.37,0,0,0
48268dd5-c5aa-49a8-a72c-8cb334f3e14c,1,0.620,muzik,muzik,3.74,0,0,0
4828cb8b-dc52-4ef6-a7f6-b00929a3b2ea,1,1.000,edebiyat,edebiyat,1.48,0,0,0
483c2b0e-a0cb-4972-b0db-2509578bbdc7,1,0.530,cografya,genel_kultur,3.29,0,0,0
483cdf52-8ad9-4fe7-849a-2b455f0c77b5,1,1.000,sinema,sinema,2.88,0,0,0
483ea31f-fdaa-4fed-81cb-0c53590f7c1a,1,0.770,sinema,sinema,3.31,0,0,0
48474970-86e4-4723-8afc-0779ce39baa6,1,0.400,edebiyat,edebiyat,3.32,0,0,0
485b65cd-c4da-4273-b823-b26c49fb1369,1,1.000,cografya,bilim,1.36,0,0,0
48572df8-1e90-45e2-87e7-1db405e01bca,1,1.000,genel_kultur,tarih,2.16,0,0,0
484bcb4d-1e0d-4591-806a-8374bd4ee796,1,1.000,sinema,sinema,3.44,0,0,0
4863982b-6291-4b85-9d84-fccd96f7d726,1,0.890,genel_kultur,sanat,2.84,0,0,0
486b6516-414e-4514-9cce-3bcf41ef58a0,1,1.000,bilim,teknoloji,2.49,0,0,0
488b6531-a740-4077-8f79-faa697faba52,1,1.000,sanat,sinema,1.91,0,0,0
488bdbd8-806e-43a6-be74-68c11ff58f37,1,1.000,bilim,bilim,2.03,0,0,0
488266d5-5d9f-477b-bb0a-77e00034c161,1,1.000,bilim,teknoloji,1.47,0,0,0
4890b04f-1074-4dbf-ae81-1da1ab46adec,1,1.000,sanat,sanat,3.12,0,0,0
489f42b3-85f5-4e6b-84a5-5b645a4427a6,1,1.000,sanat,sanat,3.21,0,0,0
48a3eff9-bb41-4303-9291-f5a5be519b77,1,1.000,sinema,sinema,3.55,0,0,0
489ae20b-bb9b-47fd-b43f-7ff17161fb3a,1,1.000,muzik,muzik,1.05,0,0,0
48bd124a-afd0-4006-98d0-dfcdc9a7a067,1,1.000,cografya,cografya,1.02,0,0,0
48a5228a-610b-4d05-8ed8-b0ed1f15b2c5,1,1.000,spor,spor,2.82,0,0,0
48caf2da-002c-41c8-a892-846fc067dced,1,1.000,tarih,tarih,1.97,0,0,0
48c708ae-5462-4245-8c31-2705d93c1096,1,1.000,tarih,tarih,2.19,0,0,0
48cfa609-7353-4e94-8b08-29e0fe856c5b,1,1.000,teknoloji,teknoloji,3.15,0,0,0
48d42815-027f-4b3a-8671-5b10df91c55e,1,1.000,sanat,sanat,1.70,0,0,0
48be1816-9ba3-47c4-aabb-33aeda16b717,1,1.000,sanat,sanat,2.86,0,0,0
48ea136d-0ec4-4d15-8bda-7c7bb7dc8475,1,1.000,bilim,bilim,1.94,0,0,0
48e6bdc4-e185-4e59-92aa-4eee739c0f91,1,1.000,teknoloji,teknoloji,2.06,0,0,0
4905b2e5-c10d-41ca-9d51-c86571ad70aa,1,1.000,teknoloji,teknoloji,3.46,0,0,0
4909c1b0-5d39-430b-ab00-430b47c0609c,1,1.000,teknoloji,teknoloji,3.89,0,0,0
48f4ec50-40e5-4aca-b8a1-bacfcba4e937,1,1.000,bilim,bilim,1.58,0,0,0
490dd855-3d1e-48da-b412-9675f7c1caba,1,1.000,sinema,sinema,2.17,0,0,0
490a4f7e-e96e-4329-b18e-5f27594f9515,1,1.000,teknoloji,teknoloji,3.49,0,0,0
49115b7f-b200-45d4-be82-94514cf970c6,1,1.000,edebiyat,edebiyat,2.87,0,0,0
49292a24-8bd2-4393-a714-f861e785ec70,1,1.000,genel_kultur,genel_kultur,1.12,0,0,0
492a2976-ab26-4a87-8f3c-1a51688b2c68,1,1.000,teknoloji,teknoloji,3.59,0,0,0
49312754-bce1-4c1b-a4d7-82c55e7c6a4c,1,0.930,genel_kultur,cografya,1.85,1,0,0
493a9ed9-9852-4753-b686-df1be40487db,1,1.000,teknoloji,teknoloji,3.43,0,0,0
494dd22e-9ebe-4d4c-b573-0d8793109ef3,1,1.000,edebiyat,edebiyat,1.77,0,0,0
494f4150-7e67-4659-81fb-11d3200609ee,1,1.000,muzik,muzik,3.03,0,0,0
49572315-c484-4afe-80df-24443fb8747c,1,1.000,cografya,teknoloji,1.94,0,0,0
495e7b29-7449-4bd7-b587-db4ab91fbd20,1,0.980,sinema,sinema,3.46,0,0,0
4966b61f-fa7f-447d-ae81-0bd8dc6c9504,1,1.000,sanat,sanat,2.89,0,0,0
497070b2-c5aa-424a-8cf4-615a7d62cd37,1,1.000,bilim,bilim,2.03,0,0,0
497fbf1c-1ebe-4faa-abe4-d7c259057ecc,1,1.000,genel_kultur,sanat,1.89,0,0,0
497ee11c-52a7-4ed1-8c47-3eb37792b982,1,1.000,sinema,sinema,3.37,0,0,0
49878468-a0ec-46d1-965c-0e85e6f93d7b,1,1.000,tarih,cografya,1.84,0,0,0
49921498-fd21-4dbb-bc34-c05bca0c0312,1,1.000,muzik,muzik,1.86,0,0,0
49aa11c4-9c6c-454c-b1a7-924773abe70a,1,1.000,edebiyat,edebiyat,1.85,0,0,0
499e989b-cc78-4baf-b523-baab70c041ba,1,1.000,muzik,teknoloji,3.57,0,0,0
499138bc-7781-4661-a6bd-4920aa6c4e67,1,0.920,cografya,cografya,2.14,0,0,0
49afa441-2f32-4006-98ca-fbd0b369720e,1,1.000,cografya,cografya,2.36,0,0,0
49b10b1e-f246-419a-8cc5-f4f9a7749bb7,1,1.000,bilim,bilim,2.03,0,0,0
49b33ffe-23c6-45fb-bbd3-5140f22df5b4,1,0.960,genel_kultur,tarih,1.85,0,0,0
49b6a2f8-be4d-47d0-ba24-228415105b94,1,1.000,cografya,cografya,2.76,0,0,0
49c42d88-2916-4b46-837b-2350024109f1,1,0.810,cografya,genel_kultur,2.60,0,0,0
49cc65e2-b6ab-440f-92a7-af4b665396ef,1,1.000,muzik,muzik,2.06,0,0,0
49c6af2b-e8a8-4ad2-8332-25601890cace,1,1.000,teknoloji,teknoloji,2.74,0,0,0
49d1fe2e-c91d-41ca-8b89-013e7e98e6cc,1,1.000,tarih,tarih,2.77,0,0,0
49f3dd0a-704f-43b7-acf0-236822547415,1,1.000,spor,spor,1.10,0,0,0
4a010c85-5142-4269-bd3b-989b9d69bbaa,1,1.000,edebiyat,edebiyat,1.99,0,0,0
4a012f4c-1b6b-416b-bbcb-aa6e54e54732,1,0.510,sinema,sinema,3.31,1,0,0
4a052a31-6717-46ba-b91d-fa0a73256f3e,1,1.000,sanat,sanat,2.08,0,0,0
4a015e3e-2e71-4593-8c60-a22202b8adde,1,0.660,spor,spor,2.81,0,0,0
4a216bf5-307a-428d-8166-6895c2209dc5,1,1.000,tarih,tarih,2.43,0,0,0
4a2f0b65-c3d0-45fa-9efc-86ecf7058a0d,1,1.000,cografya,bilim,1.78,0,0,0
4a38de0e-f74c-4567-a948-89498b2a8c80,1,1.000,muzik,muzik,2.63,0,0,0
4a2f7dd5-6db2-43d3-a0e0-6f50f3d16aeb,1,1.000,tarih,tarih,1.97,0,0,0
4a392a66-cd54-45c3-b2ad-24768dbbafc4,1,1.000,edebiyat,edebiyat,2.93,0,0,0
4a582735-c0d8-4edb-bbf7-daeb957b4204,1,1.000,muzik,muzik,1.25,0,0,0
4a6ae192-e9de-44e1-8b77-1372027aef50,1,1.000,bilim,bilim,2.20,0,0,0
4a6e016f-2c8a-416b-99fa-df9dfa375f42,1,1.000,muzik,muzik,2.01,0,0,0
4a752d40-3102-4abb-8e1c-4fbbd62dfd82,1,1.000,teknoloji,teknoloji,2.02,0,0,0
4a78178b-b47c-4464-ad3a-88d642483ae2,1,0.960,cografya,cografya,2.68,0,0,0
4a76fa7c-9c6b-42d1-a4a3-34e50d595b6f,1,1.000,spor,bilim,1.89,0,0,0
4a799893-e1fa-4ef7-a844-e7605e44933b,1,0.300,cografya,cografya,3.56,0,0,0
4a7a98e3-eacf-4c45-b889-a20e5e921036,1,1.000,genel_kultur,cografya,2.15,0,0,0
4a7c644f-6f6e-4772-9182-12afb2d57121,1,0.990,cografya,cografya,2.32,0,0,0
4a7aa17a-1bbb-4037-94dc-0a4541b535b3,1,1.000,bilim,bilim,1.87,0,0,0
4a7c8ec7-686c-448b-99bb-d8ecb9ce0021,1,1.000,cografya,genel_kultur,1.55,0,0,0
4a7e22fc-c7e8-4e01-bbed-3ed25f1edf89,1,1.000,spor,spor,1.91,0,0,0
4a8cfac4-ddc3-4e99-84bc-8680d12d729d,1,0.930,tarih,tarih,2.51,0,0,0
4a88beb3-3513-4901-aa50-3417c68d26ab,1,1.000,cografya,cografya,2.11,0,0,0
4a9129dc-de72-405f-8f92-19bf1e5d82ec,1,1.000,spor,spor,3.54,0,0,0
4a9ad8bf-4475-4ea7-a1be-68155f77f470,1,1.000,bilim,teknoloji,2.21,0,0,0
4a9c560d-0638-4dad-927e-4401b8193222,1,1.000,tarih,cografya,2.44,0,0,0
4a9f9282-cbb2-4d4e-ac29-7bee42e505df,1,1.000,sinema,sinema,1.34,0,0,0
4ab393de-e36e-4f49-94f1-ad826436153c,1,0.980,spor,spor,2.16,0,0,0
4abd4ecf-e5d3-489a-b9ae-48adcfd32be6,1,1.000,cografya,cografya,2.70,0,0,0
4abda51a-4b63-4c1a-8fe2-0938c9e98f5c,1,0.900,cografya,cografya,2.45,1,0,0
4abeab5e-58f3-4cdd-9a2b-f2b9ae3a3548,1,0.990,sinema,sinema,2.14,0,0,0
4ac414c2-03fe-4752-a976-d51b446c7d15,1,1.000,genel_kultur,genel_kultur,1.35,0,0,0
4ac35d08-68a3-4765-a72c-754eb7b39a81,1,1.000,teknoloji,teknoloji,2.64,0,0,0
4ac4a856-0d72-4110-8dc0-40a0217dd0c7,1,1.000,teknoloji,teknoloji,3.93,0,0,0
4ac56261-cfe3-4402-af22-74f15c6f5879,1,1.000,cografya,cografya,2.50,0,0,0
4ac903ef-dfc1-48e2-990a-5af69ed667bd,1,1.000,cografya,bilim,3.58,0,0,0
4ada31f3-16c8-4d8a-8f92-036f2a72108b,1,1.000,genel_kultur,genel_kultur,1.64,0,0,0
4ad48812-6d14-4b38-8ba6-6d5a94c46e35,1,0.860,tarih,tarih,3.16,0,0,0
4ae29d73-0bf7-49b7-8b5b-0aa1e58c9dc1,1,1.000,sanat,sanat,2.44,0,0,0
4adb7060-a047-40ae-af20-5a62dd5b91e9,1,1.000,cografya,cografya,2.19,0,0,0
4ae5186c-a4de-445a-9be7-452bc3671a40,1,1.000,sanat,sanat,1.93,0,0,0
4aec1015-ce4f-4b5a-9690-ba2f7ae7fddc,1,1.000,teknoloji,teknoloji,2.26,0,0,0
4af370a1-557f-4db7-b5d3-21974f17e7cf,1,1.000,cografya,cografya,1.59,0,0,0
4b0e795a-6ec0-4102-b3eb-5ec0e925ba9c,1,0.820,edebiyat,edebiyat,2.56,0,0,0
4afea9d5-1ac5-4e1c-b63b-5778e64c02be,1,1.000,sinema,sinema,1.98,0,0,0
4b1140c1-b357-4b49-b0d6-76dc54f5ed55,1,1.000,muzik,muzik,2.38,0,0,0
4b224916-40af-44ea-85d8-4de395fe93f6,1,1.000,sinema,sinema,1.10,0,0,0
4b25a38a-bd6e-4cd0-8ec7-9a6ff0360962,1,1.000,teknoloji,teknoloji,2.58,0,0,0
4b27165c-dea0-4f77-8a52-297da82a9954,0,0.220,edebiyat,edebiyat,3.68,0,0,0
4b4be0f8-46dc-4076-b03a-000369682532,1,1.000,tarih,tarih,2.01,0,0,1
4b7971fc-ca80-413d-92e7-9b26f31d31c9,1,1.000,sanat,tarih,3.57,0,0,0
4b7bcf4e-50f4-420c-a5ba-72530d9674ab,1,0.990,bilim,bilim,1.96,0,0,0
4b89b119-9f02-44dd-b217-a2409dc05cfc,1,1.000,sanat,sanat,2.14,0,0,0
4b8b0c05-5ee6-4b07-93d8-14f0960595e4,1,1.000,sinema,sinema,1.98,0,0,0
4b8d99ee-0d1d-43e1-b0cd-2226da84ad25,1,1.000,bilim,bilim,2.03,0,0,0
4b90dbfb-971f-4051-be72-5eedbb146417,1,1.000,edebiyat,genel_kultur,1.34,0,0,0
4b98c9ab-d92a-4bd3-ac18-c88987e62181,1,1.000,spor,spor,2.17,0,0,0
4b9b7570-c419-4036-a2cb-645db8404a82,1,0.990,spor,spor,2.98,0,0,0
4ba03a48-a553-4d0f-8d17-e15293b53ffd,1,1.000,bilim,bilim,1.65,0,0,0
4bba4a07-5dff-4c62-877f-2f721abd81ff,1,1.000,cografya,cografya,1.75,0,0,0
4bb1ed3d-41a3-44b0-acd5-60bb2ef36e09,1,1.000,teknoloji,teknoloji,2.06,0,0,0
4bc32fc6-0a55-4918-9596-5e08bd51eb02,1,1.000,cografya,genel_kultur,1.77,0,0,0
4bc74f7d-ea86-4b26-bb56-3a37d6e597a4,1,1.000,sanat,sanat,1.90,0,0,0
4bcebaec-7cff-48a9-b28f-7cc10e45eb03,1,0.860,sinema,sinema,2.95,0,0,0
4bde1683-615a-4f85-ab71-4df6cbce5583,1,1.000,spor,spor,2.31,0,0,0
4be6990c-dc31-4889-b8f4-fa8becaa8f8e,1,1.000,spor,spor,1.92,0,0,0
4bea46ae-6660-46fd-bc49-4062508085d7,1,1.000,muzik,muzik,2.86,0,0,0
4beb7aea-71e5-4106-a392-f1e1f31e09d6,1,1.000,cografya,cografya,2.01,0,0,0
4bf19735-e38a-45e8-8e93-7c46b4516fe0,1,1.000,edebiyat,edebiyat,2.03,0,0,0
4bed80fc-fa36-4b21-966f-079956fe155e,1,1.000,muzik,muzik,2.68,0,0,0
4bfa6b9b-1076-434f-8b96-75c8ca3e2a83,1,0.820,tarih,tarih,2.85,0,1,0
4bffd686-3cee-48a1-831a-fca48347f330,1,1.000,sinema,sinema,3.05,0,0,0
4c0b9773-07c0-442d-85e7-6a4e500406ae,1,1.000,cografya,cografya,2.25,0,0,0
4c1518d3-975b-4fba-ab4b-1bbc26a0542e,1,1.000,tarih,tarih,2.59,0,0,0
4c0655c3-8648-454b-8907-3c0765edf420,1,1.000,spor,spor,1.92,0,0,0
4c126de4-d210-48c9-8684-f1eabee35ee5,1,1.000,spor,spor,1.62,0,0,0
4c1700c2-864b-4351-a77e-1d2962e059e4,1,1.000,teknoloji,teknoloji,1.99,0,0,0
4c183ad8-7c62-4079-9f07-f27111082b30,1,1.000,genel_kultur,genel_kultur,1.85,0,0,0
4c3360b8-3866-4f04-8d3e-8ee09c9cb3dd,1,1.000,tarih,tarih,1.80,0,0,0
4c1aa9b5-958b-4abf-bbc6-b88352a85a84,1,0.970,edebiyat,edebiyat,3.19,0,0,0
4c340a87-28aa-4503-8242-1d470bf3fd4c,1,1.000,muzik,muzik,2.49,0,0,0
4c36b25e-ca45-4c9a-a64e-422c3b2d6fa1,1,0.970,tarih,tarih,3.25,0,0,0
4c39c2ad-9ee2-48f3-94ab-f2ba390b0978,1,1.000,edebiyat,edebiyat,1.48,0,0,0
4c395cd1-de08-429f-bb95-8fd366718175,1,1.000,sanat,sanat,2.07,0,0,0
4c45f505-ae63-46dc-8865-cf34b5a14bb4,1,1.000,cografya,cografya,2.86,0,0,0
4c3babe1-2e9e-4f8c-9391-811c7034b14f,1,1.000,teknoloji,teknoloji,2.85,0,0,0
4c617c9e-66b3-4c77-bda8-4d5e48d44a31,1,1.000,spor,spor,3.85,0,0,0
4c5efb14-5ed7-46b8-8990-75cb4dd3e294,1,1.000,tarih,tarih,2.71,0,0,0
4c5723a9-7f46-46f2-9c4c-826e315aaf43,1,1.000,cografya,bilim,2.26,0,0,0
4c6a89a0-0038-4c8c-8497-9ee942620fe6,1,1.000,teknoloji,teknoloji,1.98,0,0,0
4c6aae00-f4f7-429a-9ae5-3b9db34c5027,1,1.000,bilim,bilim,2.07,0,0,0
4c752227-2a9f-442a-8582-abcbf0c0469f,1,1.000,tarih,tarih,2.35,0,0,0
4c774b92-1b1f-4915-9cf5-7e5b49b0bcac,1,0.960,genel_kultur,teknoloji,2.90,0,0,0
4c891537-3cc7-4eab-aa29-74a779343edb,1,1.000,tarih,tarih,1.94,0,0,0
4c8f8fc1-9f84-4c01-b3e4-67414d5fab56,1,0.990,bilim,bilim,1.87,0,0,0
4ca6cb12-8b88-4647-8394-935893fd7d1b,1,1.000,cografya,cografya,2.26,0,0,0
4cae0887-f7d9-41db-8d49-19b0a0bef4d6,1,1.000,bilim,bilim,1.74,0,0,0
4cb66bd1-8147-4274-9407-6554a8a00e3f,1,1.000,muzik,muzik,3.21,0,0,0
4cba4817-cfd8-414c-8908-04c30ca1cd89,1,1.000,sanat,sanat,2.85,0,0,0
4cc7c6f9-63e1-4982-ac27-f808af7d322d,1,0.980,spor,spor,2.24,0,0,0
4cc88809-387f-4ecb-9231-5d4f40dcfdc5,1,1.000,bilim,bilim,1.37,0,0,0
4cccfe94-8775-4f36-8a3f-f70ea64933ec,1,1.000,spor,spor,3.42,0,0,0
4ccf14d9-5633-4bf8-8413-d10f31ff104a,1,0.610,tarih,tarih,1.93,0,0,0
4cd1fcf8-f35a-42d6-80d9-6d5b87c37a6e,1,0.410,edebiyat,edebiyat,2.80,0,0,0
4cdc7744-67ad-4668-8004-0d967b42cda7,1,1.000,sinema,sinema,2.50,0,0,0
4ce2c91a-56f1-4ee4-9844-de612733ec44,1,1.000,sinema,sinema,3.66,0,0,0
4ce5c44b-c931-4cd7-a4df-3e7c78310681,1,1.000,edebiyat,edebiyat,1.82,0,0,0
4ce84939-f716-47fa-8085-e0adba0d5d25,1,1.000,genel_kultur,genel_kultur,1.93,0,0,0
4ce9ac7d-bdd8-4fe8-bd7a-5555216e1abd,1,1.000,sinema,sinema,3.07,0,0,0
4ced2612-6400-4d00-aa2a-b1c12ae6b4f2,0,0.680,spor,spor,2.84,0,2,0
4cef6c10-83ca-43e3-8201-474025b63f93,1,1.000,sanat,genel_kultur,2.03,0,0,0
4cf870fa-31a3-4ee3-860f-5c9ee40de3b2,1,1.000,sinema,sinema,1.10,0,0,0
4cf21e51-c115-4b66-bbdd-5c5b9fe9b652,1,1.000,muzik,muzik,2.46,0,0,0
4cfa5148-c62e-4de4-9fc8-cf55a7b95602,1,0.990,cografya,cografya,2.55,0,0,0
4cfd8db0-e086-44ff-a6b0-d97c015643be,1,1.000,teknoloji,teknoloji,2.11,0,0,0
4d02165f-18b9-473e-9efe-3b8fb39945dd,1,0.920,spor,spor,2.34,0,0,0
4d0e4b5e-6ff4-4ff3-b400-6091ecd39253,1,1.000,sinema,sinema,2.78,0,0,0
4d22a77b-0ebf-4a14-b3b0-6c3aa80ef5d0,1,1.000,edebiyat,edebiyat,2.18,0,0,0
4d37b17e-cdbf-4ca0-9252-561b6ba9315d,1,0.280,edebiyat,edebiyat,2.64,0,0,0
4d39a4e9-1812-4efc-b1c1-269947a1be6c,1,0.990,sinema,sinema,2.05,0,0,0
4d43e3e1-d32a-493d-94dc-ad8650974d16,1,1.000,sinema,sinema,3.61,0,0,0
4d4b705d-52cc-4e78-9c41-df2dc398d516,1,1.000,cografya,cografya,2.05,0,0,0
4d5bbfbf-218e-42fe-ba2e-a0ec73ffb5aa,1,1.000,edebiyat,edebiyat,1.29,0,0,0
4d5c643d-9e5b-4e51-bc7e-213eb4fc6915,1,1.000,cografya,cografya,1.82,0,0,0
4d64bab6-5327-4003-90e4-f3d4c7872c4f,1,1.000,bilim,bilim,1.98,0,0,0
4d64fd75-d9b4-449f-bc7c-4dd85a11f7ce,1,1.000,sanat,sanat,3.31,0,0,0
4d6fa318-b486-4dd5-aba0-8d1aa6bfb011,1,1.000,sinema,sinema,3.13,0,0,0
4d6524fb-9a87-4fd4-9a19-c52e77887ef1,1,1.000,cografya,cografya,2.05,0,0,0
4d823f31-1ebe-473b-8163-e7858117e0ca,1,1.000,sinema,sinema,1.76,0,0,0
4d823fbd-05f7-40ea-8c11-41633634515d,1,1.000,cografya,cografya,2.66,0,0,0
4d87484d-6cc4-4af1-bb02-0da63abbb1ed,1,1.000,muzik,muzik,3.10,0,0,0
4d8963c1-1e33-4a50-b2ec-d54ac796e96e,1,1.000,cografya,cografya,2.78,0,0,0
4d960d4f-e257-4d14-ad78-c66a568ff864,1,1.000,teknoloji,teknoloji,2.12,0,0,0
4d91dcc6-df8c-47bb-8240-0c8a9572d268,1,1.000,sanat,sanat,3.98,0,0,0
4d9e5a72-32df-4cc8-8724-847b26789888,1,1.000,spor,spor,2.25,0,0,0
4da25bd3-1aa7-4793-a130-92b3c02e3100,1,1.000,bilim,bilim,2.13,0,0,0
4db030ed-4be2-49d3-93fa-d92a9c96a285,1,0.990,tarih,tarih,2.38,0,0,0
4db0c9c0-3f9c-4427-9cef-ae3bd6ce3d4f,1,1.000,muzik,muzik,3.50,0,0,0
4db1bf80-a857-4b43-8d1e-66835b73a3f4,1,1.000,bilim,bilim,1.94,0,0,0
4dc1accb-b2d9-4103-addc-8f1190166dec,1,1.000,cografya,cografya,2.04,0,0,0
4dcae754-c355-4269-a6a9-09fdbd46679d,1,1.000,cografya,cografya,1.54,0,0,0
4dc69d8c-b5f0-4a3e-b6c8-b39a562dcecf,1,1.000,muzik,muzik,2.32,0,0,0
4dcf4cdd-03e4-4796-ac32-202726120e48,1,1.000,teknoloji,teknoloji,3.56,0,0,0
4dd2e41d-8730-4e00-b235-6e72cb79252a,1,1.000,teknoloji,teknoloji,3.63,0,0,0
4de8a48e-6c22-4f28-9d88-717d84e7fa7a,1,1.000,tarih,tarih,2.26,0,0,0
4ddb2d6d-073f-44d8-96cc-6bced5e7d110,1,0.720,cografya,cografya,2.98,0,0,0
4dea5f18-1b4f-49ee-b24c-1acce3853f9a,1,1.000,edebiyat,edebiyat,1.49,0,0,0
4deea9a1-146a-4fa1-b8af-562f900241a5,1,0.990,bilim,bilim,2.38,0,0,0
4df002c1-a6d0-421f-acca-7db7b35365b2,1,1.000,teknoloji,teknoloji,2.59,0,0,0
4df029e7-4931-438f-ba49-1ad00bd04431,1,1.000,genel_kultur,cografya,2.52,0,0,0
4e020cae-c573-4946-83af-ed055e5308ec,1,0.990,edebiyat,edebiyat,1.95,0,0,0
4e21348f-8dbb-480c-9f1c-03e03f48afe7,1,1.000,edebiyat,edebiyat,1.26,0,0,0
4e0af202-bd6f-4b14-87f4-5c355e215915,1,1.000,teknoloji,teknoloji,3.44,0,0,0
4e2b509f-2bb3-453a-9eca-ed24bdf4ea60,1,1.000,cografya,cografya,2.11,0,0,0
4e2c83a3-2917-4058-ba3f-47af47bbe387,1,1.000,cografya,cografya,2.12,0,0,1
4e30f4a5-c613-4b69-8d49-457faaa8199d,1,1.000,edebiyat,edebiyat,3.22,0,0,0
4e300293-d052-483d-ae43-e7e12e4c4354,1,1.000,teknoloji,teknoloji,2.23,0,0,0
4e3c728c-b6bd-4243-9963-fa7ddce3a567,1,1.000,sanat,sanat,2.32,0,0,0
4e41fd70-29d1-47b8-9830-fe612c831b55,1,0.820,edebiyat,edebiyat,2.42,0,0,0
4e420eb3-512f-4b15-9e1f-c5d5d4c5c0a0,1,0.900,sanat,sanat,4.16,0,0,0
4e46551d-381e-4b67-baf4-31f70b9917f1,1,1.000,sanat,sanat,2.58,0,0,0
4e427394-94f6-46b6-a4dd-902b65094f0e,1,1.000,teknoloji,teknoloji,2.14,0,0,0
4e4ab5ec-302c-4f38-b118-6f6d538bdea7,1,1.000,cografya,cografya,2.78,0,0,0
4e4d3349-2431-42c2-b4c8-0af003197f29,1,1.000,spor,spor,1.32,0,0,0
4e5231f8-24a3-421e-8a81-82ebcccd1575,1,0.920,cografya,cografya,3.21,0,0,0
4e5aaae8-14d6-461c-b5e9-5daf86e99fe3,1,1.000,muzik,muzik,2.21,0,0,0
4e56ac68-36dc-4a79-82a1-650fac187944,1,1.000,bilim,bilim,1.77,0,0,0
4e612ca6-8851-4469-b653-a4026d8f12c6,1,0.990,muzik,muzik,2.13,0,0,0
4e749906-5d5e-43da-ba45-22cd6771b289,1,0.910,cografya,cografya,1.81,1,1,0
4e7a1bae-49b8-402d-980d-98a9188fc979,1,1.000,sinema,sinema,2.96,0,0,0
4e7b771b-8150-4e13-95f3-4d232c7b7b2d,1,1.000,spor,spor,2.16,0,0,0
4e822fb0-7b98-4f9c-a0ec-3b0eec884abf,1,1.000,teknoloji,teknoloji,2.99,0,0,0
4e8aec4b-555a-40fc-bbb3-a9025a1baff2,1,1.000,genel_kultur,bilim,1.10,0,0,0
4e8b6f26-4af7-48cc-aeb5-0553d8719350,1,1.000,teknoloji,teknoloji,3.41,0,0,0
4e933044-e177-4908-bb76-ad7071d13e66,1,0.970,edebiyat,edebiyat,3.76,0,0,0
4e96b54a-3484-4890-b14d-9733560eda6a,1,0.510,tarih,tarih,2.47,0,0,0
4e948733-d54c-4d7d-8dc1-9b3d01d09be1,1,1.000,tarih,sanat,2.56,0,0,0
4e987e64-c951-40d1-aa9c-c4a6fd51d826,1,1.000,teknoloji,teknoloji,2.42,0,0,0
4e9aa94a-4458-48d5-b3f5-c887760d644d,1,0.980,teknoloji,teknoloji,2.01,0,0,0
4e9fac00-d902-42b2-ab1d-1e1881c0ae95,1,1.000,muzik,muzik,2.18,0,0,0
4ea2e144-89a5-413d-a206-b7d1dfc8c96b,1,1.000,teknoloji,teknoloji,3.92,0,0,0
4ea3951c-5848-4e0d-8e0a-f654f4c0cade,1,0.530,cografya,cografya,3.08,0,1,0
4ea4011e-4be1-4606-af36-018402b42d98,1,0.910,spor,spor,2.78,0,0,0
4eb4fb54-d980-4d16-8db7-27d450325f1f,1,1.000,teknoloji,teknoloji,2.02,0,0,0
4eb5ba24-e4d8-4a0f-b69c-3c8c74b424b6,1,0.940,edebiyat,edebiyat,2.22,0,0,0
4eb74872-3ed6-413c-9eff-ea8b035b3688,1,1.000,sinema,edebiyat,2.85,0,0,0
4ec561ca-f46a-4042-bbb1-b27f0c4c5e40,1,1.000,tarih,tarih,2.35,0,0,0
4eb84459-466a-4a86-a457-96aa35502591,1,1.000,muzik,muzik,3.13,0,0,0
4ec64789-8fd9-43bb-be51-7ba5d8a17842,1,1.000,genel_kultur,genel_kultur,1.75,0,0,0
4ec76b93-8cf7-45b9-95b9-1e4b2d3e989d,1,0.990,sinema,sinema,4.05,0,0,0
4ecf5663-71bc-42dc-b023-ad4cef2f4ba5,1,0.860,cografya,cografya,3.02,0,0,0
4ee1a7a5-8dc1-4616-9076-e98699707728,1,1.000,teknoloji,teknoloji,3.75,0,0,0
4ee1d7e4-b9ea-4882-87dd-8df972f70b74,1,1.000,spor,spor,2.56,0,0,0
4ee4d7e8-8a94-434c-b514-ffddd465492f,1,1.000,teknoloji,teknoloji,1.91,0,0,0
4ee5b274-6fb3-49a8-aeab-a5636a688c4a,1,1.000,sanat,sanat,2.41,0,0,0
4eeb5804-4468-4f58-a44d-a7fad986cbb5,1,1.000,cografya,cografya,1.84,0,0,0
4ee9b085-8b5d-41e3-8b76-57cba65255bf,1,1.000,cografya,cografya,2.39,0,0,0
4eed58d2-bb57-44bc-8a93-05c468f06cef,1,0.980,tarih,tarih,2.41,0,0,0
4eef4fda-7689-4e4b-b7a4-3a51f1bf10b4,1,1.000,edebiyat,edebiyat,2.95,0,0,0
4ef0595a-b977-47d5-bb3e-96fc0ff8a3f3,1,1.000,edebiyat,edebiyat,1.73,0,0,0
4ef5c7ef-8b93-4ab3-8de9-18743f18ee2e,1,1.000,sinema,sinema,2.17,0,0,0
4ef93143-b375-437c-9804-d85e839c5e1c,1,1.000,muzik,muzik,1.44,0,0,0
4eff675d-41ed-4bf6-877e-4d74a642b4d3,1,1.000,genel_kultur,cografya,2.05,0,0,0
4effbc4f-17a2-40ea-9b49-ff8296957725,1,1.000,teknoloji,teknoloji,2.14,0,0,0
4efb0077-e45d-4dd7-9102-69461eb75e66,1,1.000,tarih,tarih,2.44,0,0,0
4f056466-96f0-482b-9ee2-95223faea332,1,0.940,spor,spor,2.35,0,0,0
4f080dd5-e436-46f5-a78d-04b4a0e97083,1,1.000,tarih,tarih,1.97,0,0,0
4f0d25af-05b7-4011-88eb-2c67bff8a455,1,0.990,spor,spor,2.35,0,0,0
4f0ed94a-9f43-42c9-bb45-e9674e8a73e2,1,0.970,sinema,sinema,3.02,0,0,0
4f172087-add9-4eba-9663-82e01e7450bc,1,1.000,muzik,muzik,2.63,0,0,0
4f1b20e1-a348-4f68-b872-cee99b6f3354,1,1.000,sinema,sinema,3.61,0,0,0
4f1bdb40-f3ba-454d-a9be-6d5e05dfec44,1,1.000,genel_kultur,genel_kultur,2.29,0,0,1
4f38f093-c4ed-469e-8fda-bb84202273e5,1,1.000,muzik,muzik,2.30,0,0,0
4f465775-f3d4-4dd3-b785-1eb739e83024,1,1.000,sanat,sanat,2.03,0,0,0
4f250e7d-3786-4ff1-bd91-c18d173da326,1,1.000,sinema,sinema,2.45,0,0,0
4f4d5e04-19a8-401a-9358-0d9f99ae3b5d,1,0.270,spor,spor,2.82,0,0,0
4f51c2c1-a355-4441-a001-967797d44128,1,1.000,edebiyat,edebiyat,1.82,0,0,0
4f530267-c535-40c7-8efc-48a24e094dd8,1,1.000,cografya,cografya,2.29,0,0,0
4f53f3b6-385f-4345-b61e-fcf49fae1bc0,1,1.000,cografya,cografya,2.97,0,0,0
4f57d697-b58d-4971-82e8-93a88aa3f236,1,0.990,cografya,cografya,2.13,0,1,0
4f7437e0-ece8-40cc-9fdb-0be987ed5b90,1,1.000,genel_kultur,cografya,2.31,0,0,0
4f747f1a-2d85-45a7-a53b-690f5552c1d2,1,1.000,sanat,teknoloji,1.90,0,0,0
4f7d541a-4ae5-4ddc-a5e8-08f2d73ad0f3,1,1.000,bilim,bilim,2.20,0,0,0
4f74a9d5-a637-4ff4-83e1-e72ac5f4ba31,1,1.000,tarih,tarih,2.63,0,0,0
4f826686-3cd9-4944-8686-73e1cfbf4917,1,0.940,cografya,cografya,2.52,0,0,0
4f949755-a90b-4e3e-bc72-3d04784f7c20,1,1.000,bilim,bilim,1.88,0,0,0
4f994f73-110c-4805-9d8a-02cb1955713d,1,1.000,tarih,tarih,2.11,0,0,0
4f99f7fe-f0ac-4e5a-85ee-5de068ef055a,1,0.510,cografya,cografya,2.90,0,0,0
4fa79304-cda7-43c0-b3ff-6a4a210259ce,1,1.000,spor,spor,3.23,0,0,0
4fae2c2d-4c44-4dd8-bf0d-792e63abab6b,1,0.990,muzik,muzik,2.31,0,0,0
4fbf9145-07ff-4952-9b1c-96202b1dce2d,1,1.000,edebiyat,edebiyat,1.76,0,0,0
4faf1976-657e-4f66-aa81-d8a6b0059787,1,1.000,spor,spor,3.23,0,0,0
4fc498ca-1dcd-4d76-a930-151878383ff0,1,1.000,sanat,sanat,3.21,0,0,0
4fc4a5f0-b38b-4f73-b890-f1a9223771db,1,0.710,muzik,muzik,3.86,0,0,0
4fc68340-b505-4e77-bb50-7aa294c09010,1,1.000,sanat,sanat,1.51,0,0,0
4fcc0d80-4472-47a1-90d2-ccd6ad32e4cb,1,1.000,muzik,muzik,3.06,0,0,0
4fcc8b5e-d756-413e-b325-5364a07619b6,1,1.000,tarih,tarih,2.70,0,0,0
4fd02290-ca50-44f3-aff3-363cf0a4907d,1,1.000,bilim,bilim,2.16,0,0,0
4fd2a0e2-d573-46f1-8197-a776f4a3c548,1,0.970,edebiyat,tarih,2.05,0,0,0
4fdd0b03-dea7-4b28-ae07-d1e1bc20e6d7,1,1.000,cografya,genel_kultur,1.99,0,0,0
4fe3805b-ca92-4875-953e-10a72d535211,1,0.980,cografya,cografya,1.80,0,0,0
4fe31f16-6110-4da4-8156-7c3dd8f16698,1,0.950,spor,spor,2.42,0,0,0
4ff005ad-3964-4590-8db7-594374a105eb,1,1.000,edebiyat,edebiyat,2.02,0,0,0
4ff43064-977c-433e-a173-87e2ef9d6018,1,1.000,teknoloji,teknoloji,2.44,0,0,0
4fe974cd-f484-49c4-9c45-c9954fdd9396,1,1.000,bilim,bilim,2.01,0,0,0
5000bb83-be64-4197-84a7-c98834c55d1f,1,1.000,cografya,cografya,1.95,0,0,0
5001499b-13c7-4a6d-84bc-b21f6b701461,1,0.990,edebiyat,edebiyat,3.27,0,0,0
5014cedb-7ce2-4892-93a8-ff63661931de,1,0.990,sinema,sinema,3.23,0,0,0
50086359-3e0b-4889-b426-b59c827b3410,1,1.000,spor,spor,3.56,0,0,0
5013b6d2-7462-4a84-8fcb-e5b88ad55339,1,1.000,muzik,muzik,1.91,0,0,0
5019ee99-6547-4fcc-8062-9cf63d8043cb,1,1.000,sanat,sanat,2.64,0,0,0
50165fcb-e47f-4a55-a8d3-ecad8e3a0619,1,1.000,tarih,tarih,2.54,0,0,0
501bcd32-263a-4548-a6d5-7e4bc26d95b1,1,1.000,spor,spor,1.99,0,0,0
501f4b65-1bac-4e5b-9dcf-0e2b5f303303,1,0.980,cografya,cografya,2.53,0,0,0
50209ab6-8b85-4493-996d-855ef3ca3214,1,1.000,bilim,bilim,1.30,0,0,0
502892c4-29d0-42ea-8977-6773252ac076,1,1.000,teknoloji,teknoloji,3.39,0,0,0
502fe6af-cb19-4d88-a44a-8ab86894b1bc,1,1.000,cografya,cografya,1.93,0,0,0
5022ae1c-96bb-4269-8ecf-5108bf071a47,1,1.000,sanat,sanat,2.31,0,1,0
503135b8-449e-4592-b874-e3cdfd099eeb,1,1.000,spor,spor,1.43,0,0,0
5034fe10-945d-4c3c-91e0-5658e9d2c297,1,1.000,tarih,tarih,3.53,0,0,0
503c4935-8c2c-4acd-90f1-fe51f6f9c587,1,1.000,genel_kultur,bilim,3.07,0,0,0
503be118-3d4d-4f21-a39a-6a38e604860f,1,1.000,teknoloji,teknoloji,3.28,0,0,0
5036da56-6c80-4a65-95bf-95d7ef6a38cf,1,1.000,bilim,bilim,2.01,0,0,0
50425a17-9c8d-4e12-8f19-f815c8e2069b,1,1.000,sanat,sanat,3.42,0,0,0
503d53d9-ccaf-428d-869d-f1b9733d4c8b,1,1.000,cografya,bilim,2.22,0,0,0
50453e03-e6ef-44ff-b505-3d7e14db28fe,1,1.000,spor,spor,2.38,0,0,0
50594cf3-042e-44d4-967f-9b14797ea6e5,1,1.000,bilim,bilim,1.16,0,0,0
505a4391-44e0-4bc5-b5c4-ab7e8944cf57,1,1.000,teknoloji,teknoloji,3.07,0,0,0
506624ff-5125-49de-a547-0f4e12b712ea,1,1.000,sinema,sinema,2.66,0,0,0
506f5527-5fba-4c70-85f5-e1b05a83f9f2,1,1.000,sinema,sinema,4.04,0,0,0
506f8ab3-761a-45f2-a903-6fa6e6f93c9e,1,1.000,spor,spor,1.83,0,0,0
5072a5d2-5b16-4859-be48-3fca8889de27,1,1.000,tarih,tarih,3.34,0,0,0
5078289e-7a93-4b9b-9aaf-a7c42e9af3c8,1,1.000,edebiyat,edebiyat,2.64,0,0,0
507ad953-e865-4e00-a7f7-a284556b7959,1,1.000,teknoloji,teknoloji,2.91,0,0,0
508f3b86-cf4e-4051-b28a-6c3acadfd693,1,1.000,cografya,cografya,2.94,0,0,0
5090d3a2-06fc-47d0-904a-2de69975a5b7,1,1.000,sanat,sanat,1.56,0,0,0
5091d245-c162-40d3-b6fc-e531f97588d4,1,1.000,sinema,sinema,2.18,0,0,0
50937305-247e-4d85-a018-594bb3011adf,1,1.000,spor,spor,1.87,0,0,0
50980c01-29f9-4128-9e63-f0443f77dfae,1,1.000,cografya,bilim,2.06,0,0,0
50a17adc-1706-4ce9-ae9c-789608346c0e,1,1.000,sinema,sinema,1.80,0,0,0
50a52d5c-2f4b-4175-9815-e5f533d0d089,1,1.000,cografya,cografya,2.74,0,0,0
50a97418-23b5-4275-a72c-1701556944bf,1,1.000,sinema,sinema,2.21,0,0,0
50a9e108-a84d-47be-bdab-8e2cfd27d97d,1,1.000,tarih,genel_kultur,2.51,0,0,0
50b83e73-1ce7-42f4-aa0c-de4b17a7528b,1,1.000,sinema,sinema,1.77,0,0,0
50bdc7d2-76ee-49b6-aa6b-594f778172f1,1,0.760,tarih,tarih,2.17,0,1,0
50c60897-b933-4f38-8ce1-6061ccc92c4e,1,1.000,genel_kultur,bilim,1.01,0,0,0
50cd7826-cf9e-4e0e-bee1-0489efe4a54c,1,1.000,teknoloji,teknoloji,3.69,0,0,0
50d4053c-fd90-4a80-849b-40411bbf6001,1,0.990,tarih,tarih,2.27,0,0,0
50e5fefb-520d-46fa-9e36-42b669b98f59,1,1.000,cografya,genel_kultur,2.38,0,0,0
50d7fea5-8955-4731-ac4e-ad5398187887,1,1.000,bilim,bilim,2.03,0,0,0
50e65903-dbae-4271-ac80-8cbcb04068e0,1,1.000,cografya,cografya,2.85,0,0,0
50eaca3f-e250-46cd-b034-33110e0079ee,1,0.980,spor,spor,3.53,0,0,0
50f6fabc-ad33-4927-89e8-e32d5619866e,1,1.000,sanat,sanat,2.18,0,0,0
5119ad88-db5b-4184-8a6c-679a031c617a,1,1.000,tarih,tarih,3.25,0,0,0
51197ffd-b144-48b3-963c-3365c5fe343c,1,1.000,sinema,sinema,2.98,0,0,0
51228e97-8a3b-4006-9691-a7f0f36e2332,1,1.000,edebiyat,edebiyat,1.79,0,0,0
5125bc3a-c571-4133-b340-300f00bf4231,1,0.740,spor,spor,2.90,0,0,0
511ce317-26c4-4f55-8d3d-d151fca9e434,1,1.000,muzik,muzik,2.83,0,0,0
51412c3e-855a-4be2-9c30-7ea7a7a116f2,1,1.000,tarih,tarih,2.74,0,0,0
513e2cdf-1e2b-4369-a6cb-e304d5f478af,1,1.000,cografya,cografya,2.25,0,0,0
5141a272-b879-4c3e-a147-4c07c66fc603,1,1.000,sinema,sinema,3.80,0,0,0
51503fac-cfa6-4671-8aab-7e94905cf3ef,1,1.000,sinema,sinema,1.97,0,0,0
5151b961-db2b-45ad-85ac-cda274222e7e,1,0.970,genel_kultur,sinema,3.08,0,0,0
515575b7-07c2-42d6-8a31-4dd8ff2b8198,1,1.000,cografya,cografya,2.03,0,0,0
515ae4fe-5f05-44e2-83ca-969cdb629d7d,1,1.000,sanat,sanat,2.23,0,0,0
515bfc30-32f8-4d9f-a458-f28462f1de25,1,1.000,teknoloji,teknoloji,3.89,0,0,0
515f6f85-ff90-470d-8692-1fe52133a089,1,1.000,muzik,muzik,2.83,0,0,0
516fffd5-a757-4143-a37a-59b6d06f0137,1,1.000,cografya,genel_kultur,3.02,0,0,0
5165aeca-5d03-4094-9201-b26bdfdab593,1,0.510,edebiyat,edebiyat,1.96,0,0,0
516c0f63-3bfd-4c02-a718-3aad2f806b01,1,0.950,edebiyat,edebiyat,3.43,0,0,0
5170fa41-b3a3-4876-a188-3304a740b92a,1,1.000,spor,spor,2.76,0,0,0
517753b2-135c-44d9-9b9f-eaa96f90c657,1,1.000,spor,spor,1.59,0,0,0
5183c6a5-d93e-41e7-a32b-eaf09bcd3d1a,1,1.000,spor,spor,2.45,0,0,0
5189a28f-9fb7-4fdb-bacf-74c4a7996507,1,1.000,muzik,muzik,2.16,0,0,0
5185aa1e-d5aa-4e98-83a7-464a8b0c93b9,1,1.000,tarih,tarih,2.06,0,0,0
518c59ac-790b-4cf1-b6f5-74d4dd7a0ae0,1,1.000,genel_kultur,cografya,1.95,0,0,0
51a07c86-ebda-4a4c-a3e0-54a52fe3e958,1,1.000,cografya,cografya,3.12,0,0,0
51a5cec6-f797-42a2-91ff-b5f49f52b871,1,1.000,tarih,tarih,2.05,0,0,0
51a77755-e3f1-4cff-91b5-f9640a1b35c5,1,1.000,sinema,sinema,2.40,0,0,0
51a8d32c-8e44-4448-9f76-0f6d5a57bcd6,1,1.000,genel_kultur,genel_kultur,2.61,0,0,0
51b11c0a-2bda-4b98-b723-dd874f0cdd8a,1,1.000,genel_kultur,bilim,2.89,0,0,0
51b746ee-689b-4e91-b404-5658b8b21904,1,1.000,genel_kultur,bilim,1.85,0,0,0
51b75e36-1a5c-4317-954f-8f0560a5659f,1,1.000,bilim,bilim,1.97,0,0,0
51ba5b6c-0c75-4176-b311-8b65cf8db615,1,1.000,spor,spor,2.38,0,0,0
51bb2ea4-0c1e-4993-b6f0-cfe6ed0d58bc,1,1.000,bilim,bilim,2.28,0,0,0
51c8d5c3-e55f-45ad-a026-ed1a253a74cb,1,1.000,sinema,sinema,2.62,0,0,0
51c9918b-1771-467f-aecd-02814d294aef,1,1.000,muzik,muzik,2.69,0,0,0
51cb6139-ecf7-41ac-8eac-ebe9c4645c9c,1,0.940,cografya,cografya,3.21,0,0,0
51dcec12-dadc-4d2d-bc69-465654db27fb,1,1.000,genel_kultur,genel_kultur,1.50,0,0,0
51e003d9-eb38-48f8-9070-cfab91f254e7,1,1.000,teknoloji,teknoloji,3.40,0,0,0
5203e7b0-9f7c-4d86-8b2b-bac411fd1555,1,1.000,cografya,tarih,2.28,0,0,0
520ad955-3dd4-4a41-b540-cb667dd83e0f,1,1.000,bilim,bilim,2.66,0,0,0
520e05e1-9a99-485e-bc41-005465e50cb8,1,1.000,tarih,tarih,2.14,0,0,0
520f358e-6629-4c62-9f74-357fc6770d31,1,0.950,muzik,muzik,3.83,0,0,0
521277b3-5e7e-4d63-bf23-f79383bf1d84,1,0.970,cografya,bilim,1.95,0,0,0
52142198-b342-4fc5-8eea-8d6c7ba45aa1,1,1.000,tarih,tarih,3.41,0,0,0
521bc2f9-a920-46b4-80cd-fb052752c5ac,1,0.810,sinema,sinema,3.47,0,0,0
5233673e-6dfc-48b4-8b86-b5d31583a580,1,1.000,tarih,tarih,2.01,0,0,0
52423dd3-3043-4c98-85cd-f2d876aa0e9b,1,1.000,tarih,tarih,2.45,0,0,0
523ffb12-6deb-4537-a0f5-d8fa2a66c663,1,1.000,tarih,tarih,2.46,0,0,0
524359b2-5d1a-4b0f-a800-5e07707f1639,1,0.940,spor,spor,2.05,0,0,0
5245008e-2e31-48b5-bf71-9f62b5f44a54,1,1.000,edebiyat,edebiyat,1.30,0,0,0
52471386-9020-4543-8c58-9c4539fa655f,1,1.000,muzik,muzik,2.95,0,0,0
5247abfe-5099-4d93-989e-5ca63eb7c6c5,1,1.000,sanat,sanat,2.71,0,0,0
52484e21-25d5-4aa7-87c1-9316a21dc7b3,1,1.000,teknoloji,teknoloji,3.90,0,0,0
5254758b-30b6-4af2-a5b1-3a3ad45126a8,1,1.000,edebiyat,edebiyat,1.81,0,0,0
525aac49-e623-42a7-b94f-a268bf97df79,1,1.000,sanat,sanat,2.65,0,0,0
525fff2f-45db-497c-8c63-62d6203ef1b1,0,0.190,edebiyat,edebiyat,3.90,0,0,0
52600563-9ea9-4477-b031-ebcf3c35bcfb,1,0.980,tarih,tarih,1.93,0,0,0
5262ca0a-37a4-437e-80f5-5c98a7da3168,1,1.000,bilim,bilim,1.96,0,0,0
526744db-9552-4c6f-a3a1-b8020ec3410d,0,0.780,sanat,sanat,2.57,0,0,0
52684bc3-0eb9-4d62-b89e-7e9df53e6fd5,1,1.000,sanat,sanat,1.88,0,0,0
526a9db3-9488-4923-b95a-8d087eaa5a65,1,0.990,tarih,tarih,2.59,0,0,0
526e37d5-61dc-442b-bb3e-d548728aa1a5,1,1.000,sanat,sanat,3.03,0,0,0
52769f80-f5fe-48db-bdb9-b3d590ddae39,1,1.000,cografya,cografya,2.25,0,0,0
5279326b-3e79-4bbb-bd63-95df365f25a5,0,0.430,cografya,cografya,3.45,0,0,0
5279666e-17f4-4619-a79e-4da8ecaac4b1,1,1.000,genel_kultur,genel_kultur,2.29,0,0,0
52799d10-c0fb-46bc-b7bd-ecd5ea9dba9f,1,1.000,genel_kultur,bilim,1.79,0,0,0
528ce5cf-f7ce-4175-9a42-1657cb854cd0,1,1.000,tarih,tarih,2.56,0,0,0
527c07ee-5c57-4912-b6ca-ec1a19819644,1,1.000,sanat,sanat,3.23,0,0,0
528ce959-9655-4779-b47c-28bae4752572,1,1.000,tarih,tarih,1.65,0,1,0
528f050e-1845-4aea-8e5e-1610337b30db,1,1.000,genel_kultur,bilim,1.46,0,0,0
5290cb9a-0031-4510-b35e-8404388eee9d,1,1.000,spor,spor,2.58,0,0,0
5294ed6a-c22f-4149-aac8-dab4a0db485d,1,1.000,spor,spor,2.32,0,0,0
529a5cda-e3b4-40b2-8e3f-bcb21b4783ef,1,1.000,edebiyat,edebiyat,3.58,0,0,0
5279ef4a-87fa-4656-bc14-bbb8323187c7,1,0.840,genel_kultur,genel_kultur,2.18,0,0,0
529ceb87-873c-4180-bb8c-6c88b1ca5847,1,1.000,spor,spor,2.90,0,0,0
529ee37d-a4b9-4752-a468-72ef460ac1bc,1,0.990,sanat,sanat,2.58,0,0,0
52a24856-d9bf-4654-8591-269cdd419394,1,1.000,cografya,teknoloji,2.27,0,0,0
52a86d5b-7d23-4d3d-916e-23ed93986479,1,1.000,cografya,cografya,2.30,0,0,0
52ab9d2f-bfae-4aa3-94c4-8478eb2ca88e,1,1.000,edebiyat,edebiyat,2.67,0,0,0
52ad8b1e-eb5d-4577-97d2-654f3362ca52,1,0.680,spor,spor,1.89,0,1,0
52b71e2b-e5d8-41b3-9553-6728572353e2,1,1.000,sanat,sanat,2.51,0,0,0
52b65787-ad0d-4cda-aee8-e401c8a02fb1,1,1.000,tarih,tarih,2.12,0,0,0
52bdf6be-948c-472b-9676-0af1fca21163,1,1.000,cografya,tarih,1.91,0,0,0
52bd7f28-6852-41e2-b66b-60ed83ed147f,1,1.000,teknoloji,teknoloji,3.49,0,0,0
52be2d05-af44-4be9-8115-0de38d1b723a,1,1.000,teknoloji,teknoloji,2.40,0,0,0
52c69c93-3e76-42ff-85c5-33967b34868d,1,1.000,sanat,sanat,2.88,0,0,0
52ca9567-a0ff-41fe-a441-78c2f49155b6,1,0.990,sanat,sanat,2.44,0,0,0
52cfa4a9-80f9-4e71-b28f-e132dd51d56c,1,1.000,sanat,sanat,1.38,0,0,0
52d97857-a9e4-4710-b0d2-1c4ad56d6504,1,1.000,cografya,cografya,3.15,0,0,0
52dc7795-c6a2-41d9-9ba7-d085a5c8494a,1,1.000,sanat,sanat,2.60,0,0,0
52df7797-459f-4670-a431-ca9252fcf576,1,0.960,edebiyat,edebiyat,2.30,0,0,0
52e3181a-8526-4c6e-a107-9d1dd4fbe851,1,1.000,cografya,teknoloji,2.03,0,0,0
52e8ef96-f6e8-4a52-864b-6f4f47f6f868,1,1.000,bilim,bilim,1.90,0,0,0
52e90307-57ea-4a41-8424-d0648f6b64d8,1,1.000,cografya,cografya,2.46,0,0,0
52ed2158-470d-40a3-b18d-14607dde1ff2,1,0.960,edebiyat,edebiyat,3.08,0,0,0
52ff73eb-6600-4fcb-82d4-044ae56ef3f3,1,1.000,teknoloji,genel_kultur,1.41,0,0,0
52ff917c-5fc1-420c-81d0-c2ef91f29a99,1,1.000,tarih,tarih,1.38,0,0,1
5304b109-7322-4987-b89a-935d3725d4d9,1,1.000,cografya,cografya,2.71,0,0,0
53023fb5-1e74-418b-9643-e27928083e2a,1,1.000,genel_kultur,tarih,1.25,0,0,0
5307cc5f-9575-4e05-86f5-972cf542e7b4,1,1.000,cografya,bilim,1.31,0,0,0
5316a8a7-9979-4ee5-843f-f41cf53d61a3,1,1.000,teknoloji,teknoloji,2.25,0,0,0
5319d51f-24d7-4634-9d79-ce12971cdf9d,1,1.000,cografya,cografya,2.11,0,0,0
5319a172-82f4-4381-a84d-b53693c75d40,1,1.000,tarih,tarih,2.14,0,0,0
5328a068-0abd-4eb2-9035-384fd9cba8f6,1,0.430,edebiyat,edebiyat,3.05,0,1,0
532c981c-822b-4d0c-b2c1-1dffd15ad27f,1,1.000,sanat,sanat,3.09,0,0,0
530bb367-22b4-4f04-9b74-45bc8a679977,1,1.000,sanat,sanat,2.75,0,0,0
53350081-5259-45c3-af18-2ca5cf9cb252,1,1.000,sanat,bilim,2.88,0,0,0
53363a41-b845-4717-bb59-14d088132d2a,1,1.000,cografya,genel_kultur,1.93,0,0,1
5340138d-e734-43e2-9797-0699cffd5058,1,0.990,cografya,bilim,2.16,0,0,0
5341d577-6150-490d-89fa-0858e286f454,1,1.000,muzik,muzik,2.64,0,0,0
534c1f17-b7a3-4832-908a-db82815c5515,1,1.000,edebiyat,edebiyat,2.62,0,0,0
535b0dd4-3083-4950-b176-991edc05a198,1,1.000,sinema,sinema,3.71,0,0,0
53525d35-87c8-461c-909d-df2badf21811,1,0.940,genel_kultur,cografya,3.10,0,0,0
5363002a-4a57-43d0-b483-cd1c4461fb58,1,1.000,tarih,tarih,1.98,0,0,0
536406c3-dccf-449f-a18f-fb6a758903bc,1,1.000,bilim,bilim,1.87,0,0,0
5365db08-cfce-4ba5-8e77-6d25ae69c0e0,1,1.000,cografya,bilim,2.36,0,0,0
537310ea-9f98-4ceb-a8bf-4764ddcbd362,1,1.000,tarih,genel_kultur,2.84,0,0,0
536d1f4d-ef65-4da2-9ea9-794023f1bd34,1,1.000,cografya,cografya,2.19,0,0,0
53773e97-13e9-4146-8720-dd6a7968ee1d,1,1.000,bilim,bilim,2.09,0,0,0
537af3e3-b933-4874-96b3-954cd277d3a0,1,0.990,cografya,cografya,2.02,0,0,0
5383e230-4cc0-41f3-b7cf-82feb1ae8d2a,1,1.000,muzik,muzik,3.07,0,0,0
538f0812-2748-4ea7-b0cf-4362e474bb66,1,1.000,bilim,bilim,1.15,0,0,0
539bb5d5-49e7-4fda-9445-2505fb6dccf7,1,1.000,teknoloji,teknoloji,4.15,0,0,0
53abb466-f4e1-426f-bef4-9be4a84d7ce2,1,1.000,tarih,genel_kultur,1.66,0,0,0
53aeed7a-11cb-4edf-9ce9-f480b931a0ff,1,1.000,muzik,teknoloji,3.89,0,0,0
53afa0cd-1507-40d6-86e3-be04f5b196d7,1,0.970,cografya,cografya,2.86,0,0,0
53c1f6dc-764a-4929-97b1-452018afa27b,1,0.990,spor,spor,2.92,0,0,0
53b10943-1eb8-462f-934c-2ec6217bc834,1,1.000,bilim,bilim,1.31,0,0,0
53cab24f-b813-4196-b810-94b6052aab5e,1,1.000,sinema,sinema,1.42,0,0,0
53d0ceb1-6b3c-4bf0-ba06-9b473095ce59,1,1.000,muzik,muzik,3.52,0,0,0
53e6280d-4a5a-4a1e-b4ba-43aebcd1ba4a,1,1.000,bilim,bilim,1.80,0,0,0
53e9e8fc-def5-46e2-9c1a-e64407b2529e,1,1.000,tarih,tarih,2.38,0,0,0
53ec2177-a495-42b8-9c48-a71844868dd8,1,1.000,sinema,sinema,1.96,0,0,0
53f6506e-76c9-45c1-ab4b-75dbdcc3b9a2,1,0.940,spor,spor,2.19,0,0,0
53fdbcd9-22a8-457e-b5e3-ebcd49da9f19,1,1.000,edebiyat,edebiyat,1.90,0,0,0
54082de1-3fcf-4ca1-9a0a-3e087d6f6cc4,1,0.990,spor,spor,2.20,0,0,0
540ebbf9-ebc5-49b9-a903-ed4d95db5275,1,1.000,tarih,tarih,2.59,0,0,0
540991f1-43a0-4c11-bf7d-520ffe33b4e1,1,1.000,edebiyat,edebiyat,3.03,0,0,0
5418a11d-e2a8-43a0-877a-78a1595baf39,1,1.000,teknoloji,teknoloji,3.77,0,0,0
5417fcfa-a93d-4f41-95da-f2748a4735f6,1,1.000,bilim,bilim,1.49,0,0,0
54195688-096e-4fa2-97ae-fb2708260010,1,0.980,edebiyat,edebiyat,2.36,0,0,0
542698c8-81ef-4265-85a2-ee0067e752ff,1,0.960,sanat,sanat,2.95,0,0,0
542b1393-e0fb-4fbd-b959-a2167d44fce0,1,1.000,cografya,cografya,1.78,0,0,0
54324c27-b344-48ba-ba24-21eeb3410cba,1,0.830,tarih,tarih,2.89,0,0,0
5439810b-03a2-4109-8dd1-99f7fa02a39a,1,1.000,cografya,cografya,2.34,0,0,0
543febb1-c1fe-48bf-8c69-ffac15ed07bc,1,1.000,spor,spor,2.53,0,0,0
544c4e2c-e9d4-45a6-bdb5-bf56c8479573,1,1.000,sinema,sinema,1.65,0,0,0
544de89e-4ba6-4814-adc5-7a92e5cb1160,1,1.000,spor,bilim,2.00,0,0,0
5457c9f1-4a25-476b-8c93-8d73627582cf,1,1.000,sanat,sanat,2.83,0,0,0
545c496c-9bc9-4f1a-bb40-738d908e76b1,1,1.000,cografya,cografya,2.50,0,0,0
54589b2f-1d1a-4b79-b970-b3659344acab,1,1.000,edebiyat,edebiyat,2.79,0,0,0
5466a00b-0617-454e-b8da-a5918865a058,1,1.000,sinema,sinema,1.81,0,0,0
545d8731-e8f4-4b4c-9575-20fdcc297a47,1,1.000,teknoloji,teknoloji,1.87,0,0,0
5467abc0-3cf8-4d2b-9716-c73080ce32c5,1,1.000,teknoloji,teknoloji,3.86,0,0,0
546fa275-4b72-4fde-8bf2-ba739bbd553c,1,1.000,teknoloji,teknoloji,3.84,0,0,0
54812e21-c52c-400b-acd0-f4512f468b94,1,1.000,bilim,bilim,2.01,0,0,0
54938997-c763-4c4e-8c9b-71109bc36c74,1,1.000,muzik,muzik,3.38,0,0,0
5489bef5-71bc-4207-9c72-7d2b77bf543b,1,1.000,cografya,cografya,2.31,0,0,0
549c53f0-3327-4a02-8940-a254f0d32d7f,1,1.000,teknoloji,teknoloji,2.25,0,0,0
54b0b1b6-b0fb-499f-bfab-0515b7f40cd1,1,1.000,muzik,muzik,2.60,0,0,0
54a32e19-5979-47b8-a9a9-be92845bb595,1,1.000,teknoloji,teknoloji,3.48,0,0,0
54a8b04f-dae9-42eb-918c-9336e383d0ea,1,0.940,cografya,cografya,2.97,0,0,0
54b2520f-f2dd-4bcb-8cde-a67a0950beb2,1,1.000,bilim,bilim,1.96,0,0,0
54be6bfb-710e-41c8-bddd-8d91d1dd1882,1,1.000,muzik,muzik,2.04,0,0,0
54ed9d7d-8c71-4ca8-84b9-750cc59e0ea2,1,1.000,edebiyat,edebiyat,2.80,0,0,0
54ef98a1-8f57-4f94-a1ee-d5d01b1855d5,1,1.000,sanat,sanat,3.10,0,0,0
54e62f33-f851-4006-a7f7-b2456aca1d1e,1,1.000,genel_kultur,genel_kultur,1.95,0,0,0
550ff367-ecb3-4d82-b9fd-0d0e9ff4f468,1,1.000,cografya,cografya,2.40,0,0,0
55143020-d344-490b-b27d-f1eb0e301126,1,1.000,sanat,sanat,3.69,0,0,0
5518bfa3-515d-4b5b-bbb7-008f86e6a411,1,1.000,edebiyat,edebiyat,2.10,0,0,0
5525b0b5-3472-4449-981d-3c9fe2ba48ea,1,1.000,tarih,tarih,2.70,0,0,0
5530ee37-7a3d-437e-b4b4-eb3028dc68e1,1,1.000,spor,spor,1.43,0,0,0
5535ea50-0de5-42eb-b56c-09596b392a72,1,1.000,cografya,teknoloji,3.59,0,0,0
555a1236-9467-4516-b771-0cf8890d7115,1,1.000,genel_kultur,genel_kultur,2.63,0,0,0
5560f2f6-6d49-491f-ba47-9bda80b64916,1,0.900,teknoloji,teknoloji,3.19,0,0,0
5561b9f3-abec-4286-8ce2-d31519daf81d,1,0.360,cografya,cografya,2.34,0,0,0
5562fb47-2a19-437b-95f0-6a10c0a70207,1,1.000,muzik,muzik,1.83,0,0,0
5565d9b4-7a8c-41ea-a52c-c4873f19c3a6,1,1.000,cografya,cografya,2.48,0,0,0
556a7b16-ed04-43d1-acce-d153fdbebb9f,1,1.000,sinema,sinema,3.75,0,0,0
5572f2a3-3de6-45ce-a088-c1d6d1036a4b,1,1.000,sinema,teknoloji,3.22,0,0,0
5571dc91-c985-4e8a-acb7-437f00541ea8,1,1.000,sanat,sanat,1.96,0,0,0
557efb5c-87f7-40a7-932f-820009032b1a,1,1.000,muzik,muzik,3.15,0,0,0
55837f2d-371b-45b6-9a75-0fa3f97c28ba,1,1.000,genel_kultur,bilim,1.80,0,0,0
55868484-ce3c-4b85-8ffb-cbc0245c1540,1,1.000,sanat,sanat,2.29,0,0,0
558d1df4-b401-4c40-9d31-2ca2305b23cf,1,0.980,tarih,tarih,3.29,0,0,0
55980629-7bae-48af-9ed9-51e793ef9b21,1,1.000,sinema,sinema,2.41,0,0,0
55986ea0-e63b-4730-855e-fecbdae9f08c,1,0.680,genel_kultur,tarih,2.85,0,0,0
559f20d5-3c2c-4392-8fe6-97ee0de3c0da,1,0.910,muzik,muzik,4.04,0,0,0
55a842d4-7d5c-4511-8c4b-0da03a6b2889,1,1.000,cografya,bilim,3.74,0,0,0
55c1844d-44b4-4e03-9b14-9aaf8894db61,1,1.000,teknoloji,teknoloji,2.45,0,0,0
55b3c41a-27fd-4885-9375-38ce26d6c0ac,1,1.000,edebiyat,edebiyat,2.77,0,0,0
55b1d9cd-7e6d-4faa-9369-e5d11b465665,1,1.000,muzik,muzik,2.01,0,0,0
55c2493f-cae6-4346-851b-2ea0c8cb4f0d,1,1.000,tarih,tarih,2.18,0,0,0
55ceeb65-7465-450d-8692-9d1d39b83e57,1,1.000,sinema,sinema,2.24,0,0,0
55d2e555-7ec6-49a4-9add-627b3bc2cf3c,1,1.000,cografya,bilim,1.58,0,0,0
55e95316-da6d-4acd-ad73-dcbdf708ef53,1,0.970,tarih,tarih,3.47,0,0,0
55fa3a3b-66a0-4a95-af7a-6a2648a6e351,1,1.000,spor,spor,1.98,0,0,0
55ff330f-24f4-4780-a5f3-41b150dee2ca,1,1.000,cografya,bilim,1.78,0,0,0
56072c42-1ac6-4245-b450-f3c14c667cd8,1,1.000,teknoloji,teknoloji,2.78,0,0,0
560b5d73-f38b-4222-8411-18fcfc812e13,1,1.000,spor,spor,2.66,0,0,0
560e514f-1ed9-4f5f-a65b-2ff1fd7ec1a6,1,1.000,muzik,muzik,3.14,0,0,0
5619d693-97ac-40d4-a0f8-98e265abea06,1,1.000,teknoloji,teknoloji,2.47,0,0,0
5621ae59-8ccc-4cc9-a90a-9c3da1099c65,1,1.000,teknoloji,teknoloji,2.92,0,0,0
56218b49-34f0-4bfa-b17e-c8261e240169,1,1.000,edebiyat,edebiyat,1.12,0,0,0
5631a086-f1aa-416f-bf23-c214afda9253,1,1.000,tarih,tarih,2.35,0,0,0
56327d07-99f6-4df5-918a-7c566e49eb7a,1,0.890,muzik,muzik,2.48,0,0,0
5635268d-d31b-45af-905f-4583fb31156c,1,0.710,spor,spor,2.54,0,0,0
5636c63e-7835-4382-b382-fe9d3ef2207f,1,1.000,cografya,bilim,2.01,0,0,0
5637c1a0-f934-4ba2-8d22-de870ff099d5,1,1.000,teknoloji,teknoloji,1.87,0,0,0
5639743e-6b22-4833-bea3-ce99f33ce522,1,1.000,genel_kultur,cografya,1.88,0,0,0
564624a7-8d2c-4367-b39a-afffa5e3f760,0,0.300,cografya,cografya,3.11,0,0,0
565190e4-36ec-4dd4-8ad7-86370ff52d5c,1,1.000,cografya,bilim,2.36,0,0,0
56577e24-c0eb-4965-8c0b-58990624d0a1,1,0.990,cografya,cografya,3.01,0,0,0
5658ce99-a5d7-4df1-82e9-0526d4c7145b,1,1.000,sanat,sanat,1.32,0,0,0
565dcc20-e377-4271-8ebb-c38f5d87ff0f,1,0.960,cografya,cografya,1.89,0,0,0
566660f2-5db3-41e8-a7c6-83d2697632c6,1,0.990,cografya,cografya,2.21,0,0,0
56671fce-8a0d-42e4-b575-13f6b32b20dc,1,1.000,sinema,sinema,2.25,0,0,0
567c62fe-323e-4979-a214-3f446eb12afa,1,1.000,cografya,cografya,2.21,1,0,0
567e6e6b-e3f6-4c16-9dd3-1c213914c84b,1,0.960,cografya,cografya,3.05,0,0,0
5682124f-d291-447a-9f45-91cab0fedca2,1,1.000,sinema,sinema,2.58,0,0,0
5680550a-1efc-4465-a3ae-355ade503b43,1,0.990,sanat,sanat,3.48,0,0,0
5693e3d6-575b-4f40-b642-75d9f6354218,1,1.000,teknoloji,teknoloji,1.78,0,0,0
568352be-32c7-416a-bf24-64ce7c3ecee4,1,0.120,cografya,cografya,3.79,0,0,0
5692e644-bcf2-4f92-9153-ebf4534432e3,1,1.000,sinema,sinema,1.84,0,0,0
569a148b-8fc0-4775-a2a6-68e1635a0ae7,1,1.000,sanat,sanat,2.48,0,0,0
569da468-7226-4ee1-87d4-9357e1fdeea6,1,1.000,cografya,bilim,2.19,0,0,0
56ab00df-2795-406b-92d6-3d08f082994b,1,1.000,teknoloji,teknoloji,2.26,0,0,0
56c263c4-d608-46f3-b7d8-ca7d2dbda838,1,1.000,tarih,tarih,2.03,0,0,0
56ba8b3c-07db-433a-9de5-529f9e4d4e87,1,1.000,cografya,cografya,2.02,0,0,0
56c7a1bd-7e10-4d6a-b360-25b59d68d8a3,1,0.950,muzik,muzik,3.92,0,0,0
56d0c81f-0271-4ec7-b1b0-b1394e4c3ff2,1,1.000,teknoloji,teknoloji,1.58,0,0,0
56d154bc-a636-4621-85b8-436d46793623,1,1.000,teknoloji,bilim,2.31,0,0,0
56d126d2-a600-4b9d-9b52-deb04d290de3,1,1.000,teknoloji,teknoloji,3.96,0,0,0
56d3c3d3-3f61-438e-8b91-9720b08cdf8c,1,1.000,spor,spor,2.27,0,0,0
56d52f6b-82cc-405e-92a6-d9f0c0349425,1,1.000,cografya,cografya,2.01,0,0,0
56d95ec5-a598-4bc5-bc00-3ce2dfee9184,1,1.000,sinema,sinema,2.29,0,0,0
56e1e98f-6a4a-49bf-8dad-902693a9e7c3,1,1.000,tarih,tarih,1.48,0,0,0
56e99af5-cfe6-4a5d-94e7-e5abcabffd1e,1,1.000,bilim,bilim,2.08,0,0,0
56e6a987-9da6-44f2-b818-776a9847cdc3,1,1.000,sinema,sinema,2.78,0,0,0
57049c97-4293-4be7-9ce1-c6802a08891a,1,1.000,cografya,genel_kultur,2.04,0,0,0
570cb22b-ac09-4726-a226-714e31e304f3,1,0.510,spor,spor,3.16,1,0,0
5719c78e-8011-4ae3-8afa-640835c878c7,1,1.000,cografya,cografya,1.86,0,0,0
5731a039-d619-4db5-a29e-49e6c5259b4e,1,1.000,edebiyat,genel_kultur,1.91,0,0,0
572b0a2b-60d4-4f67-937a-cb11f9bd7353,1,1.000,cografya,cografya,2.06,0,0,0
5734781b-b9aa-48f5-8962-5baad7fce0d9,1,1.000,cografya,bilim,1.87,0,0,0
57391e8a-7c77-43ea-b70a-2eea36d723da,1,1.000,sinema,sinema,2.53,0,0,0
57397c3f-e7ff-468d-b7f9-e876cc325883,1,1.000,cografya,cografya,2.26,0,0,0
573f9099-1179-437a-84b0-62d9d122ed9a,1,1.000,bilim,bilim,1.79,0,0,0
573b24a2-f8a6-43b7-b0ef-fef8e13c13ac,1,1.000,spor,spor,2.85,0,0,0
57412cc0-4111-4289-8716-a4ec5d97fc13,1,1.000,tarih,tarih,2.50,0,0,0
5749bb1b-fb84-49a5-b7ca-a2d678cd4963,1,0.970,spor,spor,2.29,0,0,0
5759dbcd-1a08-4569-a12f-af760d90415c,1,1.000,bilim,bilim,1.98,0,0,0
576560cf-de81-4314-a2c5-5ef6cd35bb30,1,1.000,muzik,muzik,2.08,0,0,0
576833a5-60e3-401a-9b9b-11a7e7cf91dc,1,0.930,tarih,tarih,2.40,0,0,0
5773d6ca-1036-4475-a598-d6cb19e0729d,1,1.000,muzik,muzik,2.38,0,0,0
57757108-21ff-4226-a8d4-7bd633875639,1,1.000,sanat,sanat,2.24,0,0,0
57801bb1-731c-4c62-8258-0a7c8a6adb4a,1,1.000,muzik,muzik,2.61,0,0,0
5781c254-8008-4e45-9885-55838ff634a2,1,1.000,sanat,muzik,1.76,0,0,0
578c0b7a-928c-4ca7-8c89-0a4fd29e6780,1,1.000,cografya,cografya,2.03,0,0,0
5793b562-5ec9-4760-9bcf-be7bdca66bb3,1,1.000,tarih,tarih,2.56,0,0,0
57954422-3cd6-4e8b-8e55-de6f852376ab,1,1.000,bilim,bilim,2.05,0,0,0
579c0c84-2c79-4304-9b01-b14036e5a071,1,1.000,sanat,bilim,2.97,0,0,0
57a054ba-45e3-44d4-88be-ebc9fef42633,1,1.000,teknoloji,teknoloji,3.22,0,0,0
57a2400e-0592-4b27-ae4c-e3d586e39a11,1,1.000,tarih,tarih,1.82,0,0,0
57a24725-ebb5-4eb2-b3e5-471462bd4c44,1,1.000,teknoloji,teknoloji,2.65,0,0,0
57a31a7b-0b08-4037-b83b-2c3978129d16,1,1.000,edebiyat,edebiyat,1.94,0,0,0
57be1ff1-2817-450d-b905-a554dd8552e7,1,1.000,bilim,bilim,1.67,0,0,0
57bf0a2d-0951-45d1-baed-9fadb3ece75a,1,1.000,sanat,sanat,1.92,0,0,0
57cf4e9a-ddc7-4f62-bfbb-d3eb21764aa5,1,1.000,tarih,tarih,1.43,0,0,0
57d55960-fae9-4547-85d0-c8c0df2d39a0,1,1.000,sinema,edebiyat,2.31,0,0,0
57d1515c-6b63-4627-809e-46b5366f42b3,1,0.990,spor,spor,1.39,0,0,0
57d88d75-655e-49d0-ada9-05024c3ba798,1,1.000,cografya,cografya,2.25,0,0,0
57db90a1-49cc-4796-b4a9-17b2143723e8,1,1.000,sinema,sinema,1.44,0,0,0
57dc74ef-5105-4fae-be79-3f30862740d0,1,1.000,bilim,bilim,2.00,0,0,0
57e4b1bf-6b97-462f-8bec-dc7a70c36d2f,1,0.960,spor,spor,1.94,0,0,0
57e3e0bc-b8e0-4a3e-97d3-5f60ece314c5,1,1.000,cografya,cografya,2.92,0,0,0
57e4ce76-a3c0-4ce6-acc4-50ed3e9f7350,1,1.000,cografya,cografya,2.11,0,0,0
57e8ba48-6b6b-4a25-8c79-3cbdf56a2bd1,1,1.000,bilim,bilim,1.99,0,0,0
57e813c1-7dd7-48e5-bde5-9b128f86aed6,1,1.000,sanat,sanat,1.11,0,0,0
57ec3851-0e6c-460f-a0dd-e17aa5fd92b8,1,0.970,cografya,cografya,2.43,0,0,0
57ec8b3c-5498-4a9b-8788-ad53b259af6d,1,0.860,edebiyat,edebiyat,3.21,0,0,0
57f465a1-c7ad-4bc9-aed2-fc6e6d3f4bad,1,1.000,teknoloji,teknoloji,2.50,0,0,0
57f48b58-8cee-4a7d-b799-5cbb4089b820,1,1.000,muzik,muzik,2.38,0,0,0
57f6d72f-5f77-498a-ae66-b20723d17130,1,1.000,sinema,sinema,1.57,0,0,0
57f9f779-9c14-4c97-93f0-5fdeed3fa77c,1,1.000,sanat,sanat,3.23,0,0,0
5809a4bd-5a83-405e-9633-f72250a766d4,1,1.000,sanat,sanat,2.20,0,0,0
580b217e-e8e8-436c-999c-2ab8d001e157,1,1.000,sanat,genel_kultur,2.70,0,0,0
580a9c79-fd63-46bd-8536-cc6b3bdeb88a,1,1.000,edebiyat,edebiyat,3.46,0,0,0
580cac5e-aabb-4611-b741-70c88e700dc8,1,1.000,cografya,cografya,2.61,0,0,0
580d54ad-1654-4dfd-8fc9-188818b9367a,1,1.000,spor,spor,2.11,0,0,0
5810a3bf-3c0f-49c1-99eb-47b47dadccf2,1,1.000,teknoloji,teknoloji,2.49,0,0,0
581399d3-0328-4312-97fb-9cb80442986c,1,1.000,sanat,sanat,1.91,0,0,0
5815398f-3965-4b66-bdd4-93d86cfcf999,1,1.000,spor,spor,1.84,0,0,0
580f2126-f9bd-44f0-90f6-bd75240dcc1a,1,1.000,spor,spor,2.48,0,0,0
58223ed9-3887-4b5c-8f20-67ab55a3d842,1,1.000,edebiyat,edebiyat,3.37,0,0,0
5828c0f4-84bb-49cd-8033-b0dfe88791af,1,1.000,sinema,teknoloji,2.67,0,0,0
5829e41b-c14d-4a35-af18-3a431add01f5,0,0.140,muzik,muzik,3.71,0,0,0
5830a3f4-91c7-40bd-803e-68405068e237,1,1.000,cografya,cografya,2.39,0,0,0
58336523-4d2b-4af8-bd3b-9692d449b783,1,1.000,edebiyat,edebiyat,2.11,0,0,0
583508dc-a73e-4dea-82a2-e0c94e82d417,1,1.000,edebiyat,edebiyat,2.39,0,0,0
5838e4af-92d9-4a30-9a9e-470f06df32bb,1,1.000,bilim,bilim,2.26,0,0,0
583df26e-2199-44f0-8597-53864321fa53,1,1.000,muzik,muzik,3.39,0,0,0
5853c539-cc15-4700-9fe7-98bb44cfbda4,1,1.000,sinema,sinema,4.00,0,0,0
585c453f-b287-4d51-9a74-d1d60b84ae83,1,1.000,genel_kultur,teknoloji,2.38,0,0,0
585fb9f5-24f8-4226-a455-35d1330fd312,1,0.990,edebiyat,edebiyat,3.45,0,0,0
587680ed-bb10-4b98-829f-ac06aa23a9e8,1,1.000,genel_kultur,genel_kultur,1.01,0,0,0
5875b983-369d-4605-8e5d-987072a96c2b,1,0.990,sinema,sinema,3.93,0,0,0
587bc462-223f-4ed3-82c0-66b836a05f9f,1,1.000,bilim,bilim,1.90,0,0,0
5884b443-5fe8-4d23-981d-bbe62238638d,1,1.000,genel_kultur,spor,2.24,1,0,0
5889209e-477d-415a-b894-601143508fcf,1,1.000,tarih,edebiyat,2.31,0,0,0
588b6f19-f23f-43a9-9e53-aed6d0466172,1,1.000,sanat,sanat,1.92,0,0,0
58910348-692f-4ef0-8d0d-31442785948d,1,1.000,cografya,genel_kultur,1.72,0,0,0
589526c9-4ad8-44a4-b009-98ade067057a,1,1.000,spor,spor,1.52,0,0,0
589a5e4d-c907-459e-82f5-562e1508a761,1,1.000,sinema,sinema,2.70,0,0,0
589d99b4-2a6b-401a-824d-6a7065f42410,1,0.940,genel_kultur,muzik,3.07,0,0,0
58a31dd1-30f8-4a5e-a27b-b4c73c7387f4,1,1.000,edebiyat,edebiyat,2.57,0,0,0
58a5937b-2610-42f9-8d3b-5d2fdb4930ef,1,1.000,tarih,tarih,1.99,0,0,0
58a968e3-4be7-4471-b8ab-c89484ffa9bd,1,1.000,sinema,sinema,3.81,0,0,0
588d56c7-2995-4825-896c-9aa3c8382046,1,1.000,teknoloji,teknoloji,2.48,0,0,0
58ae1962-cda2-432a-a05e-4251756c66ed,1,0.760,muzik,muzik,3.61,0,0,0
58bd94bc-e4a8-4c86-9c44-0890a23ea94f,1,1.000,genel_kultur,genel_kultur,1.29,0,0,0
58c0a9f3-6d06-4fad-b717-740d781f1ad4,1,1.000,tarih,tarih,2.96,0,0,0
58c4c4de-cd64-4c75-b718-478b413e4363,1,1.000,bilim,bilim,1.75,0,0,0
58c568bb-ed1e-4d60-b098-1f5d246d7825,1,1.000,muzik,muzik,1.89,0,0,0
58d48ae5-64b6-4927-85da-aae79c7e1d43,1,1.000,muzik,muzik,2.65,0,0,0
58dcbc2f-b5d2-4d90-8122-09bcc2fbbd7e,1,1.000,cografya,bilim,1.84,0,0,0
58dd410f-a4c5-46d1-936b-38770fca3031,1,1.000,cografya,cografya,2.19,0,0,0
58dec42b-e9c1-483a-b2ac-ab84a59139bc,1,0.950,edebiyat,edebiyat,2.00,0,0,0
58e4b3fb-0da6-4fe3-b6c1-9214b2f3dba7,1,1.000,tarih,tarih,2.26,0,0,0
58e79c62-f9a1-45b7-8215-b53dbb07c269,1,1.000,edebiyat,edebiyat,2.66,0,0,0
58efab42-8c65-49a4-9444-06449e753b09,1,1.000,sinema,sinema,1.18,0,0,0
58f0792d-8077-442e-8ab0-ec2487e68613,1,1.000,tarih,tarih,1.82,0,0,0
58f55064-81c0-4e02-b16f-e36eb1dc7975,1,0.360,spor,spor,2.30,0,0,0
5909683b-e953-46ad-931d-286871e8cfcf,1,1.000,edebiyat,edebiyat,3.80,0,0,0
58f302c1-d47e-4c15-83db-301aef4493d7,1,1.000,cografya,bilim,1.96,0,0,0
590a968d-bfa5-46fe-8266-773f1159172b,1,1.000,bilim,bilim,1.95,0,0,0
59208786-db5e-4119-9c4e-f417a7f8a954,1,1.000,tarih,tarih,1.92,0,0,0
5910a9a3-f541-4276-9bb6-a2f89f74e2fd,1,1.000,bilim,bilim,1.82,0,0,0
59117424-4bcb-468c-ade4-1d693fe33b1e,1,1.000,sinema,edebiyat,3.60,0,0,0
592190b4-ff9b-4063-8619-3e0828dba74e,1,1.000,teknoloji,teknoloji,1.59,0,0,0
5929ff53-e4bf-496c-b878-1ecd04c11e7f,1,1.000,sinema,sinema,2.21,0,0,0
592fcd16-12f8-4652-a912-cdfb19dc0909,1,1.000,sanat,sanat,3.62,0,0,0
593b056c-f875-4784-9624-0f360f2c0bf8,1,1.000,muzik,muzik,3.68,0,0,0
593dfecb-5696-4ca4-8280-1c5795ddb1af,1,1.000,cografya,cografya,2.03,0,0,0
5935cbd2-0dfc-44e0-9ed7-b1cdb979c7e4,1,1.000,tarih,tarih,2.15,0,0,0
59616def-ca7b-434d-84b7-f62d604e1d1c,1,1.000,edebiyat,edebiyat,2.63,0,0,0
5966a316-6f32-470a-a01b-896d44a54040,1,1.000,edebiyat,edebiyat,2.79,0,0,0
5969c99f-9437-4786-83e2-8b83fd872016,1,1.000,teknoloji,teknoloji,3.55,0,0,0
5943e4de-4694-45f7-90e5-10089a2ba5c0,1,0.990,edebiyat,edebiyat,2.03,0,0,0
596e7fff-3e55-4655-a777-c8e5ef264ea5,1,1.000,edebiyat,edebiyat,2.21,0,0,0
5987698f-6ef8-4b95-911d-3c70a1a66bdc,0,0.430,genel_kultur,edebiyat,3.02,0,0,0
59786f33-be4c-49f0-9697-f940f046e14a,1,1.000,muzik,muzik,2.80,0,0,0
598324ea-01cb-472f-b453-f7afc789cc29,1,1.000,tarih,tarih,3.43,0,0,0
59886a2f-cc4b-4a46-9184-d5dc17b8875a,1,1.000,spor,spor,3.50,0,0,0
598d06d8-9aa6-431f-bcd2-39ae2214806f,1,1.000,edebiyat,edebiyat,1.91,0,0,0
598dcdd5-6318-4eec-9ace-ee3602c3a5b4,1,1.000,bilim,bilim,2.50,0,0,0
5993f505-f11a-48e7-b01c-f69d8d7576a4,1,0.990,edebiyat,edebiyat,2.00,0,0,0
599ccfdc-9e35-4469-99c7-2aa8b905b250,1,0.970,teknoloji,teknoloji,2.67,0,0,0
59a1a014-947d-430b-b8a0-a3b6f344d48c,1,1.000,muzik,muzik,2.63,0,0,0
59a3ddcd-11df-402b-84b3-0a43b155c63f,1,1.000,genel_kultur,bilim,1.75,0,0,0
59aaf85c-be02-401f-8b51-4ebea5258ffe,1,1.000,sanat,muzik,2.45,0,0,0
59aba97e-e0bd-4056-bbec-0700f1e60ea9,1,0.960,edebiyat,edebiyat,1.95,0,0,0
59ae79ed-3496-4fb5-8199-8cda1744242a,1,1.000,spor,spor,1.64,0,0,0
59b8e64e-b211-45c8-9473-abf8f20c657b,1,1.000,cografya,bilim,1.62,0,0,0
59b56693-5156-478b-af2a-551a5b16c37f,1,1.000,spor,spor,2.19,0,0,0
59bce52e-35f5-471b-969a-5faeb9984c34,1,1.000,bilim,bilim,2.01,0,0,0
59bf6d47-7a58-44d8-8cf1-4c78bcc00acb,1,1.000,cografya,cografya,1.99,0,0,0
59ed7937-edcc-41d3-9271-57ca37b774d4,1,1.000,cografya,cografya,2.43,0,0,0
59f4aefa-ec58-4c84-a836-ad656e99bd15,1,1.000,teknoloji,teknoloji,4.30,0,0,0
59efc8a5-df81-445f-b788-76d4a6fe0804,1,1.000,sanat,edebiyat,3.25,0,0,0
59f9993d-a382-450e-b819-16c37f29e08a,1,0.990,sanat,sanat,3.02,0,0,0
59fa7f9d-83bb-45a5-a5d8-306345736f9f,1,1.000,spor,teknoloji,1.26,0,0,0
59fad61f-65ea-41c7-ba60-dd33f265f4d8,1,1.000,edebiyat,edebiyat,2.15,0,0,0
59fbb7f6-1202-4813-8c39-7930a5d62d1e,1,1.000,sanat,genel_kultur,2.57,0,0,0
5a003274-9d12-403d-af4d-58ba2ed00661,1,1.000,teknoloji,teknoloji,3.81,0,0,0
5a01faa8-a76c-4ab0-bc90-d559b87de731,1,1.000,genel_kultur,spor,1.80,0,0,0
5a1d8435-9475-4bf5-870d-fbecc54d8767,1,1.000,cografya,cografya,2.09,0,0,0
5a081c1c-d9a1-478f-9fab-515490db824c,1,1.000,sanat,sanat,2.57,0,0,0
5a29cfc0-e73c-4f04-9829-f6a69c217f6f,1,1.000,cografya,cografya,1.66,0,0,0
5a316a17-2798-41e3-bca5-25fffc295424,1,1.000,teknoloji,teknoloji,1.07,0,0,0
5a3f887d-bf84-4863-9414-943c3eac9f2c,1,1.000,bilim,bilim,1.82,0,0,0
5a488cfb-f31a-47dd-ac20-a54369f1f987,1,1.000,sinema,sinema,3.20,0,0,0
5a541b71-f85a-4ec7-b8f0-ea282ffe608b,1,0.980,cografya,bilim,1.63,0,0,0
5a6095ba-b387-49fd-b645-165c9adf7916,1,1.000,genel_kultur,sanat,2.22,0,0,0
5a623de6-fda5-4839-afd9-ee59ae205067,1,1.000,muzik,muzik,3.33,0,0,0
5a62efa8-8714-4195-bfca-18f5361d9829,1,1.000,cografya,cografya,2.28,0,0,0
5a6d51e9-b6fb-4034-8000-12e0b2ca6fd8,1,1.000,edebiyat,edebiyat,3.08,0,0,0
5a7c1c01-11d3-4dd1-a5c0-50bbf233d3b2,1,1.000,sinema,sinema,3.02,0,0,0
5a7cde30-0760-4eb7-af41-97297072d4fd,1,1.000,spor,spor,1.79,0,0,0
5a832993-c25b-4bce-b69c-ab4d919a2726,1,1.000,teknoloji,teknoloji,2.34,0,0,0
5a84b742-df23-45a5-a985-6eaf4817b94a,1,1.000,tarih,tarih,1.99,0,0,0
5a8b1cda-9599-4037-8d4a-cbe7f490148e,1,1.000,teknoloji,teknoloji,2.68,0,0,0
5a8ed465-aec6-48e3-8cb9-1eed181cdc62,1,1.000,teknoloji,teknoloji,3.88,0,0,0
5a905f92-d1d7-4390-8108-f351fdb6f206,1,1.000,cografya,cografya,1.91,0,0,0
5a91fcb8-aefc-4db9-b924-6cefdabedf6d,1,1.000,edebiyat,genel_kultur,2.16,0,0,0
5a921044-241e-4863-8066-a6c9dd8395c3,1,1.000,sanat,sanat,3.82,0,0,0
5a929150-88dc-4c41-945c-53f47e917f20,1,1.000,genel_kultur,bilim,2.22,0,0,0
5ab793c5-4661-4624-802f-cfcbd10db6f1,1,1.000,tarih,tarih,3.19,0,0,0
5a9855b0-b71c-490e-adc2-1e416d6d1949,1,1.000,tarih,genel_kultur,2.32,0,0,0
5ab8ce48-affc-47c3-9749-e8fb29888919,1,0.990,muzik,muzik,3.21,0,0,0
5abaef3c-1779-4385-a17b-49dd7f0f3fee,1,1.000,teknoloji,teknoloji,3.30,0,0,0
5aca99bc-0fd6-4130-bcc3-fdfc93a30bc7,1,0.580,spor,spor,2.03,0,0,0
5ac928af-727d-403f-a7f8-7b9f4c6bd8d1,1,1.000,tarih,tarih,2.65,0,0,0
5ad41016-051a-4a43-9a24-14663945d6c8,1,1.000,sanat,sanat,2.31,0,0,0
5ad026cb-b557-4a63-805f-444d8c9bf7ed,1,0.970,cografya,cografya,2.14,0,0,0
5ad8ab1a-01c7-4fa4-90fe-8d6aea7ac974,1,1.000,edebiyat,edebiyat,3.05,0,0,0
5ae605a9-febc-4d55-9ff9-9c954c954db6,1,1.000,genel_kultur,cografya,1.79,0,0,0
5ae356ab-fd54-4f8a-956d-99d937c80900,1,1.000,spor,spor,3.43,0,0,0
5ae63dc6-010e-409e-8f21-532fdc01d9e5,1,1.000,genel_kultur,genel_kultur,1.69,0,0,0
5ae9d3f5-1039-4e74-b34b-b40ddf781212,1,1.000,spor,spor,3.32,0,0,0
5aec3b07-00fd-41c0-a19d-ed841e686bce,1,1.000,sanat,sanat,2.96,0,0,0
5af4dbec-959f-40fa-b7eb-13b8371c04e4,1,0.990,edebiyat,sanat,2.91,0,0,0
5af714ba-147c-4209-9202-9900e3130057,1,1.000,sanat,sanat,2.60,0,0,0
5b009b95-6ec2-4f0c-83af-b6f086a74251,1,1.000,bilim,bilim,1.68,0,0,0
5b06fb28-299c-4034-9d29-821e83f188f3,1,1.000,muzik,muzik,3.35,0,0,0
5b124105-52f0-489e-a4e7-da1206668dc2,1,1.000,cografya,cografya,2.13,0,0,0
5b200f00-270d-4c61-bfdc-0f26cd7cd579,1,1.000,bilim,bilim,1.63,0,0,0
5b2c44bb-dd48-477c-8eed-cbd7debf7edf,1,1.000,sanat,sanat,1.74,0,0,0
5b3d895b-9037-4335-a421-2fb24aa1274a,1,1.000,teknoloji,teknoloji,2.43,0,0,0
5b25b5ee-7784-46ac-9a0b-d56b267a5f3b,1,0.990,cografya,cografya,2.04,0,0,0
5b4a6843-8764-4747-8ab3-2c397370093e,1,0.720,sanat,sanat,4.02,0,0,0
5b597914-4349-4599-b842-0ae26b19c200,1,0.910,edebiyat,edebiyat,2.46,0,0,0
5b4aca53-4f98-4aa4-a45a-2e1213ad835e,1,1.000,spor,spor,2.45,0,0,0
5b5c87f6-e301-4498-baa9-fd5d892ac363,1,0.970,sinema,sinema,2.62,0,0,0
5b5fb190-b82e-4384-9d41-b632314363ff,1,1.000,tarih,tarih,1.50,0,0,0
5b63a480-0d7a-41df-9707-f3a1ba681dfa,1,0.560,muzik,muzik,2.87,0,0,0
5b68b894-50e6-44dd-bd2b-a0cbcbdde4f3,1,1.000,sanat,sanat,2.91,0,0,0
5b68954d-806d-4742-9ebc-a6fd13eb9e01,1,1.000,teknoloji,teknoloji,3.13,0,0,0
5b6e2ec3-d1fd-4786-8149-88c7902fc5ac,1,1.000,bilim,bilim,2.15,0,0,0
5b6e46f3-37eb-451a-b340-cc51078d58fc,1,1.000,genel_kultur,genel_kultur,1.97,0,0,0
5b85da5e-40f2-40d1-8a7e-1be3355ef814,0,0.410,tarih,tarih,3.58,0,1,0
5b759bb7-d7cf-4b61-ab0f-19d8cb23e618,1,1.000,sinema,sinema,3.67,0,0,0
5b7b566d-8793-431b-ae40-ebd9735befea,0,0.100,cografya,cografya,3.84,1,0,0
5b8bfe2c-9a81-4730-99d2-a450f07f65d2,1,0.990,teknoloji,teknoloji,2.10,0,0,0
5b972809-503d-47ca-ad65-60cd4e8015fa,1,0.990,edebiyat,edebiyat,2.08,0,0,0
5ba4d1e3-c29b-434a-8408-9d2361149c3e,1,0.980,sanat,sanat,2.73,0,0,0
5ba1c47a-bed6-4a4c-9951-980025225630,1,1.000,cografya,cografya,2.70,0,0,0
5baebfe6-d4b5-4892-822f-b2a2b8bc4389,1,1.000,sanat,genel_kultur,2.36,0,0,0
5bc351cb-279f-48b6-a48a-24144ee9ce2c,1,1.000,spor,spor,3.43,0,0,0
5bc9884f-6239-4b81-94e1-43f8880cea61,1,1.000,teknoloji,teknoloji,1.83,0,0,0
5bcb11d2-ea81-4a2c-93ad-be747941c382,1,0.990,spor,spor,2.81,0,0,0
5bce49d7-dcbb-419f-a8c4-b4c9ac2e5d20,1,1.000,muzik,muzik,1.18,0,0,0
5bced05f-78af-4901-8d5c-90eca60847a1,1,1.000,edebiyat,edebiyat,2.77,0,0,0
5bd427c1-c460-4d2c-bd9a-952190374548,1,0.990,sinema,sinema,3.25,0,0,0
5bd811c5-ac21-47bc-9972-b6822bfb5ae1,1,1.000,tarih,tarih,2.27,0,0,0
5bdf0ad5-8f91-4670-8625-bd968d95af76,1,1.000,genel_kultur,genel_kultur,1.67,0,0,0
5bee06a0-2e41-4175-a6eb-0ed8e139c7f7,1,1.000,bilim,bilim,2.16,0,0,0
5bda1043-de3d-42c1-9797-5d14baed6d77,1,1.000,tarih,cografya,2.80,0,0,0
5bfc641d-bb3b-4816-9f17-912f17623f95,1,1.000,teknoloji,teknoloji,4.12,0,0,0
5c02839d-4eb1-4173-accc-415959829a17,1,1.000,tarih,tarih,1.48,0,0,0
5c0aed0e-1e27-4d86-a067-0eae8380910d,1,1.000,tarih,tarih,3.03,0,0,0
5c0cd734-b343-4dfe-864c-19ce50667360,1,1.000,cografya,cografya,2.12,0,0,0
5c02f4bc-e79e-45bc-a22d-facdda83236d,1,1.000,spor,spor,2.35,0,0,0
5c13746a-d197-4509-9f56-db5e70198852,1,1.000,genel_kultur,bilim,1.89,0,0,0
5c140dcd-3684-4c72-b64f-0f17ecd3a4c7,1,1.000,genel_kultur,genel_kultur,1.06,0,0,0
5c307666-cdb2-4f96-b92e-68b76a84914f,1,0.990,muzik,muzik,2.47,0,0,0
5c2a2571-0486-4cc9-b266-8c5c995c1ffa,1,1.000,spor,spor,1.39,0,0,0
5c388bd8-912d-40af-8c64-85ef042a1109,1,1.000,bilim,bilim,2.17,0,0,0
5c4e9db4-2e56-4f48-a522-cfff12dcc355,1,1.000,sinema,sinema,2.04,0,0,0
5c4c5d30-a3a1-43e8-87ca-30ef28634a74,1,1.000,spor,spor,2.70,0,0,0
5c69fc0e-ccec-4bd5-b45e-cb591ace3314,1,1.000,tarih,tarih,2.09,0,0,0
5c5bd55e-2c9e-4dd3-8612-8a83e1237b81,1,1.000,bilim,bilim,1.64,0,0,0
5c696b1e-7b25-4620-b81e-bebdb80fa991,1,1.000,cografya,cografya,2.76,0,0,0
5c6d8b68-750e-4496-8d4c-dbbedb152d99,1,1.000,sanat,sanat,1.59,0,0,0
5c7057a0-3902-49b3-9f9d-528c227e5f06,1,0.990,genel_kultur,cografya,2.08,0,0,0
5c809341-eb68-4421-8003-256985cdf28b,1,1.000,teknoloji,teknoloji,2.67,0,0,0
5c80aa7c-9f4e-44ff-a959-cbee692373b1,1,0.990,spor,genel_kultur,2.70,0,0,0
5c85bed2-5556-4c91-9933-0c70cb1ca33a,1,0.920,sanat,sanat,3.48,0,0,0
5c85adfb-ef3c-4c81-b979-431d31e96f60,1,1.000,tarih,genel_kultur,2.04,0,0,0
5c895c72-cdfa-4ba6-acd5-318da35c5ca0,0,0.850,muzik,muzik,3.12,0,0,0
5c915b43-21ea-465c-8e09-421e099d5169,1,1.000,teknoloji,teknoloji,2.19,0,0,0
5c8b87a6-768b-47af-9c29-a3bd0086c7a8,1,1.000,teknoloji,teknoloji,2.02,0,0,0
5c98b21b-93fb-4a2f-950d-e87d31834e9c,1,1.000,spor,spor,1.41,0,0,0
5c9b4c26-5e77-4dee-9320-24ab1440cd1d,1,1.000,tarih,tarih,2.98,0,0,0
5ca1dcab-9230-4b5a-88ec-cb9d748d87c1,1,0.850,edebiyat,edebiyat,3.06,0,0,0
5ca31cbb-5093-441c-8e02-8a0a0872db3a,1,1.000,bilim,bilim,2.15,0,0,0
5ca4ad7f-75e7-4736-bb5a-fe952d5e70ed,1,0.960,sinema,sinema,2.72,0,0,0
5ca77fd3-d496-4085-a7ed-4670bd627cc9,1,1.000,sinema,sinema,3.55,0,0,0
5cb385bd-925c-4b8d-973e-6f6360de9616,1,1.000,sanat,sanat,2.30,0,0,0
5cbc3c59-48df-4cc4-93e5-9119d1444984,1,1.000,edebiyat,edebiyat,2.58,0,0,0
5cbd5931-a8ef-4de7-b7f0-f442c0326974,1,1.000,teknoloji,teknoloji,1.98,0,0,0
5cc7a98f-4ec6-482c-a8c3-7250d341d354,1,1.000,bilim,bilim,2.07,0,0,0
5cd53f23-d18f-4df6-b91f-48e93590d42b,1,0.990,sanat,sanat,3.56,0,0,0
5cde2698-d39a-452b-8af1-9595890d41c8,1,1.000,bilim,tarih,1.42,0,0,0
5cc7d0aa-2532-45a4-8fc3-278b46b6d927,1,1.000,sanat,sanat,1.68,0,0,0
5cde6d88-3324-4b7f-b0b9-8dfb6a182287,1,1.000,genel_kultur,bilim,2.62,0,0,0
5ce3ecae-0cc7-4451-a75e-efb9033a5cca,1,1.000,cografya,cografya,2.15,0,0,0
5d03ec85-2dcf-47a4-8698-3384ca454be4,1,1.000,bilim,bilim,2.13,0,0,0
5cf5cda1-ca99-4d5a-9530-23398bd25747,1,1.000,tarih,tarih,2.81,0,0,0
5d05879f-1bfa-41fe-95cc-fcff9e11a025,1,1.000,teknoloji,teknoloji,2.52,0,0,0
5d08c596-0ed6-4d21-9518-eb8c56c823f5,1,1.000,bilim,bilim,1.90,0,0,0
5d08f549-1042-44a7-bd19-33ffdd95275c,1,0.890,cografya,cografya,2.19,0,0,0
5d08fdc1-3be0-4927-a090-b062da29ca45,1,1.000,spor,spor,1.99,0,0,0
5d103dc4-6dcb-4295-a396-e2fe1f3f45a0,1,1.000,teknoloji,teknoloji,3.19,0,0,0
5d0f0e72-448b-4371-9c97-cc500f4a30f4,1,0.940,sanat,sanat,4.00,0,0,0
5d139545-9530-495e-8fb1-d18aaffae8c7,1,1.000,cografya,cografya,1.79,0,0,0
5d1c25d0-448a-469f-a561-4e85a965bef3,1,1.000,tarih,tarih,2.13,0,0,0
5d1c99ac-aaaa-47d7-9f0f-d608a4fc832b,1,0.990,cografya,cografya,2.64,0,0,0
5d1dea3e-204a-418d-b5c1-b84f017e45e2,1,1.000,spor,spor,3.41,0,0,0
5d22281c-b33a-4c8a-af72-d8a9c9ad07c9,1,1.000,edebiyat,edebiyat,3.31,0,0,0
5d286ad4-25d0-4c3e-a7ee-67a1811af645,1,1.000,sanat,sanat,3.84,0,0,0
5d2b182c-0741-4b9b-bc86-84cc01071586,1,1.000,sanat,sanat,3.72,0,0,0
5d30f47e-a6b5-459e-b4ee-429abaf225be,1,1.000,cografya,cografya,1.82,0,0,0
5d2f6d23-e107-44fa-8051-5c54d4f2929c,1,1.000,bilim,bilim,2.24,0,0,0
5d3afb4d-c0e9-4abc-b940-6409f66d9249,1,1.000,sanat,sanat,3.04,0,0,0
5d40e983-a296-416c-aa1b-cdd0b4768303,1,1.000,sanat,sanat,2.15,0,0,0
5d44d3fa-e363-4697-ab98-fe25b9456dc3,1,1.000,sanat,sanat,3.56,0,0,0
5d45b333-a941-4e15-85d7-b56be1f5c8a7,1,1.000,cografya,cografya,1.61,0,0,0
5d599b0a-38ac-4590-85d0-c3dd7c03f3f0,1,1.000,bilim,bilim,1.42,0,0,0
5d53b9ad-e9d3-45e8-9134-d160e4a9d98d,1,1.000,teknoloji,teknoloji,3.74,0,0,0
5d45864d-1d60-487a-bc59-e20afe430bce,1,1.000,teknoloji,teknoloji,3.98,0,0,0
5d5cbe20-1252-4ede-ae1b-0002d3a2f4ee,1,1.000,sinema,sinema,3.82,0,0,0
5d5fee4c-ae1b-4917-b8ac-7a7dd0593569,1,1.000,sinema,sinema,2.10,0,0,0
5d6f0d69-8b04-4564-a842-6fa245532ecb,1,1.000,cografya,genel_kultur,2.30,0,0,0
5d83c115-6bde-4c3b-b7ac-2fb7347bce91,1,1.000,bilim,bilim,1.24,0,0,0
5d9224f9-f0e4-44bf-83fe-7a524b98d008,1,1.000,cografya,cografya,2.05,0,0,0
5d994f52-7748-4411-8fe6-101ea6876df2,1,1.000,spor,spor,2.04,0,0,0
5d9b2f96-ba0c-4219-bb20-08e21fa1db91,1,1.000,edebiyat,edebiyat,2.07,0,0,0
5da6ce1e-2230-437e-9205-3fb4e4c3bd24,1,1.000,edebiyat,edebiyat,2.66,0,0,0
5da1ee10-963f-493a-b78c-463caf89dafc,1,1.000,teknoloji,teknoloji,3.32,0,0,0
5daa11db-db8f-4810-98ab-28fa1a0cce2b,1,1.000,bilim,bilim,2.04,0,0,0
5dadc2e8-b731-4739-a9b9-ecaa34f99310,1,0.990,sinema,edebiyat,2.21,0,0,0
5db7dbdc-102c-4813-a95b-35b306779ed4,1,1.000,muzik,muzik,2.58,0,0,0
5db08e7a-c2de-4cf9-b11e-adf4cc81495b,1,1.000,sanat,sanat,3.43,0,0,0
5dbc37f6-26a8-41dc-9521-4f0354fe335b,1,1.000,bilim,bilim,2.03,0,0,0
5dc259ac-71e3-4e8b-b949-c5660fde5477,1,1.000,cografya,cografya,1.55,0,0,0
5dc05ec8-8227-4d45-9d45-07769874191e,1,1.000,cografya,cografya,2.65,0,0,0
5dceeacb-842a-461c-a626-d751cf670527,1,1.000,genel_kultur,tarih,1.86,0,0,0
5de299ae-783d-46c2-be92-4b072db8e0c9,1,1.000,genel_kultur,bilim,1.61,0,0,0
5dcc1db4-c5fa-49a8-ab97-cbccb53c1d00,1,0.990,sanat,sanat,2.16,0,0,0
5dd9ce8d-367b-402d-acb4-93af1e07906e,1,1.000,tarih,sanat,3.71,0,0,0
5de4d2ea-f651-4d92-8b1b-0045daed2eda,1,1.000,cografya,bilim,1.97,0,0,0
5df227b4-c05c-4e65-a12d-532653a84b30,1,0.840,cografya,cografya,2.07,0,0,0
5decf4c1-2688-4979-8fbd-c9bbe2a0ffa8,1,1.000,spor,spor,2.67,0,0,0
5df2592b-fb06-4379-9f9f-3c29209c2379,1,0.940,genel_kultur,genel_kultur,2.27,0,0,0
5df83968-66ac-463e-a497-45e25644d9e7,1,1.000,bilim,bilim,1.95,0,0,0
5dfa93f7-b6a1-4c50-9cd5-a9169b1ec35a,1,1.000,genel_kultur,genel_kultur,2.00,0,0,0
5dfd00d2-9767-4eaf-9b4d-8c287ba94ced,1,1.000,cografya,cografya,1.94,0,0,0
5e0091bb-e490-463b-8e83-b2e97f088d44,1,1.000,bilim,bilim,1.45,0,0,0
5e146919-9184-4d1e-8cf2-85e4e4e07424,1,1.000,genel_kultur,teknoloji,2.74,0,0,0
5e190b54-861f-4bab-82e4-9524669ba15e,1,1.000,cografya,bilim,2.85,0,0,0
5e222b3d-09c6-41c2-8cfd-9cbf3cf407c0,1,1.000,genel_kultur,cografya,2.29,0,0,0
5e28ca93-d4c6-45f4-9df8-3efebeb5f24f,1,0.990,spor,spor,1.65,0,0,0
5e3b4cba-7323-443e-aed6-913f0a872077,1,1.000,genel_kultur,bilim,1.33,0,0,0
5e38b204-d1ca-43fa-bcd9-b3b49fe93a9e,1,0.840,tarih,tarih,2.96,0,0,0
5e4683f8-24aa-4e15-9a87-2c2f5e91e172,1,1.000,sinema,sinema,2.49,0,0,0
5e4d5bb5-ddef-43e9-82f1-88f9a4e66f7d,1,1.000,bilim,bilim,1.09,0,0,0
5e561cb2-b5d8-42bb-abc5-9060a44b76c6,1,1.000,teknoloji,teknoloji,3.96,0,0,0
5e614988-4ada-4711-a54d-e44f636b487c,1,1.000,edebiyat,edebiyat,2.94,0,0,0
5e6de39a-20ce-465e-be17-7775bd805e58,1,1.000,teknoloji,teknoloji,2.96,0,0,0
5e70fee5-a67d-4693-82b9-3a4c89166822,1,1.000,sanat,sanat,2.10,0,0,0
5e7213f6-a61d-40b6-9408-ff5428aa092c,1,1.000,muzik,muzik,2.72,0,0,0
5e7d4ed1-a4b0-4d13-9766-1464bdd6410c,1,1.000,tarih,tarih,2.87,0,0,0
5e7e4178-4a53-4711-979e-8b177165a273,1,1.000,genel_kultur,genel_kultur,2.03,0,0,0
5e7fa23c-8851-4278-a1b5-30167c8555de,0,0.400,sinema,sinema,3.51,0,0,0
5e817ae9-8ba5-49eb-a19c-6c96b3950ac0,1,1.000,bilim,bilim,1.89,0,0,0
5e840249-af28-49f5-ba29-461b5ef9a41b,1,0.980,genel_kultur,muzik,2.82,0,1,0
5e97beca-f9df-45b1-a695-bc5b9a7fd836,1,1.000,cografya,cografya,1.97,0,0,0
5e87fc6d-320a-4d8a-8656-9beae793502a,1,1.000,teknoloji,teknoloji,3.91,0,0,0
5e97fba0-1191-4de9-9e98-0dc2756c3866,1,1.000,cografya,cografya,1.92,0,0,0
5e9ddb8f-d6e1-464a-9a9e-689fb3666671,1,1.000,teknoloji,teknoloji,3.98,0,0,0
5ea2c76b-d7a1-40d1-ad6a-b18d7bc8c752,1,1.000,edebiyat,edebiyat,2.03,0,0,0
5ea2cb1e-6a22-46cd-b79e-9a7b75372e84,1,1.000,muzik,muzik,1.24,0,0,0
5eae6561-24f4-47b2-bcdd-49353a8cfa7e,1,1.000,sinema,sinema,2.53,0,0,0
5eafbe5c-7c5e-4cba-8230-1bb69de55a00,1,0.950,spor,spor,2.74,0,0,0
5eb450bd-199a-4ebf-8055-4198aa1ae176,1,1.000,spor,spor,1.73,0,0,0
5ec2babb-72a0-4fe8-953e-337b35744f86,1,0.990,cografya,cografya,3.20,0,0,0
5ebc1b81-e119-48cb-9420-e84d97e0e38c,1,1.000,cografya,cografya,1.68,0,0,0
5ecc0892-c67c-4c4a-b190-1305ebe920b3,1,1.000,tarih,tarih,2.00,0,0,1
5ed95daa-f167-4d75-b1be-074843d3523a,1,1.000,teknoloji,teknoloji,2.57,0,0,0
5ee4cc78-a3e7-4be1-9597-210728e63eae,1,1.000,cografya,cografya,2.26,0,0,0
5ee7ceb9-491f-4500-acd3-47f697c73d86,1,1.000,tarih,tarih,1.84,0,0,0
5eef203c-a8a6-4ebb-9c05-8bf6fde00dde,1,1.000,teknoloji,teknoloji,2.90,0,0,1
5ef7e4e3-845e-436c-9eb2-c1f58a847f7a,1,1.000,edebiyat,edebiyat,2.49,0,0,0
5ef8a070-4797-4a8d-b5fd-ea50941b6dc4,1,1.000,tarih,cografya,2.00,0,0,0
5efc8949-b9b0-47da-94c3-ce20f748aa9e,1,1.000,sinema,sinema,1.95,0,0,0
5efff0b8-16e7-40df-804e-e71a6df092d8,1,1.000,spor,spor,2.01,0,0,0
5f022e6e-462a-4f39-af42-92ae115d41d3,1,1.000,bilim,bilim,2.40,0,0,0
5f0f285a-9251-4aa5-a647-4707cb39f1f5,1,1.000,sinema,sinema,3.83,0,0,0
5f35afdf-ed95-4d3e-beff-bf6eb99adde2,1,1.000,cografya,bilim,2.60,0,0,0
5f3c3191-5b7e-4a1b-9d0a-903768e422bb,1,1.000,teknoloji,teknoloji,3.66,0,0,0
5f3df444-6705-406a-a420-cdd0550eac59,1,1.000,bilim,bilim,1.52,0,0,0
5f4659eb-dfae-4284-b3fe-62d7c33bbff4,1,0.990,sanat,sanat,2.84,0,0,0
5f470a13-19b4-457e-ad63-49e64fc11221,1,1.000,sanat,sanat,1.88,0,0,0
5f46774e-8619-4521-a66f-c2c81606f412,1,1.000,genel_kultur,genel_kultur,2.02,0,0,0
5f53d1f9-96e1-4c17-9e35-fcb40f6d5f52,1,1.000,cografya,cografya,2.04,0,0,0
5f52eaec-9ada-485a-a51b-21d798200bbf,1,1.000,tarih,tarih,1.73,0,0,0
5f568923-aa5c-4413-8a5f-60f953f7fc5d,1,1.000,sinema,teknoloji,1.14,0,0,0
5f688b73-856c-4c49-86fd-244c94ea4b52,1,1.000,cografya,cografya,2.04,0,0,0
5f619b53-c904-4606-8594-328af177b025,1,1.000,bilim,teknoloji,2.87,0,0,0
5f6a15a8-8e65-4911-8827-3b222cb9879e,1,1.000,cografya,cografya,1.87,0,0,0
5f732f4e-874e-40dc-91b2-afaee2fe133c,1,1.000,cografya,genel_kultur,2.10,0,0,0
5f77ae49-1ddc-4f8f-ac2c-c14cda4a9acd,1,0.990,tarih,genel_kultur,3.33,0,0,0
5f8875b5-6e19-4c8d-a55b-5e598a21ffdb,1,1.000,bilim,bilim,2.02,0,0,0
5f817511-e185-4e63-a670-fec4fde5af59,1,1.000,cografya,cografya,2.73,0,0,0
5f8a14a8-19fc-46af-a9aa-0a0306822977,1,1.000,sanat,sanat,3.02,0,0,0
5f8adcbf-282a-4209-9072-ff2f48362314,1,1.000,tarih,tarih,1.63,0,0,0
5f9371c6-7a89-42dd-8713-27523f92c602,1,1.000,sanat,sanat,1.72,0,0,0
5fa32801-5837-4b3b-af93-65caf3cba6ef,1,0.440,edebiyat,edebiyat,2.59,0,0,0
5fadf28a-14d0-4a05-8189-057d5ed58c72,1,1.000,bilim,bilim,1.72,0,0,0
5faf621c-3f28-4125-ae02-b316c96c952f,1,0.820,teknoloji,teknoloji,2.50,0,0,0
5faffa8b-d232-487c-a2fe-b57dfb943bcd,1,1.000,cografya,cografya,2.15,0,0,0
5fb5b5cc-7b47-4e00-83c2-e48e5cfc904d,1,1.000,spor,spor,3.13,0,0,0
5fbb321c-e3e7-45da-942f-b1655a1f666c,1,1.000,genel_kultur,sanat,1.72,0,0,0
5fbfe0d8-2476-4aa2-a4bf-6aeaa92ebe6f,1,1.000,genel_kultur,sinema,2.29,0,0,0
5fcbaf30-957c-4c90-a9fe-8869d7352c63,1,1.000,spor,spor,2.07,0,0,0
5fc76612-0112-4192-ba2a-8415283ce80e,1,1.000,sinema,sinema,1.78,0,0,0
5fd472dd-5985-49a1-a97e-f82f612161e3,1,1.000,muzik,muzik,2.87,0,0,0
5fcd5f86-3bb0-48c6-a7cc-e8ddceaf5645,1,0.960,sanat,sanat,3.06,0,0,0
5fdd39e2-f4e0-4f41-8329-941c60700473,1,1.000,sanat,sanat,3.34,0,0,0
5fde9f14-27a6-4d81-ac8b-210876f86c4c,1,1.000,tarih,tarih,2.12,0,0,0
5fddf345-48bd-4bd8-a826-d0b661ddca0c,1,1.000,edebiyat,edebiyat,2.03,0,0,0
5fe15752-6714-4c74-90a1-6b2db6cb0e6a,1,0.530,sinema,sinema,3.35,0,0,0
5fe13b7d-de78-46fc-bb63-ea30279c421b,1,1.000,spor,spor,2.23,0,0,0
5fff6f6d-d95a-437d-a60b-4a28ba517ae5,1,0.990,spor,spor,3.82,0,0,0
6003e6c8-3064-4801-b91c-734c52229731,1,0.990,spor,spor,1.74,0,0,0
60027720-9012-433b-ae2f-4531f8fe9d5c,1,1.000,tarih,tarih,2.16,0,0,0
600916af-1511-464d-ad8e-615453bea778,1,0.980,cografya,cografya,2.24,0,0,0
6009d67e-06de-4198-acd5-13c68fb316c5,1,1.000,spor,spor,1.71,0,0,0
601239e1-eedb-41db-a1c6-20108c463d0c,1,1.000,edebiyat,edebiyat,1.63,0,0,0
601406cd-36bb-48b5-abe6-39324130ba07,1,1.000,muzik,muzik,1.85,0,0,0
60198206-8e86-4145-97bf-3e7c9ad60421,1,1.000,tarih,tarih,1.85,0,0,0
601e0277-f2de-4c9a-8ab3-2bcb474021c4,1,1.000,genel_kultur,bilim,1.99,0,0,0
6028eaa9-a8a4-449e-88c4-191c6f4d29cd,1,1.000,cografya,genel_kultur,2.12,0,0,0
60416d3a-7e97-458f-a90b-712f43e208c9,1,1.000,genel_kultur,genel_kultur,1.74,0,0,0
60491bc4-9d53-4abd-b4fa-90a70b3e4ced,1,1.000,cografya,cografya,2.21,0,0,0
604b4a17-7659-488c-bfc7-c139c8598785,1,1.000,spor,spor,3.32,0,0,0
605733bb-82fd-45bf-bb07-d9190ecdaf69,1,1.000,edebiyat,edebiyat,2.65,0,0,0
606ed666-6e46-4720-8ddf-b13aa1bf6aa5,1,0.900,edebiyat,edebiyat,3.10,0,0,0
606c1556-90e3-4670-a270-9796a36ba99c,1,1.000,edebiyat,edebiyat,2.03,0,0,0
607f3364-63ad-4ebf-8515-5a04f93378ce,1,0.900,muzik,muzik,2.46,0,0,0
6079f9ff-747e-42db-adc2-1863569ff1d4,1,1.000,bilim,bilim,2.14,0,0,0
6081ebde-7da0-4179-98fd-cf16edb6cae6,1,1.000,bilim,bilim,1.76,0,0,0
608a36ba-3f76-41dd-b8af-03eb2d54dc2a,1,1.000,teknoloji,teknoloji,2.31,0,0,0
608e9d0d-b5cf-486e-bd62-413fba0a511c,1,1.000,teknoloji,teknoloji,1.85,0,0,0
609f35c6-84cf-441d-a47d-1f37739a66f2,1,1.000,muzik,muzik,3.64,0,0,0
60a21a2a-e37a-4de1-b807-3effea64b91d,1,1.000,cografya,cografya,1.93,0,0,0
6093d9ef-c01e-4258-b58e-ac01d9a78e41,1,1.000,cografya,cografya,2.37,0,0,0
60a84f58-6212-42a9-b042-12f363daba8d,1,1.000,genel_kultur,tarih,2.18,0,0,0
60af945d-b90c-47a0-8172-8f81b8381668,1,1.000,bilim,bilim,1.54,0,0,0
60b48a45-c819-40a6-b865-2371305e2df1,1,1.000,genel_kultur,teknoloji,1.96,0,0,0
60b82611-29ab-49d6-80ff-b4b6b2e0ce94,1,1.000,cografya,cografya,2.32,0,0,0
60bc0d80-63bc-47fc-8e33-c65c7dc6ebce,1,1.000,sanat,sanat,2.12,0,0,0
60c3c9f0-5f2d-4e90-87ba-65c067fbb468,1,1.000,muzik,muzik,3.37,0,0,0
60c77ec5-afff-4644-931b-5ba396b7b99b,1,1.000,sanat,sanat,3.66,0,0,0
60c81a97-9a87-4f1e-9418-b6546e854354,1,1.000,teknoloji,teknoloji,2.94,0,0,0
60d44913-d624-4393-846b-a66df1509efc,1,1.000,edebiyat,edebiyat,2.63,0,0,0
60fc070f-7897-4a04-9eb2-3b257fa00891,1,0.960,tarih,tarih,2.63,0,0,0
6108b6d7-840c-458d-b950-40b11733904d,1,1.000,teknoloji,teknoloji,3.27,0,0,0
610a4ecf-6d82-42f0-a8d1-17c7a4c07d4d,1,1.000,genel_kultur,genel_kultur,1.70,0,0,0
61195e6b-cdc4-43a1-9e1c-bb33145a9227,1,1.000,sinema,sinema,2.50,0,0,0
6123b783-8a63-467f-92f6-04adb97b1159,1,1.000,muzik,muzik,2.86,0,0,0
6123c02a-2ad9-4db7-9d89-7ebb1db12164,1,1.000,teknoloji,teknoloji,2.48,0,0,0
6124b2dd-d680-4702-9ca1-28b166094d4e,1,0.940,cografya,cografya,3.22,0,0,0
61275a5c-5902-4902-8eab-7bec5ea35de5,1,1.000,muzik,muzik,3.09,0,0,0
612794cc-94e6-49f4-9ddd-5bd0dc5a5da4,1,1.000,tarih,tarih,1.72,0,0,0
6134622b-84b3-4b1f-99a9-d26cdae75815,1,0.910,cografya,cografya,3.08,0,0,0
613abacd-782d-4e02-a5c5-420952ab9575,1,1.000,muzik,muzik,3.07,0,0,0
61384374-02d7-4dc4-a56d-c1302618d617,1,1.000,genel_kultur,tarih,2.17,0,0,0
61559e3f-abb2-4750-ae17-7f7cfe29be30,1,1.000,bilim,bilim,1.92,0,1,0
614c92a4-c36a-479a-81d9-67547a3eff22,1,1.000,cografya,cografya,2.35,0,0,0
6157ad65-6b13-4eb7-84c4-602e40982c5a,1,1.000,tarih,tarih,3.54,0,0,0
615888d8-f0b1-4f27-a50a-2c55f781fff1,1,1.000,teknoloji,teknoloji,4.05,0,0,0
615dcb67-22d5-4496-a89f-efa2193d0e48,1,1.000,genel_kultur,bilim,1.93,0,0,0
615f58df-5d3b-4e8e-89ef-7f02a3c7983f,1,0.980,genel_kultur,spor,2.16,0,0,0
616e0b83-aea9-4727-9d62-ca432c390e2a,1,0.920,cografya,cografya,3.77,0,0,0
6177eeeb-036b-4977-8ccf-5ea85e8eb1da,1,1.000,bilim,bilim,2.00,0,0,0
61848691-af19-4a6f-a4a1-679645c363c1,1,0.960,edebiyat,edebiyat,3.11,0,0,0
618546a0-a170-422b-80a9-21bbbb7e26b8,1,1.000,sanat,sanat,2.38,0,0,0
618c991e-155c-46a5-9b24-13fcfe756a9d,1,1.000,spor,spor,2.28,0,0,0
61916db6-a861-4252-bb2a-4827a25cf53c,1,1.000,teknoloji,teknoloji,2.94,0,0,0
6194cc84-2ae6-4170-8b23-f8bbe7b3b675,1,1.000,sanat,sanat,2.17,0,0,0
619e56c7-f29f-4175-8938-3210678cc8ac,1,1.000,tarih,tarih,3.69,0,0,0
619f04b2-674d-42fa-a8f5-cc9452da89d2,1,1.000,genel_kultur,bilim,1.38,0,0,0
61a19fe7-4159-4339-9eb2-a06e2e1bcdba,1,0.950,muzik,muzik,3.26,0,0,0
61a8c7c7-0765-4104-b2d2-266df556db2b,1,0.980,muzik,muzik,2.96,0,0,0
61b004d2-0730-4d15-96ee-ae2f50ad6c4c,1,1.000,edebiyat,edebiyat,2.35,0,0,0
61c000a7-637f-449d-947c-c468ba55e4ed,1,1.000,edebiyat,edebiyat,2.33,0,0,0
61c1b3e5-6076-4c94-8fec-261c158049b5,1,1.000,sanat,sanat,2.47,0,0,0
61cd460c-9c9a-4d1d-b676-e552005059ba,1,1.000,sinema,sinema,2.09,0,0,0
61c3eafc-6bac-4ca1-99c3-09ee6b3e24c5,1,1.000,spor,spor,1.93,0,0,0
61ce6975-71d0-441e-968b-41dc39eb2a21,1,0.980,sanat,genel_kultur,2.54,0,0,0
61e437fe-7386-483b-a274-006c3244852f,1,1.000,bilim,bilim,1.26,0,0,0
61e3b765-cb84-4899-bf08-83a186d03e66,1,1.000,sanat,sanat,2.80,0,0,0
62013c75-37b6-401d-9587-78b7e54b2279,1,1.000,bilim,bilim,2.16,0,0,0
61e4b97f-4b2e-442c-a167-7e847a8cb069,1,1.000,muzik,muzik,1.99,0,0,0
620229e6-2ad4-4d01-99c5-f517d145b1b4,1,0.980,edebiyat,edebiyat,2.14,0,0,0
62102760-115f-46f4-8c9c-338ca15f7ca1,1,1.000,cografya,cografya,1.99,0,0,0
62144f6f-2ce9-4368-8d5f-f3cbad071359,1,1.000,genel_kultur,teknoloji,1.21,0,0,0
6223150d-2a47-4a2a-8b49-9cb47a3f77e6,1,1.000,edebiyat,edebiyat,2.48,0,0,0
6224b1bf-8d8a-40ad-affd-f95ec30349f6,1,0.990,cografya,cografya,2.86,0,0,0
622826b3-db61-4bd3-b81e-48e8af55712e,1,1.000,teknoloji,teknoloji,2.04,0,0,0
623bd528-0a55-4d8c-8e80-cb0eebcad0a2,1,0.970,cografya,cografya,2.47,0,0,0
623d9b54-fb48-443b-b293-bbb7b03f175c,1,0.990,sinema,sinema,3.14,0,0,0
6249f530-91d1-4e85-bcd6-8588f235afdb,1,1.000,spor,spor,2.50,0,0,0
6243e576-45f6-48ac-b152-3c622251b062,1,1.000,sinema,sinema,2.13,0,0,0
62528ac4-ac43-47c4-bffc-5ad3c24fea34,1,0.550,genel_kultur,edebiyat,2.54,0,0,0
6259e939-4e2c-41c1-8aae-c7163e72b9c0,1,1.000,genel_kultur,bilim,1.97,0,0,0
625f05c0-c0f7-4701-baaa-c5fa570c9853,1,1.000,teknoloji,teknoloji,2.95,0,0,0
6265cb34-7d85-4dc0-b21e-5d8e8fc07100,1,1.000,sanat,sanat,1.86,0,0,0
626795e7-6716-4080-a44e-e16f86365670,1,1.000,sinema,sinema,1.83,0,0,0
627c2014-2977-442e-a643-7e6509f588b2,1,1.000,genel_kultur,genel_kultur,2.95,0,0,0
62896b97-f4dd-47ff-964c-aa61b4ab4bf3,1,1.000,cografya,cografya,2.46,0,0,0
6295da69-91c3-4b0b-bbf0-46b13cd5a5e6,1,1.000,edebiyat,edebiyat,1.58,0,0,0
62ad1b80-899a-42e7-9f59-7f692df14e9c,1,1.000,spor,spor,1.04,0,0,0
629ece98-0d03-4430-b183-76b624b8f15a,1,0.320,cografya,cografya,3.48,0,0,0
62bdd4d9-f772-402e-a63d-286cd4bf550e,1,1.000,sinema,sinema,2.96,0,0,0
62c55e13-1933-4c27-bf5c-c4c2251be123,1,1.000,cografya,cografya,3.09,0,0,0
62c630bc-9365-4361-8c4e-8e8b812384a8,1,1.000,spor,spor,2.11,0,0,0
62ccac00-45ec-46c2-9822-8eb6c5bef715,1,1.000,muzik,muzik,2.43,0,0,0
62d23f1e-ee1a-4104-9611-ea746962d748,1,1.000,muzik,muzik,3.37,0,0,0
62d27038-e3f7-4922-a188-a53c4c469445,1,0.970,bilim,bilim,2.32,0,0,0
62e1fc44-4a9e-4d02-9278-9f2d66ad81be,1,1.000,cografya,cografya,2.46,0,0,0
62db34f1-b9af-4772-8cf8-82954bba3ab7,1,0.980,cografya,cografya,3.54,0,0,0
62eb2c09-6b6f-403d-a6d0-5ac23229e258,1,1.000,bilim,bilim,1.84,0,0,0
62f980c2-3d85-4417-8b81-d80aa392cc97,1,1.000,muzik,muzik,3.12,0,0,0
62fb298c-3f9c-43a7-b952-c582380adbb7,1,1.000,edebiyat,edebiyat,1.90,0,0,0
631e6a4f-506c-401b-b04b-1259f2007322,1,1.000,spor,spor,2.13,0,0,0
63273cdf-628b-4abf-ae8b-ab48a03d87df,1,1.000,tarih,tarih,2.84,0,0,0
63287feb-f8aa-4b3d-8540-a694004faed8,1,1.000,teknoloji,teknoloji,1.91,0,0,0
632994f4-7d7d-4db5-b45c-8a0631966c63,1,1.000,genel_kultur,genel_kultur,3.66,0,0,0
632f0b9b-cc8e-4bc8-9231-3cd228a55c9f,1,1.000,muzik,genel_kultur,1.84,0,0,0
632f6138-369c-411c-a396-af9d900e7243,1,1.000,sanat,sanat,2.49,0,0,0
633d317d-bad4-4e64-b28c-cf6c079f57a7,1,1.000,teknoloji,teknoloji,3.30,0,0,0
633db06f-8089-4c93-a526-372afc021a11,1,1.000,sanat,sanat,1.98,0,0,0
63452b14-f35d-49f0-8727-959f6650dd33,1,1.000,genel_kultur,genel_kultur,2.18,0,0,0
634688dc-ccc1-4746-b125-148397c4ca3f,1,1.000,bilim,bilim,1.98,0,0,0
634b13d5-ba76-491e-b813-33aaa7143832,1,0.990,teknoloji,teknoloji,1.83,0,0,0
631f62fc-a465-4dd7-ba09-b31dbe3f0760,1,0.440,cografya,cografya,3.11,0,0,0
634c41df-0682-414a-9d35-ab854563255b,1,1.000,spor,spor,2.10,0,0,0
6352991e-f61b-48fe-875e-d084768e702d,1,0.990,cografya,cografya,2.96,0,0,0
63521359-9a9f-40eb-a45d-f0275f84fbd6,1,0.990,edebiyat,edebiyat,2.23,0,0,0
63530b28-9347-452c-9645-684c3b6b78b3,1,0.950,sanat,sanat,3.20,0,0,0
635d9437-6dd0-479f-a106-5a3b73b6b22f,1,1.000,sanat,sanat,3.13,0,0,0
6360e50d-04ea-4989-87ee-b63186fde5d6,1,0.840,spor,spor,1.93,0,0,0
63674e83-91f8-4d9d-a88e-2e92bda0bb67,1,1.000,sanat,sanat,1.58,0,0,0
6375c8a6-65a1-42d8-96d1-cf04dcab3718,1,1.000,cografya,cografya,2.88,1,0,0
6365af11-c93e-4573-8e8e-2a93b9986015,1,1.000,sinema,sinema,3.38,0,0,0
6375e347-b409-4005-8856-5886cf9f3073,1,0.680,edebiyat,edebiyat,2.99,0,0,0
637f1fcd-3f4f-480b-b61d-77f4038f31d0,1,1.000,cografya,bilim,1.86,0,0,0
63805bc4-a5b2-46d5-93cd-63202f92e79c,1,0.910,muzik,muzik,3.01,0,0,0
63843f4c-11df-4a3f-bec0-015e29aa8418,1,1.000,genel_kultur,genel_kultur,2.04,0,0,0
638646e7-091a-4634-acf2-edcd328d254a,1,0.580,sanat,sanat,3.86,0,0,0
638e9497-5de2-4760-9017-8c9318efc5cf,1,1.000,sanat,sanat,1.98,0,0,0
638fcd02-0aba-4b4b-bad7-d51d53c847be,1,1.000,muzik,muzik,1.82,0,0,0
63c31548-5530-40f7-ab61-b6e91543acca,1,0.970,spor,spor,2.58,0,0,0
63c0391a-e6d2-4233-a172-8042154963b4,1,1.000,tarih,tarih,3.00,0,0,0
63c4c7e9-d428-453f-96fa-be2c9e9690d7,1,1.000,cografya,cografya,2.46,0,0,0
63c64629-4722-426a-a9ff-d6f332226b56,1,1.000,genel_kultur,genel_kultur,1.08,0,0,0
63c6eb42-b474-431c-a65a-3ef63029df0f,1,1.000,spor,spor,3.13,0,0,0
63cdfa65-dd14-4740-8aa9-7f15f4235fe7,1,1.000,spor,spor,2.46,0,0,0
63d61e0f-6fe2-4a31-80c6-ac7d4496c8df,1,1.000,edebiyat,edebiyat,2.33,0,0,0
63d85e54-49a4-47bf-9f4d-cc05e1039173,1,1.000,muzik,muzik,1.97,0,0,0
63dbc5a3-0e0d-481f-b85e-fef902faaf3b,1,1.000,teknoloji,teknoloji,2.96,0,0,0
63e166e8-34a5-48e0-9ffe-f579a2691c07,1,1.000,cografya,cografya,2.65,0,0,0
63cff760-6317-448f-84d7-dd2e154ff61a,1,0.860,bilim,bilim,2.43,0,0,0
63e221e3-3cdb-4e43-9a9c-24da445fa928,1,1.000,cografya,cografya,1.43,0,0,0
63eb19f6-d683-4053-a7d6-b3d79422c881,1,1.000,muzik,muzik,2.19,0,0,0
63f1ce11-1b06-48cd-84b5-457a94335a67,1,1.000,spor,spor,2.34,0,0,0
63f2d6b2-aa32-4d0b-bc52-87e91d06e846,1,1.000,sinema,sinema,2.10,0,0,0
63f7edba-50db-4629-a285-4caed74a02a9,1,0.930,edebiyat,edebiyat,2.16,0,0,0
63fb6180-fc76-4d34-a16b-917499413690,1,0.320,edebiyat,edebiyat,3.52,0,0,0
64053a47-e6ea-41a8-b8a7-7a32e3b192ff,1,1.000,genel_kultur,sanat,2.46,0,0,0
6407c0ff-2737-4a37-8a04-35ce0136da0b,1,1.000,teknoloji,teknoloji,4.18,0,0,0
6419a6c4-50f7-4c53-8de2-b34b5fea8cdf,1,0.970,sinema,sinema,2.16,0,0,0
640c270c-b59c-4a86-9d06-0bbd02c26aba,1,0.950,muzik,muzik,3.46,0,0,0
6424e0f4-787b-48a2-a2e4-c7a105c1c0f4,1,1.000,tarih,tarih,1.55,0,0,0
641df019-7675-4bc2-9322-55741eaa2c1a,1,1.000,tarih,bilim,3.02,0,0,0
64333163-4012-4d18-aeaf-e32f41be8bac,1,1.000,edebiyat,edebiyat,1.88,0,0,0
64466d89-a6f1-4757-8b87-34dae059582a,1,1.000,cografya,cografya,2.69,0,0,0
6457eaf5-3574-414c-98ac-1aa84a7431ed,1,1.000,muzik,muzik,3.27,0,0,0
643a1b63-023a-4aaf-a37d-eff2eaf44763,1,0.420,spor,spor,2.34,0,0,0
64610c58-8573-4878-8012-c0111c374dd0,1,1.000,tarih,tarih,2.60,0,0,0
64662164-2b9a-4a68-bab1-bcf7f9484b2c,1,1.000,muzik,muzik,2.62,0,0,0
646622e5-2ba6-4d18-a12d-519fe6dd651c,1,1.000,edebiyat,edebiyat,1.91,0,0,0
646b34c0-ae5e-4584-a3c9-73132c1164ce,1,1.000,edebiyat,edebiyat,3.15,0,0,0
64713ae1-cdc4-4a7c-83b1-5ba08bc2216a,1,1.000,sanat,sanat,2.79,0,0,0
64745759-fc99-418d-9307-385aaf9df972,1,1.000,edebiyat,edebiyat,1.53,0,0,0
64750611-08b1-4e36-85ce-7bd317691979,1,1.000,tarih,tarih,2.47,0,0,0
64793a8d-99a1-4c99-a9fe-6340d9314c24,1,1.000,muzik,muzik,3.05,0,0,0
648d4892-0929-4a5a-9d4c-021101635944,1,1.000,cografya,cografya,2.07,0,0,0
647e193a-c342-4813-bca0-ab1823918707,1,1.000,muzik,muzik,1.23,0,0,0
648db70e-635f-440f-b818-083ec61601a7,1,1.000,bilim,bilim,1.23,0,0,0
6492ee45-bb65-4133-8185-60bf27a4f4cb,1,1.000,muzik,bilim,2.05,0,0,0
64984acc-1bba-4d18-bbbf-8dc4842e2799,1,0.960,muzik,muzik,4.03,0,0,0
649cfa9b-f36d-4f92-b191-35a8b121ac29,1,1.000,sanat,sanat,1.34,0,0,0
649b0f06-a305-4637-80fd-02f461f59466,1,1.000,spor,spor,2.17,0,0,0
64b2a015-4488-4c08-b594-cd838351ee4f,1,1.000,genel_kultur,bilim,1.43,0,0,0
64bc0679-9358-415a-bf6b-b18e747d281e,1,1.000,cografya,cografya,2.25,0,0,0
64c1dafb-bdbb-4347-a5b3-14a974cb0f07,1,1.000,bilim,bilim,2.78,0,0,0
64c2c2d3-0636-4e32-a32d-586bdcd41773,1,1.000,bilim,bilim,1.75,0,0,0
64c76727-3866-40ee-8170-33b218f0cae6,1,1.000,tarih,tarih,2.05,0,0,0
64d06daf-afe1-4615-9893-84a8b55012ee,1,1.000,cografya,cografya,2.07,0,0,0
64e4adef-4830-4131-9f57-051d9e2c7ea5,1,1.000,edebiyat,edebiyat,1.95,0,0,0
64eec7d5-36f8-4003-8630-20983b559512,1,1.000,spor,spor,1.62,0,0,0
64f59a63-e760-494a-b943-045ea81cbdf1,1,1.000,tarih,tarih,2.59,0,0,0
64f1eeb6-4ca3-46ac-9b5e-fcf10f1a466b,1,1.000,bilim,bilim,2.47,0,0,0
64f831f9-c91f-4149-820d-e5f0d792d83c,1,0.990,cografya,cografya,3.49,0,0,0
64fa0d71-0d4f-4071-80b2-d354c58aa523,1,1.000,bilim,bilim,2.22,0,0,0
65034aa3-3b31-4db5-97bf-21dabf11f327,1,1.000,genel_kultur,bilim,2.00,0,0,0
651416cb-82c9-42ef-b87b-4777f184f156,1,0.710,cografya,cografya,2.81,0,0,0
6504a8c7-c41b-489f-b1ab-4992452c0eca,1,1.000,genel_kultur,bilim,2.19,0,0,0
65143b5c-1bbd-4206-b76f-8a46858ebc6b,1,1.000,cografya,cografya,1.98,0,0,0
65148ddd-7fc3-4e90-8e9f-e7f80a796ef7,1,1.000,cografya,cografya,2.41,0,0,0
6514bc7b-7b5a-458a-85df-f32fa70603fb,1,1.000,sinema,sinema,3.02,0,0,0
651bce2d-2b3f-4ccc-a1f4-d8ba489b17d8,1,1.000,sanat,sanat,2.65,0,0,0
651b1701-5a64-4cfa-a7e1-86ff5bff97bd,1,1.000,sanat,sanat,1.94,0,0,0
652599a6-c404-430c-a2c8-c20e92f7daa3,1,1.000,teknoloji,teknoloji,4.37,0,0,0
6526e06e-078c-4f1d-9c31-93ecaf231f3c,1,1.000,tarih,tarih,2.00,0,0,0
652f67b6-287e-441c-9816-bca4e9c67850,1,1.000,edebiyat,edebiyat,1.78,0,0,0
652aba18-65fa-415b-a250-45d8ac5e5e2d,1,1.000,bilim,bilim,1.79,0,0,0
65473fa9-cd63-4c2f-a249-615a186927e9,1,0.970,sanat,sanat,3.55,0,0,0
654a1dae-8d68-4eaa-b056-d7e18fbf3340,1,1.000,sanat,sanat,2.11,0,0,0
65500132-80ba-4ba7-9c6e-b68eeac0c836,1,1.000,edebiyat,edebiyat,2.39,0,0,0
6550354a-0cab-4ee9-8faa-e76b6b3397f4,1,1.000,muzik,teknoloji,3.35,0,0,0
655088b4-3964-413f-b9b0-24603008d715,1,1.000,sanat,sanat,1.61,0,0,0
65562b73-af89-4d4b-9464-82561df829d5,1,1.000,teknoloji,teknoloji,4.10,0,0,0
656446f6-4fc4-4deb-82e3-ae10b5fc1dc8,1,1.000,genel_kultur,bilim,3.05,0,0,0
657701d4-37a2-4e01-8460-4375140bf9f3,1,1.000,bilim,bilim,2.06,0,0,0
6580002f-3414-4d14-89bd-1c334a5fc77c,1,1.000,tarih,tarih,2.62,0,0,0
6581b9e6-fea2-43f0-8f85-f72ac7feaa46,1,1.000,bilim,bilim,2.07,0,0,0
659714c8-45bf-433e-9d53-4f8946a7cc59,1,1.000,tarih,tarih,1.65,0,0,1
659cfa38-7726-47e9-a6d7-21b9d7813f44,1,1.000,bilim,bilim,1.89,0,0,0
65a03d3c-7143-49f1-a177-d4c29a52b4d3,1,1.000,bilim,bilim,1.56,0,0,0
65b3851e-75fc-4727-908f-00852d69c6a5,1,0.570,sinema,sinema,2.97,0,0,0
65af8dd7-4c73-4f69-81b3-374e09d04941,1,1.000,bilim,bilim,1.94,0,0,0
65ba8d33-4ba8-4e8e-8f6d-65bb18a8cb41,1,0.990,cografya,cografya,2.74,0,0,0
65b3a8c5-bf4e-4f0d-a851-2866adb0abfd,1,1.000,cografya,cografya,2.61,0,0,1
65beb3f4-a39a-4987-88f1-b1e213d2633c,1,0.990,genel_kultur,bilim,2.03,0,0,0
65beabc2-dd26-4ee6-8695-a85808af54c9,1,1.000,sinema,sinema,2.61,0,0,0
65c0c028-0c06-4201-89bf-dc4de07feb86,1,1.000,spor,spor,1.38,0,0,0
65c677c9-2540-4e4f-8c0d-9045f7f29f72,1,1.000,tarih,tarih,2.66,0,0,0
65cc8ec2-f55a-4740-a7b5-13351dfd2b30,1,1.000,sanat,sanat,2.01,0,0,0
65d35a77-ce28-42eb-a0df-ef754dbb8a8c,1,1.000,teknoloji,teknoloji,3.69,0,0,0
65ccdb32-acbc-4a96-9185-303790d7c9d2,1,1.000,muzik,sanat,1.98,0,0,0
65db7b8c-8c2f-4b8e-bc40-a4317be606cd,1,1.000,bilim,bilim,2.23,0,0,0
65e973ca-c89d-4613-9eb1-d19f66ba1e23,1,1.000,sanat,genel_kultur,1.94,0,0,0
65eb9900-ca61-4826-9a9d-18fe7a87c14c,1,1.000,genel_kultur,genel_kultur,2.45,0,0,0
65e5cb79-9d13-4fb9-aee3-6bbcc16a6831,1,1.000,cografya,bilim,1.81,0,0,0
65f1a23f-2351-4777-b087-eb7e74fe4825,1,1.000,cografya,cografya,3.16,1,0,0
65c68d9b-f146-4992-8deb-fca2e7c07e20,1,0.980,cografya,cografya,2.70,1,0,0
65f1e790-8fea-4958-9ae9-97a2758b9e58,1,1.000,edebiyat,edebiyat,2.82,0,0,0
65f82990-93d6-48a0-a3f0-f4a518001e3f,1,0.980,muzik,muzik,2.15,0,0,0
65fce8b7-5395-4d08-a86e-c3f7ed826a27,1,1.000,cografya,bilim,1.61,0,0,0
660b40a0-448e-4280-b762-374036b4173d,1,1.000,sanat,sanat,3.05,0,0,0
660ea6c3-6367-4e5e-8a02-9d824d0c0117,1,1.000,bilim,bilim,2.42,0,0,0
661152c4-e23a-4093-8e77-3e771cfc6f1b,1,1.000,sanat,sanat,2.36,0,0,0
6612a1c0-f921-4d86-94d4-06aaecc55e39,1,0.990,genel_kultur,genel_kultur,1.18,0,0,0
6617e2de-27f0-44b0-ab30-889755eebd57,1,1.000,cografya,cografya,2.26,0,0,0
6618b6ed-4bdd-4b6f-acf0-deb188dc86b3,1,1.000,sanat,sanat,2.71,0,0,0
661d2d1e-9579-45d3-bae1-cc162e025f1c,1,0.870,spor,spor,3.29,0,0,0
6622b126-6ab5-405b-8bc2-4a1e02f42c26,1,1.000,genel_kultur,genel_kultur,1.36,0,0,0
662c12e7-1913-40bb-8078-169195566bf0,1,0.880,edebiyat,edebiyat,2.62,0,0,0
6625f8be-5cbf-4394-b006-a96af96190ab,1,1.000,teknoloji,teknoloji,2.45,0,0,0
663eb43a-58dc-4ed2-8646-3114382c4294,1,0.900,muzik,muzik,3.39,0,0,0
66407cb8-bf5f-4c20-8410-27d999761076,1,1.000,cografya,cografya,3.32,0,0,0
6648dbee-9be3-48e1-95e6-6bba9effdb30,1,0.620,cografya,cografya,2.78,0,0,0
6659a558-0f4e-41bd-823a-7d025b4d6f8c,1,1.000,sanat,sanat,2.68,0,0,0
66500752-960b-4d3d-869a-5b2592f86dd9,1,0.950,muzik,muzik,1.52,0,0,0
665f22c2-8b07-4f57-b0a3-f6677d1ecd4b,1,1.000,muzik,muzik,2.23,0,0,0
66650b14-c40f-407a-9ff3-a133398ac738,1,1.000,muzik,muzik,2.89,0,0,0
6662a710-8749-4d90-ad88-4205a4ce79f2,1,1.000,cografya,cografya,2.76,0,0,0
6669c39c-4397-491a-a23c-f56a83fe1d82,1,0.940,genel_kultur,cografya,2.76,0,0,0
6665bcb1-0ff9-4691-8189-e21fd7c228e7,1,1.000,spor,spor,1.72,0,0,0
6672eb76-0298-4678-beb2-df306d2ccabd,1,1.000,spor,spor,2.02,0,0,0
667864be-91ff-4eca-80fc-a6f1d9675525,1,1.000,teknoloji,teknoloji,2.12,0,0,0
6679d4af-f6a8-4d3e-abbb-8b5b7b0c5ab4,1,1.000,sanat,sanat,3.07,0,0,0
667d52b4-82f4-4bce-8694-4809ff58a767,1,1.000,sanat,teknoloji,2.21,0,0,0
667d3653-4b29-4aff-999d-b9d49e453fe7,1,1.000,sanat,bilim,1.97,0,0,0
667e11bd-5760-453f-95ef-00cedeb7d12f,1,0.860,cografya,cografya,2.02,0,0,0
66853e58-bc4b-4841-bbac-7e07e4199915,1,1.000,cografya,cografya,2.14,0,0,0
668840d2-69d3-4fb7-ab01-ab4067885f54,1,1.000,spor,spor,1.78,0,0,0
6695c26f-21cb-4c55-a055-1437ddf671f5,1,1.000,genel_kultur,genel_kultur,1.07,0,0,0
6686251c-5b45-40cb-9499-9d67229fa4da,1,1.000,cografya,bilim,2.38,0,0,0
669c36d6-9b9b-49a0-8de3-f11e9c551099,1,1.000,tarih,tarih,2.33,0,0,0
66a28be8-f203-4e52-a2c2-9172ca6de6c2,1,1.000,genel_kultur,genel_kultur,2.25,0,0,0
66b1b8bd-2c8d-44d5-b21a-b517e4203265,1,1.000,muzik,muzik,2.87,0,0,0
66a3e141-857f-42d3-8efa-34bfa92409f9,1,0.940,cografya,cografya,1.18,0,1,0
66b7e999-4ae2-4bf0-a415-67a7cd54cf47,1,0.940,tarih,tarih,1.90,0,0,0
66bfec7f-0d0d-47e1-968c-f24505d8e6c9,1,1.000,spor,spor,1.79,0,0,0
66c2c239-c4cf-4587-9c14-cf9e69c72e1a,1,1.000,genel_kultur,tarih,2.01,0,0,0
66cc21fb-5eb1-4577-904d-dc92a33896dd,1,1.000,spor,spor,1.93,0,0,0
66c464d1-4539-4edd-9363-47226e8ab9d6,1,1.000,sinema,sinema,3.19,0,0,0
66cc7e6d-23fa-4772-8067-b0ca0bdf9bfb,0,0.330,muzik,muzik,3.24,0,0,0
66d3c7a2-2bc6-47c4-b3d3-38698672ac01,1,1.000,sinema,sinema,2.00,0,0,0
66d46598-5f58-44ac-b1f1-2f3c5f4634ef,1,1.000,edebiyat,edebiyat,2.68,0,0,0
66d9d3de-e15e-481b-9c67-41268aa66803,1,1.000,sinema,sinema,2.41,0,0,0
66dae83c-9c77-41c8-9265-0dbca0506a38,1,1.000,spor,spor,1.40,0,0,0
66e19d35-9f45-4d8e-a79e-771a6e52a4a1,1,1.000,muzik,muzik,2.81,0,0,0
66f0faec-30dd-4904-a8fe-f212127ece61,1,1.000,muzik,muzik,3.02,0,0,0
66facd83-b3b0-4748-8655-38e32f22b404,1,1.000,teknoloji,teknoloji,4.04,0,0,0
66ff0dbc-56c0-4b65-b102-89d926643e73,1,1.000,cografya,cografya,2.64,0,0,0
67146ab1-6246-4891-98f8-95f26cb8b23f,1,1.000,sanat,sanat,3.18,0,0,0
66f8684d-8801-4762-b752-cb672938dd99,1,1.000,tarih,tarih,2.81,0,0,0
66f9edae-86f9-4ecc-ad23-a064e1bc0bd0,1,1.000,bilim,bilim,1.97,0,0,0
67190f12-0893-4be9-b3f3-e6372568162e,1,1.000,sinema,sinema,2.78,0,0,0
6723db83-a6ff-4df5-944b-4fb418e92654,1,1.000,bilim,bilim,3.05,0,0,0
67279304-d078-49c1-a576-43aeb33b9f5d,1,1.000,muzik,muzik,3.16,0,0,0
672cb950-a887-4df4-a5b8-9f66424d5bd4,1,1.000,sinema,sinema,3.06,0,0,0
672a43ec-58b6-4c59-a3e6-47f2a43a5d76,1,0.980,edebiyat,edebiyat,1.93,0,0,0
67336186-3830-4b9d-a72d-1938e33fc826,1,1.000,teknoloji,teknoloji,2.04,0,0,0
67375812-8048-442b-b83f-721f802c80b6,1,1.000,teknoloji,teknoloji,3.90,0,0,0
6759c1e5-8c42-472f-ad40-0137b93513d8,1,1.000,sanat,sanat,1.22,0,0,0
67630593-bf40-453e-a46f-dd22f6a21a8d,1,1.000,sinema,sinema,3.14,0,0,0
67633e1b-84ce-40f7-81a3-852fabf64238,1,1.000,muzik,muzik,2.11,0,0,0
6768fb48-015b-44fb-aaf1-613b804192c8,1,1.000,tarih,tarih,2.24,0,0,0
676c7795-d1e7-45a1-9157-ebb4fa9590ab,1,0.870,cografya,cografya,2.86,0,0,0
676ef212-76d1-4058-a821-46d40949575f,1,1.000,sinema,sinema,2.33,0,0,0
6770b742-acfb-4cd2-ab6d-f63b4c898ab4,1,1.000,bilim,bilim,2.13,0,0,0
6770e2d1-0ad3-41bd-9151-d45e1a41605c,1,1.000,bilim,bilim,2.08,0,0,0
6776b6a5-7cc1-473c-898f-dfe18c0fd6ae,1,1.000,bilim,bilim,2.25,0,0,0
6786576b-9cdf-45a6-a81e-f213f2cb733a,1,1.000,teknoloji,teknoloji,1.63,0,0,0
6790dc17-0c90-4af9-9ab7-0e769c16fe07,1,1.000,cografya,tarih,2.01,0,0,0
67941570-a04e-4d4f-b103-fd6e97e6605f,0,0.760,cografya,cografya,2.90,0,1,0
67a24a75-a558-4bc1-8666-6328adfe1f1f,1,1.000,tarih,tarih,2.39,0,0,0
67a85f02-7b3c-4420-b983-a1f82fa52546,1,1.000,cografya,cografya,2.03,0,1,0
67a9b42b-895c-41a7-9e40-51d6654ce428,1,1.000,genel_kultur,genel_kultur,1.22,0,0,0
67b1877d-9f08-44eb-aa4e-3eb4e2dc7c39,1,1.000,teknoloji,teknoloji,3.43,0,0,0
67bb57fa-d8e1-4cf3-97b6-65a78f4c5cad,1,1.000,muzik,muzik,3.06,0,0,0
67bef865-18eb-4c55-84ac-c7a333607ada,1,1.000,tarih,edebiyat,2.29,0,0,0
67c373ca-607f-420a-8fb0-e5b544efe752,1,1.000,bilim,bilim,1.84,0,0,0
67c6db7b-20b9-42c8-a74b-4141f75a4418,1,1.000,tarih,tarih,2.25,0,0,0
67cd5c01-0c0e-4c76-94df-218aa84058a3,1,1.000,genel_kultur,bilim,1.34,0,0,0
67dc650b-6105-45a2-9a0b-bd71e38a53e4,1,1.000,bilim,bilim,2.18,0,0,0
67d10358-5741-46f0-b5ad-f75db582cb00,1,1.000,sanat,sanat,3.40,0,0,0
67d6c197-727b-4a11-9cb8-99986973ee98,1,0.820,edebiyat,edebiyat,2.70,0,0,0
67e54dbc-ef4e-475e-94b9-a4eeb284e0ab,1,1.000,spor,spor,1.85,0,0,0
67e692fd-0bca-4e43-b24c-59db150e7fa8,1,1.000,tarih,tarih,1.72,0,0,0
67eb73f1-ed7b-489a-9759-59757ce76e03,1,1.000,teknoloji,teknoloji,2.97,0,0,0
67e75520-8a7f-42b9-a3c1-f15acbc9697b,1,1.000,muzik,muzik,3.74,0,0,0
67ed7954-fac5-4b6a-8d0f-22b9b2ff964f,1,1.000,cografya,cografya,1.10,0,0,0
67ef46b0-d247-45c8-b170-510405192413,1,1.000,edebiyat,edebiyat,2.61,0,0,0
67f058e8-aebc-4603-931c-4dab530e20b6,1,1.000,bilim,bilim,2.77,0,0,0
67f6c6be-804b-48fe-8f66-0d8ee524d09a,1,1.000,edebiyat,edebiyat,3.69,0,0,0
67f54974-5e62-47e3-9e11-2c22e5d2f1f3,1,1.000,genel_kultur,teknoloji,1.45,0,0,0
67fa4136-3ce0-40ce-9c6e-1dd94303f5c1,1,1.000,sinema,sinema,3.16,0,0,0
6808e9b1-66ef-4865-a632-6de25cda9250,1,1.000,teknoloji,teknoloji,2.82,0,0,0
6810cfb8-c387-4680-a25b-917ba85204aa,1,1.000,sanat,cografya,2.11,0,0,0
6815cd0c-d4f7-4059-95b1-693f4ef50af2,1,1.000,genel_kultur,teknoloji,1.94,0,0,0
6818bc4e-f79d-4776-91ef-eabe4299f54e,1,1.000,sinema,sinema,1.95,0,0,0
6831957a-6a90-4a1f-8df7-7a234401b811,1,1.000,teknoloji,teknoloji,3.25,0,0,0
6835d728-214b-449d-9bc1-77555af2d5bf,1,1.000,cografya,cografya,2.72,1,0,0
68319b72-ccc5-4502-a743-964d860f12b3,1,1.000,bilim,bilim,2.09,0,0,0
68564d0f-b90e-49ca-9b00-c4f24edced2d,1,1.000,sanat,sanat,1.59,0,0,0
6853aaf4-5ad3-43f5-b7fc-74a9d0b39de1,1,1.000,muzik,muzik,3.97,0,0,0
68539bd2-3ab7-4ac4-9816-987a7a1726fe,1,1.000,sinema,sinema,2.11,0,0,0
6858b24c-daa9-4c8c-b2e5-c71e67213906,1,1.000,spor,spor,1.16,0,0,0
685e9365-92d9-4ea9-a40b-ba8bb63a1881,1,1.000,bilim,bilim,1.16,0,0,0
6867708b-6662-4056-bbf1-6c2d96be7f65,1,1.000,teknoloji,teknoloji,2.67,0,0,0
686ef3ec-dbdb-4d7c-8a15-bc56363c0fcf,1,1.000,teknoloji,bilim,2.02,0,0,0
6880b1b4-ab59-40f6-9cce-d5fd962ec2aa,1,1.000,bilim,bilim,2.09,0,0,0
6892510a-7e1e-431b-bdf4-1c48e1af4a88,1,1.000,teknoloji,teknoloji,1.94,0,0,0
688465ce-5415-4e79-9b9d-c644dd6d98c0,1,1.000,bilim,bilim,2.17,0,0,0
68942ab0-8a34-49ec-9022-106b76668881,1,0.780,cografya,cografya,3.27,0,0,0
68967976-f8ae-43b0-8bd9-74d770fda547,1,1.000,sinema,sinema,3.43,0,0,0
6897ef79-99d0-41f8-beee-d13d4a9388e6,1,0.960,spor,spor,1.74,0,0,0
68a2a302-1afb-4388-a821-8017478003d4,1,1.000,bilim,bilim,1.38,0,0,0
689e3eac-ddfb-46a4-9260-d3127cf8fb7d,1,0.990,tarih,tarih,3.19,0,0,0
68b55ef0-d00b-45d9-9254-cb6794417303,1,1.000,bilim,bilim,1.29,0,0,0
68b18e87-1497-4de4-9daa-8046817da941,1,1.000,cografya,cografya,1.84,0,0,0
68af1f43-8eba-4ad2-a05d-042c389c4abb,1,0.630,teknoloji,teknoloji,3.94,0,0,0
68b80b73-6936-4cd5-bb72-b15ff9bcfafa,1,1.000,tarih,tarih,1.99,0,0,0
68c2872e-8592-44aa-9586-f010f1c2fdba,1,1.000,sinema,sinema,3.14,0,0,0
68c3fb07-1dd8-460c-8f18-1b732f4d96ff,1,1.000,bilim,bilim,2.10,0,0,0
68ca00db-c5c2-48e1-8ef1-c9d15e1ef484,1,1.000,sanat,sanat,1.46,0,0,0
68cee3dd-381a-416f-9414-6068fb2bb2dc,1,1.000,cografya,genel_kultur,2.15,0,0,0
68df2a32-3540-46c1-a055-756865785b85,1,1.000,muzik,muzik,2.14,0,0,0
68e0b00b-b1c6-445d-923f-d9726b455ebf,1,1.000,cografya,cografya,1.93,0,0,0
68d31c4e-5fc2-45b6-966a-51093bf97b80,1,1.000,spor,spor,2.24,0,0,0
68e42208-ae31-449e-bee3-dfe4fd8ae4ed,1,0.970,edebiyat,edebiyat,2.16,0,0,0
68eaba6d-8a5d-4cf2-9250-0599a37e5f6b,1,1.000,cografya,bilim,3.59,0,0,0
68f30e00-90ea-4ccc-bb66-a68300ec4319,1,1.000,sinema,sanat,3.20,0,0,0
69013ce9-0fdf-4ddc-b593-13bf8c93d9ad,1,1.000,cografya,bilim,1.77,0,0,0
690391fd-656b-4e8c-af54-b2b63d62e2b6,1,1.000,bilim,bilim,1.98,0,0,0
69059998-ae5d-4e8d-8aa1-4ce2d728260b,1,1.000,bilim,bilim,2.56,0,0,0
69087f59-a8a2-4e06-847b-12cce06871a8,1,1.000,cografya,cografya,2.19,0,0,0
690c791f-d964-4dff-bae8-9c8722f191f8,1,1.000,genel_kultur,genel_kultur,2.03,0,0,0
691c85b9-f955-44cd-8990-1f6725d7c96a,1,1.000,sinema,sinema,1.92,0,0,0
691bd2b1-9a4c-4a81-a9b1-6cd17fa19ad7,1,0.990,spor,spor,1.61,0,0,0
6922bdb6-9a6e-4acf-b6be-d8dde1a3f9cf,1,1.000,teknoloji,teknoloji,1.78,0,0,0
69233f9c-8863-4792-9da2-a6aafafd635b,1,1.000,spor,spor,3.00,0,0,0
692b0225-c8bc-4f78-be7c-7c4b993e5922,1,1.000,sinema,sinema,2.53,0,0,0
693b15b3-b1ba-4001-8b57-36462d071d2e,1,1.000,cografya,cografya,2.31,0,0,0
69391d9c-f245-4ba5-a123-56e14e8f88e6,1,0.990,tarih,tarih,2.79,0,0,0
69480f8f-924d-4aa5-9fef-afa65b5dc0a0,1,1.000,cografya,genel_kultur,1.72,0,0,0
695a381b-cb1e-4b26-8204-88ab3b75dbb8,1,1.000,bilim,bilim,1.84,0,0,0
695c7977-ba8d-468b-bc2b-c3a37b20ffca,1,1.000,sanat,edebiyat,2.89,0,0,0
6969e3c1-5327-42ac-99aa-81e117e82cc3,1,1.000,muzik,muzik,2.85,0,0,0
694ce65b-7305-4d5e-a6c1-6e58ec538a11,1,1.000,edebiyat,edebiyat,2.48,0,0,0
6970dd56-a1fb-45a2-bd34-a9006197c520,1,1.000,cografya,bilim,3.27,0,0,0
697b6d9e-6d64-48cd-b428-351fbde4a475,1,1.000,bilim,bilim,1.87,0,0,0
6980ec37-b5c0-4fb1-b85c-28e32511c8f9,1,1.000,muzik,muzik,1.29,0,0,0
69853060-a0b7-4e07-9a70-91e361397591,1,1.000,cografya,cografya,2.53,0,0,0
69881381-3ea3-4695-9696-b5f4b8e8b73c,1,1.000,spor,spor,1.48,0,0,0
698b82d8-4661-4ec0-9b8c-808b715c4c9f,1,0.950,cografya,genel_kultur,2.16,0,0,0
6995e259-b89d-4906-adbf-f1c049a73ce3,1,1.000,spor,spor,2.36,0,0,0
698caed3-a884-4618-8c6f-04602b16a2d2,1,0.640,edebiyat,edebiyat,3.32,0,0,0
699eb59e-1f7c-453a-9d83-11d11e32b798,1,1.000,cografya,cografya,2.06,0,0,0
699c7ec8-7cd6-44b0-b41b-ec6f26bea090,1,1.000,cografya,cografya,1.29,0,0,0
699fb88c-846b-408c-8077-77b7dbcc93e5,1,0.250,edebiyat,sanat,3.43,0,0,0
69a22978-16db-4f79-ab19-a7939b82a3ad,1,1.000,genel_kultur,tarih,1.73,0,0,0
69a9af3f-6fb9-4533-b2f6-53aa1c4c2e28,1,1.000,genel_kultur,genel_kultur,1.84,0,0,0
69abe54c-0f52-4950-9364-c6160c6d8544,1,1.000,spor,spor,3.01,0,0,0
69b614d9-6bee-4720-9c5d-59fe953630a4,1,1.000,tarih,tarih,1.72,0,0,0
69b80481-db9d-4dab-a931-e828d0f79c5a,1,1.000,cografya,genel_kultur,1.86,0,0,0
69d1207d-337f-4ffd-8ef0-d04e963dcdc5,1,0.940,sanat,cografya,2.09,0,0,0
69c22582-85bc-4198-80b0-63de09fcabfb,1,1.000,tarih,tarih,2.27,0,0,0
69eba6b4-c3a3-468f-8f75-a63f03744609,1,1.000,cografya,cografya,2.24,0,0,0
69ee811a-1454-43f9-97b1-37828d1f6074,1,1.000,cografya,cografya,1.91,0,0,0
69f91070-ae2c-47ef-9b7e-858fc03a2e5c,1,0.900,tarih,tarih,2.33,0,0,1
69fb3118-7113-4349-bd1f-9e0205780a33,1,1.000,genel_kultur,bilim,1.89,0,0,0
6a02e51e-f8ed-46b8-8bd3-435f04f215f3,1,0.670,cografya,bilim,2.27,0,0,0
6a0da466-cc4b-45c3-8337-adc64cc12e41,1,1.000,spor,spor,2.05,0,0,0
6a17a980-e413-4ee2-895f-4438f0ce610f,1,1.000,teknoloji,teknoloji,1.94,0,0,0
6a1b0fb0-b580-4a60-94ce-a34de81de149,1,1.000,teknoloji,teknoloji,2.00,0,0,0
6a26d3b0-4874-4b61-902a-f7b5c352cfbf,1,1.000,teknoloji,teknoloji,2.86,0,0,0
6a2967e0-6458-4649-9deb-29aba616df34,1,1.000,teknoloji,teknoloji,3.22,0,0,0
6a33315c-b036-4962-a98d-07c1e94aea82,1,1.000,edebiyat,edebiyat,2.73,0,0,0
6a27038c-4598-4db4-b92d-96be88a3b423,1,1.000,teknoloji,teknoloji,2.44,0,0,0
6a36a7aa-398f-4172-b275-8332a48275ce,1,1.000,tarih,tarih,2.91,0,0,0
6a399d47-b0f8-4235-9b75-65a933f3ad31,1,0.990,genel_kultur,genel_kultur,1.91,0,0,0
6a3af0a0-0399-4b6e-b55a-321e70dec65f,1,1.000,muzik,muzik,2.44,0,0,0
6a4262c2-ccf1-4ec2-ab32-90acc12a1e27,1,1.000,sanat,sanat,2.59,0,0,0
6a4ec68e-d135-49cd-825e-e3d9c66b907d,1,0.980,cografya,cografya,2.65,0,0,0
6a4f30ba-1ff0-433c-9f6d-d9cccd51e181,1,1.000,edebiyat,edebiyat,1.98,0,0,0
6a50bcfb-55c2-4680-8655-e17bb400239f,1,0.980,tarih,bilim,3.30,0,0,0
6a5127e1-3519-4431-8885-34d093283ab5,1,1.000,cografya,cografya,2.21,0,0,0
6a557079-950f-4d96-ab3d-79591ec1ed31,1,0.720,muzik,muzik,3.98,0,0,0
6a585d32-30ef-4553-87e0-08e05dedf207,1,1.000,cografya,cografya,1.86,0,0,0
6a5a2ffe-d6d5-4688-be00-512a9dd3bb4e,1,1.000,teknoloji,teknoloji,3.49,0,0,0
6a741ef0-833f-44ae-bd7a-6ec112ad0537,1,1.000,cografya,cografya,3.04,0,0,0
6a5f0245-877d-4188-a047-f28346cbeb17,1,1.000,genel_kultur,genel_kultur,1.85,0,0,0
6a7cca3c-e66d-4f39-b1aa-e2b25b086d9a,1,1.000,muzik,muzik,2.21,0,0,0
6a7fc84d-16f7-4ac4-b681-f899a9c4588f,1,1.000,tarih,tarih,2.98,0,0,0
6a8975e0-b4c8-4133-b352-d254fa8e0580,1,1.000,sanat,bilim,2.17,0,0,0
6a8bae98-9159-4f52-943a-862968cf4694,1,1.000,bilim,bilim,1.37,0,0,0
6a93ca8c-91af-459c-bad4-70cbd58fe391,1,0.990,tarih,tarih,2.47,0,0,0
6a8f53b6-82c8-413f-908a-b4c68979c0a6,1,1.000,edebiyat,edebiyat,2.23,0,0,0
6a9aa6ca-77a6-454e-97b6-73131fb7bed6,1,1.000,bilim,bilim,1.97,0,0,0
6a9a2746-3d59-44c7-8107-176c5d7dd33c,1,0.990,edebiyat,edebiyat,2.56,0,0,0
6a9df10a-cb53-4998-bab4-a11ccb49cede,1,1.000,edebiyat,edebiyat,1.80,0,0,0
6aa94694-ac5c-4bdc-85f8-5b8d79fa5915,1,1.000,tarih,tarih,3.28,0,0,0
6ab37068-9fa1-4532-b1d8-8be246918b87,1,1.000,cografya,cografya,2.54,0,0,0
6ab1516e-1e8b-413b-8338-c32072d6069c,1,1.000,teknoloji,teknoloji,2.23,0,0,0
6ab961dd-94f6-4166-866f-2ab87b529fd5,1,1.000,sinema,sinema,2.00,0,0,0
6abbc126-bcd6-4eef-8146-a295a3f652af,1,1.000,genel_kultur,cografya,2.04,0,0,0
6ac8740c-c8f1-4ce3-825e-36f3b944ee6c,1,1.000,teknoloji,teknoloji,3.35,0,0,0
6aca64f5-c643-4ec1-a56d-66130d41e810,0,0.170,edebiyat,edebiyat,3.80,0,0,0
6ad41d6a-6d32-477f-89af-f8c42d2349bc,1,0.710,sanat,sanat,2.86,0,0,0
6ae0d8af-5f7c-45c8-a6fc-a174ee4a998c,1,1.000,bilim,bilim,2.01,0,0,0
6ae26627-8274-405d-8bd1-0836e4a3f470,1,1.000,bilim,bilim,3.12,0,0,0
6ae48c5f-2080-4306-ae0f-b4e273bb082c,1,1.000,bilim,bilim,1.94,0,0,0
6aed8efa-9509-40f8-b4d6-7218953ea650,1,0.990,cografya,cografya,3.34,0,0,0
6aeb1bbf-d0ef-4aa3-96e1-4df218109651,1,1.000,cografya,cografya,3.06,0,0,0
6af64f11-aaa8-4805-9770-a1da43ac4e29,1,1.000,bilim,bilim,1.92,0,0,0
6af8e6ac-a0eb-449a-97ae-f3b60fb0b0d7,1,1.000,genel_kultur,cografya,1.98,0,0,0
6afa2d87-8b41-4787-9d00-169850c23779,1,1.000,muzik,genel_kultur,1.91,0,0,0
6afae723-c5a5-45b3-a1d5-559f239f45a2,1,1.000,genel_kultur,genel_kultur,1.44,0,0,0
6afd245b-56d0-4ad8-abd5-4a56e4f5d10a,1,1.000,muzik,muzik,2.89,0,0,0
6b03d632-62f9-4544-9c95-8207ebb58af6,1,1.000,sinema,sinema,3.62,0,0,0
6b08af80-1abc-492d-944b-d1b1bec48249,1,0.920,teknoloji,teknoloji,2.61,0,1,0
6b1114c3-7602-4f05-8153-13d63be6cde3,1,0.800,cografya,cografya,3.09,0,0,0
6b1391f6-3632-4a03-b673-e6f393eeaa50,1,1.000,teknoloji,bilim,1.75,0,0,0
6b15faff-1d91-4cc7-ac3f-a76bd831b755,1,1.000,cografya,cografya,2.06,0,0,0
6b1e0467-0520-4e38-8cb0-daa20960b4be,1,1.000,tarih,tarih,3.57,0,0,0
6b20e25b-c9b4-496f-8cd3-df53878c1201,1,1.000,sinema,sinema,1.87,0,0,0
6b26be9a-0df1-4048-a2a6-c35f6e68c47e,1,1.000,bilim,bilim,2.14,0,0,0
6b26d80b-38ab-46b0-b2f3-a5e924450e82,1,0.980,cografya,cografya,2.49,1,0,0
6b29afe3-53bf-4a65-a78e-dc2a915a7518,0,0.210,edebiyat,edebiyat,3.57,0,0,0
6b270233-368b-4de7-8a6a-e4c4409232cf,1,1.000,cografya,bilim,2.38,0,0,0
6b29c055-1d9b-45ff-897c-e7d79658c079,1,0.960,muzik,muzik,2.96,0,0,0
6b2a4d16-aea0-4a36-93a8-102253bf3f50,1,1.000,cografya,bilim,2.83,0,0,0
6b369ea3-4cf2-435e-8f4c-0a657f220f58,1,1.000,muzik,muzik,2.90,0,0,0
6b3953e0-1832-4c3e-932f-0b599bb4c19b,1,1.000,tarih,tarih,2.12,0,0,0
6b3b378a-b1c5-440d-aa22-d1cb7be44f79,1,1.000,genel_kultur,teknoloji,2.28,0,0,0
6b3d0d2d-5d1f-4c7e-9b91-f31870e4c657,1,1.000,muzik,teknoloji,3.09,0,0,0
6b414754-316b-4769-8cb7-298fdc21e730,1,1.000,sanat,sanat,3.43,0,0,0
6b42298a-bf36-492e-9772-c796d57bf12e,0,0.290,cografya,cografya,3.41,0,0,0
6b4aaa8d-47e2-41a6-ac61-b7a7eb84305e,1,1.000,genel_kultur,genel_kultur,2.74,0,0,0
6b536bac-b907-4f50-b364-3caf11d480c6,1,0.980,sinema,sinema,2.99,0,1,0
6b539c1c-6694-48d5-9b3e-a5c1c9a50c4c,1,1.000,edebiyat,edebiyat,3.15,0,0,0
6b5d3111-d042-47d3-bf20-79a5e05d8d89,1,1.000,cografya,teknoloji,2.70,0,0,0
6b61e94c-7f73-47c8-a71a-cdad99bd084e,1,1.000,tarih,cografya,2.49,0,0,0
6b67194b-2aa1-4167-80c8-238b22f7bba9,1,0.980,genel_kultur,genel_kultur,1.49,0,0,0
6b6dcd3a-b7d7-48bf-9fa6-28fa546b52c5,1,1.000,teknoloji,teknoloji,2.54,0,0,0
6b667770-5be8-45a4-bdb0-d5bdf516ee89,1,1.000,bilim,bilim,1.79,0,0,0
6b7288eb-22de-432c-860b-3d74fe508534,1,1.000,teknoloji,teknoloji,3.87,0,0,0
6b73f88c-4cc3-438f-a126-ee7eda5f5031,1,1.000,genel_kultur,genel_kultur,1.20,0,0,0
6b782834-3dea-452f-b355-15621e31da20,1,1.000,cografya,cografya,1.96,0,0,0
6b7f4e01-8028-4989-a7c9-5ab4df2078bb,1,1.000,sanat,teknoloji,2.38,0,0,0
6b748573-8748-411b-914e-a67cdf5e0890,1,1.000,cografya,cografya,1.77,0,0,0
6b7f8c98-d654-451e-83a6-1649ae52fb91,1,1.000,cografya,bilim,2.15,0,0,0
6b850dda-5c14-489f-aaad-5818bc7a8f42,1,1.000,tarih,tarih,2.12,0,0,1
6b8a250f-7832-443b-87b0-7fe821fcba63,1,1.000,muzik,muzik,2.31,0,0,0
6b8b8319-f98c-48e1-abc5-c8a99451c776,1,1.000,bilim,bilim,2.07,0,0,0
6b8cfd1a-7b8c-470f-b23d-9221e25093a4,1,1.000,cografya,cografya,1.83,0,0,0
6b92be98-afca-49ae-9d5a-30cd9532efeb,1,1.000,cografya,cografya,3.10,0,0,0
6b94569a-e36c-4d33-898b-6d4b047222e0,1,1.000,teknoloji,teknoloji,1.97,0,0,0
6b96e993-f1fe-45b5-a74e-0402533eb07e,0,0.210,edebiyat,edebiyat,2.75,0,0,0
6b9d39b9-6d91-4e0c-865a-03600bfae92f,1,1.000,genel_kultur,teknoloji,1.98,0,0,0
6b9e8124-d509-48b7-bc1c-d1b7454a51ab,1,1.000,bilim,bilim,1.31,0,0,0
6ba6f991-8947-4107-89ae-bee35f55aef8,1,1.000,genel_kultur,genel_kultur,1.26,0,0,0
6baa2992-dd43-4acf-ac1c-2c1ae20253b7,1,1.000,spor,spor,1.88,0,0,0
6bb415d3-74a7-4395-bbea-a9e43a5555a8,1,1.000,spor,spor,1.86,0,0,0
6bb0d0af-2334-4874-bfa5-513add6a8579,1,1.000,teknoloji,teknoloji,2.03,0,0,0
6bb65be9-7a5e-46db-b308-4a501ff89d50,1,1.000,bilim,bilim,2.19,0,0,0
6bb78815-8d80-4566-9138-c706e9704038,1,1.000,genel_kultur,bilim,1.72,0,0,0
6bb8a624-0384-4314-ab7b-d7f89aef39c7,1,0.980,genel_kultur,genel_kultur,1.93,0,0,0
6bbae1d0-c3a2-42a5-8ccc-e4dbd788f9c8,1,1.000,tarih,tarih,2.12,0,0,0
6bc281fe-aec2-458a-b2d8-a4f16ee370d0,1,1.000,sanat,edebiyat,2.86,0,0,0
6bbbe52b-5a9d-4440-8abf-f49717a8caa5,1,1.000,teknoloji,teknoloji,1.77,0,0,0
6bc423c6-dbef-4603-978a-db4388b1a783,1,1.000,teknoloji,teknoloji,2.67,0,0,0
6bce468a-f2f5-476c-be63-a6713b6dad22,1,1.000,genel_kultur,cografya,2.67,0,0,0
6bcc89d5-5d5c-47fe-9e26-c361373dc40c,1,1.000,spor,spor,1.96,0,0,0
6bfa0b00-fc61-458a-aac6-b7ef8a285a04,1,1.000,bilim,bilim,2.01,0,0,0
6bfde0c7-a295-45b6-b9c6-aa30d7dd19f6,1,1.000,tarih,tarih,1.20,0,0,0
6be9288b-713b-4d94-9fea-d595dbf6ef53,1,1.000,sanat,sanat,2.26,0,0,0
6c02665a-1b0f-4005-85c7-506e1d600dc6,1,0.990,muzik,teknoloji,3.70,0,0,0
6c0b4100-258f-4974-a600-d63defb92a4e,1,0.990,spor,spor,1.56,0,0,0
6c0b4e20-38a1-491e-9c56-e83e7295e341,1,0.560,cografya,cografya,2.94,0,1,0
6c14dcae-ba31-41d5-94da-8a52948b1346,1,1.000,sanat,sanat,2.28,0,0,0
6c155044-dbdc-4f59-82f8-2eb8effe9d77,1,1.000,edebiyat,edebiyat,3.29,0,0,0
6c20bf71-6a6a-44d6-bc99-4120c4d796d2,1,0.960,edebiyat,edebiyat,1.87,0,0,0
6c270c8f-42df-4515-ae41-55603920bd3e,1,1.000,cografya,cografya,2.12,0,0,0
6c2301ad-56bc-4b4f-8918-abbac8fbd3b4,1,1.000,bilim,bilim,1.50,0,0,0
6c2c2650-471b-4e68-9ab0-ae832a809991,1,1.000,sanat,sanat,2.45,0,0,0
6c3b6eae-67bb-4aae-823a-a6b442f2fa9d,1,1.000,tarih,tarih,1.63,0,0,0
6c3c5202-dc59-4240-bbae-19ac03e2dde3,1,1.000,tarih,genel_kultur,2.55,0,0,0
6c4475f5-f5ef-4701-8bb5-2117649e8639,1,0.960,cografya,cografya,3.43,0,0,0
6c55cbee-1f85-4015-a18e-0d8b3dc678b8,1,1.000,cografya,cografya,2.01,0,0,0
6c4633dd-8f4d-4f90-a803-8c256f2b4d08,1,1.000,spor,spor,2.16,0,0,0
6c584b10-8136-427a-b84f-ab174fba3f44,1,1.000,genel_kultur,bilim,1.07,0,0,0
6c586999-7ace-4418-ab0e-f8bcc8b87f8e,1,1.000,edebiyat,edebiyat,1.96,0,0,0
6c668785-02ef-4d98-9f29-21f9f4e940fb,1,1.000,spor,spor,1.50,0,0,0
6c72f4ec-7106-4c2d-90a4-af4fb937b828,1,1.000,bilim,bilim,1.02,0,0,0
6c791866-62a9-4133-a3f0-1b7ebc4e5003,1,1.000,sinema,sinema,3.38,0,0,0
6c67a818-dc59-43b0-a122-e30beeeb8ce5,1,1.000,edebiyat,edebiyat,3.60,0,0,0
6c7c31c5-93ad-4cbc-bdf5-980cb9090122,1,1.000,cografya,genel_kultur,1.83,0,0,0
6c8a6c72-e5cd-4e70-95f5-66a5a7c76e0e,1,1.000,cografya,cografya,1.27,0,0,0
6c85449a-c47b-45d9-9db0-81627f67e0d5,1,1.000,bilim,bilim,1.42,0,0,0
6c8cabde-7c4a-4f98-9526-e1fb25abdbdd,1,1.000,spor,spor,1.25,1,0,0
6c8a1d26-a0af-4d96-9cde-caaa40a67b48,1,1.000,teknoloji,teknoloji,3.54,0,0,0
6c9b57a7-4058-4549-9d59-842b0d83ac08,1,1.000,sanat,sanat,2.50,0,0,0
6c9f1ce3-4ff0-4846-9bb5-37a7c6668223,1,1.000,genel_kultur,bilim,2.05,0,0,0
6ca24b8f-9d0e-4c9e-b0f2-8212b8b9f27a,1,1.000,genel_kultur,muzik,2.19,0,0,0
6cb430fb-1866-4db8-be33-d65aa3acdf00,0,0.310,muzik,muzik,2.53,0,0,0
6ca4e27f-364f-4ec6-9c44-04335499329c,1,1.000,sinema,sinema,1.56,0,0,0
6cbc3cf6-e0dc-4a29-81df-385d83ca93ba,1,0.980,spor,spor,2.52,0,0,0
6cbf9fc8-457c-4b1e-874f-5bf3c20b7af4,1,1.000,tarih,tarih,2.21,0,0,0
6cd36b55-c089-4467-80d6-9942ed2afc00,1,1.000,genel_kultur,genel_kultur,1.31,0,0,0
6cc3e87b-83e9-4b95-8035-1eb8146e2152,1,1.000,edebiyat,edebiyat,3.41,0,0,0
6cc3b981-feb9-407c-8374-7171a2c35d07,1,1.000,teknoloji,teknoloji,3.69,0,0,0
6cd6f0c3-ff60-4ad8-a11b-d2464fe1ecde,1,1.000,cografya,cografya,2.52,0,0,0
6cd9a16b-42a6-49f6-8b55-3aa53cb90f5b,1,1.000,muzik,muzik,1.98,0,0,0
6ce16798-6574-457d-99c3-d4058a217511,1,1.000,genel_kultur,tarih,2.60,0,0,0
6cdf8b6a-7639-47e7-b6ff-582924d9110a,1,1.000,spor,spor,3.35,0,0,0
6ce6a566-57dc-460d-9b0c-052f7b06bc1d,1,1.000,spor,spor,2.56,0,0,0
6ceb422d-2a99-436c-ad7a-6fcd5d3614c2,1,1.000,edebiyat,edebiyat,2.87,0,0,0
6ced521b-3b9b-4586-ac51-03fc65ae55be,1,0.990,sinema,sinema,1.68,0,0,0
6ceea129-320e-4da7-9fd4-4003d310435c,1,0.980,sinema,sinema,2.89,0,0,0
6cef11a6-7075-4e98-94df-a780738d01ca,1,1.000,teknoloji,teknoloji,3.85,0,0,0
6cf3f828-aa0f-45c7-95de-d3c5a98270a8,1,0.800,spor,spor,1.34,0,0,0
6cf2b0fa-0a81-4de0-bb2d-a736819ce2d4,1,1.000,teknoloji,teknoloji,1.43,0,0,0
6cf7c42b-5f99-4528-bd29-3ab222ce1ca6,1,0.970,sinema,sinema,3.76,0,0,0
6cff6589-7f0a-4a2e-99e8-8407617e4691,1,1.000,spor,spor,1.60,0,0,0
6d0f52b9-c119-4a66-8f9f-73b70cbfa14f,1,1.000,teknoloji,teknoloji,1.87,0,0,0
6d1ea559-0b02-4cfb-a253-18a80868e54a,1,0.980,sinema,sinema,2.49,0,0,0
6d22f552-d0c0-40bb-8fdf-6ab444be86a9,1,1.000,cografya,cografya,2.85,1,0,0
6d234e27-5154-4be4-b322-72e1ad8845f8,1,0.880,cografya,edebiyat,2.73,0,0,0
6d39dfb1-f5e1-41c6-8e24-0686c7a52fc3,1,1.000,muzik,muzik,2.06,0,0,0
6d41c5c8-4842-4ae6-b277-8fd0e6446f12,1,1.000,genel_kultur,edebiyat,3.09,0,0,0
6d444021-e4d7-42e3-83a8-fbe52230ae92,1,1.000,sinema,sinema,1.81,0,0,0
6d3b580e-3b40-46b2-a24d-2e1afc59fb48,1,1.000,sinema,sinema,3.48,0,0,0
6d514943-b7fa-4b5c-a46c-059165cfce8a,1,1.000,sanat,sanat,1.04,0,0,0
6d6d055c-e3e1-48aa-a1bf-a2c74125efed,1,0.690,sanat,muzik,2.51,0,0,0
6d6bcdd7-d585-47f0-af67-76920de04cdf,1,1.000,edebiyat,edebiyat,1.80,0,0,0
6d5d8ac1-7aab-4e10-b404-03114bf0b01b,1,1.000,cografya,cografya,2.85,0,0,0
6d62a113-92a1-43d0-adcd-d0dbd26a4453,1,0.990,muzik,muzik,1.85,0,0,0
6d724b7d-52c3-46f8-94d7-68c42d590bdc,1,0.780,edebiyat,edebiyat,2.77,0,0,0
6d7407bf-3749-4b43-9cf2-e514b83e7ced,1,1.000,cografya,cografya,2.95,0,0,0
6d7e357e-2234-4fcf-98f5-294e42f98513,1,1.000,bilim,bilim,2.27,0,0,0
6d87a36c-d292-4754-b443-fa764fae43f9,1,1.000,sinema,sinema,2.08,0,0,0
6d809b0a-2731-4b62-8370-ed1bc39e3ac6,1,1.000,sinema,sinema,2.09,0,0,0
6d9207eb-dea4-44c6-860c-aa1e2e0e186f,1,1.000,muzik,muzik,3.38,0,0,0
6da0acf5-63b0-4e05-89bd-80f5efcc5b3a,1,1.000,cografya,cografya,1.79,0,0,0
6daeacec-d341-44a5-b548-c192be4b1b51,1,1.000,spor,spor,3.34,0,0,0
6daa04d0-92e4-4335-acfa-a47f826075b5,1,1.000,muzik,muzik,2.29,0,0,0
6dbc0e1c-94fb-4b00-b442-192b11d7dece,1,1.000,teknoloji,teknoloji,3.10,0,0,0
6dcd7121-5786-435a-8234-78573b43db12,1,1.000,tarih,tarih,3.83,0,0,0
6dbfac38-82d6-47c2-910a-346c889c89c1,1,1.000,bilim,bilim,1.74,0,0,0
6dcfd25f-accd-4d49-b441-5aa17602650b,1,1.000,teknoloji,teknoloji,2.22,0,0,0
6dd487b9-ae98-4580-a5d3-87630325e2b3,1,1.000,bilim,bilim,1.92,0,0,0
6dce18b8-4165-4efd-a13c-2312e9455295,1,1.000,sinema,sinema,3.89,0,0,0
6dd83371-4cae-427d-84ec-8db78cea2727,1,1.000,bilim,bilim,1.91,0,0,0
6deb3385-5baa-491a-883d-6991c1d2fedc,1,1.000,cografya,cografya,1.64,0,0,0
6df3ee81-ba05-4ee9-9d1a-f46325057744,1,1.000,sanat,sanat,3.46,0,0,0
6e03a639-e547-4de2-9755-8072ca7a5248,1,1.000,tarih,tarih,3.09,0,0,0
6e06ea79-f664-4458-9316-c6305f2efb02,1,1.000,genel_kultur,bilim,1.35,0,0,0
6e0aaeb2-32d3-407a-860f-1e0aae0e273e,1,1.000,cografya,cografya,1.96,0,0,0
6e0ff778-5b74-4256-ae88-36b9b696b9eb,1,1.000,muzik,muzik,3.10,0,0,0
6dddc386-e6a4-47a7-a86c-62b70b856250,1,0.970,cografya,cografya,2.38,0,0,0
6deffe08-cae8-4b12-8eb5-c50bd4eb2c1d,1,1.000,cografya,bilim,3.43,0,0,0
6e102bd2-189d-4864-985b-ed73532421fd,1,1.000,edebiyat,edebiyat,2.02,0,0,1
6e183e4c-df34-4b4c-b7f8-5b4f3f075f8a,1,0.990,genel_kultur,muzik,1.82,0,0,0
6e2066d0-fa2c-46eb-977e-b7433523dca9,1,1.000,genel_kultur,bilim,1.88,0,0,0
6e1a6ca8-29f8-4df6-b6f4-d6df5b6fca1a,1,0.990,sanat,sanat,3.37,0,0,0
6e2c3121-4aa5-4e13-84c1-5c4c72e062f9,1,1.000,sanat,sanat,3.56,0,0,0
6e2daca0-31b8-4807-8ea5-2dc0795d71dd,1,1.000,edebiyat,edebiyat,2.69,0,0,0
6e2f8d01-349a-4dda-a75f-4777658d2721,1,1.000,sinema,sinema,2.80,0,0,0
6e36cac6-7714-493a-8637-c8b4c7eaaebc,1,1.000,teknoloji,teknoloji,1.62,0,0,0
6e3bd0ea-9d9f-4ff9-b0a6-7bff95d89935,1,1.000,sinema,sinema,1.72,0,0,0
6e3e78f4-6b96-48c2-a0e1-eb51baeee479,1,1.000,teknoloji,teknoloji,3.24,0,0,0
6e4b323e-5c58-47fb-a853-7852b381b116,1,1.000,sinema,sinema,2.81,0,0,0
6e482418-b600-48a7-a696-622723f86df6,1,1.000,edebiyat,edebiyat,2.10,0,0,0
6e42f48c-d7ec-4814-9312-c964e8ab47eb,1,1.000,muzik,muzik,3.35,0,0,0
6e51d1b4-c837-4532-91ec-c7b14ea65e55,1,1.000,teknoloji,teknoloji,2.67,0,0,0
6e541714-6ea8-4855-a2fd-ddf38e325671,1,1.000,bilim,bilim,2.29,0,0,0
6e560a65-dfde-4613-8135-6bd1b961e45e,1,1.000,genel_kultur,genel_kultur,2.34,0,0,0
6e59e664-2ac2-499f-af4c-c15b87aac977,1,1.000,spor,spor,2.13,0,0,0
6e5fecb6-dd63-46a3-beed-122334e6e98d,1,1.000,edebiyat,edebiyat,2.94,0,0,0
6e5ef8c8-e22a-40a9-8b18-840ff5652132,1,1.000,sanat,sanat,3.53,0,0,0
6e6820c9-c7aa-48ad-85dc-00675284e730,1,1.000,cografya,bilim,2.19,0,0,0
6e6bc295-03e3-4342-beee-0a308f6ab242,1,1.000,edebiyat,edebiyat,1.46,0,0,0
6e6d8d2f-7809-4d31-97b8-98355390e006,1,1.000,teknoloji,bilim,1.27,0,0,0
6e6f098f-caad-4227-a9d5-fc13c0d1021e,1,1.000,teknoloji,teknoloji,3.91,0,0,0
6e6f2aa9-04f9-4e6a-b4de-868587e3f987,1,0.940,muzik,muzik,3.17,0,0,0
6e6fe042-7b4b-433e-88c9-9f616b2f009a,1,1.000,cografya,bilim,3.55,0,0,0
6e880a86-42d9-4dd9-8a97-94791591bf9c,1,1.000,teknoloji,teknoloji,2.41,0,0,0
6ea0168d-881d-4c35-9d9a-8a112a8e0d37,1,1.000,teknoloji,teknoloji,3.92,0,0,0
6eaa64a1-4660-4aec-9051-176d6b1acabc,1,1.000,spor,spor,1.79,0,0,0
6eb2e655-f3fe-48c9-94d0-801d827b884a,1,1.000,edebiyat,edebiyat,2.36,0,0,0
6eb5ffdb-7c5b-4523-a5a0-a62068cb7150,1,1.000,sanat,sanat,2.63,0,0,0
6ebc6c36-9bcd-4896-9c72-43bac55af6b9,1,1.000,muzik,teknoloji,3.25,0,0,0
6ecb1d86-b5cf-4713-8f72-ecd2a0a52fb4,1,1.000,bilim,bilim,2.13,0,0,0
6ecd6922-3afe-4a53-be18-993a423b4028,1,1.000,cografya,cografya,3.25,0,0,0
6ecf6074-7a73-4e72-b30e-831e7fa1f8b0,1,1.000,muzik,muzik,2.60,0,0,0
6eddeda7-9b98-4bb3-a6db-1bdff83da1ab,1,1.000,sinema,sinema,1.91,0,0,0
6ee2a76c-9c25-4c1f-b77e-859457f8c2a4,0,0.550,sanat,sanat,3.59,0,0,0
6ee4556d-7194-41bf-a6d5-b5ae83b1bca6,1,1.000,cografya,cografya,1.95,0,0,0
6eeffd9a-efc8-4fd6-b19b-98a1d9ed34c8,1,1.000,muzik,muzik,2.69,0,0,0
6ef5af9f-019a-4c60-bc7e-24eb37dfe98f,1,1.000,muzik,bilim,1.96,0,0,0
6f091160-f152-476c-a845-9dfd368f9725,1,1.000,sanat,sanat,2.60,0,0,0
6f0fb5ac-a48c-4d64-bd57-18a06d798107,1,1.000,cografya,cografya,2.33,0,0,0
6f1b2c33-880f-4d10-8da2-b19a33b23382,1,1.000,sinema,sinema,1.98,0,0,0
6f106e38-66a9-48c8-ab95-9285e98bff77,1,1.000,tarih,tarih,1.91,0,0,0
6f280c16-bd38-4317-9f37-455542b661af,1,1.000,muzik,muzik,2.48,0,0,0
6f320d39-5a3b-4d10-805f-eb75986f2fe0,1,1.000,spor,spor,2.95,0,0,0
6f3226ca-3f6e-4b8b-962a-f3740db83d2d,0,0.990,muzik,muzik,2.67,0,1,0
6f44a03f-bcf1-4d62-8649-50c1275a2bc9,1,1.000,teknoloji,teknoloji,2.33,0,0,0
6f38ce56-4357-4765-b735-9a2363d8f071,1,1.000,sanat,sanat,2.45,0,0,0
6f4aafaf-e8a2-4e20-bd05-855a16d66838,1,1.000,genel_kultur,tarih,1.85,0,0,0
6f582a33-7ff6-4519-8623-098ccd36c58a,1,1.000,muzik,muzik,3.41,0,0,0
6f6c3aaa-0b6c-4254-8fa7-51e178beefc6,1,1.000,teknoloji,teknoloji,2.76,0,0,0
6f7723bc-31d7-4117-8203-3433fe80516e,1,1.000,cografya,cografya,1.95,0,0,0
6f7b3e08-a900-4fcc-acf3-83a0f358e8d1,1,1.000,sinema,teknoloji,2.07,0,0,0
6f7cb779-c63c-4b63-a091-c2e97cc671ff,1,1.000,tarih,tarih,1.97,0,0,0
6f81034a-f090-4cd5-beb5-39ea6a5024d4,1,1.000,genel_kultur,genel_kultur,1.04,0,0,0
6f813808-47f7-45da-a5bd-274c5b092da2,1,1.000,cografya,cografya,1.98,0,0,0
6f850100-40f3-4e36-8ab5-40614d35f070,1,1.000,cografya,cografya,1.95,0,0,0
6f8d25a5-8534-40cf-a06b-51e774645107,1,0.800,sinema,sinema,2.53,0,0,0
6f895684-3c15-4866-849b-1640375639e6,1,0.980,teknoloji,teknoloji,4.24,0,0,0
6f9321e9-e255-41f8-a193-83b456a0515b,1,1.000,teknoloji,teknoloji,3.49,0,0,0
6f929ff0-7f3d-4f3b-aa79-d1682a781fd0,1,1.000,edebiyat,edebiyat,2.24,0,0,0
6f9d5a97-634e-4b4d-ab4b-13cfdb1bde42,1,1.000,muzik,muzik,2.37,0,0,0
6f9838ce-b563-4610-9321-2df3b77e9bb0,1,1.000,bilim,bilim,2.06,0,0,0
6fa4bb1f-e157-4c44-a0e5-db18d5f7adff,1,1.000,cografya,cografya,1.82,0,0,0
6fa54a15-0d82-45de-a47a-360429a4d48c,1,1.000,bilim,bilim,1.02,0,0,0
6fa9dd9f-70f1-4a34-9745-ebefeff3ffd7,1,1.000,sinema,sinema,3.06,0,0,0
6fbea056-ada2-404d-a7c4-47d5bfa8abd0,1,1.000,sanat,sanat,2.53,0,0,0
6fbd2ce7-0a6b-4e6e-881d-a705a0f0b371,1,0.990,cografya,tarih,2.96,1,0,0
6fc3a450-c6c4-4aa9-9ccf-6a0af1a4f40b,1,1.000,muzik,muzik,2.19,0,0,0
6fd056f7-f0e0-4960-b53e-fe913f4eb41d,1,1.000,genel_kultur,genel_kultur,1.41,0,0,0
6fd36e66-f01f-49a5-b2d3-f679567fd917,1,1.000,teknoloji,teknoloji,1.96,0,0,0
6fe3c111-0a1a-4ee4-b112-a0483bee92f3,1,1.000,sinema,sinema,2.14,0,0,0
6fd9b71f-9290-4f70-93e6-75bc104a56a7,1,1.000,sinema,sinema,1.75,0,0,0
6fd50f92-fc60-4538-9454-37823bf503e7,1,0.990,tarih,tarih,1.90,0,0,0
6feaaa29-e262-4f60-95ad-789bcb7337ae,1,1.000,tarih,tarih,2.70,0,0,0
6ff93077-19d1-4439-99fe-8425a379bfca,1,1.000,genel_kultur,bilim,1.64,0,0,0
70060919-1e32-4703-b68c-1820ce2e98ed,1,1.000,cografya,bilim,1.61,0,0,0
6ffb44eb-76ba-415e-819c-c460c14d45ff,1,0.420,edebiyat,edebiyat,3.00,0,0,0
7014f918-0ed4-4ce1-9be0-a508a4dad6d9,1,1.000,tarih,tarih,2.16,0,0,0
7018301f-035b-428a-b75e-6d9f431a165d,1,1.000,genel_kultur,tarih,1.95,0,0,0
701b29b9-872f-43b9-b0c4-47b66f8a54f0,1,1.000,spor,spor,1.51,0,0,0
701df3ea-6921-4a29-b5a8-5ae329fbba9b,1,1.000,sanat,sanat,2.86,0,0,0
70299969-a2a5-40ee-978d-37390c6da378,1,0.700,cografya,cografya,2.36,0,0,0
702a7c46-435d-466e-87de-d67615e37d69,1,0.680,tarih,tarih,2.51,0,0,0
7030865f-2679-4947-9479-9fe9cd843fdd,1,0.620,muzik,muzik,3.08,0,0,0
7036aa7e-cbbb-4003-b021-94864ac46f4f,1,1.000,sanat,sanat,2.17,0,0,0
7032b1bd-a78f-4ab8-b17a-0375fd844a01,1,1.000,sanat,sanat,2.82,0,0,0
7052c21f-958f-4427-b7ea-18b46536047d,1,1.000,spor,spor,2.04,0,0,0
704c3578-f7e6-4d43-8c76-da4d05fe3671,1,1.000,teknoloji,tarih,1.69,0,0,0
7052eb21-aa4d-4553-9288-c7000373a645,1,1.000,sanat,sanat,3.37,0,0,0
705c7dd4-b534-4dc7-a079-ed193c0e2193,0,0.330,cografya,cografya,2.89,1,0,0
7053f1a2-3102-4525-b9cb-c0566ad6d6b5,1,0.990,bilim,bilim,2.54,0,0,0
705d614f-6e4c-4f2e-b185-fc7198f96318,1,0.980,sanat,muzik,2.60,0,0,0
706fc43a-b30f-4746-ae41-28bd56d4f2c7,1,1.000,sanat,sanat,2.55,0,0,0
70770d57-ced2-42cf-aad0-9bc6e47473a7,1,1.000,teknoloji,teknoloji,1.84,0,0,0
708d51c9-cfbf-483b-807a-085502804620,1,1.000,teknoloji,teknoloji,1.52,0,0,0
70772053-8d56-453f-8b7e-1566f64944f3,1,0.930,tarih,tarih,3.23,0,0,0
7082eda2-b457-4a6d-a005-51d40d97c49f,1,1.000,bilim,bilim,1.82,0,0,0
70937b75-e3f1-44f5-a538-570fc7ea04c3,1,1.000,spor,bilim,1.70,0,0,0
70baa7f3-032b-4fce-8861-5590ffe4fb9c,1,1.000,edebiyat,edebiyat,2.29,0,0,0
709ee1e5-1e6b-4183-8268-dc66aedc3e56,1,1.000,muzik,muzik,1.88,0,0,0
70bee285-2275-40da-b6a3-b6658ef3baf1,1,1.000,genel_kultur,cografya,2.02,0,0,0
70ba8498-8955-471e-970b-9aee399e069d,1,1.000,bilim,bilim,1.82,0,0,0
70c0e51a-35ed-4fd1-a7fb-47dccaadc959,1,0.340,cografya,cografya,2.85,0,0,0
70d4f693-4b64-4b88-b59d-e3f25493a50b,1,1.000,edebiyat,edebiyat,2.75,0,0,0
70ca192d-fe7b-41f6-8c7f-a0eeb67b998d,1,1.000,genel_kultur,bilim,2.03,0,0,0
70dd0e9a-7944-436a-8d80-0b3dbad6309a,1,1.000,cografya,cografya,1.49,0,0,0
70e62f88-1419-402b-9c5e-71ef7a67164f,1,1.000,sanat,sanat,1.53,0,0,0
70e41bb4-e5cc-42db-a60e-494da73dcba6,1,1.000,teknoloji,teknoloji,3.81,0,0,0
70e7cffa-db36-48c8-92af-64fa58c51fd6,1,0.800,edebiyat,edebiyat,2.66,0,0,0
70e8b6c3-89b8-4239-b747-3190526d324a,1,1.000,cografya,genel_kultur,1.66,0,0,0
70ed0d68-5dbb-4513-b5e8-e8020c39d2fb,1,1.000,sanat,sanat,2.25,0,0,0
70f8100b-ba89-4e29-a92b-3bf7e6cffab5,1,0.770,muzik,muzik,3.15,0,0,0
70fc6d99-97ae-48ec-ae21-753132d5a21d,1,1.000,spor,spor,3.65,0,0,0
7109e5d1-4afe-4a5c-8960-46bc84ee56e0,1,1.000,sanat,sanat,2.31,0,0,0
71158a0c-95c8-4a39-84b2-6bbdc786392e,1,1.000,sinema,sinema,3.06,0,0,0
70fe13ce-84ad-411e-841d-d8d4bcc18017,0,0.160,edebiyat,edebiyat,3.70,0,0,0
712d589f-7a93-4214-9601-68f0683cc8e3,1,1.000,cografya,cografya,2.42,0,0,0
712c7838-135e-4aad-b166-23054247d1a3,1,1.000,muzik,muzik,3.18,0,0,0
7135c476-8507-45b5-ab81-4e2381aec38e,1,1.000,bilim,bilim,1.64,0,0,1
7143914b-b7ff-4ced-99e2-90319a43ad52,1,1.000,cografya,cografya,1.95,0,0,0
713a5f4e-3fc9-4d12-84df-a313d0e261e0,1,1.000,cografya,cografya,2.61,0,0,0
714c754d-defe-4ddb-819d-9d468965a153,1,1.000,muzik,muzik,3.64,0,0,0
714e3f97-7fce-4237-a444-a7e6807b0b54,1,1.000,cografya,cografya,2.55,0,0,0
714e8bd1-7bc8-44bb-828f-46caaf9ef68b,1,1.000,sinema,sinema,2.00,0,0,0
71512061-edb2-42d2-83fe-17c68a5bd75d,1,1.000,bilim,bilim,1.00,0,0,0
716630b4-54ae-412c-b650-e89ab31ab3ea,1,1.000,muzik,muzik,3.09,0,0,0
71513d2f-3e9d-48ab-9ab4-9d57a5a45527,1,1.000,cografya,cografya,1.95,0,0,0
7167f549-b85d-4c8a-891a-3f33afe504b4,1,1.000,cografya,cografya,2.12,0,0,0
7168bae1-7b3f-4826-9fe6-87dca5676476,1,1.000,spor,spor,1.96,0,0,0
716ff0a9-1769-4548-973f-792febc24cdd,1,1.000,genel_kultur,teknoloji,1.99,0,0,0
717d8f1d-14f7-4e36-ac47-5339f66b49d1,1,1.000,cografya,genel_kultur,1.42,0,0,0
7174a19b-55f1-46eb-a138-67bd8165458b,1,1.000,muzik,muzik,1.68,0,0,0
717ee41b-35fb-4ea2-8489-14804d522d82,1,1.000,sanat,sanat,1.20,0,0,0
71807dcb-4b77-4efd-825c-5cac51c46d55,1,1.000,teknoloji,teknoloji,3.04,0,0,0
7184f900-b051-4516-acdb-ad60ed4fb136,1,1.000,cografya,bilim,1.96,0,0,0
718ce802-e1b2-44a2-983b-6739bb8715c0,1,1.000,tarih,tarih,2.52,0,0,0
718f5883-0a5e-44d9-a4d1-f4a8a8a1c77e,1,1.000,cografya,cografya,1.82,0,0,0
7190793d-8ec3-4e39-8c91-f69b0b903e6d,1,1.000,bilim,bilim,1.84,0,0,0
7193acad-0cf1-4293-b814-51e60730c856,1,1.000,tarih,tarih,2.68,0,0,0
7194fc21-3929-4e29-b34c-5b575adbfd68,1,1.000,sinema,sinema,1.49,0,0,0
719ff224-3c07-4815-9c45-b2cd23832acd,1,1.000,edebiyat,edebiyat,1.98,0,0,0
71b41696-c960-4f66-be13-2b3717a56341,1,1.000,bilim,bilim,1.84,0,0,0
71ab0fbc-298b-415d-8b77-b06c8eea1e29,1,1.000,cografya,cografya,2.15,0,0,0
71b62b99-9a04-4f90-8692-226cd76169d6,1,0.910,edebiyat,edebiyat,3.61,0,0,0
71bc14d3-ef5b-405c-8c6d-c66e5088bd2d,1,1.000,cografya,cografya,2.95,0,0,0
71bc7b8c-2b97-4847-8e54-356d7cae1a81,1,0.060,edebiyat,edebiyat,3.72,0,0,0
71bde826-bc6e-4426-8a17-50b8ebd5e02d,1,1.000,cografya,cografya,2.51,0,0,0
71cc3045-c984-4109-a192-ae85c009559e,1,1.000,cografya,genel_kultur,3.59,0,0,0
71d45807-e01c-4543-8b3c-c126fb989d0d,1,1.000,muzik,muzik,3.28,0,0,0
71dd23f8-abe9-4db6-957e-e605c326429c,1,1.000,genel_kultur,bilim,1.07,0,0,0
71d56a3e-609e-4569-9126-aecedc8e45c2,1,1.000,sinema,sinema,1.38,0,0,0
71de62c0-3876-4c64-a741-cca3632501e2,1,1.000,sinema,sinema,2.08,0,0,0
71e1a5cc-3010-47c8-bb02-a1e67c1d9608,0,0.540,edebiyat,edebiyat,3.09,0,0,0
71e3a194-1b55-4c5c-a6e9-1f3a70397e62,1,1.000,sinema,teknoloji,2.15,0,0,0
71f6d35e-41f3-4acf-b319-c2dd757ed366,1,1.000,cografya,bilim,1.76,0,0,0
71fa00f5-ba0a-47eb-98d3-a2b34fcfa425,1,1.000,tarih,tarih,2.81,0,0,0
71f818e7-f134-44f1-841c-fe78c7d50f34,1,0.990,edebiyat,edebiyat,3.00,0,0,0
71fa67b6-767f-47b4-84ca-8d890a8deb4a,1,1.000,muzik,muzik,2.60,0,0,0
71fde9b0-07c9-4bb8-ae73-6577b5166ef8,1,1.000,sanat,sanat,3.10,0,0,0
72028458-f389-4600-84e0-333657ebaa55,1,0.750,spor,spor,1.48,0,0,0
720a60fa-2e38-482e-8544-44c7875c5008,1,1.000,genel_kultur,bilim,1.34,0,0,0
7212d4a8-6805-447c-ab27-87a282017f80,1,1.000,edebiyat,edebiyat,3.36,0,0,0
721ce52d-44f7-4b6a-bbd2-82029654f188,1,1.000,bilim,bilim,2.00,0,0,0
72292707-f841-4904-843e-893e1b2d9e0e,0,0.140,muzik,muzik,1.88,0,0,0
722f5b36-22ff-4a46-887b-0424e3d7c398,1,1.000,spor,bilim,2.47,0,0,0
72338471-981b-4d03-94c3-7a97a518b802,1,1.000,muzik,muzik,3.39,0,0,0
722fa4a8-0cfd-49b6-8348-7f4c23c2e7fe,1,1.000,spor,spor,1.92,0,0,0
723ae42c-4d6f-42c9-93e5-c46d52058629,1,1.000,bilim,bilim,2.09,0,0,0
72346811-2921-4c3e-98fc-c66514f89798,1,0.950,cografya,cografya,2.76,0,0,0
72424972-c915-4028-990a-97857c821576,1,1.000,sanat,sanat,3.19,0,0,0
7256c9fa-78d7-4f73-852b-38df8d5f4643,1,1.000,sinema,sinema,1.97,0,0,0
72582474-cc35-46f0-9816-f22476398963,1,1.000,cografya,cografya,1.01,0,0,0
72629343-098e-4cab-b618-dd750d809e76,1,1.000,muzik,genel_kultur,2.27,0,0,0
725b9dcd-bc94-42db-b1b2-b8e9314d6d91,1,1.000,bilim,bilim,1.30,0,0,0
726b3c2b-e823-4078-a111-8c7021253d60,1,1.000,sanat,sanat,2.86,0,0,0
726a8472-99b5-4d2e-a772-adfc0396d5a6,1,1.000,bilim,bilim,1.96,0,0,0
726e821f-3842-4677-95bd-f3dda46a4a0a,1,1.000,muzik,muzik,2.46,0,0,0
726eb43b-60c8-41db-88bb-ff3b094cf22d,1,1.000,edebiyat,edebiyat,2.45,0,0,0
726ed38e-9c2b-4e75-a3fb-1afc11b0e2ef,1,1.000,edebiyat,edebiyat,2.02,0,0,0
727311cc-2214-4c80-a078-31581e9ce17c,1,1.000,sinema,sinema,3.02,0,0,0
72769ef1-5370-4239-9476-9541a97529e3,1,1.000,tarih,tarih,1.07,0,0,0
727a70c4-ab92-4596-8f96-2a48aab60b60,1,0.980,tarih,tarih,2.62,0,0,0
72826597-3a58-4d21-a06b-61f5fd847671,1,1.000,teknoloji,teknoloji,3.43,0,0,0
728dd0b0-a4cb-4b82-9f80-d846705b80f3,1,1.000,sanat,teknoloji,2.68,0,0,0
7293a5e2-887b-495e-9562-9cef89d5a73a,1,1.000,muzik,muzik,3.10,0,0,0
72940289-976d-43f0-b499-ff3e63bba5fc,1,1.000,spor,spor,1.75,0,0,0
72a1bc97-318f-453e-b975-8d838353efca,1,0.970,spor,spor,3.09,0,0,0
729e8b3e-ed43-4234-9dd0-decb86ea65a4,1,1.000,spor,spor,2.02,0,0,0
72a791cf-3837-4d92-abe7-5ab2e885064c,1,1.000,sanat,sanat,2.96,0,0,0
72a6581a-91ab-4d42-8b45-d3114ab2c2fc,1,0.820,muzik,muzik,2.47,0,0,0
72c9909b-2d13-489d-b6a3-467fec1f2ea2,1,1.000,genel_kultur,genel_kultur,1.70,0,0,0
72a93be8-bad3-469d-bb19-5bdaf56f0136,1,1.000,bilim,bilim,2.02,0,0,0
72c9a764-f336-48d2-aa21-f30c0b552657,1,1.000,bilim,bilim,2.51,0,0,0
72ca3993-b46a-46d4-abdb-489410c887d2,1,1.000,cografya,cografya,1.57,0,0,0
72942e10-1f47-4186-ba8a-9c220763f230,1,1.000,teknoloji,teknoloji,3.57,0,0,0
72d63d49-bac6-47c2-9e1c-08baae1017dd,1,1.000,bilim,bilim,1.88,0,0,0
72d55f00-7e6b-453d-bf32-87be7d4be296,1,1.000,muzik,muzik,3.54,0,0,0
72e54c7d-fb60-45db-91c8-094fa6470951,1,0.980,tarih,tarih,3.25,0,0,0
72d96006-0f03-44d6-bb95-adab9c09594e,1,1.000,cografya,cografya,2.11,0,0,0
72e8565c-589d-4130-b5a0-da4e99f630ac,1,1.000,sinema,sinema,2.52,0,0,0
72f2f7bd-2969-4261-a090-ba33eb70bb0a,1,0.690,edebiyat,edebiyat,3.13,0,0,0
72f48b2e-e63e-42a4-a536-82f63d2a13c0,1,1.000,sinema,edebiyat,1.94,0,0,0
72f56553-b2fa-4ebd-b06b-903c5c90b2c8,1,1.000,genel_kultur,sanat,2.20,0,0,0
72f9fe6e-e678-441f-93a5-4b30f8df9f1f,1,1.000,bilim,bilim,4.03,0,0,0
72fe0d1e-b4c2-404f-a305-bd81cbb3a5ed,1,1.000,edebiyat,edebiyat,2.91,0,0,0
7308017c-0c29-4086-a806-d5e04c3ed14e,1,1.000,sinema,sinema,2.33,0,0,0
731e635b-14cf-450b-81db-7d16ac28484d,1,1.000,genel_kultur,genel_kultur,1.97,0,0,0
7328dd4c-8e80-43cf-8310-996ebffbfe2e,1,0.980,spor,spor,2.71,0,0,0
73452541-a415-4419-ac7c-f9756a1f158b,1,1.000,tarih,tarih,2.18,0,0,0
7353ebcb-2a41-4b61-9b1a-c65e14d0b45e,1,1.000,cografya,genel_kultur,2.01,0,0,0
735f81f3-b642-4088-8e0c-31b8c8221745,1,1.000,cografya,bilim,2.38,0,0,0
73727e0d-5503-42b4-be19-75e054678d85,1,1.000,genel_kultur,bilim,2.18,0,0,0
736c24d8-474f-46ac-a7d0-c59d30d97f15,1,1.000,genel_kultur,bilim,1.09,0,0,0
7388e2d7-c9ee-415e-b340-78cd6e39020d,1,1.000,cografya,cografya,2.27,0,0,0
737580a2-202c-4590-a8c3-60def3f9d71b,1,0.160,muzik,muzik,4.22,0,0,0
738a1a70-a18d-4470-828e-5d7babe0b916,1,1.000,genel_kultur,cografya,2.73,0,0,0
738a8769-ed27-48c8-af2c-03f3cf3ca593,1,0.820,sanat,sanat,4.06,0,0,0
738ac32b-8c6e-4c14-803c-eb3abdf8ee0d,1,1.000,sanat,sanat,2.92,0,0,0
738d3787-0216-4d3a-8c57-dda4bf92a91c,1,1.000,muzik,muzik,1.92,0,0,0
738d272b-0a77-4203-b4d2-20b64c1b42d1,1,0.990,bilim,bilim,2.09,0,0,0
739029fd-cf9b-4182-b49e-43d37364dad6,1,1.000,tarih,tarih,1.47,0,0,0
73943626-c83d-49e6-bd21-1c18fe744d44,1,1.000,muzik,muzik,2.62,0,0,0
73979f42-e56f-49ee-92bd-62dbd5f338d3,1,0.970,genel_kultur,tarih,2.76,0,0,0
73980ca1-8a98-48f7-a3bc-d231c3e2009a,1,1.000,cografya,cografya,3.19,0,0,0
739eb00f-532b-40ba-a069-70bf5b7d935d,1,1.000,edebiyat,edebiyat,1.29,0,0,0
73a84fed-bde6-4ba7-ae3c-4b4791d10183,1,1.000,muzik,muzik,1.98,0,0,0
73b11e97-0c24-48a3-bc67-0aea2a27cbc4,1,0.980,spor,spor,1.74,0,0,0
73b6b290-d179-42a6-9e78-c561d07e3695,1,1.000,spor,spor,2.48,0,0,0
73b8dbeb-2fad-4823-b4e9-7362e2bd67f3,1,1.000,muzik,bilim,1.75,0,0,0
73b2ade5-f23a-4a6f-aad3-037390c7a284,1,1.000,sanat,sanat,3.23,0,0,0
73c0eae3-7261-4591-9ef3-3633be686887,0,0.630,muzik,muzik,2.61,0,1,0
73cc7434-195b-423e-a933-fc8b5b3ed5e6,1,0.660,muzik,muzik,2.99,0,0,0
73c850ea-4921-41b2-91ce-fdce98010611,1,1.000,bilim,bilim,1.84,0,0,0
73cdc318-3bcb-4384-87e6-a42d5c244033,1,1.000,sinema,sinema,1.41,0,0,0
73d0c690-22bb-460b-8900-47bbde7c7321,1,1.000,sanat,sanat,2.50,0,0,0
73e29e68-66f0-4e2a-b706-29ed0e71202d,0,0.310,cografya,cografya,3.90,0,0,0
73e61d4c-9afa-433c-8434-226dd13dc9ac,1,1.000,sanat,sanat,3.03,0,0,0
73f1b22b-5008-4607-b61d-37df9c52b4af,1,1.000,edebiyat,edebiyat,2.48,0,0,0
73eea87e-de69-4452-9a22-c07e7234602e,1,1.000,spor,spor,1.27,0,0,0
73f27f24-cc44-42c5-9505-a81d1f74f805,1,1.000,tarih,tarih,2.32,0,0,1
73f83b7e-b00a-4369-97f3-3dd1f0e2024d,1,1.000,bilim,bilim,1.98,0,0,0
73f940fc-4c7a-48eb-b3ad-73734a4b51df,1,1.000,sinema,sinema,2.64,0,0,0
73fa2f10-6280-4c5e-ac39-a118f57432af,1,1.000,muzik,muzik,3.81,0,0,0
7405892d-13ed-4431-b937-e4154735dcdb,1,1.000,tarih,tarih,1.99,0,0,0
73ff087e-a1d3-4186-921e-161f96079d9c,1,0.950,cografya,cografya,3.51,1,0,0
74070648-a64e-445d-86cf-cad9e340e867,1,1.000,edebiyat,edebiyat,1.78,0,0,0
740fd2e8-ea64-4bf8-b863-88d6d8e98481,1,1.000,cografya,cografya,2.04,0,0,0
7411408c-5396-4402-8edd-7615a1b8c24f,1,1.000,bilim,bilim,2.08,0,0,0
74185f3e-9743-484f-99b6-7c62109fba7d,1,1.000,sinema,teknoloji,3.05,0,0,0
7422ee79-beb4-43ad-8a20-ec875cb94fb4,1,1.000,teknoloji,teknoloji,2.31,0,0,0
7429730c-81a2-4d67-8b62-915ba4659416,1,1.000,cografya,cografya,2.34,0,0,0
74314aab-86fd-4f11-b25c-1f8b0209d732,1,1.000,spor,spor,2.98,0,0,0
742f661c-39c8-4c28-9970-c22603e3097a,1,1.000,teknoloji,teknoloji,2.67,0,0,0
743c1cc5-7a0b-4231-873a-dda4b1244d5c,1,1.000,genel_kultur,genel_kultur,1.17,0,0,0
743ae3dd-1fc9-4258-bd62-9149cbaa2f45,1,1.000,sinema,sinema,2.92,0,0,0
743e6d0d-57c9-41ba-91d9-5c0ae6b281b1,1,0.980,muzik,muzik,3.53,0,0,0
744ddfcb-18dc-4e9c-a6e5-e54cba42a3e0,1,0.990,bilim,bilim,2.06,0,0,0
744ceae2-7e3f-45cf-ab2e-ecff3ae952a5,1,1.000,edebiyat,edebiyat,1.70,0,0,0
744dc1b4-81d0-47f4-8e80-ee72216276cc,1,0.990,sinema,sinema,2.64,0,0,0
74553cf4-8fb5-4b7d-99aa-7c13a8757f28,1,1.000,bilim,bilim,2.66,0,0,0
7457e39e-7f45-47bd-9e12-b7803172c66e,1,0.890,spor,spor,3.10,0,0,0
746cd6b8-c0f2-4573-bb48-849153e2f6a5,1,1.000,bilim,bilim,1.88,0,0,0
7462d992-d2bc-425e-a8de-a9c2a816bbe3,1,0.980,tarih,tarih,3.35,0,0,0
7467e923-1509-4322-86da-bfb42cc8f48b,0,0.980,muzik,muzik,1.63,0,1,0
746dfce9-54f3-4900-a9c1-86472844e3ee,1,1.000,teknoloji,teknoloji,2.06,0,0,0
746c7404-3279-4d38-9e79-6dce9c355bea,1,0.620,muzik,muzik,3.75,0,0,0
7476011a-c0a3-444e-a141-91333560a6e4,1,1.000,sinema,sinema,3.93,0,0,0
74712df0-55a1-4674-955d-e2f85aea3465,1,0.320,spor,spor,2.59,0,2,0
747e1a12-8754-4f45-a85d-d933a9765f05,1,0.770,tarih,tarih,2.39,0,0,0
74876540-6b19-4f9a-9fb0-4c2a8ffc019b,1,1.000,cografya,cografya,2.27,0,0,0
747f09a2-1565-4a24-8980-4231cc3af247,1,1.000,tarih,tarih,1.76,0,0,0
7489b7f7-16b1-40bf-9561-d0a91cd3a8f2,1,1.000,sanat,sanat,2.45,0,0,0
748f2ec9-05be-41cf-9feb-824bdb1b088e,1,1.000,sanat,sanat,3.29,0,0,0
749950d2-c0b8-45b9-99f7-9ac57cfe25de,1,1.000,sanat,sanat,2.99,0,0,0
749602f2-d780-46a5-a684-ce36b9a8f8d1,1,1.000,sinema,sinema,3.37,0,0,0
749aff62-7148-4f42-8f69-9b5bb6b42f6e,1,1.000,sanat,sanat,2.09,0,0,0
74a2930e-1cb7-4bd0-82c7-54786857f314,1,0.990,sanat,sanat,2.50,0,0,0
74a3332e-d251-471f-8fc7-8ab26d9f1a76,1,0.950,sanat,sanat,3.07,0,0,0
74bf8d45-5fa2-43df-8daa-6dfdb8e19cf4,1,1.000,bilim,bilim,1.92,0,0,0
74aa4f61-1a70-48b2-ae55-5fe316af799f,1,1.000,sinema,sinema,3.45,0,0,0
74b4e016-42ed-4feb-bb40-3e5a9c5d421a,1,1.000,sinema,sinema,1.99,0,0,0
74c24233-056b-49a9-a0bd-abbff2619bc2,1,1.000,sinema,sinema,1.82,0,0,0
74c2625a-5e60-4266-9040-93557907a303,1,1.000,sanat,sanat,2.50,0,0,0
74d3e034-accc-45ad-a62e-b9a4111ff959,1,1.000,sanat,edebiyat,2.54,0,0,0
74d479ca-40b6-4ed4-be7a-070442a3ab41,1,1.000,genel_kultur,genel_kultur,1.95,0,0,0
74dbe4f8-18b3-4244-8f5c-254ee179b266,1,1.000,sinema,sinema,3.62,0,0,0
74dfe361-e4f0-4ef6-bf6c-d42512f8a84e,1,1.000,bilim,bilim,1.82,0,0,0
74e3de03-9ea9-4d7f-a41d-7ad394f0f3f5,1,1.000,genel_kultur,genel_kultur,1.93,0,0,0
74e49e4e-98d6-4618-aacd-7267f0870445,1,1.000,muzik,muzik,2.70,0,0,0
74e54ea9-28f6-4442-8f4a-83b313463a52,1,1.000,cografya,cografya,2.24,0,0,0
74fd4d0b-99cd-46aa-b16f-fb5f27b77e2f,1,1.000,teknoloji,teknoloji,3.46,0,0,0
75037ff5-575a-45af-b414-37418622db69,1,1.000,spor,spor,1.94,0,0,0
7525a8fc-47b8-4fa7-8808-31611e1c9335,1,1.000,bilim,bilim,2.18,0,0,0
752b7aa9-254e-41cd-9385-ef31cb377083,1,0.990,cografya,genel_kultur,2.21,1,0,0
75344485-09b1-40dd-bfaf-54a6fb0b241d,1,1.000,sinema,sinema,2.95,0,0,0
7535ed03-d01c-44cc-bc6a-5ca263e7d88c,1,1.000,muzik,muzik,2.97,0,0,0
75367657-81dd-452f-aa92-1966258049ae,1,0.380,cografya,cografya,3.50,0,0,0
753dae39-c259-4c0f-9abd-4a3b0220c3c4,1,1.000,cografya,bilim,1.80,0,0,0
754556d9-4e0b-4c66-b359-85254e786b69,1,1.000,teknoloji,teknoloji,2.24,0,0,0
75461fd8-6edc-4b06-95d1-5c82e5bf20af,1,0.930,cografya,cografya,2.97,0,0,0
75486814-71b9-4cb1-ad02-85f667ba25b2,1,1.000,muzik,muzik,2.46,0,0,0
755886bf-0b10-4593-a25b-f26e34153977,1,1.000,bilim,teknoloji,1.55,0,0,0
75510a27-e86a-46e3-91af-d84bdc62217a,1,1.000,sinema,sinema,3.60,0,0,0
755be283-f5f6-4010-a634-64601e088cb7,1,1.000,sinema,sinema,1.53,0,0,0
755904c8-65d2-4493-844d-a8edf6b6d609,1,0.990,spor,spor,3.73,0,0,0
755d90b3-92d1-478f-bbab-413e4ce4cb0d,1,1.000,sanat,sanat,1.95,0,0,0
75635756-3cf0-4e55-8832-9916cf0046f2,1,0.960,muzik,muzik,3.48,0,0,0
75671524-4685-463c-b3b6-4569f5455fda,1,1.000,sanat,sinema,2.80,0,0,0
757e257c-a211-4826-8a4d-707919ce86fb,1,0.320,spor,spor,2.46,0,0,0
75724a17-4309-4d9b-87bf-f72faaa60859,1,1.000,muzik,muzik,3.05,0,0,0
75965274-394f-463a-87ec-d45431024079,1,1.000,bilim,bilim,2.03,0,0,0
7598fe2d-cca2-439c-9ed2-cd18775311c2,1,1.000,teknoloji,teknoloji,2.89,0,0,0
759e4ba7-4c50-4208-aa29-1225bfe300c5,1,1.000,cografya,bilim,1.99,0,0,0
75a9719a-8f5d-438b-8591-d5c4151ea8cb,1,1.000,cografya,cografya,2.05,0,0,0
75b2f685-a68d-409b-bd50-e182a18b7745,1,1.000,teknoloji,teknoloji,3.72,0,0,0
75c038cb-5ed7-4273-91b0-00fcec9e997a,1,0.980,spor,spor,2.14,0,0,0
75c6ee0e-cf80-45b6-b253-f59bb3047c6c,1,1.000,sinema,sinema,2.68,0,0,0
75cc0999-a952-4db2-964c-fb555f4db581,1,1.000,teknoloji,teknoloji,1.99,0,0,0
75d54620-2b7a-404e-8977-2b7d904a1011,1,0.890,tarih,tarih,2.68,0,0,0
75e55e32-2cbf-4fc4-beda-1ceb0b46831d,1,1.000,sinema,sinema,1.94,0,0,0
75e6fb6d-bf35-45da-a963-b39c7deda5e4,1,0.990,sinema,sinema,3.45,0,0,0
75e89236-5e8a-4cb5-938e-9b7f83a90aef,1,1.000,cografya,cografya,2.33,0,0,0
75e9fc72-ca06-419c-9083-82881a49ed74,1,0.990,spor,spor,1.81,0,0,0
75fb4ac6-a00f-4b42-8b4e-f4d88d74d7af,1,1.000,cografya,genel_kultur,1.83,0,0,0
75fd1c88-9aa4-4be3-bb8c-bf703ac8b3d0,1,1.000,spor,spor,3.34,0,0,0
7601cc3b-b427-42f3-827b-0b0cbfb87408,1,0.990,muzik,muzik,3.90,0,0,0
7606faf9-392f-4ac2-bf1b-386dbfbe9383,1,0.990,edebiyat,edebiyat,1.98,0,0,0
760b269a-84db-4d25-ae62-b2ed9920b3a7,1,1.000,bilim,bilim,1.46,0,0,0
760b4c0f-2663-4415-a67c-f6af037fb74c,1,1.000,teknoloji,teknoloji,2.58,0,0,0
761c5406-4080-4bbc-8fda-8974c60d2037,1,1.000,cografya,cografya,2.61,0,0,0
761ca836-ef79-43bd-88f4-2b4cf36b7d45,1,1.000,teknoloji,teknoloji,3.67,0,0,0
76256752-ef04-4227-ab86-e27caf43d949,1,0.990,bilim,bilim,2.06,0,0,0
7627a617-c486-4db8-accd-02cacb32bbba,1,1.000,tarih,tarih,3.29,0,0,0
762e61d4-78a6-4241-9ac4-4edb8323c325,1,1.000,bilim,bilim,2.01,0,0,0
762d9e39-d17a-4aee-abda-19d89651b80d,1,1.000,sinema,sinema,2.95,0,0,0
76300cb4-adbf-487c-a1d8-5759f75caa70,1,1.000,sanat,sanat,1.95,0,0,0
7633c5cb-f6c5-4090-8ab3-85a73c25ba20,1,1.000,sanat,sanat,1.78,0,0,0
763d46a3-6f59-4e33-a398-2a4521fe1d68,1,0.990,sinema,sinema,2.80,0,0,0
764593f0-f40c-44e0-b0b7-0a799763a5d1,0,0.310,cografya,cografya,3.30,1,0,0
764cf84e-ecbf-4ad4-bf5b-fed9259b1385,1,0.460,edebiyat,edebiyat,2.73,0,0,0
764381cf-5ce2-4f64-9c01-b10062e2a34a,1,1.000,sanat,sanat,1.64,0,0,0
764d225f-bcb0-414e-a0c9-dd2d0e9d2355,1,1.000,cografya,cografya,1.77,0,0,0
7650aa45-8329-452a-b46a-271e0b3e95b2,1,0.840,muzik,muzik,2.66,0,0,0
7656013f-ffb5-49e0-9d1c-0cb0ac941982,1,1.000,sanat,sanat,2.35,0,0,0
76581249-b87e-465e-bfa9-5772178220bc,1,1.000,cografya,cografya,2.27,1,0,0
76640fb6-1118-49df-9a85-8d364be33a61,1,1.000,tarih,tarih,3.54,0,0,0
765a2fcd-204e-4afb-8847-14a9247b32b7,1,1.000,spor,spor,1.13,0,0,0
766663e8-92f8-40f4-9ede-36a16d189dc5,1,1.000,sanat,sanat,1.53,0,0,0
767434d7-3ecd-4aed-8618-9d40d38d599a,1,1.000,spor,spor,3.18,0,0,0
766fb0d8-88f3-485b-b81c-89f7e8a5433e,1,1.000,edebiyat,edebiyat,1.93,0,0,0
76784534-4d41-44b9-8c95-c0e205bf3ca6,1,1.000,spor,spor,1.39,0,0,0
766726f8-a86b-48e3-9ae3-e50f17b11d5b,1,1.000,cografya,cografya,2.19,1,0,0
767e722e-b538-4092-9efd-2883dde51386,1,1.000,spor,bilim,2.47,0,0,0
7682c116-3d39-46db-82db-720c842f6da4,1,1.000,edebiyat,edebiyat,2.85,0,0,0
768acb3e-2804-4e76-a327-99b0fec4881b,1,1.000,teknoloji,teknoloji,2.77,0,0,0
7688e806-a953-4e06-bd46-a81b5487be20,1,1.000,muzik,muzik,1.79,0,0,0
7689058a-9fc9-4d17-bb7e-8670e6e43a82,1,1.000,muzik,muzik,3.60,0,0,0
768d77ee-c2ac-4ab8-a4aa-826dff3a14a1,1,1.000,bilim,bilim,2.06,0,0,0
76900ff7-3618-448f-8653-ac9dbbec2f4a,1,0.990,edebiyat,edebiyat,2.99,0,0,0
76a20e93-d5b0-4d5f-b492-228e887dad4f,1,0.990,sanat,genel_kultur,1.46,0,0,0
769dd522-ff13-458a-95a1-f597753c3854,1,1.000,tarih,tarih,2.55,0,0,0
76aee377-aa14-4833-87d5-16c00015a1f0,1,1.000,cografya,cografya,1.94,0,0,0
76b22d58-9504-4956-8d68-8654a7925ffb,1,1.000,muzik,muzik,1.92,0,0,0
76b32cf2-2447-49d5-8e7d-d1f1d5c8106c,1,1.000,genel_kultur,bilim,1.33,0,0,0
76b44477-0bfa-4c05-837b-051bd7b530e5,1,1.000,teknoloji,teknoloji,3.18,0,0,0
76bbab1b-b196-42f5-947f-1cd974b75bf2,1,1.000,cografya,cografya,2.00,0,0,0
76c06483-27f4-40b3-aff6-2dcb0003b83d,1,0.970,genel_kultur,genel_kultur,1.63,0,0,0
76c3d9af-6995-4661-84a6-7c292ed7b803,1,1.000,muzik,muzik,3.95,0,0,0
76cab5d6-2521-4498-a181-0f4d15c178f7,1,1.000,cografya,cografya,1.96,0,0,0
76d270d1-dfa8-40f9-83b4-9d5474110de8,1,1.000,teknoloji,teknoloji,2.49,0,0,0
76d31d2e-ea12-4a59-b5ee-fb414abfa1af,1,0.990,spor,spor,3.25,0,0,0
76d60e96-ef25-49bf-88ae-27b83c9455e7,1,1.000,sinema,sinema,3.52,0,0,0
76ee9d48-fecb-4614-9bb5-98c5b88b7e83,1,1.000,sanat,sanat,2.12,0,0,0
76e9ff2a-e18f-49b7-ac61-616b76c6eb1f,1,1.000,sanat,genel_kultur,2.32,0,0,0
76f3b94e-b5c2-4bb8-a408-61af7bce96f9,1,1.000,cografya,cografya,1.96,0,0,0
76ef974b-b653-4aa6-9c57-9151bf656852,1,1.000,teknoloji,teknoloji,2.38,0,0,0
76f5d165-1e3c-410f-b00b-0b91b7098466,1,1.000,tarih,tarih,1.97,0,0,0
76f7e816-7155-49e1-8285-b1016107a93b,1,1.000,spor,spor,2.02,0,0,0
76fd7bab-7f6a-40ed-be18-bf0f48584f2c,1,1.000,tarih,tarih,1.81,0,0,0
77049347-22df-400b-ab0c-2247a084be17,1,1.000,teknoloji,teknoloji,2.75,0,0,0
7708b01a-7ca2-4583-bdd5-ae5fcea8f446,1,1.000,sinema,edebiyat,1.45,0,0,0
771465b2-f349-4596-8354-f480fde35cd4,1,1.000,bilim,bilim,1.79,0,0,0
7715e3b1-667f-4ced-b560-893751ade9b5,1,1.000,tarih,tarih,2.68,0,0,0
77230376-a704-4d55-b0d8-3d5a5a1e861d,1,1.000,sanat,sanat,2.60,0,0,0
7724aa9c-e32e-4331-8b3e-740638bbf54b,1,1.000,cografya,cografya,2.38,0,0,0
773d6548-aef2-4d6d-87ab-b5230973c8e5,1,1.000,sinema,sinema,3.54,0,0,0
774ea136-14c7-4807-96d1-a070880c82f8,1,0.970,genel_kultur,genel_kultur,2.67,0,1,0
77519218-c5bf-4559-97cc-fd6020caa912,1,1.000,edebiyat,edebiyat,3.45,0,0,0
774f5e28-8aea-4101-b06d-889e272c1f9f,1,1.000,bilim,bilim,1.65,0,0,0
77564e9c-6ff9-4edf-8deb-305abc2b93b8,1,1.000,cografya,cografya,1.99,0,0,0
775469ae-b91c-4f72-ae47-fc941f213d5b,1,1.000,sanat,sanat,3.08,0,0,0
775b6d1f-9591-4d85-b4cb-6e0cac4140af,1,1.000,muzik,muzik,2.91,0,0,0
775d54a0-4e80-492a-bf14-e7d0de451b39,1,1.000,teknoloji,teknoloji,4.12,0,0,0
7774e492-c7be-42bc-897a-5fea3fba2449,1,1.000,edebiyat,edebiyat,2.45,0,0,0
77767fac-260a-415e-82d4-0c6cc31cc82d,1,1.000,genel_kultur,cografya,1.97,0,0,0
778b6223-f6ea-4d38-8b0e-2be36ddc499c,1,1.000,bilim,bilim,1.13,0,0,0
7786c166-75fe-4ba9-bc30-7f7a473d73c5,1,1.000,sanat,sanat,1.98,0,0,0
778cc12d-d0f4-457d-836f-dce338270ac6,1,1.000,sinema,sinema,2.06,0,0,0
778b6254-9c05-4585-a54b-b47a653e719c,1,1.000,muzik,muzik,2.05,0,0,0
778f1442-ff05-4114-b2e1-70eb7e85f6f5,1,1.000,bilim,bilim,1.93,0,0,0
77992f69-600d-49e5-bdbc-274435b410a4,1,0.920,sanat,sanat,3.24,0,0,0
779e8b8c-ce4f-44c7-aff5-dfc25de57505,1,1.000,tarih,tarih,2.47,0,0,0
77a020d0-4c79-4e91-a259-7185c87c8d9b,1,1.000,spor,spor,2.53,0,0,0
77a2b7af-77e2-4269-a89d-fc9cd465950a,1,1.000,edebiyat,edebiyat,2.85,0,0,0
77ad8aba-de69-42d7-9a92-f738ecd08893,1,1.000,sinema,sinema,1.88,0,0,0
77ae2dfd-009e-429c-a584-42fc71f6cc8b,0,0.430,spor,spor,2.31,0,0,0
77b2a150-a1d8-455e-9073-98b53a06f602,1,1.000,muzik,bilim,2.03,0,0,0
77b32477-ad8f-463b-8f32-c291b9724424,1,1.000,tarih,tarih,2.21,0,0,0
77b8a9df-5fd5-4daa-a2fc-e37b3d878378,1,1.000,sinema,sinema,2.29,0,0,0
77b8e0ee-b5b5-4e47-a66b-dfcbcf2f992e,1,1.000,genel_kultur,tarih,1.28,0,0,0
77c1e783-bfc9-4232-afcd-d163afb4c2e2,1,1.000,spor,spor,1.52,0,0,0
77c4437a-3280-4005-8bc0-2f4a94c0f086,1,0.980,genel_kultur,spor,2.25,0,0,0
77c54a9c-7b3c-489e-99ed-99113ab191c6,1,1.000,cografya,cografya,2.35,1,0,0
77c705ee-a4d6-41c1-9283-381f88c7cb14,1,0.990,muzik,muzik,2.16,0,0,0
77c9e5aa-e175-420e-9151-8b19a25f6a1f,1,1.000,cografya,cografya,2.53,0,0,0
77cd4ef2-92e0-4e77-b44b-690cc9babfb0,1,1.000,bilim,bilim,2.06,0,0,0
77d6e47c-5450-4fca-86a6-9ab9d490744d,1,1.000,sanat,sanat,1.60,0,0,0
77f8545a-cce3-49e4-9f95-6b205c0e1dc6,1,1.000,tarih,tarih,1.90,0,0,0
77f16153-b221-4744-8db0-870d42db11e1,1,1.000,tarih,tarih,1.92,0,0,1
77fb090c-6ec1-4ced-b161-83d29a0ff337,1,1.000,cografya,genel_kultur,1.90,0,0,0
7800065e-449a-48a2-9a0f-0eaa39784aca,1,1.000,genel_kultur,teknoloji,1.83,0,0,0
781f7035-fc3e-4b4a-910b-62c5eb72583f,1,1.000,sinema,sinema,1.52,0,0,0
782575b7-9b52-406e-8e8d-e50a1b8907cd,1,1.000,muzik,muzik,2.03,0,0,0
7818d995-cee3-437a-be8e-6c594125fb18,1,0.970,teknoloji,teknoloji,3.89,0,0,0
7826c55f-9794-477b-a453-b7372cae07fc,1,1.000,cografya,cografya,2.13,0,0,0
782cacd6-0987-4ba0-8eec-63f2e8629c20,1,1.000,edebiyat,edebiyat,3.44,0,0,0
782e3371-ac12-470c-bfb9-5440c8eb2834,1,1.000,teknoloji,teknoloji,3.88,0,0,0
782f09d3-3e5d-4939-9e02-aae91692bbe8,1,1.000,muzik,muzik,2.34,0,0,0
782cef1b-e5f3-4a27-a440-8cc96a526077,1,1.000,cografya,cografya,2.29,0,0,0
783c60e8-6355-4a66-affd-0d20f7b81838,1,1.000,muzik,muzik,1.75,0,0,0
7842de93-2481-428a-ae0c-1c58fd002cc2,1,1.000,sanat,tarih,3.16,0,0,0
784ad954-1871-4cc5-af3c-cb659e808f47,1,1.000,sanat,sanat,2.62,0,0,0
784daa1a-4e28-425a-a920-2a9c23b5f5d2,1,1.000,bilim,bilim,2.13,0,0,0
784c4c97-2184-42df-aac9-0fb3658b545b,1,1.000,edebiyat,edebiyat,2.72,0,0,0
784f34c0-8779-4005-8c80-91e70286ec3d,1,1.000,teknoloji,teknoloji,2.99,0,0,0
785004c6-6357-4210-b2e2-577c8c718e71,1,0.770,cografya,cografya,2.97,0,0,0
7857be0e-8aed-44c5-a3de-537e713824a6,1,1.000,cografya,cografya,2.78,0,0,0
7875a5bb-21eb-42d6-a5d7-9a5bcd830d37,1,1.000,tarih,tarih,2.95,0,0,0
7881f712-b5cf-44a4-b1bf-93f707e9d0fd,1,1.000,cografya,cografya,2.47,0,0,0
78771ade-0a5b-456e-b883-0295808f2e2e,1,0.990,genel_kultur,genel_kultur,1.78,0,0,0
7883fd55-ff99-495b-8dc3-288e93366bf6,1,1.000,bilim,bilim,1.60,0,0,0
788836a9-f833-4cbf-a3e0-473e186af330,1,0.980,edebiyat,edebiyat,3.12,0,0,0
788cbead-ea74-44b3-827d-59b3832f7d72,1,0.140,sinema,sinema,2.83,0,0,0
789ddd71-524b-4277-aa63-09fd81f98515,0,0.070,edebiyat,edebiyat,2.88,0,0,0
788d2c49-cae5-47eb-8906-b4c03d33b12f,1,0.970,bilim,bilim,1.91,0,0,0
78a2cc63-bde0-4a61-a73b-a34e9fd6bf9a,1,1.000,teknoloji,teknoloji,3.44,0,0,0
78a8cf76-3909-4b5c-b74c-2307fe07c2fc,1,1.000,teknoloji,teknoloji,2.65,0,0,0
78a9715e-152d-4e92-bb9c-f5c97017fef1,1,1.000,cografya,cografya,2.26,0,0,0
78aa1cf0-f179-4346-8ae5-77fdb5565c85,1,1.000,muzik,muzik,3.36,0,0,0
78b6e02e-1482-42cd-96c2-8f175ea33065,1,1.000,teknoloji,teknoloji,3.19,0,0,0
78aa4ca3-4a5c-4455-8909-e63e7f0b7a9a,1,1.000,sinema,sinema,2.52,0,0,0
78bbef5c-386d-47f3-b5e9-bdda1d165812,1,1.000,sanat,sanat,2.38,0,0,0
78c34c3d-3ba4-41bd-8119-bb44d43f49dc,1,0.990,sinema,sinema,3.11,0,0,0
78cceebc-5f62-498c-b403-0d5720352d22,1,1.000,edebiyat,edebiyat,2.06,0,0,0
78d46159-2514-43ce-a43d-71fabaff8dde,1,1.000,muzik,muzik,3.21,0,0,0
78ceb880-1ff0-4bee-87fc-eb6bea5c8f00,1,1.000,muzik,muzik,2.17,0,0,0
78dda7b8-a7ab-4f6a-9f28-fd0e3d829d55,1,1.000,teknoloji,teknoloji,2.07,0,0,0
78e5cb4b-68f1-46ff-aeb8-efd7643afbc4,1,1.000,bilim,bilim,2.11,0,0,0
78ea03dd-e097-4224-8afe-475b2d03e5e2,1,1.000,edebiyat,edebiyat,1.32,0,0,0
78e331db-4626-4e15-9e78-94dabfdeddd4,1,0.260,sanat,sanat,4.29,0,0,0
78f0fda0-3478-4e6a-9ab1-6fdd5ddb19c2,1,1.000,genel_kultur,sinema,2.21,0,0,0
78f30c92-55ce-4c49-b776-aec2289720b1,1,0.910,tarih,tarih,2.26,0,0,0
791f42f0-e75a-418e-ac68-79dbd851f0db,1,1.000,sanat,sanat,2.25,0,0,0
7904a593-bf6c-4d3d-b19d-0c6285b11dc8,1,1.000,genel_kultur,edebiyat,2.45,0,0,0
78f3d626-90c6-481b-a615-08043c113888,1,1.000,sanat,sanat,2.77,0,0,0
791f452e-f719-4f7d-94d9-7511a28a20fe,1,1.000,tarih,tarih,3.00,0,0,0
7923f499-0370-479e-b69e-4abbd48bdad2,1,1.000,sinema,sinema,3.03,0,0,0
79252d01-c629-4570-96c0-67a95407b12a,1,0.860,sanat,sanat,3.88,0,0,0
7926c5c9-3253-4cf9-bd0e-a6e4a85f867d,1,1.000,edebiyat,edebiyat,1.86,0,0,0
7927b9a5-08e7-4838-9185-56322788840b,1,1.000,edebiyat,genel_kultur,1.79,0,0,0
79285465-4a4d-4647-b17d-e016c884a756,1,1.000,sinema,sinema,2.87,0,0,0
793b974d-d030-4025-b1e9-994c5a2e97a6,1,1.000,teknoloji,teknoloji,3.77,0,0,0
793f96fc-3117-452d-9db6-f95f07cb27ce,1,1.000,genel_kultur,tarih,2.06,0,0,0
793b97da-e8b8-4849-9c59-cbcecdb60af0,1,1.000,genel_kultur,cografya,1.59,0,0,0
793fef80-ca25-4b49-9437-1306300c59e5,1,1.000,sinema,sinema,2.20,0,0,0
79477bea-573d-4da3-87c2-78ebba150986,1,1.000,tarih,tarih,2.02,0,0,0
7947c94b-325f-48e5-bcad-464e38fe9582,1,1.000,teknoloji,teknoloji,3.77,0,0,0
794e2423-56a5-4c6c-b8d4-ca0c167d95b1,1,1.000,cografya,cografya,2.05,0,0,0
794e77e3-3cd1-4cb5-b912-217999362a5d,1,0.940,tarih,tarih,2.79,0,0,0
79546bf7-6d3d-44a6-a704-1bdb9b86e8d3,1,0.990,bilim,bilim,1.92,0,1,0
7956fcc8-0324-496a-a807-246c98f93fcc,1,1.000,bilim,bilim,1.59,0,0,0
7962cf24-5426-4655-9c85-91b62f32e924,1,1.000,muzik,muzik,2.94,0,0,0
796bdc51-e096-4468-a06e-21b93b8de2f8,1,1.000,bilim,bilim,1.86,0,0,0
79686e00-80d8-46ad-bea0-3bd201c76831,1,1.000,sinema,sinema,2.94,0,0,0
79706d5b-078b-48de-9059-8d483847eda9,1,1.000,sinema,sinema,3.63,0,0,0
797370de-0013-4942-80ae-570aa212de6d,1,1.000,sinema,sinema,1.58,0,0,0
7974c328-e17f-4e0d-bfdd-4f8235ea4990,1,1.000,cografya,bilim,2.36,0,0,0
7987a08d-42a4-4084-a3fd-36562ced9a01,1,0.940,muzik,muzik,2.53,0,0,0
797aa9dd-4e50-45c1-b19b-73ad91eed233,1,1.000,bilim,bilim,1.99,0,0,0
798bf606-eb35-4be2-a248-a4adae19dc4b,1,1.000,genel_kultur,bilim,1.80,0,0,0
7991d052-67c8-4018-89ba-fe6def637fb7,1,1.000,spor,spor,1.71,0,0,0
7990ef9c-4a39-4e72-801f-a2418f7c26cf,1,1.000,muzik,muzik,2.26,0,0,0
799a94d1-82cc-4c91-9349-288a82e95774,1,0.980,cografya,cografya,3.07,0,0,0
79986ce4-a86b-4641-a80c-13263c9355c4,1,1.000,cografya,cografya,2.94,0,0,0
79a052be-3f84-4307-8ff9-2392a9413e87,1,1.000,genel_kultur,genel_kultur,1.68,1,0,0
79a13240-5e7d-4543-9a2b-ef0b9861411c,1,1.000,sinema,sinema,2.33,0,0,0
79a4a2f7-26c8-40b9-b990-6ad104b25f81,1,0.950,cografya,cografya,2.62,0,0,0
79adf793-f085-475b-adf6-35513b54975b,1,1.000,muzik,muzik,3.68,0,0,0
79ad55af-2955-4265-9568-746d170a46d1,1,1.000,teknoloji,teknoloji,1.87,0,0,0
79af0431-7bd5-4185-beff-008bc39d28b7,1,1.000,tarih,tarih,1.63,0,0,0
79afcdf2-3eda-4e68-9e18-ccd26670e9c4,1,1.000,teknoloji,teknoloji,2.64,0,0,0
79af6e65-06eb-4a11-a929-2ca9e9fbdc9d,1,1.000,edebiyat,edebiyat,3.15,0,0,0
79b1abea-ae2e-4750-b399-308006a77ace,1,1.000,tarih,tarih,3.58,0,0,0
79b8d60d-4968-4415-9df3-1b4acd86608a,1,1.000,tarih,tarih,2.18,0,0,0
79b1bc66-ff72-4221-94fa-c962dae1f0bf,1,1.000,teknoloji,teknoloji,2.86,0,0,0
79bcbdc5-397b-4a9a-a3f4-0c3a536a68d9,1,0.960,sanat,sanat,1.74,0,0,0
79c01cbc-9ecc-4154-826f-926ae4f3bac4,1,1.000,spor,spor,1.55,1,0,0
79c6c3da-9f36-41f3-a971-17fd01d5773e,0,0.390,muzik,muzik,1.99,0,1,0
79cac15f-11d7-4784-981d-890adccc9e42,0,0.050,edebiyat,edebiyat,4.01,0,0,0
79c8deb1-78c1-4563-924d-3a0553c0f7ab,1,0.540,spor,genel_kultur,4.31,0,0,0
79ea2a21-8f58-4b68-aeb9-ae48cb106478,1,1.000,teknoloji,teknoloji,2.04,0,0,0
79f20dd9-1079-46bf-8614-dfbe150ffe7c,1,0.990,edebiyat,edebiyat,3.05,0,0,0
7a071912-ce6c-4471-8940-7c2dd4276a74,1,1.000,genel_kultur,genel_kultur,1.25,0,0,0
7a0b9f15-1060-4df2-8448-f2e503e01b73,1,0.080,muzik,genel_kultur,3.03,0,0,0
7a0f311c-15f9-40d2-809e-f1e2304e4f75,1,1.000,edebiyat,teknoloji,1.21,0,0,0
7a1417d8-8a2e-40e3-bb9a-6b4d1e5f9e9d,1,1.000,teknoloji,teknoloji,2.69,0,0,0
7a1c8cf8-3629-4b77-b9c8-45f78d9e991b,1,1.000,sanat,sanat,1.36,0,0,0
7a2121a1-7a9d-4dec-a9a5-09fcf7bd7a28,1,1.000,cografya,teknoloji,2.29,0,0,0
7a309044-e52d-42c9-a5dd-65bca5a763a1,1,1.000,genel_kultur,bilim,1.96,0,0,0
7a48214b-d9e0-484f-b33c-e0df7eec92f3,1,0.980,cografya,cografya,2.40,0,0,0
7a4edcb1-2d04-43be-908f-9fcac0374fc7,1,1.000,bilim,bilim,1.75,0,0,0
7a5a51c2-8d45-48d8-a173-cf08f591ff60,1,1.000,bilim,bilim,1.96,0,0,0
7a6057e8-3706-4fa8-bc2b-01bfcd5a7921,1,0.320,genel_kultur,sanat,2.59,0,0,0
7a64238c-4992-4d3d-960d-971894a894d8,1,1.000,genel_kultur,genel_kultur,1.86,0,0,0
7a69b92f-8ac0-49e0-a8b6-6942f39d339d,1,1.000,tarih,tarih,1.91,0,0,0
7a6f4cde-433b-4789-a5c5-1dbb9d00b580,1,1.000,tarih,tarih,2.00,0,0,1
7a71dabf-b307-4d5e-8ab8-67aa7c5587c4,1,1.000,sanat,sanat,2.15,0,0,0
7a31cd03-1999-4adf-8fcf-8ea935bb6f13,1,1.000,genel_kultur,bilim,1.00,0,0,0
7a89dce9-2af2-4c66-a571-c3ba9ada3e8d,1,1.000,genel_kultur,genel_kultur,1.88,0,0,0
7a939b14-07eb-46db-b559-958d0817f910,1,1.000,genel_kultur,genel_kultur,2.02,0,0,0
7a98140d-ddd9-4d43-b7ca-6d4b91d89a58,1,1.000,muzik,muzik,3.56,0,0,0
7a98a4bf-9cbc-4248-a984-cbdfec809507,1,1.000,teknoloji,teknoloji,4.02,0,0,0
7aa09491-965a-459b-affd-6a5fd5e0e30f,1,1.000,edebiyat,edebiyat,2.47,0,0,0
7aa6abd2-44d5-491e-8037-10697305415c,1,0.810,sanat,sanat,4.01,0,0,0
7aae9c9f-05e5-4fa6-9859-a81d7ce45da1,1,1.000,cografya,cografya,1.48,0,0,0
7ab4bf06-0e50-4127-b524-3e7a6a8772a1,1,0.510,edebiyat,edebiyat,2.24,0,0,0
7ab45305-86df-4ba6-b46a-1421f5ef459f,0,0.900,tarih,tarih,2.34,0,1,0
7ab4c526-2ce7-4456-9a32-a0d34f366a29,1,0.990,spor,spor,2.63,0,0,0
7abc1fac-f88f-4530-867a-ba7fa07e9482,1,1.000,tarih,tarih,1.97,0,0,0
7ac0464d-7eea-4770-8096-0ef9c9472b25,1,1.000,sinema,sinema,3.48,0,0,0
7ac3e744-9554-4bee-b94a-448a6d3500cf,1,1.000,bilim,bilim,1.37,0,0,0
7ac1f068-1d6c-4095-9f07-1f3a2f19c37a,1,1.000,teknoloji,teknoloji,3.43,0,0,0
7ac9e308-16b9-4470-a7e0-2456e64f3350,1,1.000,cografya,cografya,1.77,0,0,0
7ad0b0f2-7cd6-4a1e-9c18-a1cc138b2ecd,1,1.000,spor,spor,2.79,0,0,0
7ad2036a-4413-4b41-8e62-7853b7a1bcbb,1,1.000,edebiyat,edebiyat,2.94,0,0,0
7ad4b3f8-3311-4f5b-bee2-a7339ef0f22a,1,1.000,teknoloji,teknoloji,3.06,0,0,0
7add689c-4666-4fa5-92c5-1ae2c27ff841,1,1.000,bilim,bilim,2.13,0,0,0
7ae79fb3-2040-411a-a820-fa89905e2ce8,1,1.000,tarih,genel_kultur,1.82,0,0,0
7aea5858-1dfd-454d-b040-d7469c70e8d8,1,1.000,bilim,bilim,1.66,0,0,0
7adfea42-735a-4823-b21e-ed5fac4b1a34,1,1.000,edebiyat,edebiyat,1.60,0,0,0
7af9e8c8-29cb-4268-ad00-d80e506db7d2,1,1.000,spor,spor,2.68,0,0,0
7af295d7-5382-45e6-976d-34e7c556562a,1,1.000,spor,spor,2.83,0,0,0
7b0121b7-b7f6-4d34-8e5d-ceb360b440fb,1,1.000,sanat,sanat,2.47,0,0,0
7b015cdc-4d2c-4b57-a5ed-4aa1b58f0b46,1,1.000,sanat,sanat,2.97,0,0,0
7b0346f0-b6a2-46b8-bbea-4aa7e8d3196e,1,1.000,genel_kultur,genel_kultur,2.76,0,0,0
7b073ddb-64cd-40eb-9122-13cfd7732b42,1,1.000,tarih,tarih,2.08,0,0,0
7b18878e-9694-42d2-8783-db1767774db9,1,1.000,genel_kultur,bilim,2.74,0,0,0
7b1889d4-a29b-46c8-b12b-7713ad9e5d21,1,1.000,sinema,sinema,2.92,0,0,0
7b265564-becb-46be-a81b-8a17d6bb73d7,1,1.000,cografya,bilim,2.24,0,0,0
7b3c2392-c103-43a9-925d-70e101df984b,1,1.000,sanat,sanat,2.36,0,0,0
7b3e91a5-90a4-4d22-b4b9-fe1720987d4a,1,1.000,cografya,cografya,2.01,0,0,0
7b51555e-0fa6-45d2-9341-2dbabb3bd6f0,1,1.000,tarih,tarih,1.94,0,0,0
7b4ac358-9bbf-4d35-ae99-ac58be746f0c,1,0.990,spor,spor,2.35,0,0,0
7b52d790-7181-4dc5-8262-5f5ec515d952,1,0.960,cografya,cografya,2.09,0,0,0
7b57f339-7952-4e94-a860-cd1663af276e,1,1.000,teknoloji,teknoloji,1.61,0,0,0
7b57d2f1-7b15-4cc5-863a-19991dc119ab,1,1.000,teknoloji,teknoloji,2.86,0,0,0
7b55a973-f4bc-4565-adaa-38974d17c5ce,1,1.000,teknoloji,teknoloji,3.76,0,0,0
7b5ab3e0-ea23-487f-89c8-7a7937f164e6,1,1.000,edebiyat,edebiyat,2.30,0,0,0
7b5e9b5e-98f7-4998-8dc8-6e16857db48b,1,1.000,cografya,cografya,1.29,0,0,0
7b5f7c9d-bb2d-41e7-bef3-68e277f01f6a,1,1.000,muzik,muzik,3.50,0,0,0
7b69cd08-a8a9-46c3-8b2a-752ec4c79c90,1,1.000,muzik,muzik,2.87,0,0,0
7b6feacc-ad93-4b79-9b27-20f24601ca2c,1,1.000,tarih,tarih,1.83,0,0,0
7b071cc7-e5dd-46c4-a773-329af9307cb9,1,0.990,genel_kultur,bilim,2.52,0,0,0
7b762f24-bdd3-4880-91ea-f5566c360cd1,1,1.000,muzik,muzik,2.96,0,0,0
7b79ddfa-bfd5-401b-af20-e0eba49a9bdd,1,1.000,tarih,tarih,2.01,0,0,0
7b7ae052-0c3b-492c-b95b-0729ba0c16ee,1,1.000,cografya,cografya,2.57,0,0,0
7b7f6b69-9eed-4695-80a3-079bc8d17ed6,1,1.000,sanat,sanat,2.59,0,0,0
7b805ace-bd34-4d19-840c-f105d4380939,1,1.000,genel_kultur,tarih,2.28,0,0,0
7ba345b0-b2eb-48e5-a59b-702949e970cf,1,0.980,spor,spor,2.23,0,0,0
7b8c51f1-0774-401c-83db-b418141a509f,1,1.000,sinema,sinema,2.39,0,0,0
7b85e3b8-9fac-4d16-b721-0ab00503aaf5,1,1.000,tarih,tarih,1.40,0,0,1
7bae7e45-d9fc-42d8-b551-155bd2c3ea9c,1,1.000,genel_kultur,bilim,1.29,0,0,0
7bafeeff-fb61-45ea-87be-66cdf298f2f0,1,1.000,cografya,cografya,2.68,0,0,0
7bb1dd9a-c8ff-4674-a6bf-be4ea6cfc047,1,1.000,bilim,bilim,1.48,0,0,0
7bb2fa85-60d0-4e02-80b2-75776046e0a8,1,1.000,muzik,muzik,2.89,0,0,0
7bbb3938-2963-47cf-a068-d59413593a28,1,1.000,tarih,cografya,1.17,0,0,0
7bbc15f4-09ee-4876-8346-7bb2a21b253f,1,0.870,spor,spor,2.49,0,0,0
7bbd4253-27b8-41a5-a80f-0eebb4ca2f75,1,1.000,cografya,teknoloji,1.87,0,0,0
7bc1424f-d002-4fc3-942a-2cd8ecaac843,1,1.000,cografya,cografya,3.34,0,0,0
7bc9110d-b1b3-4922-b316-72449b6105f1,1,1.000,teknoloji,teknoloji,2.03,0,0,0
7bc21bcf-dcf3-4c3b-b957-056e90e6a268,1,1.000,cografya,genel_kultur,1.83,0,0,0
7bca4e49-77e1-446f-8bb1-da7d6d7f122c,1,1.000,tarih,tarih,1.88,0,0,0
7bd78dfc-56d0-47fe-8cbf-b7a2c0353462,1,0.800,muzik,muzik,3.51,0,0,0
7be2297e-9d54-4295-af39-78637bbc45d7,1,1.000,cografya,cografya,1.93,0,0,1
7be535a6-8a8a-4792-9237-f495de335abc,1,1.000,cografya,cografya,2.37,0,0,0
7c0051f8-0fce-4423-a070-cf01f587c657,1,1.000,edebiyat,edebiyat,3.34,0,0,0
7bec4518-2ef4-47bd-acdd-09558578bfa6,1,1.000,teknoloji,teknoloji,3.71,0,0,0
7c19e1c8-8671-449f-ad17-167886b4d039,1,1.000,sanat,sanat,1.96,0,0,0
7c1e63ed-9159-4975-ae1f-3eae82539f59,1,1.000,cografya,cografya,2.08,0,0,0
7c1e7d4e-1b24-43e4-bfd9-d395f19add2b,1,1.000,genel_kultur,genel_kultur,2.81,0,0,0
7c1f43c0-f5fc-46ee-b31b-f8570ceef0ef,1,1.000,sanat,sanat,1.98,0,0,0
7c23891d-9fbd-4cc1-8f13-90fdd56d612b,1,0.990,tarih,tarih,2.38,0,0,0
7c23ffd5-fd79-4eba-8fc2-9a022b788297,1,1.000,spor,spor,2.36,0,0,0
7c069fe2-493b-47f7-87c5-9937af31e0d5,1,1.000,genel_kultur,bilim,1.78,0,0,0
7c2d1423-77af-476e-acba-4a79cfa7c6a4,1,1.000,cografya,cografya,2.11,0,0,0
7c2e9013-5ed7-47b5-8162-146d9a893963,1,0.990,cografya,cografya,2.32,0,0,0
7c3105f7-9f95-484f-b62a-832bff0cf36b,1,1.000,bilim,bilim,1.82,0,0,0
7c39a9cb-0d96-4801-8f2e-3e749ae11e13,1,1.000,muzik,muzik,3.31,0,0,0
7c3ac615-3335-41d4-bca7-071d7bba5ece,1,1.000,sinema,sinema,3.16,0,0,0
7c3b5c98-efa2-43c9-a308-e465084202f0,1,1.000,muzik,muzik,1.84,0,0,0
7c3cf6b1-f100-4b37-9f47-fad65b14ff95,1,1.000,cografya,bilim,1.98,1,0,0
7c3ec125-5fa7-4423-a665-73e26c60130b,1,1.000,tarih,tarih,2.75,0,0,0
7c442124-b165-4474-96a3-b9ce5e7ec02a,1,1.000,bilim,bilim,2.86,0,0,0
7c4abf34-64fc-428d-8e77-5cbcfb9967f6,1,1.000,cografya,cografya,2.48,0,0,0
7c4cc6e5-659c-49c9-895c-14615bd0ffca,1,1.000,tarih,tarih,2.27,0,0,0
7c518fbd-89a9-4c15-bb65-833cd5ed2163,1,1.000,teknoloji,teknoloji,3.34,0,0,0
7c53921c-260c-4b72-aed7-9188fc145099,1,1.000,sinema,sinema,1.12,0,0,0
7c556621-7d26-40ba-95e1-cc48de6f7669,1,0.980,muzik,muzik,3.20,0,0,0
7c5ab024-5d37-4860-b5ab-2f1852e92489,1,1.000,tarih,tarih,2.28,0,0,0
7c60c170-df45-4cba-bcde-d4655abd6969,1,1.000,genel_kultur,spor,1.44,0,0,0
7c661c34-eeb0-4a5a-a860-bf3621987f08,1,1.000,teknoloji,teknoloji,3.10,0,0,0
7c67d913-a226-490d-8dfa-bb57925d64d6,1,0.150,cografya,cografya,3.30,0,0,0
7c6dc646-0cb5-4b4b-9f5f-7b6de07e59db,0,0.290,spor,spor,2.49,0,0,0
7c6e850f-3b5b-44bc-87f3-414890634098,1,1.000,spor,spor,2.89,0,0,0
7c72e21e-df5a-4ef4-975b-62facbf04a83,1,1.000,cografya,cografya,1.73,0,0,0
7c7c6178-10e9-4bfd-bca6-3a131eecdf32,1,1.000,muzik,muzik,1.99,0,0,0
7c78cefd-aae3-4626-874d-b9d6a1e5c604,1,0.770,tarih,tarih,2.59,0,0,0
7c97b225-b623-46e3-bd8d-bbbc2827aaae,1,0.990,muzik,muzik,1.99,0,0,0
7c9fdd74-cea6-416d-9764-04bb71a894a5,1,1.000,cografya,genel_kultur,1.24,0,0,0
7ca53c57-245c-43cb-b5fb-cfe7ceee2959,1,1.000,genel_kultur,genel_kultur,1.40,0,0,0
7ca81a4e-9f38-42dd-9732-55a8b5cb5a97,1,0.920,genel_kultur,cografya,3.51,0,0,0
7ca77966-9d4e-4e89-bc57-f3bc9f7ee6ad,1,1.000,edebiyat,edebiyat,1.86,0,0,0
7ca21ac2-c0f8-40c5-9062-14ea50d6d24b,1,1.000,tarih,tarih,2.84,0,0,0
7ca906cb-4c6c-44dd-b0fd-413ab7753799,1,0.980,muzik,muzik,3.50,0,0,0
7cbff9e2-7c8e-48f2-8311-dc3a93e4d0e2,1,1.000,tarih,tarih,1.87,0,0,0
7cc32c2a-8149-42d1-a85b-379bf875e317,1,1.000,teknoloji,teknoloji,1.74,0,0,0
7ccb3be7-c74f-442c-8694-d3ef5dfad20d,1,1.000,tarih,tarih,2.02,0,0,0
7cda0943-eddf-48d5-b213-e7fa893c29de,1,0.990,muzik,muzik,2.94,0,0,0
7cde6a04-85de-4b46-b9c3-bb55103f594c,1,0.990,genel_kultur,sinema,2.05,0,0,0
7cdf9760-ba05-4cec-9027-debcc1daca0c,1,1.000,sanat,sanat,2.89,0,0,0
7ce41e8c-52c3-4135-945c-5a10eeb802b5,1,1.000,cografya,cografya,1.90,0,0,0
7ce9dfcf-c8b6-4679-b34f-201a92d137e9,1,1.000,cografya,tarih,2.29,0,0,0
7ceb0946-3d52-46d7-a027-6a36365a6cb2,1,1.000,edebiyat,edebiyat,2.21,0,0,0
7cf575c0-3cee-4825-956e-3434ee8d4335,1,0.980,sanat,sanat,1.04,0,0,0
7cf6224c-21a3-4b97-a05a-063c8adc6841,1,1.000,cografya,cografya,2.51,0,0,0
7cf84fb2-8724-4088-9270-6457709c44f5,1,0.860,cografya,cografya,2.38,0,0,0
7d04b1b8-0af5-4b28-97c2-70a4e15899c1,1,0.980,sanat,sanat,2.66,0,0,0
7cfed935-3d59-4c8a-820b-a4d19e253c48,1,1.000,bilim,bilim,1.98,0,0,0
7d052b83-0179-4c76-9914-2b9ec5223d24,1,1.000,tarih,genel_kultur,2.68,0,0,0
7d05de15-bbcd-46e2-b2d2-edc89b694900,1,1.000,sinema,edebiyat,1.94,0,0,0
7d0c9585-15b6-490d-823a-9e7abcb75604,1,1.000,cografya,cografya,1.20,0,0,0
7d196e74-be31-4811-9add-d1c940ad28b9,1,0.930,edebiyat,edebiyat,3.66,0,0,0
7d1a0245-1f11-424c-bc9a-117f22cbc63b,1,1.000,genel_kultur,teknoloji,2.62,0,0,0
7d1d93e0-4d6f-4c5f-88b0-c64785d377ac,1,1.000,spor,spor,2.51,0,0,0
7d247d6e-1d87-4e99-9087-50089e831f37,1,1.000,muzik,muzik,2.34,0,0,0
7d292eb4-5a62-44d1-a3eb-391ad2fa5f46,1,0.990,muzik,genel_kultur,1.84,0,0,0
7d359e82-155c-4be2-96db-c90a66fbf21c,1,1.000,spor,spor,2.88,0,0,0
7d3c67d5-5f02-49d3-8823-5652d7fcadea,1,0.990,genel_kultur,cografya,2.84,0,0,0
7d473abd-df79-4bd0-bd5e-a01ccd47555d,1,1.000,sinema,sinema,4.02,0,0,0
7d39b76b-1902-49ec-b501-9da92e5c23dd,1,1.000,cografya,cografya,2.21,0,0,0
7d4e99db-cd43-480e-bca5-b5bbe156d58e,1,1.000,spor,spor,2.37,0,0,0
7d6bd2ce-6e53-4f45-bdfd-3d4c74ff8553,1,1.000,spor,spor,3.07,0,0,0
7d86b7fb-b8ba-4f05-9645-47dc1fa6ab81,1,1.000,edebiyat,edebiyat,1.77,0,0,0
7d7d645a-4e3a-45ab-8ad8-149332f250f4,1,1.000,bilim,bilim,2.54,1,0,0
7d909f5d-b998-4230-b002-d1ef58c0cd63,1,1.000,cografya,bilim,1.32,0,0,0
7d91894a-f2f8-4a35-91b0-ac6ccff911f1,1,0.980,cografya,cografya,2.15,0,0,0
7d93483c-4439-4f37-8b4d-048128f3902d,1,1.000,genel_kultur,cografya,1.98,0,0,0
7d93ba0b-1b8c-43bb-87a9-46597a5ecbc9,1,1.000,muzik,muzik,2.57,0,0,0
7d95f6a2-c0dc-438d-a099-05d4096f5225,0,0.880,genel_kultur,edebiyat,3.20,0,1,0
7d98a4b7-0a23-4212-a0e3-6e784cf9db61,1,1.000,teknoloji,teknoloji,4.07,0,0,0
7d9d48c1-c52b-4ad7-8b26-c4d68a0a6187,1,1.000,edebiyat,edebiyat,2.28,0,0,0
7da07d0c-b6fb-4f65-a3cf-e42d0c609fbb,1,1.000,muzik,muzik,3.40,0,0,0
7da16f74-c5d6-4eab-a67d-21c68fe0a1ba,1,1.000,genel_kultur,genel_kultur,1.88,0,0,0
7da591a0-1876-4308-ae5e-33e7e9dc6bdd,1,0.990,cografya,cografya,2.83,0,0,0
7daac8ed-ca89-43d9-852c-7f08703cc88d,1,1.000,bilim,bilim,1.97,0,0,0
7dbbf77a-3e21-4719-bc66-d9194f9a805b,1,1.000,sinema,sinema,2.95,0,0,0
7dc17d36-94da-44d8-9742-7924dbf74490,1,1.000,sanat,sanat,1.71,0,0,0
7dd320d3-1b85-488b-87b4-31e9493e6db3,1,0.960,muzik,muzik,1.19,0,0,0
7dd6919d-3659-4cb3-9213-188fe79971cf,1,1.000,edebiyat,genel_kultur,1.64,0,0,0
7ddab484-258b-4462-827d-03c1eb667eb9,1,1.000,cografya,bilim,2.28,0,0,0
7df1effb-63f2-42fe-8c61-826496e5c742,1,1.000,spor,spor,1.97,0,0,0
7df6a3fa-2520-47ab-9fa4-46ed5f6b89ad,1,0.990,tarih,tarih,2.25,0,0,0
7dfa7c20-cc52-4a20-8bfd-75c8f5e1df1b,1,1.000,genel_kultur,genel_kultur,1.00,0,0,0
7dfbe70a-b607-43d5-9419-4bd588af69a2,1,1.000,sinema,sinema,2.59,0,0,0
7deea844-46de-4fbe-9efb-ec7ea100ae14,1,1.000,bilim,bilim,1.96,0,0,0
7e1bf2c9-1063-4aed-9ed2-2eb17f7008e1,1,1.000,bilim,bilim,1.81,0,0,0
7e115937-6c7a-485e-b2d3-0fb3e205a615,1,1.000,edebiyat,edebiyat,1.94,0,0,0
7e1d7a91-a647-4981-93c1-5d92f91a042c,1,1.000,sinema,sinema,2.03,0,0,0
7e22dafb-5468-43bf-8f1c-9f290f4eace7,1,1.000,tarih,tarih,2.05,0,0,0
7e256f41-904b-41a8-a39b-7b1f81f6e653,1,1.000,cografya,cografya,2.08,0,0,0
7e3a8837-5234-42b4-bb49-11c71cfd1ad4,1,1.000,sinema,sinema,2.68,0,0,0
7e289377-b536-4754-9a3d-5841e4ab3a89,1,1.000,edebiyat,edebiyat,2.54,0,0,0
7e3af87c-225a-41b3-841b-e469446dc763,1,1.000,bilim,bilim,1.80,0,0,0
7e3b0826-449b-42f3-bea9-fe8fa7256e70,1,1.000,genel_kultur,sinema,1.07,0,0,0
7e3cf80a-db51-40e2-af3e-8743daad321d,1,1.000,cografya,cografya,1.70,0,0,0
7e47d1ad-a631-413c-bc2f-0315dd86e7f3,1,1.000,teknoloji,teknoloji,2.47,0,0,0
7e44535e-b8bc-4cde-9b46-4b3d6a1921cd,1,0.990,sinema,edebiyat,2.62,0,0,0
7e50dce6-45d0-4f93-9d1a-6da2a6e5f394,1,1.000,sinema,sinema,1.68,0,0,0
7e58387c-04ae-49aa-b3dd-d94a6c7fb6a5,1,1.000,sinema,sinema,3.63,0,0,0
7e5d4607-54e0-4e33-8758-dec7e28a38bc,1,1.000,spor,spor,2.09,0,0,0
7e60ed9b-92b9-407a-90fa-7750ebd2000a,1,0.990,sinema,sinema,3.83,0,0,0
7e6df4e7-4ad3-4c2f-bec4-163a65764ce2,0,0.200,spor,spor,3.11,0,0,0
7e66691f-5bbc-47f5-b4f2-b4892ef360fa,1,1.000,cografya,teknoloji,2.52,0,0,0
7e7855ef-227e-4d39-8dd3-1f51b2891b4f,1,1.000,muzik,bilim,1.60,0,0,0
7e7a3d5f-38d9-4243-8e00-3b2441b118ea,1,0.990,cografya,teknoloji,4.07,0,0,0
7e83e6bf-9fdf-4755-9208-8ca48f844757,1,1.000,tarih,tarih,2.63,0,0,0
7e8631d3-3e88-4c81-810a-359bf2df75ad,1,1.000,teknoloji,teknoloji,1.85,0,0,0
7e87c29d-4614-4b56-95a7-70a582f1ae3e,1,1.000,tarih,tarih,2.24,0,0,0
7e8ef0aa-0860-4915-9b54-bd1276881b16,0,0.040,muzik,genel_kultur,3.25,0,0,0
7e875257-1836-4d14-a0cf-135414b50437,1,1.000,sanat,sanat,1.02,0,0,0
7e971ae9-98db-4cff-a51d-fec4352e088a,1,1.000,bilim,bilim,1.83,0,0,0
7e973915-623d-4800-9004-eccf773e8e7c,1,1.000,tarih,cografya,1.92,0,0,0
7e9f966f-247f-4c7b-830e-3f411fea0576,1,0.720,sanat,sanat,3.75,0,0,0
7ea2d60d-8cf6-4b71-8042-ada16b613bb7,1,1.000,cografya,cografya,3.96,0,0,0
7eb316f5-c181-4147-921b-eb2b84d8331b,1,0.560,cografya,cografya,2.19,0,0,0
7eb815fa-8c2d-4668-9ed6-f911cde663bb,1,1.000,teknoloji,genel_kultur,2.29,0,0,0
7eb81688-5dec-4bb6-ab9e-606f881448b0,1,1.000,sanat,sanat,2.50,0,0,0
7ebb5480-90db-4a92-bbd1-922a116db431,1,0.980,sanat,sinema,1.62,0,0,0
7eceb8bb-983e-4591-b567-b0ee961f640e,0,0.330,tarih,tarih,2.64,0,1,0
7ed5a280-5338-4c58-a23a-48c6ffa80f4f,1,1.000,cografya,cografya,2.03,0,0,0
7ee2bcd0-1164-4d52-9e91-db940eadd1ea,1,1.000,sinema,sinema,2.83,0,0,0
7eebdd0a-a94c-454f-b37a-147e4100d22c,1,0.980,cografya,cografya,2.75,0,0,0
7eec418f-f21e-4a0a-8a9c-7bb656b75975,1,0.990,sinema,edebiyat,2.48,0,0,0
7ef85c59-c589-4652-b285-7d37b0563265,1,0.980,cografya,cografya,2.22,0,0,0
7efa4f48-4601-4000-aef7-2d1ff14d7195,1,1.000,sanat,sanat,3.04,0,0,0
7efbf9ae-465e-4d6f-989f-01f2a3892603,1,0.980,tarih,genel_kultur,3.35,0,0,0
7f006ae5-12e6-4b57-b85a-eb1b33e54e2e,1,1.000,teknoloji,teknoloji,3.65,0,0,0
7f012e0c-7fe3-428f-842e-c4fc67a3d2fd,1,1.000,bilim,bilim,2.38,0,0,0
7f12fa40-ce4d-4923-9ac2-8de31bfb31ec,1,1.000,sinema,sinema,2.68,0,0,0
7f15d2ad-2607-4ce1-a470-2cd0268a65e0,1,0.980,muzik,muzik,1.85,0,0,0
7f1ea8b9-0106-4f18-82d7-98642c47db9e,1,1.000,spor,spor,1.89,0,0,0
7f258f3e-334f-406d-8a59-da751d32660f,1,1.000,edebiyat,edebiyat,3.28,0,0,0
7f2c95fb-1519-43e3-87c0-861ac7f7e899,1,1.000,sanat,sanat,2.53,0,0,0
7f32996e-7c4b-4205-82ac-b4c99b5235d2,1,0.580,muzik,genel_kultur,2.38,0,0,0
7f3b1166-c619-4054-807c-164f016b9d4c,1,0.890,spor,spor,2.87,0,0,0
7f447d0b-29d5-409e-a6c8-405c631c6bd5,1,1.000,spor,spor,2.25,0,0,0
7f50aea8-a2aa-424c-b6c9-486a6387cc61,1,1.000,cografya,cografya,2.23,0,0,0
7f57b6da-3634-4a09-a7b0-e87bba832443,1,1.000,cografya,cografya,2.13,0,0,0
7f649ed4-a629-45ee-bae9-336032ad9fa3,1,1.000,bilim,bilim,2.11,0,0,0
7f6a40a5-67cc-482f-a741-7c07d6c3948e,1,1.000,spor,spor,2.53,0,0,0
7f6bc959-933f-43b6-b6a9-e8bb57ccc44d,1,1.000,spor,spor,1.85,0,0,0
7f72e797-8e15-4ef3-935f-310f2c80f96e,1,1.000,cografya,cografya,1.70,0,0,0
7f6c5ae2-551e-4c3f-8e7c-5821c2f39242,1,1.000,cografya,cografya,2.80,0,0,0
7f733b7d-97dc-43c2-bf6a-232a6ca932c7,1,1.000,tarih,tarih,1.90,0,0,0
7f79ac23-d7e6-4f58-b2a8-8ac353371d1a,1,0.970,tarih,tarih,2.12,0,0,0
7f7a2974-4cae-4b9e-bcdb-e937617d0301,1,1.000,tarih,genel_kultur,1.58,0,0,1
7f7d6eb4-923b-4efb-8b79-96363be9e042,0,0.520,genel_kultur,genel_kultur,3.50,0,0,0
7f7ebd16-78e3-4d64-b4b1-2326cb46da9d,1,1.000,cografya,cografya,1.89,0,0,0
7f82c7c7-36af-48cc-a5d9-7cef55f3fc4c,1,1.000,genel_kultur,tarih,2.26,0,0,0
7f8a7830-684c-463f-aeaf-b3d5847241ca,1,0.950,sanat,sanat,3.19,0,0,0
7fab23fd-526c-4be6-951b-419a085b54e6,1,0.920,muzik,genel_kultur,2.76,0,0,0
7fad0b5b-5430-4ec6-9239-fb8b1391e14c,1,1.000,teknoloji,teknoloji,3.48,0,0,0
7fb86500-2aa2-4142-82a5-3d2055824000,1,1.000,edebiyat,edebiyat,2.17,0,0,0
7fb8d170-7df8-4868-b7b1-5d9546b8d079,1,1.000,sinema,sinema,1.84,0,0,0
7fb8d866-2a6b-4af1-ba77-3c34b533e7f7,1,1.000,tarih,tarih,2.67,0,0,0
7fc310c7-eb1b-4edf-8ede-dfb6738d83e1,1,1.000,bilim,bilim,1.67,0,0,0
7fc43861-00af-4db2-a2e5-ee5b6b06a0f0,1,1.000,edebiyat,edebiyat,1.76,0,0,0
7fd72cf7-e222-46fa-a619-3a22e3b11df4,1,1.000,bilim,bilim,2.57,0,0,0
7fde884e-95af-467c-bc83-b5c7ee2cbab5,1,1.000,spor,spor,2.26,0,0,0
7fe29dd3-8d9b-4f8e-b421-09a764c15b86,1,1.000,tarih,tarih,2.58,0,0,0
7feefef8-9f76-4d95-8537-754a1e8855aa,1,1.000,spor,spor,1.98,0,0,0
7ffc88c4-c494-4dd5-ae9c-35e373329b0e,1,1.000,sanat,sanat,3.80,0,0,0
7ffbed21-0c77-4e51-80e7-ffcfad99d14a,1,1.000,cografya,tarih,1.74,0,0,0
80154e41-4b95-4a05-8375-5616fd7c6028,1,1.000,sanat,sanat,1.05,0,0,0
7ffc8d45-c48d-4cf1-b57f-5b0080b89027,1,1.000,teknoloji,teknoloji,2.81,0,0,0
801d54a0-1624-4cd8-891b-5e80641fa8db,1,0.520,sinema,sinema,3.88,0,0,0
80308211-c326-4096-b7c8-330ebd8f0074,1,1.000,bilim,bilim,2.01,0,0,0
80351b89-7276-4744-a79b-adbe5f6159e5,1,1.000,bilim,bilim,2.01,0,0,0
803a8e6c-d3f4-4d00-af4e-fa7128e5d842,1,1.000,teknoloji,teknoloji,1.74,0,0,0
80446bdc-5ba4-4f72-b906-5f179e4a6744,1,1.000,muzik,muzik,3.13,0,0,0
8063c8de-4559-49bc-92d2-a583a51a9caf,1,1.000,cografya,cografya,2.43,0,0,0
80649baa-33fa-4e51-985b-9e614789f7bb,1,1.000,cografya,bilim,2.14,0,0,0
806a40bd-9828-40a0-bc91-8a641140c3b4,1,0.520,genel_kultur,cografya,3.03,0,0,0
806d476a-bfbf-4165-8905-7759bba6d03d,1,1.000,teknoloji,teknoloji,1.66,0,0,0
806e706b-1b96-49c7-b3a4-4de4a694fce7,1,0.990,genel_kultur,genel_kultur,1.86,0,0,0
806f73eb-eb41-458a-beb7-7315e5339871,1,1.000,edebiyat,edebiyat,1.52,0,0,0
80725d51-059f-4159-943b-471c7c5b2f5f,1,1.000,sanat,genel_kultur,3.79,0,0,0
8076d272-d5d9-4ca5-9246-12c2e778133f,1,1.000,edebiyat,edebiyat,3.08,0,0,0
808e8370-cf7c-4e57-b27f-4d8d6c4ad111,1,1.000,spor,bilim,1.67,0,0,0
808cce7d-a155-45f7-b66e-cde43cb39417,1,0.870,edebiyat,edebiyat,2.60,0,0,0
808ef20d-2b81-489d-9877-ae5db68fccdc,1,1.000,tarih,tarih,1.96,0,0,0
8094d86c-b1bc-4c2f-ace5-675d3109d85c,1,1.000,tarih,teknoloji,2.20,0,0,0
8090c241-a480-447e-989e-9309c813060c,1,0.990,cografya,cografya,2.56,0,0,0
80a21ede-06b4-4829-bdab-9e759cf90aab,1,1.000,muzik,muzik,2.35,0,0,0
809f95b4-f693-4e17-90de-e7b93f18c9ce,1,1.000,tarih,tarih,1.40,0,0,0
80a80109-3a13-4fd2-8c3a-458185837743,1,0.860,sinema,edebiyat,3.37,0,0,0
80a48027-54ea-40ed-96f1-7f011fc1866f,1,1.000,spor,spor,1.85,0,0,0
80b310cb-7992-4977-80d7-ee0d55972159,1,1.000,muzik,muzik,3.55,0,0,0
80bbbcfc-6728-4968-a90d-05bdd3d51920,1,1.000,tarih,tarih,1.78,0,0,1
80b5afd3-4a00-43ec-9457-43b3442d568c,1,1.000,sanat,sanat,2.70,0,0,0
80caa2bb-1db5-4a8c-a17b-175d96e21852,1,1.000,cografya,bilim,2.97,0,0,0
80a04e18-4950-4ca1-8be9-c7eacbf9375e,1,1.000,spor,spor,2.17,0,0,0
80d2a4fc-ebed-422a-88d1-6365ce2f4fe8,1,1.000,edebiyat,edebiyat,2.54,0,0,0
80e14a2b-c711-4336-9426-a8f1bd3f693b,0,0.100,sanat,sanat,3.57,0,0,0
80ea1d1e-106f-46a0-91e8-cf02934958fc,1,1.000,genel_kultur,bilim,1.58,0,0,0
80f1837f-f476-42e6-88d4-30fcacbfb296,1,0.740,spor,spor,3.04,0,0,0
80f39828-b432-42df-82e3-7f9a9a97bbb8,0,0.040,edebiyat,edebiyat,3.11,0,0,0
80f53995-07dc-4284-97c3-40970a087446,1,0.990,edebiyat,edebiyat,1.65,0,0,0
80fecd4c-9d40-47c0-821f-95d606f5b069,1,1.000,teknoloji,teknoloji,2.67,0,0,0
810188af-51ca-4dc9-bff2-86f37ea049d6,1,1.000,cografya,cografya,2.33,0,0,0
810421d2-1e5c-43ec-a92b-b6272b4e04eb,1,0.780,muzik,muzik,3.48,0,0,0
8108118c-6988-4a0a-9131-66328375cc16,1,1.000,spor,spor,2.86,0,0,0
81167664-603f-4f23-914f-7dffecf568e4,1,1.000,tarih,tarih,2.80,0,0,0
811c6a78-70f2-4d3f-9650-0b94a486d931,1,1.000,genel_kultur,genel_kultur,1.03,0,0,0
8136f5d7-2c91-4098-85e5-1dfe54e77370,1,1.000,teknoloji,teknoloji,2.13,0,0,0
813a3050-c7b0-44ad-b326-f9ef3b1949be,1,1.000,cografya,genel_kultur,2.05,0,0,0
814c1452-0e7b-467c-b8e9-346256d247df,1,0.980,genel_kultur,cografya,1.59,0,0,0
8154b51c-313b-445f-812f-b096e0847b5c,1,1.000,muzik,muzik,2.93,0,0,0
815e886f-6076-444f-837a-826bc3ee80a7,1,0.990,tarih,tarih,1.93,0,0,0
81606cf8-0c94-4304-bbde-2cad20c5f984,1,1.000,sanat,tarih,2.09,0,0,0
816362d6-4c33-40f0-ab4c-b963ad541d21,1,0.850,muzik,muzik,3.35,0,0,0
8170631e-beb1-4d11-ad72-e060a27cc2e7,1,0.980,muzik,muzik,3.85,0,0,0
8173e9f0-3430-435a-9a09-a8eb74db28a0,1,0.400,genel_kultur,genel_kultur,3.27,0,0,0
81752ef2-bc1e-4a51-8149-6d561045bf43,1,0.960,cografya,bilim,2.21,0,0,0
81837857-51a0-41b8-a0d3-98ad7eb6d0b8,1,0.960,sanat,genel_kultur,2.06,0,0,0
8181ec11-00db-4ac4-a048-80904a8a5daf,1,1.000,bilim,bilim,1.75,0,0,0
81a60c07-e4cf-4f88-8d37-a705b5240c7d,1,1.000,genel_kultur,genel_kultur,1.63,0,0,0
81afeda9-803d-4a9d-96ef-e0e005cda8e1,1,1.000,sinema,sinema,3.05,0,0,0
81b1a134-181b-44c6-ade2-fd5b412f27ca,1,1.000,cografya,cografya,2.40,0,0,0
81b3ee8f-22c7-456b-bc93-513321a347be,1,1.000,sinema,sinema,3.27,0,0,0
81c06012-023a-48ac-8899-08a9f74d24e9,1,0.890,sinema,sinema,3.59,0,0,0
81c80f47-3ef8-43a2-a7d1-0bd7fe917a92,1,1.000,teknoloji,teknoloji,2.87,0,0,0
81ccceeb-0c3e-4e42-8611-8aaedb762ec9,1,0.990,cografya,bilim,3.47,1,0,0
81d91b76-ba6c-4ac6-b566-89258016d683,1,1.000,muzik,muzik,3.43,0,0,0
81d4c4ec-4527-48d2-af7c-a8b7837257ea,1,1.000,tarih,tarih,2.66,0,0,0
81e47832-036e-4328-bc8a-b950c22cfae1,1,1.000,spor,spor,3.26,0,0,0
81e824e8-338a-4bbc-a365-b8292e753f72,1,1.000,tarih,tarih,1.98,0,0,0
81e91719-7ab8-419e-8cae-83fc0cc9eda9,1,1.000,genel_kultur,edebiyat,2.17,0,0,0
81f440ef-04a9-41ee-b92b-4496cd893773,1,1.000,sinema,sinema,1.94,0,0,0
820dedc1-dfee-40cc-8af5-bf81b6a8442e,1,1.000,sinema,sinema,1.64,0,0,0
8207fd88-2254-40e3-bbfc-a3e0dc043d18,1,1.000,edebiyat,edebiyat,1.93,0,0,0
81fef556-ed34-4e96-8508-c4df63b78f3d,1,1.000,genel_kultur,cografya,2.02,0,0,0
8217cbb1-4c9d-4725-8aad-a74c06e9da40,1,1.000,muzik,muzik,3.51,0,1,0
821894ad-be86-4382-9fe8-f51bb4af0bf3,1,1.000,muzik,muzik,2.84,0,0,0
821ec7ee-d854-4ba4-8114-6783ec9e097f,1,1.000,teknoloji,teknoloji,3.91,0,0,0
822a74c9-66e5-4d58-8b2f-71818f6af902,1,0.990,edebiyat,edebiyat,3.39,0,0,0
82401746-2d2e-4a0b-bd3f-68f75429e457,1,1.000,genel_kultur,bilim,2.02,0,0,0
82460882-0875-45e2-86ac-658ed5ee129e,1,1.000,bilim,cografya,2.90,0,0,0
82507bef-2763-4e70-87f2-ee3c040bcf24,1,1.000,tarih,tarih,2.28,0,0,0
8250578b-b169-47ea-9812-6b498ea0aa11,1,1.000,cografya,cografya,2.15,0,0,0
82587a0e-309c-4881-8473-0a649c008f90,1,0.990,spor,spor,3.15,0,0,0
82701b11-3591-4872-bfbc-91eb185529f8,1,1.000,genel_kultur,genel_kultur,1.80,0,0,0
827831ce-16f2-45eb-b8f6-1c4c9a3fb1ce,1,1.000,sinema,sinema,2.89,0,0,0
828caccb-452a-4516-87c6-75e5c359759d,1,1.000,bilim,bilim,1.81,0,0,0
828edc67-8e9d-43eb-ad2a-a6edb5e182cd,1,0.970,cografya,tarih,3.22,0,0,0
828fb665-866b-4dcc-b653-25173958f4bc,1,1.000,genel_kultur,genel_kultur,1.68,0,0,0
8296bf63-cc29-4d18-8dce-f0d363c0fb2b,1,1.000,sinema,sinema,2.98,0,0,0
82a3adab-ec5a-4c59-b404-7c97097d83bb,1,1.000,cografya,cografya,1.92,0,0,0
829986bb-0f4f-48ab-a62a-7ebb486017c0,1,0.860,bilim,bilim,1.14,0,1,0
82ac1904-03d3-412e-b62c-7f6884f8c827,0,0.440,genel_kultur,genel_kultur,2.36,0,1,0
82a9680e-81ee-4b6b-bd25-ef8277bc0148,1,1.000,sinema,sinema,2.93,0,0,0
82afe1e0-b7b5-41e3-b7f2-4c820788ece3,1,1.000,teknoloji,teknoloji,2.83,0,0,0
82b055de-6c4c-49af-9940-1f7ca514dcbb,1,1.000,teknoloji,teknoloji,2.05,0,0,0
82b11780-83c0-4f9d-8f0d-d5f9319b82d9,1,1.000,genel_kultur,tarih,2.74,0,0,0
82bd1640-263a-4b81-a30c-d2bda1f630d7,1,1.000,muzik,muzik,2.15,0,0,0
82bd14ed-a902-4f72-9832-26f4806d6507,1,1.000,tarih,genel_kultur,2.16,0,0,0
82c1610a-8583-4869-bb86-da6e8aa0f97b,1,1.000,bilim,bilim,1.78,0,0,0
82c76aee-063b-4e02-9b63-eb62012297b2,1,0.970,cografya,cografya,2.61,0,0,0
82caee88-8660-4b36-9b65-a5fe15a10cc6,1,1.000,bilim,bilim,1.86,0,0,0
82cc3c13-eba1-43e8-a9cc-68170ef7e735,1,1.000,spor,spor,1.79,0,0,0
82d03615-6c6c-4d2d-bec5-a5ae61e9786f,1,1.000,cografya,cografya,2.51,0,0,0
82da237e-b7cd-48c0-9073-d54d8f60f440,1,1.000,spor,spor,3.08,0,0,0
82ea0286-af31-40c3-ac64-b0d90428d181,1,1.000,spor,bilim,1.86,0,0,0
82eddc3a-d601-41b2-af7f-0dc9be94dcce,1,1.000,edebiyat,edebiyat,3.02,0,0,0
82f95d67-a1a7-463e-85c2-9fc690890c64,1,1.000,edebiyat,edebiyat,3.07,0,0,0
8308ac29-5212-445e-aa81-7140edc70c3a,1,1.000,teknoloji,teknoloji,3.87,0,0,0
831147f8-894b-40f9-839d-27d97a3cb374,1,1.000,sanat,sanat,2.29,0,0,0
8315edc0-0027-4a42-aa7c-02667891c738,1,1.000,teknoloji,teknoloji,3.51,0,0,0
8319a71e-2d8c-46e3-bb83-91f4731a8a04,1,1.000,cografya,cografya,1.98,0,0,0
831b0b78-aa92-4f85-b2de-988ea003c1bb,1,1.000,sinema,sinema,2.07,0,0,0
8321324d-8a81-49be-ac83-53df70f038c1,1,1.000,sinema,sinema,3.08,0,0,0
8329e2b7-3a88-4c5a-a900-e0563f8e36da,1,1.000,spor,spor,1.93,0,0,0
832c8d93-8c0c-45e7-80df-9d434678fc4d,1,1.000,muzik,muzik,1.24,0,0,0
833154b6-fcf5-483a-af1f-5ee2c6ed983a,1,1.000,tarih,tarih,2.21,0,0,0
8332c42e-cbfa-4fae-b804-fadc39b31dff,1,1.000,sinema,edebiyat,2.09,0,0,0
83358f9b-18d9-4754-9015-d76c8c83cec0,1,1.000,cografya,cografya,1.97,0,0,0
833f7c0a-4788-4655-8d88-56a20218e7c3,1,1.000,sanat,sanat,3.30,0,0,0
83460959-23ba-4339-85d1-22df3a3ac6b2,1,1.000,genel_kultur,edebiyat,2.18,0,0,0
83436f92-7dda-499d-a57c-645404bff5b8,1,1.000,teknoloji,teknoloji,2.39,0,0,0
8346474d-59d4-4fc8-ac43-f3d36be29da8,1,1.000,muzik,muzik,2.21,0,0,0
834ef2db-22a7-4985-8d92-22b1d72870ea,1,1.000,sinema,sinema,3.65,0,0,0
834a7295-d687-40f1-9f88-8c57124a3527,1,1.000,edebiyat,edebiyat,3.29,0,0,0
8353007c-ca9d-45d5-997f-aec9fcdaacef,1,1.000,cografya,cografya,2.70,0,0,0
835aa7cb-9858-4b4f-9523-8230ecaa934a,1,1.000,muzik,muzik,2.98,0,0,0
8361dbdb-bacb-4b79-8ecc-bd6722f0641d,1,0.990,tarih,tarih,2.26,0,0,0
83627cc5-067f-406b-be78-fbb4885ed4cd,1,1.000,edebiyat,edebiyat,1.78,0,0,0
836ab883-00ca-45cb-8454-8223bd827f1a,1,1.000,teknoloji,teknoloji,3.94,0,0,0
836ef4ef-f4df-479e-82a2-e07564271134,1,1.000,bilim,bilim,2.19,0,0,0
836fa45e-25c9-44af-9f48-2721871db46d,1,0.860,tarih,tarih,2.92,0,0,0
83774359-bb8a-4511-99f6-e7f3e54e70c0,1,1.000,tarih,tarih,2.11,0,0,0
83747b03-f865-4ca7-9fd2-bb5a301d2862,1,0.970,edebiyat,edebiyat,2.53,0,0,0
8378ac91-fe3f-48d5-a069-81f4e97dcb2e,1,1.000,bilim,bilim,1.62,0,0,0
837f95d0-451f-48fd-8c5b-a2e50c6a375a,1,1.000,cografya,bilim,3.33,0,0,0
8382929d-0ed0-4c3b-a877-760d3523faff,1,1.000,tarih,tarih,2.20,0,0,0
838535aa-7ff2-4eb7-90a1-5499cf4093e1,1,1.000,sinema,sinema,1.73,0,0,0
8389299f-ab88-4623-b3c0-97b7c4719e2a,1,1.000,teknoloji,teknoloji,2.69,0,0,0
838a3767-940c-4729-b974-6bbf329e1951,1,1.000,tarih,tarih,1.95,0,0,0
8395f1f7-a9a2-422c-a4ca-441a02114d0a,1,1.000,teknoloji,teknoloji,3.48,0,0,0
83a0c34d-7805-4ca2-8839-509bf758ec0c,1,0.960,spor,spor,1.97,0,0,0
83a2a381-2ecf-47c2-8708-d09c5b62fd2e,1,1.000,bilim,bilim,2.28,0,0,0
83a25361-9891-408d-a131-4162ab7ca530,1,1.000,bilim,bilim,2.35,0,0,0
83a6b550-9ed1-4292-8d5d-c5c206ff2f32,1,1.000,bilim,bilim,1.81,0,0,0
83ab453f-8ab0-47b7-a703-92531f87e0bb,1,1.000,bilim,bilim,1.98,0,0,0
83ab60e6-99eb-434e-8f8d-d5f19d7bce4c,1,1.000,genel_kultur,bilim,2.40,0,0,0
83af0fc4-b715-45e8-848b-ba974ee85f87,1,1.000,sanat,genel_kultur,2.47,0,0,0
83b63e42-afd9-4482-8300-1b4adfb6f5d0,1,1.000,teknoloji,teknoloji,3.18,0,0,0
83bc9383-ffa9-49a6-9d47-bc56e592acc2,1,1.000,genel_kultur,bilim,1.41,0,0,0
83bdb3d4-e13b-4de0-983f-205aff598226,1,1.000,cografya,cografya,2.60,0,0,0
83d049f8-be09-44ac-a553-45715c72d07f,1,1.000,spor,spor,2.14,0,0,0
83d58335-eee8-42d6-967b-3179ffe746be,1,1.000,spor,spor,3.41,0,0,0
83d53b0b-68de-4082-b36a-bac09091f328,1,0.990,edebiyat,edebiyat,2.23,0,0,0
83daa2b8-fcd3-4b85-bff1-eda1c378f322,1,0.940,cografya,cografya,1.98,0,0,0
83da6e00-2fb9-4a9a-b277-3053d8bee532,1,1.000,genel_kultur,tarih,2.19,0,0,0
83e697c1-8b6e-4476-b335-b63889687ea2,1,0.990,spor,spor,2.74,0,0,0
83edc7a9-13ef-4f73-b28a-0df2aca7ad2c,1,1.000,genel_kultur,cografya,3.09,0,0,0
83ede918-ca0a-4260-88cd-bc9e2d85bfd6,1,1.000,bilim,bilim,1.75,0,0,0
83f4ff35-be4a-4834-8a8c-414711601451,1,1.000,edebiyat,edebiyat,1.69,0,0,0
83ff7a77-fb38-413f-a6ff-068598827aeb,1,1.000,muzik,muzik,3.46,0,0,0
8400c8d3-bf64-4f15-a5a5-f4cf5b978cad,1,1.000,bilim,bilim,2.60,0,0,0
840471aa-bb7b-4864-a68c-e91f3e57101d,1,1.000,teknoloji,teknoloji,3.84,0,0,0
840eda93-6c09-4ee7-9851-d66be8347ba3,1,0.280,edebiyat,edebiyat,3.58,0,0,0
840e53d2-b18f-4706-9499-475800343334,1,1.000,teknoloji,teknoloji,1.62,0,0,0
84192fcb-8369-4810-80d1-bd2010c898a8,1,0.970,spor,spor,2.72,1,0,0
84157ad7-9306-45d1-8674-f1c7bb28f6e6,1,0.950,edebiyat,edebiyat,3.18,0,0,0
841ea4d6-4990-406e-a5ab-f2c89cfd61fd,1,0.990,tarih,tarih,1.81,0,0,0
841f381f-bc87-4775-a69c-fcd58a00cb44,1,1.000,cografya,genel_kultur,2.25,0,0,0
841dac99-2a2b-4506-9b52-7619c3034521,1,1.000,sinema,sinema,3.66,0,0,0
8425be93-40fd-472c-b850-47a505cc2ecf,1,1.000,bilim,bilim,2.59,0,0,0
842691d7-cc43-4be7-84b5-c41bfccc1cb2,1,0.990,edebiyat,edebiyat,2.43,0,0,0
84356614-2fa1-448b-ad89-b33e705db8a2,1,1.000,bilim,bilim,2.35,0,0,0
8429efcc-c585-42fa-b77f-408ab643fac2,1,1.000,genel_kultur,bilim,1.87,0,0,0
843736e7-b945-4479-960f-42bbef2701c2,1,1.000,cografya,cografya,3.03,0,0,0
843cdd86-eced-4d0f-b176-1899a1258a52,1,1.000,bilim,bilim,2.01,0,0,0
84415d8d-c0dc-4b97-800c-9cedea436a4f,1,1.000,sinema,sinema,2.93,0,0,0
844d840e-be23-4428-a0e7-81ac87140a2a,1,1.000,bilim,bilim,2.61,0,0,0
844f3c77-13e8-4a81-be0a-31a5fbb93317,1,1.000,edebiyat,edebiyat,2.31,0,0,0
84502199-565b-454a-ae05-6c3b066f7f4b,1,1.000,tarih,tarih,2.63,0,0,0
8459242b-a163-40e6-98a9-fa147fc4bbd1,1,0.510,sanat,muzik,2.93,0,0,0
845a2a6f-385c-45d2-96cd-64f8dfcb3b70,1,1.000,tarih,tarih,1.79,0,0,0
84638baf-2012-4bef-aedf-edc1d83b88a7,1,0.940,edebiyat,edebiyat,3.22,0,0,0
84644866-c2f3-49a3-8ee6-eba895afa782,1,1.000,sanat,genel_kultur,2.61,0,0,0
84693762-f2f2-480e-b09f-bff473a2ac8b,1,1.000,spor,spor,1.71,0,0,0
8477f9a5-2a61-4c98-8720-308b4ec743a5,1,0.890,edebiyat,edebiyat,2.62,0,0,0
84786de5-d372-4688-b8d2-788641c864ca,1,1.000,edebiyat,edebiyat,2.65,0,0,0
8478cb46-b28c-4b94-b4d4-cdd5bef15a21,1,1.000,teknoloji,teknoloji,3.85,0,0,0
847ce648-5bf1-4517-9aa8-cd05ee4a1e33,1,1.000,sinema,sinema,1.21,0,0,0
847d8b37-e48d-4889-8996-5546d2473bad,1,1.000,edebiyat,edebiyat,2.71,0,0,0
847f1f38-61ab-4af7-840c-825ddd0ea8fb,1,0.990,bilim,bilim,2.07,0,0,0
8481dfbb-51bc-429a-a03c-197df0dc4003,1,0.970,cografya,cografya,2.75,0,0,0
848448f2-6acc-40ed-bec0-636107fcb8cf,1,1.000,tarih,edebiyat,2.37,0,0,0
848b6779-9b8d-4bf5-858b-6137f49322a6,1,1.000,teknoloji,teknoloji,1.59,0,0,0
849ee9c3-9f5d-4a78-877c-d33c6ff89aa4,1,1.000,muzik,muzik,2.93,0,0,0
84962a53-8e91-42b5-9e4c-637223a59e88,1,1.000,sinema,teknoloji,2.57,0,0,0
84c929ab-7690-4ef7-80e8-85c96da2f2a4,1,1.000,genel_kultur,genel_kultur,1.56,0,0,0
84dcb0f9-6314-48d9-817e-73dcec40e147,1,1.000,cografya,cografya,2.13,0,0,0
84e35851-58bd-45a1-b47b-53d863232edf,1,1.000,edebiyat,edebiyat,1.95,0,0,0
84ec9d7d-f7c5-4066-a459-9e5167a592d9,1,1.000,edebiyat,edebiyat,3.30,0,0,0
84e33dde-ddbf-4bc3-bed6-c3c9d5deb579,1,1.000,tarih,tarih,2.62,0,0,0
84edacf5-582f-45bc-a784-74e0f4d5c40e,1,1.000,sinema,sinema,2.21,0,0,0
84ee48ea-5afe-430b-8222-42b90a1ebb6d,1,1.000,genel_kultur,tarih,2.08,0,0,0
84f0c8ff-f1ba-4331-a097-a0b4c2b1f85c,1,0.930,cografya,cografya,1.62,0,0,0
84f7990d-aea8-4a62-a5a7-3410a5df6bfa,1,1.000,cografya,cografya,2.10,0,0,0
84eef9d9-5d91-4cfc-bd9f-8b827b9230ac,1,1.000,tarih,tarih,2.51,0,0,0
8506001a-3168-487d-b4bb-c199409dc5c8,1,0.830,genel_kultur,genel_kultur,2.57,0,0,0
85084c7c-e3ee-4cd7-9265-809c30638f31,1,1.000,muzik,muzik,1.32,0,0,0
850a7896-9e89-4ec8-b203-b36652d2c0fd,1,1.000,spor,spor,2.48,0,0,0
850bcdb3-e241-4a46-92b9-d0888212cf28,1,1.000,sinema,sinema,2.74,0,0,0
851e0c3b-cb02-47f7-a087-77dc6099f0f0,1,1.000,spor,spor,1.83,0,0,0
85224732-13aa-40e9-88ae-2142053d2dff,1,1.000,teknoloji,teknoloji,3.42,0,0,0
852446fd-8f8d-411e-a9f0-bfe5f5ee2798,1,1.000,edebiyat,edebiyat,1.99,0,0,0
851f05e6-5d62-448f-93cd-00d866ff420b,1,1.000,teknoloji,teknoloji,2.24,0,0,0
852e3611-ec1d-41e8-943b-bcad22ff99bd,1,1.000,genel_kultur,genel_kultur,1.83,0,0,0
852486ec-2aa8-4c67-a818-9a1c416b6486,1,1.000,muzik,muzik,2.86,0,0,0
8530b245-5392-4ecf-997d-bf2d71554cd9,1,0.940,muzik,muzik,2.39,0,0,0
855b209c-1c9b-4373-8cd2-94a6f162244b,1,0.990,cografya,cografya,2.37,0,0,0
855a327a-06d9-4e63-b41b-7df7b2fd8b1f,1,1.000,sinema,sinema,1.97,0,0,0
8566585f-69ac-4b43-afcb-a6dc2c315251,1,1.000,sinema,sinema,1.55,0,0,0
856c3f71-5156-4361-9e99-b0938960bad2,1,1.000,spor,spor,2.66,0,0,0
856faf98-9751-4a84-b11b-a8a1e42992e9,1,1.000,cografya,cografya,1.93,0,0,0
858d6ea2-f2bd-4d15-9769-8c2b91e8c07a,0,0.670,sanat,sanat,3.73,0,0,0
857a06f3-f1b7-4879-a206-bc54ec2fe1a6,1,0.960,genel_kultur,genel_kultur,1.04,0,0,0
858f241a-9715-4534-a0d2-53e0dcfb7eff,1,0.990,tarih,tarih,2.08,0,0,0
85904df8-c284-4ee8-800e-ac2aade91bd9,1,1.000,spor,spor,2.56,0,0,0
8592aee9-c2fb-49cc-a78c-3077dd1ece7f,1,0.950,muzik,muzik,2.10,0,0,0
859e97e9-86ff-4eba-a25a-43181d85616c,1,1.000,bilim,bilim,1.48,0,0,0
85ca810e-90dd-4635-99e4-a3e9bfe12bf1,1,0.730,tarih,tarih,2.17,0,0,0
85d93946-7bc5-42eb-9f4a-f4e93eee52d8,1,0.870,tarih,tarih,2.82,0,0,0
85cc4a31-d435-4a8e-8770-3818d814d6e9,1,1.000,sinema,sinema,2.08,0,0,0
85db96af-c229-48d8-b839-aa09934b76d8,1,1.000,cografya,cografya,2.04,0,0,0
85e1a2a9-cf1b-451d-ba40-8c8b806e27f3,1,1.000,bilim,bilim,1.35,0,0,0
85e1f072-a25e-4d97-ba2b-3bd3b108bd06,1,1.000,bilim,bilim,1.73,0,0,0
85ecd89c-0e11-42d3-b433-d65b254f1cfc,1,1.000,sinema,sinema,1.75,0,0,0
85ff6b89-bba7-4667-aa67-cee303f0cadd,1,1.000,cografya,cografya,1.86,0,0,0
85fff886-d37b-4390-8d93-5179c0ed0e31,1,1.000,cografya,bilim,2.20,0,0,0
860216f0-bb07-4fed-9f57-1511c442dd4c,1,1.000,bilim,bilim,1.57,0,0,0
860efa9a-6bca-4374-8843-44b880e180c2,1,0.850,spor,spor,2.45,0,0,0
862eb48c-6687-4f70-bedc-ad7789cf9f42,1,1.000,bilim,bilim,2.03,0,0,0
863b8649-6ac5-45fb-b2f1-24b60fc616a1,1,1.000,bilim,bilim,2.98,0,0,0
8641bee9-bdb8-4b7d-80c6-20711c01ec75,1,1.000,tarih,tarih,2.53,0,0,0
86529a35-3a31-4f69-9031-06689b08e0ab,1,1.000,bilim,bilim,1.01,0,0,0
8676af05-8d4b-48df-8c19-0294669d7a1c,1,1.000,teknoloji,teknoloji,2.14,0,0,0
867f81cc-417e-4157-bedd-cfeb5ef58147,1,1.000,cografya,bilim,1.92,0,0,0
86840e46-2ef2-4174-b141-332bb1042793,1,1.000,teknoloji,bilim,2.33,0,0,0
8696deae-22c1-4abc-8981-e92b0482802e,1,0.990,bilim,teknoloji,2.60,0,0,0
869767b9-c78e-4f46-8468-2e91f4262e76,1,1.000,sinema,sinema,3.61,0,0,0
869d243b-ea3d-455c-98c8-d09deb07e1c0,1,0.990,cografya,cografya,2.76,0,0,0
869e13d4-6b9d-4fe4-8e43-6d77fde5079c,1,1.000,teknoloji,teknoloji,1.58,0,0,0
86a55660-73bc-4dd8-ad14-d3e828c407b3,1,1.000,bilim,bilim,1.89,0,0,0
86a6dd1c-2a4d-45b1-9f34-80ae23a557de,1,1.000,bilim,bilim,1.23,0,0,0
868160b4-dfd9-4a0d-a15a-62b1ad314433,1,1.000,muzik,muzik,1.81,0,0,0
86b61dd4-603f-4c93-a4b8-9a73083983e1,1,1.000,teknoloji,teknoloji,4.13,0,0,0
86b9337b-1cdb-4d0e-bbbd-4888c903bbb1,1,1.000,cografya,cografya,2.28,0,0,0
86bc79db-738a-4717-a3cd-8272ebc0a9a1,1,1.000,muzik,muzik,2.85,0,0,0
86bf877a-508e-41f3-9665-672246b70ea6,1,1.000,sinema,sinema,3.76,0,0,0
86c20900-fab8-459d-b94b-554a2fd1d7c7,1,1.000,bilim,bilim,1.68,0,0,0
86c78e1e-4495-42f0-85ec-c1008b3748c8,1,0.970,genel_kultur,bilim,1.05,0,0,0
86c99ce0-d8ab-458f-8b49-55cd5357349f,0,0.520,cografya,cografya,2.33,0,0,0
86cd8ed2-00f2-4eb7-8493-c0ba67451f9d,1,1.000,genel_kultur,bilim,1.75,0,0,0
86cdc70f-fa36-46f5-98e4-9dfa85babdd8,1,1.000,teknoloji,teknoloji,3.71,0,0,0
86cea710-7fcb-44d3-a59a-9ef83e304f13,1,1.000,genel_kultur,sanat,1.82,0,0,0
86d65038-ce62-47a7-a5f1-7648d80838a1,1,1.000,cografya,cografya,2.57,0,0,0
86e7b19c-f205-4a88-9fa6-d16a3a0665b3,1,1.000,teknoloji,teknoloji,3.40,0,0,0
86f266dc-78a0-4175-bbfc-d838b0b200e5,1,1.000,genel_kultur,genel_kultur,2.27,0,0,0
8717d10c-2c7a-47ec-94e5-c97ff59fa7da,1,0.960,cografya,cografya,2.67,0,0,0
86f6e324-0e5d-40f3-8eb6-31ed271094bf,1,1.000,cografya,bilim,2.10,0,0,0
87157843-e246-498a-b88c-072714b96a6f,1,1.000,cografya,bilim,2.38,0,0,0
87087db7-5b38-48db-9db5-0df67cdcc2b2,1,1.000,muzik,muzik,2.29,0,0,0
8719303a-4d85-499c-bba9-450c47a0b4ac,1,1.000,teknoloji,teknoloji,2.57,0,0,0
873215dc-0f38-4dec-b251-4f456a2b3516,1,1.000,spor,spor,2.50,0,0,0
875a52e4-5ab9-4370-b854-3f83a107f6da,1,0.980,sanat,sanat,3.14,0,0,0
875dc454-d834-4bf2-b7f5-a975386dedc5,1,1.000,spor,spor,2.75,0,0,0
87717c80-9c01-4a46-a94b-7ef7d4f05731,1,0.980,edebiyat,edebiyat,2.53,0,0,0
8776053c-8c8e-42ba-8e4a-b8606c639d6e,1,0.950,genel_kultur,bilim,1.03,0,0,0
8777ad95-eb3b-4cec-9039-05af2aaf2aec,1,1.000,cografya,cografya,2.10,0,0,0
8783d269-f7df-4f73-b865-0dd0834c0519,1,1.000,bilim,bilim,1.92,0,0,0
87780454-f6e9-4fef-b782-2fd247fb195d,1,1.000,muzik,muzik,3.50,0,0,0
8784eb86-5746-4bac-bd36-409a8f07647f,1,1.000,cografya,cografya,2.18,0,0,0
8787c9cf-9930-4270-9580-e886a5d4cb6a,1,1.000,bilim,bilim,1.53,0,0,1
87a65f82-8b28-4eaf-b0d8-71661325541c,1,0.540,edebiyat,edebiyat,3.40,0,0,0
87b7dcc2-632e-433b-84ae-9570a63c1118,1,1.000,bilim,bilim,2.97,0,0,0
87cf1cb3-c3c7-41f3-889f-f53954ced7a3,1,1.000,teknoloji,teknoloji,2.81,0,0,0
87d7ab35-42a3-4b85-b917-a37614ac4a86,1,1.000,genel_kultur,bilim,1.59,0,0,0
87dc4f0b-e7c1-4be0-87b1-4910df641388,1,1.000,bilim,bilim,2.09,0,0,0
87e3751a-7ec2-44dc-92c4-aa05aeb7fb29,1,1.000,bilim,bilim,2.01,0,0,0
880368db-a199-480b-84ad-0d3f73e19625,1,0.980,bilim,bilim,2.46,0,0,0
87ff93c3-1a88-4834-a684-1a171418236f,1,0.970,sanat,genel_kultur,1.34,0,0,0
8801e3e2-939b-43db-8d1d-4be421d5f079,1,1.000,spor,spor,2.67,0,0,0
882f6de8-7dae-42c1-8359-b371648e532d,1,1.000,genel_kultur,genel_kultur,2.20,0,0,0
881c43d0-f446-40b9-938a-eac8aad8e5ba,1,1.000,teknoloji,teknoloji,2.10,0,0,0
884e35e1-a831-4069-a4c8-1ac96e6657c4,1,0.610,spor,spor,3.49,0,0,0
88354056-d0c7-4078-878f-f419b6fcf22b,1,1.000,sanat,sanat,2.77,0,0,0
884c867c-b3dc-40dc-be44-7376ac3e110e,1,1.000,sinema,sinema,1.12,0,0,0
887b0c1b-a448-4187-9eb6-b1ae0fb26993,1,1.000,bilim,bilim,2.02,0,0,0
887c788b-859f-42e5-ac84-3f25010a1b2d,1,1.000,sinema,sinema,3.63,0,0,0
888b5ace-387f-4c0b-842b-e7d3d04c86a6,1,0.970,sinema,sinema,3.38,0,0,0
888de49b-b39f-42e1-8784-f4f25a807278,1,1.000,bilim,bilim,2.17,0,0,0
8890bc63-d474-4f9d-8104-f0c732a88537,1,0.970,genel_kultur,cografya,3.23,0,0,0
88b4dbbb-43cf-4abb-a6db-44e9ef7707df,1,1.000,tarih,tarih,1.94,0,0,0
88e7c4a2-e252-4a57-a28e-45c490152343,1,1.000,cografya,cografya,2.26,0,0,0
88f8eb8c-836e-4bbe-b006-f323549d0c22,1,0.210,muzik,muzik,3.52,0,0,0
88f1a9fe-7315-46de-9099-cf4a98335504,1,1.000,muzik,muzik,2.34,0,0,0
89002c24-602b-43f8-949f-96fd644c79b7,1,1.000,bilim,bilim,2.09,0,0,0
891c99ce-5a5d-495f-96bc-5da3f31c1855,1,1.000,sanat,sanat,2.91,0,0,0
891e0821-a330-462a-9573-74d2f6b6cf27,1,1.000,sinema,sinema,2.29,0,0,0
89222764-c0c9-426d-b7ba-e9af5d037605,1,1.000,edebiyat,edebiyat,3.43,0,0,0
891eb8be-5be7-4276-b027-e8d4fbed7f48,1,1.000,cografya,cografya,3.05,0,0,0
8924440d-842b-4f67-8ef5-402c98acbc45,1,0.120,muzik,genel_kultur,3.44,0,0,0
89289072-107f-4fcd-95fa-caf8439ea504,1,1.000,edebiyat,edebiyat,2.77,0,0,0
89309a6c-83b0-45ee-b40d-c6098d1fc81e,1,1.000,muzik,sanat,2.63,0,0,0
8933a67d-2323-46b0-8b4b-a0839062f9cf,1,0.950,spor,spor,2.57,0,0,0
895d48c2-8eb0-4f57-873a-750f62843043,1,1.000,sanat,sanat,3.36,0,0,0
894c4137-bacf-4347-a451-7c028077319a,1,1.000,cografya,cografya,1.93,0,0,0
896f431e-6cd3-41af-8e8a-68874fda1513,1,1.000,cografya,cografya,2.20,0,0,0
89884930-94fe-4ddf-b519-d8bbf6e27e4a,1,0.990,tarih,tarih,2.49,0,1,0
8984b6c4-e4ae-4758-9ea7-f7875fa1f7f1,1,0.990,sanat,sanat,3.22,0,0,0
899400bb-95ed-4d4f-aef2-8c51fc1e5e3d,1,1.000,sinema,sinema,3.33,0,0,0
898f7b56-d743-4ce8-abe7-0ffd9b6c43e2,1,1.000,teknoloji,bilim,2.04,0,0,0
899a9b90-e14e-4117-8f55-64265b7d591d,1,0.620,edebiyat,edebiyat,3.75,0,0,0
899fb547-7fbc-4396-abd2-23142cc1a3d1,1,0.930,edebiyat,edebiyat,3.71,0,0,0
89b8f2f4-da29-42b9-bc2f-1092a0d340d8,1,0.240,edebiyat,edebiyat,3.22,0,0,0
89d049fc-f5d4-489b-b459-13021ceff955,1,0.740,spor,spor,4.01,0,0,0
89cb85b2-09f4-49df-8cc9-c3432153d51f,1,1.000,bilim,bilim,1.82,0,0,0
89cf73ad-f106-4aeb-84a8-513b9bbde48e,1,1.000,sanat,sanat,2.32,0,0,0
89d62f04-d3b9-46e6-88e7-813923093a3f,1,1.000,spor,spor,1.93,0,0,0
89d47de7-9b5d-4755-9564-b26ee2cd8799,1,0.960,tarih,tarih,2.72,0,0,0
89df6045-2f20-47d1-adfe-92d5d06be1ac,1,1.000,cografya,genel_kultur,3.16,0,0,0
89ea63a7-1a79-4502-b5be-6b56fd0bb65c,1,1.000,genel_kultur,tarih,3.04,0,0,0
89e1b3aa-2d2a-402d-9e18-735e183874af,1,1.000,sanat,sinema,1.42,0,0,0
89f175c4-50dd-4c67-9fbf-fbd97d9c6498,1,0.900,edebiyat,edebiyat,2.92,0,0,0
8a00784a-e29e-41c3-adb3-c71aba5e7deb,1,1.000,edebiyat,edebiyat,2.77,0,0,0
8a051b6b-8672-477c-b33e-fd4374719fff,1,1.000,spor,spor,3.13,0,0,0
8a06cc7a-89c5-4ff1-8a4b-b513974c3593,1,1.000,edebiyat,edebiyat,2.93,0,0,0
8a095053-ca1f-4d21-8e29-c196d8719cd1,1,0.980,spor,spor,2.87,0,0,0
8a07ff9f-9202-49bf-a61b-92d19a67accc,1,1.000,teknoloji,teknoloji,3.11,0,0,0
8a1821a0-9acc-4c86-b3bf-8b6e8d4294af,1,1.000,muzik,muzik,2.55,0,0,0
8a186491-2e94-4bba-827a-05639eeb8c70,1,0.990,genel_kultur,cografya,3.02,0,0,0
8a2bc61a-f0b1-477b-a3ab-0987214a6c85,0,0.260,edebiyat,edebiyat,3.45,0,0,0
8a3e93f0-ad8c-46ad-8894-ba1fba002ad2,1,1.000,bilim,bilim,2.20,0,0,0
8a3e94b8-a2c0-4226-8bd7-c7b5a891ee95,1,1.000,sanat,sanat,3.12,0,0,0
8a497f7c-999d-4859-8543-4a21dc712920,1,1.000,edebiyat,edebiyat,2.69,0,0,0
8a49f4c0-1ba8-4ab7-b8fa-53a95aeed20c,1,1.000,cografya,cografya,2.02,0,0,0
8a4fe5b9-1acb-4f4e-b375-e28955ba4452,1,1.000,genel_kultur,genel_kultur,2.60,0,0,0
8a53834b-3a68-449e-8de0-8a3533ad8edc,1,1.000,tarih,tarih,2.96,0,0,0
8a55a517-eb2b-4b0b-90ed-3a988f045faa,1,0.990,cografya,cografya,2.49,0,0,0
8a64d936-b6b5-4e17-b8c3-7b691a3c549c,1,0.820,genel_kultur,cografya,2.67,0,0,0
8a7bd59a-7b49-4722-80aa-1de4bc7581f8,1,0.990,sinema,sinema,2.97,0,0,0
8a8adcf3-3440-4a2b-ab8d-05abdd624645,1,1.000,sanat,sanat,2.08,0,0,0
8a884149-220f-4a1f-bbb4-ac235c66f8b5,1,0.940,cografya,cografya,3.47,0,0,0
8aa3a5fc-de70-4ebb-8b1e-380df8e1d89d,1,1.000,muzik,muzik,1.24,0,0,0
8aa50365-4981-47f6-a013-b1209748083b,1,0.960,cografya,teknoloji,2.80,0,0,0
8aad4eea-d18e-4a25-b3f3-580e6e6bf04e,1,1.000,sinema,sinema,2.73,0,0,0
8ab356fa-19c1-454d-bc14-a928bb0c9642,1,1.000,bilim,bilim,2.17,0,0,0
8ab941cc-e6a7-4bff-88dc-5064d0ee3bfd,1,1.000,tarih,tarih,1.67,0,0,0
8aae04e2-2ddb-4035-aeb1-a17a6acb79d0,1,1.000,cografya,cografya,2.15,0,0,0
8aba6179-327d-420c-81b5-f79cf5ca4015,1,1.000,tarih,tarih,1.52,0,0,0
8ac77ce5-2d70-4261-9b29-675ec4800eeb,1,1.000,muzik,muzik,3.89,0,0,0
8add4a0d-82a1-4d78-afe4-6bb9b8568c3f,1,1.000,bilim,bilim,2.19,0,0,0
8ada4caa-4af7-4150-98f6-7b4f422db145,1,1.000,sinema,sinema,3.05,0,0,0
8acbb95c-33a6-44e0-a537-f7f140702db3,1,1.000,edebiyat,edebiyat,2.44,0,0,0
8ae535e4-099b-49db-8cea-70f728308107,1,1.000,edebiyat,edebiyat,3.34,0,0,0
8ae66307-41b1-45e7-bf8c-bd919a0ed768,1,1.000,tarih,tarih,2.77,0,0,0
8b017086-bbca-4c8f-bd80-c62064c1e9cf,1,0.770,cografya,cografya,3.22,0,0,0
8af5e602-8dbe-4577-92ba-fc9a2bb33598,1,0.970,spor,spor,2.48,0,0,0
8aeb750d-5c56-433c-812f-ac96915cdd1d,1,1.000,muzik,muzik,2.68,0,0,0
8b019f2a-afc1-44cb-b1ac-686ab71d3b64,1,1.000,bilim,bilim,1.01,0,0,0
8b0b536d-fbec-4d4e-b46e-1a27a4c32dcb,1,0.950,edebiyat,edebiyat,2.87,0,0,0
8b10e661-c352-4f30-b88e-3be3d36b4df3,1,1.000,spor,spor,2.72,0,0,0
8b371373-e254-42b8-af94-b5a130a1d4fd,1,0.770,tarih,tarih,2.57,0,0,0
8b1a1a7e-cc97-4101-9371-c5ff208dc007,1,1.000,muzik,muzik,1.68,0,0,0
8b37bb6d-7859-422d-a4b3-0f060f019306,1,0.990,sinema,sinema,2.90,0,0,0
8b3a25bd-c2ee-466d-b330-88225d3df4b2,1,1.000,cografya,bilim,3.02,0,0,0
8b472860-580e-4696-a65b-3b4999fbbb03,1,1.000,teknoloji,teknoloji,2.20,0,0,0
8b64cc47-d5ab-4638-8aea-0ae2418739cc,1,0.670,edebiyat,genel_kultur,2.12,0,0,0
8b50c568-84f6-4d07-bf99-2b4f39a1c23f,1,1.000,spor,spor,1.57,0,0,0
8b4de206-7c6a-413f-b3d7-edc3fdf1d174,1,0.340,tarih,tarih,3.34,0,0,0
8b71eec4-5caf-4bf0-ab87-646e277c46f5,1,1.000,edebiyat,edebiyat,3.19,0,0,0
8b7d08f7-4a57-4189-85e1-1dbbac0ca5a2,1,1.000,tarih,tarih,2.59,0,0,0
8b834961-04a0-4a4f-b4f9-cd8a86c32b2c,1,1.000,tarih,tarih,2.14,0,0,0
8b884238-8b68-4aac-b843-3956d975be03,1,1.000,sinema,sanat,1.34,0,0,0
8b94794d-c711-489b-9269-74de1e1eab00,1,1.000,tarih,tarih,2.50,0,0,0
8b968fd0-7c3a-40c5-95d0-208d417b8f90,1,1.000,muzik,muzik,2.22,0,0,0
8ba478cd-5e61-4eaa-a1b9-f740a6421d61,1,1.000,cografya,cografya,1.93,0,0,0
8bac14fd-79d7-4687-9e84-f38d26468ac6,1,1.000,bilim,bilim,1.65,0,0,0
8bad0037-1eee-4eea-b0ba-53a84713fa79,1,1.000,genel_kultur,genel_kultur,1.40,0,0,0
8ba63c9a-990b-4ef4-bc86-61f5fe512e78,1,1.000,muzik,muzik,2.43,0,0,0
8bb58202-1068-4cd3-8f89-8851a572dde3,1,0.180,edebiyat,edebiyat,3.64,0,0,0
8bd2f127-0d3c-43fa-895e-985ced654aa1,1,0.960,sinema,sinema,3.62,0,0,0
8beb3a47-89df-4fff-ba43-15750b84cd9a,1,0.990,edebiyat,edebiyat,2.80,0,0,0
8c00f8d9-30ca-419e-9128-83159eacb85a,1,1.000,cografya,cografya,2.69,0,0,0
8c08153d-7bcd-48ad-91c2-9e89d4f77afe,1,1.000,sanat,sanat,2.99,0,0,0
8c06517a-4a16-4773-ae0b-c16623afc90c,1,1.000,sinema,sinema,3.11,0,0,0
8c0ec32e-0ada-45b1-bebf-bf692d24f112,1,1.000,edebiyat,edebiyat,3.16,0,0,0
8c2492e0-5281-4dca-9dbe-0c0d739760df,1,1.000,teknoloji,bilim,1.95,0,0,0
8c47739c-272c-4742-9b9b-97b98993b50d,1,1.000,sinema,sinema,2.28,0,0,0
8c5c848e-625e-4125-82e6-022a5e4b7332,1,1.000,muzik,muzik,1.83,0,0,0
8c623ed1-51f2-4467-87d2-b4e5ddc3fd1f,1,0.950,cografya,cografya,2.63,0,0,0
8c68016b-fda2-44a3-9564-39962387a479,1,0.400,muzik,muzik,2.46,0,0,0
8c744e36-613d-44e4-9270-b4b15e845c8b,1,1.000,sinema,sinema,3.03,0,0,0
8c9111da-861b-4abf-a331-39cc8d18e156,1,1.000,tarih,tarih,2.05,0,0,0
8c80d35a-1ada-4b4e-a058-3ecf9f6c343b,1,1.000,sinema,sinema,4.00,0,0,0
8c95c951-e1e4-48d1-936e-7c7793934c13,1,0.990,tarih,tarih,3.62,0,0,0
8cc15099-c110-49d3-9a73-25e7315de501,1,0.980,cografya,cografya,2.48,0,0,0
8cb52b3f-175b-4a3f-8619-8bdeee76f1fa,1,1.000,bilim,bilim,1.68,0,0,0
8cc4c356-f14d-4571-b7de-a9405bec2299,1,1.000,sinema,sinema,3.83,0,0,0
8ccf6b62-1468-49ae-978d-125b43c2506d,1,1.000,tarih,tarih,2.17,0,0,0
8cd0058c-2fd0-434a-88ba-b94fdcd3001f,1,1.000,cografya,cografya,2.63,0,0,0
8cd0a4c5-d658-47dd-9243-7da8cefe141f,1,1.000,cografya,cografya,2.19,0,0,0
8cd67629-6ac7-49b2-9ff6-ad2bc30fa31c,1,0.980,cografya,cografya,2.08,0,0,0
8cd2bf56-9fb4-4459-8807-7fed71ab6567,1,0.880,muzik,muzik,3.69,0,0,0
8cdfa0b7-97a9-454d-9977-33590ec6cdc9,1,0.490,sinema,sinema,3.43,0,0,0
8ce4f9c4-2614-45a3-9204-97c57a736314,1,1.000,tarih,tarih,2.95,0,0,0
8ce78bc3-769a-4b61-8433-47cf3dd76e27,0,0.640,genel_kultur,tarih,3.54,0,0,0
8ce83c39-14c8-4dd6-8d35-ff6a985a6e0c,1,0.980,sanat,sanat,2.50,0,0,0
8cf0783f-1772-4386-83f8-d69b5c3fffe9,1,0.910,spor,spor,2.35,0,0,0
8ce9778c-9284-47ac-a883-4f51505cc292,1,0.950,edebiyat,edebiyat,2.68,0,0,0
8d149c97-5e2b-4633-ba00-03c2cba0d696,1,1.000,cografya,cografya,2.64,0,0,0
8d2dbc03-267a-41f8-9fd3-3efcf8990868,1,0.710,muzik,muzik,3.32,0,0,0
8d3aebfb-d7d3-4fd6-817b-67a2395f8617,1,1.000,teknoloji,teknoloji,2.41,0,0,0
8d3b570c-f06f-47fb-9a19-0969294a78f5,0,0.920,cografya,cografya,2.57,0,1,0
8d683e8c-727a-4f0b-9362-dc11181e1fe2,1,1.000,edebiyat,edebiyat,2.12,0,0,0
8d56cfdf-6405-4433-ba5c-cc26e7319780,1,1.000,genel_kultur,tarih,3.52,0,0,0
8d6b07ed-0b47-43b7-9cae-f1fdda4a7887,1,1.000,sinema,sinema,2.84,0,0,0
8d710e39-498c-4787-8f7b-2351725ff2b3,1,0.240,sanat,tarih,3.28,0,0,0
8d892e4b-b743-4cd4-8d08-a719be3dff50,1,1.000,tarih,tarih,2.18,0,0,0
8d91d273-9f7d-4899-b52a-f163e23669fe,1,1.000,cografya,cografya,3.82,0,0,0
8d974845-2af9-4ff6-b457-bc33d9190893,1,1.000,sinema,sinema,2.16,0,0,0
8da4fdc6-4c76-44c8-b3b5-0104e89d8ccb,1,1.000,teknoloji,teknoloji,3.95,0,0,0
8d97ccd7-64ba-4501-9a56-1d2f2f056d73,1,1.000,tarih,tarih,2.85,0,0,0
8da76ef9-b18f-469b-9f03-a7c99489f3d7,1,1.000,muzik,muzik,2.56,0,0,0
8db10c03-e22c-480a-a221-e4465bff0e57,1,1.000,cografya,cografya,2.46,0,0,0
8db8c5de-3efb-4a9f-85f6-f64d17d73fcb,1,0.710,cografya,cografya,3.29,0,0,0
8db98b61-737b-44c5-adf0-d3db890cebc1,1,0.980,sanat,genel_kultur,2.82,0,0,0
8dc72546-9180-4b73-8adb-c853ef1b20cf,1,1.000,bilim,bilim,1.74,0,0,0
8dd40750-4ed1-48df-9263-1907ed49c7b8,1,1.000,bilim,tarih,2.39,0,0,0
8dc7d948-3d50-45f8-b5cc-ea91dfbd4a06,1,0.980,tarih,tarih,2.71,0,0,0
8dd526b7-18b6-4872-88e7-f166407d7f35,1,1.000,cografya,genel_kultur,3.50,0,0,0
8dd96c61-edd1-4aa5-b810-21daa3d6c60a,1,1.000,tarih,tarih,1.80,0,0,1
8deddbdf-1a7b-41d9-b10a-70b4f907102a,1,1.000,spor,spor,2.34,0,0,0
8e134a41-dfd1-49c6-906a-910f00eaaa8e,1,1.000,sinema,sinema,3.49,0,0,0
8e15774e-2c6b-4f22-a3c6-4521a1ac49c9,1,1.000,tarih,tarih,3.22,0,0,0
8e23e3d7-9bfa-4d3c-9365-578dcbe76da3,1,1.000,teknoloji,teknoloji,3.52,0,0,0
8e4b3638-9aea-419d-9005-b4abadc89281,1,1.000,sanat,sanat,3.69,0,0,0
8e2cf065-96e5-4cec-b0d5-3f500f69089c,1,1.000,bilim,bilim,1.89,0,0,0
8e3d8aae-9fab-4dc1-878f-56685ec39e5b,1,1.000,cografya,cografya,2.99,0,0,0
8e3d56a8-dde6-40dc-b5dc-b6ae4b1c36d4,1,0.860,edebiyat,edebiyat,4.00,0,0,0
8e64199a-36a2-41cc-b49e-7adadc5ae339,1,1.000,cografya,bilim,2.29,0,0,0
8e6a114c-46e4-4c52-8b31-d9d0a57b6677,1,1.000,teknoloji,teknoloji,1.93,0,0,0
8e6c9296-d991-4d2f-a387-710ffb56ed5c,1,1.000,cografya,cografya,2.02,0,0,0
8e886603-f5c7-4404-9b22-c2aff0d0f846,1,1.000,muzik,muzik,2.32,0,0,0
8e7464bd-007e-47d9-aece-acdf2fd101c1,1,1.000,cografya,cografya,2.71,0,0,0
8e9ec970-c2f2-4d24-91f2-063230934769,1,1.000,cografya,cografya,1.93,0,0,0
8eafa53b-05bd-4c16-9224-a4a2f6077f77,1,1.000,cografya,cografya,1.65,0,0,0
8ec31d95-64e1-4f25-bb7a-a5da8b211a48,1,0.950,tarih,tarih,2.28,0,0,0
8ec397b4-5f85-460f-9b53-99ac4e338fd3,1,1.000,muzik,muzik,2.67,0,0,0
8ec3a810-43b8-4872-93b9-7ae7a97a3ce4,1,1.000,muzik,muzik,2.99,0,0,0
8ec95ab8-f7b5-4e4f-aa2c-be706c6eb7ed,1,1.000,sinema,bilim,2.85,0,0,0
8ee0a6ff-aedb-42f5-9f3f-4af950dff55a,0,0.670,cografya,cografya,2.52,0,0,0
8ee5f1cc-71c5-46da-871a-8353dcce2cc3,1,1.000,cografya,cografya,2.47,0,0,0
8ef6ec8c-6f0b-4df6-aca5-5708884e5307,1,1.000,bilim,bilim,2.10,0,0,0
8ee713b3-c82d-4340-9129-415e68bdc0b1,1,1.000,cografya,cografya,1.77,0,0,0
8ef80a7f-7c2d-4ddc-8a24-40c232b1e3b4,1,1.000,cografya,cografya,2.43,0,0,0
8f166bc7-aded-4bba-9537-134a067a496d,1,1.000,muzik,muzik,2.81,0,0,0
8f12cc77-669d-4369-8860-f9984b8af0db,1,1.000,spor,spor,2.96,0,0,0
8f169b3d-34fd-44b6-ae39-11e202d4216a,1,0.840,edebiyat,edebiyat,2.96,0,0,0
8f1ada5a-c40e-4da4-8ad2-353c4a39696d,1,1.000,cografya,cografya,3.03,0,0,0
8f20e3e7-60c8-4866-ba4e-7a78843b13f4,1,1.000,cografya,cografya,2.42,0,0,0
8f24031f-845b-473f-aa3c-40836ccdc909,1,1.000,spor,spor,3.37,0,0,0
8f28c99a-18df-4ca4-af02-54058da21554,1,1.000,tarih,tarih,2.76,0,0,0
8f333494-a602-48d8-b2ee-f9cfc96b8f5f,1,0.620,spor,spor,3.39,0,0,0
8f3243f6-1910-4920-b7df-c2275ca491e2,1,1.000,spor,spor,2.94,0,0,0
8f343f3d-05e2-4937-a626-e1a39d2d626b,1,1.000,cografya,genel_kultur,2.21,0,0,0
8f4ad6c6-5443-4c98-98c7-85d81fbd8753,1,1.000,muzik,muzik,2.88,0,0,0
8f4df09d-0995-4109-ab81-c14c87e8bf10,1,1.000,cografya,cografya,2.47,0,0,0
8f549036-8aec-4860-811b-98c7f2ebe9b0,1,1.000,teknoloji,teknoloji,2.93,0,0,0
8f4eaf8d-a158-476a-800b-10954c20d584,1,1.000,muzik,muzik,3.88,0,0,0
8f63edd4-d8fc-4a90-a76c-cc81ca013f4b,1,0.990,tarih,tarih,2.41,0,0,0
8f651f04-1a96-4fde-b132-3e95d5ab05f4,1,1.000,muzik,muzik,3.47,0,0,0
8f67668f-fea1-47c4-8fe3-a6fc4884c01c,1,1.000,tarih,tarih,2.74,0,0,0
8f767654-c0bf-44a9-846d-83876990380d,1,1.000,bilim,bilim,2.53,0,0,0
8f7422a6-0241-446f-ba67-c63c9637f805,1,1.000,sinema,sinema,3.91,0,0,0
8f76858c-cdd0-4367-b902-7481b96e68bc,1,1.000,teknoloji,teknoloji,2.24,0,0,0
8f7a97f6-53e8-442f-8e83-87983c29c4ba,1,1.000,tarih,cografya,2.27,0,0,0
8f7d881e-6c68-4fd7-939a-d941c0617a1a,1,0.890,sanat,sanat,3.27,0,0,0
8f9070ef-08f4-471f-9a34-2dfd165e01c1,1,1.000,spor,spor,1.86,0,0,0
8f8dc691-287e-42e7-adae-20d78f3c567e,1,1.000,teknoloji,teknoloji,4.06,0,0,0
8fa90b71-146b-49a9-a221-2a9063cf903d,1,1.000,bilim,bilim,2.01,0,0,0
8faf888f-d6d7-4f83-b5fb-1e9794f92de8,1,1.000,teknoloji,teknoloji,2.68,0,0,0
8fac266e-43db-4726-a6d4-1c2bca36c25a,1,1.000,edebiyat,genel_kultur,1.03,0,0,0
8fafb110-09e7-43d9-9407-8078227ad351,1,1.000,teknoloji,teknoloji,2.55,0,0,0
8fbb5de7-556a-4c19-97e3-2143cd9cc6c7,1,1.000,teknoloji,teknoloji,2.99,0,0,0
8fbe9917-da8f-41ec-8806-4124edd1d86d,1,1.000,bilim,bilim,2.06,0,0,0
8fcf38cf-14a8-4ed0-bb10-c9601a9aff98,1,1.000,tarih,tarih,1.74,0,0,0
8fd780cb-1be0-4e9e-959b-08e902de45cd,1,1.000,muzik,muzik,2.03,0,0,0
8fdd93a8-d137-40b6-8379-1988237f1e37,1,0.560,muzik,muzik,3.66,0,0,0
8ff999db-fd8b-450c-8fb7-04f28c4f8666,1,1.000,tarih,tarih,2.29,0,0,0
8feba6ed-d24e-43ad-9115-1680aaf5f248,1,0.970,tarih,tarih,3.02,0,0,0
900411b7-605e-443c-814d-8fb40886abd4,1,1.000,sanat,sanat,3.37,0,0,0
8fb85e07-8d56-4fef-a881-55059189d03b,1,0.950,tarih,tarih,2.63,0,0,0
900aed40-9d92-495a-ade1-3d813b0e5cc4,1,1.000,tarih,tarih,3.11,1,0,0
9013bfef-fdc1-44dd-ab06-b46fb926433b,1,1.000,muzik,muzik,2.21,0,0,0
901c2f8a-9546-42db-9cee-0ada3ee9013c,1,0.940,sanat,sanat,3.10,0,0,0
9029e9cc-45ed-4c49-8493-9ffdf005e533,1,0.720,muzik,muzik,3.26,0,0,0
900f622a-905b-4b6d-a1f4-27e7b6bfee49,1,1.000,muzik,muzik,3.76,0,0,0
902ae1b1-4a6b-4e6c-a9af-6d029f8cade1,1,1.000,genel_kultur,genel_kultur,2.83,0,0,0
903283f0-ad7a-409e-9a6e-23bdf25c63a9,1,1.000,cografya,bilim,2.06,0,0,0
9051ae3f-ce34-421b-9b66-5cabca841a01,1,1.000,sanat,sanat,2.92,0,0,0
90348d0c-8fa6-4fc8-8fc3-0e7f074d0630,1,1.000,edebiyat,edebiyat,2.00,0,0,0
9057164a-4a77-404d-b844-b987f27cb1eb,1,0.960,genel_kultur,genel_kultur,2.61,0,0,0
9058e291-e22f-4e1a-a3c0-f1425c0b935b,1,1.000,bilim,bilim,2.22,0,0,0
905d41ab-b037-49bb-a7fa-c77af5c888a2,1,1.000,tarih,tarih,2.46,0,0,0
90775021-713b-4021-bb8c-1276712053d7,1,1.000,cografya,cografya,2.52,0,0,0
906f3355-cfc3-4c92-bfa9-6c887d7205d1,1,0.810,bilim,bilim,3.13,0,0,0
9079471b-c8a9-4cae-80bf-c89ccf7cbd17,1,1.000,teknoloji,teknoloji,3.72,0,0,0
907d269b-bfca-4ed6-a6f9-66f77972d948,1,0.990,edebiyat,edebiyat,2.81,0,0,0
90944012-89b6-41b8-acab-9588bbdf00eb,1,1.000,sinema,sinema,2.49,0,0,0
909d6feb-34c4-497f-b625-ce31a5ef0ee6,1,1.000,spor,spor,1.17,0,0,0
90a0a10e-8bdc-4f1c-b5e6-c754e4f55056,1,1.000,muzik,muzik,3.26,0,0,0
90a38cc0-7e67-4caf-bece-8459e516859e,1,1.000,genel_kultur,genel_kultur,1.65,0,0,0
90a72f8b-c9d1-4ac9-a012-a285481e2a20,1,1.000,edebiyat,edebiyat,2.87,0,0,0
90afe695-55ac-42e8-b12a-17b2d6698acb,1,1.000,bilim,bilim,1.68,0,0,0
90baa687-596c-4a91-b6af-59571598c9b2,1,0.950,spor,spor,2.76,0,0,0
90c0f9b0-f8f4-494e-9252-9ed6587ba5f7,1,1.000,spor,spor,2.88,0,0,0
90c9e1e4-6e1e-4ed7-8bcf-ac5fa1d98677,1,1.000,genel_kultur,bilim,2.02,0,0,0
90d218a0-07a3-440e-8191-c26cdd015a15,1,1.000,bilim,bilim,1.97,0,0,0
90d7f6ab-336d-4318-9365-1c60697cf4ba,1,1.000,muzik,muzik,3.29,0,0,0
90dc1f36-d10e-4c53-886d-44e109e8889e,1,0.990,edebiyat,edebiyat,3.25,0,0,0
90dc7d61-df2b-416a-a9f6-d23785ec2345,1,1.000,bilim,bilim,2.43,0,0,0
90dd1652-97bf-4597-a1cd-964a19a5a10e,1,0.800,genel_kultur,genel_kultur,2.03,0,0,0
90e4f008-9006-43a8-beea-c0c58586f1b2,1,0.990,edebiyat,edebiyat,2.54,0,0,0
90e78f57-3633-4b9d-af18-3ef844fb36aa,1,0.880,tarih,tarih,2.34,0,0,0
90ea515b-d99c-4cb9-ac00-f63340b299a5,0,0.940,bilim,bilim,1.98,0,1,0
90f65a2c-6b4b-499d-950b-ff161d55a970,1,1.000,spor,spor,2.50,0,0,0
910216ca-ecb2-484a-8623-899397690024,1,1.000,spor,spor,2.18,0,0,0
910913d8-c482-4e03-9ec3-9ac5c79f7bfe,1,1.000,sinema,sinema,3.24,0,0,0
911a529f-4580-47f6-bd9a-b51e4bd45d2d,1,1.000,genel_kultur,tarih,2.36,0,0,0
9121eb11-6913-41cc-8b3e-7026e8d2a270,1,1.000,sanat,sanat,2.98,0,0,0
91270f11-04d3-4807-b8cc-1bdb1421d2c4,1,1.000,muzik,muzik,2.34,0,0,0
912a17a3-2d59-401e-9b1d-592f3de2f218,1,0.910,edebiyat,edebiyat,2.65,0,0,0
9130e09b-236e-4c99-9573-bffc5091629f,1,1.000,bilim,bilim,1.84,0,0,0
91312fd6-dbdf-46d2-8e38-6f393b76c789,1,1.000,tarih,tarih,2.12,0,0,0
91345fbb-f4f2-4d84-9e6a-cbab8e68957c,1,0.940,tarih,tarih,2.94,0,0,0
91336e3b-056c-4048-8c56-2282f659b428,0,0.660,edebiyat,edebiyat,3.59,0,0,0
913a776b-265e-4739-8862-d2fa42b9d467,1,1.000,sanat,sanat,2.86,0,0,0
914579c3-7225-40da-852f-9f7af8a9d958,1,1.000,muzik,muzik,3.02,0,0,0
914a2949-e31e-44cb-b8e8-67f4fd221df7,1,1.000,genel_kultur,bilim,2.40,0,0,0
915e57fd-b384-4cbb-a95b-3d4006ea4873,1,1.000,sanat,sanat,3.35,0,0,0
915e9f7c-374b-4e9b-8be0-386539e51674,1,1.000,edebiyat,edebiyat,3.01,0,0,0
9168094f-27a7-40ee-a658-a1d00f5862d7,1,1.000,edebiyat,edebiyat,1.92,0,0,0
9168e381-2928-40c1-9a0e-d4fe5c1d8377,1,0.990,spor,spor,2.80,0,0,0
91719b28-14d8-4ce5-b2d8-6cd4ddb65afb,1,1.000,sanat,sanat,2.20,0,0,0
916b9324-63f3-490c-ae10-01d688c8ac36,1,1.000,bilim,bilim,2.07,0,0,0
9176b76a-20eb-4416-bfbf-c421a03d26c8,1,1.000,bilim,bilim,2.66,0,0,0
917b70ed-43e3-41ce-bdf4-38935f825715,1,1.000,cografya,tarih,1.91,0,0,0
91889f8e-11b3-4be5-8c5b-b1cb67857b0c,1,0.980,bilim,bilim,2.16,0,0,0
918fc66c-c9b4-4695-be95-6c50b99004c3,1,1.000,tarih,tarih,2.15,0,0,0
9195dd05-5852-4ad6-8315-76d473ef72b2,1,1.000,cografya,cografya,2.11,0,0,0
9196ed4b-1502-4675-ae2d-53d74aadef19,1,1.000,genel_kultur,bilim,1.88,0,0,0
91ab159c-a0d7-4fd3-a033-eb3477fb6767,1,1.000,edebiyat,edebiyat,1.68,0,0,0
9196ff2a-51e2-4c09-be35-1494847fee64,1,1.000,cografya,cografya,2.80,0,0,0
91b23c54-5a80-41ed-99ea-2dd3e281f1aa,1,1.000,sinema,sinema,1.91,0,0,0
91ad0953-2464-444d-ba97-1bca9d3d5008,1,1.000,teknoloji,teknoloji,3.11,0,0,0
91cf735f-cad9-4dcb-a0d5-8428f26ee34d,1,1.000,spor,spor,3.00,0,0,0
91d4a15f-70d2-4610-b9e1-cba0856c341c,1,1.000,sinema,sinema,3.33,0,0,0
91daab50-f851-4cd9-aed2-54841e1dc580,1,1.000,muzik,muzik,2.74,0,0,0
91e569a3-1ee5-4e19-b53c-f91df20bb872,1,1.000,tarih,tarih,2.08,0,0,0
91f14700-1e8a-4014-ac52-81288281f613,1,1.000,cografya,cografya,2.86,0,0,0
91e5c7b4-642a-47e3-9780-12f1deba1600,1,1.000,sanat,sanat,3.06,0,0,0
91f64f15-6a59-4eb3-bccb-5a0c3577a233,1,1.000,muzik,muzik,3.23,0,0,0
91f93447-d04e-45d1-9ee0-a4ed62bc2422,1,0.980,cografya,cografya,2.27,0,0,0
91c79446-6a7b-4ab9-91f7-5949141cbf31,1,1.000,bilim,bilim,2.05,0,0,0
9206069d-b45c-4da6-a67d-ebb4aea8f6a0,1,1.000,tarih,tarih,1.40,0,0,0
92111406-59b7-44d9-a960-554604c51343,1,1.000,genel_kultur,edebiyat,2.64,0,0,0
9219fe7e-7739-4482-8861-077611db2bf8,1,1.000,teknoloji,teknoloji,3.87,0,0,0
921687de-0b11-4f77-855f-4f77c0441b44,1,0.280,sanat,sanat,4.03,0,0,0
9237c462-bf8a-4c3a-b269-ff525ced1e59,1,1.000,edebiyat,edebiyat,1.87,0,0,0
92432d8f-e5ab-47fd-b3ae-13210ec0806d,1,1.000,muzik,muzik,3.24,0,0,0
9244d1b3-704e-4bc4-8eff-1533522cc447,1,1.000,sanat,sanat,3.05,0,0,0
92461c12-1e94-48bf-9cb6-0bd50842504a,1,1.000,sanat,sanat,2.90,0,0,0
92466ab9-81c6-4538-8189-9c397bfe32f4,0,0.900,cografya,tarih,2.49,0,0,0
925038d4-7a16-463f-8d6e-afe5b548c7b6,1,1.000,teknoloji,teknoloji,2.78,0,0,0
925275fc-e668-4b67-8222-f952e3c1e4e8,1,1.000,teknoloji,teknoloji,2.46,0,0,0
925b3add-c3ff-4e94-9ddb-1d0ee1cc9fb5,1,1.000,genel_kultur,genel_kultur,2.92,0,0,0
925bec3b-38b8-4dba-abf1-8ec8f3bebc68,1,1.000,bilim,bilim,2.20,0,0,0
925c46d7-0e92-40d0-a2e8-5123846edf32,1,1.000,cografya,cografya,2.06,0,0,0
926a006d-6731-42fc-bf92-6d70da8009e2,1,1.000,cografya,cografya,1.89,0,0,0
9273e777-6761-4130-94e9-53aa682357c0,1,1.000,sinema,sinema,1.75,0,0,0
92850151-937a-42b2-8804-938e0ac57b65,1,1.000,cografya,cografya,2.28,0,0,0
928d174d-ca22-48f4-b4eb-0b4bbc679589,1,0.890,genel_kultur,cografya,3.09,0,0,0
928d6f7f-b5c0-46d9-84f1-91ddc4c86f3c,1,1.000,teknoloji,teknoloji,2.79,0,0,0
92af9af5-ae70-41da-8d2f-3080b2edf58e,0,0.330,cografya,cografya,3.47,0,0,0
92b12aeb-e88c-4c94-b426-eebb6c7b14cc,1,1.000,tarih,tarih,2.96,0,0,0
92b24b9b-5734-493e-baa1-55cecca7ad25,1,1.000,sanat,sanat,2.86,0,0,0
92b31223-9504-41c4-9f21-662592583b45,1,1.000,muzik,muzik,3.04,0,0,0
92d36a18-15dc-41f8-8549-ab5e1b3abde1,1,1.000,bilim,bilim,2.19,0,0,0
92d5a50b-4d41-4bde-9786-a6aa9e8cae49,1,1.000,muzik,muzik,3.21,0,0,0
92d7797a-74aa-4d4d-a13e-273ac05cb0da,1,0.960,muzik,muzik,2.94,0,0,0
92db65df-d5c1-4d9f-8b57-18edccd140ae,1,1.000,sinema,sinema,2.39,0,0,0
92dae7fa-3807-4c00-a82a-147193adf97d,1,1.000,cografya,cografya,2.90,0,0,0
92e029ba-91cb-4315-a41b-31343fd0ff4b,1,1.000,teknoloji,teknoloji,2.24,0,0,0
92e2e619-e7f1-45d1-8759-4416caf77c42,1,1.000,sinema,sinema,3.51,0,0,0
92e5c116-cfef-49ce-aabd-6552afa68595,1,1.000,cografya,cografya,1.82,0,0,0
92eac4fb-c43e-4e2b-b453-b9c2fad5f254,1,1.000,spor,spor,2.93,0,0,0
92ff2e91-6e4c-41ea-923b-0d4fad19eadd,1,1.000,sanat,sanat,2.49,0,0,0
92f08611-7ca1-490b-985a-722b96577736,1,0.700,muzik,muzik,3.81,0,0,0
93022673-6d0e-4606-b2d5-4a9cd685fbd8,1,0.960,muzik,muzik,1.74,0,0,0
92ffae89-edfd-42c3-8e73-c853100f3190,1,1.000,bilim,bilim,1.98,0,0,0
9303a903-e36b-4889-bed0-107545c4af2d,1,1.000,tarih,tarih,2.10,0,0,1
9305a662-3d92-4e93-9837-0d309e18f74a,1,1.000,muzik,muzik,2.88,0,0,0
931fb3ab-2fc0-4347-be20-5946c9131630,1,1.000,muzik,teknoloji,2.81,0,0,0
93272c55-0d7c-44a0-9076-432bf3a729b9,1,1.000,sanat,sanat,1.99,0,0,0
93278d84-fd55-4bd5-bb0f-5b15496c4005,1,0.830,cografya,cografya,3.29,0,0,0
932963fe-87b9-4b42-aabe-5b327641eef5,1,1.000,cografya,bilim,2.75,0,0,0
932e293e-2766-4a4f-a9a9-2f146d382ad8,1,1.000,tarih,tarih,2.38,0,0,0
932d5a08-fabb-4aa6-9fa3-c6b9705205c1,1,0.990,sinema,sinema,3.68,0,0,0
9337fefc-6db5-43f3-af29-4df8bd4828a6,1,1.000,cografya,cografya,2.06,0,0,0
93419796-eece-442a-91ca-7e6dadb017c2,1,1.000,teknoloji,teknoloji,3.25,0,0,0
934f6d19-472d-4323-be19-6fa162cba50f,0,0.680,edebiyat,edebiyat,2.33,0,1,0
93476418-a0e4-4924-8961-147945641824,1,0.840,tarih,tarih,3.13,0,0,0
934a4c0f-e170-4b6e-98e2-73f594efe439,1,1.000,sinema,sinema,3.40,0,0,0
935aa019-5de0-4ab0-9d70-8ad1e8e05eb6,1,1.000,cografya,cografya,2.43,0,0,0
935ce89a-7189-4c42-a4b5-ad5df30e6efa,1,1.000,genel_kultur,genel_kultur,1.95,0,0,0
9377057f-45a2-46b5-b850-5aafdf70766e,1,1.000,edebiyat,edebiyat,3.63,0,0,0
936e03e4-c669-42ae-9afb-d1d08db9ea2b,1,1.000,bilim,bilim,2.12,0,0,0
9382d3bb-3039-440b-ba0f-59b1ed01cdcc,1,0.920,muzik,muzik,3.50,0,0,0
93893b93-4039-4419-820b-6defca7bfe1d,1,1.000,muzik,muzik,2.60,0,0,0
938cce4b-c63d-4450-a16e-902fa27bb429,1,1.000,teknoloji,teknoloji,3.81,0,0,0
938d9055-bd0d-412f-8ac6-bdcca7b7ece6,1,1.000,edebiyat,edebiyat,2.79,0,0,0
939c573d-5821-4e0e-8abe-2b151b33eb0d,1,1.000,cografya,cografya,2.55,0,0,0
939d0920-b00f-49a1-812b-6a21b5b2835a,1,1.000,cografya,genel_kultur,2.97,0,0,0
939e45b6-b8bd-4a03-81d4-38ed3b17419e,1,1.000,genel_kultur,genel_kultur,1.00,0,0,0
93a14538-1e76-4fe2-b5a7-76e403496793,1,1.000,sanat,sanat,3.15,0,0,0
93b4c7b9-0aa5-479b-a0f4-9ee7e2d460ca,1,0.980,edebiyat,edebiyat,4.21,0,0,0
93c1ce8e-5cca-46c8-9092-a20090a2301e,1,1.000,bilim,bilim,2.03,0,0,0
93b6c445-5112-446b-9639-1feaaeb32e33,1,0.980,muzik,muzik,3.14,0,0,0
93d2a40c-1fd7-4905-9d9f-b9c560485e88,1,1.000,sanat,sanat,3.01,0,0,0
93d49d75-2935-4739-a18c-ca1c12bf631c,1,1.000,cografya,cografya,1.15,0,0,0
93ec3c29-79c3-4067-8e08-f30ed9589e59,1,1.000,tarih,tarih,2.66,0,0,0
93f23c0b-4ecd-4037-aedd-924e8535941b,1,1.000,tarih,cografya,1.77,0,0,0
93f61a51-005e-4940-b1d5-171794012557,1,1.000,spor,spor,2.66,0,0,0
93f65480-f7ec-46b0-ba58-a7a7273ee1d4,1,1.000,tarih,tarih,2.79,0,0,0
93f7bd1a-c0ee-4c4d-af50-9be8bf301011,1,0.540,edebiyat,edebiyat,3.83,0,0,0
9401194b-3d4c-4da2-b2c3-8c6878e902e6,1,1.000,sinema,sinema,3.68,0,0,0
941b9c5f-16ab-4c0b-9386-26fa7da5d57e,1,0.860,sinema,sinema,3.97,0,0,0
94015994-4150-4df6-9883-eaf8e94172fc,1,1.000,sinema,sinema,3.00,0,0,0
942529e8-2620-439b-81ba-be6a9e85da15,1,1.000,spor,spor,2.13,0,0,0
94285db0-5ee9-42b6-b324-bd389cf29f96,1,1.000,tarih,tarih,2.40,0,0,0
9435838d-323c-4b80-9a45-16f67f97229a,1,0.900,edebiyat,edebiyat,3.86,0,0,0
94341c14-b141-46c2-bd1d-c539c5cc0f5d,1,1.000,genel_kultur,bilim,1.90,0,0,0
94311648-5e9c-414d-91d0-ccd4d23acc69,1,1.000,bilim,bilim,1.24,0,0,0
9436744b-b274-4a9d-8611-60ce7a0193c3,1,1.000,sanat,sanat,3.03,0,0,0
943dccba-f348-483f-afb4-0a52c061ca48,1,1.000,teknoloji,teknoloji,3.63,0,0,0
9448cf76-e872-4e51-aec7-f46099ccc5c7,1,1.000,teknoloji,teknoloji,3.75,0,0,0
94640c11-de32-49ab-a857-5580ca163ee1,1,1.000,cografya,cografya,2.45,0,0,0
9456f487-179b-414c-8f23-a5825aa63efe,1,1.000,cografya,genel_kultur,1.90,0,0,0
94675947-c486-4714-83fc-841d9755946f,1,0.860,genel_kultur,cografya,2.20,0,0,0
947ffa04-0fa0-41ba-9f89-39e7b671d285,1,1.000,sanat,sanat,2.56,0,0,0
94814c46-f821-46a7-b1b2-16d9995b189b,1,0.970,edebiyat,edebiyat,2.56,0,0,0
947f5b2b-89cf-4af3-b03d-22668974b3d2,1,1.000,sinema,sinema,1.93,0,0,0
94876aaf-3fcd-4492-a4ff-66f39ebae831,1,1.000,edebiyat,edebiyat,2.45,0,0,0
948be2c8-a04f-4807-b93c-e1f672eac8c7,1,1.000,sanat,sanat,2.43,0,0,0
9498d1d7-6e1a-474d-a590-679583a5dbaf,1,0.940,spor,spor,2.02,0,0,0
9495bd09-e135-4083-b776-b5a85eee04de,1,1.000,cografya,cografya,2.10,0,0,0
949a1cdc-4c81-4098-9a60-65edd5fcadc2,1,1.000,muzik,muzik,2.85,0,0,0
949c0ffb-da5e-4fd1-a7e1-04e1e4af36c8,1,1.000,cografya,cografya,2.40,0,0,0
949acf33-fc45-454b-a47d-8c3d77f6ad8e,1,1.000,edebiyat,edebiyat,1.88,0,0,0
949a74aa-dd04-4a8c-a2da-94e96b544de4,1,0.990,sinema,sinema,3.84,0,0,0
94aeb490-9021-4dd2-8543-a6ef62f85317,1,1.000,edebiyat,edebiyat,2.94,0,0,0
94b2508c-b010-4771-a753-79feaf49d1c2,1,1.000,cografya,cografya,2.64,0,0,0
94a23e66-7a17-430b-b24d-c3d0a3b0753a,1,1.000,spor,genel_kultur,3.50,0,0,0
94b81e15-5eef-4fe8-ac0f-84253b9de336,1,1.000,bilim,bilim,1.74,0,0,0
9471a453-e8e8-4d3a-af5c-3ab0fad45e86,1,1.000,muzik,muzik,3.98,0,0,0
94bf145a-515b-4d8d-bdc2-840c156f1e0a,1,1.000,spor,spor,1.71,0,0,0
94beb290-dcf0-487e-820b-bf1084c28e6f,1,0.120,sinema,sinema,3.78,0,0,0
94c9f7f0-4300-4abc-b680-795029e04ea6,1,0.970,cografya,cografya,2.30,0,0,0
94d25464-f44e-4728-b855-cb052df40231,1,1.000,bilim,bilim,2.04,0,0,0
94e249a9-0ecb-484f-bce9-ba4504bd3125,1,1.000,spor,spor,2.13,0,0,0
94f5cd71-e85a-4cc1-ad86-17802964b34b,1,1.000,tarih,tarih,2.88,0,0,0
94d51796-96c3-444f-ae17-72b1afc63a5f,1,1.000,spor,spor,2.99,0,0,0
9500a309-8f5e-4af8-97ac-569bbe019fcd,1,0.890,cografya,cografya,3.43,1,0,0
9504edd3-22ad-4f64-8b55-3f992cc36f4c,1,1.000,cografya,cografya,2.87,0,0,0
95147bb6-9941-4f56-8ea3-cca91bdcb75e,1,1.000,teknoloji,teknoloji,3.71,0,0,0
950a1e35-7780-4fd3-9277-ce0e49dee17e,0,0.730,cografya,cografya,2.64,0,0,0
95164a6b-0aab-4083-aeb4-768d4191c0c9,1,1.000,genel_kultur,bilim,2.03,0,0,0
950a8e27-6745-4a04-a7eb-35370b77f97e,1,0.990,teknoloji,teknoloji,3.02,0,0,0
9519c76c-f948-4e43-ab02-746c24f2a09a,1,1.000,sanat,sanat,2.06,0,0,0
951ea4ea-c688-4680-988e-4e2bd781e072,1,1.000,spor,spor,2.00,0,0,0
953710d3-3228-4f40-a5a9-d56da6fdd81b,1,1.000,muzik,muzik,3.26,0,0,0
95498055-0567-47c7-8254-4d472ce81b6f,1,0.110,muzik,genel_kultur,3.72,0,0,0
954a8578-985a-4f6c-aa87-d3678ab8cad1,1,1.000,genel_kultur,genel_kultur,2.43,0,0,0
9556dbdc-1890-4f9c-97d9-3950bf74b11f,1,0.900,spor,bilim,3.50,0,0,0
95689290-f23a-4f8a-bf9d-1223535b5b69,1,1.000,bilim,bilim,3.35,0,0,0
956e0cc9-7bf2-40a4-a2c0-eff5f4f0bb8b,1,1.000,sanat,sanat,2.47,0,0,0
9579a99a-d123-4471-8481-b67c92a1308b,1,1.000,muzik,muzik,2.56,0,0,0
958140c5-77ad-49d5-9c26-a8e95978a5ac,1,1.000,muzik,muzik,2.70,0,0,0
9582bf01-054f-468d-bb2c-97f6f6237cce,1,1.000,cografya,cografya,2.02,0,0,0
958f5c92-e4cb-4612-bf79-8699bd635184,1,1.000,cografya,cografya,2.29,0,0,0
95a16ef5-6b34-47b6-8351-612abc6b8808,1,1.000,muzik,muzik,2.39,0,0,0
95936d8a-6498-4f82-bca5-2e8dfbcbc1f1,1,1.000,edebiyat,edebiyat,2.96,0,0,0
95a60b6c-65a0-4e79-a099-2e7531f1d4c6,1,1.000,edebiyat,edebiyat,3.06,0,0,0
95b360dd-9da7-4cd7-b27e-50bd9dbe1c30,1,1.000,teknoloji,teknoloji,2.14,0,0,0
95bbf81d-5eaf-49ec-b764-a92466d82208,1,1.000,genel_kultur,tarih,2.73,0,0,0
95bd2a73-ed6c-41c9-8d4b-bc83945cbc22,1,0.990,spor,spor,2.65,0,0,0
95c3adcf-2c42-4924-bf9e-a4917eb105ba,1,1.000,muzik,muzik,3.77,0,0,0
95e340f2-d2cb-49d2-b6f9-c41ecad854b2,1,1.000,tarih,tarih,2.04,0,0,1
95e5afcf-e4b2-4902-92d4-e85419951e62,1,1.000,spor,spor,2.98,0,0,0
95e5b798-2182-453b-92a1-ca7cf49b3c58,1,0.860,teknoloji,teknoloji,3.67,0,0,0
95fbb36a-93b4-4ee3-bd34-3b6839b27e4a,1,1.000,cografya,cografya,3.03,0,0,0
95fed67c-6d56-4a36-9f50-06ab4a1bd483,1,1.000,cografya,bilim,3.26,0,0,0
96041ddc-0006-49a4-909c-73cc11d2bbe2,1,1.000,cografya,cografya,2.23,0,0,0
96041f6e-e3bb-439c-9f31-18cbd442d32f,1,1.000,muzik,muzik,1.77,0,0,0
96048846-16d0-4ad2-91ce-3478edc40aec,1,1.000,teknoloji,teknoloji,2.57,0,0,0
9606534e-9ae8-4b5d-a8cb-1766e424b68b,1,1.000,tarih,tarih,3.41,0,0,0
9607b716-8ecc-4717-9a3f-361b6bc25272,1,1.000,cografya,cografya,2.15,0,0,0
96139645-80c5-42c7-a283-8646158c96f0,1,1.000,teknoloji,teknoloji,3.81,0,0,0
9630891e-67c9-45d3-ac0e-11b677796d55,1,0.990,spor,spor,2.37,0,0,0
96382d08-f942-4c41-b410-1e9fde179cc5,1,1.000,sanat,sanat,2.61,0,0,0
963c52ee-c64e-47a6-853d-dd8a6db1714a,1,1.000,genel_kultur,cografya,2.21,0,0,0
963d76c2-59ad-407e-a6e1-66c357fbf8a5,1,0.950,cografya,cografya,2.09,0,0,0
963f3129-3187-4a43-97c5-5fb67270693b,1,0.270,edebiyat,edebiyat,3.40,0,0,0
96448e02-3748-48c3-a860-99503ccb902e,1,1.000,muzik,muzik,2.65,0,0,0
9652a712-51c7-4355-9ffc-d96b04639d6c,1,0.990,spor,spor,2.54,0,0,0
96554a02-ef91-4808-a1ee-fe2009a485e0,1,0.970,sanat,sanat,3.89,0,0,0
96460747-8a7f-4028-b90d-465b1667f3cc,1,1.000,sinema,sinema,2.01,0,0,0
9657afff-9c71-4c91-a060-896c6d17c267,1,1.000,cografya,genel_kultur,2.57,0,0,0
9667c4b7-4bf7-415e-b4c5-94e5c07aa235,1,0.970,cografya,bilim,2.20,0,0,0
967213d6-a646-4014-b96d-ae5ca948982e,1,1.000,sinema,sinema,2.48,0,0,0
967adfe4-19a5-41ab-94c7-81437d256007,1,1.000,teknoloji,teknoloji,3.08,0,0,0
9684d3a4-6ea3-4d8d-a4ba-c37972d91d80,1,1.000,genel_kultur,genel_kultur,1.67,0,0,0
96a420a3-5590-405a-add2-31b537ec975a,1,1.000,muzik,sanat,2.13,0,0,0
96a61ba1-8e91-4de1-95d3-ca03aa79afb2,1,1.000,genel_kultur,edebiyat,2.27,0,0,0
96ab78bb-7591-4871-b0e2-e7990ddc4e82,1,1.000,tarih,tarih,2.31,0,0,0
96ca21bb-d83f-40ef-946a-83cd125e347d,1,0.990,cografya,cografya,2.45,0,0,0
96bd2d72-7a94-46e4-baaf-d0899f4178cd,1,1.000,cografya,cografya,2.81,0,0,0
96d9a788-663e-412d-9406-4b0849823362,1,1.000,cografya,tarih,2.08,0,0,0
96fa132a-604e-4618-a0d5-2ef3dc376fc5,1,1.000,genel_kultur,tarih,2.43,0,0,0
96e3b45b-854f-4aa0-b547-76da876e9a00,1,1.000,genel_kultur,tarih,2.04,0,0,0
970997cb-d051-4ce6-a58c-7f1a768317c0,1,1.000,spor,spor,1.93,0,0,0
96fe960f-27c0-41e8-ae91-c2328bf3e9c3,1,1.000,genel_kultur,genel_kultur,1.01,0,0,0
9704a14d-c301-40bf-94b9-5f436deeebde,1,1.000,sanat,sanat,3.54,0,0,0
971145ba-4958-46b0-87ff-6e964920ce4a,1,1.000,cografya,cografya,2.00,0,0,0
971d2048-55df-4cbe-8237-b5f115c37728,1,1.000,cografya,cografya,1.88,0,0,0
97179dbb-619a-43b7-80cd-bf09b940d5cc,1,1.000,tarih,tarih,1.95,0,0,0
9721ab81-b070-4cdd-a9df-0130c1777da5,1,0.910,muzik,muzik,3.53,0,0,0
972507cb-af81-40ed-bb08-e56b20c3ded6,1,0.920,edebiyat,edebiyat,3.41,0,0,0
9727552a-e8e4-4761-b41e-1f444a5beca6,1,1.000,cografya,cografya,2.03,0,0,0
97383d18-e6ea-4787-8ee7-2e94ddc7ef37,1,1.000,bilim,bilim,2.48,0,0,0
9748ee7f-f554-4d57-9a3a-6efed7372054,1,0.950,sanat,sanat,4.01,0,0,0
971468db-1366-4059-a0b3-6f33c8e14897,1,1.000,cografya,cografya,2.72,0,0,0
9752a5ec-e737-43cb-99c9-b5cf49e4e740,0,0.250,edebiyat,edebiyat,3.42,0,0,0
9755107d-0b88-4e16-9eef-3c51cee942b4,1,1.000,muzik,muzik,3.75,0,0,0
976eca16-6a4d-4f56-bd6b-65172431a68c,1,1.000,spor,spor,2.82,0,0,0
975c459b-5b41-49d6-b09d-132b8ca4ea4c,1,1.000,teknoloji,teknoloji,3.04,0,0,0
97785a6d-eb03-4fde-816c-6e1ef5ecfc3a,0,0.490,edebiyat,edebiyat,3.64,0,0,0
9781cbe6-4101-4ef8-b3c1-1c396d844318,1,0.990,sinema,edebiyat,2.13,0,0,0
979fc650-8e49-493a-bb52-1ece3e2c49c9,1,1.000,teknoloji,teknoloji,4.06,0,0,0
97927d75-894a-41a6-81f7-5c292e9ec57a,1,1.000,cografya,cografya,2.37,0,0,0
97945ccb-f9f4-44d0-b2af-4a88ef31c71c,1,1.000,sanat,tarih,3.93,0,0,0
979fdb11-a4cd-4248-97fb-bda57462d143,1,0.990,tarih,tarih,2.58,0,0,0
97a5c964-650a-442c-be82-923c3dd06aac,1,1.000,cografya,cografya,2.11,0,0,0
97a9c52a-3ae0-482e-abbf-1f5d68be8065,1,1.000,spor,spor,2.76,0,0,0
97def401-654c-4d9d-89d8-8fa111c2cb94,1,1.000,teknoloji,teknoloji,2.85,0,0,0
97e5ea63-39b0-4ed5-9c49-57ea60161a7e,1,1.000,genel_kultur,cografya,2.97,0,0,0
97fa20c6-6c6d-4bd0-8466-b02e877e0a1a,1,0.740,edebiyat,edebiyat,2.59,0,0,0
97fc21cf-91ff-4f8e-bb50-6144be4acc13,1,0.990,sanat,sanat,3.20,0,0,0
980bb5fd-ee93-4590-a2ee-ed5d19e1814e,1,1.000,muzik,sanat,3.20,0,0,0
98110ad5-75d5-41b3-8d5f-8b3d83effeb1,1,0.970,muzik,muzik,2.47,0,0,0
9809d9ab-073c-4ee5-870a-daf850f1f1e8,1,1.000,cografya,cografya,2.01,0,0,0
981d02da-768e-4aa1-a154-d5ac3de5c3c5,1,1.000,tarih,tarih,2.96,0,0,0
9829af7c-ada9-42f6-9edf-004396a09f1e,1,0.990,sinema,bilim,2.82,0,0,0
9830222c-fb37-4307-8904-bccbccd8fbc9,1,1.000,bilim,cografya,2.02,0,0,0
98493c12-c024-49e4-895f-27f908428823,1,1.000,muzik,muzik,1.85,0,0,0
9850a2bf-bba7-4c75-ac3a-1a3a86a62bdc,1,1.000,sanat,sanat,2.86,0,0,0
98554dcc-fae0-45c3-8454-49888ffcac1b,1,1.000,teknoloji,teknoloji,1.62,0,0,0
985589e8-8b0d-49a4-b110-852466f258cc,1,1.000,teknoloji,teknoloji,3.85,0,0,0
9859861a-83e5-455d-8c21-b60e8cc070b1,1,0.750,edebiyat,edebiyat,2.90,0,0,0
985a1d2b-e387-46bf-bf61-e8aca6030cd1,1,0.980,tarih,tarih,3.13,0,0,0
985c7bff-1f8a-4f96-81e5-9f5788647b90,1,1.000,spor,spor,3.79,0,0,0
986a05d5-dc1c-45fb-aba6-2b23b609ef1a,1,1.000,cografya,bilim,2.24,0,0,0
987e404d-dcc2-488c-9c45-f2a455287489,1,1.000,sanat,sanat,3.23,0,0,0
98861765-6250-4f02-b3ba-4e34ca2f00e6,1,1.000,cografya,cografya,2.15,0,0,0
986e2dbd-f0c9-48ba-8295-9d0f66fe4804,1,1.000,spor,spor,2.78,0,0,0
989bcd74-0150-41b3-915c-6ff615491e88,1,1.000,edebiyat,edebiyat,2.08,0,0,0
989da90f-8c60-4523-b2dd-2d3a38a51d77,1,1.000,cografya,cografya,2.02,0,0,0
98a13949-289a-448b-8003-90faef1fdadb,1,1.000,cografya,cografya,1.60,0,0,0
98af29a6-f98f-49c2-85c5-9f710a343f39,1,1.000,teknoloji,teknoloji,1.84,0,0,0
98a8d9b5-35e6-4d2c-8c1c-5e80cfac956c,1,0.560,cografya,cografya,3.44,0,0,0
98b102aa-2dae-4a15-9661-8e2523db9553,1,1.000,sinema,sinema,2.07,0,0,0
98b25f3b-e0c1-458d-88cf-37f71518cc5f,1,1.000,tarih,genel_kultur,2.30,0,0,1
98b11720-efc9-4109-a23f-7e9719db323f,1,1.000,spor,spor,1.98,0,0,0
98bf6c21-9aa0-479c-8f22-2d5e704d4c09,1,0.980,genel_kultur,cografya,1.85,0,0,0
98b764a8-442a-45e0-8db9-0a796bc6f209,1,1.000,tarih,tarih,2.15,0,0,0
98c4d5f9-bfb5-4e3e-bc77-ce4ea471e874,1,1.000,teknoloji,teknoloji,2.06,0,0,0
98d625c2-6fce-4e84-97fe-2a067c6adc90,1,1.000,cografya,cografya,2.39,0,0,0
98e5c99f-8284-4fe1-affd-010ed1d5a789,1,1.000,teknoloji,teknoloji,1.97,0,0,0
98e98c08-2fc8-45d5-ad11-336cfa2b8fc2,1,0.920,tarih,tarih,2.09,0,0,0
98eae202-e51f-4f14-946b-3af70a551373,1,0.990,sinema,muzik,3.19,0,0,0
98f9ed5d-3255-4c4e-8366-395bf3c497fb,1,0.700,muzik,muzik,3.55,0,0,0
990461d5-5a42-4e47-9eab-a637f2debbac,1,1.000,bilim,bilim,2.22,0,0,0
990c8636-876a-4547-a858-4667752ebcbf,1,1.000,teknoloji,teknoloji,2.38,0,0,0
98fa3907-d799-4924-8cd3-cf3af8b6679c,1,1.000,tarih,tarih,2.05,0,0,0
990ede4a-0c1b-49b1-b2fc-d738fc982f40,1,1.000,cografya,cografya,1.16,0,0,0
9921cf4d-da6b-4653-92ac-ebfe5d4f9390,1,1.000,teknoloji,teknoloji,2.06,0,0,0
992b6a73-5209-4bd2-b099-97e381b8efc8,1,0.990,tarih,tarih,3.24,0,0,0
9929344c-9bd2-46a8-835b-e7278a0ebd9c,1,1.000,teknoloji,teknoloji,2.26,0,0,0
993ebd52-48e9-4d50-af88-3f3287e8a0b6,1,0.980,tarih,tarih,2.62,0,0,0
99467707-2787-494a-b451-9ffbf4ee37b9,1,0.960,muzik,muzik,3.48,0,0,0
995f62ab-2616-44ad-9b18-b8932ba298b5,1,1.000,sinema,sinema,2.57,0,0,0
9962efee-ede7-4f0e-9407-c1b1edbd0eda,1,1.000,edebiyat,edebiyat,3.72,0,0,0
996bdc81-3c11-4e5f-9f9e-73e4a350c5d1,1,1.000,teknoloji,teknoloji,2.29,0,0,0
9969a368-b1fb-4a62-8925-ee3477f6c2c8,0,0.430,muzik,muzik,3.68,0,0,0
9973f023-26e3-44d3-9ac3-0f9831f5a856,1,1.000,sinema,sinema,2.54,0,0,0
997ab221-c15c-4d76-9c77-536954a5b78a,1,1.000,spor,spor,2.12,0,0,0
998c8269-0e61-4de3-a62c-61de314125b0,1,1.000,sinema,sinema,3.59,0,0,0
998354c2-c719-40b8-89d3-40b575337cea,1,1.000,muzik,muzik,2.76,0,0,0
9996f8c1-650c-47ad-87ab-63f7c8a9c242,1,1.000,tarih,genel_kultur,2.10,0,0,0
997e0175-d72e-4f82-8826-baf9c74510b0,1,1.000,sanat,sanat,1.21,0,0,0
9997bfea-6b30-4476-9fa3-2ec53c30852c,1,1.000,cografya,cografya,3.59,0,0,0
99a5cd63-8d9e-4f3e-a377-99a44f144022,1,1.000,cografya,cografya,2.35,0,0,0
99a5228e-09b5-495d-8101-95bcfbb04175,1,1.000,sinema,sinema,3.90,0,0,0
99a99b25-f0ee-4552-868f-3b179d4ea183,1,1.000,tarih,tarih,2.46,0,0,0
99b8d035-9e1d-487a-afb6-a1862cfe6913,1,1.000,teknoloji,teknoloji,2.96,0,0,0
99bb4c15-ccea-4290-bef8-07672b978cb0,1,1.000,sinema,sinema,3.56,0,0,0
99d689e2-f40e-49e8-8be3-6f89e493e9e3,1,1.000,teknoloji,teknoloji,2.29,0,0,0
99dee0bc-8e59-414a-8d77-f53ab0d28a80,1,1.000,edebiyat,edebiyat,1.03,0,0,0
9a0b2d7a-6141-42ad-9ecd-57c37fa4b164,1,1.000,cografya,cografya,2.08,0,0,0
99ed672d-e40a-49fb-90ef-06a944987a8e,1,1.000,cografya,cografya,2.26,0,0,0
9a122bc3-667b-42a7-9371-a38964dd5838,1,1.000,teknoloji,bilim,2.40,0,0,0
9a13c26b-eccc-45b4-94e1-579ce87664b1,1,1.000,edebiyat,edebiyat,1.84,0,0,0
9a20a10a-971f-45a3-8ddd-5e9abf8d01fe,1,0.570,cografya,cografya,3.24,0,0,0
9a270661-7d18-40c4-8a3c-2b5addb42e4a,1,1.000,tarih,tarih,3.05,0,0,0
9a25ef03-0564-4df6-a1e8-936d90bd55ef,1,1.000,teknoloji,teknoloji,3.67,0,0,0
9a29bd63-4005-4ef3-a035-009a927168a9,1,1.000,cografya,cografya,2.00,0,0,0
9a36416e-2b4b-48db-a651-1afeb2e3ee2e,1,1.000,teknoloji,teknoloji,3.93,0,0,0
9a2bd59b-e0f3-4322-afe1-b55f2d634e8e,1,1.000,genel_kultur,genel_kultur,1.59,0,0,0
9a451a4a-cf49-4596-93a3-b0812c8cd7af,1,1.000,teknoloji,teknoloji,2.99,0,0,0
9a3cc8bf-63e6-4905-91f2-8a01cd47f50e,1,1.000,cografya,cografya,2.51,0,0,0
9a483958-dffd-4090-8964-f82bdcf046f2,1,0.960,tarih,tarih,2.63,0,0,0
9a523122-d447-48cb-97e4-cbd65dc00f62,1,1.000,teknoloji,teknoloji,2.59,0,0,0
9a54000a-ce7c-4066-abe8-46c5be1f95d5,1,1.000,cografya,tarih,2.92,0,0,0
9a4b16e3-6bd4-4559-ac6b-9e3b1a863fc1,1,1.000,spor,spor,2.38,0,0,0
9a553c6f-d1a9-4891-b75d-7a8d31879e8a,1,1.000,cografya,cografya,2.41,0,0,0
9a595f30-6894-471d-869a-d48fe284e40a,1,1.000,genel_kultur,genel_kultur,1.66,0,0,0
9a61b9d7-ab1d-4931-b5dd-8daec6c8fb23,1,1.000,teknoloji,teknoloji,2.12,0,0,0
9a6c25fa-fb8c-4d09-ade3-8b729a2c4f29,1,1.000,teknoloji,teknoloji,2.80,0,0,0
9a793b01-8fd3-4e8b-a199-c5c3c7e984a2,1,1.000,bilim,bilim,2.30,0,0,0
9a7ea59c-151e-4c69-aafa-c62edcbaa30f,1,0.980,sanat,sanat,3.50,0,0,0
9a7ed2c1-b2a5-4d4f-9320-da04f760a976,1,1.000,tarih,tarih,2.44,0,0,0
9a88b5a8-5a8e-45f9-bccc-2017cdab4c6c,1,1.000,cografya,cografya,2.15,0,0,0
9a976cb5-87f4-4e81-9f97-3f64d6bc7630,1,1.000,teknoloji,teknoloji,2.65,0,0,0
9a94739a-e238-45de-b4ba-b712ab647f52,1,1.000,spor,spor,2.16,0,0,0
9aa3b545-a2e3-41e9-bc3f-6fd1cf458aa5,1,0.980,edebiyat,edebiyat,2.90,0,0,0
9ac722e7-97de-4756-a1a1-7ad141ad649d,1,0.990,tarih,tarih,2.46,0,0,0
9ab408fe-4d13-45ca-abad-2186ec77c1d0,1,0.590,muzik,muzik,2.69,0,0,0
9acf2e47-cf5e-41cd-83f4-2fd6bf083e8d,1,1.000,bilim,bilim,2.57,0,0,0
9ad0ebaf-fdc5-4f17-a1e3-61015d9ec3ad,1,1.000,muzik,muzik,2.56,0,0,0
9adbe5db-ebb9-4c54-9cd9-baa7172ae597,1,0.940,muzik,muzik,3.38,0,0,0
9ae18926-ae4e-482d-b30a-c25e8a5b2ee3,1,0.990,edebiyat,edebiyat,2.97,0,0,0
9af8c2e0-8c81-4304-a499-008747ee74ff,1,0.950,tarih,tarih,3.00,0,0,0
9b012243-1c01-4f0c-a2dd-be561a8b7d0f,1,1.000,teknoloji,teknoloji,3.54,0,0,0
9b0b5c62-cda5-429b-96d6-600b31bfef79,1,1.000,tarih,tarih,3.68,0,0,0
9b1354f1-bd60-4ec3-b715-b37274dfbee7,1,1.000,cografya,cografya,2.68,0,0,0
9b30f6c2-de2a-4a0f-a117-06621da8de47,1,0.800,spor,spor,2.40,0,0,0
9b3d2498-3fdf-44f2-8ea8-afa1c79a3683,1,1.000,genel_kultur,genel_kultur,1.94,0,0,0
9b44f524-c7bd-49fe-beca-4e6b6859c3e8,1,1.000,cografya,cografya,2.11,0,0,0
9b54127f-e59c-45a7-b083-9e989305d4e4,1,1.000,cografya,cografya,1.74,0,0,0
9b5689bf-2c36-4288-844d-d27f68ac64a6,1,1.000,sanat,sanat,2.54,0,0,0
9b581e43-798f-4325-a55a-dfa11c160f2e,1,1.000,sanat,sanat,2.94,0,0,0
9b5ad6a4-057d-4b6a-8115-80359a8e3a9b,1,0.870,edebiyat,edebiyat,2.40,0,0,0
9b61c244-ea91-4414-9031-ab7e9c4bc282,1,1.000,cografya,cografya,2.29,0,0,0
9b668596-a40c-48b1-a7f5-682106cd4042,1,1.000,sinema,sinema,3.28,0,0,0
9b783189-ea43-4cba-9b35-f61bff6d638e,1,1.000,sanat,sanat,3.44,0,0,0
9b84cd4f-85f6-4019-ab26-f878c6de5d72,1,1.000,sanat,sanat,3.04,0,0,0
9b8ea4dc-84e7-419e-a704-9ff8bdf1f104,1,1.000,edebiyat,edebiyat,2.28,0,0,0
9b92a74e-9cb0-4e0a-a5f6-7939d9b6a6b8,1,1.000,genel_kultur,genel_kultur,2.10,0,0,0
9b935501-604b-4a87-8fa2-0ddcb4e85184,1,1.000,cografya,cografya,3.19,0,0,0
9baa95ae-57bb-43a0-9cdd-c10e943beb43,1,1.000,sinema,sinema,2.97,0,0,0
9baf3d25-a1d1-45d3-a88c-04c2bc7c261d,1,1.000,sanat,sanat,2.66,0,0,0
9ba7e0db-41d2-44d6-b1cc-bf77ad72b74d,1,1.000,sinema,sinema,2.21,0,0,0
9bbc3c46-6804-4b3f-b813-91c90e8c1f23,1,1.000,cografya,cografya,1.88,0,0,0
9bbd88d4-d3f3-4695-8556-9cbcd0d669fb,1,1.000,bilim,bilim,1.99,0,0,0
9bc480eb-7995-4ff1-b11e-f11d1f9b97cd,1,1.000,tarih,tarih,2.49,0,0,0
9bcdea26-66cd-48ad-abd5-0f07577f11f2,1,0.850,spor,spor,2.55,0,0,0
9bd2c45a-1378-49be-b4cc-8db5cf52204a,1,1.000,genel_kultur,genel_kultur,2.09,0,0,0
9bd5d54f-00bf-4b61-8282-564f8f676d97,1,1.000,tarih,tarih,2.32,0,0,0
9bdc5ecd-3c67-4122-8a76-ad2fe5b5ac67,1,1.000,genel_kultur,genel_kultur,2.46,0,0,0
9bdef409-41e2-4263-98a8-7e3b2b60a9ac,1,0.490,cografya,cografya,2.98,0,0,0
9bdfba64-dafd-4850-83f8-6c49c58616c8,1,1.000,edebiyat,edebiyat,1.38,0,0,0
9be0df3c-44b0-4d44-8376-3b67e559656c,1,1.000,sinema,sinema,2.83,0,0,0
9bf8721c-cf3e-4b71-ac2f-a2e61a71fd39,1,1.000,teknoloji,teknoloji,3.81,0,0,0
9c06cbd3-f029-464d-8eb9-7e28e9914dff,1,0.940,cografya,tarih,3.13,0,0,0
9c0a151e-f73c-4677-bd94-44357d19c8d2,1,1.000,tarih,tarih,1.84,0,0,0
9c159c46-404f-458c-8537-c5a550524fac,1,1.000,bilim,bilim,1.48,0,0,0
9c1a9356-8359-403e-9e8e-03ee57081e75,1,1.000,sinema,sinema,3.71,0,0,0
9c32df08-b91e-4ee5-a82c-153b773b2b8a,1,1.000,teknoloji,teknoloji,4.11,0,0,0
9c3fa7da-1187-48a9-a855-7ee9a62864a6,1,0.950,genel_kultur,tarih,3.06,0,0,0
9c45f636-85e2-4095-8de4-cb5c29c9ac8f,1,1.000,bilim,bilim,1.96,0,0,0
9c5888aa-db5a-42e2-a39f-9dff71155ad2,1,0.880,edebiyat,edebiyat,3.26,0,0,0
9c51963a-0f7d-49b9-8369-13dda97374b4,1,0.990,bilim,bilim,2.09,0,0,0
9c51432f-37ae-4ee7-93e4-d7ba177846d9,1,1.000,teknoloji,teknoloji,3.58,0,0,0
9c5d4cd3-1ca9-40eb-bac1-b8dafcc08cba,1,1.000,bilim,bilim,1.31,0,1,0
9c6513d7-d27c-4cf9-a474-62c4550fdf97,1,1.000,edebiyat,edebiyat,1.98,0,0,0
9c936245-c809-4172-afd3-3a311f41b07b,1,1.000,bilim,bilim,2.07,0,0,0
9c922b1b-488c-40b6-b7f9-634ba807bb90,1,1.000,muzik,muzik,2.00,0,0,0
9c91d4a4-7c90-4321-a87c-675a41dceb6a,1,1.000,cografya,cografya,3.27,0,0,0
9c9925fd-0272-479b-a2e1-d8a7c4d68e2f,1,0.090,cografya,cografya,3.63,0,0,0
9c9fa247-ab20-44eb-adbd-9d195cd3b00c,1,1.000,genel_kultur,bilim,1.68,0,0,0
9c9b9be1-1ee7-463a-9def-be75677b8a05,1,1.000,sanat,sanat,3.46,0,0,0
9caa0ebe-a440-405e-87df-e6147ae969d5,1,1.000,sanat,sanat,3.53,0,0,0
9caa3a10-4c39-4ab7-9b79-fd9c9618e88a,1,1.000,teknoloji,teknoloji,2.65,0,0,0
9cba6316-9512-44d9-bb47-f62cd2a16455,0,0.410,cografya,cografya,3.57,1,0,0
9cc15538-b0d9-401f-a1ef-965e8913c957,1,0.990,genel_kultur,genel_kultur,2.76,1,0,0
9ce3e83d-9b38-4f9d-89d7-c77286efdf64,1,1.000,sinema,sinema,1.08,0,0,0
9ce55ca2-9db8-461a-a21d-20aebd9ade1f,1,0.970,bilim,bilim,2.55,0,0,0
9cc23f11-caee-41f5-bd96-66244545f4f5,1,1.000,cografya,cografya,1.55,0,0,0
9ce5d076-9f13-46bb-a862-484c6bafe345,1,1.000,cografya,bilim,2.63,0,0,0
9cee3293-fa73-4a20-8f55-a40afbe192ce,1,1.000,tarih,tarih,2.37,0,0,0
9cf1917c-68b0-4ce7-b708-8092f22876a6,1,1.000,cografya,cografya,2.56,0,0,0
9cfb002c-335b-471c-b61c-3acd0eb63fb8,1,1.000,sanat,sanat,2.52,0,0,0
9cfdb289-0159-40de-9d37-47dc3e33a0aa,1,1.000,genel_kultur,genel_kultur,1.76,0,0,0
9cfdd26b-4991-4f5d-a139-dce6290a9c46,1,1.000,spor,spor,2.77,0,0,0
9d085160-5250-4f6d-ad63-20557d8cf9a1,1,1.000,cografya,cografya,2.05,0,0,0
9d01c579-c8fb-4437-8d18-c74df08e5d2d,1,1.000,spor,spor,2.22,0,0,0
9d0b80df-bec3-4f3b-bf9c-73edce1006fe,1,0.900,sinema,sinema,3.72,0,0,0
9d203bed-fd90-465e-ae22-79ba18107863,1,1.000,sanat,sanat,3.10,0,0,0
9d261795-d3ea-4bae-8e28-4e8ca3e707ed,1,1.000,bilim,bilim,2.25,0,0,0
9d270d70-9604-4c6f-9ddb-be18f15ef3fb,1,0.860,edebiyat,edebiyat,3.41,0,0,0
9d35afb4-6ee3-4aac-b4bb-6fee730fe477,1,0.990,cografya,cografya,3.34,0,0,0
9d373a07-72a4-4b5c-9f14-54435dcf5ab6,1,1.000,sanat,sanat,2.50,0,0,0
9d544108-6e8a-4fda-bfff-c8b7cb526af9,1,0.990,cografya,cografya,1.95,0,0,0
9d63493a-ab46-4d37-b8f6-8b458be3d2c7,1,1.000,sinema,sinema,1.57,0,0,0
9d6ea2f5-c116-4936-8ea2-58cf9b56a119,1,1.000,cografya,cografya,2.17,0,0,0
9d819a5f-f59d-4a24-80fe-5726e1450a46,1,1.000,genel_kultur,genel_kultur,2.23,0,0,0
9d894432-ebd2-4cc6-a8fc-6ba8b8da5dd8,1,0.980,muzik,muzik,3.26,0,0,0
9d97141d-f1bf-4c39-8836-5a8e875202df,1,1.000,teknoloji,teknoloji,4.09,0,0,0
9d972173-7a48-401f-b3a3-6ac10adb6f7e,1,1.000,sanat,sanat,3.03,0,0,0
9d9d4ddf-4d41-4bd9-9814-ce86f1913cb0,1,0.990,tarih,tarih,2.21,0,0,1
9da41f50-343d-4be1-9eee-90c2e595a93f,1,0.990,sinema,genel_kultur,2.23,0,0,1
9da5c42a-bed0-4e3e-b414-512a1e658795,1,1.000,bilim,bilim,1.97,0,0,0
9da7cc44-2891-499e-b62a-91101d93316a,1,1.000,sanat,edebiyat,3.15,0,0,0
9dafa628-df3d-4bad-9dc6-005e2e824c28,1,0.510,genel_kultur,cografya,2.67,0,0,0
9dbdd503-70f6-444b-ae49-4b36ba9fd054,1,1.000,edebiyat,edebiyat,2.91,0,0,0
9dccc06e-e6f2-42c0-bce5-38d797d04746,1,1.000,bilim,bilim,1.42,0,0,0
9db12a4e-7ccb-463c-b337-ac86f13c2886,1,1.000,tarih,tarih,1.67,0,0,1
9dcf2847-a750-4708-836e-618060cd7b4c,1,1.000,sanat,sanat,2.76,0,0,0
9dd752e5-65c2-44ec-b2c3-5fdc680c5880,1,1.000,cografya,cografya,1.88,0,0,0
9dd763f3-fc15-4cba-ae7e-9b927dc89187,1,0.960,cografya,cografya,3.03,0,0,0
9ddadf09-7659-4ff4-a01c-c7d9ef414e03,1,1.000,sinema,sinema,1.89,0,0,0
9de38682-126b-4494-ae66-3b1cab06efa2,1,0.900,edebiyat,edebiyat,3.12,0,0,0
9dedb134-c165-408c-bb69-c3d7a34ef161,1,1.000,spor,bilim,2.33,0,0,0
9dedbf2a-0667-4776-a4ee-d1ea76f6119e,1,1.000,genel_kultur,cografya,2.71,0,0,0
9df1058f-04d0-432b-afbe-3a8faac87078,1,1.000,teknoloji,teknoloji,2.22,0,0,0
9df70527-d4da-49c2-a8e8-d2594d42560a,1,1.000,teknoloji,teknoloji,2.70,0,0,0
9df64164-da09-49b4-b8a7-7cdfefc531f0,1,1.000,cografya,cografya,2.54,0,0,0
9df71178-35a0-4086-9c17-33b535aeb0cf,1,1.000,edebiyat,sanat,3.08,0,0,0
9dfbb371-cd5f-4367-9471-07169ba61a8b,1,0.720,cografya,cografya,3.43,0,0,0
9e05f57a-e17a-4259-b988-717b0736aef5,1,1.000,teknoloji,teknoloji,2.21,0,0,0
9e10f188-6252-4891-8861-e8be99dc5623,1,1.000,bilim,bilim,1.96,0,0,0
9e096bf6-92d6-4622-9d07-467e221714ca,1,1.000,bilim,bilim,2.77,0,0,0
9e1bab95-ce8f-4292-874a-b22fec34aea2,1,1.000,sanat,muzik,2.76,0,0,0
9e24bf13-d6ed-4933-a869-8c204c40754c,1,1.000,spor,spor,3.77,0,0,0
9e2a0b8e-4a67-4a05-99e9-304784a261bc,1,0.970,spor,spor,2.84,0,0,0
9e2e4ea8-01a4-4ebc-b4ac-99a4921b4dc9,1,1.000,cografya,bilim,1.96,0,0,0
9e3af2c8-6772-4b7c-838a-c3d658888629,1,0.560,edebiyat,edebiyat,3.39,0,0,0
9e40d80d-f06f-4982-b55c-80610bcaaa4c,1,0.960,tarih,tarih,3.27,0,0,0
9e46d65c-14df-4215-b228-5439fbab2441,1,1.000,teknoloji,teknoloji,3.95,0,0,0
9e67fa32-c3da-4ed6-bf35-228ffa180ba4,1,1.000,genel_kultur,sanat,2.46,0,0,0
9e706153-5b62-4fe0-af7e-1b2864a33342,1,1.000,sinema,sinema,2.20,0,0,0
9e5ab703-c9e6-4e01-9b62-0ed3d4edca1f,1,0.990,genel_kultur,genel_kultur,2.93,0,0,0
9e72207f-797d-4198-a6b5-9990d33859de,1,1.000,spor,spor,3.46,0,0,0
9e5d48ee-d06f-4542-99ba-c11e2455f689,1,1.000,tarih,bilim,3.69,0,0,0
9e9833db-0360-45b6-8caa-7900a1a3384f,1,0.990,muzik,muzik,3.56,0,0,0
9ea2969b-0cde-411d-addd-71583ff2febf,1,1.000,cografya,cografya,3.27,0,0,0
9ea41d5c-e270-4e7d-b001-ddc55180f47e,1,1.000,sanat,sanat,2.37,0,0,0
9eab3588-2a28-4e47-9794-d02a11054f07,1,1.000,bilim,bilim,1.97,0,0,0
9ea4d66c-6a17-430e-b6fb-509c49433a4c,1,1.000,cografya,cografya,1.95,0,0,0
9eae5b46-1c6b-4854-8e1c-29ea2640facf,1,1.000,cografya,cografya,1.83,0,0,0
9eb56e8e-23e3-4447-a0b4-436623b695d9,1,1.000,sanat,sanat,3.11,0,0,0
9eb6f372-ed24-4910-9745-1dcacde7b891,1,1.000,spor,spor,2.11,0,0,0
9ec11697-07c0-45c1-ab8b-db252c6ce030,0,0.450,cografya,cografya,2.57,0,0,0
9ec46af8-8229-4b9c-bb90-f06349600934,1,1.000,muzik,muzik,2.79,0,0,0
9ec9eda0-5657-4608-a6fb-40253324fb07,1,0.980,teknoloji,teknoloji,1.82,0,0,0
9ed659ac-400e-4a9b-9dc9-b7f313274437,1,1.000,spor,spor,2.48,0,0,0
9edaa9f4-16fd-4559-ac92-a32d50ca4c99,1,1.000,cografya,cografya,2.09,0,0,0
9ef1b5b2-43d8-442c-81ed-d75f49f0c645,1,1.000,cografya,tarih,2.80,0,0,0
9ef9f716-a3c1-4549-ac37-81ac082cf6f1,1,0.550,tarih,tarih,3.34,0,0,0
9f0008eb-e3b5-471e-8207-2cf16ea284a7,1,1.000,genel_kultur,bilim,1.00,0,0,0
9f14be9d-fff5-4687-a1a8-4316dc507ebe,1,1.000,bilim,bilim,1.73,0,0,0
9f0cd652-6987-4efe-a4a6-f76350bb4652,1,1.000,sinema,sinema,1.56,0,0,0
9f165a56-77a1-4208-a706-67c60bdb8410,1,1.000,sanat,sanat,1.76,0,0,0
9f28226c-e2d5-44c0-a3db-16cdfa7aa4a9,1,1.000,edebiyat,edebiyat,2.58,0,0,0
9f4ee0cd-3e06-42cf-b362-81d7432f4c00,1,1.000,bilim,bilim,2.33,0,0,0
9f521c5e-6fa2-469e-b491-5ebec3f43041,1,1.000,spor,spor,2.80,0,0,0
9f5a599c-c4c0-4881-8f03-de471a478484,1,1.000,bilim,bilim,1.93,0,0,0
9f6a8987-6fcd-4026-ac22-a86913f06b35,1,0.610,edebiyat,edebiyat,2.20,0,0,0
9f75debe-7725-410e-9634-b05f9e2b70f4,1,1.000,bilim,genel_kultur,1.75,0,0,0
9f77b6f3-87bf-443e-83fe-6f6b9b3cf502,1,1.000,sanat,edebiyat,3.61,0,0,0
9f5a7486-b442-4e0a-858b-2a2c872f9f9c,1,1.000,genel_kultur,cografya,1.97,0,0,0
9f7e0bdd-989b-4962-8409-bcfccf336003,1,1.000,tarih,tarih,3.33,0,0,0
9f899409-4390-4cd2-807c-3d8ac7a93fe9,1,0.990,genel_kultur,genel_kultur,1.73,0,0,0
9f8e9379-7a2c-4462-bd9a-eb8a0fbb950a,1,0.550,tarih,tarih,3.30,0,0,0
9f7f65f5-2abb-4dd6-8ed7-28c9166c51bf,1,1.000,sinema,bilim,3.30,0,0,0
9f9535fb-9f6c-4702-9265-92660851ec09,1,0.990,genel_kultur,spor,2.06,0,0,0
9f95b8fb-c9e2-47d0-a26a-772031bb3b31,1,1.000,cografya,cografya,1.39,0,0,0
9fa0835c-eedf-4851-8186-bfd07ee04baa,1,1.000,teknoloji,teknoloji,1.69,0,0,0
9fa4f56c-d9df-40dc-a43a-9e8829ddc77a,1,1.000,genel_kultur,cografya,1.46,0,0,0
9fb06500-9815-4c3d-8645-e21bcdce4a4f,1,0.940,sinema,sinema,3.58,0,0,0
9fb7e2ac-d7f8-4eaa-a7c9-16e7e8686ad8,1,1.000,spor,spor,2.36,0,0,0
9fbb47e7-e608-4e05-9d3a-1663f02e4f44,1,1.000,tarih,bilim,4.00,0,0,0
9fd6470f-6f5f-4246-abf8-67e3ce53b492,1,1.000,teknoloji,teknoloji,2.85,0,0,0
9fe2a1e2-f5f9-41a7-8b60-061920298288,1,0.960,cografya,cografya,1.98,0,0,0
9ff15b1b-e402-445b-82e2-73b82b327306,1,1.000,sanat,sanat,2.70,0,0,0
a01dcb5b-fc6b-4c82-8d99-4ea5e6297fe1,1,1.000,cografya,genel_kultur,1.41,0,0,0
a022353d-9ce8-4a76-a010-e165c6e14813,1,1.000,tarih,tarih,2.49,0,0,0
a028e33d-5b85-427a-8148-d5ef426836cd,1,1.000,bilim,bilim,1.80,0,0,0
a0299975-599d-4341-9762-85e7671da780,1,1.000,sanat,sanat,2.45,0,0,0
a030e870-dc85-4203-9928-4c54dbb4e839,1,1.000,bilim,bilim,2.83,0,0,0
a0320094-a90e-4fb0-8d2e-c339c432ef00,1,0.990,sinema,sinema,3.33,0,0,0
a03a03fe-5c6b-4a16-9d27-4150111d0a30,1,1.000,tarih,tarih,3.07,0,0,0
a0523806-3167-471d-b1d4-df16028a9c7b,1,1.000,bilim,bilim,2.26,0,0,0
a04f6c6e-be17-469b-bb1d-74a868137d50,1,1.000,spor,spor,1.85,0,0,0
a064e252-9120-4a0e-a1c0-c3a0a53394d2,1,1.000,tarih,tarih,1.80,0,0,0
a061bf19-e062-4094-92e7-345746c6eac9,1,1.000,sinema,sinema,4.04,0,0,0
a065c244-12e2-4a27-9715-ddbb96d520c4,1,1.000,sinema,sinema,3.74,0,0,0
a077d6ac-f744-44fb-9d21-db971b62a413,1,0.780,tarih,tarih,2.49,0,0,0
a06eca55-b713-4fe8-9146-a5ee9ac921b1,1,0.980,genel_kultur,genel_kultur,2.20,0,0,0
a07ba856-d2d4-439a-bf85-74b7a525e407,1,0.990,genel_kultur,cografya,2.78,0,0,0
a07b6088-0e70-45d3-8f0d-1868f8c04025,1,0.980,genel_kultur,genel_kultur,2.30,0,0,0
a09167b1-2c59-4f7a-99f8-7c1408739c63,1,1.000,muzik,muzik,1.93,0,0,0
a08d81e1-e105-4918-a917-3d226430d596,1,1.000,sanat,sanat,2.12,0,0,0
a087e9ca-fcab-4d1f-a1fc-397785538252,1,1.000,cografya,cografya,2.73,0,0,0
a0926776-78a7-47ce-ab86-084b94df2b55,1,1.000,cografya,cografya,1.91,0,0,0
a0afa46a-7b18-46b8-8282-d835e365aca9,1,1.000,cografya,bilim,2.20,0,0,0
a0ce3be2-7f9c-417e-8eb6-cc6173bc1221,1,1.000,sanat,sanat,2.42,0,0,0
a0c58afb-25f1-4016-a929-f6e88c7e6233,1,0.970,spor,spor,2.01,0,0,0
a0b32319-0df2-4a8c-9d8c-938784da93c4,1,1.000,muzik,muzik,2.06,0,0,0
a0cf0874-88b2-43c3-84a0-3aeb01c9cb2c,1,1.000,bilim,bilim,3.03,0,0,0
a0d0ca84-23a9-40a3-8127-f83542c5d070,1,1.000,genel_kultur,genel_kultur,1.82,0,0,0
a0d2c733-caa8-44bb-be26-e6d2abcc4347,1,1.000,sinema,sinema,1.64,0,0,0
a0d9bc48-653f-41ec-a830-1d89caa83da4,1,1.000,muzik,muzik,2.82,0,0,0
a0de114b-bbb3-49b6-bf7e-9abb9b8e5c7c,1,0.990,muzik,muzik,2.92,0,0,0
a0df0178-4d0b-42ee-9235-715d39b0833e,1,1.000,sinema,muzik,2.64,0,0,0
a0f8c0fc-408f-4635-a83d-4620853bc63d,1,0.980,tarih,tarih,2.33,0,0,0
a1057071-ef5b-45f0-b7a3-ccec67eaef27,1,1.000,tarih,tarih,2.96,0,0,0
a0fe97e0-a28d-4950-a2cc-018d66aab309,1,0.990,muzik,muzik,3.53,0,0,0
a10f7bbe-7584-4dcb-b33d-486198851f2b,1,1.000,genel_kultur,genel_kultur,1.24,0,0,0
a11854c0-9daf-4fa1-b10d-5d1b00f3d6e0,1,0.700,muzik,muzik,2.65,0,0,0
a1386654-7a9b-403e-b208-3ad9312d69cb,1,0.610,cografya,cografya,2.40,0,0,0
a11db30d-7401-4481-9e04-dcae1f6e162b,1,1.000,cografya,genel_kultur,3.08,0,0,0
a140b4be-40c2-4c3f-9017-f92cdfc0c3d2,1,1.000,tarih,tarih,2.44,0,0,0
a1490787-e794-4f89-a7b1-0f59e66ddd8a,1,1.000,sanat,sanat,1.93,0,0,0
a152665c-a8d2-4c60-b336-9a65ac3f84f0,1,0.980,cografya,cografya,2.61,0,0,0
a1633f6c-c4b4-4fd0-9711-1db41d78a68f,1,1.000,sinema,sinema,3.32,0,0,0
a16e948d-e5b0-4f2f-86ba-a38d8ec25398,1,1.000,cografya,genel_kultur,2.70,0,0,0
a17f4a00-3d8d-40a1-a459-4e0a0ed305ee,1,1.000,cografya,cografya,2.46,0,0,0
a165226e-4903-4361-a6ea-7b7d720a9d1f,1,1.000,tarih,tarih,3.00,0,0,0
a165d28c-7a1b-4117-bd65-8fdd25ec39d5,1,1.000,cografya,cografya,2.19,0,0,0
a1947256-c786-473f-b2ce-eb0776810fb8,1,0.940,muzik,muzik,3.13,0,0,0
a1b819b8-88df-426a-b86c-6da1bc28d45b,1,1.000,cografya,cografya,2.96,0,0,0
a1b8ce29-c1c1-4c69-8b0b-03cbf523fa83,1,1.000,edebiyat,edebiyat,1.90,0,0,0
a1e4e8a0-7e15-4296-af1f-742e358c8c8c,1,1.000,teknoloji,teknoloji,2.95,0,0,0
a1d23fef-5b1d-4769-9118-544ccd2faabc,1,1.000,muzik,muzik,3.66,0,0,0
a2115f8d-a339-4701-bffd-faef104596ef,1,1.000,cografya,cografya,1.97,0,0,0
a21419f7-4822-4e18-8c00-ee41ce34175c,1,1.000,tarih,tarih,1.95,0,0,0
a22a38a4-9ed2-4d9f-b658-01e0a330e095,1,1.000,genel_kultur,genel_kultur,2.24,0,0,0
a22b4a1e-0e8d-40e6-94a8-745c883ea705,1,1.000,sinema,sinema,2.23,0,0,0
a22a7a89-8e68-40c6-9c2e-f98a14a12671,1,0.340,edebiyat,edebiyat,3.41,0,0,0
a23503b8-ba18-43b2-b8a5-48d243f76ffb,1,1.000,bilim,bilim,2.20,0,0,0
a241ae03-6a69-4b4c-9e01-3cf45d9e766d,1,1.000,sanat,sanat,2.42,0,0,0
a2446e78-101c-4cfe-a24b-82a671f2b247,1,1.000,tarih,tarih,2.53,0,0,0
a24674e8-5037-40d8-9b0c-42c1c33b80e4,1,1.000,cografya,cografya,1.86,0,0,0
a2595d97-930d-4c65-bee6-aba324ec12d3,1,1.000,genel_kultur,genel_kultur,2.14,0,0,0
a261290d-4499-4657-a933-20a56f6675c4,1,1.000,spor,spor,2.27,0,0,0
a27fa4f9-d0d7-4b54-8014-21dbe8fd61ff,1,1.000,sinema,genel_kultur,2.16,0,0,0
a276ae2d-ec24-4871-87d0-b71b88825c43,1,1.000,sanat,sanat,2.30,0,0,0
a287533d-39a5-4745-a0f4-6beda60cafa4,1,1.000,sanat,sanat,2.93,0,0,0
a2888417-5c3a-41c9-88b9-8e264e5d8cf0,1,1.000,cografya,cografya,2.41,0,0,0
a2967619-0be6-4116-ac7c-574714ec6eb6,1,0.950,muzik,muzik,3.97,0,0,0
a2a5cd2f-23ea-4a80-a601-2adeffd1b8ec,1,1.000,sinema,sinema,2.83,0,0,0
a298a292-3771-4b69-a9a8-ef71dcfeefaa,1,1.000,cografya,cografya,1.72,0,0,0
a2aed7c6-315e-4d61-9461-866f9eb7944d,1,1.000,teknoloji,teknoloji,2.14,0,0,0
a2b13a2d-9a21-4d30-8a0f-e1115401ad10,1,1.000,cografya,tarih,2.31,0,0,0
a2b5c58d-7719-455f-84b5-42946c7043df,1,0.550,sanat,sanat,2.87,0,0,0
a2c33b9b-2945-482c-868e-ded6743e9f2e,1,0.990,tarih,tarih,1.97,0,0,0
a2c6e50f-a80b-4e00-a782-b50e73b23247,1,1.000,teknoloji,teknoloji,2.99,0,0,0
a2c3777c-635c-42b1-b96c-2b000f044100,1,0.980,cografya,cografya,2.81,0,0,0
a2c76124-245a-4e46-9258-e0e4f490621a,1,1.000,sinema,sinema,2.42,0,0,0
a2cddbc1-f000-4a7e-8042-50e69220ffbe,1,0.970,genel_kultur,edebiyat,2.95,0,0,0
a2de06fd-797a-4270-852a-f3ab66a8d7a3,1,0.690,teknoloji,teknoloji,3.97,0,0,0
a2e84aa4-ca2b-4e48-bfba-54acea5b5601,1,1.000,cografya,cografya,2.66,0,0,0
a2ea9a87-1bcd-44e6-9bd7-97a77b2864d0,1,1.000,sinema,sinema,2.46,0,0,0
a2f00fe8-3a8e-41de-99e1-2c20205a0f6b,1,0.950,muzik,muzik,3.82,0,0,0
a2ffbf7f-e13a-4ea9-85ee-cf442bdc99a7,1,1.000,teknoloji,teknoloji,3.89,0,0,0
a309e301-8d35-4473-95da-9c2cf8a15eb1,1,1.000,teknoloji,teknoloji,3.08,0,0,0
a3115463-a15d-48da-9eec-4b33ae0e8e25,1,0.980,sinema,sinema,2.17,0,0,0
a31d22f5-875a-4229-b999-d636219264cb,1,0.970,cografya,cografya,2.56,1,0,0
a3163688-f381-4bf7-b38b-a28af96669ea,1,1.000,cografya,bilim,2.77,0,0,0
a3238e36-88c0-4f7f-ab70-4b94ed2a3dd9,1,1.000,bilim,bilim,2.14,0,0,0
a32c581a-cd4c-40d1-97fd-17a23c44d71a,1,1.000,bilim,bilim,2.13,0,0,0
a32d0df7-74d5-49ad-a9fe-c74cfddcd559,1,1.000,sanat,sanat,3.15,0,0,0
a341d0a2-20cf-42aa-b8cb-b6c3729e06fe,1,1.000,teknoloji,teknoloji,2.85,0,0,0
a33952cc-c712-4e4e-a139-b20d7372a551,1,1.000,teknoloji,teknoloji,1.70,0,0,1
a34f14a7-a6fe-44de-a074-cad8bcfc74f1,1,0.960,tarih,tarih,2.39,0,0,0
a37332d4-b2f1-40ea-8158-81e400027773,1,1.000,genel_kultur,bilim,2.41,0,0,0
a36645c0-b9fb-45ce-93aa-f7f38065f996,0,0.780,muzik,muzik,3.51,0,1,0
a373cd4f-7b42-48d4-bb56-d854410e272f,1,1.000,cografya,bilim,1.91,0,0,0
a3770056-bb40-495c-a4b7-fa07bf103209,1,1.000,tarih,tarih,3.36,0,0,0
a37c1595-79f8-4ab9-915e-708b73b5e816,1,0.990,muzik,muzik,2.56,0,0,0
a3847023-eedd-4e10-890b-fef86e883482,1,0.890,edebiyat,edebiyat,2.06,0,0,0
a37f1942-ed1e-4c70-915a-49ae66a44cee,1,1.000,muzik,muzik,2.35,0,0,0
a395e6a0-bca2-4b5b-b8d9-227884a45bf9,1,0.480,tarih,tarih,4.01,0,0,0
a3857a41-54fb-4170-b700-090f090d425f,1,1.000,bilim,bilim,1.44,0,0,0
a39a0f19-fc9d-4089-a317-82c3428a484d,1,1.000,genel_kultur,bilim,2.01,0,0,0
a3a9c588-20d5-41ff-8157-9e45118a9571,1,1.000,teknoloji,teknoloji,3.70,0,0,0
a3bb3c4e-9161-43f8-8713-694e8c248385,1,1.000,cografya,cografya,2.50,0,0,0
a3b9249c-1885-4de2-9fee-11511ea43b83,1,1.000,genel_kultur,genel_kultur,2.24,0,0,0
a3c8fbb8-d51d-46f1-99c1-5c75e889afc2,1,1.000,edebiyat,edebiyat,2.62,0,0,0
a3874f88-9f3d-4d9d-afff-9e79c80f3ab4,1,1.000,sinema,sinema,2.42,0,0,0
a3e37e78-db34-4491-b3ac-b0ceba5ec69a,1,1.000,edebiyat,edebiyat,2.77,0,0,0
a3e1c61d-2d99-4b2b-a1fa-8877b30afd71,1,1.000,bilim,bilim,1.69,0,0,0
a3e3a4e9-8538-43e9-9a80-b1ac11e507a0,1,1.000,sanat,sanat,4.02,0,0,0
a3e7cf57-c754-4f57-933b-50c9ca68894b,1,1.000,bilim,bilim,2.53,0,0,0
a3eb2a18-4633-4bba-ae99-bd8a91a97afe,1,1.000,bilim,bilim,3.21,0,0,0
a3ec8db8-0124-4392-ae81-3a42f3a139ca,1,1.000,cografya,cografya,2.37,0,0,0
a3e3bd41-f97e-4d8d-9017-9db4855e3f9b,1,1.000,cografya,cografya,3.30,0,0,0
a3efcb2e-51a0-4558-bab3-5960939fce1b,1,0.710,sinema,sinema,3.35,0,0,0
a3fa67ac-ee26-4ca2-88f3-7a1f523f5118,1,1.000,teknoloji,teknoloji,1.96,0,0,0
a419914f-3407-4556-a7da-6fba0e39fec6,1,1.000,genel_kultur,genel_kultur,1.54,0,0,0
a417357c-d1eb-4179-ade5-9472427fd343,1,1.000,spor,spor,2.79,0,0,0
a419ffb5-cfee-4fd0-8eee-573d0fd062f1,1,1.000,sinema,sinema,1.51,0,0,0
a41b02f8-dff8-4b44-be7b-0eaa14057b01,1,0.920,sanat,sanat,3.04,0,0,0
a41cbbd9-6c13-4d1e-8e20-732bd6825951,1,1.000,sanat,sanat,2.34,0,0,0
a4214cbb-4421-4114-93d5-c3e92b3ce192,1,1.000,sinema,sinema,1.97,0,0,0
a42e98b7-8c1e-40be-a510-e421aa1779eb,1,1.000,spor,spor,3.08,0,0,0
a42ca8cd-0d9c-4b21-af90-b7d3a6c2cdba,1,1.000,sanat,genel_kultur,2.26,0,0,0
a43945b3-8bc8-4ec9-8def-154f0816ce39,1,1.000,cografya,cografya,2.69,0,0,0
a440d920-559d-45cb-bd1d-5607955b51bc,1,1.000,sanat,genel_kultur,2.50,0,0,0
a43a9763-8390-4980-8b03-a30a17f15457,1,1.000,muzik,muzik,3.31,0,0,0
a44741db-a548-4c4b-be7a-2bc18468e8e3,1,1.000,muzik,muzik,3.61,0,0,0
a453e958-1148-4e53-98d5-ebf6a4db9c99,1,1.000,edebiyat,edebiyat,2.31,0,0,0
a456da52-799f-4d83-b1fc-3fbaad34d7bf,1,1.000,cografya,cografya,2.13,0,0,0
a45ab3b6-a8be-43c3-aa06-90393ddceae8,1,1.000,tarih,tarih,2.76,0,0,0
a4797081-d2c3-4f00-bc7c-28d3ad37217b,1,1.000,cografya,cografya,1.72,0,0,0
a46445a1-73ac-459b-b920-8fc1d50a946a,1,1.000,muzik,muzik,2.11,0,0,0
a49aeae1-3508-456c-ac02-6f463f85be17,1,1.000,bilim,bilim,2.42,0,0,0
a4afc883-c102-4329-b313-10de1f1e3c67,1,0.990,genel_kultur,spor,1.49,0,0,0
a4be6630-784f-4a2d-be38-d3f47ebc7523,0,0.580,cografya,cografya,2.93,0,1,0
a4c79913-9870-431c-b7d1-99aa4790dde2,1,1.000,teknoloji,teknoloji,3.45,0,0,0
a4ca3e05-2f74-4d4f-87ea-e470b18b8349,1,0.330,genel_kultur,edebiyat,2.98,0,0,0
a4e2c03a-2e09-4890-a1bb-754f893b217a,1,1.000,sinema,sinema,2.61,0,0,0
a4ec6e5e-4094-469a-94fc-34dcd44a0b15,1,1.000,sinema,sinema,1.95,0,0,0
a5009d2d-e296-4f21-8372-a443e92a7c60,1,1.000,tarih,tarih,2.29,0,0,0
a526ddb9-b2bc-47b9-8a60-4c33325b696e,1,1.000,muzik,muzik,1.94,0,0,0
a52c6269-1f0e-4868-805e-1d49a46fd0e6,1,1.000,teknoloji,teknoloji,2.06,0,0,0
a52d6bef-e79d-4db3-b67f-7540470be0b3,1,1.000,spor,bilim,2.81,0,0,0
a53dba6d-17af-4ea9-84bf-fc37bb4917b9,1,0.990,sanat,sanat,3.02,0,0,0
a55497c7-4bc6-48af-9983-13dfa5a61ad4,1,1.000,sinema,sinema,2.01,0,0,0
a543d58c-1f1c-458c-ae75-9655ff6086d3,1,0.950,cografya,cografya,2.48,0,0,0
a555a55e-b300-4a83-a649-be21c03b5315,1,1.000,tarih,tarih,2.05,0,0,1
a5776577-c101-464d-83d5-6fbfd1d2f6de,1,1.000,teknoloji,teknoloji,3.45,0,0,0
a57ce8e3-0230-4659-a46a-0dda34c7f3eb,1,1.000,cografya,cografya,1.83,0,0,0
a5829939-df41-4d45-90ce-dd272839235f,1,1.000,muzik,muzik,2.26,0,0,0
a5887584-1278-4125-97a5-27ad2efba102,1,1.000,cografya,cografya,2.51,0,0,0
a593548d-2181-4f7c-9249-a44833329d0b,1,1.000,genel_kultur,bilim,1.87,0,0,0
a58fac95-46e9-460b-a583-51116cffddd0,1,1.000,teknoloji,teknoloji,3.91,0,0,0
a59ae69d-5582-4901-a908-62c4107de40a,1,1.000,cografya,bilim,2.11,0,0,0
a5b486d6-efe5-4c72-822f-fcd9e87ce891,1,1.000,cografya,cografya,2.08,0,0,0
a5b2f3cf-4e42-4590-8c79-8fb8a812869c,1,1.000,tarih,sanat,2.90,0,0,0
a5cab211-70ab-484b-87a1-cde8395c9122,1,1.000,sanat,sanat,1.75,0,0,0
a5d9d3b2-164d-460c-88df-17bdfaf5b66a,1,1.000,tarih,tarih,2.41,0,0,0
a5db9598-79cb-49a6-aa24-4e6431671a65,1,1.000,muzik,muzik,3.17,0,0,0
a5e78ffa-2195-45c2-be92-851fcf2a6b01,1,1.000,edebiyat,edebiyat,2.30,0,0,0
a5e7c2f6-5e47-4321-afea-c41c82104388,1,1.000,teknoloji,teknoloji,3.37,0,0,0
a5ed74d0-7b2b-440e-b06c-173e7d43eea6,1,0.990,genel_kultur,tarih,2.33,0,0,0
a5f17c9b-cac5-4344-b4cd-a69d24b45bb4,1,1.000,bilim,bilim,1.02,0,0,0
a60af395-4d90-4f49-ab1c-48dbc2116012,1,1.000,cografya,cografya,1.59,0,0,0
a6179698-7fff-426c-ad97-cb2d997deb37,1,0.860,sinema,sinema,3.84,0,0,0
a61b160d-2703-4286-bf98-922d061a4193,1,1.000,sanat,sanat,2.79,0,0,0
a61c846b-d751-4a1d-8484-a7982ad43c79,1,1.000,bilim,bilim,1.64,0,0,0
a61e9bb2-9989-477b-83a0-e1ed3b4b0cd2,1,1.000,muzik,muzik,1.91,0,0,0
a61eef90-18f1-4827-8669-c399dfd267ff,1,1.000,bilim,bilim,1.82,0,0,0
a63aa530-fd3f-4a5a-b753-073649ca2013,1,1.000,muzik,edebiyat,2.93,0,0,0
a6423959-1d66-4a42-a9d3-2c75d408bed4,1,1.000,genel_kultur,genel_kultur,3.17,0,0,0
a6432c02-272a-491a-9562-54ca256c1c2d,1,0.970,edebiyat,edebiyat,2.98,0,0,0
a64c346f-188b-4390-aae6-52e7679b9115,1,1.000,sanat,muzik,2.48,0,0,0
a651f2ee-3fdb-49d4-92f1-2050fbd0aa71,1,0.980,genel_kultur,tarih,2.61,0,0,0
a6868996-0261-4c30-ba2e-a65173c3318d,1,0.990,spor,spor,1.94,0,0,0
a6601d15-276d-48b7-95e6-615403aeb827,1,1.000,bilim,bilim,1.99,0,0,0
a66f0382-43a8-4b76-b68c-ca2e262739c1,1,1.000,genel_kultur,bilim,1.86,0,0,0
a6960a44-412f-4f53-84fe-55b784a07932,1,1.000,teknoloji,teknoloji,1.85,0,0,0
a6a02c04-357c-49a1-aff6-21ef492c49ae,1,1.000,sanat,muzik,2.48,0,0,0
a6aa5ad7-8205-4d30-a32c-37c6fa10c1da,1,1.000,bilim,bilim,1.14,0,0,0
a6a29143-8fe3-4a89-aad2-610d6982b50f,1,0.990,muzik,muzik,3.06,0,0,0
a6b12129-d82b-4ed6-968f-585d7b23b573,0,0.360,sanat,sanat,3.78,0,0,0
a6bbe4a7-4833-4671-8309-043eb90a6c3a,1,0.480,edebiyat,edebiyat,3.31,0,0,0
a6bd5888-c230-4db7-b7ba-bf73f31b9abd,1,1.000,cografya,cografya,1.93,0,0,0
a6bd5d11-b7b2-4102-80a9-8c90924bd47b,1,1.000,sanat,sanat,2.76,0,0,0
a6bd5efa-4182-4d4c-b162-15e5a779407e,1,1.000,tarih,tarih,1.90,0,0,0
a6d57331-71b6-4e6b-94c4-4913460d382c,1,1.000,teknoloji,teknoloji,2.83,0,0,0
a6bfa961-1f73-4c48-b9af-044dac5446b8,1,0.990,sanat,sanat,2.26,0,0,0
a6de08d8-f9e4-4193-a1b2-5a7750daa3d9,1,1.000,muzik,muzik,2.93,0,0,0
a6e67ff1-0559-4c9d-a1c2-aad497aedf6a,1,1.000,cografya,cografya,1.88,0,0,0
a6f4d760-e9f4-4ff5-9520-135efee959eb,1,0.910,spor,spor,3.25,0,0,0
a6f513be-fa3e-4f32-ae42-a95ebf8e118d,1,1.000,genel_kultur,tarih,1.50,0,0,0
a6f7627a-e261-4899-b150-8a2eaf2ef7c4,1,1.000,genel_kultur,genel_kultur,1.84,0,0,0
a6fab5c4-b569-4ae1-876f-1606705f8a06,1,1.000,teknoloji,teknoloji,3.91,0,0,0
a6fbff6c-06a4-4286-9aab-cbfdea764019,1,0.520,cografya,cografya,3.10,0,0,0
a70dc585-7d3f-476b-b1e7-b44fc5dc900d,1,1.000,teknoloji,teknoloji,3.62,0,0,0
a715e2ef-9152-4629-8905-83aae3145135,1,1.000,bilim,bilim,2.21,0,0,0
a70c2489-5594-4213-b745-4904255e8391,1,1.000,spor,spor,3.21,0,0,0
a739abc2-954b-47ed-82f6-c9f507b7177c,1,1.000,sanat,sanat,2.89,0,0,0
a73aaf6c-0099-4a94-82d7-c261686ef6fa,1,1.000,teknoloji,teknoloji,2.83,0,0,0
a744b19f-9f97-4974-baf0-db3a7f3c8df6,1,1.000,bilim,bilim,2.25,0,0,0
a73f5d74-bd4a-4158-8a0a-a1fbcc83eb04,1,0.570,cografya,cografya,2.54,1,0,0
a753e359-3dc8-4717-a9b8-1a0328ade752,1,0.970,tarih,tarih,2.84,0,1,0
a76f57b4-fd2f-4500-9da4-7245506b2e8c,1,1.000,bilim,bilim,1.94,0,0,0
a7739c87-e70c-45a6-9d27-bde4ce2e17b4,1,1.000,spor,spor,2.34,0,0,0
a778a346-68a5-47ec-a5bd-d7a18e031318,1,1.000,teknoloji,teknoloji,3.44,0,0,0
a789fbe9-3158-4ff6-8c78-2c9f50f4a6f2,1,1.000,genel_kultur,bilim,2.24,0,0,0
a7a3712e-c65f-4f5e-a883-4635d79878b4,1,0.270,muzik,muzik,2.46,0,0,0
a7b02cfd-6fe0-44bd-bd14-7fa3a83fe3fe,1,1.000,sinema,sinema,2.47,0,0,0
a7b04607-7bc6-4947-aa99-8cd20319367f,1,0.750,genel_kultur,bilim,2.87,0,0,0
a7b1b6a6-573c-4540-a3d6-a16040521347,1,1.000,cografya,cografya,2.32,0,0,0
a7bab8e0-7892-4920-884e-d951720e10e0,1,1.000,sanat,sanat,3.50,0,0,0
a7c4de3c-2d24-4d56-b2ae-924c5a3deb42,1,1.000,edebiyat,edebiyat,1.56,0,0,0
a7cf9ac4-ba41-4c74-b285-7d3380a86461,1,1.000,bilim,bilim,2.06,0,0,0
a7d3099c-72ac-48bb-8536-eafc554a2fc3,1,0.990,bilim,bilim,2.78,0,0,0
a7e2b297-ad62-4ad4-b30b-2b349ec8713c,1,1.000,cografya,cografya,2.60,0,0,0
a7ebd6c5-0d39-4004-b121-2dcfe6f0c0c8,1,1.000,edebiyat,edebiyat,2.02,0,0,0
a8129e29-3623-483b-8dbf-fe4b7b98d23f,1,1.000,sanat,sanat,3.72,0,0,0
a8183144-8b92-4c72-a048-19fad54f6856,1,1.000,tarih,tarih,3.74,0,0,0
a8196a36-b0e5-463a-858d-b3ef55090530,1,1.000,sanat,tarih,3.24,0,0,0
a819c390-cf5a-4c67-9e18-ca9506ecd569,1,0.780,bilim,bilim,2.82,0,0,0
a82f2449-bf85-434c-9d31-d9a1805db69e,1,1.000,bilim,bilim,2.15,0,0,0
a834bb72-b984-4f6f-8aac-71b34a844a82,1,1.000,bilim,bilim,2.17,0,0,0
a82f44f5-be3e-4feb-93c9-87316c25329d,1,0.990,cografya,cografya,3.06,1,0,0
a830a295-f0b4-4aac-b446-d267790635fc,0,0.550,edebiyat,edebiyat,3.62,0,0,0
a8369472-e223-4f7f-80e1-82df7b6228ce,1,1.000,cografya,cografya,2.48,0,0,0
a83cad1e-492c-47c6-aad9-22292b1d8841,1,1.000,cografya,cografya,1.90,0,0,0
a83f6ac3-472d-402b-8132-6d1a5808996b,1,1.000,genel_kultur,bilim,1.64,0,0,0
a84e19d1-8a22-431b-aac3-472baa4f3a35,1,1.000,cografya,cografya,1.97,0,0,0
a853b0a3-248a-4268-8f95-a7ba9e42411d,1,1.000,sanat,sanat,2.93,0,0,0
a85b0b76-f93b-4957-81e0-075a4b8826f9,1,1.000,sinema,sinema,1.95,0,0,0
a8789c92-d2a7-4b20-9524-cadc0c925bd9,1,1.000,sanat,sanat,3.02,0,0,0
a86f92ed-d29f-4813-b8a4-76291e732ea0,1,1.000,bilim,bilim,1.56,0,0,0
a8732fac-0b7a-41c7-b9f0-4a903a20e109,1,1.000,bilim,bilim,2.02,0,0,0
a893807c-821a-48ae-895f-29fc831ad14e,1,1.000,cografya,cografya,1.98,0,0,0
a8955360-0910-4753-b876-33afe744b581,1,1.000,spor,spor,1.92,0,0,0
a8958e75-3b8f-4a55-81ba-0a995b4b8bae,1,0.950,sanat,sanat,3.83,0,0,0
a8969406-4718-4a4a-a271-7d2b85a7f4c1,1,0.990,cografya,cografya,3.35,0,0,0
a8a6c5ac-0587-4bce-8e73-f53419ced9d6,1,1.000,cografya,bilim,2.05,0,0,0
a89ad036-af32-4a83-8bed-9cb8a90eb01c,1,1.000,bilim,tarih,2.25,0,0,0
a8a88388-7768-4498-899f-78901b9ba33d,1,1.000,muzik,muzik,2.20,0,0,0
a8b73b17-731a-4625-960a-729752dc16db,1,1.000,cografya,bilim,1.69,0,0,0
a8ca15dc-0263-45f4-8ced-9f93e8ba6617,1,0.910,cografya,cografya,2.11,0,0,0
a8c77c72-d154-4143-82f8-dc32be080e5b,1,1.000,spor,spor,2.75,0,0,0
a8ad94a1-b724-4c55-ae5a-5774af969714,1,1.000,bilim,bilim,2.19,0,0,0
a8d66f61-5874-497c-a3f9-b98c46585cb8,1,1.000,bilim,bilim,2.46,0,0,0
a8e4ef25-d947-493d-9a81-bedd6d9bf81a,0,0.670,sanat,sanat,3.11,0,0,0
a8f51c89-83bc-4193-bb3f-c776e5639231,1,0.960,edebiyat,edebiyat,2.78,0,0,0
a8e73d9f-f38a-411d-8f0f-5075dc6384aa,1,1.000,cografya,cografya,2.83,0,0,0
a904aedc-b060-4d57-978f-d00df0eb61f6,1,0.990,cografya,cografya,2.68,0,0,0
a909d2b9-cad8-40cf-af1b-99bb006ec7dc,1,1.000,edebiyat,edebiyat,2.14,0,0,0
a91be8bb-8f40-482c-9e76-3b0fc060b603,1,1.000,teknoloji,teknoloji,3.57,0,0,0
a938cac7-e3ef-44e2-8b59-005248284275,1,1.000,genel_kultur,sanat,1.01,0,0,0
a91f8b98-f72c-432b-aedc-fbb8566192e7,1,1.000,spor,spor,2.86,0,0,0
a93c5a00-5dfa-43c1-8249-7bbf85f458bc,1,0.900,cografya,cografya,2.12,1,0,0
a93d8922-218c-40a1-80e8-f6be667fedde,1,1.000,genel_kultur,cografya,1.98,0,0,0
a93dd2ae-66c0-4f43-8404-e762cc91e912,1,1.000,bilim,bilim,1.97,0,0,0
a9449831-8249-4532-aed6-fb3d17d1ae5f,1,1.000,edebiyat,edebiyat,2.02,0,0,0
a944ca41-6a2d-4c11-818c-2e4ef7ad9284,1,0.990,cografya,cografya,1.91,0,0,0
a93eaa1c-d875-4c32-bcdf-fe004c89f896,1,1.000,tarih,tarih,2.53,0,0,0
a94ad841-597b-45da-a8de-f66420ed2927,1,1.000,cografya,cografya,2.92,0,0,0
a94dc018-e383-4792-943f-4f6cc23cd0ce,1,1.000,sinema,sinema,1.92,0,0,0
a95908cb-1acf-4e0a-b283-abdef5aaf4f0,1,0.980,sinema,edebiyat,3.09,0,0,0
a952413c-8594-4ba0-8915-baddef9ff06a,1,0.990,sinema,bilim,3.03,0,0,0
a95b608a-1d4b-4a1a-9a6c-cf5f52c446e4,1,1.000,spor,spor,2.74,0,0,0
a95ee4c1-df1f-44ad-85fa-17bd02956a9a,1,1.000,sanat,sanat,3.46,0,0,0
a96dd140-8924-4cba-b4ad-5719471dab10,1,1.000,genel_kultur,bilim,2.13,0,0,0
a9a73de8-4910-4c77-9c94-b0630f1620e5,1,0.980,muzik,muzik,2.56,0,0,0
a9ba5c91-2f9f-4e0e-9516-b5678cfeb62b,1,1.000,tarih,tarih,2.52,0,0,0
a9aaf1dc-a057-4985-9806-2f445f5cb146,1,1.000,sanat,sanat,2.18,0,0,0
a9c07081-d23b-49a9-aee5-2c542990a495,1,1.000,genel_kultur,genel_kultur,2.16,0,0,0
a9c469fc-95ac-4b9f-81bd-d6aabd7b0b44,1,1.000,bilim,bilim,2.21,0,0,0
a9c98aea-fe58-46b5-99b0-a2b17d1bf42c,1,0.990,bilim,tarih,1.89,0,0,0
a9cd4a9a-6a59-4b41-b043-799fb355b62b,1,1.000,spor,spor,2.54,0,0,0
a9cf0d63-2bc4-4f40-abcc-65b7d64a7ae1,1,1.000,tarih,bilim,2.70,0,0,0
a9cfe12c-7d54-4270-ab7d-3ddc5718fd96,1,1.000,tarih,tarih,2.51,0,0,0
a9ec7e82-0597-4ad1-91e2-6dc883a1851c,1,0.810,spor,spor,2.81,0,0,0
a9f3093c-406a-4ea2-8ed5-3a550dd460cb,1,1.000,teknoloji,teknoloji,3.92,0,0,0
a9ef771b-2bcb-41b4-8ba8-a66efdf1c102,1,1.000,teknoloji,teknoloji,3.56,0,0,0
a9f3b3d4-7efd-4a7e-9c14-3c0c139735b3,1,1.000,muzik,muzik,3.13,0,0,0
a9f6d99a-5d46-43c6-9306-c65ba5d71424,1,0.960,muzik,muzik,2.70,0,0,0
aa0ae147-db9e-449f-a24f-95f1921ffed6,1,1.000,sanat,sanat,1.88,0,0,0
a9fc0743-9d4e-4b2b-bbb2-57638882e46a,1,0.950,muzik,muzik,3.92,0,0,0
aa00e17e-c394-4f66-abdd-37c90f0e40b4,1,1.000,sanat,sanat,1.59,0,0,0
aa0c9a52-07a6-469a-9204-49099f71fb9e,1,0.990,edebiyat,edebiyat,3.35,0,0,0
aa258bee-b27f-4b00-847d-868acff95741,1,1.000,bilim,bilim,2.44,0,0,0
aa38546e-7d88-42c9-ab9c-89ad6b278686,1,1.000,cografya,cografya,2.42,0,0,0
aa267e70-b0db-4ea9-9dbe-d406d0d40cb0,1,1.000,cografya,bilim,4.05,0,0,0
aa40a4c5-1e58-48a3-807a-9ed9b43e4b26,1,1.000,teknoloji,teknoloji,3.07,0,0,0
aa49a927-1561-4551-b643-a19e15effc89,1,1.000,muzik,muzik,3.00,0,0,0
aa480719-e409-4b63-b314-8f8bffdac033,1,0.990,sinema,sinema,2.82,0,0,0
aa637c77-85e9-4d79-b6fb-3ed38dc4acbc,1,1.000,sanat,sanat,2.67,0,0,0
aa579103-39af-4e78-a4ed-4555bdaf0a30,1,1.000,sanat,sanat,2.43,0,0,0
aa66134d-2084-4029-ba71-2b9f69e9494d,1,1.000,cografya,cografya,2.61,0,0,0
aa6646d5-53e0-41cc-b8d6-eb49548d3cc0,1,1.000,edebiyat,edebiyat,1.91,0,0,0
aa6b4ee3-0d38-4a7f-9a55-7da6849fc2e4,1,1.000,genel_kultur,bilim,1.81,0,0,0
aa7af2e2-20e3-4e0e-96dc-bce78bfe1e78,1,1.000,cografya,cografya,3.35,0,0,0
aa8532d1-6b2d-4938-bd40-21d1474a04c9,1,1.000,edebiyat,edebiyat,3.29,0,0,0
aa8b3a47-5c25-4f92-bddf-d9b23f1f2c64,1,0.940,genel_kultur,genel_kultur,2.12,0,0,0
aa8bab35-493d-4939-8901-8a17b414cff1,1,1.000,teknoloji,teknoloji,3.62,0,0,0
aa8dc4ff-12bb-445a-b852-9e7a4527a208,1,1.000,muzik,muzik,2.89,0,0,0
aa93cb5d-4268-487d-bc74-6d588544511c,1,1.000,tarih,tarih,3.04,0,0,0
aa964cdf-2d73-4d40-bbe5-5d93a6085ddb,1,1.000,tarih,tarih,2.39,0,0,0
aa906fa6-9d3e-4d95-80a6-18c882e7d445,1,1.000,tarih,tarih,2.18,0,0,0
aa97ac4f-4330-4699-ad45-369bfdfd676f,1,0.990,sinema,sinema,2.75,0,0,0
aa9d5274-fadf-4897-9f6a-12252426b93a,1,0.970,cografya,cografya,2.14,0,0,0
aaa51c04-0f6c-4321-9777-b42bfa865c5b,1,1.000,cografya,cografya,2.10,0,0,0
aab0978e-5a7a-4561-8136-b9690ca5c5c6,1,0.990,teknoloji,teknoloji,1.86,0,0,0
aab37834-7dde-4faa-8b96-726a772c60c4,0,0.820,genel_kultur,sanat,3.54,0,1,0
aab47caa-abd1-48dd-ac0f-b526d93edbbc,1,1.000,bilim,bilim,2.71,0,0,0
aabfea01-564c-467c-896d-2e000670a76d,0,0.610,edebiyat,edebiyat,3.38,0,0,0
aab86a83-377d-4f9a-aac5-f23084aad73a,0,0.860,edebiyat,edebiyat,2.42,0,1,0
aab60d36-f9e4-4dc2-9d24-5729ad3533e5,1,0.630,genel_kultur,tarih,2.87,0,0,0
aaccc68a-380d-487b-b1d3-f5f6a83742bc,1,1.000,cografya,cografya,2.18,0,0,0
aace44e9-ecf0-458c-aae9-77a65519aaf1,1,1.000,cografya,cografya,2.53,0,0,0
aad6446a-65a9-407d-9f1f-0441201e7753,1,1.000,sinema,sinema,2.67,0,0,0
aaeaa337-4641-4049-a400-730a238e25b5,1,1.000,cografya,cografya,2.50,0,0,0
aaf25968-6b13-4cfa-95fe-aed99aedfa62,1,1.000,muzik,muzik,1.22,0,0,0
aad97641-61d9-4181-95d9-209b70e25569,1,1.000,tarih,tarih,2.78,0,0,0
aaf64033-ba6a-4e9a-a2ef-f16f8666e26c,1,1.000,sanat,sanat,1.66,0,0,0
ab1918a5-8590-45a2-a061-f05275f44f38,1,1.000,cografya,cografya,2.28,0,0,0
ab1ea931-34b6-41be-b1af-54d503aace77,1,1.000,edebiyat,edebiyat,2.49,0,0,0
ab084585-f9d9-45d5-aa58-d11f06c3cc3f,1,1.000,bilim,bilim,2.03,0,0,0
ab273e1d-22c4-468c-9d93-47131386c139,1,1.000,bilim,bilim,2.08,0,0,0
ab314745-931b-4a07-95f9-fae177c64518,1,0.980,edebiyat,genel_kultur,2.84,0,0,0
ab490d1f-c3f0-4d80-8309-4cce44deab43,1,0.990,spor,spor,1.91,0,0,0
ab3ea209-dfef-4a45-b71a-cefd2a761671,1,1.000,tarih,tarih,2.06,0,0,0
ab4ad571-a9d9-444b-b904-d40ca47125ab,1,1.000,tarih,tarih,2.27,0,0,0
ab5639bb-d35b-4f63-b802-531faaaf8032,1,0.990,spor,spor,2.95,0,0,0
ab55dd1f-038b-4ab0-ba3a-87c136a5a360,1,1.000,bilim,bilim,1.76,0,0,0
ab75032d-ca67-45cd-8110-390d6dad86ba,1,1.000,genel_kultur,genel_kultur,1.85,0,0,0
ab81d5bb-977e-463d-b478-457c17df7856,1,1.000,bilim,bilim,1.01,0,0,0
ab8a2859-64fe-4d5a-828a-41081a25a302,1,1.000,sinema,sinema,2.37,0,0,0
ab901f74-a88e-4d71-b147-ca30a2cf4de1,1,1.000,bilim,bilim,2.13,0,0,0
ab8f9251-1315-41d4-a89b-d4b4c4929ff2,1,0.970,edebiyat,edebiyat,3.30,0,0,0
ab986a74-ee92-4e53-8c30-5b13b750cd20,1,1.000,edebiyat,edebiyat,2.08,0,0,0
ab93a939-8f24-4ebb-80f9-cd032a13ffda,1,1.000,cografya,cografya,2.36,0,0,0
ab995e81-6681-40e4-971a-13a481262317,1,1.000,cografya,cografya,3.13,0,0,0
ab9cf9fc-450f-4fd5-8f2a-7064941a2ac5,1,1.000,teknoloji,teknoloji,2.61,0,0,0
abafd9b8-05d8-412e-9d16-b510604d591b,1,1.000,cografya,cografya,2.16,0,0,0
abbd57af-4712-4d95-a277-4106c337732f,1,1.000,spor,spor,3.31,0,0,0
abbd836a-6e31-48e8-a5ab-0195f93f05d2,1,1.000,edebiyat,edebiyat,1.59,0,0,0
abccc96c-c393-4d6e-bbad-8cfa57020d66,1,1.000,tarih,tarih,3.16,0,0,0
abcd0527-dece-4fbd-810f-9ace91dc6357,1,0.980,tarih,tarih,3.00,0,0,0
ac1e0de3-1dbc-4d51-b350-ca2cbaaf6e84,1,1.000,teknoloji,teknoloji,3.14,0,0,0
abea9f65-6ade-428a-8350-d97133e254a6,1,1.000,cografya,genel_kultur,2.10,0,0,0
abed6bc9-7cd6-40f4-ba9c-f90921084e9c,1,1.000,bilim,bilim,2.00,0,0,0
ac20a03e-576a-40ec-acdc-0b845b0d8d5a,1,1.000,bilim,bilim,2.31,0,0,0
ac293bd0-3932-4596-aef8-da378c241d3b,1,1.000,cografya,cografya,2.32,0,0,0
ac3e812f-37c8-4cf0-8101-b0a16546af00,1,0.930,spor,spor,3.47,0,0,0
ac4a2db0-240e-4519-a4a0-bf1babd69ce8,1,1.000,cografya,cografya,2.13,0,0,0
ac524dfb-08b7-4974-8882-94ff57528bab,1,1.000,genel_kultur,genel_kultur,2.04,0,0,0
ac4e412d-8386-4e5e-8c4b-0505dd42601e,1,0.990,genel_kultur,genel_kultur,2.90,0,0,0
ac5eeeea-defb-41f8-8044-4b0ee4b7a5c7,1,1.000,genel_kultur,cografya,1.56,1,0,0
ac69a765-22db-41d9-8dda-dc9b77969100,1,1.000,edebiyat,sanat,2.39,0,0,0
ac608f83-1a25-435a-ad61-3f9483bff9c6,1,1.000,cografya,genel_kultur,2.57,0,0,0
ac6f4dcf-6ba8-49a1-a647-7fe4546d7b42,1,1.000,genel_kultur,genel_kultur,1.41,0,0,0
ac69e877-62ea-4316-abba-56d0d02ff50e,1,1.000,sanat,teknoloji,2.63,0,0,0
ac705c5c-f598-4e35-8746-0419f118f163,1,1.000,teknoloji,teknoloji,2.03,0,0,0
ac72d5b4-6fcc-4572-a646-f8199ec73e75,1,0.990,muzik,muzik,3.17,0,0,0
ac715370-f6cc-40ac-a260-ee6164e3c8c7,1,1.000,tarih,tarih,1.78,0,0,0
ac76149b-f9ec-4ffa-a611-90d701bae49c,1,1.000,cografya,genel_kultur,2.38,0,0,0
ac75001c-2942-4a20-9c40-b278df8b0c4d,1,1.000,cografya,cografya,1.94,0,0,0
ac77ee6f-8848-43b4-abd2-c0e01a629932,1,1.000,muzik,muzik,2.88,0,0,0
ac7ea69c-69cf-40b2-97b8-452cb2f07989,1,1.000,tarih,tarih,3.62,0,0,0
ac810f32-7f2a-4bf8-8c83-3bd574297f40,0,0.490,cografya,cografya,2.44,0,0,0
ac82d17c-1b9f-445e-8e5b-9fdad464a407,1,1.000,sinema,sinema,3.45,0,0,0
ac99deba-8577-4474-8014-40483e0c5319,1,1.000,bilim,bilim,1.82,0,0,0
aca0e122-2ea3-4a51-b6a2-108217bc7136,1,1.000,sinema,sinema,1.87,0,0,0
aca49aa2-effc-411c-a8ff-09127aca0236,1,1.000,sanat,sanat,2.15,0,0,0
aca2e5e4-ce2d-494a-899f-b95876f416e3,1,0.650,cografya,cografya,2.78,0,0,0
aca8be4a-56b4-478f-af70-43991f916d91,0,0.790,tarih,tarih,2.86,0,1,0
acaec160-0452-4aaa-9c55-d34c6031aa7c,1,0.990,cografya,cografya,1.44,1,0,0
acb08aa4-4c5d-4b97-8215-552b9b661117,1,1.000,tarih,genel_kultur,1.75,0,0,0
acb2ead7-53fc-4c6a-9db7-336380260773,1,1.000,bilim,bilim,2.04,0,0,0
acb20691-3862-4bf4-bd4e-5a1990684a1d,1,1.000,cografya,cografya,2.54,0,0,0
acb5878d-a869-4713-b8e8-9adbda24312c,1,0.830,cografya,cografya,2.76,0,0,0
acb9094f-aa59-45f6-a611-9a78e43366ea,1,1.000,edebiyat,edebiyat,2.00,0,0,0
acb9f2c8-c48c-470e-920e-a27ea8aa45f0,1,0.960,spor,spor,2.05,0,0,0
acc2a772-d754-43b2-9bcd-d902a7ea0b98,1,1.000,muzik,muzik,2.09,0,0,0
acc9cf09-6a97-4f55-b7da-573fb7e3afc1,1,1.000,teknoloji,teknoloji,3.59,0,0,0
acd5a0f2-fad9-483c-ac66-822b02921332,1,1.000,cografya,cografya,2.53,0,0,0
acd7c7d1-3377-46c7-be20-623f35cf4ca2,1,0.990,spor,spor,2.11,0,0,0
acda988a-a0b4-4308-8ec7-d7fe2993bbec,1,1.000,teknoloji,teknoloji,3.89,0,0,0
acdad85b-9ed3-44b6-ad7e-7c24ecb41c5f,1,1.000,sanat,sanat,2.68,0,0,0
acddfd53-5378-4d42-8c4e-0cb005000b37,1,1.000,sanat,sanat,2.41,0,0,0
ace530ab-8a3b-4b3a-bbcf-cf40d13a72ff,1,1.000,muzik,muzik,2.96,0,0,0
acebd19b-c578-4949-b34a-543af8c30fd8,1,1.000,muzik,muzik,2.63,0,0,0
acec27b3-8f56-447c-9233-4501833fd46e,1,1.000,teknoloji,teknoloji,3.52,0,0,0
ad15bf88-a34f-4283-b9fd-2a4a84cb06e5,1,1.000,cografya,cografya,1.91,0,0,0
acf984e2-7d3f-4724-8f0a-8e76c9167581,1,0.990,sinema,edebiyat,2.77,0,0,0
ad227b03-d64f-42b6-9650-c25659dad87f,1,1.000,tarih,tarih,2.80,0,0,0
ad1879cc-d0f9-4d80-bcc1-518effbbc055,1,1.000,teknoloji,teknoloji,2.53,0,0,0
ad2ca870-027a-4941-80e0-7db2f422ea88,1,1.000,edebiyat,edebiyat,3.15,0,0,0
ad408066-eee4-419f-8e87-86d2833f179c,1,0.860,cografya,cografya,2.00,0,1,0
ad4a1d51-7cb1-420d-aa9b-8496cd60d5a8,1,1.000,cografya,cografya,1.21,0,0,0
ad5316bc-379d-4d89-b7b5-4251baf061a3,1,1.000,edebiyat,edebiyat,2.01,0,0,0
ad61a401-f00c-44ac-a98f-d44ce858c106,1,1.000,genel_kultur,edebiyat,1.20,0,0,0
ad5059ec-37d0-4c9d-b821-54fa2856942d,1,1.000,sinema,sinema,1.97,0,0,0
ad67139a-2964-4cd7-a728-0b892dc29ff5,1,1.000,genel_kultur,cografya,2.30,0,0,0
ad72a460-a1b0-4936-b1f1-0f457a8fb100,1,1.000,spor,bilim,1.52,0,0,0
ad98274a-8b23-4585-b778-79e6a2658459,1,1.000,sanat,sanat,2.77,0,0,0
ad98afaa-0f04-4cb6-94dd-286db5bbe912,1,1.000,cografya,cografya,2.76,0,0,0
ad94d706-b836-42f9-b739-1c3e3aabde91,1,1.000,cografya,genel_kultur,2.92,0,0,0
ad998eac-ca0c-4716-85ac-9f4a0baca468,1,1.000,tarih,tarih,2.12,0,0,0
ad99b522-34fd-4772-a7d5-336586639f01,1,1.000,edebiyat,edebiyat,2.52,0,0,0
ada419dc-b21b-494a-bd03-3357b74d0385,1,1.000,cografya,cografya,2.15,0,0,0
ada66f5e-a7e4-4241-9ef1-b9228a7386c2,1,1.000,cografya,cografya,1.83,0,0,0
ada87587-3714-4d43-956c-604cefaff7ad,1,1.000,muzik,muzik,1.56,0,0,0
adc9c871-2bf5-4eaf-a3fd-c266414228ce,1,1.000,tarih,tarih,2.62,0,0,0
add467d2-2f81-45b4-b3c9-5389e82e6a55,1,0.590,edebiyat,edebiyat,2.82,0,0,0
adda38f0-6706-4ba9-84b6-c56226b31441,1,1.000,tarih,tarih,1.87,0,0,0
addb83da-451d-4bf9-9c09-567929523d92,1,1.000,bilim,bilim,2.01,0,0,0
addd2bfb-58cb-4b55-976f-03bee13046e1,1,0.990,muzik,muzik,3.01,0,0,0
ade85547-0c71-4248-8098-06533c809d83,1,1.000,muzik,muzik,2.63,0,0,0
adf5ed21-6172-4b54-8a5d-44f659610ad3,1,0.990,sinema,sinema,3.83,0,0,0
adf7fa2f-bbb3-4934-8b9f-eb9b1f5dace4,1,0.640,spor,spor,3.74,0,0,0
ae03423a-1bdb-47de-95bc-d54125c0720a,1,0.950,spor,spor,3.56,0,0,0
ae0a1ca9-2a12-441c-9fa0-18fdc8575262,1,0.490,cografya,cografya,2.73,0,0,0
ae0b916e-64a3-47f1-878d-818121d98b5a,1,0.850,cografya,cografya,2.49,0,0,0
ae0f0db6-d214-4274-aa5b-9eafdcdf39fe,1,1.000,cografya,cografya,2.39,0,0,0
ae103116-f802-4b4f-8293-05d1e1d70825,1,1.000,muzik,bilim,2.69,0,0,0
ae171784-f95a-41c6-878d-c5f153fd8106,1,1.000,spor,spor,2.27,0,0,0
ae1ad271-f5b2-4d9a-a41f-07f4aa5e74a8,1,1.000,cografya,cografya,1.50,0,0,0
ae29974e-e374-489c-9420-30bd01d97773,1,0.990,spor,spor,2.59,0,0,0
ae23719a-1a99-488f-8b41-1ac05944a125,1,0.950,muzik,edebiyat,4.04,0,0,0
ae29f17c-3801-4ee3-a57c-a0f2514d7571,1,1.000,teknoloji,teknoloji,2.48,0,0,0
ae2bc355-fa1d-4541-9a37-f9bcd6c429a7,1,1.000,muzik,muzik,2.63,0,0,0
ae5113ea-06f9-40a3-b735-035eb024313b,1,1.000,bilim,bilim,1.21,0,0,0
ae5202e5-5d5c-4a3f-b997-2f84e8b6aada,0,0.380,tarih,tarih,3.74,0,0,0
ae56d144-4c78-4881-bdf1-46e41a69ff71,1,1.000,muzik,muzik,2.68,0,0,0
ae73a679-5d26-4e76-ab5f-e4c510b13860,0,0.160,cografya,cografya,3.12,0,0,0
ae762d26-2b4b-4efa-ba63-5973876308d0,1,1.000,sanat,sanat,1.90,0,0,0
ae774939-6580-499f-97d2-53f91af8ead2,1,1.000,cografya,cografya,2.06,0,0,0
ae7a919e-5fff-41af-983a-9ec72b504ced,1,1.000,sinema,sinema,2.15,0,0,0
ae7b2974-8fda-44af-8188-163f333259a2,1,1.000,spor,spor,1.77,0,0,0
ae94e8e8-71b5-40ce-8051-fdbbf8e386f0,1,0.970,sinema,sinema,3.17,0,0,0
ae95ee40-9c1f-4212-b59b-a1b312c75632,1,1.000,bilim,bilim,2.31,0,0,0
ae59ee52-6c25-417a-8cb2-c168eeb6c7b8,1,1.000,genel_kultur,bilim,1.40,0,0,0
aea2a565-03ff-41d9-83e7-15ef675c6c7b,0,0.390,muzik,muzik,3.54,0,0,0
ae98643b-71d2-4d7f-90e7-f6ba9d85e40f,1,0.480,sinema,sinema,3.80,0,0,0
aea5c126-eadf-4d5e-a2b9-9340a4064067,1,0.990,tarih,tarih,3.01,0,0,0
aeb92668-bac1-453a-813f-1c9629fb1d7d,1,1.000,sinema,sinema,3.47,0,0,0
aeba5d5d-d14f-462b-8291-f98c7b695cd7,1,1.000,genel_kultur,teknoloji,2.18,0,0,0
aec0cd01-b551-4ac6-bacf-30808c3fc8fc,1,1.000,tarih,tarih,3.04,0,0,0
aecf3b15-bd3d-4e75-bf2d-1c333d4a9536,1,0.850,muzik,genel_kultur,2.74,0,0,0
aed49536-7d40-4f38-b070-f6ef0245f7a1,1,1.000,sinema,sinema,1.60,0,0,0
aeda9f5a-d861-4b54-96a3-eb0609929e6e,1,1.000,sinema,sinema,2.09,0,0,0
aeec4f0c-0c51-44d8-ad63-31c0bfbf325b,1,1.000,cografya,cografya,2.30,0,0,0
aeecd045-aaa0-4ce4-83d1-8f8de9881436,1,0.950,genel_kultur,tarih,2.21,0,0,0
aef01fca-6ea8-40a9-b31a-d72b434e96be,1,1.000,sinema,sinema,2.84,0,0,0
aef6a0d5-0f20-4e69-b93b-fc988e0cb00e,1,1.000,sanat,genel_kultur,2.29,0,0,0
aef5eeaf-9c5a-4b32-a28c-2f876ee2f481,0,0.170,edebiyat,edebiyat,3.84,0,0,0
af09eb1e-89dc-4330-a1c9-db2748a43be0,1,1.000,bilim,bilim,2.06,0,0,0
af156f9b-a3e3-415f-848b-563f91bb8957,1,1.000,cografya,cografya,2.11,0,0,0
af0f3731-24b5-46e9-92da-f1045726fb08,1,1.000,tarih,genel_kultur,1.73,0,0,0
af2f48ce-6100-4303-8231-d4356c0a9e86,1,1.000,bilim,bilim,1.99,0,0,0
af393c4e-1dbb-43bc-a3e9-b8968d262e18,1,1.000,bilim,bilim,2.31,0,0,0
af372bfa-31b1-4c59-ac24-aa702365bb8b,1,0.920,sanat,muzik,3.43,0,0,0
af3f3ce7-1a86-471f-8b46-9a89236c5339,1,1.000,bilim,bilim,2.23,0,0,0
af41001e-faed-4e98-baa3-d255e0eb1acf,1,0.290,edebiyat,edebiyat,2.99,0,0,0
af4146d2-9e1b-47dc-a5f6-1ccac743b943,1,1.000,cografya,cografya,1.55,0,0,0
af54df7c-9e6b-43e0-a10d-60ec8fdbede0,0,0.150,edebiyat,edebiyat,3.28,0,0,0
af4df535-d97c-4d0f-a6ef-21303dd9e3d4,1,1.000,sanat,sanat,3.41,0,0,0
af5e8a24-3ed3-4ebf-a4a2-6e810466eece,1,1.000,muzik,muzik,2.42,0,0,0
af6130d3-42c5-4341-8620-f077907609d1,1,1.000,cografya,cografya,2.43,0,0,0
af619f87-2655-4dce-a060-5b0310c50d09,1,1.000,cografya,cografya,2.09,0,0,0
af61b9e3-4e83-4bcc-b2d7-75dc753844ca,1,1.000,tarih,tarih,1.94,0,0,0
af6c1e8f-49d9-4425-8545-0249dc7cdd7f,1,1.000,muzik,muzik,2.30,0,0,0
af69633e-5e65-4706-a8db-2d6b6dec2e78,1,1.000,muzik,tarih,2.17,0,0,0
af6d6517-ebde-4c4c-a230-99d9d5153a79,1,1.000,genel_kultur,bilim,1.86,0,0,0
af7370ff-dee9-4971-828d-313c6fdf198c,1,0.840,edebiyat,edebiyat,3.59,0,0,0
af72990d-3e10-49b4-85b6-62bf527d497e,1,1.000,tarih,tarih,2.14,0,0,0
af773241-8ef8-4920-af29-d789480108c4,1,1.000,sinema,sinema,2.06,0,0,0
af7c28af-0a81-402c-8782-25117478a7e2,1,1.000,tarih,tarih,2.15,0,0,0
af7d44bf-3fc7-4885-b079-13315b1f3004,1,1.000,cografya,tarih,2.62,0,0,0
af84d9ad-11db-4af1-8447-c7fb15b76217,1,1.000,edebiyat,edebiyat,3.00,0,0,0
af8df6a6-7b0d-4b98-9a78-4477a712b48b,1,0.930,tarih,tarih,2.71,0,0,0
af96b5d4-675c-475a-9ebb-7369aef51dae,1,1.000,cografya,cografya,2.26,0,0,0
af98aa11-3fd9-44ea-b9f3-76815c7896c5,1,1.000,muzik,muzik,2.04,0,0,0
af9b0e79-32ff-4ba5-885d-0cc3be0b471d,1,0.980,spor,spor,1.54,0,0,0
afa36a79-586f-4278-9e49-a0f567ee0bae,1,1.000,spor,spor,2.41,0,0,0
afa767bd-2f9c-4ef4-bf7a-2c45d8caef6e,1,1.000,sanat,sanat,2.75,0,0,0
afa43cea-96dd-4dee-a6c7-a1e76a595cd6,1,1.000,sanat,muzik,2.51,0,0,0
afb10a3c-89f3-4ad8-9d7d-5a58a18872e4,1,1.000,sanat,sanat,3.08,0,0,0
afb2760f-e5aa-42f2-a38d-681c62cbd60d,1,1.000,genel_kultur,genel_kultur,2.06,0,0,0
afcb5f27-5875-4276-924d-a8071ac92d5a,1,1.000,sanat,sanat,1.94,0,0,0
afd2589d-a245-4720-a425-1472f4b7e649,1,1.000,cografya,cografya,1.61,0,0,0
afdbdc01-46d1-484d-a6e1-2285e4af3af6,0,0.600,edebiyat,edebiyat,3.58,0,0,0
afdc55ba-080c-4c74-9201-21e867f649af,1,0.900,tarih,tarih,3.06,0,0,0
afffb851-7324-455b-bcd3-2fcb8d2e0b39,1,1.000,edebiyat,edebiyat,2.59,0,0,0
aff002fd-9d22-4ffc-a057-03a87f615f7d,1,0.420,sanat,sanat,4.14,0,0,0
b0035bfe-7999-49a2-aab6-e2eabf51f0e3,1,1.000,spor,spor,2.48,0,0,0
b004e8f8-b555-4cf6-b0e4-597bf9d62ca5,1,1.000,muzik,muzik,3.06,0,0,0
b005af63-dae0-4fc0-a142-b1dc0a3baed8,1,1.000,cografya,cografya,2.26,0,0,0
b015091a-b606-4b7f-bf1e-0825320f9623,0,0.460,muzik,muzik,3.90,0,0,0
b00611b8-1438-4379-a42f-73e82914db6d,0,0.530,tarih,tarih,3.27,0,0,1
b00c0667-80c5-4dd0-a779-90a4560f4e96,1,1.000,teknoloji,teknoloji,3.82,0,0,0
b0269193-8d99-4046-b878-42258ced110a,1,1.000,genel_kultur,cografya,1.01,0,0,0
b028c7b0-b4a2-4d48-8fe1-1b308032b6b1,1,1.000,teknoloji,teknoloji,2.05,0,0,0
b03a23bb-25f8-4c02-b189-5335bc528194,1,1.000,tarih,tarih,2.45,0,0,0
b03ca3f8-9705-46dc-8819-40f1c9a56ec9,1,0.970,cografya,cografya,2.01,0,0,0
b02a141e-dcad-4a6b-a342-b5fd7cb6b735,1,1.000,tarih,tarih,2.46,0,0,0
b04da7ef-3c83-49e5-af59-6ee6cfc2af9a,1,1.000,bilim,bilim,2.11,0,0,0
b041c35c-016d-4d70-91aa-dd24bf2f3ef2,1,0.990,muzik,muzik,2.75,0,0,0
b052f911-666c-44f1-8e19-9cd3c57accad,1,0.850,sinema,sinema,2.91,0,0,0
b05bd8b4-cec4-4f9c-9267-734d426a546b,1,1.000,teknoloji,teknoloji,2.13,0,0,0
b05cc138-3408-4499-bd4c-57121c7f0e28,1,1.000,tarih,tarih,3.26,0,0,0
b060842a-cf84-433d-919f-a60dc5abdb63,1,1.000,bilim,bilim,1.04,0,0,0
b069ea1c-4d57-46bf-aaa2-5d71e81d0e4a,1,1.000,edebiyat,edebiyat,2.06,0,0,0
b06d174d-5c3c-4ec8-80f8-e88ce1f1e4d2,1,1.000,cografya,cografya,1.02,0,0,0
b07248f4-50c8-4593-a799-1a0378fdb892,1,1.000,genel_kultur,bilim,1.51,0,0,0
b0758003-904d-48ec-beb6-5628b984f02e,1,1.000,tarih,tarih,2.14,0,0,0
b07a65c1-6015-4af2-bf06-83df220c1cb2,1,0.690,edebiyat,edebiyat,3.96,0,0,0
b0825ed1-6a36-4f83-9b51-49ee1389b95a,1,1.000,sanat,edebiyat,1.79,0,0,0
b084b5bd-efc2-4448-8bf2-b047d36130f3,1,0.980,muzik,muzik,3.48,0,0,0
b08b10ea-38f8-4f8c-838c-8bde403e3036,1,0.930,muzik,muzik,2.71,0,0,0
b0861a80-dc08-47f8-a072-c5a3944a3b95,1,1.000,sinema,bilim,2.42,0,0,0
b09d1a2f-abf5-459b-bdd5-ada34259b26d,1,1.000,spor,spor,3.38,0,0,0
b0a6a609-e857-46fa-bc70-eac96d2fe26f,1,1.000,sinema,sinema,3.86,0,0,0
b0b5f7a9-8c17-4228-8a6c-8852d666b8d2,1,1.000,genel_kultur,cografya,1.65,0,0,0
b0d5d8bd-9614-4de3-a0b8-f252f5362149,1,1.000,tarih,tarih,1.87,0,0,0
b0d1a8c0-aa57-46a6-adda-8067c74d4cb8,1,1.000,tarih,tarih,2.17,0,0,0
b0ecdf77-af94-4508-9a08-1a5e1e7cf083,1,1.000,edebiyat,edebiyat,2.13,0,0,0
b0e3f438-71b2-4b41-af85-491e46178b64,1,1.000,genel_kultur,bilim,1.12,0,0,0
b0f14eda-4490-4b95-9d5c-4f9fd7f7a0d5,1,1.000,genel_kultur,cografya,2.36,0,0,0
b0f64dec-7364-4af9-970f-0fdbdac86fed,1,1.000,genel_kultur,teknoloji,2.36,0,0,0
b0f6662e-6de0-4698-90e7-460fbd90c00f,1,1.000,tarih,tarih,2.43,0,0,0
b1152bb1-0e92-4d58-a6af-b3a26be1b5ac,1,0.970,tarih,tarih,3.02,0,0,0
b100adda-4962-4bb1-bcf3-daa90b8bdf80,1,1.000,tarih,tarih,1.90,0,0,0
b135f1b0-1962-473f-8d08-b27ebd2d6d0f,1,1.000,cografya,genel_kultur,1.75,0,0,0
b13b5990-9686-4bd0-bed3-bae386006b86,1,1.000,teknoloji,teknoloji,3.85,0,0,0
b1231489-bf53-4f61-9469-9576a2157318,1,0.980,edebiyat,edebiyat,3.53,0,0,0
b144a428-5449-4a87-8622-126c23a7176b,1,1.000,teknoloji,teknoloji,3.83,0,0,0
b13c148e-1324-4902-a0b0-800ec220b4f3,1,0.990,muzik,muzik,2.17,0,0,0
b1455c15-4c0f-45b6-8f2d-8fa06a78094e,1,1.000,cografya,cografya,2.72,0,0,0
b14cbc7b-5a7b-4edd-9623-1e7263f019eb,0,0.640,sinema,sinema,3.67,0,0,0
b148873e-a213-4d8a-9c78-8025949c0643,1,1.000,bilim,bilim,1.93,0,0,0
b151642a-7d1c-4593-8d2e-4ca7b443dff0,1,1.000,bilim,bilim,1.86,0,0,0
b15134f7-c134-4844-a67f-0691057bc9f6,1,1.000,genel_kultur,bilim,3.04,0,0,0
b1659d0e-c439-46fc-bde8-2eee8d4209d2,1,1.000,cografya,cografya,2.15,0,0,0
b16681f3-b09b-47ce-b220-dcecd4eb6788,1,1.000,muzik,muzik,2.38,0,0,0
b174e1c4-6124-479d-a078-40b558c4a580,1,1.000,teknoloji,teknoloji,2.23,0,0,0
b17b605d-29bb-48c7-8b35-47430205eea4,1,1.000,bilim,bilim,1.71,0,0,0
b182d00b-da23-40b6-81e2-225a2eb01d6a,1,1.000,cografya,cografya,2.07,0,0,0
b18da7b6-a985-4c09-af14-383161c53ffe,1,1.000,bilim,bilim,2.21,0,0,0
b1907476-8ccd-41d6-9990-057077cc33f7,1,0.950,genel_kultur,genel_kultur,1.98,0,0,0
b1957df7-fe15-46ba-8021-3de90c3a2363,1,1.000,sanat,sanat,2.66,0,0,0
b19ee259-5c04-4413-a3bd-7bc5393f5e58,1,0.930,edebiyat,edebiyat,2.89,0,0,0
b1a1dcaf-f8d3-4f75-8f79-251f0d3939c4,1,1.000,sanat,sanat,3.45,0,0,0
b1692f38-610a-48a1-bdc7-8ad432817c10,1,1.000,edebiyat,edebiyat,2.18,0,0,0
b1b81306-2ca8-4c03-9e92-f9c69e9682d3,0,0.580,bilim,teknoloji,2.75,0,0,0
b1bdb833-58eb-455f-9d5b-f76599109816,1,1.000,bilim,bilim,1.92,0,0,0
b1d225ef-63ef-4bcc-967c-39d22190489c,1,1.000,muzik,muzik,2.08,0,0,0
b1d2e951-6018-4a80-b925-a201e389ddbe,1,0.840,edebiyat,edebiyat,3.45,0,0,0
b1d6d47a-3a0b-47e3-b4c5-30de1d70825d,1,1.000,sinema,sinema,3.93,0,0,0
b1e9dca9-64a8-49b2-80f8-c23fbd5ad3f5,1,0.990,cografya,cografya,3.04,0,0,0
b1f04e90-e626-4d29-89f4-7888e96521ee,1,1.000,teknoloji,teknoloji,1.63,0,0,0
b1fbd311-a063-4a1c-af59-5f93965bbae9,1,0.720,cografya,cografya,3.21,0,0,0
b205cef0-4161-4980-8af1-aa4a3644103c,1,1.000,bilim,bilim,1.75,0,0,0
b1fa246b-abbf-451e-b617-f78b00a95aab,1,0.990,sanat,sanat,1.05,0,0,0
b207795f-7822-4320-8c02-aa153664372d,1,0.990,spor,tarih,2.64,0,0,0
b20b0083-af21-4a72-89b8-117c210428e5,1,1.000,sanat,bilim,1.84,0,0,0
b211ae66-aa14-481a-8e19-e8e3ea9d97f9,1,1.000,cografya,cografya,1.63,0,0,0
b21bfbeb-a9e3-4b22-b40e-d0f0454daaad,1,1.000,sinema,sinema,3.70,0,0,0
b21fea60-535d-4924-8cee-8813825e2108,1,1.000,edebiyat,edebiyat,1.76,0,0,0
b21e4345-639c-4848-98d1-2795c989530b,1,1.000,sanat,sanat,1.80,0,0,0
b229fe31-fac5-430f-9e5a-276c0597b8f5,1,0.730,tarih,tarih,2.67,0,0,0
b2311917-1070-4612-a385-68646dcea44c,1,1.000,sinema,sinema,2.83,0,0,0
b233defb-439e-4b33-b479-d9a144214eb6,1,1.000,bilim,bilim,1.51,0,0,0
b2342276-5dab-43ca-b499-a0950ae79eeb,1,1.000,teknoloji,teknoloji,2.24,0,0,0
b2341647-0410-4312-9e29-e913366287e7,1,0.520,edebiyat,edebiyat,3.32,0,0,0
b236a1fa-3d58-45d2-94f0-62170eec71aa,1,1.000,tarih,tarih,3.07,0,0,0
b237b24b-3389-46e6-bb94-03855399b044,1,0.900,cografya,cografya,2.35,0,0,0
b23e33a4-4701-4fbd-a342-ee11482bbf64,1,1.000,teknoloji,teknoloji,2.17,0,0,0
b241419a-9546-49bc-abb5-a9101f43ddcf,1,1.000,edebiyat,edebiyat,2.19,0,0,0
b246b77e-cb49-463e-8d56-4ff93c9a676a,1,1.000,muzik,muzik,3.26,0,0,0
b25da678-6444-413f-a499-ecb20adab6f0,1,1.000,sanat,sanat,1.85,0,0,0
b264fc3a-3c50-4c27-a9e5-5f1e42b68a01,1,1.000,cografya,cografya,1.95,0,0,0
b2701d28-8adc-44b9-9096-c903349e2d96,1,1.000,spor,spor,2.31,0,0,0
b2739cf6-28a6-4292-b0b4-eaa4727af266,1,1.000,cografya,cografya,1.00,0,0,0
b2771794-3e38-44e0-b04d-0e6f7ab22e7b,1,1.000,muzik,muzik,2.92,0,0,0
b2a0969b-f098-4015-add1-e10c6cd9f4cc,1,1.000,cografya,bilim,3.22,0,0,0
b28ffc76-b8b7-4279-a067-b67c8fa78cf7,1,1.000,sinema,sinema,2.70,0,0,0
b28bf292-4303-4fe8-bb9f-3cedbc5f9ed5,1,1.000,genel_kultur,genel_kultur,2.05,0,0,0
b29980d7-a2ad-4bf8-a85c-d65162918a99,1,1.000,genel_kultur,sanat,2.55,0,0,0
b2b10003-f1a5-4ae5-b46b-98261ed2d5d8,1,1.000,cografya,bilim,2.94,0,0,0
b2bda3fc-2fd0-4f4e-9893-ca3e343fd902,1,1.000,tarih,tarih,1.44,0,0,0
b2be4f72-1c9f-45d8-8e14-1397bf11bf39,1,1.000,teknoloji,teknoloji,2.65,0,0,0
b2c07f6a-2fb2-4e68-ad25-7db1f4ba2ac6,1,1.000,teknoloji,teknoloji,2.58,0,0,0
b2daa04c-c849-4323-892d-3394bd3ee63f,1,1.000,edebiyat,edebiyat,3.45,0,0,0
b2da2c09-bd3d-473e-a3bd-9526caff1d1a,1,1.000,genel_kultur,cografya,2.05,0,0,0
b2e043d3-0c50-46d7-9d66-aa6c486a4cbe,1,0.980,cografya,cografya,2.73,0,0,0
b2eb39f5-e9c0-4927-ad5d-ea14d626b76f,1,0.980,spor,spor,2.80,0,0,0
b2f4faa7-dcf4-4b63-a4ec-ada154ede5c1,1,1.000,edebiyat,edebiyat,2.07,0,0,0
b2f5e4ef-5ac7-4bcf-bd84-7549566a6308,1,1.000,genel_kultur,genel_kultur,1.00,0,0,0
b2fd7e01-ab4c-4d70-88f4-07fec5ffe9c3,1,1.000,sinema,sinema,2.35,0,0,0
b2fefd09-321f-4312-8f31-17baea73e35b,0,0.580,tarih,tarih,2.22,0,1,0
b303ca52-88d4-425e-9871-5e20b6e525f8,1,1.000,cografya,cografya,2.89,0,0,0
b33a5b38-e723-49e9-b828-2065aa1ed5ec,1,0.990,cografya,cografya,2.13,0,1,0
b3296acb-d775-46d6-a7a0-2c92b901dcca,1,1.000,cografya,cografya,1.61,0,0,0
b30689d4-b84c-4bde-9b75-d31e45dbdb58,1,1.000,sanat,sanat,2.75,0,0,0
b341792d-48a1-4f1e-a118-d63bafdecb1b,1,1.000,genel_kultur,edebiyat,1.90,0,0,0
b35d7bc3-503c-434a-ab03-497e84ad979c,1,0.940,muzik,muzik,3.26,0,0,0
b35f5ead-e779-42f3-a32f-ea63bd926d14,1,1.000,sinema,sanat,2.74,0,0,0
b36704cb-dd88-498f-9280-5279af273fb7,1,1.000,edebiyat,edebiyat,3.52,0,0,0
b36cc320-811b-49ef-8300-e75c49bbc8e6,1,1.000,muzik,muzik,3.22,0,0,0
b36ea262-832f-4ed3-a243-96bfa988ac08,1,1.000,tarih,tarih,2.13,0,0,0
b3717542-36ba-4c69-a5f0-6c529611d1fd,1,1.000,tarih,tarih,1.93,0,0,0
b3746ab8-da10-4e04-8af5-02ef2d4b4c2e,1,0.160,edebiyat,edebiyat,3.47,0,0,0
b375066c-4292-4f2c-86f7-4203737d18c2,1,0.890,cografya,cografya,3.57,0,0,0
b3799116-a05a-4605-a3a1-da069c3e6a0b,1,1.000,tarih,tarih,3.40,0,0,0
b39bab70-30b9-4f7d-aa64-352796cc8544,1,1.000,genel_kultur,bilim,1.56,0,0,0
b37e0d93-b34f-4756-8b9f-482f19347e92,1,1.000,tarih,tarih,2.49,0,0,0
b3a4a1e3-d80c-4194-a42f-5ddf284dbd4f,1,1.000,teknoloji,teknoloji,1.74,0,0,0
b3ab8426-d996-4eee-bd06-d80137a10585,1,1.000,bilim,bilim,2.15,0,0,0
b3a24145-5f5d-4542-a872-9e78838b7f23,1,1.000,edebiyat,edebiyat,3.14,0,0,0
b3be3710-aeba-4a9c-a222-b34a6e9db436,1,1.000,muzik,muzik,1.91,0,0,0
b3bbcc65-b0cf-438c-bb51-c968e2c0dc62,1,1.000,genel_kultur,bilim,1.00,0,0,0
b3bf8edd-58ff-41b6-9bf2-83148ee5e6c6,1,1.000,sanat,sanat,2.51,0,0,0
b3cce79a-8b88-464d-ad77-6ff5a2babacb,1,1.000,cografya,cografya,2.85,0,0,0
b3ce93c7-0e73-4458-903e-f749ac1ad385,1,1.000,spor,spor,2.12,0,0,0
b3da57a7-1814-4a48-b34d-1d51d247fa93,1,1.000,edebiyat,edebiyat,3.40,0,0,0
b3df4a91-0155-4667-a3d0-83999771f0b9,1,1.000,cografya,cografya,2.52,0,0,0
b3e6d065-afdd-4dbd-a9b5-23ad2e992215,1,1.000,muzik,muzik,2.52,0,0,0
b3dfd555-2a13-4ed9-b723-cf328fed7aa3,1,1.000,cografya,cografya,2.57,0,0,0
b3f00614-85b8-4320-a467-5070143d1824,1,1.000,bilim,bilim,1.62,0,0,0
b3f8b942-e034-46d9-a005-a73c42b2b5c3,1,1.000,edebiyat,edebiyat,1.36,0,0,0
b3fa5628-0107-499c-9253-4889c52dab34,1,0.870,muzik,muzik,1.52,0,0,0
b3fb1aef-1c78-4da2-b6af-2b474d1aaa0b,1,1.000,cografya,cografya,1.82,0,0,0
b4018f84-a800-4468-8b22-4bae37264788,1,1.000,cografya,cografya,2.34,0,0,0
b412c0a7-4ddf-430a-8287-748a851c082f,1,1.000,bilim,bilim,3.10,0,0,0
b4185911-fbfb-45be-9064-566c60d2bcba,1,1.000,teknoloji,teknoloji,3.52,0,0,0
b41a6997-e071-4d45-86d7-2a3b0661305d,1,1.000,sinema,sinema,3.32,0,0,0
b41bd5bc-d2d6-4a2e-a4db-25ea46e7a2c3,1,1.000,bilim,bilim,2.28,0,0,0
b42c76c6-36ac-43e8-8b3c-1ad403d5a50c,1,0.800,genel_kultur,cografya,2.48,0,0,0
b42f3865-83af-4e50-b3c4-73a76881cd4b,1,1.000,muzik,bilim,3.05,0,0,0
b439870b-6f3d-41f1-b6ba-f680ce14a477,1,1.000,cografya,cografya,2.01,0,0,0
b4446768-a860-449a-b629-a2b079a9b7be,1,1.000,spor,spor,2.55,0,0,0
b44fe9fa-4b70-41b7-b17a-f6d06e417704,1,1.000,teknoloji,teknoloji,3.36,0,0,0
b450596e-a221-45b5-a6aa-9bbba4b3844f,1,1.000,tarih,tarih,2.28,0,0,0
b45a8963-7da9-4a4c-9c90-eb2f5e11dbb1,1,1.000,bilim,bilim,1.85,0,0,0
b45c1333-d584-45d2-afab-4f1a18dfb993,1,1.000,genel_kultur,cografya,1.83,0,0,0
b45e1dc9-1998-46bf-9bfc-a7222bbf36cd,1,1.000,teknoloji,teknoloji,3.81,0,0,0
b46a74ea-82b6-4293-8bcf-51441b9be43f,1,1.000,teknoloji,teknoloji,3.92,0,0,0
b467c2c9-4a3c-4320-9561-987c0523e1ee,1,1.000,bilim,bilim,1.85,0,0,0
b472c67f-0baf-45cd-b2e6-f691d0b01236,1,1.000,tarih,bilim,1.33,0,0,0
b4747b33-0809-4345-9608-feae839c1e93,1,1.000,edebiyat,edebiyat,2.18,0,0,0
b4827133-d9ff-457a-beeb-f23705adb5d8,1,0.990,sinema,sinema,3.48,0,0,0
b4869147-f383-46cd-987a-d3b13f9038ce,1,1.000,muzik,edebiyat,3.58,0,0,0
b4875c42-55bc-4ada-a704-7309a1e76e89,1,0.410,cografya,cografya,3.22,0,0,0
b487881f-bb11-4abf-a710-1865338d1073,0,0.490,spor,spor,2.93,0,0,0
b488232c-931c-4a09-b176-842ef31c199c,1,1.000,sinema,sinema,3.52,0,0,0
b48903c1-848a-4819-adda-c2ee0de57f09,1,1.000,edebiyat,edebiyat,3.00,0,0,0
b48cb8b2-4345-4611-bce3-c15113c3c888,1,1.000,genel_kultur,genel_kultur,1.85,0,0,0
b493bfa5-a97f-48c7-98ec-97f9e7d9eb11,1,1.000,sanat,sanat,3.89,0,0,0
b4946e18-ed6a-47b2-ae38-483d0f25c890,1,1.000,edebiyat,edebiyat,3.04,0,0,0
b49cf1c9-d050-4253-b264-192989b7db63,1,1.000,genel_kultur,cografya,2.04,0,0,0
b49ecd63-8951-4341-912c-f47fc9d43ee1,1,1.000,tarih,tarih,1.98,0,0,0
b4a0e1a5-5c8d-4487-ae8c-b7ce2c6a7304,0,0.410,cografya,cografya,2.90,0,1,0
b4a5fbf6-b00e-4ed6-b1ef-061ac8c637fb,1,1.000,tarih,tarih,1.95,0,0,0
b4c40bde-c80b-4efb-859f-abfdc53c1033,1,1.000,cografya,cografya,2.89,0,0,0
b4c4e4f3-733c-4dae-b168-04801aab7893,1,1.000,teknoloji,teknoloji,2.20,0,0,0
b4d6bb26-5449-4817-9aa0-e8ecd8ce68d9,1,1.000,bilim,bilim,2.14,0,0,0
b4e54d05-26fa-432d-abd6-7e494a5431b4,1,1.000,genel_kultur,bilim,2.76,0,0,0
b4e94981-1ad1-4983-a250-7c89e1f7008c,1,0.990,spor,spor,1.71,0,0,0
b4ea85b4-bb1a-430f-aed5-2a9b62ce1ec8,1,1.000,tarih,tarih,2.04,0,0,0
b4f8ab62-898d-48e6-b64b-ec3df664d331,1,1.000,teknoloji,teknoloji,2.25,0,0,0
b4effedf-b5b0-44a1-b7f2-a105c7f69e4f,1,1.000,sanat,sanat,3.81,0,0,0
b50b24cc-eee1-4530-b13f-fbb40c232a43,1,0.980,tarih,tarih,2.20,0,0,0
b50c054a-eee5-4345-9901-20bad063de61,0,0.790,spor,spor,3.02,0,0,0
b4fee93f-9997-4dad-ade5-c9392fde8c49,0,0.460,tarih,tarih,3.30,0,0,0
b50d313f-027b-478c-a594-14b5f89e1883,1,1.000,cografya,genel_kultur,3.14,0,0,1
b513bc9b-a601-4009-8264-58ee0d77436c,1,0.990,tarih,tarih,3.37,0,0,0
b51df81a-7c64-4fd6-aae1-e94921a9f561,1,0.630,edebiyat,edebiyat,3.82,0,0,0
b51ecae3-da35-4d80-bf3e-18390107f118,1,1.000,bilim,bilim,1.78,0,0,0
b5267abb-d542-464a-9df4-5bc5f682f020,1,1.000,muzik,muzik,1.04,0,0,0
b52af93d-f3de-4afe-a871-556186da205f,1,0.880,tarih,tarih,2.59,0,0,0
b52ddd73-0bfd-423f-91ad-f0bff0887c18,1,1.000,tarih,tarih,2.31,0,0,0
b540249c-f928-43a6-b601-88ab6c84fff8,1,1.000,genel_kultur,bilim,2.14,0,0,0
b54ef44f-190d-435b-be08-614f08d47f0f,1,1.000,genel_kultur,tarih,1.30,0,0,0
b52ed017-2103-4c6a-acc6-94b6ab73e471,1,1.000,bilim,bilim,2.17,0,0,0
b5505fb6-bfc0-468e-80e8-71992cccbe8b,1,1.000,genel_kultur,genel_kultur,1.57,0,0,0
b551cc78-dc7a-4e2f-905e-74baa4139bd3,1,1.000,teknoloji,teknoloji,1.93,0,0,0
b5580643-dfd9-4d9e-81ea-361d58ef7452,1,1.000,cografya,cografya,2.27,0,0,0
b55a89a9-8972-4d15-bf42-782752f9be2e,1,0.990,teknoloji,teknoloji,3.97,0,0,0
b55bcf7a-e34d-48d7-8712-17229cbfeae6,1,1.000,muzik,muzik,2.63,0,0,0
b56c4141-b4a9-4a41-b3ae-bfa728111940,1,1.000,spor,spor,2.17,0,0,1
b55c5640-a54a-4ebe-9934-e3f8deb374ed,1,0.960,cografya,cografya,3.20,0,0,0
b578e322-b9b6-43c3-8d66-28e45ce68bc0,1,1.000,sanat,sanat,2.66,0,0,0
b5757727-a702-4596-9b08-7b1370fb9581,1,1.000,bilim,bilim,2.12,0,0,0
b596ecbb-8724-4ee5-a66c-742fd544b1f7,1,1.000,teknoloji,teknoloji,2.74,0,0,0
b5844b74-7654-4812-ab2f-3470e0643285,1,0.890,tarih,tarih,3.66,0,0,0
b59ceaa1-3ea2-4083-8240-5a4b930ac25f,1,1.000,genel_kultur,sanat,2.03,0,0,0
b5a201f4-fa2f-411d-b01e-142970d78408,1,0.990,edebiyat,edebiyat,2.44,0,0,0
b5af65e5-e234-42e0-8331-1d6dccc7dec5,1,1.000,teknoloji,teknoloji,3.26,0,0,0
b5cff21b-9532-48cc-b7ed-b1f4c8b92d49,1,1.000,bilim,bilim,2.01,0,0,0
b5d51a18-5294-4264-9e07-1646ed374ebf,1,1.000,genel_kultur,genel_kultur,1.80,1,0,0
b5d6b5be-5cf6-46d9-b487-48c2a6be65d1,1,1.000,cografya,cografya,2.41,0,0,0
b5e51127-e236-4986-9c82-12f4e0ee09fa,1,1.000,teknoloji,teknoloji,2.80,0,0,0
b5dd8bb5-69a2-47bb-a744-c0becb6d18c6,1,0.990,sinema,sinema,2.19,0,0,0
b5813919-f8cd-4cb0-ae0f-075c3ae292da,0,0.270,cografya,cografya,3.79,1,0,0
b5e6ca35-008d-478c-957b-44f805a3d108,1,1.000,edebiyat,edebiyat,3.20,0,0,0
b5fb0433-eaec-49d3-a976-f7b0a4d4b728,1,1.000,sanat,sanat,3.39,0,0,0
b5ff52f7-9139-4bc9-b063-528deaca1ee2,1,1.000,spor,spor,1.79,0,0,0
b602d569-7209-49cb-9403-60490a366e08,1,1.000,bilim,bilim,2.09,0,0,0
b604b704-2b30-4c78-82d4-42f645e64002,1,1.000,bilim,bilim,1.98,0,0,0
b609d7d0-3a05-4768-a578-117a73ece577,1,1.000,sanat,sanat,2.38,0,0,0
b60c0f8d-b2f6-433b-9e47-addd3988d2c9,1,1.000,edebiyat,edebiyat,2.28,0,0,0
b61ae150-ac05-4295-8553-9445a8613a35,1,0.850,edebiyat,edebiyat,3.86,0,0,0
b6254c4c-fe9f-4e8c-bb86-812cd58269f6,1,1.000,bilim,bilim,1.94,0,0,0
b619f181-cfe7-48dd-9017-49ce6727df8e,1,1.000,bilim,bilim,2.15,0,0,0
b62590aa-84e7-40b4-92f9-39e37a8e79e1,1,0.400,edebiyat,edebiyat,1.99,0,0,0
b627c58f-f6a4-4497-95f5-89c65dd246a6,1,1.000,edebiyat,edebiyat,1.99,0,0,0
b63e4dbe-4e0c-4106-a074-691337ddbb7d,1,1.000,muzik,muzik,2.65,0,0,0
b62cfd10-f87a-49ca-b361-fd8e87148d43,1,1.000,muzik,muzik,2.48,0,0,0
b647e448-4fba-45e9-8096-8efe8d879f20,1,0.990,sanat,sanat,2.59,0,0,0
b655d677-b758-4e93-9a47-839471fff3f7,1,1.000,bilim,bilim,2.06,0,0,0
b65176b5-28e9-4938-a056-cb8803242125,1,0.950,sinema,sinema,2.84,0,0,0
b65f0854-aeac-4cd7-af1a-e72c0761ea68,1,0.950,sinema,sinema,2.19,0,0,0
b66d3e1f-696f-4b5b-80e6-4bc34f474af2,1,1.000,teknoloji,teknoloji,2.25,0,0,0
b663d339-158e-42f3-ae7f-db18e35b5957,1,1.000,cografya,cografya,2.17,0,0,0
b67fcfa3-1788-4304-8a71-1fd7ccf51fb1,1,1.000,cografya,genel_kultur,2.95,0,0,0
b6767c6d-be9b-4446-a7c8-ef3892c87219,1,0.970,tarih,tarih,2.19,0,0,0
b6ab31e8-e358-458d-be77-8e43b6259317,1,1.000,genel_kultur,cografya,2.62,1,0,0
b6a975bd-13fb-4652-be8f-8e0dd7774749,1,0.780,genel_kultur,genel_kultur,2.18,0,0,0
b6c3d740-2ce0-4782-a73b-76c2b742b165,1,1.000,sinema,sinema,1.90,0,0,0
b6cf7478-dd12-4d7d-b93b-612e74007dca,1,1.000,muzik,muzik,2.92,0,0,0
b6cb8d31-cfd8-4058-b502-519b2db94bf8,1,1.000,muzik,muzik,2.54,0,0,0
b6f3417f-b94a-435f-9109-4bae5e6f035e,1,1.000,sanat,sinema,3.01,0,0,0
b6fdfc02-61cb-4cc5-a3f1-716554fafcc8,1,0.940,spor,spor,2.64,0,0,0
b6f35414-72c5-4ca0-b182-84e2d8a528b8,1,1.000,sanat,sanat,2.98,0,0,0
b72cfb85-889a-4bd6-9a84-300f9f4b9fd8,1,1.000,genel_kultur,tarih,1.94,0,0,0
b72c4d90-3e84-453c-8b5d-2d755c0cf3e2,1,1.000,bilim,bilim,2.00,0,0,0
b739b053-1517-4fbe-838a-14f6d2b541b8,1,0.990,spor,spor,3.45,0,0,0
b73a2f5a-ed46-48d5-bf36-271e32556bf8,1,0.870,edebiyat,edebiyat,4.08,0,0,0
b73bf5b0-aca1-4840-ad2f-5c94b74b0fb1,1,0.720,cografya,cografya,2.95,0,0,0
b7403464-7da1-49ff-b517-bb07b81543b5,1,1.000,sinema,edebiyat,2.61,0,0,0
b745c11f-7726-472a-b101-79c6d4f589c1,1,1.000,genel_kultur,bilim,2.03,0,0,0
b7522a9c-f584-4282-aab4-8e474559c159,1,0.920,tarih,genel_kultur,2.95,0,0,0
b7526e26-aad5-4c65-847b-6988a46c0307,1,1.000,bilim,bilim,2.57,0,0,0
b75c707d-4c7e-4698-abc9-b4e9f916c1a2,1,1.000,teknoloji,teknoloji,4.08,0,0,0
b75cb64a-cb4b-4034-af52-b8bab10ad40d,1,1.000,teknoloji,teknoloji,3.91,0,0,0
b76c4360-2079-45e2-8a35-8625d05fa29b,1,1.000,genel_kultur,teknoloji,1.98,0,0,0
b777c1a5-5e50-43c7-a5b7-9cad5f3f1c71,1,0.820,spor,muzik,3.06,0,0,0
b77c4fd6-5402-4df7-aecc-829a9a7e09e1,1,1.000,teknoloji,teknoloji,2.96,0,0,0
b7837f26-61ae-4766-93af-da540f77ac84,1,0.800,cografya,cografya,2.72,0,0,0
b7865246-cc4c-4b71-974e-c12c93ea2246,1,1.000,teknoloji,teknoloji,2.23,0,0,0
b786ca47-109d-4ccc-b4b2-4e0bc4b03056,1,1.000,sinema,sinema,3.04,0,0,0
b788bcdf-b132-4161-9f55-c3b5a8f7077c,1,1.000,cografya,cografya,1.45,0,0,0
b788647e-bbb2-48b0-ace0-8ebadb9fa35e,1,1.000,cografya,cografya,2.37,0,0,0
b789bf52-33d6-449e-8223-6f8bb647aa8a,1,1.000,edebiyat,edebiyat,2.37,0,0,0
b78d2100-2058-452d-9b05-52e48291dbe7,1,1.000,cografya,cografya,1.81,0,0,0
b78c6be4-48a4-4907-a8f4-6cad781e23a4,1,1.000,cografya,cografya,2.12,0,0,0
b78e443f-340c-42e6-95c4-b9fef315d709,1,1.000,cografya,bilim,2.53,0,0,0
b7904ac9-95e9-4b25-a0eb-8c8b6d962e1f,1,0.200,cografya,cografya,3.20,1,0,0
b79d7a08-3d81-4ffd-8f9d-324494ffaf46,1,1.000,bilim,bilim,2.50,0,0,0
b7c2208f-bcb4-4f43-846c-9a66a7077b78,1,1.000,muzik,muzik,1.92,0,0,0
b7ae424f-9948-4f7c-bf64-95253c25ee56,1,1.000,edebiyat,edebiyat,2.26,0,0,0
b7cb7a3d-174e-4f8f-8f51-e7dbbe05a6ba,1,1.000,sinema,sinema,3.31,0,0,0
b7cb9f69-8ba1-41ce-9ac0-98fdfafa7b65,0,0.370,cografya,cografya,2.84,0,1,0
b7deba04-75fd-46f3-a6ca-abbd43cbfb78,1,1.000,sinema,sinema,2.70,0,0,0
b7d6e104-c17a-4f80-b8ec-bc8ab9732270,1,1.000,bilim,bilim,2.03,0,0,0
b7e27466-2d4f-4f09-8fb2-2439fb564941,1,1.000,genel_kultur,bilim,2.21,0,0,0
b7e2bf68-5d4c-4296-9f79-c3bd2ec9e312,1,0.980,tarih,tarih,1.92,0,1,0
b7e64d7b-634a-403b-a0c4-9daf0ea8d941,1,0.980,genel_kultur,genel_kultur,2.68,0,0,0
b7f156d5-0145-456f-a47b-54567231c228,1,1.000,tarih,tarih,2.73,0,0,0
b7f4fdd5-c250-420b-b8df-a3ddce255b0d,1,1.000,genel_kultur,cografya,1.75,0,0,0
b8043375-9616-4562-86e2-6f2fd555778b,1,1.000,cografya,cografya,2.27,0,0,0
b80585e7-e0b4-4c4a-8d59-f7e8dd1b1b46,1,1.000,cografya,teknoloji,2.04,0,0,0
b806844d-e5a4-4c29-9d92-be58304d786a,1,1.000,teknoloji,teknoloji,2.12,0,0,0
b80b5eb6-da0a-449a-9a28-f5de03e8f70a,1,1.000,sinema,sinema,1.35,0,0,0
b813f3e1-138d-412e-8170-5b668d99b25a,1,1.000,cografya,cografya,1.97,0,0,0
b82056cd-1140-437d-bade-fd411cc60343,1,1.000,bilim,bilim,2.36,0,0,0
b8232c79-b135-4b8d-96a1-4b3e9d590e2d,1,1.000,bilim,bilim,2.35,0,0,0
b8278808-b09e-43fa-96ff-cffccdaae616,1,0.970,edebiyat,edebiyat,3.46,0,0,0
b82badb0-00ab-42b8-af62-3d2c6277588e,1,1.000,sanat,sanat,3.86,0,0,0
b82affbc-f1bb-4c1b-aa7a-3f7258701247,1,1.000,muzik,muzik,3.42,0,0,0
b8319d61-7e7f-4194-ad5d-b857fd5ec291,1,0.460,genel_kultur,tarih,2.54,0,0,0
b8411c7d-2bf2-4f19-a3c7-833c6919a46d,1,1.000,cografya,cografya,1.73,0,0,0
b8437f51-cd30-4e9d-9116-a288c8989068,1,0.970,sanat,muzik,2.17,0,0,0
b84f8f05-0fb1-46d0-a668-c9c5e417f113,1,1.000,sanat,sanat,2.61,0,0,0
b843ee25-41f3-47e3-8627-86f9a3f03b75,1,1.000,teknoloji,teknoloji,3.94,0,0,0
b860baae-fccb-4101-977e-6c52fc44200c,1,1.000,genel_kultur,genel_kultur,1.24,0,0,0
b87b17a4-a1a1-4db4-9fcb-ebf4b932a65c,1,1.000,cografya,cografya,2.02,0,0,0
b87cd58d-2792-44c5-b36c-394bf78b3bbb,1,1.000,teknoloji,teknoloji,3.95,0,0,0
b882ea22-e547-4f3b-a5e0-6c2ac48c86b2,1,1.000,tarih,tarih,2.58,0,0,0
b8883d17-fd94-4610-a10f-5bf037db3f73,1,1.000,sanat,sanat,3.37,0,0,0
b89001cc-4976-42b4-bfbb-d33e556ec621,1,0.990,cografya,cografya,3.14,0,0,0
b896f91e-4420-482c-ad84-a1c55ae64ba2,1,0.750,cografya,cografya,2.15,0,0,0
b8b03b34-be95-49bc-aa03-f5bba8adaec5,1,1.000,tarih,tarih,2.40,0,0,0
b8b0e010-f827-4579-9e43-9a9f9e8bb73c,1,1.000,spor,spor,2.21,0,0,0
b8cf2628-20a7-4699-908f-aeab7c0dfff4,1,1.000,sanat,sanat,2.14,0,0,0
b8d1ac79-60da-4ec2-af8c-c3cdbaf7fc90,1,1.000,cografya,cografya,2.52,0,0,0
b8e28eae-2696-426a-a47b-cccc76bae46f,1,1.000,sinema,sinema,2.26,0,0,0
b8ecb212-3b03-45ae-9668-070c1e64fed9,1,1.000,teknoloji,teknoloji,3.61,0,0,0
b8fa1274-95eb-4005-af8a-d27d713486af,1,1.000,tarih,tarih,1.89,0,0,0
b9310c92-ec4e-4211-bc24-6bed2fcfb971,1,1.000,bilim,bilim,2.03,0,0,0
b90bf129-b701-46ae-8292-2abb72a65625,1,0.980,sanat,sanat,2.93,0,0,0
b941ae75-6891-4828-be53-d92bc02add3c,1,1.000,cografya,genel_kultur,2.70,0,0,0
b9380221-2342-4667-b1d8-42afca044a6f,1,0.930,genel_kultur,tarih,2.53,0,0,0
b94788f9-c33f-4399-8491-32966593d30e,1,1.000,cografya,cografya,2.82,0,0,0
b94f72de-04d5-40d7-8591-3d1c803e4e52,1,1.000,muzik,bilim,3.01,0,0,0
b9527a50-639a-45a2-a5c1-59ca227d410d,1,1.000,edebiyat,edebiyat,1.64,0,0,0
b965ecec-9fde-4194-94ae-209c86436912,1,1.000,cografya,cografya,2.03,0,0,0
b954ae8d-0bd1-48ed-957e-3a4c26a08cdd,1,1.000,edebiyat,edebiyat,2.50,0,0,0
b96fb72a-b2f4-4cbc-b4ae-26c6c6fdbb51,1,0.770,spor,spor,2.30,0,0,0
b97101c3-b42a-4a68-8174-68ef31452ce0,1,0.110,edebiyat,edebiyat,3.71,0,0,0
b9a113e5-822c-49cd-814b-2a454812c789,1,1.000,cografya,cografya,2.79,0,0,0
b9a13847-dfff-4b39-a5d8-27241cb5c996,1,1.000,spor,spor,2.08,1,0,0
b988a92f-f784-443f-96b1-3d0f2983bce5,1,1.000,genel_kultur,bilim,1.53,0,0,0
b9a4ed81-1449-4825-b8c0-8f1419c6f987,1,0.850,spor,spor,2.86,1,0,0
b9aaf1da-c86e-4739-a847-bd4c0e4562c6,1,0.240,cografya,cografya,3.77,0,0,0
b9c981e0-bcad-4719-9342-074d5c66c194,1,1.000,bilim,bilim,2.88,0,0,0
b9b3d4c7-ece8-4bfc-9136-db15390e5fb3,1,1.000,spor,spor,2.22,0,0,0
b9d23669-25ae-48b2-8935-0d29214f3aed,1,1.000,bilim,bilim,2.12,0,0,0
b9d2e3ee-c825-4aa9-a521-396902c48ad1,1,1.000,cografya,bilim,1.76,0,0,0
b9d690f9-ea1a-4348-9c33-8ea3f77cdf09,1,1.000,bilim,bilim,2.04,0,0,0
b9d88295-7f1e-4f8e-9383-2ef7c916ea06,1,0.320,edebiyat,edebiyat,3.35,0,0,0
b9d9cd9b-e5e0-4440-b644-ce0ac2d91847,1,1.000,genel_kultur,cografya,2.19,0,0,0
b9e3d2d3-dbc4-42e5-a0c0-e933481b301e,1,1.000,bilim,bilim,2.03,0,0,0
b9eb6b32-eb25-4a32-bfdc-0e2128eecaff,1,1.000,genel_kultur,bilim,2.47,0,0,0
b9f88581-f937-49bc-97b5-c3a14b68f11d,1,1.000,muzik,muzik,3.06,0,0,0
ba078af4-5fe3-4c57-bdb0-da584dfe79f6,1,0.940,teknoloji,teknoloji,3.70,0,0,0
ba256fbb-5732-4c1d-9c1c-c7c539876ab6,1,1.000,sinema,sinema,3.40,0,0,0
ba1e7b8e-187b-4623-9cc8-29c001593dd9,1,1.000,sanat,sanat,2.44,0,0,0
ba2aa038-b5cb-4295-bd2a-c684abe2c64a,1,1.000,cografya,cografya,2.14,0,0,0
ba3b7797-e252-42db-86ef-b7ea925ec895,1,1.000,edebiyat,edebiyat,3.44,0,0,0
ba428b02-886e-4fa7-97b5-e111913385bd,1,1.000,bilim,bilim,2.32,0,0,0
ba449593-5eec-4f4b-b52e-187d7862ca9d,1,1.000,genel_kultur,genel_kultur,2.30,0,0,0
ba5119bc-7f0e-4829-87c9-9281f800b5da,1,1.000,muzik,muzik,1.94,0,0,0
ba49edfe-2b7a-4739-a233-2f4f359daefd,1,1.000,cografya,cografya,2.17,0,0,0
ba5d6eb9-816d-4190-8afd-04d84cde2939,1,1.000,teknoloji,teknoloji,2.27,0,0,0
ba691c22-df2a-4310-8265-7d5e2b574a02,1,1.000,genel_kultur,bilim,1.89,0,0,0
ba6c589c-e772-40c5-8e6a-7a98187fce2c,1,1.000,sinema,sinema,2.21,0,0,0
ba73236f-fb49-47a5-b575-bcc323bc51c3,1,1.000,cografya,cografya,1.05,0,0,0
ba7b9a04-1f31-4e10-a46f-cfe992a940bd,1,1.000,cografya,cografya,2.11,0,0,0
ba86bb06-52d0-407f-a4de-63e80c0e7e24,1,1.000,cografya,cografya,2.46,0,0,0
ba870441-2261-4ac5-8492-a40e83aec8b4,1,0.960,tarih,tarih,2.64,0,0,0
ba8eb322-334a-410b-aef1-6338a8c37dd4,1,1.000,edebiyat,edebiyat,2.78,0,0,0
ba9558cd-c83a-42ed-9f55-aeb7df7a422f,1,0.870,tarih,tarih,2.80,0,0,0
baa48a54-4f38-4439-8624-9590f92e1feb,1,1.000,teknoloji,teknoloji,2.39,0,0,0
bab7066b-52aa-47f5-87a4-9abe466854b3,1,0.990,cografya,cografya,3.01,0,0,0
bac37750-7b38-4f19-bef6-d7c4ae73bff0,1,1.000,tarih,tarih,2.44,0,0,0
bac4cb98-99e8-41ce-a157-2da7a41f24c6,1,1.000,cografya,cografya,2.03,0,0,0
bac676b1-a2c4-412e-afc7-809eae857029,1,0.990,sinema,sinema,4.10,0,0,0
bac77977-c8b4-4caa-bfe5-1870c1a33a79,1,1.000,spor,spor,2.10,0,0,0
bad1e548-f833-4584-b048-e84eab4f8727,1,1.000,teknoloji,teknoloji,2.65,0,0,0
bae76640-fe57-4ce9-9391-0ccc1e175c1c,1,1.000,teknoloji,teknoloji,2.06,0,0,0
bad2035e-aaf6-4046-bd58-c7c11826339c,1,1.000,spor,spor,2.10,0,0,0
baed5bff-e6ca-485b-9209-2f600ba4b77b,0,0.400,edebiyat,edebiyat,3.08,0,0,0
baf3e6f6-8de8-43ba-8bb5-c0470179f623,1,1.000,muzik,muzik,2.74,0,0,0
baf2f09c-49ae-48aa-9f35-64035f186481,1,0.310,edebiyat,edebiyat,3.77,0,0,0
bb11f7ff-bb7a-44c8-8314-aef2bdf98223,1,1.000,edebiyat,tarih,2.61,0,0,0
bb084a15-837a-4a19-be48-de96a9837a5e,1,1.000,sanat,sanat,1.62,0,0,0
bb2465e7-3399-4791-984e-4f37da8ef1ef,1,0.780,muzik,muzik,3.23,0,0,0
bb1c3ed8-cb60-4b35-a11a-c8f64d92ca22,1,1.000,muzik,muzik,2.01,0,0,0
bb2c73f9-2c09-45e7-aede-ec1259f87fac,1,1.000,teknoloji,teknoloji,2.79,0,0,0
bb3457bf-f3c7-438c-8d3b-cf2af80c39a0,1,1.000,cografya,bilim,2.33,0,0,0
bb39db87-e323-4526-88a6-1aa9a52cdd2b,1,1.000,sanat,sanat,2.55,0,0,0
bb55309d-e9d5-47b8-8419-55e828858b04,1,1.000,tarih,edebiyat,2.12,0,0,0
bb557f5e-79ea-444c-8d2b-691a9457516c,1,1.000,genel_kultur,teknoloji,2.59,0,0,0
bb477813-00d2-4d70-9f76-0c7efc000031,1,1.000,sanat,sanat,2.90,0,0,0
bb594e26-95c8-43ad-80c3-e4a356bb148d,1,1.000,teknoloji,teknoloji,3.73,0,0,0
bb6521af-3d12-47e2-b295-c35e0b0ec660,1,1.000,genel_kultur,bilim,1.36,0,0,0
bb68d9a8-1ef8-4f00-b243-589a011f519d,1,1.000,edebiyat,genel_kultur,3.03,0,0,0
bb7da62a-f8a6-49d9-a32c-1a642aaa7682,1,0.920,edebiyat,edebiyat,2.26,0,0,0
bb801d8f-ec68-4da0-baf2-5f8975413d1b,1,1.000,sanat,sanat,2.32,0,0,0
bb80c689-63d3-4028-96a3-b34eba1cb045,1,0.990,muzik,muzik,3.34,0,0,0
bb85d3cd-0935-4ebf-940e-f353fbd54945,1,0.990,edebiyat,edebiyat,2.07,0,0,0
bbb8f2d7-66e5-481b-9d02-1e86c8954d8e,1,1.000,genel_kultur,cografya,2.11,0,0,0
bba93620-11b9-432a-a99c-8e97eebd3936,1,0.450,cografya,genel_kultur,3.22,0,0,0
bbc0287e-4769-4dfd-9016-70b9524f4809,1,1.000,bilim,bilim,1.51,0,0,0
bbb9f8cb-7b78-4827-a876-0914d7b8b353,1,1.000,cografya,bilim,1.16,0,0,0
bbc39d85-bc15-46ce-8d22-25f8bb2bc9e7,1,1.000,teknoloji,teknoloji,2.89,0,0,0
bbe849bd-7d6b-4e02-8613-65d3312a5434,1,1.000,bilim,bilim,2.01,0,0,0
bbeb4070-9bdf-4f09-8671-8841bd0e5fa2,1,1.000,tarih,cografya,2.31,0,0,0
bbfa2d37-588f-4be7-90ae-ffac689e30f5,1,1.000,sinema,teknoloji,2.40,0,0,0
bc012f0a-8146-46b8-9425-f032076e8cc0,1,1.000,muzik,muzik,2.67,0,0,0
bc0733d6-9da6-4799-b2c7-d4edaa44828a,1,0.990,sanat,sanat,2.65,0,0,0
bc1230a0-6a28-4014-ad91-580a80fa6c9a,1,1.000,edebiyat,edebiyat,1.58,0,0,0
bc1349c4-7f2b-43e0-b81e-9de7c43bfade,1,1.000,cografya,cografya,2.25,0,0,0
bc16bb2b-2d97-40bb-a9b9-d8ab38f61d0b,1,1.000,cografya,bilim,2.12,0,0,0
bc1c01e0-a119-4ceb-82fb-a11d62171acf,0,0.640,edebiyat,edebiyat,3.64,0,0,0
bc1d15a4-6e93-4b78-b419-7a2ace3e3133,1,1.000,bilim,bilim,1.97,0,0,0
bc28d429-e864-4188-9c4e-26836b02121e,1,1.000,teknoloji,teknoloji,3.32,0,0,0
bc1d502b-e1f5-4e6f-a3f8-4d09ff713dbc,1,1.000,bilim,bilim,1.97,0,0,0
bc29022a-033b-4e26-a0d1-f1851811161e,0,0.530,edebiyat,edebiyat,2.66,0,0,0
bc39606b-9873-45fb-bdc1-727e1eb0bb77,1,0.960,genel_kultur,genel_kultur,2.36,0,0,0
bc410659-5589-42e5-8baa-709b716df02a,1,1.000,edebiyat,edebiyat,3.52,0,0,0
bc36bcd6-75f2-42ec-9fe7-347b485be021,1,1.000,edebiyat,edebiyat,1.98,0,0,0
bc45ce06-d8f2-4e5b-9940-3f91dd03e14d,1,1.000,teknoloji,teknoloji,2.74,0,0,0
bc485228-f1a6-495e-833c-c35505f7ec43,1,1.000,cografya,cografya,1.36,0,0,0
bc583f90-377f-40f0-bae4-3478b5e8000f,1,1.000,bilim,bilim,1.62,0,0,0
bc7cc6a4-7457-40c3-a1ae-dda4ab97ae9b,1,1.000,cografya,genel_kultur,1.98,0,0,1
bc84b642-d277-448e-88c1-6a135de2914f,1,1.000,teknoloji,teknoloji,3.51,0,0,0
bc7f0c2b-b259-41d5-add5-5c9259de6648,1,1.000,bilim,bilim,1.68,0,0,0
bc8b3977-c6ad-40c4-a658-b6ec1d01c310,1,1.000,tarih,tarih,2.14,0,0,0
bc8fce11-4e03-47c6-a901-fd04e0360fad,1,1.000,bilim,bilim,2.05,0,0,0
bc933c87-555d-4063-b2a6-57baa576817c,1,0.710,spor,genel_kultur,3.98,0,0,0
bca75f81-abcd-4f84-b9f7-2ae184fdab59,1,0.940,edebiyat,edebiyat,3.47,0,0,0
bca46d45-a6e6-49f5-811e-8f7ae22abd34,1,1.000,cografya,cografya,1.92,0,0,0
bca78fe2-e726-468d-9d42-6d47e21940c6,1,0.840,cografya,bilim,2.59,0,0,0
bcbd9e77-75d6-4359-b703-0981123c0f32,1,0.990,muzik,muzik,3.89,0,0,0
bcd4526d-0192-4a93-b3fd-2a67416cf046,1,1.000,edebiyat,edebiyat,2.74,0,0,0
bcef53c3-6116-4604-b6a2-435a1e136365,1,1.000,spor,spor,3.75,0,0,0
bcde9cf9-3799-4651-b093-237e4868c716,1,0.430,cografya,cografya,3.51,1,0,0
bcf42f4c-acd3-4043-91b1-51d65862c016,1,1.000,muzik,muzik,3.24,0,0,0
bcfd32fd-9039-4dbc-9183-95fcf4bdd887,1,0.980,sinema,sinema,3.16,0,0,0
bd00c994-2990-4d5a-94da-afc5f0d16a56,1,1.000,sanat,sanat,2.08,0,0,0
bd19f1d2-8c02-4ce4-885e-7e3927ec05f5,1,1.000,cografya,cografya,2.00,0,0,0
bd0d0a1e-7b57-483e-9555-e721f234027f,0,0.780,tarih,tarih,2.33,0,1,0
bd1b3a6e-cac4-4382-88b0-2abd73b0d2b1,1,0.960,muzik,muzik,3.16,0,0,0
bd20b698-a456-4623-8dc5-2c93e44c8e14,1,1.000,bilim,genel_kultur,1.08,0,0,0
bd2d80c9-a170-49b5-a8d9-9dde5e6270a6,1,0.980,cografya,genel_kultur,2.98,0,0,0
bd2d2eca-ded0-4c9e-a325-9d89cb42c48f,1,1.000,cografya,cografya,1.92,0,0,0
bd2f5b2e-c507-466d-a8fb-1aeaaf8a4d69,1,1.000,edebiyat,edebiyat,2.72,0,0,0
bd3eca99-a781-4903-b0be-6c50dd245b29,1,1.000,sinema,sinema,2.54,0,0,0
bd3fa0b7-d6e6-49e7-9df7-e2a36952df2f,1,1.000,teknoloji,teknoloji,1.94,0,0,0
bd444275-52d3-4704-99b7-42ff4b8e8e1b,0,0.340,edebiyat,edebiyat,3.07,0,0,0
bd47da15-f50c-45d1-b2a2-854405302be7,1,0.980,cografya,cografya,2.38,0,0,0
bd714100-eac2-40ac-8675-e1651d0e9675,1,1.000,cografya,bilim,2.34,0,0,0
bd76ab59-7606-406b-b3f6-b5d6a7d73b85,1,1.000,teknoloji,teknoloji,2.06,0,0,0
bd843132-ee30-49e8-9501-b60c6582473f,1,1.000,muzik,muzik,1.04,0,0,0
bd910180-8897-45da-a94d-c4895ac1c61d,1,1.000,teknoloji,teknoloji,3.49,0,0,0
bd93ed9e-2529-4069-a208-7f883cc7b1c0,1,1.000,teknoloji,teknoloji,3.65,0,0,0
bda38536-c5e2-44b8-8b96-3dbcf1f11ea7,1,1.000,muzik,muzik,3.59,0,0,0
bdaf2a45-5306-471a-bb4a-cd99d4c9db64,1,1.000,bilim,bilim,2.65,0,0,0
bda40261-03aa-4f55-a87e-9109d52f081d,1,1.000,sinema,sinema,2.53,0,0,0
bda743b5-7ffb-461d-9e58-b0d98575570c,1,1.000,muzik,muzik,3.00,0,0,0
bdb6eb86-1698-4092-a12b-00de18644c6f,1,1.000,spor,spor,2.54,0,0,0
bdb2c82f-8382-4c22-9009-854a20bdad47,1,1.000,spor,spor,1.63,0,0,0
bdb70237-a8ef-474f-8aa6-6144f82528f1,0,0.190,spor,spor,3.99,0,0,0
bdbe463e-5522-4415-8973-7ba3244536c6,1,0.860,edebiyat,edebiyat,4.07,0,0,0
bdd8f645-5063-49be-83c8-7d6cbc11c53e,1,1.000,muzik,muzik,3.15,0,0,0
bdf2b192-2e34-43cd-abd2-ed9a0734ef11,1,1.000,teknoloji,teknoloji,4.08,0,0,0
bdd78e43-a0f5-4d33-82d1-41431adcb60f,1,1.000,cografya,cografya,2.18,0,0,0
be027b06-88fd-4f96-a802-20169d7d2b19,1,1.000,bilim,cografya,1.43,0,0,0
be03fb6d-f09f-40ab-ad52-2baf0ba930bc,1,0.990,cografya,cografya,2.45,0,0,0
be06084d-4534-4652-9f9b-b21b59239303,0,0.340,cografya,cografya,3.11,0,0,0
be07f911-db1a-4f54-bae7-ef17819304d4,1,1.000,teknoloji,muzik,2.14,0,0,0
be2f935e-76c4-465e-b1c0-751f508e70cd,1,1.000,tarih,tarih,2.11,0,0,0
be355ee8-1d1a-4d6d-be63-1214679dd823,1,1.000,edebiyat,edebiyat,1.49,0,0,0
be539354-e87b-403e-9690-0a108a0c88f4,1,1.000,sanat,sanat,2.34,0,0,0
be4c48c7-aa15-4cac-aa63-8dda92532385,1,1.000,tarih,tarih,3.67,0,0,0
be5198b7-6e63-4640-9698-b59ad6ffe311,1,0.570,cografya,cografya,2.93,0,0,0
be72f7ae-3ebd-4e9d-baad-974efba72bfb,1,1.000,tarih,tarih,2.32,0,0,0
be8724ed-3aae-41e6-b7fe-e79c5e27dbed,1,1.000,genel_kultur,cografya,1.67,0,0,0
be91612b-b1da-4af4-a55d-5a2ec2b5c2f7,1,0.850,cografya,bilim,2.65,0,0,0
be8e3634-6bd6-47b6-bae6-2de7f6db9eb8,1,1.000,cografya,cografya,2.18,0,0,0
be97a1de-06e8-4d25-b9ef-9fdfb82dae46,1,0.980,spor,spor,1.79,0,0,0
beaaaf8a-7522-4363-a895-de35217bd286,1,1.000,sanat,sanat,3.32,0,0,0
beb6bcdb-26e2-4e52-9ed9-ee699a9869cc,1,1.000,sinema,sinema,2.49,0,0,0
beb8eaef-6724-4368-bf16-aaf0c7e87601,1,1.000,cografya,bilim,2.31,0,0,0
beb0a643-75dd-4cc9-ad4d-ce2c862a399a,1,1.000,spor,spor,2.52,0,0,0
beb90f05-ac45-40f8-959a-74113e63960b,1,0.950,sanat,sanat,2.61,0,0,0
bebd521f-6c96-49f3-9cc3-b56509dfc60a,1,0.880,edebiyat,edebiyat,2.28,0,0,0
bed0649d-4b43-4c30-9e4a-2c257a207b41,1,1.000,genel_kultur,genel_kultur,1.38,0,0,0
becea910-f7d2-4b60-b527-44b1a04add64,1,1.000,teknoloji,teknoloji,2.64,0,0,0
bec9f641-c9f3-49d2-9d33-d1a425d8e11c,1,1.000,genel_kultur,bilim,1.02,0,0,0
bed4a60b-646a-4492-b8ea-cb60c087255c,1,1.000,bilim,bilim,2.46,0,0,0
beda9f15-68a8-4be5-8018-aa58bef2da46,1,0.890,genel_kultur,edebiyat,2.28,0,0,0
bef838cb-8849-4c3b-8a22-279f5149f991,1,1.000,bilim,bilim,1.04,0,0,0
bee287ea-e723-44e6-9bd6-973cdc47d2f8,1,0.990,sinema,sinema,2.81,0,0,0
bee93de3-2030-45c3-b577-0384cc9ce8d6,1,0.990,bilim,genel_kultur,1.42,0,0,0
bf045f96-bcd4-4487-b28e-f7808ae36c7c,1,1.000,genel_kultur,genel_kultur,2.04,0,0,0
bf05f68b-0344-4b6f-895d-6705ee5be239,1,0.990,spor,spor,1.97,0,0,0
bf0fa86a-5f71-490f-9288-fada7221160f,1,1.000,cografya,bilim,2.45,0,0,0
bf1a75eb-2e68-4eae-a771-bbbbff18961c,1,1.000,cografya,cografya,1.52,0,0,0
bf1e095b-ecc6-4154-90cc-ccfe7ff495bb,1,0.640,cografya,cografya,2.80,0,0,0
bf2221de-d332-4bdb-96e6-67c37ff61319,1,1.000,teknoloji,teknoloji,2.56,0,0,0
bf23ca15-4638-4d25-ad3d-f4d24f5c8cd8,1,1.000,genel_kultur,bilim,1.00,0,0,0
bf388dad-7b91-4688-9af4-6a2427b2c454,1,0.400,spor,spor,2.09,0,0,0
bf3a7acf-0b9d-455e-b236-6a421e79b245,1,1.000,genel_kultur,cografya,2.59,0,0,0
bf416d6b-d70d-4186-a5cd-f5cb8e25c93c,1,1.000,sanat,sanat,1.86,0,0,0
bf5f385b-8fd9-4a3f-8df0-7c8222636e0f,1,1.000,sanat,sanat,3.03,0,0,0
bf7bc5ed-608b-4522-86b3-f139eb16848b,1,1.000,teknoloji,teknoloji,3.90,0,0,0
bf7bef11-bb68-4937-840e-8e17b1755a6d,1,1.000,genel_kultur,bilim,1.45,0,0,0
bf887f94-48b4-4452-8a2f-b4e471f0bfc2,1,0.960,genel_kultur,sanat,1.07,0,0,0
bf8e420d-d4b9-4695-85d6-2a5b33814875,1,1.000,tarih,tarih,1.85,0,0,0
bf9fa253-bf06-458c-a86e-7693e36e3665,1,1.000,cografya,cografya,2.99,0,0,0
bfa1ebf9-0718-4dc9-8c8d-a6436d67da66,1,1.000,muzik,muzik,1.71,0,0,0
bf9175bb-45a6-415f-99f2-dd96d798122b,1,1.000,sinema,sinema,2.89,0,0,0
bfbbcca8-69f6-4d98-bf86-4c4639269246,1,1.000,spor,spor,1.88,0,0,0
bfa92f77-3e0e-4a03-8253-f4be1df03233,1,1.000,genel_kultur,bilim,1.01,0,0,0
bfbc092a-2c54-4a25-83db-2570dfeb7d40,1,0.400,cografya,cografya,2.85,0,1,0
bfbdf796-83ea-44ce-8ddf-37a990b07814,1,1.000,cografya,cografya,1.86,0,0,0
bfbecca8-3096-458b-9e2c-3ae15d9f92f4,1,0.890,cografya,cografya,2.34,0,0,0
bfc721db-8ae9-4275-afa0-5cd7b82c739a,1,1.000,bilim,bilim,2.08,0,0,0
bfccf362-9885-4799-b16e-0b4298c47d55,1,1.000,sanat,sanat,2.78,0,0,0
bfcd97c4-e252-4428-b0bf-0a2ec6287f89,1,0.970,spor,spor,2.59,0,0,0
bfcc7860-6c31-4797-a3a3-8d212d27836c,1,1.000,cografya,cografya,2.02,0,0,0
bfd04401-0466-4450-b16c-1c931e69da16,1,1.000,sinema,sinema,2.01,0,0,0
bff54e93-a44d-452f-bc0f-66f1320f4a37,1,1.000,edebiyat,edebiyat,1.89,0,0,0
bffaecc9-82bb-484a-9ca7-b508ecfe3146,1,1.000,cografya,cografya,2.16,0,0,0
c0066e47-b53f-47be-9467-af15031d9bd8,1,1.000,teknoloji,teknoloji,2.45,0,0,0
c014ae09-e459-4760-841f-3c827d9af3fb,1,1.000,tarih,tarih,1.86,0,0,0
c025606b-2d0d-4f3c-a96d-14199ed9203b,1,1.000,genel_kultur,tarih,1.93,0,0,0
c028197c-e05f-416a-be8b-1187116bb561,1,1.000,edebiyat,edebiyat,3.56,0,0,0
c035fb1b-909f-4fd1-9d52-01567ae878bb,1,1.000,bilim,bilim,1.97,0,0,0
c05d4ef7-d08f-4c06-a4e8-343b1c71d59c,1,1.000,spor,spor,2.33,0,0,0
c068fe52-02f1-4c00-8967-bb06910e06ca,1,1.000,spor,spor,1.39,0,0,0
c06c87c1-54d3-452d-998a-66f3e08fa6c2,1,1.000,genel_kultur,genel_kultur,2.36,0,0,0
c00f1e59-4531-4746-8d11-e28ff6a651fa,1,1.000,spor,spor,1.47,0,0,0
c06cfbcb-133d-4197-b5e0-2d8b90bc7f4a,1,1.000,cografya,cografya,2.17,0,0,0
c07229bf-e210-44ab-9969-2e5e94b3e331,1,1.000,genel_kultur,sanat,2.14,0,0,0
c07bca19-09c6-4bc4-989b-2ac06c5097ca,1,1.000,cografya,cografya,3.11,0,0,0
c07f5775-0616-46df-8c12-1f3c26048a16,1,1.000,genel_kultur,bilim,1.26,0,0,0
c0817c17-6402-4bc7-baf1-99895fa4eae1,1,0.290,cografya,cografya,3.25,1,0,0
c088ec84-83d4-46aa-a71f-724be2bd9d79,1,1.000,cografya,cografya,1.85,0,0,0
c082bad0-33f8-48fa-ba4d-888094a8b158,1,1.000,tarih,tarih,1.65,0,0,0
c093506f-73bc-4510-bd79-eade43c571d4,1,1.000,sanat,sanat,2.73,0,0,1
c09887ef-4358-40ab-8396-abd7fa11d2ff,1,1.000,teknoloji,teknoloji,4.03,0,0,0
c09e6413-23dd-4e14-85ff-049bec7d90a2,1,1.000,spor,spor,2.50,0,0,0
c0a0c65d-def7-4a16-bb26-9e0b92105038,1,1.000,genel_kultur,bilim,1.93,0,0,0
c0bbde1a-a940-42c6-afcf-a013c5668990,1,1.000,spor,spor,1.72,0,0,0
c0a55d8a-3b51-437d-a504-343058d420fd,1,1.000,sanat,sanat,2.66,0,0,0
c0bf125d-8ee5-4ad0-b154-054fb8d1a4fc,1,1.000,bilim,bilim,2.14,0,0,0
c0c1cad1-c924-4329-9841-76af15b92af6,1,1.000,sinema,sinema,2.61,0,0,0
c0d79617-5570-432f-9a68-a197011e557b,1,1.000,tarih,tarih,1.97,0,0,0
c0da0a9b-eced-4fd8-b66e-7221bc236415,1,1.000,genel_kultur,genel_kultur,1.12,0,0,0
c0dd69fd-c868-44b9-b23c-139d6e2fea64,1,1.000,genel_kultur,genel_kultur,1.11,0,0,0
c0ded0a2-e0e2-4bfc-bb10-73db3cf92fc6,1,1.000,tarih,cografya,1.44,0,0,0
c0ead32b-ba54-4e3e-8371-c7d4fb768de2,0,0.550,cografya,cografya,3.72,0,0,0
c0f063c4-56cf-450f-bacb-95e1ec9c33a8,1,1.000,teknoloji,teknoloji,3.90,0,0,0
c0fea7d5-b525-4eb5-8e20-4b17fc1fc5c8,1,1.000,sanat,sanat,2.98,0,0,0
c10b6272-4052-4c00-8df0-5ca03ea43b29,1,1.000,cografya,cografya,2.77,0,0,0
c10993ac-420f-4b8c-9ab5-c3a9cd3fbb2e,1,1.000,sanat,sanat,3.47,0,0,0
c10ea738-77fd-4303-80e8-c16849cd127b,1,1.000,bilim,bilim,1.71,0,0,0
c10c98ea-9555-469a-921c-22c2943c97d3,1,1.000,bilim,bilim,1.01,0,0,0
c10fce87-5208-4c48-b824-8b8450bb3b8f,1,1.000,sanat,sanat,1.53,0,0,0
c117a37a-85ac-4a73-9606-d8e76e75a423,1,1.000,teknoloji,teknoloji,3.82,0,0,0
c118e95c-6254-4a23-879e-fc054d4f4d74,1,1.000,spor,spor,1.36,0,0,0
c1357f75-ec1b-4318-927b-f4ba963636cf,1,1.000,sinema,teknoloji,2.57,0,0,0
c1377397-2fbe-4ef2-bc30-e9c70431b5fe,1,1.000,bilim,bilim,2.14,0,0,0
c144b0dd-afa4-4a52-b01b-1c5a635b9fa0,1,1.000,bilim,bilim,1.99,0,0,0
c1545673-877c-413d-a51a-58facadce18e,1,1.000,cografya,cografya,2.11,0,0,0
c151acb9-bda8-40ba-983c-dda14fd73d0d,1,1.000,cografya,tarih,3.45,0,0,0
c1593c7f-cd12-4d77-8135-a3cf04b086b1,1,1.000,tarih,tarih,2.98,0,0,0
c15a7eb4-3fa9-42e2-b894-75dff8c973b1,1,1.000,teknoloji,teknoloji,2.18,0,0,0
c1609a1f-f114-4f09-89d1-0e07c73fd51e,1,0.690,edebiyat,edebiyat,3.29,0,0,0
c1828904-6df5-4f15-902e-73578bdcb70c,1,1.000,cografya,cografya,1.75,0,0,0
c19fcebe-5943-49f0-908a-8a2b3138f7ed,1,1.000,spor,spor,1.80,0,0,0
c1a395ef-e455-4887-a1b8-e13316cf5c87,1,1.000,edebiyat,edebiyat,2.54,0,0,0
c1abd35c-a212-43e9-8898-8fd8c2a65427,1,1.000,edebiyat,edebiyat,2.06,0,0,0
c1ab2dbf-c41d-4276-9c85-a72f07623a38,0,0.380,cografya,cografya,2.99,0,0,0
c1acec53-8d1c-48d5-8628-8f5a57ab6cc6,1,1.000,sinema,sinema,2.14,0,0,0
c1ad388f-aef1-4f39-bfa1-7f619c322fc9,1,1.000,cografya,cografya,2.01,0,0,0
c1b697d8-7f38-402b-a471-d9bde1a984d0,1,1.000,genel_kultur,bilim,1.85,0,0,0
c1c688fe-73cd-4735-bacb-498d56627078,1,1.000,spor,spor,3.22,0,0,0
c1bc10c1-a74d-4289-b086-e6ada65e7cbc,1,1.000,cografya,cografya,1.75,0,0,0
c1cdef73-eaa9-4b49-8e93-fedfe909b268,1,1.000,bilim,bilim,1.82,0,0,0
c1d6f4cf-c8bc-4476-9599-8aa4a3dfa6c4,1,1.000,tarih,tarih,2.02,0,0,0
c1d74827-a7d2-4855-9d19-724da9306a55,1,1.000,tarih,tarih,1.65,0,0,0
c1e2c5c1-d529-4ab2-babd-cc7167b1f311,1,1.000,edebiyat,edebiyat,2.60,0,0,0
c1ea78c6-2a9b-467c-9f1e-907df2a9c75c,1,1.000,spor,spor,2.29,0,0,0
c1f016d7-7b32-411d-94aa-75aa4d28a335,1,0.980,spor,spor,1.94,0,0,0
c1f1cbfa-b3eb-4835-a9c1-8276eb16ad14,1,1.000,teknoloji,teknoloji,4.10,0,0,0
c1f0c411-079b-4f3e-9d6a-bddd5e416363,1,1.000,bilim,bilim,1.89,0,0,0
c1fee09c-0ed6-4d2c-8d7b-a337ae72908c,1,1.000,tarih,tarih,2.79,0,0,0
c20a068f-86b0-413e-a7f8-a8c081e3a6fb,1,1.000,tarih,tarih,1.87,0,0,0
c2113d8e-e8e8-48ac-955c-eb6472ef82f8,1,1.000,cografya,cografya,1.80,0,0,0
c213bc5c-a823-40ec-90b4-27446c25bdfc,1,1.000,tarih,tarih,2.07,0,0,0
c22eaaf9-0155-48f1-a6f2-9be9c56c2fee,1,0.970,sinema,sinema,3.59,0,0,0
c23c3681-831a-443e-b64f-3b60c79b4775,1,0.970,sinema,sinema,2.87,0,0,0
c2445d67-c87d-4670-8fc7-e05b51de2cbe,1,1.000,edebiyat,edebiyat,3.30,0,0,0
c24fb078-a029-40c6-b359-b0bfab629550,1,1.000,muzik,muzik,2.93,0,0,0
c269c17a-cc8e-4913-b02e-2271b3f9165f,1,0.840,cografya,cografya,3.14,0,0,0
c27175f5-8023-47f0-97c9-90e1a4111ea0,1,1.000,tarih,sanat,3.09,0,0,0
c291dc14-681c-4596-8321-365a580af134,1,1.000,muzik,muzik,1.76,0,0,0
c2928af7-70f7-4c18-b1cc-fc7547bb227b,1,1.000,cografya,cografya,2.34,0,0,0
c2959f3a-0617-4d42-b5f7-77fc2f5fe217,1,0.990,sanat,muzik,2.39,0,0,0
c29993cf-b974-482c-a5eb-9908d8f0f7ef,1,1.000,sanat,sanat,2.13,0,0,0
c29f755a-a003-4939-8478-dec1bc92e347,1,1.000,muzik,muzik,2.65,0,0,0
c2a86d50-b207-422a-91dd-1f1ebe4f83e0,1,1.000,teknoloji,teknoloji,1.91,0,0,0
c2aafc45-edcd-4964-a386-95e357c5f0de,1,1.000,cografya,cografya,2.07,0,0,0
c2afb294-69fa-4f33-a57c-40956e20c3ab,1,1.000,sanat,sanat,1.69,0,0,0
c2b71c10-a6bc-4504-933a-c2732b9c93e9,1,1.000,spor,spor,2.27,0,0,0
c2d09587-6957-48a2-8bee-8dc98ba26414,1,1.000,sinema,sinema,2.08,0,0,0
c2d411de-aac7-4d7d-bfbc-dd6ba2340774,1,1.000,muzik,muzik,2.15,0,0,0
c2e66905-c94d-497d-a038-10172c3b996b,1,1.000,teknoloji,teknoloji,1.49,0,0,0
c2eb31ad-7ed8-459a-9a61-be8a8b2eff19,1,1.000,teknoloji,teknoloji,4.08,0,0,0
c2ee5246-ec02-420e-bc92-6928cd02dcc0,1,0.930,cografya,cografya,2.15,0,0,0
c2f5a44e-0cde-4921-8251-4ef38648b376,1,1.000,sinema,sinema,2.30,0,0,0
c2f8621e-4334-45d1-b83a-cc6b6c517370,1,1.000,cografya,cografya,2.99,0,0,0
c304b82e-1c06-46d6-a6ca-0e590a8d7df8,1,1.000,genel_kultur,genel_kultur,1.00,0,0,0
c31852ff-48f1-4750-a3e3-b7ae24efeb6b,1,1.000,teknoloji,teknoloji,1.97,0,0,0
c31f433a-b190-4f90-a219-65335df29905,1,1.000,tarih,tarih,2.08,0,0,0
c2e3fe82-d4d7-4e28-b776-44bf08bcd12a,1,1.000,sinema,sinema,4.02,0,0,0
c3214e83-4eae-4726-b2d3-8b4c14e5e956,1,1.000,teknoloji,teknoloji,2.09,0,0,0
c325a8fd-da81-4080-9d11-dbf061b8a5e4,0,0.710,tarih,tarih,2.96,0,1,0
c336c021-d4a0-42df-b1f8-2bbeccde575c,1,1.000,genel_kultur,genel_kultur,2.14,0,0,0
c350d643-fd44-461c-b283-42934136b46f,1,0.980,spor,spor,3.43,0,0,0
c35c36f7-e69c-467e-adff-6973f3a0ae71,1,0.910,tarih,tarih,2.07,0,0,0
c3616317-fca2-40a6-bb9d-7cbaa4522788,1,1.000,genel_kultur,bilim,1.01,0,0,0
c36d273c-aa13-4ceb-8e35-e2ef8ccd0840,1,1.000,genel_kultur,genel_kultur,1.47,0,0,0
c3775c53-9102-4627-8e2b-0cc706bb0211,1,1.000,genel_kultur,bilim,1.56,0,0,0
c377a240-b6d3-44ca-9a23-093fb48b92e5,1,1.000,bilim,bilim,2.56,0,0,0
c378e333-41d1-4204-abf6-79b8c4bfc0e6,1,1.000,cografya,cografya,2.53,0,0,0
c37cdb95-314d-4e8f-8e95-aeb5f7bb8054,1,1.000,cografya,cografya,2.74,0,0,0
c378f01a-60e1-45f4-9e90-f5a45b6795af,1,1.000,cografya,cografya,2.71,0,0,0
c3834688-d086-46e3-868f-8a5f143f6d5e,1,1.000,tarih,tarih,2.18,0,0,0
c37f434e-6644-49d5-9711-c80155ca37ed,1,1.000,sanat,sanat,2.74,0,0,0
c38f95ff-d9a9-4dee-8696-116be0c62bf8,1,1.000,bilim,bilim,1.83,0,0,0
c39aa56a-620b-45c6-b5dd-280e48a26fd5,1,1.000,spor,spor,2.81,0,0,0
c39b16bf-b99b-4e83-bbd2-6463d248a11c,1,1.000,tarih,tarih,2.09,0,0,0
c3c4b8f6-6250-4d67-a3db-98be96b43cd1,1,1.000,teknoloji,teknoloji,3.31,0,0,0
c3ad194d-b88c-43b1-9d10-337c6254f966,1,1.000,cografya,cografya,2.52,0,0,0
c3c58504-4d46-449e-996b-b85870fd2d7e,1,0.990,cografya,cografya,2.43,0,0,0
c3cd6a01-09e8-40dc-bb1a-c3bb28cdc8e5,1,1.000,teknoloji,teknoloji,4.12,0,0,0
c3dd87fe-5023-406f-b531-67c2273405d0,1,1.000,tarih,tarih,2.08,0,0,0
c3edfc6c-e720-4127-9dca-2cb5bb38ba1c,0,0.520,sinema,sinema,2.92,0,0,0
c3f3e424-88e1-4898-ace2-57b58e6cef23,1,1.000,bilim,bilim,1.88,0,0,0
c3f9e158-c2f3-446e-a938-e4b6703d1258,1,0.990,genel_kultur,bilim,1.73,0,0,0
c40b30f0-bcd6-4c56-b8da-b594c3208939,1,1.000,sinema,cografya,1.33,0,0,0
c41f5a7c-22bb-43e8-b712-5df37cf96606,1,1.000,bilim,bilim,2.40,0,0,0
c421966b-90e5-442a-bd41-b514036e7f60,1,0.970,genel_kultur,bilim,2.25,0,0,0
c4282701-ae2d-4a6b-ada0-3d2bea221e3f,1,1.000,genel_kultur,genel_kultur,2.80,0,0,0
c4295fd2-d948-4c35-853e-9572125fb7cd,1,1.000,sanat,genel_kultur,1.78,0,0,0
c42d8ec2-3d54-453a-ab30-6ecc119a05d2,1,0.990,muzik,muzik,3.81,0,0,0
c434d683-0a4a-43d6-b1ad-f18ed8571990,1,1.000,cografya,cografya,1.85,0,0,0
c43b2593-8e32-41a2-a0e3-68b4202eb466,1,1.000,muzik,muzik,3.49,0,0,0
c46be5c2-8539-4c49-9af5-13e2cf6b2f29,1,1.000,genel_kultur,tarih,3.49,0,0,0
c464c440-38a3-4a92-a7f8-cf91b192cf08,1,1.000,cografya,cografya,1.61,0,0,0
c47e99e0-1417-4470-a4e0-ae16e543a9e7,1,1.000,edebiyat,edebiyat,3.22,0,0,0
c4876fa1-73e4-45e7-beb0-8e94a644b080,1,1.000,teknoloji,teknoloji,2.40,0,0,0
c48c831c-0420-49b3-9dc8-8039eca3ef82,1,1.000,genel_kultur,cografya,1.92,0,0,0
c49f9602-473e-4384-b11c-f759358a99b6,1,1.000,spor,spor,2.15,0,0,0
c496974e-9ada-48ee-ab58-d137f337ba09,1,1.000,cografya,cografya,3.03,0,0,0
c4a6c7ef-e502-49a6-b1f2-8ca7eabd56de,1,1.000,bilim,bilim,2.13,0,0,0
c4a95033-2b07-4a46-9f14-2a7f82060dba,1,1.000,cografya,cografya,1.86,0,0,0
c4b0044e-b6c2-4ecd-9688-2cc982b8061f,1,1.000,sinema,sinema,3.57,0,0,0
c4c41c7b-194d-4194-b7a9-a0b1b9807542,1,1.000,sanat,sanat,3.08,0,0,0
c4c76789-447d-4760-8584-f4bf5125a741,1,1.000,bilim,bilim,1.93,0,0,0
c4cc09ce-3268-4365-b9d1-92395766c382,1,0.980,cografya,cografya,2.33,0,0,0
c4faae2a-32b7-4827-9702-f4b9ad1a59e0,1,1.000,teknoloji,teknoloji,3.71,0,0,0
c4cc3c36-0e11-423a-820d-62d25bed817a,1,1.000,tarih,tarih,2.67,0,0,0
c4fe1621-967f-4084-9c6f-f5a419b130b5,1,1.000,genel_kultur,bilim,1.97,0,0,0
c500505d-3d7e-44a7-bd88-3f9537044ffe,1,1.000,cografya,cografya,1.92,0,0,0
c50adc0c-4698-4804-ad4f-f65d04c407f1,1,1.000,teknoloji,teknoloji,3.27,0,0,0
c50d5879-c298-41b2-9706-ce7c64bbda80,1,0.180,edebiyat,edebiyat,3.60,0,0,0
c519fc25-b087-4f3b-9b89-cd8fde0b2f89,1,0.540,muzik,muzik,3.06,0,0,0
c51f0c8f-95c7-4d26-8f45-27768dad45c8,1,0.970,sanat,sinema,2.84,0,0,0
c53093f9-8556-47b7-8dad-2affe3a62b75,1,1.000,edebiyat,edebiyat,2.62,0,0,0
c544d840-af7d-4f6b-bfe2-feda061c1ca7,1,0.990,genel_kultur,tarih,2.46,0,0,0
c5445672-537b-45a2-9613-31edbbe9a2eb,1,1.000,teknoloji,teknoloji,3.42,0,0,0
c5581b98-6f51-42a1-80ce-8aceb13c6262,1,1.000,cografya,genel_kultur,2.03,0,0,0
c56a7cc9-b680-4364-a2d5-b4133ff37f6b,1,1.000,teknoloji,teknoloji,3.99,0,0,0
c571e93d-586f-44c8-958d-835349f7e971,1,1.000,cografya,cografya,2.56,0,0,0
c579121f-1469-4dfa-a5a3-75d392ef4624,1,1.000,teknoloji,teknoloji,3.68,0,0,0
c579dc24-d187-42a8-98f7-074fbed8fa46,1,1.000,cografya,bilim,2.82,0,0,0
c586b24c-3f8f-42c7-9c40-dde02119700a,1,0.940,cografya,cografya,3.12,0,0,0
c5872476-f224-4a33-bc84-405bc8ae6b8a,1,1.000,cografya,cografya,2.13,0,0,0
c58d4f72-646f-4726-beda-0fe8de3128b7,1,0.980,sanat,sanat,2.10,0,0,0
c58e4d71-ff5a-448b-add3-5fc38f720e23,1,1.000,sanat,sanat,2.03,0,0,0
c591e127-0a79-4804-b1d2-d48ebd38388b,1,1.000,spor,spor,1.95,0,0,0
c5972b31-383b-4e12-8e4f-d50b2d8ab76d,1,0.980,muzik,muzik,1.96,0,0,0
c5a124ec-2f3b-4123-b866-79b24b0414a5,1,1.000,bilim,bilim,2.08,0,0,0
c5a8566f-6f58-4151-88cb-ebfbb0cc5d44,0,0.780,cografya,cografya,3.05,0,0,0
c5c282f4-dc7d-4f0d-8e7f-0f473200defb,1,1.000,sanat,bilim,2.90,0,0,0
c5b756b8-8a70-4562-ab80-c53462b140b1,1,1.000,cografya,cografya,2.81,0,0,0
c5c5d643-6bc0-4a6c-be98-474e5f01f14c,1,0.970,cografya,cografya,2.06,0,0,0
c5d18370-1c4d-4a58-a9f2-b6f89d72d9f7,1,1.000,bilim,bilim,2.33,0,0,0
c6071fb0-a2c7-487e-a6c7-88864f9d09e8,1,0.960,sanat,sanat,3.80,0,0,0
c60adb1f-71ec-428d-8597-02320cac6396,1,1.000,tarih,tarih,1.91,0,0,0
c60ca5e6-9738-47a6-991e-7ab9d1b4f1f2,1,1.000,cografya,cografya,2.32,0,0,0
c60f47a6-e681-4bb2-959b-7ab2a97f15e2,1,1.000,teknoloji,teknoloji,3.92,0,0,0
c61ce1e8-3769-4021-a93a-f1a48c7cba39,1,1.000,genel_kultur,genel_kultur,1.51,0,0,0
c61e2509-b7f8-44ed-baad-0dddcf1ea45c,1,1.000,teknoloji,teknoloji,3.57,0,0,0
c62cff73-976b-4c75-8f4c-e06554a232e0,1,1.000,genel_kultur,bilim,3.01,0,0,0
c62d0f84-94ec-4df0-9313-2b08f7c956a8,1,0.680,cografya,tarih,2.91,0,0,0
c63519ae-e3c6-4995-98f9-3338ec81dee6,1,1.000,sinema,teknoloji,2.12,0,0,0
c6440598-77ca-4980-bdb5-7499c5d1f27c,1,1.000,bilim,teknoloji,2.04,0,0,0
c6461aff-1b5c-4e3b-ae7c-b569a528e8c2,1,1.000,sinema,sinema,4.01,0,0,0
c653f0a9-bcfc-4655-a336-7f0578d923a8,1,1.000,genel_kultur,bilim,1.70,0,0,0
c65523cb-8dac-495a-8d57-3fe2184b075f,1,1.000,muzik,muzik,1.73,0,0,0
c6572a6d-aca0-4976-ac9d-f7bb40c87c5d,1,1.000,bilim,bilim,1.99,0,0,0
c668b956-c9c8-4dca-a451-93fc5103cabb,1,1.000,genel_kultur,bilim,1.99,0,0,0
c66ad149-95ae-43c1-a8a9-9d4fc3881b00,1,0.970,cografya,tarih,3.03,0,0,0
c66e19ee-37d2-46b6-83bf-28e16f7b50b7,1,0.940,sanat,sanat,3.08,0,0,0
c68db666-f88f-4bae-973d-a3c5e261fbc9,1,1.000,cografya,cografya,2.20,0,0,0
c6a75e41-9f7a-4b0a-8e6d-b99a92f6ee45,1,1.000,genel_kultur,bilim,1.85,0,0,0
c698391b-daba-4d1c-bc88-d8ef54b180ec,1,1.000,muzik,muzik,2.06,0,0,0
c6a823ac-5a3d-43e6-9ee8-1bc1d375bcbe,1,0.980,tarih,tarih,2.66,0,0,1
c6b3b933-b615-4c09-99c5-78c106831785,1,1.000,genel_kultur,genel_kultur,2.58,0,0,0
c6ae5f79-cc6e-4f00-ba5f-c87642e4da99,1,1.000,sanat,sanat,3.68,0,0,0
c6b9fcda-2636-4f12-80e4-40e35dbc228a,1,1.000,sinema,sinema,2.97,0,0,0
c6bb4866-ffd6-41fb-bbf0-7ba96ac86d16,1,0.970,edebiyat,genel_kultur,2.69,0,0,0
c6c09e0d-c55c-45c8-90d8-069354d79a60,1,1.000,cografya,cografya,2.40,1,0,0
c6c468ed-d5ba-4d4d-a451-6c850555de93,1,1.000,spor,spor,2.30,0,0,0
c6c2c173-d031-4d5b-9bd2-a0a0e38dbbfc,1,1.000,bilim,bilim,3.13,0,0,0
c6cbf82e-1b14-4021-b8a7-32f6b03e3a81,1,1.000,tarih,tarih,2.20,0,0,0
c6d014bf-d9cf-4945-972a-b4307b628169,1,1.000,cografya,cografya,2.15,0,0,0
c6df9e3a-d709-470b-8895-a844b3050e5d,1,1.000,edebiyat,edebiyat,3.68,0,0,0
c6fffcd0-1123-4d2c-8cc9-5891067c3885,1,1.000,spor,spor,3.20,0,0,0
c6e0574a-e3a6-4374-8368-e2b50975da16,1,1.000,cografya,genel_kultur,2.16,0,0,0
c712e199-2e5e-4d11-8060-133f8e99bee5,1,1.000,cografya,bilim,2.07,0,0,0
c7135ce3-d7fa-4224-a778-a9ebed57020f,1,1.000,muzik,muzik,3.41,0,0,0
c7156bee-7eff-4467-8cb0-01f7c67a57ac,1,1.000,sinema,sinema,3.63,0,0,0
c71e1577-ee58-4288-a613-68258a321178,1,1.000,sinema,sinema,3.42,0,0,0
c72fec4e-6136-4f01-b40a-407ddde1b6a2,1,1.000,spor,spor,2.65,0,0,0
c73e3658-17ae-46ed-96f6-15984c12f041,1,1.000,bilim,bilim,2.24,0,0,0
c7471777-bcd1-4e41-9a6a-c630e9e5f4de,1,1.000,bilim,bilim,1.94,0,0,0
c75de1a7-747d-43bd-85f8-0e0d363d7630,1,0.990,tarih,tarih,2.74,0,0,0
c76190e8-f42f-4fa3-bc23-aa362f6bea6b,1,1.000,teknoloji,teknoloji,3.53,0,0,0
c762c0e8-62ee-477e-8d37-79580804600c,1,0.810,tarih,tarih,2.88,0,0,0
c77f2c07-cbd5-4447-a0fc-ef1c675ca4f2,1,1.000,teknoloji,teknoloji,3.63,0,0,0
c79e4662-b05c-404d-9096-22deb808cbf3,1,1.000,tarih,tarih,2.54,0,0,0
c71e42f4-10d8-4750-9eb0-504e5e8807b8,0,0.180,edebiyat,edebiyat,2.94,0,0,0
c7ac24b2-1ec0-45fc-a4c8-3d172dcf3192,1,1.000,bilim,bilim,2.31,0,0,0
c7af4960-e6a0-4a4d-ba96-23ae69e2c8a7,1,1.000,muzik,muzik,2.79,0,0,0
c7b75a5e-ef6c-42cd-babc-2c2ec0bc77a4,1,1.000,bilim,bilim,1.92,0,0,0
c7b7f969-35c0-4e28-9a5a-a531a095d97f,1,1.000,bilim,bilim,1.96,0,0,0
c7e1be1e-3c99-46cb-9727-6939dab9772a,1,1.000,bilim,bilim,2.11,0,0,0
c7c9c7ea-2f37-43f1-a539-70945099e01f,1,0.960,spor,spor,3.50,0,0,0
c8104022-5da6-465a-91c1-e9dda644aa33,1,1.000,cografya,cografya,2.65,0,0,0
c7ed4626-5945-4172-b3bd-de3a9696b7f7,1,1.000,teknoloji,teknoloji,2.41,0,0,0
c7ec5df4-41c8-4273-879b-44d4032c48d2,1,1.000,bilim,bilim,1.43,0,0,0
c81da4d9-27da-4c55-bd47-2418003ebd55,1,1.000,teknoloji,teknoloji,2.05,0,0,0
c8251aa8-3679-4244-845d-899aa09543dc,1,0.810,cografya,cografya,3.69,0,0,0
c8373495-1756-433d-bc78-fcc1d5542f4e,1,1.000,genel_kultur,genel_kultur,1.63,0,0,0
c841f0e8-a0cf-4bb1-adf5-26668181d699,1,0.970,muzik,muzik,3.85,0,0,0
c82985aa-1e89-48d8-97f7-303b33d4b1e9,1,1.000,genel_kultur,genel_kultur,1.74,0,0,0
c8522d5e-7032-4d4b-a661-6efb26ecdf2f,1,1.000,genel_kultur,genel_kultur,2.32,0,0,0
c8538692-2cbd-427e-9d2a-dea5965f4de4,1,0.990,genel_kultur,bilim,2.31,0,0,0
c85bb4ce-7558-4018-9119-b0ce9887806a,1,1.000,sanat,sanat,3.42,0,0,0
c86126b3-b38e-446e-9dd0-ad1018a9a011,1,1.000,genel_kultur,cografya,2.51,0,0,0
c85dc8f2-c912-48ee-af59-55ca8f225dfb,1,1.000,edebiyat,edebiyat,3.66,0,0,0
c864e6a9-59ed-4ffa-b4b1-a89069fccf50,1,1.000,cografya,cografya,1.55,0,0,0
c86a843e-e2ae-4eec-b168-78f6fa151f59,1,1.000,bilim,bilim,2.12,0,0,0
c876dbc6-7a21-4486-b174-427c60d11225,1,0.980,cografya,cografya,2.32,0,0,0
c88267e3-b7f8-487c-b05c-f4314b58a937,1,1.000,sanat,tarih,2.63,0,0,0
c890f2f6-e9d7-44a6-86b8-857e60b7f7c1,1,1.000,bilim,bilim,2.43,0,0,0
c89b9782-6642-4b14-b78b-15998d4c3458,1,1.000,cografya,teknoloji,2.61,0,0,0
c894f602-fe5a-4f80-beb4-db7470032476,1,1.000,genel_kultur,bilim,1.31,0,0,0
c89e1172-5016-4a3c-8942-7c6591ec5a2e,1,0.980,spor,spor,1.85,1,0,0
c8a432ec-4045-4f7b-b93f-83346f02247c,1,0.980,muzik,muzik,3.34,0,0,0
c8a87c5c-db7b-4382-8b86-1b337a359fa2,1,1.000,tarih,tarih,3.26,0,0,0
c8abd327-292c-4851-9595-a4b28c2073ff,1,0.990,sinema,sinema,2.69,0,0,0
c8ad5793-f04f-47eb-b26c-380292998d63,1,0.990,teknoloji,teknoloji,4.18,0,0,0
c8b3dd13-8ca1-440a-9bd5-e857f2886261,1,1.000,tarih,tarih,1.83,0,0,0
c90432ad-824b-4918-8d53-48a5a3b012a3,1,1.000,muzik,muzik,2.62,0,0,0
c8dd57d8-de54-4620-a8e2-c03909bfc158,1,1.000,sinema,sinema,3.15,0,0,0
c90434f8-25d2-499c-bbbb-7aaa9574234a,1,1.000,sanat,sanat,1.99,0,0,0
c913b456-fe9b-447b-a855-e68ce6121c17,1,1.000,bilim,bilim,2.02,0,0,0
c916da66-8576-456d-9a13-ecdc459224f3,1,1.000,sanat,sanat,2.94,0,0,0
c920e7ca-6f50-48f0-988b-1a084b73a5e9,1,1.000,genel_kultur,genel_kultur,2.17,0,0,0
c937bbca-f6c3-4f8d-b008-935d05df1af0,1,0.980,teknoloji,teknoloji,4.14,0,0,0
c93ff6ec-789e-4e10-93b9-a95ed3b61a98,1,1.000,teknoloji,teknoloji,2.68,0,0,0
c94201fe-696c-4191-b0be-c8c3b0670ef6,1,0.300,sinema,sinema,3.32,0,0,0
c948dc6e-4540-4ce6-8994-73ec81de5b08,1,1.000,tarih,tarih,1.93,0,0,0
c9521bea-daf6-451c-b6bd-62918cf95504,1,1.000,muzik,muzik,3.82,0,0,0
c95810a0-5aa0-4676-b631-40f039cb72c5,1,0.980,cografya,bilim,2.60,0,0,0
c95d3e6c-78f1-45e7-80ce-792cc973be5e,1,1.000,tarih,tarih,2.76,0,0,0
c96e8b2a-0842-43d4-b786-6758f3748255,1,1.000,tarih,tarih,1.88,0,0,0
c97538ff-e56c-4c19-90e3-4f7a51bfbf97,1,1.000,teknoloji,teknoloji,2.05,0,0,0
c9809a6a-aae6-4d3a-a212-3c1af7fcee97,1,1.000,teknoloji,teknoloji,3.54,0,0,0
c98c4f88-b81c-4333-abc0-1b164f0092d7,1,1.000,edebiyat,edebiyat,3.13,0,0,0
c99d2635-7adf-4422-8fea-52fb23a32078,1,0.980,cografya,cografya,1.91,0,0,0
c99b225b-4498-407a-8cdd-6f0614bf38cc,1,1.000,edebiyat,edebiyat,2.88,0,0,0
c9a981b2-d8ac-4bbb-9278-f601a0165e68,1,1.000,edebiyat,edebiyat,2.79,0,0,0
c9afdc47-4ef6-40e3-acdd-c612d6d398bc,1,1.000,cografya,cografya,2.75,0,0,0
c9b6aa75-5744-4a4e-8850-d95efbb11d3b,1,1.000,bilim,bilim,1.62,0,0,0
c9bc57a9-9c64-47f4-8f6e-8511afcfab0a,1,1.000,sinema,sinema,2.33,0,0,0
c9bb1763-1f40-4730-93b3-ac69de90b201,1,0.960,cografya,cografya,2.62,0,0,0
c9bd1351-59ef-428d-9dbb-6792deca2f9e,1,1.000,genel_kultur,spor,1.68,0,0,0
c9c25a7e-004f-4379-b19a-c87a1e5d1967,1,1.000,sinema,edebiyat,2.17,0,0,0
c9c266b8-2dfd-4b2d-8997-f0eb782545da,1,0.960,genel_kultur,bilim,2.01,0,0,0
c9cbf986-5bd2-460a-b579-5627dc85394e,1,0.820,cografya,genel_kultur,2.64,0,1,0
c9d179dd-2749-4703-90eb-0746c13965d4,1,1.000,sinema,sinema,2.48,0,0,0
c9e11404-a733-438d-89d6-affdbe71caee,1,1.000,muzik,muzik,2.51,0,0,0
c9f5a556-3699-4471-b25a-59121debf8bd,1,1.000,edebiyat,edebiyat,3.20,0,0,0
c9fb158d-4632-499c-9e7e-81aaa8c26e87,1,1.000,spor,spor,1.95,0,0,0
c9f94163-1e11-40c9-86b2-23a3434bc13a,1,0.990,tarih,tarih,2.94,0,0,0
ca066664-060e-4978-9d91-e3a5ba4c692e,1,1.000,sanat,sanat,2.29,0,0,0
ca09a0ff-727d-4e00-a809-ca349e44faa6,1,1.000,cografya,cografya,1.91,0,0,0
ca0c654c-4b32-47d0-a1a2-4994a5f7743e,1,1.000,tarih,tarih,2.52,0,0,0
ca12fd00-bf82-47ae-ac73-de7a9be6d135,1,1.000,edebiyat,edebiyat,3.05,0,0,0
ca3077fe-6019-4b8b-815a-f76cf4c9fb74,1,1.000,cografya,cografya,2.44,0,0,0
ca397d55-a340-4080-9e7b-5cccb9e2d1c8,1,1.000,teknoloji,teknoloji,3.70,0,0,0
ca4f409f-bde6-4099-bf9c-695132e44f1e,1,1.000,cografya,cografya,2.24,0,0,0
ca5b10ee-a2da-4df5-8414-dcde7fab4961,1,0.990,edebiyat,edebiyat,2.99,0,0,0
ca76149c-f529-4bff-a156-0b74c752b759,1,1.000,sinema,sinema,2.36,0,0,0
ca729cb5-0349-457e-84f0-973c41155f02,1,1.000,muzik,muzik,3.05,0,0,0
ca7b0876-8053-4294-b21c-672412959ae5,1,1.000,cografya,cografya,3.13,0,0,0
ca804124-bf1d-4e95-b98a-c0ed3c3ef871,1,1.000,genel_kultur,cografya,2.91,0,0,0
ca85694f-09f6-4281-8b27-45f67e8e9452,1,1.000,teknoloji,teknoloji,4.07,0,0,0
ca95f94d-9ebb-4aa5-95af-25b2dc71a3e3,1,1.000,teknoloji,teknoloji,2.56,0,0,0
ca88e87f-5528-4ac4-b9c1-5a353ab8b374,1,0.820,genel_kultur,genel_kultur,3.19,0,0,0
caa14fef-3a9a-45ff-b9dc-daee0e953b65,1,1.000,genel_kultur,cografya,2.75,0,0,0
caa4a744-6f2a-4772-829c-892e94263b50,1,1.000,bilim,bilim,2.71,0,0,0
caba26ce-53b2-4dd6-801c-d4d3a014dc9e,1,1.000,edebiyat,edebiyat,3.20,0,0,0
cacadf80-4f8d-44f1-8eb7-96b9efc2b956,1,1.000,muzik,muzik,2.99,0,0,0
cac476ac-478e-45bb-a20d-1d9b1f08dae0,1,1.000,bilim,bilim,1.72,0,0,0
cad4cfac-797b-4006-9d81-ac1944c859f3,1,1.000,tarih,tarih,2.99,0,0,0
caefc6d9-d96f-4b59-800d-aea9b9276443,1,0.930,sinema,sinema,3.31,0,0,0
cb007948-342d-49fb-9fb9-45db6c873101,1,1.000,sanat,sinema,2.88,0,0,0
cb137989-f731-4c2e-a8d9-d5abbb734ce5,1,1.000,muzik,muzik,3.39,0,0,0
cb1756ff-4b74-4e9f-a775-3de69ced34b6,1,1.000,genel_kultur,bilim,2.35,0,0,0
cb1b7cfa-40f1-4655-9431-ffc5ae068bad,1,1.000,teknoloji,teknoloji,3.11,0,0,0
cb21c15e-014f-44b3-8e87-f948d29fb790,1,1.000,spor,spor,3.15,0,0,0
cb21929a-9d06-4eac-9f4b-31b45918483e,1,0.970,cografya,cografya,2.38,0,0,0
cb30c773-499a-429b-86a7-d7759b21ac37,1,1.000,sinema,sinema,3.54,0,0,0
cb37da7b-4079-44b7-b5c6-fa0e21835d5a,1,0.980,cografya,cografya,1.94,0,0,0
cb44291b-8a57-4477-92e8-0a8b9ab07dd1,1,0.980,spor,spor,2.51,0,0,0
cb490c18-2327-4fc9-ad14-42280b68e2ee,1,1.000,teknoloji,teknoloji,2.67,0,0,0
cb5d5492-f748-4e30-8cc2-f5d5d2936da9,1,1.000,cografya,bilim,2.53,0,0,0
cb6656b0-276a-4a06-9f01-48025097859e,1,1.000,bilim,teknoloji,2.31,0,0,0
cb875069-ee02-4f99-b210-8d5c98634fee,1,0.040,edebiyat,edebiyat,3.00,0,0,0
cb8ed136-dc43-44ba-b32b-61a79627e5ae,1,1.000,sinema,sinema,3.72,0,0,0
cba03f9b-b67c-4694-9ec9-9043601de72d,1,0.990,edebiyat,edebiyat,2.70,0,0,0
cba17ee6-49e4-4084-872d-c89b9d924a25,1,0.990,teknoloji,teknoloji,2.35,0,0,0
cbb117d8-262a-4da2-ae0e-647a3d7f2ec8,1,1.000,bilim,teknoloji,2.09,0,0,0
cbb2f19b-c44d-45ae-9f96-a51c8faa962c,1,1.000,teknoloji,teknoloji,2.81,0,0,0
cbba1cf2-38e5-4185-a7fb-ae4ff5f7795a,1,1.000,tarih,tarih,2.26,0,0,0
cbc40760-e8ba-4636-93df-419f9aaa9a51,1,1.000,genel_kultur,genel_kultur,1.84,0,0,0
cbc614b2-01a1-4d7e-9217-885bfc99b7e8,1,1.000,teknoloji,teknoloji,2.14,0,0,0
cbd4a627-a4e2-447a-ba23-7449471c0b5f,1,1.000,tarih,tarih,1.59,0,0,0
cbe87c0e-b728-4caf-af2d-6332e3c9de79,1,1.000,genel_kultur,tarih,2.66,0,0,0
cbe49462-0ea0-4ee4-955e-b9fcf426805f,1,1.000,cografya,cografya,2.49,0,0,0
cc0dcf86-60b6-4067-8470-9a9be84a5725,1,0.970,edebiyat,edebiyat,2.85,0,0,0
cbe770e4-6f66-4464-aafe-c8a8c9118f13,1,1.000,cografya,cografya,2.45,0,0,0
cbe9cdda-e55c-447c-bb79-cd19c4f00374,1,0.980,tarih,tarih,2.60,0,0,0
cc145c68-98e7-48f0-995a-4c635bebef43,1,1.000,bilim,bilim,2.00,0,0,0
cc11949c-b765-4c0a-bb8e-0cf2a2f1a44a,1,1.000,edebiyat,edebiyat,1.57,0,0,0
cc17d456-280c-4b9d-89f2-7ea9984375c9,1,1.000,edebiyat,edebiyat,1.14,0,0,0
cc3b238a-eed0-4f8a-955a-47420ffd50e5,1,1.000,sinema,sinema,2.03,0,0,0
cc245eaa-2372-426c-b205-0c2d4692f34d,1,1.000,teknoloji,teknoloji,3.37,0,0,0
cc3fe8cf-ef9f-4575-9e0f-6388d5bedd21,1,1.000,bilim,bilim,1.80,0,0,0
cc3edfa4-bbd9-4b6b-90d1-f805fe501910,1,1.000,genel_kultur,genel_kultur,1.45,0,0,0
cc405dea-4788-4f28-9a39-6a14fc5174ba,1,1.000,teknoloji,teknoloji,3.99,0,0,0
cc63abef-bc1d-4eb1-a96f-e9467a275b96,1,1.000,genel_kultur,bilim,2.14,0,0,0
cc409e10-9290-4b1f-aca1-96f32402feac,1,0.290,sanat,sanat,3.82,0,0,0
cc63ca83-20c4-4239-9b04-666d4b7231ee,1,1.000,sinema,sinema,2.92,0,0,0
cc699cc5-c4b9-46b8-8749-5b4944aa5145,1,1.000,sinema,sinema,2.07,0,0,0
cc64e125-b981-4bf6-8e65-5b60396bf182,1,1.000,cografya,bilim,2.05,0,0,0
cc6a6dc1-a784-4758-bdbe-a05c1ac40338,1,1.000,teknoloji,teknoloji,3.76,0,0,0
cc6a6f70-fc9c-452f-9ea9-89f328454423,1,1.000,cografya,cografya,1.78,0,0,0
cc6b0f30-da42-4355-9f74-43fa46807dbe,1,1.000,cografya,genel_kultur,2.25,0,0,0
cc76fb8f-f1d9-48d9-8928-326ce7efca44,1,0.990,sinema,sinema,2.23,0,0,0
cc6bf49d-0320-44c3-893e-8393bd6bc8f6,1,1.000,bilim,bilim,2.47,0,0,0
cc7f438f-db7b-44a3-b158-f2637668c857,1,0.970,cografya,cografya,2.99,0,0,0
cc84333a-3649-4b50-8d0c-744e7df6ee9d,1,0.980,tarih,tarih,2.78,0,0,0
cc875b42-343f-452c-b964-5732cf649c44,1,1.000,teknoloji,teknoloji,2.72,0,0,0
cc8ed594-3638-4cc2-bc1d-083d3f7a7e12,1,1.000,cografya,cografya,1.71,0,0,0
cc91d286-b887-44bf-bc1d-1dcda3c3e708,1,1.000,sinema,sinema,3.12,0,0,0
cc8df4e5-659b-4fc4-b9e5-9a85f8773101,1,1.000,cografya,cografya,2.45,0,0,0
ccbb18af-b8bc-410c-a4d4-76837ad1fddc,1,1.000,cografya,cografya,1.94,0,0,0
ccea0bc6-1c36-4f3a-bcec-c81170190378,1,1.000,teknoloji,teknoloji,3.93,0,0,0
cccaec8c-a799-4454-b70d-a4eeecb4f75a,1,1.000,sinema,sinema,2.82,0,0,0
cceba823-8e44-4d17-9a9e-9ccc2fe13b49,1,1.000,teknoloji,teknoloji,3.80,0,0,0
ccf4b756-3a27-4f3b-bdb4-b9e22593ae77,1,1.000,teknoloji,teknoloji,3.36,0,0,0
cc9b4516-c96d-4676-a888-69360f4f9f1b,1,0.700,cografya,cografya,2.31,0,0,0
ccf7cc8e-7c92-4666-be5f-852ffa747243,1,1.000,sinema,sinema,2.14,0,0,0
cd0b6419-305c-4d04-acd3-22965f2177b5,1,1.000,bilim,bilim,1.99,0,0,0
ccfc18b4-7154-4cbb-bc5e-285d1181e228,1,1.000,cografya,cografya,2.28,0,0,0
cd0d6263-a100-4366-a467-b99522ba455d,1,1.000,sanat,sanat,2.53,0,0,0
cd127922-7ecc-4cfd-876f-0b1bca33196b,0,0.380,edebiyat,edebiyat,3.44,0,0,0
cd1283ca-4bff-41de-8366-d5f2dc0cb223,1,1.000,cografya,cografya,2.33,0,0,0
cd24dda6-cc9c-4679-9625-4145296607ac,1,1.000,cografya,cografya,2.37,0,0,0
cd26b51f-1c9e-4f76-8f94-54baf33329f8,1,0.340,sanat,sanat,4.00,0,0,0
cd2e7ae4-9de5-4843-a169-dff77cc0ef93,1,1.000,tarih,tarih,2.55,0,0,0
cd3649ed-0ba3-40ec-805b-ee88c04ddfe0,1,1.000,sinema,sinema,2.73,0,0,0
cd34f266-b209-4429-9d41-24ce1e42b406,0,0.120,edebiyat,edebiyat,2.45,0,1,0
cd3fbc0f-c06f-46d6-954e-1bf164f5ced3,1,1.000,tarih,tarih,3.47,0,0,0
cd43ebf9-2762-4eae-b265-30f9f775864a,1,1.000,cografya,bilim,1.98,0,0,0
cd446f9d-34c7-4bf9-8e42-1f711cb3bd49,1,1.000,teknoloji,teknoloji,3.53,0,0,0
cd466899-82b2-4695-9626-03749342b9ba,1,0.620,bilim,bilim,2.02,0,0,0
cd50bd77-7bc5-4283-ba84-0cc43d554618,1,1.000,cografya,bilim,2.23,0,0,0
cd58ca60-ef63-4f3d-8fce-36a407d19035,1,1.000,cografya,cografya,2.25,0,0,0
cd593edd-d0ae-4870-8a97-595d0782ba95,1,1.000,edebiyat,edebiyat,1.63,0,0,0
cd5a40ab-cefd-489d-a9cd-74dbf35135db,1,1.000,bilim,bilim,2.17,0,0,0
cd655c63-da8e-49e5-bf3c-ffd050b3f825,1,0.990,cografya,cografya,2.99,0,0,0
cd92b840-bf51-49c2-9507-f660e22c762d,1,1.000,cografya,cografya,2.96,0,0,0
cd8d319f-4f58-4746-8be8-196a3723ff2b,1,1.000,teknoloji,teknoloji,2.05,0,0,0
cd8f3354-9265-4888-bcb4-517ca420cf48,1,1.000,sanat,sanat,3.09,0,0,0
cd9373ae-bfeb-47b5-8ed8-e141478614fc,0,0.500,muzik,muzik,3.77,0,0,0
cd97ac21-d7e2-4c30-81eb-1cd8f4beabc9,1,1.000,teknoloji,teknoloji,2.36,0,0,0
cd982d19-b527-467a-9e43-52623c24b02a,1,1.000,cografya,cografya,2.24,0,0,0
cd9cfae5-e9e1-43cc-b33e-24f60e6450c6,1,0.980,sanat,genel_kultur,3.09,0,0,0
cd9da935-b379-4db3-a21f-566b7fe3ddef,1,1.000,sanat,sanat,2.00,0,0,0
cdbf7d15-857a-404c-b850-2ec47df8707b,1,1.000,tarih,tarih,2.55,0,0,0
cdc650ad-6433-40b9-bc89-83bb27082faa,1,0.820,sinema,sinema,3.57,0,0,0
cdcac219-6977-4f00-acd1-2bcfd9275f07,1,1.000,genel_kultur,genel_kultur,1.81,0,0,0
cdb81952-7ea7-4df9-ad39-64a4b9719945,1,1.000,sanat,muzik,3.12,0,0,0
cdce2d0f-1522-4af8-8ba4-cd36abf1ab4e,1,1.000,cografya,cografya,2.68,0,0,0
cdd6e995-a985-4bc6-bcea-5c92c7c304c6,1,1.000,edebiyat,edebiyat,1.92,0,0,0
cdd9ac3b-1901-4799-9175-3c5eaafa4720,1,0.710,tarih,tarih,2.37,0,0,0
ce0504af-280b-4795-81a1-a609c44a5233,1,1.000,sanat,sanat,2.11,0,0,0
cdf34e10-956b-4c02-9928-b67a5ea185ea,1,1.000,cografya,cografya,1.71,0,0,0
ce0f611a-9a40-4971-9eb4-5586dd02238a,1,1.000,bilim,bilim,1.92,0,0,0
ce17925a-bab3-40e1-b122-e14c470b5b09,1,0.260,tarih,tarih,3.70,0,0,0
ce4757b9-1460-49e0-b040-60f47241eb47,1,0.970,teknoloji,teknoloji,3.96,0,0,0
ce3b342d-c65d-4d95-a324-5a41f020cc80,1,1.000,bilim,bilim,2.10,0,0,0
ce4db110-2fa1-4fd0-8666-37aab1de445e,1,1.000,cografya,bilim,2.35,0,0,0
ce509665-cdfc-4cfc-bdbb-5a9e7cb11413,1,1.000,cografya,cografya,1.99,0,0,0
ce610623-193a-4aaf-ae05-30da328d7ed0,1,1.000,cografya,cografya,2.29,0,0,0
ce865cc5-ce9f-48bb-862a-5b2556a7095c,1,1.000,genel_kultur,spor,1.20,0,0,0
ce932851-7e53-42e6-96b8-632b2f5418db,1,1.000,muzik,muzik,1.07,0,0,0
ce3cc70b-8c56-4b46-a5f3-946610b4aeab,1,1.000,tarih,tarih,1.90,0,0,0
ce9798fc-d5d8-407f-8118-2e4d72742d8f,1,1.000,edebiyat,edebiyat,3.04,0,0,0
ce99e1ac-844c-4f1d-bbc8-609dd5f3aacc,1,0.990,bilim,bilim,3.77,0,0,0
cea5e0ed-3aa4-40db-b705-0d129565c34c,1,1.000,tarih,tarih,1.94,0,0,0
cea5d847-8b41-45ff-99f1-607300392d3a,1,1.000,sinema,sinema,2.48,0,0,0
cea93da4-407a-4fcb-9f56-1c3ac645361c,1,1.000,muzik,muzik,2.85,0,0,0
ceb1365e-d461-42b8-9f7d-a8c24bd8159f,1,1.000,sanat,sanat,3.39,0,0,0
ceb85084-c9a8-47f4-ab2b-45a7fc9c81ab,1,1.000,teknoloji,teknoloji,2.48,0,0,0
ceb720e3-82a7-40c7-a9cb-a83745ebcd1d,1,0.990,cografya,bilim,1.98,0,0,0
cec10f4a-a4fd-4e04-8e57-8a840b52c7a9,1,1.000,cografya,cografya,2.24,0,0,0
ced08f58-1445-4e0c-b831-f6ce4bf33ce1,1,0.990,genel_kultur,tarih,3.26,0,0,0
cedeff96-9c0e-42ba-9ce0-9d5ac45cd7a4,1,1.000,muzik,muzik,2.45,0,0,0
cee2773c-1eec-441c-9476-60a56a40fe9e,1,1.000,bilim,bilim,2.02,0,0,0
ced67baf-7fd8-4ee1-a94a-f57d30e1242b,1,1.000,genel_kultur,bilim,1.79,0,0,0
cef0f86a-ea4f-4248-ace2-ab13df35f1d8,1,1.000,bilim,teknoloji,1.77,0,0,0
cef26b8e-7a17-4ac8-9154-8040d25535fd,1,1.000,genel_kultur,tarih,2.19,0,0,0
cef6416c-1b01-4d5a-9a19-41d4ff3f4c4d,1,0.630,sinema,bilim,3.08,0,0,0
cf3ddcc4-d964-445d-8fa6-ca2da129d37c,1,0.500,cografya,cografya,3.15,0,0,0
cf118e22-7e9c-4c83-a677-38d3adc357bd,1,1.000,cografya,cografya,1.59,0,0,0
cf30ccec-f2b3-4d68-af12-eeaf794756dc,1,1.000,sanat,sanat,3.07,0,0,0
cf3ad4e4-15f9-4041-8cdb-92c235dd9047,1,1.000,cografya,genel_kultur,2.33,0,0,0
cf440097-4e45-4b3a-8f09-684d915c641a,1,1.000,genel_kultur,bilim,1.01,0,0,0
cf59118a-339d-4401-97a5-f33662053219,1,1.000,muzik,muzik,2.49,0,0,0
cf48bde9-b7d8-494f-905c-821ea8635e02,1,0.420,muzik,muzik,2.34,0,0,0
cf6176ae-05da-403f-a476-b7376afdb17f,1,1.000,muzik,muzik,3.18,0,0,0
cf71352b-4b01-4e17-bced-bc5b698c0821,1,1.000,cografya,cografya,3.55,0,0,0
cf78fab6-494c-4284-9285-139b76fbe30f,1,0.580,edebiyat,edebiyat,3.32,0,0,0
cf83eba8-044f-4384-af02-1b95ecb6a5cc,1,1.000,cografya,cografya,1.87,0,0,0
cf8bf151-724a-4047-90c9-f47d0ddcf86e,1,0.990,edebiyat,genel_kultur,1.50,0,0,0
cf844256-3d0c-42ac-8587-4972575eb0d5,1,1.000,cografya,bilim,2.50,0,0,0
cf9065b2-9506-4b9e-8a0e-7cf156918aab,0,0.100,cografya,cografya,3.52,0,0,0
cf917c8b-4c33-4b2e-b788-c69aa3ebb34a,1,1.000,tarih,tarih,1.91,0,0,0
cf90d791-0a29-4aff-a117-06760b1c956f,1,1.000,sanat,sanat,1.41,0,0,0
cf91b22a-033f-4f00-9d72-9d7eb5275099,1,1.000,genel_kultur,genel_kultur,1.57,0,0,0
cf97bc69-5bf0-4da9-991a-4d5e2a28151c,1,1.000,edebiyat,edebiyat,2.06,0,0,0
cfa08f29-ebd7-42ad-80a4-3fe94390c37e,1,1.000,edebiyat,edebiyat,2.63,0,0,0
cfa1277a-2f65-442d-b0c4-8052fbd77cbc,1,1.000,tarih,tarih,2.56,0,0,0
cfb7e5c0-9536-4fdf-be74-7d415085143d,1,1.000,teknoloji,teknoloji,4.17,0,0,0
cfc9dfcd-2d29-4619-bab6-d5731b2eac78,1,1.000,genel_kultur,bilim,1.86,0,0,0
cfbc8357-035a-4e36-ab6d-7e185cb3907a,1,1.000,muzik,muzik,2.05,0,0,0
cfca4183-a925-4638-a85e-6a4e7f42b6cb,1,1.000,sinema,sinema,3.32,0,0,0
cfcd31c2-d016-424f-abd3-96f47c24c560,1,0.990,cografya,cografya,2.68,0,0,0
cfe02222-244d-4ef2-a73b-1bca0d1b351d,1,1.000,tarih,tarih,2.29,0,0,0
cfce80b2-68b5-47e9-ac0b-6c83efb6b482,1,1.000,bilim,bilim,1.96,0,0,0
cffb3039-750f-41e1-8c50-a12d30ce80c8,1,0.900,muzik,muzik,2.23,0,0,0
d0018dd5-7f0e-4fbf-982e-6496196a479b,1,1.000,sanat,cografya,2.91,0,0,0
d0035eec-1d85-465b-bb2a-c6ae8dbe814a,1,0.980,tarih,tarih,2.40,0,0,0
d00b97cb-662b-4e41-957a-857826279ee3,1,1.000,cografya,bilim,2.22,0,0,0
d0142523-6c2c-413b-8739-dba0976ecc19,1,1.000,genel_kultur,genel_kultur,1.08,0,0,0
d01bc8f0-04c8-4e55-9d23-47efc41d5dbd,1,1.000,bilim,bilim,2.78,0,0,0
d02bcd90-cbba-49fc-b739-9086325222cb,1,0.990,sinema,sinema,3.85,0,0,0
d034cf22-4a1f-4a99-b717-8db41c81d1d1,1,0.990,cografya,cografya,2.42,0,0,0
d03f29e8-9e27-42dd-a80d-18396258d531,1,0.860,spor,spor,2.45,0,0,0
d044e67e-237e-4bd9-a04d-a56124365fc5,1,1.000,sanat,sanat,2.25,0,0,0
d0470667-b264-45a7-8f39-72631a53d1e4,1,1.000,sanat,sanat,2.22,0,0,0
d0558e54-6ed6-4270-8f43-10c716cae140,1,1.000,sinema,sinema,3.54,0,0,0
d05f3ffd-57ef-4ff5-b649-86f050fd6717,1,1.000,genel_kultur,bilim,2.24,0,0,0
d06ce618-744a-4da5-a651-b3f6c01d2436,1,1.000,muzik,muzik,2.99,0,0,0
d061d0ef-fde8-4dc1-9fbb-5ef4c36c99ac,1,1.000,cografya,cografya,2.57,0,0,0
d0723fe9-6c8b-4a2a-9bae-6a3bfea44356,1,0.990,genel_kultur,tarih,2.71,0,0,0
d083d15e-59fa-42c1-b136-24776ddc2d03,1,1.000,sinema,sinema,3.19,0,0,0
d08368a0-3675-46e7-ad49-570ae7bca875,1,1.000,bilim,bilim,2.03,0,0,0
d0848756-0dd4-4b6b-acdc-32d33dff70dd,1,1.000,cografya,bilim,2.31,0,0,0
d08e8adb-2b34-488e-8b9a-c9776c801917,1,1.000,cografya,cografya,2.61,0,0,0
d09320e8-c295-495c-a1f2-d4c06a0d18d2,1,0.940,cografya,cografya,2.85,0,0,0
d090ef66-ff42-46df-8705-aacd465f2b88,1,1.000,muzik,muzik,1.84,0,0,0
d094d658-6339-4ebb-98de-608a45a2a1af,1,1.000,genel_kultur,bilim,1.41,0,0,0
d096d5d1-0e78-4930-abad-b7f51ccae000,1,0.990,muzik,muzik,3.05,0,0,0
d09724bb-bd8a-497e-bf1b-0270d9d67559,1,1.000,bilim,bilim,1.54,0,0,0
d0b92208-53da-4d03-a395-513db8930e84,1,1.000,cografya,cografya,2.09,0,0,0
d09b6773-dc11-4e89-a533-99da11d29278,1,1.000,cografya,cografya,1.99,0,0,0
d0c497d9-2016-4247-9fdd-69a7d5ec8c6e,1,1.000,edebiyat,edebiyat,1.93,0,0,0
d0d00b1e-e5c2-432b-9b69-4e182bc25860,1,0.770,edebiyat,edebiyat,3.53,0,0,0
d0c7f464-1273-40b6-b05a-f74bce10351c,1,1.000,sinema,sinema,3.20,0,0,0
d0da29e2-09eb-4357-9958-be634cc6399d,1,0.990,tarih,tarih,2.90,0,0,0
d0de97e0-cabe-4910-a006-97f74da644f8,1,1.000,genel_kultur,genel_kultur,1.31,0,0,0
d0e22222-8074-42fb-b927-0e6b81671f96,1,1.000,genel_kultur,genel_kultur,2.10,0,0,0
d0eeda06-7a7d-4af7-a1af-5b8ce17f5b68,1,1.000,teknoloji,teknoloji,2.23,0,0,0
d0f09b03-3153-4fdd-9fca-d52a795c4979,1,1.000,edebiyat,edebiyat,1.60,0,0,0
d0ef0ea4-033e-460f-b117-6baf274dec71,1,1.000,teknoloji,teknoloji,3.95,0,0,0
d0f66c17-5030-4333-bb11-c21d59b71912,1,1.000,tarih,tarih,2.51,0,0,0
d0fd01e9-b8fe-4d16-b891-49e91232e067,1,1.000,genel_kultur,genel_kultur,1.94,0,0,0
d0fe47bf-f37b-4c80-99dd-340cf8ba7eb2,1,1.000,sinema,sinema,2.82,0,0,0
d107b1f9-05ff-4f14-9773-3ed130716be1,1,0.990,cografya,cografya,2.22,0,0,0
d10c268e-9105-4e3f-be90-973774d36b07,1,1.000,sanat,sanat,3.19,0,0,0
d10c4bf1-c7f0-41bf-8742-c677df494319,0,0.820,tarih,tarih,3.63,0,0,0
d1166dd8-59e8-48d4-9356-095eff99cdea,1,1.000,teknoloji,teknoloji,3.20,0,0,0
d1198f0e-13e9-49c2-9166-3cc19f9c9eb2,1,1.000,sinema,sinema,1.96,0,0,0
d12a60d2-79d4-4c73-9934-41037f26d54b,1,1.000,muzik,muzik,1.45,0,0,0
d12b5bf8-ebd0-422a-933d-5b56eb79602a,1,1.000,spor,bilim,1.68,0,0,0
d12cae7c-3a4d-493f-b7aa-9e20a14b37e8,1,1.000,sinema,sinema,3.06,0,0,0
d14515e8-a673-41ab-983d-bb57dd5f74c3,1,0.940,edebiyat,edebiyat,1.96,0,0,0
d14820ad-b764-4e17-8f49-dfec84d60c5b,1,0.790,tarih,tarih,3.70,0,0,0
d15e883a-64b9-4b5a-a2ad-a8ae0e9da398,1,1.000,edebiyat,edebiyat,2.15,0,0,0
d1608a6b-0100-4ff0-9f06-9282b45dfdc9,1,1.000,tarih,tarih,2.01,0,0,0
d16b1b0e-24e2-476f-af63-f3fb96148f22,1,1.000,bilim,bilim,1.80,0,0,0
d16cbf9f-f835-474e-9247-e5a91183ae52,1,1.000,genel_kultur,bilim,1.71,0,0,0
d1751e74-5cdc-4a22-9037-0de23708b66a,1,1.000,cografya,cografya,3.07,0,0,0
d176b023-5437-4571-a22e-bfc6e4d705ba,1,1.000,tarih,tarih,1.79,0,0,0
d17e5ee8-c73f-4302-82d1-97bc855aeece,1,1.000,cografya,cografya,1.98,0,0,0
d17972ce-bd1e-4513-abf3-698e55eb99da,1,1.000,tarih,tarih,3.14,0,0,0
d180d73b-f584-41c4-8d85-38019b727727,1,1.000,bilim,bilim,2.01,0,0,0
d1946303-bf03-427c-a257-730a56dfabd7,1,1.000,tarih,tarih,2.62,0,0,0
d1a7c671-a8a9-4020-8b64-1f4b82b23726,1,0.960,teknoloji,teknoloji,2.06,0,1,0
d1ae75cf-ba9a-4e29-9ad7-b76f441c40d8,1,1.000,muzik,muzik,2.18,0,0,0
d1a4306b-f76f-4842-ab9a-1178eb887461,1,1.000,teknoloji,teknoloji,3.37,0,0,0
d1b0816c-d4a1-4a9c-9ec6-c5a63a236c00,1,0.750,spor,spor,2.76,0,0,0
d1b1a3dc-e2ee-42d9-949a-3b08f736498f,1,1.000,cografya,bilim,1.12,0,0,0
d1c3acea-2643-4962-b708-51ef5ec4e870,1,1.000,bilim,bilim,2.18,0,0,0
d1de2465-84b1-49ab-866a-fe55299b35b2,1,1.000,tarih,tarih,3.10,0,0,0
d1c3c1a1-af13-4423-9484-29b1f425c32e,1,0.950,muzik,muzik,3.49,0,0,0
d208dbd9-a8a5-48b5-9941-093364e79172,1,1.000,edebiyat,edebiyat,2.28,0,0,0
d21a469b-7f38-40e1-b2d9-f87d8e08bf9e,1,1.000,teknoloji,teknoloji,3.11,0,0,0
d231c708-aebb-4c41-9e3a-ce480540d11c,1,0.780,cografya,cografya,2.59,0,0,0
d23bcbef-4941-4c9f-b3ff-676213f6836e,1,1.000,edebiyat,edebiyat,2.49,0,0,0
d23ed043-6fb3-4b90-9339-81dd3fc67b94,1,0.620,edebiyat,edebiyat,2.69,0,0,0
d245ce5d-7966-4aeb-a42a-eb9dc8a1d0c9,1,1.000,cografya,cografya,1.94,0,0,0
d2479178-4255-4a28-a4d4-f5acbed5e4a3,1,1.000,cografya,cografya,1.94,0,0,0
d25401d5-58a0-45c3-8805-4933d85a0363,1,1.000,muzik,muzik,3.60,0,0,0
d25567ae-0809-4fef-a35a-9511f276ff40,1,0.970,genel_kultur,cografya,2.05,0,0,0
d256303b-8baa-4229-be07-3f658be15f2f,1,1.000,teknoloji,teknoloji,2.32,0,0,0
d2344bbb-f6a4-43f6-944c-d55518c70f2c,1,0.330,muzik,muzik,4.19,0,0,0
d260e833-1bc5-4e5a-a589-4cc90a4f9f85,1,0.950,edebiyat,edebiyat,2.63,0,0,0
d25fdb90-adee-4cea-8487-20279a3f10f4,1,1.000,tarih,tarih,1.76,0,0,0
d25af17e-4318-4fcb-a297-7a8a2cbc89cb,1,1.000,spor,spor,2.49,0,0,0
d2628dfe-efd9-423d-a892-1be304d4a148,1,0.990,tarih,tarih,2.33,0,0,0
d2669495-8225-4e18-b53e-a5f92a3c5d83,1,0.990,cografya,cografya,2.87,0,0,0
d264ad40-3227-40fe-b12c-6529893dd51f,1,1.000,sanat,sanat,2.44,0,0,0
d26e8b24-7c34-4f6b-8cb1-a6c6e542eec6,1,1.000,cografya,bilim,1.87,0,0,0
d2682fc2-bcb2-4697-9ac8-2df271cf8d33,1,0.480,sinema,sinema,3.69,0,0,0
d26f1c5b-7ccb-428f-9833-fb9097c0d9dd,1,1.000,muzik,muzik,3.61,0,0,0
d27d97ba-e38f-40ee-8ee7-f428f4ba9854,1,1.000,cografya,cografya,2.72,0,0,0
d288c372-fba4-4dba-8a81-0a79f5a83678,1,0.770,genel_kultur,genel_kultur,1.28,0,0,0
d29cbae3-071b-4ce6-8d07-3a7def0e3437,1,1.000,tarih,tarih,1.73,0,0,0
d2863555-8b88-431b-80e2-a1a47d3aa8f3,1,0.990,teknoloji,teknoloji,3.78,0,0,0
d2a0f824-deab-4eac-9399-05d3cfa6a3bf,1,1.000,bilim,bilim,2.08,0,0,0
d2a12914-7dec-41f8-9eb9-5d6b044311d6,1,1.000,teknoloji,teknoloji,2.19,0,0,0
d2a228cd-3c42-4b4a-a9f0-4c8f193ce477,1,1.000,tarih,tarih,1.62,0,0,0
d2a898fe-b023-4d20-bbf1-227268462c31,1,1.000,sanat,sinema,1.87,0,0,0
d2b7e5a2-7479-4b19-b8b3-7d186805b8a9,1,1.000,bilim,bilim,2.02,0,0,0
d2b9d5a8-a201-45c3-910c-7bd27d97baa3,1,1.000,bilim,bilim,1.01,0,0,0
d2bb2957-0a0c-4ed1-931c-d0844bfd7b13,1,1.000,cografya,cografya,2.10,0,0,0
d2cc5aab-7488-4c02-a02b-0591c8ab8716,1,1.000,tarih,tarih,1.59,0,0,0
d2defcf5-cf1f-4606-9f7b-ff4587482567,1,1.000,cografya,cografya,2.28,0,0,0
d2be4fcf-cef0-4ace-952d-dbaa5eb30ca3,1,0.710,bilim,teknoloji,3.00,0,0,0
d2e1d81d-28fd-4e94-a51a-0556daf76e0c,1,1.000,cografya,cografya,2.52,0,0,0
d2f7baa0-b241-4d6c-89e9-57ea87a7cc91,1,1.000,cografya,cografya,2.09,0,0,0
d2e3c40b-8bb0-4fa5-8700-8b2fd57f334b,1,1.000,teknoloji,teknoloji,3.44,0,0,0
d30268a8-9ccf-4be8-8b17-7e28aafa5a3d,1,1.000,cografya,genel_kultur,2.28,0,0,0
d305a462-8577-40a5-8ca5-26d532d3c8d0,1,0.980,genel_kultur,cografya,3.34,0,0,0
d308516e-8b58-4dcd-97ff-1bca2dd832f1,1,0.980,genel_kultur,bilim,1.44,0,0,0
d31a8c85-d7af-4afc-9fe6-2008109000fd,1,1.000,sinema,sinema,3.21,0,0,0
d322bc54-c280-47bd-a750-dbf6fe9605d3,1,1.000,edebiyat,edebiyat,2.12,0,0,0
d32df8f2-188b-45cb-aa1f-017a198e99be,1,1.000,bilim,bilim,2.20,0,0,0
d334464b-765a-4374-8063-c496eeb445e6,1,0.930,spor,spor,2.33,0,0,0
d3319942-33a4-4655-a699-6933caaafa12,1,1.000,sinema,sanat,2.66,0,0,0
d338e46b-ecb7-468a-8f9e-73c5127dfd88,1,0.960,edebiyat,edebiyat,2.17,0,0,0
d34aa977-c985-4bb7-b3f4-36adc1a49ef5,1,1.000,spor,spor,2.74,0,0,0
d3506805-4842-476f-bf41-273552bab4c8,1,1.000,tarih,tarih,1.97,0,0,0
d3506c37-07d5-4a77-b824-26ec7819dad7,1,1.000,edebiyat,edebiyat,2.99,0,0,0
d35fb1d0-2e4d-4026-805f-28a4f6d55793,1,1.000,sinema,sinema,2.31,0,0,0
d3659cdc-656f-49d1-8f1a-002abb628997,1,1.000,teknoloji,teknoloji,2.14,0,0,0
d3771462-0baf-4183-9add-1b77bccd5dbd,1,1.000,sanat,sanat,3.12,0,0,0
d378b662-3e70-4113-b967-46ca9408ab62,1,0.990,muzik,muzik,1.86,0,0,0
d37394f6-7b86-44b9-ba92-341825957491,1,1.000,sinema,sinema,1.97,0,0,0
d37bfba1-68c3-4997-a2a6-e0bde316bba0,1,0.900,muzik,muzik,3.92,0,0,0
d3836e26-68f9-4c3d-81d0-922c7e048927,1,1.000,tarih,tarih,2.55,0,0,0
d37c0c82-8d0f-47f3-af00-44edd3fb1f57,1,1.000,tarih,tarih,3.38,0,0,0
d38938dc-6aaa-468f-af31-599920184f06,0,0.630,genel_kultur,genel_kultur,2.76,0,1,0
d38e9df6-b76f-4eaa-baa9-0493bbc48cd3,1,1.000,teknoloji,teknoloji,3.01,0,0,0
d38fe4e0-d7b3-4141-affb-b7995bcdc599,1,0.300,cografya,cografya,3.69,0,0,0
d3a4325e-3f9b-4a03-8ff2-faada04e5c5a,1,0.930,edebiyat,edebiyat,2.78,0,0,0
d3b924ee-d65d-4b1f-b9a4-1932e9981a44,1,1.000,sanat,sanat,2.54,0,0,0
d3c58dd3-360e-4892-a5a5-c9faa6e74c24,1,1.000,spor,spor,3.20,0,0,0
d3c1b488-69e3-4ea6-9298-c7325c27c64f,1,1.000,bilim,bilim,1.62,0,0,0
d3d6348a-6cbc-4f72-9554-ff511f54f9c2,1,0.600,cografya,cografya,2.94,0,0,0
d3dc8ec1-f399-4b9a-80cc-6ca890debc7b,0,0.770,genel_kultur,genel_kultur,2.82,0,1,0
d3e38081-15b1-4ce3-b63c-4b681ac676b5,1,0.830,cografya,genel_kultur,2.43,0,0,0
d3e4a9a3-f5ad-4702-8e6c-d416e661bbe0,1,1.000,sinema,sinema,1.88,0,0,0
d3ee5bda-1ee0-4f4e-9503-d050f84ccad2,1,1.000,sinema,sinema,2.05,0,0,0
d3ef3ab0-cf83-45a6-a211-61e7b4c97120,1,1.000,genel_kultur,tarih,2.22,0,0,0
d3f5d812-5ec2-4cb0-89fa-64e2c3bf0991,1,1.000,muzik,muzik,3.24,0,0,0
d4110eb4-d54b-4f17-ab63-0bedf6e113f3,1,1.000,muzik,muzik,2.80,0,0,0
d3fab47f-a43e-4b06-80fa-b13e88adde9b,1,0.930,edebiyat,edebiyat,2.17,0,0,0
d417e768-d23f-42ac-807a-5de417cb4e41,1,1.000,bilim,bilim,2.00,0,0,0
d41a2ebc-6727-4dc3-85ec-976c2f4e08a2,1,0.730,genel_kultur,cografya,1.95,0,1,0
d426765b-0d92-4da7-bbf2-13eef39ec1f8,1,1.000,edebiyat,edebiyat,2.04,0,0,0
d4335dbd-6d70-4974-ae94-94e3393dff41,1,0.900,muzik,muzik,3.67,0,0,0
d42eccba-2a0b-41c9-bd49-09adbafc32cf,1,1.000,sinema,sinema,2.69,0,0,0
d44733f0-9e0e-4157-b7f5-4e810999e818,1,1.000,muzik,muzik,1.60,0,0,0
d4668b0b-65c6-441d-9ae5-b5845983198e,0,0.220,edebiyat,edebiyat,3.74,0,0,0
d4529bae-53e6-4313-b4aa-4a351d6fb6fb,1,1.000,cografya,cografya,2.69,0,0,0
d46db039-1079-434e-977e-4ffcb6853105,1,1.000,bilim,bilim,1.43,0,0,0
d466a91f-1fa0-48f2-a1bb-286c81a18623,1,0.990,genel_kultur,genel_kultur,2.05,0,0,0
d46f174d-4ad6-4111-a062-4f8d72c3b15a,1,0.140,spor,spor,2.24,0,0,0
d4829cf2-3a57-4605-a4ae-653ef03e213b,1,1.000,spor,spor,1.89,0,0,0
d482a487-fab7-4163-87f4-9bbfe6e84355,1,1.000,tarih,tarih,2.16,0,0,0
d49053e2-6515-4ad4-b729-c95a6bbab278,1,0.760,edebiyat,edebiyat,2.52,0,0,0
d4938ffe-13b1-446b-b808-5af8410793ca,1,0.920,cografya,cografya,2.54,0,0,0
d49905d2-0ab3-4f08-9241-38dd87f3b1d2,1,1.000,edebiyat,edebiyat,2.04,0,0,0
d49c5a88-ca11-464f-ade1-90d86cf2f063,1,1.000,edebiyat,genel_kultur,2.86,0,0,0
d4a67d87-2274-4e63-955d-66e3ee8e8349,1,1.000,sanat,sanat,1.67,0,0,0
d4b17825-785a-4948-a64f-5cb49f4a5d05,1,1.000,genel_kultur,genel_kultur,1.68,0,0,0
d4b8aee2-d1b0-4d23-b72d-ac2cf3dd6cec,1,1.000,tarih,tarih,2.04,0,0,0
d4ba79df-80ae-4a6d-9599-b67b7ded4e76,0,0.460,edebiyat,edebiyat,3.73,0,0,0
d4bd0a43-bf22-438b-af95-ca07739649a9,1,0.480,sinema,sinema,3.84,0,0,0
d4cc700b-3de2-4bc8-9296-94138cc0eb8d,1,0.990,cografya,cografya,1.82,0,0,0
d4cfd4d4-a5c6-40a2-97c6-3f57be731a3f,1,1.000,bilim,bilim,1.40,0,0,0
d4cffa6c-3946-48c2-bc3e-2f6d37b29f81,1,0.980,genel_kultur,tarih,2.99,0,0,0
d4de8ecf-e50d-488a-99af-a7951d6a5bf1,1,1.000,teknoloji,teknoloji,3.19,0,0,0
d4f3f3c4-6436-4ac4-ab0c-994c9d0e3aad,1,1.000,muzik,muzik,2.01,0,0,0
d4fb0ebc-4803-46b5-9f1a-2e9a8b5d6c19,1,1.000,genel_kultur,cografya,1.77,0,0,0
d4fa02bf-8250-4c60-ae04-758261ca8baa,1,1.000,cografya,cografya,1.62,0,0,0
d511e986-d19b-4c13-aae1-03a2820df694,1,0.830,sinema,bilim,3.06,0,0,0
d51ebadf-ca15-4399-a2b1-0150d17517c9,1,1.000,bilim,bilim,2.83,0,0,0
d516d777-c03c-4e7a-a1d8-08a600df3f28,1,0.700,spor,spor,2.39,0,0,0
d525e60f-376e-40b8-b961-e276ca783fc5,1,0.940,genel_kultur,genel_kultur,2.28,1,0,0
d54dc485-c5c7-4e7e-bc1c-6de7b7dc6458,1,0.390,cografya,cografya,3.03,0,0,0
d52a0872-ee79-4d52-8e20-ad679fc7d65c,1,0.760,tarih,tarih,2.62,0,0,0
d54f656f-73c9-4ff7-af1b-2c7e022a0646,1,1.000,tarih,tarih,2.04,0,0,0
d55aa133-c96f-434d-92cf-f1f8410dde12,1,0.950,genel_kultur,genel_kultur,2.15,0,0,0
d56d1113-74b3-4591-abaf-4e1ac7238182,0,0.340,spor,spor,3.28,0,1,0
d5727a0d-5852-4c9d-aa61-4bca04bca4c5,1,1.000,tarih,tarih,2.43,0,0,0
d5748e38-640e-49f6-8876-a4b5ccf5d5d5,1,1.000,teknoloji,teknoloji,2.21,0,0,0
d57cf18c-4e20-46db-935b-53429c186b55,1,1.000,genel_kultur,bilim,1.72,0,0,0
d57a8685-8a74-4758-acb6-63d530bb02b8,1,1.000,cografya,cografya,2.83,0,0,0
d58f19e5-88b0-4627-9950-de2e1c52c923,1,1.000,teknoloji,teknoloji,1.98,0,0,0
d598a9d9-e2e9-44ef-aa21-12000d9b67bd,1,0.910,sinema,sinema,3.28,0,0,0
d588092d-9d81-4395-a867-7dc185e5d415,1,1.000,bilim,bilim,1.42,0,0,0
d5a769c8-a318-43b3-a67c-82022a35ae93,1,0.880,spor,spor,2.20,0,0,0
d5a313eb-a595-4a01-82ed-e91505fc043f,0,0.290,edebiyat,edebiyat,3.32,0,0,0
d5b5f982-f470-4765-abfd-427aa8eba50f,1,0.990,sinema,sinema,2.45,0,0,0
d5b85be3-6181-4aed-bf17-ffb9d5dc76b5,1,1.000,bilim,bilim,2.02,0,0,0
d5b1a9e8-8e26-44a0-9bff-efa69d9bf78c,1,1.000,spor,bilim,2.49,0,0,0
d5bdd378-e116-4aa5-aa69-bb3dc3129aa2,1,0.950,edebiyat,edebiyat,3.23,0,0,0
d5cde986-6c78-46f3-9bd2-e7149e293ff4,1,1.000,muzik,muzik,2.34,0,0,0
d5cff7f8-9fb1-4521-8eb0-6371c3295353,1,1.000,sanat,sanat,3.30,0,0,0
d5f750ab-6a6c-455f-b026-ed3b8731b9ed,1,0.790,tarih,tarih,2.70,0,0,0
d5e6d7c7-518b-474d-a45a-b0f4beebde9e,1,0.960,edebiyat,edebiyat,3.14,0,0,0
d6014444-557c-4052-9cde-4496db982008,1,1.000,teknoloji,teknoloji,4.17,0,0,0
d616f1ea-272f-4360-b19e-26a8da45f05d,1,1.000,sinema,sinema,3.68,0,0,0
d6124a0f-1fa0-4265-afad-8bbbb96312b8,1,1.000,tarih,tarih,2.12,0,0,0
d61adcca-97db-4099-a272-c88856fd5d2e,1,1.000,bilim,bilim,2.76,0,0,0
d625c275-3040-4641-9bf3-32ef25c85229,1,0.980,sanat,sanat,3.34,0,0,0
d62cb875-384e-4df9-b392-49acf9ac5265,1,1.000,teknoloji,teknoloji,1.88,0,0,0
d63076d1-bd74-4ec8-84b9-85382e6b391c,1,1.000,sanat,sanat,2.71,0,0,0
d6311334-f665-40bb-aeb1-b8087ad7648c,1,1.000,sinema,sinema,2.11,0,0,0
d631f63e-19ed-4f58-aeae-34e1e9e81dc4,1,1.000,cografya,cografya,2.47,0,0,0
d6384d7f-4cd4-4ee3-bf4e-c80a244c0ac2,1,1.000,sanat,sanat,3.02,0,0,0
d63c4d3f-e68b-478b-90f0-c3385dfcbe80,1,1.000,sanat,sanat,3.25,0,0,0
d641f256-af9d-4a58-85df-4a1f1d7c073a,1,0.990,sinema,sinema,3.31,0,0,0
d6485039-7417-4d8e-930e-c8a128f1567e,1,1.000,sinema,sinema,2.08,0,0,0
d641ac9c-893d-45f8-a142-713e10246684,1,1.000,cografya,cografya,2.52,0,0,0
d649472e-b562-49a7-9145-023662a0e3e4,1,1.000,muzik,muzik,3.29,0,0,0
d6533a9f-c3c3-42f9-98bc-d6482d04c7ff,1,1.000,genel_kultur,genel_kultur,2.37,0,0,0
d656ce65-6318-4cd0-89c8-7e72df415d5e,1,1.000,teknoloji,teknoloji,3.14,0,0,0
d65d2564-7873-4a24-af07-4afb1dc009d1,1,1.000,cografya,cografya,2.43,0,0,0
d6724ea6-ddb3-4388-91b0-046c235cac3a,1,1.000,bilim,bilim,1.30,0,0,0
d6790471-ed56-4377-a3d1-eb2286212d4a,1,1.000,sanat,sanat,3.08,0,0,0
d679098a-b9ef-43e4-8529-23b9c4bd9bf4,1,1.000,cografya,cografya,1.44,0,0,0
d6815abb-bc20-48ca-b398-f5601761c469,1,1.000,sinema,sinema,1.65,0,0,0
d6a09bf7-c9ad-4491-802a-00e5f71aa1fe,1,1.000,teknoloji,teknoloji,2.70,0,0,0
d6bdd8d5-bb63-4c8c-98ef-e59ee9a6de7e,1,1.000,spor,spor,3.29,0,0,0
d6c3c7c9-88b4-4842-9782-4cce64795e92,1,1.000,cografya,cografya,3.39,0,0,0
d6c41702-5f04-42f3-9908-929ab1e2d4ee,1,1.000,teknoloji,teknoloji,3.50,0,0,0
d6cf2414-62d8-4fd5-bcd8-b5d14a893e2e,1,1.000,spor,spor,3.00,0,0,0
d6cdbd9d-d288-46f9-ba6e-a0a6d0524cf6,1,0.990,sanat,sinema,2.57,0,0,0
d6e4e5d2-43fd-42b1-b200-18516d5e3b30,1,1.000,sanat,sanat,3.72,0,0,0
d6f95a64-e267-443b-a9ec-7aa0b35389a4,1,1.000,genel_kultur,bilim,2.62,0,0,0
d6fdc1ee-2f9b-41ed-807e-85b0139ee6b0,1,0.970,spor,spor,2.82,0,0,0
d6fed4ce-9b80-493a-8b59-b10727ee7544,1,1.000,spor,spor,3.01,0,0,0
d70acc91-c038-4678-8b41-3b3de2ed8c4a,1,0.220,edebiyat,edebiyat,3.74,0,0,0
d73642ce-070c-403e-aa3d-aa3323d4c9cf,1,1.000,muzik,muzik,3.79,0,0,0
d74daa78-24b3-4a55-a72f-a35dd29462ba,1,1.000,teknoloji,teknoloji,2.07,0,0,0
d75219f5-dbbc-4549-938d-c2cba6083e24,1,1.000,sinema,sinema,2.01,0,0,0
d752ce86-ee5c-4830-b05b-152b1d5f30dc,1,1.000,cografya,cografya,3.37,0,0,0
d75e54fa-d6af-454a-8e11-6a1319ea3600,1,0.570,edebiyat,edebiyat,3.67,0,0,0
d76a0517-7235-46b5-a2af-8a33def58f77,1,1.000,sanat,sanat,3.17,0,0,0
d7616623-e681-426d-9a45-20538a11932c,1,1.000,bilim,bilim,2.06,0,0,0
d76a373f-f6cc-473a-9079-3131b3d66967,1,1.000,sinema,sinema,2.32,0,0,0
d7721659-1ab1-4ce0-a20f-27a5ffe7ff75,1,1.000,tarih,tarih,1.74,0,0,0
d794a328-c3f5-4e5b-afc3-b22a400bde91,1,0.990,spor,spor,2.32,0,0,0
d787e04f-7198-4f06-9e40-5872a6c32ea5,1,1.000,sinema,sinema,2.80,0,0,0
d78de6f1-a47f-4fd5-aa97-39961f8a1193,1,1.000,sanat,sanat,2.74,0,0,0
d7991611-df8c-4454-9787-f508df46ec05,1,0.090,cografya,cografya,2.95,0,0,0
d7b682d1-dcc2-4cd4-9e77-1eb61cc7357e,1,1.000,muzik,muzik,3.84,0,0,0
d7ca7dff-cb98-4e00-a697-139fa6e3ce0a,1,0.990,tarih,tarih,2.20,0,0,0
d7c7fe3d-2773-4b0e-a429-5003a7668441,1,0.990,edebiyat,edebiyat,2.42,0,0,0
d7d20735-5f26-4d56-8edb-feb4ff4ae89a,1,1.000,muzik,muzik,2.04,0,0,0
d7db93d8-6fef-42b6-90b5-344b4870f539,1,1.000,bilim,bilim,1.86,0,0,0
d7e0d056-6d2d-437b-8c91-343421e5bde3,1,1.000,bilim,bilim,1.88,0,0,0
d7ebfed3-9a2d-4486-a5de-3b328adac33f,1,1.000,cografya,genel_kultur,1.92,0,0,0
d7f79b1c-79b8-4f03-accb-a8b1729baae6,1,1.000,tarih,cografya,1.95,0,0,0
d800ad21-9cdd-462e-b0a0-9cb630f9e1da,1,1.000,teknoloji,teknoloji,3.52,0,0,0
d810c608-aefb-4a55-95b0-b89af53e933c,1,1.000,cografya,bilim,2.65,0,0,0
d81af79a-bdb5-46b0-8ea5-ac549db03a73,1,1.000,cografya,cografya,1.85,0,0,0
d8223a64-618e-49ac-b7f6-6366798720ce,1,1.000,cografya,cografya,2.30,0,0,0
d826ade4-424c-4640-b872-956381deaa5d,1,1.000,sanat,sanat,2.94,0,0,0
d81bef18-4deb-4b7f-941c-e498d098da94,1,1.000,tarih,bilim,2.00,0,0,0
d83406c9-e456-48a8-8c8e-1a5de101ce19,1,1.000,teknoloji,teknoloji,4.16,0,0,0
d8369a05-4286-4677-b673-2d0bd09d3995,1,0.640,muzik,muzik,3.60,0,0,0
d83b82d6-2de1-4c03-b4ef-bebb66f8b211,1,1.000,edebiyat,edebiyat,1.09,0,0,0
d855bd85-07b1-4219-8772-8754f8b80c71,1,1.000,muzik,muzik,2.85,0,0,0
d8548cd7-0030-45f0-937d-934f095f52ff,1,1.000,muzik,muzik,2.42,0,0,0
d83b367a-9038-41af-8020-390b36836975,1,1.000,teknoloji,teknoloji,3.79,0,0,0
d858e16d-2edf-40ae-836d-effb27e524cd,1,1.000,muzik,muzik,3.03,0,0,0
d869380e-b501-4a61-b03e-33e6f2024ea4,1,1.000,cografya,cografya,2.42,0,0,0
d872062a-09b3-4878-b8d0-f3075f56fb44,1,1.000,muzik,muzik,3.50,0,0,0
d87af288-0073-41e9-aeec-8dc349ee9ef3,1,1.000,cografya,cografya,2.03,0,0,0
d87a3e68-0fb1-49f2-8752-acd58e6c9fca,1,1.000,bilim,bilim,1.37,0,0,0
d8811f98-9af1-4986-b161-659752839581,1,1.000,genel_kultur,genel_kultur,1.53,0,0,0
d88b8e16-b49d-455f-8c7b-e6ee33a8c8ca,1,1.000,tarih,tarih,1.91,0,0,0
d89b5b55-af6f-4b65-9db2-8d9089f9a0cc,1,0.910,edebiyat,edebiyat,3.27,0,0,0
d89afc33-fd08-4eaf-9284-39844b4880a9,1,1.000,cografya,bilim,2.67,0,0,0
d8aa1feb-9ff2-4686-a96f-790972a835f4,1,1.000,genel_kultur,genel_kultur,2.64,0,0,0
d8ae95b5-1d97-4865-b6b5-a5ad8c8031e7,1,0.990,cografya,cografya,2.23,0,0,0
d8ae537b-3cb2-4a66-93c3-63d98708fbd6,1,1.000,sinema,sinema,3.09,0,0,0
d8b64604-d506-4c38-99cb-ac945db3624a,1,1.000,spor,spor,1.68,0,0,0
d8af93d8-a2a2-4dfa-9aef-918329c05e94,1,0.770,sanat,sanat,3.67,0,0,0
d8bdc8c2-a33e-4ad6-9877-df32a3a71bba,1,1.000,teknoloji,teknoloji,2.52,0,0,0
d8ce0d49-7ba5-44fa-9b0f-384054dca2f9,1,1.000,genel_kultur,cografya,1.83,0,0,0
d8d477b1-baf0-47af-bbd3-78233b55edf1,1,1.000,tarih,tarih,1.60,0,0,0
d8de3ccb-840c-4079-81d0-5355b800e617,1,1.000,cografya,cografya,2.17,0,0,0
d8e3906a-e6e4-4fe4-bef6-70c717d3785d,1,1.000,edebiyat,edebiyat,3.73,0,0,0
d8e1e83e-936f-4961-b9c9-b48cd6a4fda9,1,1.000,sanat,sanat,3.11,0,0,0
d8ec024a-313a-43d5-aaab-95b56364b4bc,1,1.000,tarih,tarih,2.74,0,0,0
d8fdb080-6321-4709-b31f-7459f32854e8,1,1.000,spor,spor,1.66,0,0,0
d904ac52-af86-4505-8a7b-f3b55848d3c2,1,1.000,genel_kultur,cografya,2.20,0,0,0
d906ada8-1fd3-4497-8315-f86dbeae860a,1,1.000,bilim,bilim,1.89,0,0,0
d90f2749-d5af-414a-9c41-e2bd35979893,1,1.000,edebiyat,edebiyat,2.96,0,0,0
d91d3999-7ad6-4331-8388-53a0e1f63227,1,0.700,edebiyat,edebiyat,3.50,0,1,0
d90f818b-77bd-4dcd-b46e-c83d88805248,1,0.740,edebiyat,edebiyat,2.46,0,0,0
d921f87b-117c-4926-9dc9-c31dba15de29,1,1.000,sinema,teknoloji,3.31,0,0,0
d924eb88-253f-4d53-952c-a6b516f597dd,1,0.990,muzik,muzik,3.65,0,0,0
d926502e-4b54-40f9-b705-7a00274d1732,1,1.000,tarih,tarih,2.18,0,0,0
d92c309b-55b4-4841-a0db-6d676b968eff,1,1.000,bilim,bilim,1.93,0,0,0
d9289fc4-3990-4971-bd34-48eb9d008b98,1,1.000,muzik,muzik,1.25,0,0,0
d9279d4a-8ae5-401c-a5bc-31c06ac4e05c,1,1.000,teknoloji,teknoloji,3.58,0,0,0
d92d60e3-cf19-4bec-a36c-ae233bc094b8,1,1.000,bilim,bilim,1.62,0,0,0
d93856a8-899d-4e02-9624-5c9efe86fd1e,1,1.000,bilim,bilim,1.65,0,0,0
d93c7408-061a-411e-b728-a3bb57cd40fb,1,1.000,spor,spor,2.97,0,0,0
d93bf512-7bd4-4005-969d-d47f7bc65dd5,1,1.000,muzik,muzik,3.20,0,0,0
d9412a99-0eb9-4445-8dfb-b161cbf96aef,1,1.000,tarih,tarih,1.70,0,0,0
d94f6a63-86b2-4dc2-8fac-1895bb3d0eb7,1,1.000,edebiyat,edebiyat,3.38,0,0,0
d950a9c8-7ff1-4298-b223-b53201722fc1,1,1.000,cografya,cografya,1.86,0,0,0
d9579ca3-24f0-4bd9-a3e1-75312dc9f6dc,1,1.000,sinema,sinema,2.98,0,0,0
d95e0a05-cc6c-4556-acaf-37183fc681d7,1,1.000,edebiyat,edebiyat,2.20,0,0,0
d96b780d-523e-4754-8310-ba57aa274b32,1,1.000,bilim,bilim,1.98,0,0,0
d96ef2a6-190b-4e18-ab36-f9070c9dc4ce,1,1.000,muzik,bilim,2.20,0,0,0
d97dfb5b-7328-4f09-b75b-325bb23b2172,1,0.980,teknoloji,teknoloji,2.37,0,0,0
d96f5f86-ba72-437c-a862-c48c348e6788,1,1.000,cografya,bilim,2.07,0,0,0
d966fec8-c60f-40e8-977a-172d8e15961e,0,0.910,bilim,bilim,2.00,0,1,0
d98051ec-8a87-4f48-84e8-edd8df1e7860,1,1.000,cografya,cografya,1.87,0,0,0
d986c14f-183f-4a29-a0a5-adf1dfdeffd4,1,1.000,teknoloji,teknoloji,2.61,0,0,0
d9866a01-8a88-417c-9a70-c7ad5452f85e,1,0.440,sinema,sinema,3.68,0,0,0
d993fe7d-6969-4147-b437-2b66851a56be,1,1.000,spor,spor,1.62,0,0,0
d98a826d-01ef-41e8-80a5-0ab268202c6b,1,0.400,edebiyat,edebiyat,3.93,0,0,0
d998e20e-8fd7-4d68-9eb1-f481f918a67d,1,1.000,teknoloji,teknoloji,3.36,0,0,0
d9a8d53c-3acb-4716-a498-9c30e9239937,1,1.000,teknoloji,teknoloji,3.52,0,0,0
d9acae4f-fbee-4e7e-af8c-72ce815f57de,1,1.000,muzik,muzik,2.57,0,0,0
d9b5fd5e-ad40-4b7f-80fc-ed16579b001c,1,1.000,edebiyat,edebiyat,2.33,0,0,0
d9b831c6-7690-4627-afc8-3d85736e6927,1,1.000,sinema,sinema,2.59,0,0,0
d9c2e47a-460b-4abc-86ab-d078e1a0e7bd,1,1.000,teknoloji,teknoloji,3.13,0,0,0
d9c33b9a-d7ab-4beb-8898-967e5ad792a1,1,1.000,cografya,bilim,2.00,0,0,0
d9e0cde9-d703-4216-84da-c576961a4897,1,1.000,cografya,cografya,1.79,0,0,0
d9f38266-d1b6-4d30-89df-af8470fadf97,1,1.000,sinema,sinema,1.74,0,0,0
d9f803e6-52cc-4002-ab2a-047db82f011f,1,1.000,teknoloji,teknoloji,3.88,0,0,0
d9fbe696-07f4-4e9a-90d8-db4ed93a1465,0,0.400,edebiyat,edebiyat,3.20,0,0,0
da0114c2-85f7-4941-8270-a7750437f67b,1,1.000,edebiyat,edebiyat,1.41,0,0,0
da0507cd-b938-4950-8e46-65a94b03c566,1,1.000,cografya,cografya,1.80,0,0,0
da0ff08d-3687-4bcd-b18c-ad71d370fc2c,1,1.000,teknoloji,teknoloji,2.21,0,0,0
da0869ca-06a0-40f2-86f6-f41170ad1da1,1,1.000,cografya,cografya,2.54,0,0,0
da1d6b40-7f15-4762-b94d-bbee3441788d,1,1.000,muzik,muzik,2.47,0,0,0
da439455-8fea-4e4d-b5e0-194197ea82cf,1,0.940,cografya,cografya,3.04,0,0,0
da345d23-f05c-4d67-9532-67fc4900e1e8,1,1.000,bilim,bilim,1.54,0,0,0
da62b44b-62da-4da6-ad47-4ff4858e977b,1,1.000,tarih,tarih,2.32,0,0,0
da5b1ac5-7f4c-4419-b971-7705c1efe861,1,1.000,spor,spor,2.71,0,0,0
da672725-b13c-4d2b-8d4d-ddbe7aa41a2c,1,1.000,cografya,teknoloji,2.73,0,0,0
da9e2318-4ef9-4ba9-be81-cc75444305b2,1,1.000,tarih,tarih,2.88,0,0,0
da8a8bbb-29f4-41cb-85c3-7b276baf0509,1,1.000,cografya,tarih,1.81,0,0,0
daa29624-fc18-4667-8dba-d3109be0e32d,1,1.000,bilim,bilim,2.17,0,0,0
daa537fa-ade9-4c4c-b287-3e660d35c170,1,1.000,sanat,sanat,1.75,0,0,0
dabab20e-b5df-47fc-a55a-ab57d72c811a,1,0.950,edebiyat,edebiyat,2.17,0,0,0
daaf1ac9-088b-4495-be77-999448bc46f9,1,0.320,edebiyat,edebiyat,3.90,0,0,0
dae0fe0d-0443-4bde-8dcb-e212ec56853d,1,1.000,sinema,sinema,2.53,0,0,0
dae75ce5-8c49-4559-8587-2c6da7262705,1,1.000,teknoloji,teknoloji,2.43,0,0,0
da94e8be-1690-4399-91b9-1bc1b712ec21,1,1.000,cografya,cografya,1.61,0,0,0
daec580d-657d-43f0-a47d-3ffb76ef0f54,1,1.000,cografya,cografya,2.51,0,0,0
daed59c4-3bfb-4d51-b3d9-0d29fe82c04e,1,1.000,sinema,sinema,2.24,0,0,0
db01df90-afaa-4524-b187-e378a912c204,1,1.000,tarih,sanat,2.88,0,0,0
db0c6246-1ed4-40f9-8adc-b16a0e58c6ff,1,0.110,edebiyat,edebiyat,3.26,0,0,0
db135c84-8e80-448b-9cc6-281366d7e422,1,1.000,tarih,tarih,3.40,0,0,0
db114472-fb9a-4092-a24f-2bdf3f32157d,1,0.310,edebiyat,edebiyat,2.87,0,0,0
db0d40fc-bf8e-436b-b26f-110f646d4ad9,1,1.000,teknoloji,teknoloji,1.58,0,0,0
db1df786-e9f2-4cb8-a121-9f6d311174a0,1,1.000,teknoloji,teknoloji,3.83,0,0,0
db158d00-73f2-48b6-85ef-b671ce25d835,1,1.000,spor,spor,2.14,0,0,0
db2293fa-5d15-4495-b7e2-c10642517962,1,1.000,spor,spor,2.61,0,0,0
db24a0cf-37b3-4974-bc55-6afcd4d6f9f5,1,1.000,bilim,bilim,1.76,0,0,0
db23b7e3-3eab-4143-9e30-71655ee21c5c,1,1.000,edebiyat,edebiyat,2.56,0,0,0
db27fb36-3a9d-4307-895a-57b39d417946,1,0.980,spor,spor,3.39,0,0,0
db20beb3-6636-4a0f-aa9f-037a9d1f1b77,1,1.000,genel_kultur,edebiyat,2.38,0,0,0
db31a9b9-2164-4b56-a421-5bf507371bb7,1,1.000,tarih,tarih,2.13,0,0,0
db3bb10e-bea9-4098-a317-134d1b7a6706,1,1.000,tarih,tarih,2.97,0,0,0
db4fffb9-c17f-4e90-b297-747314945edd,1,1.000,edebiyat,edebiyat,2.89,0,0,0
db4bdd6a-e0fb-4300-91c4-efcbbaa1f8ff,1,1.000,teknoloji,teknoloji,2.59,0,0,0
db36ab35-711b-4fbb-af37-0ca810f75d4f,1,1.000,spor,spor,1.90,0,0,0
db59888e-5cfa-48c9-8864-ce4ce1aea526,1,0.750,tarih,genel_kultur,2.73,0,0,1
db64de8b-7e45-4cb6-b9fa-76e591b67b4a,1,1.000,bilim,bilim,1.80,0,0,0
db65a652-b34a-45bb-9925-58beb5c0834e,1,1.000,cografya,cografya,2.22,0,0,1
db5b2077-ad61-4d00-b936-46e2210957ec,1,1.000,teknoloji,teknoloji,3.58,0,0,0
db69f6c6-a6d5-4c7b-bfef-484abc372131,1,0.450,bilim,bilim,2.64,0,0,0
db76acb3-19ca-4b23-891a-17ec04a9ce71,1,1.000,cografya,genel_kultur,2.31,0,0,0
db7bad1e-0f37-4ecc-aa65-1531e61b9018,1,0.840,cografya,cografya,3.21,0,0,0
db771bc5-a1ac-46d8-83a9-ba301c0ae64f,1,1.000,sinema,sinema,3.92,0,0,0
db7e2a14-50ce-47e5-8a23-b487cc2d9b0b,1,1.000,tarih,tarih,2.04,0,0,0
db7c3c4b-524c-4b07-8a1f-99a289d5f05b,1,1.000,genel_kultur,genel_kultur,2.77,0,0,0
db890c75-b7d8-4137-ad2b-b43b40e23855,1,1.000,edebiyat,edebiyat,3.21,0,0,0
db8f1aa9-b754-4065-a9fb-12001a811c58,1,1.000,cografya,cografya,1.71,0,0,0
dbb4fda6-896c-47eb-b295-2dfdc7844daa,1,1.000,cografya,cografya,2.66,0,0,0
dba0a1eb-442e-4400-a97f-3d494cf3a148,1,0.990,genel_kultur,cografya,2.81,1,0,0
dbc2258b-387a-486c-bc59-0ce4f553990a,1,1.000,sanat,sanat,1.34,0,0,0
dbc2cac6-fb39-46ac-82f5-f679737ca0ce,1,1.000,bilim,bilim,2.12,0,0,0
dbca87af-5af5-4368-acc9-5fd46c8c5753,1,1.000,edebiyat,edebiyat,1.99,0,0,0
dbd09ed5-c5fd-42ed-a90e-7b842d564afd,1,0.980,muzik,muzik,3.22,0,0,0
dbd3460a-d38d-4407-9c91-90ff8eccd578,1,1.000,cografya,tarih,2.46,0,0,0
dbdaa781-006d-4dbc-8b68-6c2247d84347,1,1.000,sanat,sanat,3.67,0,0,0
dbdc46a3-1a95-4ff3-9868-1418436001e4,1,0.390,muzik,muzik,2.63,0,0,0
dbddf4cf-2515-45d2-bbd0-e6c3f3008484,1,1.000,cografya,cografya,2.14,0,0,0
dbe68950-ef43-4b8c-8186-36e7bdbd4f6f,1,1.000,edebiyat,edebiyat,2.83,0,0,0
dbf5fa3b-f0ac-47fb-8562-d29c3e8594c2,1,1.000,cografya,cografya,2.16,0,0,0
dbf01a1e-d42e-4030-b965-216be4c6e06c,1,0.720,spor,spor,2.63,0,0,0
dc03e7e2-b801-42b7-ac6f-62e73e69635a,1,1.000,muzik,muzik,3.67,0,0,0
dc1bfc08-9840-4f79-8a08-5d1a2961fd73,0,0.370,tarih,tarih,3.55,0,0,0
dc23345a-bdf3-491f-8dbe-327334cb094f,1,1.000,cografya,cografya,2.80,0,0,0
dc21e0bb-b2ec-4498-8b09-2b73d3b07035,1,1.000,genel_kultur,bilim,1.62,0,0,0
dc249c8a-94cf-4b3a-bb3e-2bffe63a862f,1,1.000,genel_kultur,cografya,2.00,0,0,0
dc2b5286-5a0b-4bef-a002-948f2f0889ca,1,0.940,genel_kultur,cografya,3.05,0,0,0
dc46f47d-2686-4a73-84b8-a56608b53fb0,1,1.000,spor,spor,1.93,0,0,0
dc4a9ab3-4fef-41f3-9439-7029211b761b,1,1.000,sanat,teknoloji,2.88,0,0,0
dc49870c-eddc-4a4a-a6cc-82b5e8a6dc0b,1,1.000,sanat,sanat,3.95,0,0,0
dc5723c0-69d4-463a-858d-1376c8f28a00,1,1.000,teknoloji,teknoloji,2.89,0,0,0
dc603f2f-8395-4084-9868-b52573894135,1,0.980,teknoloji,teknoloji,3.36,0,0,0
dc598824-66c1-4723-9cc4-e1d97ba22269,1,1.000,muzik,muzik,2.42,0,0,0
dc619111-bb0c-4b7a-b14e-408f954edb0b,1,1.000,bilim,bilim,1.44,0,0,0
dc63a8c9-f9f2-4250-b67f-f2e0f5a330f6,1,1.000,sinema,sinema,2.05,0,0,0
dc647a19-4e85-46bf-8647-393ef2261b4d,1,1.000,bilim,bilim,1.39,0,0,0
dc6d6060-4b58-461f-a49f-d11aad7488a9,1,1.000,muzik,muzik,3.85,0,0,0
dc701af4-465c-4deb-982c-01414790f686,0,0.620,muzik,muzik,3.14,0,0,0
dca5460d-27ae-4b44-9740-cb5854e3632b,0,0.650,cografya,cografya,3.66,0,1,0
dca4ccc1-cc9b-49c7-b912-aa8ed20c7da5,1,1.000,cografya,bilim,2.19,0,0,0
dca5c273-a240-4c9a-8bc2-a8ab6f1de012,1,1.000,tarih,tarih,1.96,0,0,0
dcabf87f-95a0-4132-a478-6a4c070172b3,1,0.960,tarih,tarih,2.56,0,0,0
dcb0f918-cf4c-4d67-853f-b2550cf98ee6,1,0.970,muzik,muzik,2.50,0,0,0
dcafd7df-f4e8-414a-bf86-141de5ba2e30,1,1.000,sinema,sinema,2.71,0,0,0
dcb2286e-8b17-4926-a475-6f4249cc88e2,1,1.000,teknoloji,teknoloji,2.36,0,0,0
dcb472db-b0b1-44b6-9197-7f5f97374438,1,0.970,cografya,cografya,2.93,0,0,0
dcb6e6ad-80c0-4149-87c8-ebc39df80d1a,1,1.000,edebiyat,edebiyat,2.33,0,0,0
dcb7e896-0824-4ac4-a6c9-eb5325a9aaa2,1,0.850,sinema,sinema,2.67,0,0,0
dcb82d3d-54b1-489a-9c1f-76bdd244b74e,1,1.000,genel_kultur,genel_kultur,1.57,0,0,0
dcb949c5-b8cd-4eea-9e86-ec6a83fc3613,1,1.000,cografya,cografya,2.65,0,0,0
dcbb825c-8865-40a4-87e2-b9af9bd54eeb,1,1.000,edebiyat,edebiyat,2.91,0,0,0
dcc32fdd-2780-492f-9d15-e01fbf9c20ed,1,1.000,spor,spor,2.21,0,0,0
dcc64354-15f1-4f0e-a09c-f538e9a5aa53,1,1.000,genel_kultur,tarih,2.14,0,0,0
dcd4386e-f942-4afe-a417-a001752ab372,1,1.000,genel_kultur,genel_kultur,3.01,0,0,0
dcd0a59b-440b-435f-aff3-37b1675f7310,1,0.950,teknoloji,genel_kultur,2.81,0,0,0
dcec98cc-60bc-4977-98f0-d06223ec2e5f,1,1.000,tarih,tarih,1.45,0,0,0
dcefa44d-b965-4e67-9e30-c871a4ef4b57,1,0.980,muzik,muzik,3.00,0,0,0
dcfabd58-81b8-4dfb-b189-3e36572542be,1,0.990,edebiyat,edebiyat,2.66,0,0,0
dd0489a8-9cf0-4fb7-8358-e48133128814,0,0.380,muzik,muzik,3.24,0,0,0
dd15a6d2-825a-488f-b01c-6d55d5229eff,1,0.810,tarih,tarih,2.42,0,0,0
dd1e8db1-6a92-4556-8736-866d78d7f98f,1,1.000,tarih,tarih,2.20,0,0,0
dd2a9945-7c58-4f43-81f1-964b5feb1da7,1,1.000,sinema,sinema,3.46,0,0,0
dd2147c3-d454-4601-881b-75fa85778931,1,0.990,genel_kultur,genel_kultur,2.79,0,0,0
dd3d71ae-f14f-4418-8cdd-be59b547e1d2,1,1.000,spor,bilim,2.51,0,0,0
dd3fe007-fc90-443d-b3e3-87cd4c91bbe3,1,1.000,sanat,sanat,1.42,0,0,0
dd4dfff6-28e1-4131-99a4-fdbe96e73519,1,1.000,bilim,bilim,1.97,0,0,0
dd5826c6-cb7b-43c2-8d5c-b2632747ca1b,1,1.000,cografya,cografya,2.41,0,0,0
dd5966c0-e77b-4dfd-8cf6-95e0c8959327,1,1.000,cografya,cografya,1.07,0,0,0
dd6fd7f9-2555-46ef-82ba-37b7752faaeb,1,0.980,spor,spor,3.65,0,0,0
dd82d205-9167-4650-b4b2-a87ec87d790c,1,1.000,cografya,cografya,2.13,0,0,0
dd82b60c-fc8d-4521-8bb4-3b4e45851f7d,1,1.000,bilim,bilim,1.94,0,0,0
dd861d43-61df-4509-a7aa-7a22bf78062f,0,0.310,muzik,muzik,2.69,0,0,0
dd8df452-128b-426e-9b4c-cb8bd129dda0,1,1.000,cografya,cografya,2.68,0,0,0
dd86b44c-4347-450f-a261-eeb623e9a1a8,1,1.000,teknoloji,teknoloji,3.84,0,0,0
dd94932f-a672-4106-9f4e-98a24b1d4c07,1,1.000,cografya,cografya,1.88,0,0,0
dd953682-b9ca-4fbf-bf92-44da0895a895,1,1.000,tarih,tarih,2.56,0,0,0
dd9c4170-d341-4def-b8c9-6e7c25d22c84,1,1.000,cografya,bilim,1.71,0,0,0
dd9e7748-87d2-4b22-9cac-db0c8c708c05,1,1.000,cografya,cografya,2.61,1,0,0
dda871ee-6ea5-43bd-8117-30232a775b00,1,1.000,sanat,sanat,1.15,0,0,0
ddb50b8e-854a-49be-ab38-be96ecb7e346,1,1.000,bilim,bilim,2.31,0,0,0
ddc59ff9-0a47-4b9e-8b54-736f755da765,1,0.970,spor,spor,1.59,0,0,0
ddcea13e-171a-4cc5-8631-cbf2fd44bc40,1,1.000,muzik,muzik,3.28,0,0,0
dddcb0dd-0a19-4df8-87e6-c4106c14913f,1,1.000,spor,spor,2.99,0,0,0
dddf2630-cfc3-47d9-b92b-a0f8fb9d7eed,1,1.000,teknoloji,teknoloji,3.38,0,0,0
dde8c469-f365-4b31-b618-66cfac33e3de,1,1.000,tarih,tarih,2.17,0,0,1
dde378c1-e69d-4149-9603-0996b7cd832c,1,0.930,genel_kultur,genel_kultur,2.48,0,0,0
dde9b85e-6dcd-4f93-a764-621e49d2092a,1,1.000,muzik,muzik,2.80,0,0,0
ddf46ea8-d9d1-43cc-996e-18192caf5ef6,1,0.520,cografya,cografya,3.14,1,0,0
de01365f-45e7-44a1-b485-9322e77980aa,1,1.000,tarih,tarih,3.13,0,0,0
de0baf05-dae5-47d1-b53c-23a592e670f5,1,1.000,edebiyat,edebiyat,2.04,0,0,0
de06e91a-32e2-434b-864a-a682d5f11d58,1,1.000,bilim,bilim,2.39,0,0,0
de1d7805-3763-4b36-9b4e-9621e88dfeb2,1,1.000,sanat,sanat,2.97,0,0,0
de15c4b9-fc26-4910-971a-55530c00d6aa,1,0.970,cografya,cografya,3.19,0,0,0
de1f9624-ce2e-4dee-91c6-f608ecf6894c,1,0.990,spor,spor,2.97,0,0,0
de1fd79d-f529-483a-9cd7-b4a15cc7bd78,1,0.970,spor,spor,1.80,0,0,0
de28facf-b5de-43c2-9a3e-ce5a4c74e561,1,1.000,tarih,tarih,3.45,0,0,0
de38b386-98b0-4fb9-91f9-dc2b8bd2dc14,1,0.150,edebiyat,edebiyat,3.61,0,0,0
de340cb2-7bc3-4164-84a1-a876230808fc,1,1.000,sinema,sinema,2.79,0,0,0
de3be43c-3a26-4002-82f8-00d10d5eb889,1,0.180,edebiyat,edebiyat,3.71,0,0,0
de3f3f1c-3877-4c75-87e0-e3e2efa2b3e3,1,0.970,bilim,bilim,1.98,0,0,0
de3f452f-8728-4fe1-940b-83deca8742ed,1,0.950,cografya,teknoloji,2.60,0,0,0
de3f634e-ea7c-45ec-9aba-56666ea6c8c6,1,1.000,tarih,tarih,2.08,0,0,0
de4ae4a9-153b-4d9d-ac62-3ca58370a18f,1,1.000,tarih,tarih,2.01,0,0,0
de53970b-51fa-412b-b1fe-7f232c6c8271,1,0.980,muzik,muzik,1.87,0,0,0
de544bf9-962c-4652-93f4-4c02618b44a4,1,1.000,bilim,bilim,2.05,0,0,0
de572ac0-fd92-46e9-b390-7108584105cb,1,0.980,tarih,tarih,2.48,0,0,0
de6bd89a-76a3-445e-9356-22f1c48d5670,1,1.000,sinema,sinema,2.02,0,0,0
de6cc6ff-fae0-4217-9a29-b0b9e24c4e0c,1,1.000,edebiyat,edebiyat,3.97,0,0,0
de703fb3-53d4-4ed9-a660-28cd716187a6,1,1.000,muzik,muzik,3.29,0,0,0
de7614d3-86f5-450c-b3a3-6e1ee924620f,1,1.000,tarih,tarih,2.77,0,0,0
de773dc0-f980-4c9c-9c6b-6de6d5521172,1,0.950,sinema,sinema,2.91,0,0,0
de79b703-2afc-4f4e-b0da-c50e99278202,1,1.000,sanat,sanat,3.93,0,0,0
de8cedb3-b383-429a-886a-a00db185a112,1,1.000,sinema,sinema,2.65,0,0,0
de9c6540-17c4-4d5e-9938-59d33d188ddd,1,1.000,cografya,genel_kultur,1.69,0,0,0
dea6aa19-8616-4a4a-8cc0-62b2d893da3f,1,1.000,cografya,genel_kultur,2.48,0,0,0
debccd72-1abd-4d7a-9668-068c60268bb3,1,1.000,spor,spor,2.08,0,0,0
dece5329-31d1-4af1-9f2c-b6103e440aee,1,0.970,spor,spor,2.20,0,0,0
dee0cc82-0852-4b04-b109-1040082adec3,1,1.000,genel_kultur,cografya,2.23,0,0,0
def2bebe-40ae-4a37-b9e9-3fc34dcd7f49,1,1.000,spor,spor,2.75,0,0,0
df0102df-8cdf-4e04-b1f3-482f28583217,1,1.000,muzik,muzik,2.75,0,0,0
df2a2fb9-80b4-4158-ae58-3dc4cb163b49,1,1.000,spor,spor,1.87,0,0,0
df37de05-3b8d-4806-86b8-c132e242c120,1,1.000,genel_kultur,genel_kultur,1.71,0,0,0
df33b7d1-4bd5-41b0-8497-d6f494e80b72,1,1.000,genel_kultur,bilim,1.54,0,0,0
df3d5408-d32a-48d7-95a3-56c0b487a84b,1,1.000,spor,spor,3.38,0,0,0
df4ff444-e6d1-4fb1-8953-49a1f2a6bde2,0,0.190,cografya,cografya,3.12,0,1,0
df530716-5973-486c-a1ca-ec34821135ba,1,1.000,cografya,cografya,2.36,0,0,0
df540004-207b-47c4-af92-14db040e7b6c,1,0.830,cografya,cografya,4.02,0,0,0
df5c433c-c235-4377-a3b3-a5f2f4880890,1,1.000,muzik,muzik,3.80,0,0,0
df65d728-2da0-4d82-938f-3d8969a74a62,1,1.000,tarih,tarih,3.17,0,0,0
df77a0c4-1716-430b-ad1c-e97365cabb53,1,1.000,bilim,bilim,1.51,0,0,0
df8129b7-a4e8-414f-816a-d986ab5b3d22,1,1.000,bilim,bilim,2.44,0,0,0
df8f480d-2bc2-4cd3-8d61-9ad0cd8bcc4a,1,1.000,cografya,cografya,1.39,0,0,0
df8f1017-b2e2-456f-9c95-87984275d729,1,0.960,sinema,sinema,3.79,0,0,0
df94981c-caef-4fed-9ca3-ba871e86335e,1,1.000,sinema,sinema,3.59,0,0,0
dfa0bdee-023c-4f2d-bd90-affa7cb94c69,1,1.000,cografya,bilim,2.30,0,0,0
dfb1fde6-45ba-468e-86f7-f09aa9bc3bfe,1,1.000,cografya,cografya,2.39,0,0,0
dfb5a225-65b2-49f9-8bd1-e218df46f6d8,1,0.970,cografya,cografya,1.89,0,0,0
dfb706b7-41cd-4908-9e5b-53f1b123b478,0,0.760,muzik,muzik,3.28,0,1,0
dfb84fb3-a63f-492c-9a1a-dbec2fb9e384,1,1.000,cografya,bilim,2.38,0,0,0
dfc0ee3a-96d4-4ae1-9feb-5bb27a219156,1,0.900,cografya,cografya,2.55,0,0,0
dfc3d5f3-e4d6-476b-bd00-ba81c9ce4542,1,1.000,bilim,bilim,1.85,0,0,0
dfd483d4-71e4-48e1-854f-738f71d82ba6,1,1.000,teknoloji,teknoloji,2.14,0,0,0
dfd9f96a-4654-40e6-a949-a7b10a050b06,1,0.730,muzik,muzik,3.60,0,0,0
dfd49c0f-f5bb-4817-9191-d09e07698923,1,1.000,edebiyat,edebiyat,3.87,0,0,0
dfdd5a40-e280-4d5c-8e7e-0542365da816,1,1.000,cografya,cografya,2.28,0,0,0
dfe05b1b-036b-4c89-ba09-52c7248b8546,1,1.000,edebiyat,edebiyat,2.68,0,0,0
dfe24bd2-7f89-426c-845d-f99bc9f29d75,1,1.000,muzik,muzik,3.74,0,0,0
dfe396ce-2863-49db-b3d0-8ca67112dc55,1,1.000,cografya,cografya,1.96,0,0,0
dfe5aa67-4598-4820-9f44-f75185c5e01c,1,0.990,genel_kultur,bilim,1.01,0,0,0
dff58540-f2a7-469e-a371-4438ea9b9d72,1,1.000,sanat,sanat,2.05,0,0,0
e0054d25-ba13-42a2-9d59-704bcbd9d6ba,1,1.000,muzik,muzik,2.65,0,0,0
e017ad29-57bb-4e7e-ac61-650ed37f970d,1,1.000,sinema,sinema,2.64,0,0,0
e01b6ab7-f307-4e01-8c12-0f880bd7c06f,1,1.000,bilim,bilim,2.07,0,0,0
e02b1001-1f0b-4359-b11e-90942c2fd0b6,1,1.000,muzik,muzik,3.22,0,0,0
e03c8dfc-4627-4f78-b55a-9f5babf6cd0b,1,1.000,bilim,bilim,1.90,0,0,0
e03d5d56-ab21-4e83-886d-b05d5d8999e5,1,1.000,tarih,tarih,3.10,0,0,0
e06332e4-0aae-43a6-a096-73755310f2cc,1,1.000,teknoloji,teknoloji,3.04,0,0,0
e067fbf5-a3bb-46c6-ac0d-395459813ff3,0,0.340,cografya,cografya,3.53,0,0,0
e068afa2-af3d-4025-99e5-99fdc8f5d3bc,1,1.000,tarih,tarih,2.00,0,0,1
e06b64d5-077d-49be-996c-19297b4406fa,1,1.000,tarih,tarih,2.00,0,0,0
e06a7b1d-a5db-4114-bbf6-38dcb164b2ea,1,0.260,cografya,cografya,3.33,0,0,0
e06b6e53-d09f-4fcc-a755-06ccc9ef6b0e,1,0.990,cografya,cografya,2.35,0,0,0
e070e64b-d777-4399-a3f9-c4a3933df57f,1,1.000,tarih,tarih,2.32,0,0,0
e082768b-9060-40b6-b647-6c68f7ca03b0,1,1.000,sanat,sanat,2.14,0,0,0
e0883f96-5535-4753-94f3-4be96361dabb,1,1.000,edebiyat,edebiyat,2.63,0,0,0
e08a2080-67ba-4cba-be45-b839bafe3901,1,1.000,edebiyat,edebiyat,1.93,0,0,0
e08dca55-7436-4fdb-8b21-3b3d74825d14,0,0.760,sanat,edebiyat,2.39,0,0,0
e0a25f0f-c69a-4c59-99a7-6db8d927f7c3,1,0.970,muzik,muzik,1.88,0,0,0
e09be2bf-4350-46ec-9188-8f0959a70cd9,1,1.000,cografya,cografya,2.94,0,0,0
e0b05664-f62a-45ee-8970-d6ae08c7ee78,1,1.000,sinema,sinema,2.07,0,0,0
e0b26851-32e2-481f-ab7c-3985f8a671e2,1,1.000,sinema,edebiyat,2.07,0,0,0
e0b31944-8064-4da9-82b1-dfe8f479de55,1,1.000,sinema,sinema,1.96,0,0,0
e0b516b8-6f7c-4aba-91e1-0dcedfacf761,1,1.000,cografya,cografya,2.25,0,0,0
e0ddb84d-285c-4126-b507-319bd79d75bc,1,1.000,cografya,cografya,2.02,0,0,0
e0f666b2-4661-4112-90f0-69a62a87660d,1,1.000,sinema,sinema,1.32,0,0,0
e0fdf5b4-fa11-45e8-8461-b09f3fd0e598,1,1.000,edebiyat,edebiyat,2.63,0,0,0
e0fe9341-f86d-4cb8-b30e-bbdc237390bb,1,1.000,sanat,sanat,3.52,0,0,0
e1052bb4-eff6-4d78-a817-077b8ef464a5,1,1.000,cografya,cografya,1.52,0,0,0
e10a2e69-fbef-412c-baf6-e59c81ff4c0e,1,1.000,genel_kultur,genel_kultur,1.62,0,0,0
e11a37b6-f1c7-49e2-99bd-62fef626b0cd,1,1.000,genel_kultur,bilim,2.92,0,0,0
e10cf337-7e35-4689-a997-7af8c558f395,1,1.000,edebiyat,edebiyat,2.52,0,0,0
e128d22a-9083-43c2-8fd4-6c5600b2e40c,1,1.000,sinema,sinema,2.68,0,0,0
e1339774-6b70-49ca-bcc2-1964378e2410,1,0.960,spor,spor,2.11,0,0,0
e15c25f2-abad-4dbc-892b-0c879ffec1a8,1,1.000,genel_kultur,cografya,2.56,0,0,0
e164c9c3-f4b8-4110-8a11-2d26068b46ca,1,0.990,cografya,cografya,2.78,0,0,0
e168f2f4-3f65-42f6-9570-99562892b234,1,1.000,sanat,genel_kultur,1.79,0,0,0
e17e3c38-4e72-4ba2-b191-ca3b4bf0bc93,1,1.000,muzik,genel_kultur,1.90,0,0,0
e1823780-4e1a-415a-84d3-b40d954c75a2,1,0.890,tarih,tarih,3.17,0,0,0
e1875e4d-668b-4f5d-ab1b-f5c35beb81aa,1,0.990,edebiyat,edebiyat,2.53,0,0,0
e19f119c-3a97-4267-8ab7-cb79386f7d41,1,1.000,teknoloji,teknoloji,2.73,0,0,0
e1a84ac5-87bf-40cd-ac54-3d73d06a37a5,0,0.710,tarih,tarih,3.05,0,1,0
e1b4dfca-e7de-4bbd-9d6d-cb42e9bbdf05,1,1.000,sinema,sanat,3.30,0,0,0
e1b676b3-a143-4375-949f-7af7b99153e7,1,1.000,cografya,bilim,2.71,0,0,0
e1a9abeb-6a7b-4ad7-be02-535d83280010,1,1.000,cografya,cografya,2.39,0,0,0
e1bc80dd-65dd-43e5-b2d6-6ba71b2b9aae,1,1.000,sinema,sinema,2.69,0,0,0
e1d4edc6-9c31-4b3f-bab0-3d7075d33c6a,1,1.000,muzik,muzik,3.75,0,0,0
e1e9911f-7a8c-45b9-8275-11b65a9a77c1,1,1.000,tarih,tarih,2.26,0,0,0
e1f0ff0d-d241-43a3-9600-ef27342b428c,1,1.000,genel_kultur,cografya,2.27,0,0,0
e1f3f4bd-85b6-44f0-9fef-3ccb565ac4b7,1,1.000,cografya,cografya,2.13,0,0,0
e2048721-f70b-4032-aa9f-91f582fca6a2,1,1.000,bilim,bilim,2.16,0,0,0
e20ae3cd-7587-4d77-b78b-ac510764d104,1,1.000,teknoloji,teknoloji,3.39,0,0,0
e2130fb3-6654-4431-a058-367b601b7fa0,1,1.000,edebiyat,edebiyat,3.24,0,0,0
e21364a1-99dd-4a50-a764-7e30c9b86078,1,1.000,cografya,cografya,2.03,0,0,0
e226a777-83d0-492b-9f58-120c80971678,1,0.980,cografya,cografya,2.21,0,0,0
e22ed5aa-eef5-40ab-b3a7-bfc2b7601913,1,1.000,genel_kultur,genel_kultur,2.00,0,0,0
e2349aa7-423f-4673-b459-a01cf0003542,1,0.990,bilim,bilim,1.68,0,0,0
e23cd49e-c9b1-4721-b3cc-8efa6f7ebfa4,1,0.990,teknoloji,teknoloji,3.83,0,0,0
e24daffa-965d-4daa-9acc-83cd40c4d411,1,1.000,cografya,cografya,1.41,0,0,0
e25bc6ce-c56d-46ef-9fab-d2cf29957d40,0,0.510,sinema,sinema,2.16,0,0,0
e2466467-6d6b-405c-997a-89aacbd74817,1,1.000,edebiyat,edebiyat,2.20,0,0,0
e268132b-f5d7-4de9-84ad-17cdb9a6d6df,1,1.000,tarih,tarih,3.67,0,0,0
e27183a0-aa52-459e-91a8-23ba54094ccd,1,1.000,sinema,sinema,1.62,0,0,0
e26df291-5320-4800-a4e3-a9de890d4bd4,1,0.270,cografya,cografya,3.79,0,0,0
e277b968-af01-4a0b-b4d0-845619723839,1,1.000,tarih,teknoloji,1.98,0,0,0
e2837589-7317-4718-a61c-014cfb003959,1,1.000,sanat,sanat,3.78,0,0,0
e2897efd-d19a-478b-86de-a6f46b8bf325,1,0.970,spor,spor,1.86,0,0,0
e292d5d3-dd18-40a1-9890-eda5aa98eb65,1,0.990,tarih,tarih,2.51,0,0,0
e2933aa4-9d30-4700-8407-a33c9cac271e,1,1.000,genel_kultur,bilim,1.70,0,0,0
e296d402-db0b-4e28-979d-04622eb1b1e2,1,1.000,cografya,bilim,2.00,0,0,0
e2a1d05e-2152-4bae-8dbd-7a09578c2b66,1,0.960,sanat,sanat,4.20,0,0,0
e2b04504-f36e-48f7-a309-45e980623ff0,1,0.990,cografya,cografya,2.39,0,0,0
e2a87508-b37b-4d62-8b79-cde7268042b2,1,1.000,teknoloji,teknoloji,4.15,0,0,0
e2b536af-71d1-4a0f-9a86-89914814c7bf,1,1.000,bilim,bilim,2.21,0,0,0
e2c6ac99-210a-483b-bb4f-3e5c0f08dae1,1,0.980,edebiyat,edebiyat,2.56,0,0,0
e2ca3964-4b7d-4f10-9611-3e0dfba35610,1,0.930,tarih,tarih,3.55,0,0,0
e2e303e0-916a-4e04-94fe-26c4f435c561,1,1.000,cografya,cografya,2.39,0,0,0
e2e62b60-ade5-40fa-9ea1-7bbcecf22144,1,1.000,genel_kultur,edebiyat,1.97,0,0,0
e2ea396f-208b-4d55-a16d-8bf8efdbd300,1,1.000,cografya,cografya,1.99,0,0,0
e2f73848-8992-4cf6-8dc2-2b3704554b07,1,1.000,cografya,bilim,1.86,0,0,0
e30f7a5a-28ed-4fba-8273-7163f6d64695,1,1.000,sanat,sanat,3.38,0,0,0
e31a0d42-45e2-4cfc-bed1-29d6d0c0d7cd,1,1.000,genel_kultur,genel_kultur,2.40,0,0,0
e31a70dc-33e6-4690-bcb8-e1288e7e7506,1,1.000,sinema,sinema,2.35,0,0,0
e31c6490-2a38-44d7-a7e1-e20cc67bc968,1,1.000,sanat,sanat,2.89,0,0,0
e31da318-aa11-479d-9a9c-eed0b2f789b3,1,1.000,sinema,sinema,3.06,0,0,0
e3251a22-b3f4-4477-95ad-4fe3a3599866,1,1.000,cografya,cografya,3.18,0,0,0
e3251d59-3c7a-4e97-aeb5-376dd8f92ead,1,1.000,cografya,cografya,2.11,0,0,0
e343897a-17ea-4e37-a4d8-4361a45bf5de,0,0.300,edebiyat,edebiyat,3.12,0,0,0
e34b5131-1f84-4a3b-84d6-a9aee376f58f,1,0.690,cografya,cografya,3.12,0,0,0
e355da44-8056-47a2-9b4a-42b13cfa3bd2,1,1.000,muzik,muzik,3.63,0,0,0
e35a5d54-b747-4974-b577-0ebda91da2fc,1,0.980,sinema,sinema,2.52,0,0,0
e376ee8d-4221-45bf-8546-668e1c76f59f,1,1.000,edebiyat,edebiyat,2.12,0,0,0
e377c9f3-e232-4532-a447-2ef5019e96cf,1,0.990,spor,spor,1.84,0,0,0
e37923e6-1bc5-409d-bcbc-d868b9dfb23a,1,1.000,sanat,tarih,2.07,0,0,0
e388d9b1-dadc-4501-8626-ba091b347ca6,1,1.000,spor,spor,3.45,0,0,0
e3a1ef3f-1b1a-4149-8c2e-a35443952535,1,0.910,edebiyat,edebiyat,3.12,0,0,0
e3b2a575-da67-4312-85e5-667172d8f7c6,1,0.930,muzik,muzik,3.66,0,0,0
e3b2f664-d857-470c-a8a5-9677a42deea7,1,1.000,cografya,cografya,2.22,0,0,0
e3b756f4-fdd8-46ad-8c2e-6460af700ef2,1,1.000,cografya,cografya,1.94,0,0,0
e3d1cf90-ee2d-49fe-8309-febe189f0e2e,1,1.000,cografya,cografya,2.08,0,0,0
e3c9350e-c9de-48f3-a206-7687b4ace185,1,1.000,spor,spor,3.04,0,0,0
e3e4cb86-c375-44ef-b282-2a61c19c019f,1,0.990,muzik,muzik,2.64,0,0,0
e3f747d5-d369-4a0c-82ff-77383767b386,1,1.000,teknoloji,teknoloji,3.72,0,0,0
e416d7b6-38d0-40d0-bb63-6bbeade7d503,1,1.000,sinema,genel_kultur,3.26,0,0,0
e3fb2c38-5e13-4a54-afc8-53b9b88e52bb,1,0.950,edebiyat,edebiyat,3.97,0,0,0
e41d4307-1edc-4f7b-8c17-71d26dea3d9d,1,1.000,tarih,genel_kultur,2.84,0,0,0
e42f3355-e2df-472d-9a00-0c54f19dc40f,1,1.000,genel_kultur,bilim,1.36,0,0,0
e437da1c-9e8b-41a4-9481-798f93624e5a,1,1.000,cografya,cografya,2.88,0,0,0
e422ddd3-256e-4d20-897e-5fbc3b5a57ba,1,1.000,teknoloji,teknoloji,2.44,0,0,0
e43c76d6-6f73-4d30-abee-40ecafd4580d,1,1.000,teknoloji,teknoloji,3.90,0,0,0
e440c9af-b28f-4d8d-addf-2c9de1406885,1,1.000,genel_kultur,bilim,1.84,0,0,0
e4432266-fac0-4aa6-ae08-7abb4c40619c,1,1.000,sanat,sanat,3.42,0,0,0
e459cf7e-c0d6-440b-92d3-bd9245b8ed2d,1,1.000,bilim,cografya,1.71,0,0,0
e453bdee-eb80-4bcb-9bf0-fc91fd25e1c6,1,1.000,edebiyat,edebiyat,3.50,0,0,0
e45a7b7d-f793-4577-967f-b112fb71154e,1,1.000,sinema,sinema,2.60,0,0,0
e462f9ad-0f16-497a-a1a5-229ef94ec461,1,0.990,tarih,tarih,2.73,0,0,0
e466aee1-9da4-4aaf-885a-d2b1c26ed6b7,1,1.000,cografya,bilim,3.19,0,0,0
e471a907-b360-4450-8995-d535a07bd7fb,1,1.000,genel_kultur,genel_kultur,2.89,0,0,0
e451f888-a16a-4c4d-b1aa-4719eeac54ba,1,0.990,edebiyat,edebiyat,2.14,0,0,0
e479b886-c50c-47bd-9b24-ed5a07f159a0,1,1.000,spor,spor,2.36,0,0,0
e48df4c2-ae29-4468-8a51-66a585556002,1,1.000,cografya,cografya,2.33,0,0,0
e4801f25-8463-4e4d-b975-c76ae169917a,1,1.000,edebiyat,edebiyat,2.07,0,0,0
e49052e3-10e5-4094-a8d3-e1289f34058f,1,1.000,sanat,sanat,3.08,0,0,0
e492ba83-14b0-4418-bdd3-d6307497a54f,1,1.000,cografya,cografya,1.98,0,0,0
e49a58c0-ccaf-4500-ba6f-9aad6e7b4a21,1,1.000,teknoloji,teknoloji,3.78,0,0,0
e49fd82f-0258-47fa-8a82-15ab7ee03b66,1,1.000,teknoloji,teknoloji,2.65,0,0,0
e49fd01c-67b6-426d-a586-e6f5f95944a1,1,0.990,tarih,tarih,2.62,0,0,0
e4a6417c-ae72-4289-911f-cba8cca22120,1,0.980,genel_kultur,genel_kultur,2.32,0,0,0
e4b4211d-515f-4a48-98eb-bbc8d3bbc62f,1,1.000,cografya,tarih,1.74,0,0,0
e4b79a89-7ef4-433d-b3f2-bc9db9d4b503,1,0.970,teknoloji,teknoloji,3.32,0,0,0
e4bf001e-9781-49c6-b5bc-c6a1942072d2,1,1.000,sanat,sanat,2.27,0,0,0
e4bf7209-305b-4463-8525-a0d0e0ca45b6,1,1.000,sanat,sanat,3.30,0,0,0
e4cf16df-b76d-43cf-909d-aa1e6ef57ca3,0,0.820,sinema,sinema,3.53,0,1,0
e4d00c20-e0e9-41f6-810d-09eff228d99c,1,1.000,muzik,muzik,3.46,0,0,0
e4d04262-8db7-4e15-960b-1acadf6a8387,0,0.350,sinema,sinema,2.90,0,0,0
e4e383dd-8f39-4a98-bc95-c26f353cada6,1,1.000,cografya,genel_kultur,2.04,0,0,0
e4e528a2-72c1-403a-8468-9b694935cdea,1,1.000,bilim,bilim,2.13,0,0,0
e4e98168-4394-4ebb-a6bc-39c54a3e90a1,1,1.000,spor,spor,1.58,0,0,0
e4ef6b10-613e-485d-b588-6f51f752c915,1,0.990,muzik,muzik,3.37,0,0,0
e4f7237b-d999-4c18-93d8-f7e4d442477c,1,0.550,cografya,cografya,2.61,0,0,0
e50030f0-6a6f-454f-902a-470a19a4f285,1,1.000,tarih,genel_kultur,1.83,0,0,0
e501c06a-15e3-4b49-8cf6-79a9b3896f29,1,1.000,tarih,tarih,1.91,0,0,0
e508540c-7b4b-4166-947c-e5c4ad68205a,1,1.000,bilim,bilim,2.07,0,0,0
e50a02ed-4c80-41c1-b538-252e95c6210d,1,1.000,cografya,cografya,2.94,0,0,0
e50d6b4c-120d-4929-af0e-93aca38609b5,1,1.000,muzik,muzik,3.84,0,0,0
e50ecb9b-4887-4a14-9f14-f9b9907e43db,1,0.960,genel_kultur,tarih,2.84,0,0,0
e5187266-b276-435e-be4d-5c3b7223d760,1,1.000,tarih,tarih,2.87,0,0,0
e5205974-591f-4bdb-9d71-96d8a9b60429,1,1.000,genel_kultur,genel_kultur,1.39,0,0,0
e5271a20-187c-4472-8ee5-f667b46be0c8,1,0.990,teknoloji,teknoloji,4.01,0,0,0
e53a53a5-4661-46b9-9dcd-8e43fc9b4209,0,0.980,cografya,cografya,1.71,0,1,0
e542a1fd-2fbe-4602-b44b-a2a5cc3f30a4,0,0.430,muzik,muzik,1.63,0,0,0
e53b14e2-cf81-498d-afe5-ab4e2ab18ea3,1,1.000,genel_kultur,bilim,1.99,0,0,0
e54b9ec0-f58b-49e3-843b-9b092de4ab6c,1,1.000,teknoloji,teknoloji,3.78,0,0,0
e560d297-1ae9-49c8-a440-100c6e344096,1,1.000,cografya,cografya,2.22,0,0,0
e569f676-2005-4c51-a1e8-2d40d989a99a,1,1.000,bilim,bilim,2.09,0,0,0
e56bd513-5cd3-4392-a673-9dffafaf4ea8,1,1.000,sinema,sinema,2.02,0,0,0
e5701045-059a-471c-8989-5242a1542975,1,1.000,tarih,tarih,2.07,0,0,0
e586580d-7650-47fc-8238-aa94597f9079,1,1.000,sanat,sanat,2.82,0,0,0
e58c6dd8-8383-4f0d-b284-f4820f5ad80b,0,0.710,edebiyat,edebiyat,2.33,0,1,0
e5993f6c-2b44-49e5-9d1e-fd263af81c2d,1,1.000,tarih,tarih,2.63,0,0,0
e59a1309-1697-4f83-8554-7d60e4642de2,1,1.000,bilim,bilim,1.34,0,0,0
e5a4a3b4-8ceb-4b4c-b054-c04b3e982568,1,1.000,spor,spor,1.67,0,0,0
e5b42555-cac9-47e8-b244-d6b4c4ee4146,1,1.000,cografya,cografya,2.26,0,0,0
e5ba202d-c1c6-4a1f-a967-0d373130a778,1,1.000,teknoloji,teknoloji,4.15,0,0,0
e5bdd987-206e-45da-9669-ea845ce3e61b,1,1.000,edebiyat,edebiyat,1.66,0,0,0
e5c4fe0f-88d0-4072-8697-d1d313b0294c,1,1.000,sinema,sinema,2.93,0,0,0
e5e3f3bb-9059-4d59-9bfc-05dcbf49dd74,1,0.990,sinema,sinema,3.06,0,0,0
e5db39f8-48f5-4d13-9e71-8318a36a61f4,1,1.000,muzik,muzik,1.96,0,0,0
e5f3ef0b-7279-4076-9b92-65a25b588e01,1,1.000,cografya,cografya,2.90,0,0,0
e5f35a2a-7ca0-472e-a154-572f7f3b538a,1,1.000,cografya,cografya,2.48,0,0,0
e600492c-2639-489d-8008-5de80135a620,1,1.000,genel_kultur,bilim,2.00,0,0,0
e62504e6-537c-45c1-8f32-ae003e9b8d8f,1,0.810,cografya,cografya,3.33,0,0,0
e6247f8f-6a07-4a7e-b786-caa50c665559,1,0.970,bilim,bilim,2.45,0,0,0
e6286082-df28-48df-b522-415147897224,1,1.000,teknoloji,teknoloji,3.29,0,0,0
e62f0c00-2188-47a0-ba43-8b687d9f84d3,1,1.000,bilim,bilim,2.03,0,0,0
e646ea1b-6f3b-4442-807c-3bb23cf78c27,1,1.000,cografya,cografya,1.69,0,0,0
e6429eaa-4e84-4b39-8174-52eb437b6c63,1,1.000,teknoloji,teknoloji,3.46,0,0,0
e647fc12-e41e-46b6-86a0-2dee005ad07a,1,0.990,sinema,sinema,3.00,0,0,0
e6516d83-b689-4403-af3e-7a03dabde464,1,1.000,sinema,sinema,1.92,0,0,0
e65b0ef2-6abc-4460-81ee-b12461d68c6f,1,1.000,sinema,sinema,3.68,0,0,0
e659e900-179d-45e2-b0b7-01cec8405590,1,1.000,cografya,cografya,2.77,0,0,0
e65d4b03-e4aa-44d5-a08b-089af18a49ec,1,0.350,cografya,cografya,3.20,0,0,0
e675a2f2-a793-45b9-8b7e-ffbcd6bfd450,1,1.000,cografya,cografya,2.41,0,0,0
e67e597d-17a0-4db5-be03-be6583cc572a,1,1.000,spor,spor,2.60,1,0,0
e6862c40-21ee-4f4d-8900-d26ddb167860,1,1.000,cografya,cografya,3.24,0,0,0
e6768984-5c79-4f57-a071-97606784e638,1,1.000,spor,spor,2.03,0,0,0
e69b0229-815d-4026-a6e3-8de62a84e223,1,1.000,genel_kultur,edebiyat,1.79,0,0,0
e6a1e522-9c93-4f7f-97b0-512a98240250,1,1.000,cografya,cografya,2.14,0,0,0
e6a25758-dfcd-477f-b5a5-2b204bc667c1,1,1.000,muzik,muzik,2.85,0,0,0
e6abf677-ef55-4ae0-a1cc-a715f71dea4b,1,1.000,cografya,bilim,2.76,0,0,0
e6b79542-afa0-4651-bf90-a49899e8411a,1,0.990,edebiyat,edebiyat,3.78,0,0,0
e6ba6225-845d-4913-859b-33fb9b6c64ad,1,1.000,edebiyat,edebiyat,1.95,0,0,0
e6c3c893-046a-49ed-9b76-a95c1774242e,1,1.000,bilim,bilim,2.19,0,0,0
e6d0de01-b55a-4fd8-8025-4b099d59131d,1,1.000,sanat,sanat,3.55,0,0,0
e6dcf1ed-d86f-473c-b917-83828c49c6f3,1,0.910,cografya,cografya,2.82,0,0,1
e6e372b0-e1d1-4d7d-bb45-2234c92bc80d,1,1.000,teknoloji,teknoloji,2.01,0,0,0
e6dcf3b9-66af-45e8-8d26-6002f0029e71,1,0.990,bilim,bilim,1.79,0,0,0
e6ea7e76-0412-48f6-a21f-d510599d4074,1,0.990,edebiyat,edebiyat,3.30,0,0,0
e6f98d1d-da68-42e6-b367-964918f7e014,0,0.570,edebiyat,edebiyat,2.91,0,0,0
e6fc4d26-5d32-413f-9613-685a344809be,1,1.000,sanat,sanat,3.04,0,0,0
e6fd7cbb-4a6a-49f5-802e-6959f33b5b92,1,0.430,edebiyat,edebiyat,3.81,0,0,0
e701b194-73d8-4482-bfb5-55bb31dc8c9f,1,1.000,teknoloji,teknoloji,2.94,0,0,0
e7084d47-3827-4a93-bbe4-131011e4d0b2,1,0.740,spor,spor,2.51,0,0,0
e732bfc6-4073-4261-8ec9-e15467bdc8a2,1,1.000,genel_kultur,bilim,1.88,0,0,0
e718030e-b52a-44fe-bf4e-3e92627dc851,1,1.000,tarih,tarih,3.42,0,0,0
e73749f9-8374-4730-bdc4-ccff22fb5f75,1,0.980,sinema,sinema,2.10,0,0,0
e75c4e29-ebaf-4616-95ea-29bc62a6f425,1,1.000,cografya,cografya,1.80,0,0,0
e7629495-12c7-4591-adbf-e24c2a6e4fd0,1,1.000,muzik,teknoloji,2.57,0,0,0
e7673b40-8d0e-48b2-b2d2-11495ec959e2,1,1.000,sinema,sinema,3.59,0,0,0
e7683eb1-f533-4797-9291-1f08fcca4b94,1,1.000,edebiyat,genel_kultur,2.52,0,0,0
e77323b0-cf4e-44f5-aa4d-0ef90fc97b9d,1,1.000,cografya,cografya,2.00,0,0,0
e7850136-469d-4c85-a5f5-af3290238997,1,1.000,tarih,tarih,2.39,0,0,0
e7458b17-b284-4640-a50c-4556115a47e9,0,0.110,muzik,muzik,4.26,0,0,0
e785c50f-42b3-4c97-ac7a-098ded56a2a8,1,1.000,tarih,tarih,2.33,0,0,0
e78eb0f8-8d46-40ea-ae28-6d48b4e7f11c,1,1.000,muzik,muzik,3.65,0,0,0
e7967f9c-f256-41df-876f-d22bd5c2c9a8,1,0.450,genel_kultur,cografya,2.86,0,0,0
e7970a93-9b10-4951-8eb8-f50123003209,1,1.000,genel_kultur,genel_kultur,2.33,0,0,0
df73529a-b985-46d3-ab8f-66636c848d36,1,1.000,teknoloji,teknoloji,3.98,0,0,0
e7a2a197-0224-4c57-a1d7-e34ae68a1b0e,1,1.000,edebiyat,edebiyat,2.23,0,0,0
e79a6196-90f5-408c-a790-c8ed5184ae15,1,1.000,bilim,bilim,2.10,0,0,0
e7b0f2cc-8d06-44ba-b5b0-debe12db08bb,1,1.000,sinema,sinema,3.54,0,0,0
e7be97a6-906a-4a8f-9491-eea0644acbe5,1,1.000,edebiyat,edebiyat,2.90,0,0,0
e7b77258-1bc2-4135-ba62-602d239806af,1,1.000,muzik,muzik,3.20,0,0,0
e7ca49d0-115d-4c50-90d4-4c5e784395ac,1,1.000,bilim,bilim,1.14,0,0,0
e7c71337-b3f7-435c-825f-ddff01835627,1,1.000,bilim,bilim,1.74,0,0,0
e7ca5bef-2f10-472c-b6e4-c00ff6e749ea,1,1.000,muzik,muzik,2.08,0,0,0
e7cde77c-685b-4b52-b475-03a4a127c612,1,1.000,spor,spor,1.95,0,0,0
e7d9c0b9-c7dc-4aef-aff5-d23424e9388d,1,1.000,tarih,tarih,2.08,0,0,0
e7f8559b-03e6-438a-b1cb-595b09cbb858,1,0.630,cografya,cografya,2.92,0,0,0
e7e4ce4a-e1da-4db1-b6a0-14d8b67aff2e,1,1.000,cografya,cografya,2.77,0,0,0
e80838d3-7f21-4fa7-a9e0-bc4d56009e70,1,1.000,sinema,sinema,3.03,0,0,0
e80c1dcd-f8b6-40ed-a28d-99af5beb603e,1,1.000,edebiyat,edebiyat,2.28,0,0,0
e80d691e-5cff-4286-8b14-0cf71944fca2,1,1.000,cografya,cografya,2.13,0,0,0
e814a9b4-c2db-4aa2-961b-b0cf226d61c0,1,1.000,edebiyat,edebiyat,1.18,0,0,0
e81826e5-1389-46a7-bc4f-7134c8fa233b,1,1.000,cografya,cografya,2.42,0,0,0
e82613cb-224c-4fac-b8be-cb70592fbdbc,1,1.000,sinema,sinema,1.70,0,0,0
e827ff67-881f-4933-8825-e69ae6bc3d4a,1,1.000,edebiyat,edebiyat,2.83,0,0,0
e8299043-3ce9-4dbb-b8cf-4d5579496a1e,1,1.000,spor,spor,3.25,0,0,0
e84c6d8c-d6f7-4042-9eda-78fa3ccc0354,1,1.000,cografya,cografya,1.40,0,0,0
e83ea4e4-5f16-44a0-bc17-dfd0ea570ce3,1,1.000,tarih,tarih,2.53,0,0,0
e85ad486-2ccc-4de7-a5e4-b66f0afa1f42,1,1.000,cografya,cografya,2.54,0,0,0
e85dbcaf-46d8-4000-b547-55356d7eea83,1,1.000,cografya,cografya,2.84,0,0,0
e86211e9-c099-45b7-a6d3-f7f54eb8c6e1,0,0.650,cografya,cografya,2.13,0,0,0
e86c5a9e-ad51-45a4-8ef1-f6b4dfac65b0,1,1.000,genel_kultur,bilim,1.76,0,0,0
e886e369-c4a7-4a0d-8bc5-73cd2da049cb,1,1.000,teknoloji,teknoloji,2.28,0,0,0
e87eb0db-b88a-4611-aabc-c55aefc98471,1,1.000,spor,spor,2.25,0,1,0
e888bb1b-db18-42e3-a799-60eb27a374ca,1,1.000,genel_kultur,genel_kultur,1.32,0,0,0
e889d59a-9bce-41b4-965d-3f9b08076b93,1,1.000,edebiyat,edebiyat,1.27,0,0,0
e8a4b25a-a8a3-4153-9ee4-3d2b2ae5c56d,1,0.780,sanat,sanat,2.38,0,0,0
e8af5d2b-20ac-4b56-815f-696fc4fb8cca,1,1.000,sanat,sanat,1.99,0,0,0
e8aa8574-9852-4047-82f8-8be208774aa4,1,0.970,tarih,tarih,2.91,0,0,0
e8b6a5b9-3c79-48bc-8dbf-afb26ac473bd,1,1.000,cografya,cografya,1.83,0,0,0
e8b7b8cb-eaf2-462f-a39d-af709c591700,1,1.000,tarih,tarih,1.74,0,0,0
e8c677e5-fcf9-414e-8359-c02530b47143,1,1.000,tarih,tarih,1.86,0,0,0
e8ceff2f-2022-4c08-80a4-b573f83e3f5b,1,1.000,bilim,bilim,1.82,0,0,0
e8d8ae08-6e55-406c-8271-7da89213cc88,1,1.000,sanat,sanat,3.61,0,0,0
e8d192f9-a56d-45e4-86fb-cb17859f0556,1,1.000,teknoloji,teknoloji,2.10,0,0,0
e8dd386c-4d4b-49f8-96a4-8e1f5b540afc,1,1.000,tarih,tarih,3.08,0,0,0
e8ebda5c-303e-44e2-a93e-2b998699cf69,1,1.000,tarih,tarih,2.63,0,0,0
e8f0218e-9e91-46a9-ab68-429a668f6e9d,1,1.000,muzik,muzik,2.22,0,0,0
e8fcc1ff-9bf0-4d13-8946-951159f41963,1,1.000,bilim,bilim,2.02,0,0,0
e8f81573-59c9-4e74-af71-b8fe4bffce70,1,1.000,spor,spor,2.42,0,0,0
e8fe218e-b015-4fe3-a9f4-6772ae6dfb66,1,1.000,bilim,bilim,1.65,0,0,0
e902f681-eb47-4dd7-9c7d-11f877b30501,1,1.000,cografya,bilim,2.48,0,0,0
e906ef3f-2ee2-4172-ac47-1edb41689655,1,1.000,teknoloji,teknoloji,3.93,0,0,0
e9166c98-400e-48c2-a800-3d4dfbf195f4,1,0.990,bilim,bilim,1.71,0,0,0
e91cbcf5-0b52-4c63-a72c-efee3ec6b74c,1,0.950,muzik,muzik,3.80,0,0,0
e90fa9f6-3993-4a20-91c3-836958f59704,1,0.950,edebiyat,edebiyat,2.04,0,0,0
e91d3e8d-8185-4a0a-bc21-12dbccf92aba,1,0.980,teknoloji,teknoloji,2.16,0,0,0
e93138fd-8d10-4c44-92b3-f55c09383d00,1,1.000,genel_kultur,bilim,1.77,0,0,0
e942a71f-b5da-4e53-b558-59649615f3fe,1,1.000,tarih,tarih,1.51,0,0,0
e944161c-1c1f-4b38-9834-62bfe03dbfff,1,0.860,cografya,genel_kultur,3.71,0,0,0
e9475e36-c74c-42ab-9c86-72212cabcfd7,1,1.000,bilim,bilim,1.56,0,0,0
e981e627-e9a2-48fd-990e-3f07ca61f2c9,1,1.000,cografya,sanat,2.80,0,0,0
e9719fcd-fbc7-46f8-a55e-2e37f5d29f72,1,1.000,muzik,muzik,2.70,0,0,0
e98de9dc-5ed2-45e4-b7cc-59d745c66bc9,1,1.000,sanat,sanat,2.72,0,0,0
e9926bb1-8a57-46a6-99e1-4a1eeb5dd643,1,1.000,genel_kultur,genel_kultur,1.75,0,0,0
e9bf1b43-e552-4680-836d-c1202e04421b,1,1.000,tarih,tarih,2.10,0,0,0
e9e27011-59c3-4d82-9e20-25177a8770eb,1,1.000,sinema,sinema,3.04,0,0,0
e9e6dc44-05e8-4b3b-8f21-5ef0e3d141b5,1,1.000,bilim,bilim,2.09,0,0,0
e9ed5fde-deba-4b25-bde5-d8aa4c22ae80,1,1.000,sanat,sanat,2.73,0,0,0
e9fd5ae3-a416-49aa-bb4d-95d05d2873a0,1,1.000,cografya,cografya,2.00,0,0,0
ea04ae5b-58da-42e1-ae25-4880bb55229e,1,1.000,muzik,muzik,3.48,0,0,0
ea0ac05e-dbf7-4cf2-b4ac-ddaa1c1ec393,1,1.000,genel_kultur,genel_kultur,2.29,1,0,0
e9fddbc2-d18d-4264-9ee9-6f6d99165578,1,1.000,cografya,bilim,1.70,0,0,0
ea2132ac-ebde-4dd4-9b95-349eae58ef0a,1,0.970,edebiyat,edebiyat,3.09,0,0,0
ea296c44-9bd6-4c1d-a2ee-24b8781381c8,1,1.000,sanat,sanat,3.30,0,0,0
ea325474-ec4f-4fdb-bfdd-7774c871f1b8,0,0.890,edebiyat,edebiyat,3.19,0,0,0
ea556b07-a6c5-46cf-90ab-4b1772d57dd9,1,1.000,genel_kultur,bilim,1.67,0,0,0
ea3cba38-26a8-4b69-928d-5bcf1fdd9331,1,1.000,cografya,cografya,2.09,0,0,0
ea65cb8b-6219-4d93-a486-8f2014960543,1,0.970,bilim,bilim,2.08,0,0,0
ea7d9bbc-0c4b-47db-b87e-dac26d66f349,1,0.990,muzik,muzik,2.79,0,0,0
ea8e9ae9-b4c9-40c9-8865-dad35597a275,1,1.000,bilim,bilim,2.44,0,0,0
ea93e753-384b-4707-af26-c1eeaf5c6ad0,1,0.980,genel_kultur,cografya,2.72,0,0,0
ea946619-bcab-465d-af5c-c4e92df53812,1,1.000,bilim,bilim,2.05,0,0,0
ea9eb0ae-8acc-4b98-b62f-c0d668dafb08,1,0.920,spor,spor,3.16,0,0,0
eaa082c1-2388-4d45-9a1d-0583882e011e,1,1.000,sanat,sanat,2.33,0,0,0
eaa64d7e-d19b-4b84-8552-95118af3618a,1,1.000,bilim,bilim,1.84,0,0,0
eaaf8713-07ba-4c51-a173-99465ce8bed1,1,1.000,spor,spor,2.54,0,0,0
eac5f06b-b382-4186-ab06-58d77ddf48a4,1,1.000,teknoloji,teknoloji,3.11,0,0,0
eae18df3-1805-4291-be80-171fad830d63,1,1.000,sanat,sanat,3.02,0,0,0
ead2ce39-a123-476d-b2ba-1ca3e95ea2b1,1,1.000,bilim,bilim,1.04,0,0,0
eae796a8-f2bc-48b0-99f3-5856226045e3,1,1.000,tarih,tarih,1.93,0,0,0
eae8414d-f646-474a-bcc4-60ae00abb7f9,0,0.450,edebiyat,edebiyat,3.29,0,1,0
eaf75b12-f018-42fe-aa8a-498b3ae19949,1,0.470,sinema,sinema,2.83,0,0,0
eafc048b-a1c6-45cc-98d9-81141e68eb44,1,1.000,sinema,sinema,1.90,0,0,0
eb07fe1a-026a-4ff4-807f-3d6e358ce7ef,1,1.000,spor,spor,3.38,0,0,0
eb0ed58c-1363-4a37-9e89-80be1f8eb028,1,1.000,tarih,tarih,1.99,0,0,0
eb2836db-8315-42f7-92c3-7c4cf775839a,1,1.000,genel_kultur,genel_kultur,2.26,0,0,0
eb293ba9-636c-43dd-a24d-5118963f35ef,1,1.000,tarih,tarih,1.71,0,0,0
eb2d1744-8d29-41e2-8d53-fac18b0111df,1,1.000,teknoloji,teknoloji,3.08,0,0,0
eb2f55b1-1779-411c-b89d-80a454117f57,1,0.960,cografya,cografya,2.45,0,0,0
eb307e2b-a5f4-4e05-9738-13ea80953d1e,1,1.000,tarih,tarih,2.66,0,0,0
eb43a362-f77a-4b1b-b0ca-4035c8d0720e,1,1.000,genel_kultur,bilim,2.03,0,0,0
eb310f17-f1a7-40ed-9e6c-f35d5ce3ee87,1,1.000,edebiyat,edebiyat,2.57,0,0,0
eb44ff67-0e08-4c5c-af17-23bc59774050,1,0.990,cografya,cografya,2.33,0,0,0
eb46c9f5-034d-4e18-bc51-2eb22a4e584e,1,0.950,edebiyat,edebiyat,3.09,0,0,0
eb599461-d494-4e29-9160-de947c6637aa,1,1.000,genel_kultur,tarih,2.02,0,0,0
eb5cd198-5e07-43c2-aed8-ae11866c04d6,1,1.000,sanat,teknoloji,3.58,0,0,0
eb506d46-fa72-4543-b99b-bacd6a58f6da,1,1.000,cografya,cografya,3.15,0,0,0
eb666114-80c8-4b80-92d8-fc0eba2d2031,1,1.000,muzik,genel_kultur,2.57,0,0,0
eb68842c-0aa6-4f7e-b562-405e8271f8e1,1,1.000,bilim,bilim,1.91,0,0,0
eb706c10-2646-4fd9-a684-499182a9d395,1,1.000,muzik,muzik,3.33,0,0,0
eb693962-31dd-48a0-8855-536c9c90fc5b,1,1.000,genel_kultur,bilim,1.87,0,0,0
eb6912c2-e278-4e42-9291-3a79ca6322c8,1,0.990,cografya,cografya,3.38,0,0,0
eb78b2b5-bcea-4b4d-8d37-1c5fd1a69def,1,0.990,cografya,cografya,2.25,0,0,0
eb7af8e8-bfcd-483d-998f-87180ea7b860,1,1.000,teknoloji,teknoloji,3.40,0,0,0
eb7de33c-9bce-4724-a47e-36bbdf4073ca,1,0.940,tarih,tarih,3.32,0,0,0
eb8647ca-50df-4192-97ae-a86eb597faa7,0,0.210,edebiyat,edebiyat,3.33,0,0,0
eb816e57-adc4-4097-9ac3-753d3c746564,1,1.000,muzik,muzik,2.98,0,0,0
eb92b7f1-ccbd-419e-bb56-a713186d9ff0,1,1.000,teknoloji,teknoloji,2.78,0,0,0
eba0084d-6442-4b8d-8deb-18b2f4fe3bc9,1,1.000,cografya,cografya,3.86,0,0,0
eba8b589-ab89-44ea-9eb2-338068b9aade,1,1.000,bilim,bilim,1.83,0,0,0
ebb720d1-f519-4a94-b302-4cebb88ecc9b,1,1.000,spor,spor,2.26,0,0,0
ebb8c00d-68a2-4ce5-9ef7-68008871ab1c,1,1.000,teknoloji,teknoloji,2.28,0,0,0
ebb93dc4-dc7e-4d32-b122-12a4a30d7bcc,1,1.000,muzik,muzik,2.80,0,0,0
ebdcb4d8-c0e9-44dc-9fe4-fac83a936988,1,1.000,sinema,edebiyat,1.93,0,0,0
ebdd0770-3f5a-4a8e-891e-6bf53a138794,1,1.000,edebiyat,edebiyat,2.38,0,0,0
ebebce7e-2bc9-47e1-aa4a-8352d1e03cbd,1,1.000,sinema,sinema,2.26,0,0,0
ec19416c-866a-4ec6-82d1-33dead7e38d6,1,1.000,sinema,sinema,3.03,0,0,0
ec4a6624-21c8-4da7-8093-742b3175ecae,1,1.000,cografya,cografya,2.65,0,0,0
ec506348-fb06-483c-acc2-480fcb66e9fa,1,1.000,muzik,muzik,1.47,0,0,0
ec544c61-f36c-429d-b94d-5b8dede1cff3,1,0.970,cografya,cografya,3.22,0,0,0
ec5593a9-b4bb-49b8-93a4-e7f5c9e6d99b,1,1.000,muzik,muzik,2.56,0,0,0
ec59ce64-8ec1-41ef-81c0-6922747ad7b8,1,1.000,sanat,sanat,2.45,0,0,0
ec576efe-6b09-48e1-9e67-f0bdc93d7f77,1,0.570,genel_kultur,cografya,3.17,0,0,0
ec5be604-0fff-47ce-8301-60d7d00ea448,1,1.000,teknoloji,teknoloji,2.79,0,0,0
ec6ecd73-934f-44fb-89cd-d262b7bc19c7,1,1.000,cografya,cografya,2.35,0,0,0
ec71147d-552f-4959-bfa1-e07ab1c010fb,1,1.000,teknoloji,teknoloji,2.37,0,0,0
ec71ec02-cb6f-4c51-ae53-ea3d07e0122c,1,0.910,cografya,cografya,3.00,0,0,0
ec7205b4-d323-43d6-853f-860703af89e1,1,1.000,genel_kultur,tarih,1.79,0,0,0
ec7c2293-9386-4479-aced-2bfd248eec7b,1,1.000,cografya,cografya,2.22,0,0,0
ec8bac21-3888-403b-8362-992375190476,1,1.000,spor,bilim,1.59,0,0,0
ec932ab5-a5cb-4b38-9003-8bb6702aa8cf,1,0.920,edebiyat,edebiyat,2.75,0,0,0
ec948327-b6e6-41c5-a5eb-1d0af46cb2db,1,1.000,cografya,cografya,2.12,0,0,0
ecb34779-dcdf-4e07-b94a-080ab883df54,1,1.000,tarih,tarih,2.78,0,0,0
ecc1289f-6a60-42ee-af76-58bdc9c974a0,1,1.000,teknoloji,teknoloji,3.74,0,0,0
ecd7fe9a-8f33-485a-8f85-02138d7c4f6e,1,1.000,cografya,cografya,2.10,0,0,0
ece3b65b-5cec-4080-856c-3dc9e1a67891,1,1.000,tarih,tarih,2.18,0,0,0
ece6fc70-1335-4059-9115-6b5b6d4ba679,1,1.000,cografya,cografya,1.84,0,0,0
ecfe1882-2aff-4eb3-8875-0715999036d5,1,1.000,muzik,muzik,2.96,0,0,0
ed2bf466-af10-4d20-91bc-b52ba5611505,1,1.000,cografya,cografya,2.76,0,0,0
ed4524ae-0baa-4c1d-a8b9-32f7d0512ee1,1,1.000,genel_kultur,genel_kultur,1.88,0,0,0
ed4653f7-6505-43ae-ab5d-19c0c89d3bcd,1,1.000,genel_kultur,bilim,1.34,0,0,0
ed68d2a5-60be-4042-bc8a-1398740aa2c5,1,1.000,bilim,bilim,2.70,0,0,0
ed598739-d2d0-446e-8110-64120687a375,1,1.000,tarih,tarih,1.85,0,0,0
ed74b390-7b8a-47a3-bd6f-4b79a15e74bf,1,1.000,bilim,bilim,1.66,0,0,0
ed742b42-143a-4e10-84c8-86891227290a,1,0.470,sanat,sanat,3.40,0,0,0
ed754cad-2986-4eef-91c1-4c30e41bfdbb,1,0.920,cografya,cografya,2.36,0,0,0
ed7beb07-6890-40c4-80c6-325ee54f8c2a,1,0.950,edebiyat,edebiyat,2.35,0,0,0
ed75a3a5-6c96-4aac-a335-4aba8a3882bf,1,0.970,edebiyat,edebiyat,3.19,0,0,0
ed7f5192-8bf6-4bf1-ae02-5c3a98ef66a8,1,1.000,teknoloji,teknoloji,1.75,0,0,0
ed7f768d-d716-47f6-8647-08e1074829c0,1,1.000,sanat,edebiyat,3.08,0,0,0
ed9cc6d2-1774-4ca8-8935-aab4e4e7cd07,1,1.000,genel_kultur,genel_kultur,2.08,0,0,0
eda33cbd-1f0e-4ed1-becc-687dce3d9723,1,0.870,spor,spor,2.05,0,0,0
eda418ba-37fd-49d8-b037-759c800c6781,1,1.000,muzik,muzik,2.37,0,0,0
eda50300-cf63-476a-b408-98eea08b37ab,1,1.000,genel_kultur,muzik,2.04,0,0,0
eda569e6-7c6b-4136-9471-e8ef2bd5ed40,1,0.980,edebiyat,edebiyat,3.14,0,0,0
eda7ba10-380d-40a5-a6c5-b12195cb06d3,1,0.700,sinema,sinema,3.59,0,0,0
edb2ca1b-9497-404e-8257-f1b2de61df40,1,1.000,cografya,cografya,2.05,0,0,0
edb66b39-3d2a-41e0-9f3f-4919939573bb,1,1.000,edebiyat,edebiyat,2.16,0,0,0
edba57da-981d-4a80-928b-0e1ff2b29c17,1,1.000,cografya,cografya,2.49,0,0,0
edbb051a-bd29-42ee-87da-b43753e033d7,1,1.000,cografya,cografya,1.99,0,0,0
edbd258e-dfbc-46e7-9df8-6892cd0217ff,1,1.000,spor,bilim,1.60,0,0,0
edbde11c-5c3b-449d-97cb-52dfa73674c9,1,1.000,cografya,cografya,2.00,0,0,0
edc63c5e-4da3-456b-9e7f-3fdaa87009a0,1,1.000,muzik,muzik,1.49,0,0,0
edd2a2d0-56af-4d36-a8d0-144db57764d2,1,1.000,cografya,cografya,2.00,0,0,0
edd25e09-99bf-46aa-ba0d-4138b12e9470,1,1.000,cografya,bilim,2.90,0,0,0
ede02461-5bc5-4d60-9275-5528cba6df34,1,1.000,cografya,cografya,1.52,0,0,0
ede85aed-0934-4e37-af96-20b2dcf05ebb,0,0.920,genel_kultur,genel_kultur,2.77,0,1,0
ede43c96-cfaa-4382-b100-2ba4bfdc46ba,1,0.130,sanat,sanat,3.64,0,0,0
edf91524-9b35-422e-9445-836a30743bd6,1,1.000,cografya,cografya,1.83,0,0,0
edfafa4e-14ca-4e6f-a8e6-c63623a92db4,1,1.000,cografya,cografya,2.92,0,0,0
edfc9e97-33f6-45d9-8fb3-183b0dee883e,1,1.000,bilim,teknoloji,2.09,0,0,0
edfe6c1f-0cb3-48fd-9a3b-f54f846c0101,1,1.000,bilim,bilim,1.12,0,0,0
ee01f10d-2de2-4d2a-b7a3-a788497e280e,1,0.250,muzik,muzik,3.16,0,0,0
ee02943b-a9b1-48ee-915b-91c3be146523,1,1.000,bilim,bilim,1.66,0,0,0
ee03439d-6862-4b59-af84-3f6668496db0,1,1.000,spor,spor,2.29,0,0,0
ee10af47-f5eb-4d23-9e18-3a39b6cc98bf,1,1.000,muzik,muzik,1.10,0,0,0
ee31b840-18a9-4853-a870-fdadd00578fd,1,1.000,cografya,bilim,1.63,0,0,0
ee2aafbf-859a-4af1-8fa7-772b2dad855e,1,1.000,edebiyat,edebiyat,2.81,0,0,0
ee4897c2-ad21-4aee-89bf-aa70f680e6ac,1,1.000,sanat,sanat,1.15,0,0,0
ee49c506-8e7d-4ba9-ad7b-460b3418a7fb,1,0.970,edebiyat,edebiyat,3.50,0,0,0
ee5352c3-955e-4603-9a0c-bc92fdd6df02,1,1.000,tarih,tarih,2.18,0,0,0
ee531054-2a26-4c39-8e06-7c25629664dd,1,1.000,sinema,sinema,1.81,0,0,0
ee59e67d-4b9c-4197-8148-92258f95b075,1,1.000,sinema,sinema,2.29,0,0,0
ee4b5625-a73a-4f5b-b430-3a65ecd51714,1,1.000,teknoloji,teknoloji,3.44,0,0,0
ee5ca9c8-db00-4842-bda4-c7c0f4ddad93,1,1.000,cografya,genel_kultur,2.77,0,0,0
ee7246a8-31e2-449b-a291-0998a556d2a1,1,1.000,genel_kultur,tarih,2.31,0,0,0
ee81d516-3d9d-4bd9-a5fb-ffea5646103d,1,1.000,sinema,sinema,2.93,0,0,0
ee8d7825-e19f-42ae-b37e-e7913cc14151,1,1.000,cografya,cografya,1.48,0,0,0
ee917982-512e-48fd-9811-f71cc38fc162,1,1.000,tarih,tarih,3.15,0,0,0
eeb31700-9dbf-49e4-96c4-ad3ca139a027,1,0.990,bilim,bilim,2.71,0,0,0
eeb66393-5b6c-42e5-b1f3-22479a33bfdf,1,1.000,cografya,cografya,2.18,0,0,0
eec1e1ab-f535-428e-8eb7-38cda8917ab6,1,1.000,spor,spor,2.91,0,0,0
eed50884-15c4-40dd-8e43-aa3e5cf4b38b,1,1.000,spor,spor,1.99,1,0,0
eed80bff-3b14-4fd2-a91c-2c7e23c9bd8e,1,1.000,tarih,tarih,2.97,0,0,0
eedc20a0-d077-4e55-8b63-8117e976863f,1,0.970,tarih,tarih,2.23,0,0,0
ef000150-54d8-41bf-9777-8077045f3d82,1,1.000,cografya,cografya,1.26,0,0,0
ef1f8baf-13cd-4936-adb3-31bb284ac63e,1,1.000,cografya,cografya,2.23,0,0,0
eef7fd24-fafa-44cc-95c0-19846f494c9d,1,1.000,teknoloji,teknoloji,3.73,0,0,0
ef46f329-17f1-43d1-bcaf-3519edeed490,1,1.000,bilim,bilim,2.09,0,0,0
ef2a3952-b084-4683-b5f1-106374412d2e,1,1.000,genel_kultur,cografya,2.74,0,0,0
ef4c61eb-c794-450e-b4c4-30454483e4cc,1,1.000,teknoloji,teknoloji,1.93,0,0,0
ef4c4ce4-db3d-4617-8336-ba5da7538799,0,0.410,genel_kultur,cografya,3.42,0,0,0
ef4d9de8-33a9-4e82-bc97-9e1a05c5f759,0,0.390,tarih,tarih,3.42,0,0,0
ef6bb0be-53e8-4223-a8fa-0982ec9d7be1,1,1.000,cografya,teknoloji,2.29,0,0,0
ef63056e-1483-4947-b9b1-d0702701ff97,1,1.000,teknoloji,teknoloji,2.95,0,0,0
ef7b6acb-63a1-4a92-a625-032cc8ecf226,1,1.000,sanat,sanat,2.84,0,0,0
ef998882-495c-43dd-bd22-ba25fc245484,1,1.000,cografya,cografya,2.31,0,0,0
ef9b2626-119a-4ebc-ae5b-bf615bd9bf09,1,0.990,cografya,cografya,1.85,0,0,0
efa359ca-ba56-476b-acea-73e03b7dc229,1,1.000,cografya,cografya,1.87,0,0,0
efb06b78-45f3-4e0a-a495-390d418e045f,1,1.000,sanat,genel_kultur,2.05,0,0,0
efb39402-a0e9-47ba-9dab-f7beb00f5f57,1,1.000,edebiyat,edebiyat,1.80,0,0,0
efbaaa99-be9c-4bbe-9e7a-9fa641085031,1,1.000,teknoloji,teknoloji,4.00,0,0,0
efc019a3-daf0-48ac-860a-5531f05a1cdd,0,0.090,sanat,sinema,3.08,0,0,0
efcb7f08-2a0c-4294-bc6d-d08614021ed2,1,1.000,teknoloji,teknoloji,2.51,0,0,0
efd36135-4de2-4e40-a6de-7337cd51254c,1,1.000,bilim,bilim,2.05,0,0,0
efd2fc7d-c057-480f-9d08-043daffe4d39,1,1.000,genel_kultur,bilim,2.79,0,0,0
efebab78-4540-4b09-a599-3f25baaf16ff,1,0.990,genel_kultur,cografya,2.83,0,0,0
efebe3a2-57d8-4589-8aac-aec64f735f80,1,1.000,tarih,tarih,3.87,0,0,0
efee128c-04a0-4017-b3f3-7fd8bfa078a8,1,1.000,genel_kultur,bilim,2.09,0,0,0
eff47ff7-eeac-4d55-bb44-71f88dbfc3b5,1,1.000,teknoloji,teknoloji,3.38,0,0,0
efffca46-9e1b-47d5-9e99-4706ca52ed50,1,1.000,genel_kultur,genel_kultur,2.67,0,0,0
f00d56b1-fbca-4364-8863-f9959af16561,1,1.000,teknoloji,teknoloji,3.81,0,0,0
f025c33f-3657-4c79-8fe7-fd7ab3599910,1,1.000,bilim,bilim,1.74,0,0,0
f011ce01-7957-48f5-91bf-4e5c36882060,1,1.000,edebiyat,edebiyat,2.16,0,0,0
f0204cb2-8f7a-43fb-af5b-3f58e0d5b190,1,1.000,bilim,bilim,1.12,0,0,0
f044500d-35c1-4531-b22f-9237ddc62ca8,1,0.990,muzik,muzik,3.51,0,0,0
f03ca851-68f9-48fa-bcab-32a39a726e81,0,0.310,spor,spor,3.26,0,0,0
f054a48d-7434-48ad-a59f-04a6c2c251dc,1,1.000,teknoloji,teknoloji,4.10,0,0,0
f06d7c2f-84e5-492a-9586-262d3a4e6093,1,1.000,spor,spor,2.16,0,0,0
f079f230-6ffb-44f0-8a7a-50ef7c4e29d2,1,1.000,sanat,sanat,3.13,0,0,0
f072cf1d-1796-49bc-9df9-1f286cad6a83,1,1.000,cografya,cografya,2.38,0,0,0
f07369e6-4179-496d-b173-4e00c786d88e,1,1.000,sanat,sanat,3.44,0,0,0
f09437c2-6b91-43c7-a601-dcbcb725bf7f,1,0.990,bilim,bilim,1.93,0,0,0
f094a460-0869-4ff6-96e7-d26c047d44ca,1,1.000,edebiyat,edebiyat,1.11,0,0,0
f097bfd8-a987-4070-bf10-b1cab5796561,1,1.000,tarih,tarih,2.17,0,0,0
f09fb7f5-3e84-4238-9f2d-62ada89c71b0,1,1.000,cografya,cografya,1.72,0,0,0
f0dcb1a4-21cc-4e88-998c-b98c21a60b61,1,1.000,cografya,cografya,2.26,0,0,0
f0c4d58f-897c-4275-a1f4-939645715d12,1,0.400,spor,spor,2.22,0,0,0
f0e07588-ca48-4a18-a776-30e7e4774311,1,1.000,genel_kultur,genel_kultur,1.52,0,0,0
f0ca45ed-6c74-430a-a411-9127f2e2f3e1,1,1.000,cografya,cografya,2.55,0,0,0
f0e6f042-f8b6-4d98-a654-ce03b01df087,1,0.980,bilim,bilim,2.01,0,0,0
f10c4a9c-7eed-4e78-bb9b-7c14ba810e17,1,1.000,edebiyat,edebiyat,3.07,0,0,0
f13308ed-37ef-41e6-81a4-da7d8aef6466,1,1.000,sinema,sinema,2.52,0,0,0
f12490a9-a114-4e14-a8f0-d07b20dec551,1,0.960,spor,spor,3.03,0,0,0
f13ae585-a08a-4500-933a-56ea70c5174b,1,1.000,cografya,cografya,2.04,0,0,0
f14364ae-5255-469d-931b-e442ebd4413a,0,0.440,cografya,cografya,2.78,0,0,1
f1491974-9a8d-42e0-b29e-5b92a103e03e,1,1.000,spor,spor,1.97,0,0,0
f17d8286-adeb-4f8b-ad61-40a3e26c0612,1,0.990,sanat,sanat,2.86,0,0,0
f1181a9a-25f8-4bda-9c9c-9123012d0748,1,1.000,tarih,genel_kultur,2.11,0,0,0
f17e64f3-890c-4a46-b7d6-139a26ecb0da,1,1.000,sanat,sanat,2.11,0,0,0
f1835a38-b740-46c6-a0a0-5431994cfb6a,1,1.000,muzik,muzik,2.91,0,0,0
f1a24532-77a1-4e69-9a3f-3331a81eff76,1,1.000,muzik,muzik,3.19,0,0,0
f1a53ab3-a3a3-4457-9722-f98c6990df48,1,0.420,genel_kultur,cografya,3.65,0,0,0
f1a91f49-88d9-47ad-97e9-b17aa543dc7f,1,0.400,edebiyat,edebiyat,2.92,0,0,0
f1a9ed3d-1888-497e-be90-b478282fccb9,1,1.000,cografya,bilim,1.93,0,0,0
f1aa9c7f-bb11-43f3-b66a-ebc92bd46276,1,1.000,cografya,cografya,2.44,0,0,0
f1b0f73a-b2fd-4cbb-9b12-d5742abd656e,1,1.000,teknoloji,teknoloji,2.58,0,0,0
f1b26765-610c-407c-820f-556d9b626c2f,1,1.000,cografya,cografya,1.79,0,0,0
f1c35198-83d6-4a69-a319-dcc6d4d73db4,1,1.000,genel_kultur,bilim,1.82,0,0,0
f1c55bda-5e77-4173-a93c-4765c65c0047,1,1.000,sanat,sanat,2.62,0,0,0
f1c72020-e576-42b1-8855-f8e8e5656048,1,1.000,cografya,tarih,3.61,0,0,0
f1d30c43-e4c7-4506-802c-d7e795603518,1,1.000,cografya,bilim,1.94,0,0,0
f1e39d4e-195b-4650-9711-f6891f7aa99d,1,0.900,genel_kultur,genel_kultur,1.44,0,0,0
f1d52acf-0376-4f5f-981a-33f9a25093f8,1,0.990,cografya,genel_kultur,2.52,0,0,0
f1ef4527-c570-44c5-bf5f-75522c4037c8,1,1.000,sinema,sinema,2.61,0,0,0
f1db973f-d6d9-4336-9fc3-8baf5b31d2a7,1,1.000,sinema,sinema,2.48,0,0,0
f1f6b685-38aa-463a-8a76-618c1ce48d20,1,1.000,cografya,cografya,1.09,0,0,0
f21ba7a3-0145-476f-9ecb-884a0d140407,1,1.000,cografya,cografya,2.44,0,0,0
f21670d4-031b-4bbf-b8ec-05954154802f,1,1.000,cografya,cografya,1.89,0,0,0
f229ebf5-5afc-459f-bccb-20bac852d331,1,1.000,sanat,genel_kultur,2.28,0,0,0
f1f93186-117e-4884-a46e-c325b409dac7,1,0.980,cografya,cografya,2.99,1,0,0
f23993e2-3213-477d-b75c-4227de19e92b,1,1.000,cografya,cografya,1.28,0,0,0
f249c97c-9fe2-4ed7-a7dd-d444896163b3,1,0.960,spor,spor,3.39,0,0,0
f2424d09-643b-4b56-aa42-9d01333d5261,1,1.000,sanat,sanat,3.08,0,0,0
f23a5b7e-a0d8-4f36-ba88-6dd13d6a2808,1,0.920,spor,spor,2.26,0,0,0
f252431f-a132-4f91-b18d-1c68528117e3,1,1.000,spor,spor,3.26,1,0,0
f25c4559-ae61-4ffb-8b7c-188e4d84b3c4,1,1.000,teknoloji,teknoloji,3.13,0,0,0
f26a040e-a292-4606-9169-dd3921065138,1,0.990,sanat,sanat,2.04,0,0,0
f25fd293-f915-4d68-8376-7238e0cdbe4a,1,0.860,tarih,tarih,3.29,0,0,0
f27accce-0c77-4602-9305-421667b7e60d,1,1.000,cografya,tarih,1.94,0,0,0
f265cddc-5159-4272-b2cb-c6cd2628b2bf,1,0.810,cografya,cografya,2.94,0,1,0
f28cf9bd-dcdb-4160-aeb3-4f9f4c0fdeae,1,0.550,edebiyat,edebiyat,4.27,0,0,0
f29628db-73fa-4cf7-bd6c-af300eb40cfb,1,1.000,edebiyat,edebiyat,2.10,0,0,0
f2aabf0d-1eab-4ed4-abd1-8ec489d931c6,1,1.000,spor,spor,1.73,0,0,0
f2c2d17d-3e0a-4a3c-94fb-582679da5561,1,0.990,spor,spor,2.85,0,0,0
f2c410d5-57a6-472d-af0c-ab8ef5a00ff6,1,1.000,bilim,bilim,2.32,0,0,0
f2cad3d1-d67b-4aa6-9548-b8d1c16c55d8,1,1.000,cografya,cografya,3.15,0,0,0
f2d92f35-2800-443c-a84d-84f65e476aed,1,0.970,teknoloji,teknoloji,2.82,0,0,0
f2d735e3-e02c-4f1f-873c-f20c1537b61c,1,1.000,sinema,sinema,2.12,0,0,0
f2dc4a1c-ab42-4524-ac36-e829be5fd150,1,1.000,spor,spor,1.03,0,0,0
f305e24f-6ba3-4f85-a8fd-da8fffde212c,1,1.000,teknoloji,teknoloji,3.24,0,0,0
f306840e-a389-4d17-b48f-136f32dc8df0,1,1.000,genel_kultur,cografya,1.81,0,0,0
f3118eba-7687-4bf6-9871-37718dd342da,1,0.970,muzik,muzik,3.19,0,0,0
f31c0153-ed23-45bd-b702-19aa3d6bfefc,1,1.000,edebiyat,edebiyat,1.44,0,0,0
f323d759-d94f-4fad-b665-ed3d3c10e08c,1,1.000,muzik,muzik,2.00,0,0,0
f31fc661-e519-436e-b5ec-5dc47415f9c1,1,1.000,sinema,sinema,2.25,0,0,0
f3253ba7-7ce3-44ed-ba7c-30a1a781d62d,1,1.000,cografya,cografya,2.27,0,0,0
f3353033-a8e2-44eb-8549-bf570d9dd460,1,1.000,bilim,bilim,1.99,0,0,0
f345a797-211d-4229-bc9d-3ee3d2966593,1,0.760,tarih,tarih,2.99,0,0,0
f35fd58f-8395-4c82-9069-00bf0af1880d,1,1.000,sinema,sinema,2.54,0,0,0
f347f29f-20bf-4dd8-88de-b3ba57ce89e7,1,1.000,teknoloji,teknoloji,1.84,0,0,0
f36beae2-f808-4f45-8ad7-ebab949ecf70,1,1.000,teknoloji,teknoloji,1.71,0,0,0
f371b454-3659-4e77-af69-4fb00636ed0b,1,1.000,sanat,muzik,3.62,0,0,0
f380c610-b428-4dc5-b81c-e97a3d180599,1,1.000,tarih,tarih,2.24,0,0,0
f384ac7e-ba09-4d2d-bfef-9172b707ae17,1,1.000,teknoloji,teknoloji,2.90,0,0,0
f38d1646-7809-4abd-9b7d-bf947cb4571a,1,1.000,genel_kultur,cografya,2.79,0,0,0
f3939e97-b497-4069-a369-e2400158b1a2,0,0.210,edebiyat,edebiyat,3.70,0,0,0
f398b770-384b-4ed7-b0e7-b8434c62728f,1,1.000,sinema,sinema,3.13,0,0,0
f39c828c-9be6-4924-bb31-bb7c1a03b3d9,1,1.000,genel_kultur,tarih,2.72,0,0,0
f39de106-a805-4624-8a26-ed107dc75298,1,1.000,tarih,tarih,1.93,0,0,0
f3a212da-9aa5-4f55-b934-6d9220476e4e,1,0.910,cografya,cografya,3.44,0,0,0
f3b1cde9-ae50-4022-8cb4-e1e0b0b63ed8,1,1.000,tarih,tarih,2.01,0,0,0
f3b88c09-78e6-4c05-a9d7-b1ba800a8ca5,1,1.000,genel_kultur,genel_kultur,1.92,0,0,1
f3eca545-9693-4a97-98f3-8746b7b75e28,1,1.000,tarih,tarih,2.78,0,0,0
f3f4b453-6cee-499c-a8b1-5db26ba0b80a,1,1.000,sinema,sinema,3.12,0,0,0
f3f5688f-38f7-43a0-822f-ff3f0e535649,1,1.000,bilim,bilim,1.97,0,0,0
f3fd5671-e503-460d-84d1-f54a634379dc,1,1.000,tarih,tarih,1.81,0,0,1
f414fb2e-1419-4f99-bce7-c8921bda4186,1,1.000,sanat,bilim,2.79,0,0,0
f41d82c7-b9a6-447e-a0fd-c31db72556e2,1,1.000,teknoloji,teknoloji,3.37,0,0,0
f420a86b-e574-40ca-a797-4ab52b8118db,1,1.000,tarih,tarih,2.66,0,0,0
f42af7dd-2dd2-4f54-97c8-cef140c08f2b,1,1.000,edebiyat,edebiyat,1.56,0,0,0
f4317b18-c3d8-468f-86b3-75b42abe2aa1,1,0.630,sanat,sinema,3.08,0,0,0
f43680a8-11d8-439a-a668-ffe68cd21916,1,1.000,cografya,cografya,1.91,0,0,0
f4398d74-9a73-4906-b659-7aac6fd8e59a,1,1.000,cografya,cografya,2.91,1,0,0
f443368d-09a0-4942-95f6-51c8484d39d1,1,1.000,sanat,sanat,3.42,0,0,0
f4434566-af77-483d-8cf7-a01e25d2379e,1,1.000,genel_kultur,tarih,1.75,0,0,0
f4493a92-70fd-4ce4-85ff-ff28fb652956,1,1.000,muzik,muzik,3.28,0,0,0
f4652e42-b4d9-4e02-8f64-dbe799bf1bd0,0,0.310,edebiyat,edebiyat,3.40,0,0,0
f49d733b-e210-4c4b-a163-747116689fc1,1,1.000,bilim,bilim,2.10,0,0,0
f4b07c08-9c77-413b-85f0-0cc5b29b27e5,1,1.000,genel_kultur,bilim,1.56,0,0,0
f4d0358e-9e51-4f76-b6ca-c92298a2dcd4,1,1.000,bilim,bilim,2.19,0,0,0
f4c0d532-30c4-4a94-8ffb-ab9ccb5514e1,1,1.000,genel_kultur,genel_kultur,1.88,0,0,0
f4c37de5-290a-42f6-939a-a70c6e4a5073,1,1.000,sanat,sanat,1.99,0,0,0
f4dbf87a-3f42-4ef5-8021-8300b34afe56,1,1.000,cografya,cografya,2.25,0,0,0
f4e2a1ed-dedd-4804-b6dd-50c62a757498,1,0.910,cografya,cografya,2.12,0,0,0
f4f51b79-e2f9-4036-be06-26b8e50d5ae3,1,1.000,bilim,bilim,2.26,0,0,0
f4eda11f-1925-43fb-b3b5-7b4d1c3440f8,1,0.890,tarih,tarih,3.39,0,0,0
f4f5fe44-3d76-4761-9b91-70a7f3585828,1,1.000,genel_kultur,bilim,1.97,0,0,0
f4fae9f8-c0a2-47dd-96ee-cbedb85d6b4c,1,1.000,cografya,bilim,2.38,0,0,0
f4feb464-21fd-4b3e-913b-c788341bd854,1,0.870,edebiyat,edebiyat,2.38,0,0,0
f5068789-d562-4bbf-af23-6dd76f8aee06,1,1.000,tarih,tarih,2.65,0,0,0
f5087292-99ec-4b05-ba46-6fa6b16943d4,1,0.990,tarih,tarih,2.64,0,0,0
f515f627-a170-45f6-8aa3-9fb1838f882f,1,1.000,sanat,sanat,1.44,0,0,0
f5189805-6aa5-4445-82e3-b642eea11156,1,1.000,muzik,muzik,1.80,0,0,0
f52219c0-25d7-485d-b32e-7ca4db75a9c9,1,1.000,muzik,muzik,2.64,0,0,0
f51f7583-67d2-4297-b2c9-90a20bc4f9d6,1,1.000,teknoloji,teknoloji,3.99,0,0,0
f5257876-e6a7-4e65-8266-497bad1f16fd,1,1.000,tarih,tarih,2.61,0,0,0
f538a622-ec25-4853-bf46-19e7943a7823,1,0.950,muzik,muzik,3.63,0,0,0
f53a9861-c262-431b-a062-27e21cff7de2,1,1.000,cografya,bilim,1.83,0,0,0
f53d3bff-231f-4902-a473-aa402344756c,1,1.000,muzik,muzik,1.30,0,0,0
f53ae9c7-514e-44f2-a2a3-b83abe36bc87,1,1.000,muzik,muzik,2.57,0,0,0
f548fea8-3b35-4839-9f6d-197218845099,1,1.000,sinema,sinema,1.42,0,0,0
f551b869-edc4-49ef-801f-29434b4f7345,1,1.000,spor,spor,3.09,0,0,0
f564b68b-6763-493c-a179-dff002f70799,1,0.990,cografya,cografya,3.38,0,0,0
f57309e8-5e6a-4dbc-b440-61d89fce944e,1,0.780,edebiyat,edebiyat,3.24,0,0,0
f57e810a-1ed5-462a-bdf5-e1bc392e2fd9,1,1.000,teknoloji,teknoloji,3.83,0,0,0
f577da0a-ffef-4769-a0b4-62ede5c244f8,1,1.000,edebiyat,edebiyat,2.01,0,0,0
f581ccc4-fb91-42a7-aa55-e3e0842a6f9a,1,0.740,cografya,cografya,3.60,0,0,0
f58c8a61-a802-4af5-be79-aa9747d0ebf3,1,1.000,tarih,tarih,2.18,0,0,0
f59a53f1-ccc1-4167-9daa-a837438234f2,1,1.000,bilim,bilim,1.95,0,0,0
f5af6cd6-26a8-4b10-86c9-d7fdedc576a0,1,1.000,sanat,sanat,2.93,0,0,0
f5b0bbad-7298-4738-b0d9-e489ae8290f0,1,1.000,edebiyat,edebiyat,1.94,0,0,0
f528b587-2115-43ab-8e18-40d7f3918e20,1,0.980,cografya,cografya,3.11,0,0,0
f5b40b80-a674-484c-8db8-2d6b51da5f04,1,1.000,teknoloji,teknoloji,1.87,0,0,0
f5c87b9e-7cc5-4576-8c7f-fe0ea60b828f,1,1.000,muzik,muzik,3.96,0,0,0
f5d281cb-b7bc-471b-9839-d64a5fbdd920,1,1.000,tarih,tarih,2.99,0,0,0
f5d2ec9d-f4db-48cb-9953-b0eefbcdebba,1,1.000,teknoloji,teknoloji,3.23,0,0,0
f5d35384-9f42-4cba-aaf1-ff8d5d10ac09,1,1.000,genel_kultur,spor,1.33,0,0,0
f5d4ef68-dfd9-4e58-9f93-f68fb352d6e3,1,1.000,spor,spor,3.35,0,0,0
f5d55e47-fbe0-4158-88ff-f2a470998423,0,0.720,cografya,cografya,3.11,1,0,0
f5d9d92b-5d8b-46cc-81c9-d57e58ac855e,1,0.990,muzik,muzik,3.75,0,0,0
f5e35b0e-7f93-4b80-9851-6eb05967ccae,1,1.000,cografya,bilim,3.11,0,0,0
f5f04c94-67f2-4239-a3c1-9d18af486d82,1,1.000,genel_kultur,tarih,2.57,0,0,0
f60895cb-1219-4e08-a818-73869683bb10,1,1.000,tarih,tarih,1.91,0,0,0
f613c17a-f7dc-4945-8697-7cad1c556664,1,1.000,tarih,tarih,2.00,0,0,0
f60fc5e4-094d-4f19-b6a9-8a8ee92efb30,1,1.000,edebiyat,edebiyat,2.87,0,0,0
f61db4aa-76d5-4016-bc4b-23610f672db6,1,1.000,sanat,genel_kultur,2.25,0,0,0
f61e4e86-4b9c-423b-90f9-94180417b911,1,1.000,sinema,sinema,3.95,0,0,0
f6238189-5f73-493b-a7be-9d81bc58b411,1,1.000,edebiyat,edebiyat,1.94,0,0,0
f62d2e31-0010-45c6-abe2-ad5e5adbb555,1,1.000,tarih,tarih,3.50,0,0,0
f6349bb6-ab62-4414-bb6a-6dcaae115033,1,1.000,cografya,cografya,2.33,0,0,0
f6398822-c00e-40e9-ace4-3e5b7a935468,1,1.000,tarih,cografya,2.60,0,0,0
f64554f7-7a2a-4f85-83a9-7b7e5c512e8f,1,1.000,sinema,sinema,2.60,0,0,0
f652d564-0d4d-4110-bcb0-d7f84fba5d9d,1,1.000,bilim,bilim,1.30,0,0,0
f656c283-45d9-4bb7-ab33-15c72f63b04e,1,1.000,bilim,bilim,2.01,0,0,0
f66da180-172d-4d3e-af4f-5b3895333e20,1,1.000,edebiyat,edebiyat,3.11,0,0,0
f672d030-0096-4e82-addf-c849aa280130,1,1.000,cografya,cografya,2.20,0,0,0
f684b9b5-4de2-44c8-bac9-f3714910d2e4,1,1.000,tarih,tarih,2.23,0,0,0
f673d0cc-356f-45cf-95e8-007b11e4a14b,1,1.000,teknoloji,teknoloji,2.27,0,0,0
f6860f80-fe2e-4b77-8a56-7a347ff5c787,1,1.000,cografya,cografya,2.01,0,0,0
f68906f7-c498-4ed9-899d-078d3ecf9adf,1,1.000,muzik,muzik,2.23,0,0,0
f6948177-66a3-44aa-97b8-8c862bad2839,1,0.980,muzik,muzik,2.12,0,0,0
f6962c61-045b-4d4e-80b2-eb7a6e792cd8,1,0.970,muzik,muzik,2.84,0,0,0
f6a97b90-0c76-45ba-ae8e-afede18c1c62,1,1.000,sinema,sinema,2.76,0,0,0
f6ab45b9-425d-4ac0-9bc9-0d40cd2dd604,0,0.710,edebiyat,edebiyat,3.37,0,1,0
f6aa2211-226b-46d9-8570-c799e5ad4991,1,1.000,sanat,sanat,2.80,0,0,0
f6b1912a-7101-4781-a267-113985739827,1,1.000,cografya,cografya,3.31,0,0,0
f6ae0790-c5dd-41d3-a59c-1daaa29bad4d,1,1.000,tarih,tarih,1.57,0,0,0
f6b41e09-8294-48e4-89d0-89afd5d1f671,1,1.000,cografya,cografya,2.62,0,0,0
f6bc5719-ed27-468e-928c-08e8a4e66ae3,1,1.000,sanat,sanat,1.21,0,0,0
f6c8026f-8a1a-47a4-a454-63d6a1b58bf8,1,0.580,sinema,sinema,3.42,0,0,0
f6c9147f-6c6c-425f-83b6-15bae51d4ee4,1,1.000,bilim,bilim,1.90,0,0,0
f6e0d35a-a10c-464d-a7b2-37e24f042b16,1,1.000,sinema,sinema,2.09,0,0,0
f6efd8aa-cdda-496c-8a1d-30398f328dcc,0,0.550,cografya,cografya,3.66,0,1,0
f708c5aa-a4b0-440e-b2e1-ac392227c122,1,1.000,sanat,sanat,2.05,0,0,0
f70eb1fa-5c91-4cb4-98e0-905d1c6ac27d,1,1.000,genel_kultur,bilim,1.90,0,0,0
f6ffcc05-fadc-43f9-956a-dee0f7f14237,1,1.000,edebiyat,edebiyat,2.34,0,0,0
f6c6796b-6710-457a-b6f7-a7e45c546f82,1,0.990,spor,spor,2.37,0,0,0
f71420d1-3034-4a1e-aec2-407cf000e3f9,1,1.000,edebiyat,edebiyat,1.18,0,0,0
f7151070-6490-4735-80bd-dd983028a0c0,1,1.000,genel_kultur,bilim,1.18,0,0,0
f71da1a5-7dcc-40d4-8c4f-05cedd55aaa3,1,1.000,cografya,cografya,1.77,0,0,0
f71487e2-d6b7-4fbc-9b27-1221992c64f9,1,0.910,spor,spor,3.28,0,0,0
f7208a5e-8129-4e53-9dbd-e8384424a101,1,1.000,cografya,cografya,2.00,0,0,0
f7220554-8b7c-461a-b8b6-4444034c03f8,1,1.000,cografya,tarih,2.06,0,0,0
f72bac14-f614-4faa-b5fe-2f7c4dc0fff4,1,1.000,spor,spor,1.98,0,0,0
f72a79a5-9d2b-4554-8f62-8f4750cb238c,1,0.920,sanat,sanat,3.68,0,0,0
f72ed069-3f8a-435c-8ba1-d1b9005abc2c,1,0.820,sinema,sinema,2.69,0,0,0
f72649cc-f954-4793-9311-006d24efec56,1,1.000,cografya,tarih,2.24,0,0,0
f7323df8-cc17-42c6-ae87-944d97a62a22,1,1.000,teknoloji,teknoloji,3.47,0,0,0
f73c4940-87cb-4521-a39f-0afc1daf39f6,1,1.000,sinema,sinema,2.98,0,0,0
f738385f-659c-451f-93f3-1a9602a52e1d,1,1.000,sanat,teknoloji,2.20,0,0,0
f7503a23-d71a-4247-9d6a-fdf7cabbcb2c,1,1.000,muzik,muzik,3.13,0,0,0
f73d592a-fd2a-4805-a72a-cda47c3c5408,1,1.000,edebiyat,edebiyat,2.36,0,0,0
f75c493a-32e4-4ca1-a98f-bca6304c8fb6,1,1.000,sinema,sinema,2.69,0,0,0
f767b244-297f-4ea0-833f-41c87364a77d,1,1.000,spor,spor,2.06,0,0,0
f7692cbf-da26-4deb-908c-150ccc23b9f7,1,0.990,tarih,tarih,2.16,0,0,0
f76e74de-87fd-4b37-bec7-b984279cb0ee,1,0.980,sinema,sinema,4.02,0,0,0
f772f6ba-aa8a-4387-a36a-cfd2e39e5610,1,0.790,edebiyat,genel_kultur,1.63,0,0,0
f773af28-0a82-4b72-9487-f0a543a4ac43,1,1.000,sinema,sinema,2.17,0,0,0
f77ca189-e4bc-4e71-b19b-eb4d663ca480,1,1.000,teknoloji,teknoloji,3.11,0,0,0
f78bc9e2-40b0-469e-9306-8c52e34c0099,1,1.000,bilim,bilim,2.03,0,0,0
f781443d-5ebf-4dcc-bae6-d5fadbb1b692,0,0.190,cografya,cografya,2.77,0,0,0
f7979e2f-7477-4f76-8154-acd0edb8524f,1,0.960,edebiyat,edebiyat,2.67,0,0,0
f794f269-9d57-44a4-8178-8bd8c0faf793,1,1.000,cografya,cografya,2.58,0,0,0
f79e8f63-43ea-437c-a058-b46070ece0a9,1,1.000,tarih,tarih,2.07,0,0,0
f7b7d894-634c-4436-a594-65513490dc73,1,1.000,cografya,bilim,3.23,0,0,0
f7a20785-5a42-4b65-a78b-8bdeb40ca664,1,1.000,spor,spor,2.01,0,0,0
f7c713b9-2c38-4e04-ae0d-be7ad30890a1,1,1.000,sanat,teknoloji,1.95,0,0,0
f7b82ec0-a855-4ade-bf31-8d649ad8a7e4,1,0.370,cografya,cografya,2.91,0,0,0
f7c7fce4-1fac-48d3-82fd-6ac5c55486c5,1,1.000,spor,spor,2.89,0,0,0
f7d3945e-617d-4556-8fbc-725980853c2f,1,1.000,edebiyat,edebiyat,2.54,0,0,0
f7d5c204-78e3-45dd-b082-d94789daa22a,1,0.980,edebiyat,edebiyat,3.64,0,0,0
f7e0d0d5-77f2-4537-a595-5dec85524b0c,1,1.000,sanat,sanat,2.23,0,0,0
f7e1db2c-00a6-4415-8fa0-a3b31a3b5066,1,0.950,edebiyat,edebiyat,2.38,0,0,0
f7e394c4-da11-47c3-afb8-b18c1d22911a,1,1.000,muzik,muzik,3.88,0,0,0
f7f56af4-60e8-45e5-9565-8fa2046c8072,1,1.000,genel_kultur,edebiyat,2.72,0,0,0
f7f57ada-f2b7-496b-be4d-7729692a0f3e,1,1.000,sinema,sinema,3.89,0,0,0
f80839c5-3757-4558-bbf4-37f9f1a40e11,0,0.520,edebiyat,edebiyat,3.41,0,0,0
f812d3e2-f458-4879-b491-17af5ebcc3ed,1,1.000,cografya,cografya,1.80,0,0,0
f8268437-3b81-4e7b-83be-3241c9bde783,1,1.000,bilim,bilim,1.89,0,0,0
f819f887-e8ae-4a84-a177-7b68eb9f7119,1,1.000,sinema,sinema,2.69,0,0,0
f828d624-8afd-4760-9984-fc8cb5bb66e2,1,0.890,genel_kultur,bilim,2.78,0,0,0
f82962a8-a3db-4f67-9f03-e1e457f7155f,1,0.980,cografya,cografya,2.28,0,0,0
f82e6d16-72e3-4468-a038-a7db85395da3,1,1.000,bilim,bilim,2.29,0,0,0
f838562d-e208-465b-832f-1d7122fd245e,1,1.000,spor,spor,2.03,0,0,0
f837993f-176e-4e2e-ae31-6be8c6bc1aa6,1,1.000,sinema,sinema,2.09,0,0,0
f84b0997-02a9-45dd-a218-c5565bf24e15,1,1.000,sinema,bilim,3.75,0,0,0
f84b21c2-d67f-4dc8-a1a7-08d9e0d45b7b,1,1.000,tarih,tarih,1.99,0,0,0
f84df9db-b88f-480f-aa01-91e87e352fbb,1,1.000,muzik,muzik,3.28,0,0,0
f856f9c7-2dab-479d-ae7c-9ceeed9fd03a,1,1.000,muzik,muzik,2.65,0,0,0
f851f25f-24b3-468a-8215-2d26f0b085a6,1,1.000,sanat,sanat,1.30,0,0,0
f85d8d7c-fe2a-4632-924e-88d65c9d34cc,1,1.000,genel_kultur,genel_kultur,1.94,0,0,0
f86c27f5-a215-4a7d-bcd0-a52ceaf9c380,1,1.000,edebiyat,edebiyat,2.94,0,0,0
f8785e07-621d-4ccf-9b24-a5e78fb7067e,1,0.980,bilim,bilim,1.94,0,0,0
f87d9f7d-5c39-4824-8ea3-8490b3003722,1,1.000,cografya,cografya,2.07,0,0,0
f8824e04-9a02-40b4-ba50-55aee7211d4a,1,0.990,muzik,muzik,1.96,0,0,0
f883e15f-aeb3-4c8d-86f0-f321e697613c,1,1.000,edebiyat,edebiyat,3.29,0,0,0
f885ee49-fd56-4b7b-9839-d33bc6c4af0f,1,1.000,sinema,sinema,3.03,0,0,0
f886a422-b085-4643-9749-f8c31b33532b,1,1.000,muzik,muzik,2.22,0,0,0
f88a0d24-9ee9-4570-8320-4a42812e7504,1,1.000,tarih,tarih,2.88,0,0,0
f891654c-bf7a-4535-b722-9a56bd32118c,1,1.000,cografya,cografya,1.84,0,0,0
f8a1718b-41a4-49f3-aed8-3688fddeb4cb,1,0.240,cografya,cografya,3.68,1,0,0
f89f8672-7af8-43e5-8205-bf07f68e5659,1,0.990,genel_kultur,cografya,2.80,0,0,0
f8a33cf2-3ac0-478b-918f-d91912a5c3e5,1,1.000,sanat,sanat,2.07,0,0,0
f8a51d52-ac2f-4219-b966-b059276cee07,1,0.970,cografya,cografya,2.15,1,0,0
f8ada875-8429-491e-abce-fc771ae9bcf1,1,1.000,cografya,tarih,2.68,0,0,0
f8a5de58-44ff-480f-9281-2a00d50b3554,1,1.000,teknoloji,teknoloji,3.68,0,0,0
f8bf608d-7dcc-4412-9850-99fefe106dfd,1,1.000,cografya,cografya,2.49,1,0,0
f8c14fcc-ac6f-4851-abe1-82ca3cd9fe3d,1,1.000,sinema,sinema,2.37,0,0,0
f8f72d05-94e3-4175-9ad4-748d98919d38,1,1.000,sinema,sinema,3.40,0,0,0
f90b5913-5ea1-4b51-bd2f-bc2bb5b94e23,1,1.000,spor,spor,1.79,0,0,0
f8fe8aee-fbdb-4091-8e00-95ec1f0e6eed,1,0.980,cografya,cografya,2.08,0,0,0
f90bdbb2-9a03-48ae-98d0-51b039c0436c,1,1.000,cografya,bilim,2.18,0,0,0
f906fb89-a389-4eee-918c-f86ba0f00fdf,1,0.990,sinema,sinema,3.22,0,0,0
f9130e1c-bcd2-4391-9bef-24ee5b1417a4,0,0.400,cografya,cografya,2.58,0,1,0
f9192d03-b190-4ff2-80de-6501abf08c80,1,1.000,teknoloji,teknoloji,3.50,0,0,0
f919b569-5b00-4987-87bb-5504183bafbf,1,1.000,sanat,sanat,3.44,0,0,0
f91c69fe-15ca-478e-b0e3-5565b1d63f04,1,1.000,bilim,bilim,1.94,0,0,0
f939148a-2c92-4175-b886-5a55ffd1a17c,1,0.970,muzik,muzik,2.11,0,0,0
f93db3f4-205a-4515-b9d4-3784c03bc3eb,1,1.000,muzik,muzik,1.16,0,0,0
f94d4290-2f37-43d7-b565-ea760da05a31,1,1.000,sinema,sinema,1.87,0,0,0
f953ac6b-8eb2-4a7a-95b6-f6e6f4fad64c,1,1.000,tarih,tarih,2.74,0,0,0
f9416107-2fd5-4897-91ef-a2af56b4ec6f,1,1.000,sanat,sanat,2.62,0,0,0
f9565785-76ee-4357-bcf9-e6a549f23b12,1,0.990,cografya,cografya,2.44,0,0,0
f95eb9e8-ebaa-4b6c-9ae3-5e6ef5fa69e3,1,1.000,genel_kultur,bilim,1.48,0,0,0
f9651604-8c3e-4cad-b01f-86d71013c7e1,1,1.000,bilim,bilim,2.64,0,0,0
f96555cd-8d62-4063-ab45-738c2a6ed7b7,1,1.000,cografya,cografya,2.48,0,0,0
f967150f-c654-49b8-8eb6-88c0ba76766b,1,1.000,teknoloji,teknoloji,3.76,0,0,0
f97bfb83-17db-43f5-b998-e4d8a9f0c4ed,1,1.000,bilim,bilim,1.90,0,0,0
f98a1a22-758a-4deb-9c4a-a4b50d40cb1c,1,1.000,cografya,cografya,1.95,0,0,0
f98f6362-8e8a-4298-9fdc-25f65e623dea,1,1.000,teknoloji,teknoloji,2.56,0,0,0
f9a16bcd-f271-41f4-b5f0-285f2cbace6e,1,1.000,bilim,bilim,2.00,0,0,0
f9a6316f-bd87-4056-b7c4-b9b4786e0a7a,1,1.000,cografya,cografya,1.79,1,0,0
f9ab3b32-9766-440a-bd2b-b604c0bd5ffd,1,1.000,edebiyat,edebiyat,1.94,0,0,0
f9add645-887d-45dd-9086-a93f210325e4,1,1.000,teknoloji,teknoloji,3.99,0,0,0
f9b16c8e-1229-47bd-b166-0ccc67d03eca,1,1.000,sanat,sanat,2.49,0,0,0
f9b6b318-b508-456b-af89-cbf55874a45f,1,1.000,cografya,bilim,2.79,0,0,0
f9b62262-e700-41db-9b69-f4f3c0d6dfdb,1,1.000,cografya,cografya,1.72,0,0,0
f9c15867-d571-4186-ab83-899b8ff7ed53,1,1.000,sanat,sanat,2.25,0,0,0
f9d1ded8-a2ee-4ab4-a2d2-3f032ac190d4,1,1.000,teknoloji,teknoloji,3.86,0,0,0
f9c87931-143f-481a-8893-bd5c6d6cefc0,1,1.000,tarih,tarih,2.45,0,0,0
f9d72ff9-874f-4641-a3ac-50523d19acd4,1,1.000,tarih,tarih,2.09,0,0,0
f9e8fb29-9005-4463-aeca-5c0a6b80b517,1,1.000,muzik,muzik,2.24,0,0,0
f9ed115a-9f0f-4a87-a185-9c88fecbb3e8,1,1.000,bilim,bilim,1.73,0,0,0
f9f6c691-cebd-4414-82eb-54d0f16cdf95,1,1.000,teknoloji,teknoloji,2.89,0,0,0
f9f56287-000e-477f-98ac-3379063fcaf1,1,1.000,genel_kultur,cografya,2.51,0,0,0
f9f9b571-59c7-40a4-97e1-7336973997fb,1,1.000,cografya,cografya,2.54,0,0,0
f9ffd3e1-b207-4299-8026-0ff526ccc727,1,0.940,muzik,muzik,3.40,0,0,0
fa1986b7-718f-4cfa-8d4a-e7dcdfaec547,1,1.000,muzik,muzik,2.44,0,0,0
fa42c734-f05f-4ab8-9bc2-c85563e8974c,1,1.000,teknoloji,teknoloji,3.56,0,0,0
fa2390c2-d897-494b-aa52-c99c8ccbb6a3,1,1.000,muzik,muzik,2.17,0,0,0
fa540f1a-f4c3-4534-b31f-89f02ff72c74,1,1.000,cografya,bilim,1.84,0,0,0
fa5e94bf-e039-49f9-9b9a-5eae2686945f,1,1.000,genel_kultur,cografya,1.81,0,0,0
fa75cef6-4230-4f3a-9ae2-4fda98ae15f2,1,1.000,sanat,sanat,1.73,0,0,0
fa8fe839-ba77-4ff0-806a-729552f53a76,0,0.230,edebiyat,edebiyat,3.45,0,0,0
faa3f36a-8184-4b78-935d-3d50aca4d9b4,1,1.000,sanat,sanat,2.69,0,0,0
faa44def-b1f5-4a5f-ab25-8b40a9fc9f6a,1,1.000,genel_kultur,genel_kultur,1.30,0,0,0
faa5f8be-aeb8-40ee-80da-da281d51d994,1,1.000,spor,spor,1.16,0,0,0
fab44523-b277-4d5e-9c1e-ac8c0d3e87b1,1,0.660,edebiyat,edebiyat,3.27,0,0,1
fabed7b2-6b08-4c40-a786-ed9deeb16d16,1,1.000,sanat,sanat,2.22,0,0,0
fac34bc1-b07a-4367-ba64-fcee28f55ae0,1,1.000,sinema,edebiyat,2.81,0,0,0
fad8ecd7-2a9d-458d-8a83-cb5decb6f67f,1,1.000,bilim,bilim,3.19,0,0,0
fae6c08b-cc6e-4cfc-8197-331e96e2f706,1,0.690,edebiyat,edebiyat,2.39,0,0,0
faea2a6a-826f-4d1e-ab6b-c270cf868a0b,1,0.410,muzik,muzik,3.96,0,0,0
faf9ba1b-393a-4ed4-ad8a-6797140a01b4,1,1.000,teknoloji,teknoloji,3.01,0,0,0
fb15bc48-e82f-46f6-8eca-adeb7644234c,1,1.000,cografya,cografya,1.92,0,0,0
fb128493-e31f-4e67-8bb9-0fe3742d8a25,1,1.000,cografya,bilim,3.04,0,0,0
fb17527a-6f06-43c2-88f7-6c9ba394ebd8,1,1.000,cografya,cografya,1.09,0,0,0
fb2bb4da-e2a6-4b7f-9905-79607a1c73d5,1,1.000,muzik,muzik,2.88,0,0,0
fb264a5c-4acc-4a1d-9337-527cf5e964d6,1,0.440,cografya,cografya,3.53,0,0,0
fb4291fc-22c2-47c2-b6c3-3513ab01e6a5,1,1.000,cografya,cografya,2.45,0,0,0
fb6ab553-9bb5-49cc-b882-c1b73e27cd9c,1,1.000,cografya,cografya,2.86,0,0,0
fb7641ea-4680-4cda-a7d4-a5fa5cde5326,1,0.460,sinema,sinema,3.08,0,0,0
fb77343b-dad2-47e4-988b-fe65e8eaad0f,1,1.000,bilim,bilim,2.12,0,0,0
fb7ef7c2-3036-4d7e-8cf6-00c60ac33775,1,1.000,cografya,cografya,2.24,0,0,0
fbab201a-99ea-4893-8d0c-f7487f156af7,1,1.000,cografya,cografya,1.97,0,0,0
fbade3b9-502e-4f96-a260-515cc05ce7e0,1,0.090,edebiyat,sanat,3.19,0,0,0
fbb203f8-8a92-479a-85f7-c0c8bec2fbc3,1,1.000,spor,spor,2.49,0,0,0
fbc0dd7f-0b3c-4710-8b07-194094f7035e,1,0.990,spor,spor,2.69,0,0,0
fbc3c3f6-e858-463e-a7a3-fefebdbbec4b,1,0.970,edebiyat,edebiyat,2.44,0,0,0
fbc612a2-67ad-4aef-96a6-a9c1829699a6,0,0.780,edebiyat,edebiyat,3.24,0,1,0
fbcffc90-8664-497f-b36a-b2384bd72ded,1,0.920,genel_kultur,cografya,2.99,0,0,0
fbd9b765-b8cd-4910-83ed-0fdcac3923ca,1,0.520,edebiyat,edebiyat,2.50,0,0,0
fbdc43b4-6d03-4081-b634-7b10a4b1c4ef,1,1.000,sanat,sanat,2.18,0,0,1
fbe8f3c0-eac7-4fab-bf02-351aa8deb17b,1,0.830,spor,spor,2.74,0,0,0
fbfd37ae-a26a-4309-ae19-9e51a9dc2265,1,1.000,edebiyat,edebiyat,2.51,0,0,0
fbf516eb-b8fb-4b3d-b69d-26c60b414bef,1,1.000,cografya,cografya,1.93,1,0,0
fc09a085-2f9d-4580-9de1-e0c4b0e197fc,1,1.000,sanat,sanat,1.94,0,0,0
fc1a3269-7271-430d-8f6a-c56d931eda4a,1,1.000,bilim,bilim,2.71,0,0,0
fc22e9e8-eac5-4b02-a303-014271cc008f,1,1.000,genel_kultur,bilim,2.11,0,0,0
fc2aa04f-8718-4157-8c2a-e1c58e925f0f,0,0.800,genel_kultur,tarih,3.44,0,1,0
fc346ba3-9b60-462a-8eb2-89e0f7bd89ed,1,1.000,sanat,genel_kultur,1.74,0,0,0
fc456e06-5756-469b-af79-6e1b14214d31,1,1.000,muzik,muzik,2.23,0,0,0
fc4b42b0-9fbd-42c5-90c3-8f4a34903f6c,0,0.670,cografya,cografya,3.69,0,0,0
fc4d3bb0-f628-4254-a168-2b2b891f9407,1,1.000,teknoloji,teknoloji,2.52,0,0,0
fc52bad7-c5f8-46ec-b7f0-3d2e37fe2bcd,1,1.000,tarih,tarih,2.51,0,0,0
fc5c65b1-f5ba-44ab-b6c3-9d73bb92e04a,1,1.000,cografya,cografya,2.38,0,0,0
fc5d7e13-5877-4124-83d9-748d350b3edf,1,1.000,cografya,cografya,1.56,0,0,0
fc2c4a6c-ffcd-4546-9d8b-a55933dd9111,1,1.000,teknoloji,teknoloji,2.91,0,0,0
fc60fd93-8884-43bd-a105-5fb3924d3733,1,1.000,cografya,cografya,2.38,0,0,0
fc61983c-6ac2-4884-ab9d-e8ad230517b9,1,0.900,tarih,tarih,3.64,0,0,0
fc7f3062-419c-4254-ad4b-ccf7198ccf55,1,1.000,bilim,bilim,1.96,0,0,0
fc73d9d3-703f-4a24-92bf-27c2a4fefa51,1,1.000,bilim,bilim,1.92,0,0,0
fc6a9833-07fa-4a91-a52a-912a401ac06d,1,0.960,spor,spor,1.80,0,0,0
fc85713b-68e6-484f-850e-fe499e25fa99,1,1.000,bilim,bilim,1.83,0,0,0
fc9164cc-54c5-46f0-8156-d25aaa8bc4e8,1,0.480,edebiyat,edebiyat,2.92,0,0,0
fc93dec5-2871-4cfd-ac8c-d2e1cf800b58,1,1.000,bilim,bilim,2.15,0,0,0
fc9b8eff-47df-4778-8439-cfc1896db09d,1,1.000,tarih,tarih,2.31,0,0,0
fca1182c-d099-443e-81a4-fe59ab5a19ed,1,0.680,edebiyat,edebiyat,3.46,0,1,0
fca589d5-d296-4e17-9d41-2ce1ccc4aaae,1,1.000,spor,spor,3.40,0,0,0
fcb48486-dd12-4776-a975-79c720718471,1,0.990,cografya,cografya,2.57,0,0,0
fcc5e48e-efd0-4342-bafc-9a10afaf25f5,1,1.000,sinema,sinema,3.11,0,0,0
fcc3a668-5b3c-4a38-80a1-484e8ac43bf2,1,0.600,cografya,cografya,2.60,0,0,0
fcce7950-82a5-4d75-ac60-fee7c71aa3d8,1,1.000,cografya,cografya,1.72,0,0,0
fcd0bdbb-295e-43c2-aca9-322e9c490ce7,1,0.990,tarih,tarih,3.68,0,0,0
fcd257a3-7979-4b96-a711-b0961d0b7686,1,1.000,spor,spor,1.79,0,0,0
fcde8392-7926-405c-943b-f1a09f4981a2,1,1.000,sinema,sinema,2.50,0,0,0
fceaa176-ce97-4a6a-83ba-0e78deb8f69a,1,1.000,spor,spor,2.14,0,0,0
fd15e548-472e-4a7d-b77f-fe2749a9c774,1,1.000,muzik,muzik,2.20,0,0,0
fd1c1de1-fd5c-4cb3-87f3-a7096c3ab438,1,1.000,genel_kultur,genel_kultur,1.00,0,0,0
fcf31a5d-8217-4f62-ae87-e30a18318d16,1,0.720,tarih,tarih,2.80,0,0,0
fd1c33a0-a0cc-421e-8575-ed38cdab2f93,1,1.000,bilim,bilim,2.00,0,0,0
fd3cb7f8-508b-4448-9d84-e9794bf45b89,1,0.890,sinema,sinema,3.19,0,1,0
fd3fa880-d0e5-48db-93f7-c728c4f0ee57,1,1.000,tarih,sanat,2.26,0,0,0
fd557b4e-4ff5-4637-8b1a-970c87b949da,1,0.880,cografya,cografya,3.37,0,0,0
fd561eaf-29d5-409d-b5d2-e28d33e4d2f4,1,1.000,cografya,cografya,1.71,0,0,0
fd59272a-37d0-4ef8-92e2-4d963a4d7ffa,1,0.990,edebiyat,edebiyat,2.08,0,0,0
fd61ee68-9357-4770-aa51-51f19f4f4384,1,1.000,cografya,cografya,2.76,0,0,0
fd72108d-6b86-402a-8743-62270ab4f246,1,1.000,edebiyat,edebiyat,2.07,0,0,0
fd82df61-e489-4cf1-bf82-d266154bde35,1,1.000,cografya,cografya,2.17,0,0,0
fd82e0d4-406c-4cb6-aa1e-bae58d208f90,1,1.000,cografya,cografya,2.26,0,0,0
fd84064a-6011-4f22-ac2a-a2db578a9dae,1,1.000,sinema,sinema,3.08,0,0,0
fd94a4af-6c97-43ab-8056-d0c3418e2a5f,1,1.000,cografya,teknoloji,2.55,0,0,0
fd9ce03f-a23f-4858-b02f-54c782ca2da8,1,1.000,genel_kultur,genel_kultur,1.69,0,0,0
fd9f0aff-54fa-4f5c-8520-660937ce4f9b,1,0.830,cografya,cografya,1.89,1,2,0
fdc060fd-70ee-46b1-b665-6880b8c543f9,1,0.980,muzik,muzik,4.02,0,0,0
fdd089cd-500a-4f36-9810-212bb2453ae0,1,1.000,spor,spor,2.43,0,0,0
fdde4560-3758-41a7-8c35-c0d22beb200b,1,1.000,bilim,bilim,1.85,0,0,0
fde67c22-3f4b-4968-87c5-5b2188361664,0,0.370,sanat,sanat,3.97,0,0,0
fdf10b30-5514-4831-aa3c-dd0532fa1c04,1,1.000,genel_kultur,genel_kultur,1.44,0,0,0
fe1c9766-317a-47b5-99a0-4cec99657ff1,1,1.000,genel_kultur,genel_kultur,1.99,0,0,0
fe24fd40-4170-4a3b-a78e-147aa542445a,1,1.000,teknoloji,teknoloji,2.36,0,0,0
fe26a5cd-e5c5-4407-a4d2-f0f4fbc9011a,1,1.000,cografya,genel_kultur,1.48,0,0,0
fe31ad3e-4f8c-4ab8-aaa5-850ecbc0e1d4,1,1.000,bilim,bilim,2.27,0,0,0
fe384c1b-9cfc-4eb2-9c7e-9397ba630066,1,1.000,cografya,cografya,1.75,0,0,0
fe3f6e3c-2633-4922-b727-65594954818c,1,1.000,cografya,cografya,2.02,0,0,0
fe413f11-0102-4b83-aa5c-f56534b4e757,1,1.000,spor,spor,1.98,0,0,0
fe447983-e23a-4348-bda2-d9d6e2dd9b41,1,1.000,cografya,cografya,2.50,0,0,0
fe5507fb-78bf-4601-8d87-c40322e1dbbd,1,0.890,cografya,cografya,2.48,0,0,0
fe5f2f10-f958-466b-bacb-20fcd0457e05,1,1.000,bilim,bilim,1.38,0,0,0
fe71d6a2-5d33-4b79-8f27-e3c64e776ea0,1,1.000,cografya,cografya,2.01,0,0,0
fe9eff7b-e58d-4e9a-941d-27a691d246be,1,1.000,bilim,bilim,1.05,0,0,0
fe7cff4e-d06e-447f-bf64-466aa123f398,1,1.000,cografya,cografya,2.40,0,0,0
feadc955-9dbf-4369-b483-d90a3fb13400,1,1.000,edebiyat,edebiyat,2.18,0,0,0
feadf307-7f7a-4605-85eb-d390d9298844,1,1.000,genel_kultur,bilim,1.63,0,0,0
feb616fb-36c1-46bf-a003-e5396707cf79,1,1.000,teknoloji,teknoloji,2.09,0,0,0
feb674be-e077-49ee-87b9-84c01ab40bb3,1,0.990,spor,spor,2.53,0,0,0
feba5252-3897-4ddf-9f21-85fcfd21aa83,1,0.990,spor,spor,2.00,0,0,0
feba7d19-bf05-48b8-91e6-f0ee63c39222,1,1.000,teknoloji,teknoloji,2.77,0,0,0
fec8515e-9989-4c66-a523-10c605ffcf3d,1,1.000,genel_kultur,genel_kultur,2.22,0,0,0
fecfff3b-ffb3-4c21-a1e8-68478a83acc9,1,1.000,bilim,bilim,2.14,0,0,0
fedba4ea-8f2d-4a1b-ab23-5925fe96507f,1,1.000,tarih,tarih,2.38,0,0,0
fed55a28-3f2c-4e8f-8354-8b4ea9d2787c,1,1.000,tarih,tarih,1.53,0,0,1
fee5052e-cc0c-403b-9b8c-b03da3b6b8a2,1,1.000,bilim,bilim,1.20,0,0,0
fee7dd91-3495-4832-9e11-98ba3a09fd0d,1,1.000,cografya,cografya,2.70,0,0,0
fefb26e5-e3ca-4947-90ff-7db5f27ce723,1,1.000,muzik,muzik,2.44,0,0,0
ff020bcf-667b-4bff-abcc-616f6fbde881,1,1.000,edebiyat,edebiyat,2.90,0,0,0
ff0839af-ab60-4eea-a768-0f571b45d93a,1,1.000,bilim,bilim,1.15,0,0,0
ff0b92a9-8618-4300-b700-a3fff3041c2a,1,1.000,sinema,teknoloji,4.04,0,0,0
ff20d13c-6f4d-4932-b013-d3529f201203,1,1.000,sinema,sinema,1.47,0,0,0
ff2d0681-7733-40e3-ba87-aef97172ed97,1,0.960,spor,spor,3.42,0,0,0
ff3c3d6e-a5ae-4f27-95b3-ceb212af7663,1,1.000,edebiyat,edebiyat,2.02,0,0,0
ff35c4c5-6a86-4180-a2c9-94e007e328d8,1,0.680,cografya,cografya,3.53,0,0,0
ff40abee-64be-4611-a650-4095ba0b7004,1,1.000,bilim,bilim,2.32,0,0,0
ff4b4b2d-7977-44f7-b716-f0d6310a38f5,1,1.000,cografya,cografya,1.82,0,0,0
ff4a68e1-e8b4-409f-9da3-9bf8bac5fe7b,1,1.000,cografya,cografya,2.76,1,0,0
ff597039-c93e-47cb-b960-28f834dab717,1,1.000,cografya,cografya,2.17,0,0,0
ff610a2b-e4a2-4ed2-b659-a6c4bbe46eb2,1,1.000,bilim,bilim,1.45,0,0,0
ff79ee3c-048e-45cc-841f-fddc3eff2fc7,1,1.000,cografya,tarih,1.89,0,0,0
ff7ac38a-9b7b-4804-95b6-68b25d732dde,1,1.000,cografya,cografya,2.01,0,0,0
ff80f11e-7aff-4ebb-9e11-7a0cb55cb453,1,0.900,tarih,tarih,2.80,0,0,0
ff83d4d6-9983-4f94-8695-188092a11fd0,1,1.000,bilim,bilim,1.56,0,0,0
ff878ac1-bc94-41f7-aee1-3085dfbf9009,1,1.000,edebiyat,edebiyat,2.43,0,0,0
ff8b7907-eee3-4deb-86c9-fbe5f462d6b6,1,1.000,spor,spor,1.90,0,0,0
ff934607-fdd3-4acc-94b6-76ffd253c1dd,1,0.960,genel_kultur,cografya,2.64,1,0,0
ff95a514-54ee-49c4-baaa-685ca98bb692,1,0.400,muzik,genel_kultur,3.14,0,0,0
ff97b415-adf7-4411-8278-a21f55840d2f,1,1.000,sinema,sinema,2.12,0,0,0
ff9b86fe-b04c-4aaf-961c-172d34f81442,1,0.650,genel_kultur,sanat,3.61,0,0,0
ffabf8f9-4cd9-4c0d-845c-29e6bce5f41f,1,1.000,sanat,sanat,1.62,0,0,0
ffb71d7a-e2f4-4b49-9abc-ab7848d47f07,1,1.000,cografya,cografya,2.05,0,0,0
ffc0ae77-a486-4ea4-91de-eb6790ebadac,1,1.000,sanat,sanat,3.39,0,0,0
ffc144d0-faaa-4b0e-b471-d91d81e6c84a,1,1.000,spor,spor,2.58,0,0,0
ffc409ff-0257-41a3-8e82-8eb652e2cbf5,1,0.810,cografya,cografya,3.43,0,0,0
ffd3763d-7ca9-45bf-b003-3372d74dc257,1,1.000,edebiyat,edebiyat,2.95,0,0,0
ffd3be2f-ca04-496e-bc98-0a31afa0fbd5,1,1.000,bilim,teknoloji,2.01,0,0,0
ffdc3b91-034b-4af3-a1f0-78c9cc882305,1,1.000,sinema,sinema,1.28,0,0,0
ffc7adff-100e-42c2-92ac-1c31908705e1,1,1.000,cografya,cografya,2.19,0,0,0
ffe42b94-9527-439b-8dd2-1fd3b4992fb8,1,1.000,teknoloji,teknoloji,2.05,0,0,0
ffeac5c5-fc77-49eb-a33c-2698f94e26cd,1,1.000,tarih,tarih,1.31,0,0,0
fff9d730-dc8b-4f0e-bb89-a8ba92e1f4f4,1,1.000,bilim,bilim,1.49,0,0,0
fffff5e1-2c2b-4bca-ab1e-e65a2aa68cdc,1,1.000,muzik,muzik,3.87,0,0,0
