id,alan,eski,yeni,sebep,jev_guven,migration
053a7fb7-080f-465e-8984-12160f2ec4d9,questions.aktif,true,false,"2d çeviri: 1921 ve 1924 anayasalarının ikisi de ""Teşkilat-ı Esasiye Kanunu"" — TR ve EN çoklu doğru",1,20260612000316_soru_temizlik_pasif
06a589ca-dacf-4200-92e3-18015337151b,questions.aktif,true,false,"2c itiraz: ""en değerli taş"" Şah (vazgeçilmez) mı Vezir (en güçlü/en yüksek puan) mı — iki şık da savunulabilir",0.81,20260612000316_soru_temizlik_pasif
382ca1e0-3a6c-491e-96b6-205764ae35f4,questions.aktif,true,false,2b Jev ikinci geçiş: hassas,0.82,20260612000316_soru_temizlik_pasif
5c895c72-cdfa-4ba6-acd5-318da35c5ca0,questions.aktif,true,false,"2c itiraz: soru ""tam ses aralığı"" soruyor, şıklar nota sayısı; oktavda 6 tam ses / 12 yarım ses / 8 nota — doğru cevap net değil",0.85,20260612000316_soru_temizlik_pasif
77f16153-b221-4744-8db0-870d42db11e1,questions.aktif,true,false,2b Jev ikinci geçiş: hassas,0.83,20260612000316_soru_temizlik_pasif
7ab45305-86df-4ba6-b46a-1421f5ef459f,questions.aktif,true,false,2c itiraz: Hatşepsut da Kleopatra da Mısır'ı yöneten kadın firavun — çoklu doğru,0.9,20260612000316_soru_temizlik_pasif
92466ab9-81c6-4538-8189-9c397bfe32f4,questions.aktif,true,false,"2c itiraz: Çin Seddi uzunluğu tanıma bağlı (Ming hattı ~8.850 km, tüm kollar 21.196 km); ""ana hat"" belirsiz",0.9,20260612000316_soru_temizlik_pasif
8b64cc47-d5ab-4638-8aea-0ae2418739cc,question_translations(en).soru,Who prepares a book for printing?,Who edits a manuscript and prepares it for publication?,"2d çeviri: ""prepares a book for printing"" Typesetter'ı da doğru kılıyordu; editör işi açıkça yazıldı",0.99,20260612000316_soru_temizlik_pasif
00092ecb-349a-4102-a460-73460f2aa305,questions.kategori,sanat,edebiyat,2e Jev ikinci geçiş: kategori,1.00,20260612000317_soru_temizlik_kategori
004b41a2-b949-4c3f-b520-714da0172c3d,questions.kategori,genel_kultur,bilim,2e Jev ikinci geçiş: kategori,1.00,20260612000317_soru_temizlik_kategori
0068b933-d8d4-49ee-9537-d0db7db92a4b,questions.kategori,genel_kultur,cografya,2e Jev ikinci geçiş: kategori,1.00,20260612000317_soru_temizlik_kategori
0065cbce-94ab-4b94-b9d6-8287a66f8ec0,questions.kategori,genel_kultur,cografya,2e Jev ikinci geçiş: kategori,1.00,20260612000317_soru_temizlik_kategori
0127570b-c365-4bcd-a0d6-fe53fa230c1a,questions.kategori,genel_kultur,bilim,2e Jev ikinci geçiş: kategori,1.00,20260612000317_soru_temizlik_kategori
01881221-edc4-47ef-8379-943891cd2b2c,questions.kategori,sanat,sinema,2e Jev ikinci geçiş: kategori,1.00,20260612000317_soru_temizlik_kategori
00d1d1d1-471a-4902-bf96-addcbcb41f1b,questions.kategori,genel_kultur,tarih,2e Jev ikinci geçiş: kategori,1.00,20260612000317_soru_temizlik_kategori
01c92a51-4111-423e-84c7-bfac95d07dbd,questions.kategori,genel_kultur,sanat,2e Jev ikinci geçiş: kategori,1.00,20260612000317_soru_temizlik_kategori
01e8c52b-a691-4e07-b9e4-ccc4528c9021,questions.kategori,cografya,genel_kultur,2e Jev ikinci geçiş: kategori,0.98,20260612000317_soru_temizlik_kategori
022c98b1-9f8d-4da3-9d9c-bc32b3f435dc,questions.kategori,genel_kultur,bilim,2e Jev ikinci geçiş: kategori,0.99,20260612000317_soru_temizlik_kategori
02a58ee6-b919-4d9e-aa8c-4e4dbfa725c7,questions.kategori,genel_kultur,cografya,2e Jev ikinci geçiş: kategori,0.83,20260612000317_soru_temizlik_kategori
0231dc2c-9f14-4cc5-87bd-5545e9ab886c,questions.kategori,cografya,genel_kultur,2e Jev ikinci geçiş: kategori,0.96,20260612000317_soru_temizlik_kategori
02d9f80c-a192-4783-a733-07e2ce0d0307,questions.kategori,genel_kultur,cografya,2e Jev ikinci geçiş: kategori,0.91,20260612000317_soru_temizlik_kategori
0325ecc8-dced-4940-abe4-64dacc37c09e,questions.kategori,genel_kultur,cografya,2e Jev ikinci geçiş: kategori,1.00,20260612000317_soru_temizlik_kategori
033a8df4-ba60-44e3-a28a-2380d6731887,questions.kategori,genel_kultur,tarih,2e Jev ikinci geçiş: kategori,1.00,20260612000317_soru_temizlik_kategori
0355bb41-7198-471c-a68e-e4d112159a52,questions.kategori,cografya,genel_kultur,2e Jev ikinci geçiş: kategori,0.98,20260612000317_soru_temizlik_kategori
037fcf7f-a43c-4849-ad2d-d48751aaf646,questions.kategori,genel_kultur,cografya,2e Jev ikinci geçiş: kategori,1.00,20260612000317_soru_temizlik_kategori
03c22e5c-ca78-4b81-bc30-afdf51b81642,questions.kategori,bilim,teknoloji,2e Jev ikinci geçiş: kategori,1.00,20260612000317_soru_temizlik_kategori
03e3e2ef-a0ac-4cf4-af6f-11c0df94f8d1,questions.kategori,sanat,teknoloji,2e Jev ikinci geçiş: kategori,0.99,20260612000317_soru_temizlik_kategori
04292f2e-6141-4a15-9f7a-409206c345b9,questions.kategori,genel_kultur,bilim,2e Jev ikinci geçiş: kategori,0.82,20260612000317_soru_temizlik_kategori
0474dad6-4bd5-4ba3-9465-e4db5923c3ad,questions.kategori,sanat,genel_kultur,2e Jev ikinci geçiş: kategori,0.94,20260612000317_soru_temizlik_kategori
046b138a-1728-49fe-8538-98e95a8147d9,questions.kategori,genel_kultur,bilim,2e Jev ikinci geçiş: kategori,0.95,20260612000317_soru_temizlik_kategori
05049a1f-88e8-4613-8272-17cebb0ab75c,questions.kategori,sanat,sinema,2e Jev ikinci geçiş: kategori,1.00,20260612000317_soru_temizlik_kategori
056a156d-807f-410a-9d75-f7feed0d5a7a,questions.kategori,sinema,edebiyat,2e Jev ikinci geçiş: kategori,0.92,20260612000317_soru_temizlik_kategori
05ce2d35-95f2-46de-97fc-9bb78c2522a3,questions.kategori,muzik,genel_kultur,2e Jev ikinci geçiş: kategori,0.84,20260612000317_soru_temizlik_kategori
05c0fc39-108a-4f70-9d27-a52ff5790ef0,questions.kategori,genel_kultur,tarih,2e Jev ikinci geçiş: kategori,0.91,20260612000317_soru_temizlik_kategori
07048411-0446-4d3f-8f99-98609c6e90a0,questions.kategori,sanat,teknoloji,2e Jev ikinci geçiş: kategori,0.86,20260612000317_soru_temizlik_kategori
0720fd75-9537-47b6-9d0b-458dbbdd4ff9,questions.kategori,genel_kultur,cografya,2e Jev ikinci geçiş: kategori,0.96,20260612000317_soru_temizlik_kategori
07da202c-e805-4359-9e96-a3c588ab7916,questions.kategori,cografya,genel_kultur,2e Jev ikinci geçiş: kategori,0.96,20260612000317_soru_temizlik_kategori
0810ba9b-9fe5-44fb-bd91-17fb4d49dff0,questions.kategori,genel_kultur,cografya,2e Jev ikinci geçiş: kategori,0.99,20260612000317_soru_temizlik_kategori
08d0779a-62f8-4470-80d2-9c03c98449cd,questions.kategori,genel_kultur,bilim,2e Jev ikinci geçiş: kategori,0.96,20260612000317_soru_temizlik_kategori
08ef2f18-f73f-4b91-87c6-bc11f214ae49,questions.kategori,genel_kultur,edebiyat,2e Jev ikinci geçiş: kategori,0.98,20260612000317_soru_temizlik_kategori
090757e7-4e72-414c-bcc6-d3c4f05e0e55,questions.kategori,genel_kultur,edebiyat,2e Jev ikinci geçiş: kategori,1.00,20260612000317_soru_temizlik_kategori
0931bfab-935c-47ef-bbec-eb2f3c355a04,questions.kategori,sanat,muzik,2e Jev ikinci geçiş: kategori,0.96,20260612000317_soru_temizlik_kategori
0949c184-a576-4da1-b26c-0ff91546bf45,questions.kategori,genel_kultur,muzik,2e Jev ikinci geçiş: kategori,1.00,20260612000317_soru_temizlik_kategori
095971fd-394e-475e-80f5-ccc59c89a4cf,questions.kategori,genel_kultur,bilim,2e Jev ikinci geçiş: kategori,1.00,20260612000317_soru_temizlik_kategori
0a2e3156-38ed-4104-869b-0220e805da34,questions.kategori,muzik,edebiyat,2e Jev ikinci geçiş: kategori,0.92,20260612000317_soru_temizlik_kategori
0ad8fcc2-760d-4b1f-b033-8620539da576,questions.kategori,cografya,teknoloji,2e Jev ikinci geçiş: kategori,0.96,20260612000317_soru_temizlik_kategori
0ac860f5-0a83-448d-aeea-c18f8746aa8d,questions.kategori,muzik,bilim,2e Jev ikinci geçiş: kategori,0.91,20260612000317_soru_temizlik_kategori
0ba7719f-d597-4670-9b0d-37301df4fb37,questions.kategori,genel_kultur,cografya,2e Jev ikinci geçiş: kategori,0.99,20260612000317_soru_temizlik_kategori
0bba81cb-2e30-4dd2-ba20-a76fa847ffc9,questions.kategori,genel_kultur,edebiyat,2e Jev ikinci geçiş: kategori,1.00,20260612000317_soru_temizlik_kategori
0c14cd82-7cb1-430c-8364-00541a6c192c,questions.kategori,genel_kultur,bilim,2e Jev ikinci geçiş: kategori,1.00,20260612000317_soru_temizlik_kategori
0c27b17b-94c5-49d6-af24-00fe33b1c004,questions.kategori,genel_kultur,cografya,2e Jev ikinci geçiş: kategori,1.00,20260612000317_soru_temizlik_kategori
0d0ca815-8cd3-47e9-94ea-a4543de1a1b3,questions.kategori,genel_kultur,bilim,2e Jev ikinci geçiş: kategori,1.00,20260612000317_soru_temizlik_kategori
0d7e57a9-21dc-4868-a529-41e4b5260088,questions.kategori,tarih,sanat,2e Jev ikinci geçiş: kategori,0.99,20260612000317_soru_temizlik_kategori
0e128e4a-3437-4460-a424-cba2afcf992e,questions.kategori,genel_kultur,edebiyat,2e Jev ikinci geçiş: kategori,1.00,20260612000317_soru_temizlik_kategori
0e5d005d-1ee2-4d82-b872-3239bc203bee,questions.kategori,genel_kultur,bilim,2e Jev ikinci geçiş: kategori,1.00,20260612000317_soru_temizlik_kategori
0e646036-36a9-4576-97c3-d431fe777160,questions.kategori,genel_kultur,bilim,2e Jev ikinci geçiş: kategori,0.84,20260612000317_soru_temizlik_kategori
0f355c86-b1e3-443f-8c78-22530fed8057,questions.kategori,genel_kultur,bilim,2e Jev ikinci geçiş: kategori,0.97,20260612000317_soru_temizlik_kategori
0f57c6dd-25c8-4f62-b843-12f93d011f26,questions.kategori,cografya,genel_kultur,2e Jev ikinci geçiş: kategori,0.99,20260612000317_soru_temizlik_kategori
0f63740c-6f5a-400a-8cac-655e4ecc36d0,questions.kategori,sanat,teknoloji,2e Jev ikinci geçiş: kategori,0.97,20260612000317_soru_temizlik_kategori
0f6d0fb0-0eb7-4d1e-9954-ffa1d94ebfd3,questions.kategori,genel_kultur,tarih,2e Jev ikinci geçiş: kategori,1.00,20260612000317_soru_temizlik_kategori
0f95abdc-acf2-428c-9f23-bdd1c211e6da,questions.kategori,cografya,genel_kultur,2e Jev ikinci geçiş: kategori,1.00,20260612000317_soru_temizlik_kategori
0ffd4b6a-ab2f-48d9-a29f-598bd919fce0,questions.kategori,sanat,muzik,2e Jev ikinci geçiş: kategori,1.00,20260612000317_soru_temizlik_kategori
0fd17bef-0b5f-4468-9b9b-17303941ad2f,questions.kategori,spor,bilim,2e Jev ikinci geçiş: kategori,1.00,20260612000317_soru_temizlik_kategori
10b926b6-1ede-4d47-8ffb-7c4254499a03,questions.kategori,genel_kultur,bilim,2e Jev ikinci geçiş: kategori,0.96,20260612000317_soru_temizlik_kategori
11b02929-2394-45f8-929b-cfec4ac548ce,questions.kategori,genel_kultur,cografya,2e Jev ikinci geçiş: kategori,0.99,20260612000317_soru_temizlik_kategori
125a0a66-dbab-48ec-884c-9323fee9c780,questions.kategori,sanat,genel_kultur,2e Jev ikinci geçiş: kategori,0.93,20260612000317_soru_temizlik_kategori
12871e4e-22cb-4bb9-9764-e564e32cd9a9,questions.kategori,genel_kultur,bilim,2e Jev ikinci geçiş: kategori,0.98,20260612000317_soru_temizlik_kategori
12d6df42-59a2-40ea-b48c-7c579748f9f2,questions.kategori,genel_kultur,cografya,2e Jev ikinci geçiş: kategori,0.99,20260612000317_soru_temizlik_kategori
13483c36-bd5c-4be8-9dd6-37ef4d3b5876,questions.kategori,genel_kultur,bilim,2e Jev ikinci geçiş: kategori,1.00,20260612000317_soru_temizlik_kategori
13900d7a-9c3b-480d-b01a-66443c761b37,questions.kategori,genel_kultur,cografya,2e Jev ikinci geçiş: kategori,1.00,20260612000317_soru_temizlik_kategori
144aac3f-0f4e-4d7d-bc1f-0c043fe9c410,questions.kategori,genel_kultur,bilim,2e Jev ikinci geçiş: kategori,0.99,20260612000317_soru_temizlik_kategori
13995f03-97a6-4dbb-afe9-a571baefbf42,questions.kategori,genel_kultur,sanat,2e Jev ikinci geçiş: kategori,0.83,20260612000317_soru_temizlik_kategori
13921d97-f542-4a18-8bc4-694dbee746c2,questions.kategori,genel_kultur,tarih,2e Jev ikinci geçiş: kategori,1.00,20260612000317_soru_temizlik_kategori
1516c00b-b3d7-45d8-afb2-528dd17ec412,questions.kategori,cografya,genel_kultur,2e Jev ikinci geçiş: kategori,0.99,20260612000317_soru_temizlik_kategori
1498e34c-9fe4-4571-9e83-023194053c70,questions.kategori,genel_kultur,cografya,2e Jev ikinci geçiş: kategori,1.00,20260612000317_soru_temizlik_kategori
151ee83f-d710-4c41-a1f6-3117fb65bfe8,questions.kategori,sanat,genel_kultur,2e Jev ikinci geçiş: kategori,0.81,20260612000317_soru_temizlik_kategori
16e28571-e584-465b-bf72-481536fc39c0,questions.kategori,spor,bilim,2e Jev ikinci geçiş: kategori,0.97,20260612000317_soru_temizlik_kategori
16f85bcd-63f6-4b9d-bc21-1cfabe6bd619,questions.kategori,genel_kultur,tarih,2e Jev ikinci geçiş: kategori,0.81,20260612000317_soru_temizlik_kategori
179d0757-f5af-479f-827a-e94a7e92a2a8,questions.kategori,genel_kultur,bilim,2e Jev ikinci geçiş: kategori,0.91,20260612000317_soru_temizlik_kategori
17d916e2-0600-4ae6-b8fe-7478fa56daf7,questions.kategori,sanat,edebiyat,2e Jev ikinci geçiş: kategori,0.88,20260612000317_soru_temizlik_kategori
18690b30-df04-496c-9e5b-e570db0bfa0e,questions.kategori,cografya,genel_kultur,2e Jev ikinci geçiş: kategori,0.88,20260612000317_soru_temizlik_kategori
18932e52-70e1-4634-97a9-a7ebf110c7df,questions.kategori,genel_kultur,cografya,2e Jev ikinci geçiş: kategori,1.00,20260612000317_soru_temizlik_kategori
188bc81c-bbdf-4f6d-8453-7006871f7895,questions.kategori,sanat,teknoloji,2e Jev ikinci geçiş: kategori,0.99,20260612000317_soru_temizlik_kategori
18b43af8-f022-4c71-99f9-79fd028cc409,questions.kategori,cografya,genel_kultur,2e Jev ikinci geçiş: kategori,0.85,20260612000317_soru_temizlik_kategori
18c41e71-e6e5-4df2-9515-f0af6966a255,questions.kategori,bilim,tarih,2e Jev ikinci geçiş: kategori,1.00,20260612000317_soru_temizlik_kategori
1916b3ff-03c6-45b1-9620-cef8121a00c8,questions.kategori,genel_kultur,tarih,2e Jev ikinci geçiş: kategori,0.98,20260612000317_soru_temizlik_kategori
194717e6-e661-4eaf-99a6-4c8131865100,questions.kategori,tarih,sanat,2e Jev ikinci geçiş: kategori,0.97,20260612000317_soru_temizlik_kategori
194c3f90-b88d-477e-8c03-572b6b44d17a,questions.kategori,sinema,edebiyat,2e Jev ikinci geçiş: kategori,0.99,20260612000317_soru_temizlik_kategori
1a919dec-a419-4ae0-86d1-0eef81870dba,questions.kategori,genel_kultur,bilim,2e Jev ikinci geçiş: kategori,0.89,20260612000317_soru_temizlik_kategori
1a2d20f9-a4cf-4ccd-92ac-dc7ccaa8835b,questions.kategori,genel_kultur,bilim,2e Jev ikinci geçiş: kategori,1.00,20260612000317_soru_temizlik_kategori
1b0f6555-9612-4cd9-8eff-1a02959d815e,questions.kategori,genel_kultur,cografya,2e Jev ikinci geçiş: kategori,1.00,20260612000317_soru_temizlik_kategori
1af70c1b-4763-42a1-885b-c3557190246e,questions.kategori,genel_kultur,cografya,2e Jev ikinci geçiş: kategori,0.82,20260612000317_soru_temizlik_kategori
1b25565f-d63d-4d0e-9f33-6dc16e5ebccf,questions.kategori,genel_kultur,bilim,2e Jev ikinci geçiş: kategori,0.99,20260612000317_soru_temizlik_kategori
1b496060-2c8e-4767-8f4a-18a399440754,questions.kategori,muzik,sinema,2e Jev ikinci geçiş: kategori,0.98,20260612000317_soru_temizlik_kategori
1badd06f-ace5-4cf8-a647-81021955fef7,questions.kategori,genel_kultur,cografya,2e Jev ikinci geçiş: kategori,1.00,20260612000317_soru_temizlik_kategori
1bc4dd0b-e49e-4bfd-9bef-2f9a2f0a3705,questions.kategori,genel_kultur,cografya,2e Jev ikinci geçiş: kategori,1.00,20260612000317_soru_temizlik_kategori
1bc6c376-e9af-4a20-b58d-28abe94b6c71,questions.kategori,genel_kultur,cografya,2e Jev ikinci geçiş: kategori,0.92,20260612000317_soru_temizlik_kategori
1c0956be-5019-4fb8-9313-aa685e561edc,questions.kategori,genel_kultur,tarih,2e Jev ikinci geçiş: kategori,0.95,20260612000317_soru_temizlik_kategori
1c33d525-f368-4728-9ddf-fd9566c80c78,questions.kategori,genel_kultur,cografya,2e Jev ikinci geçiş: kategori,0.99,20260612000317_soru_temizlik_kategori
1c5cbb93-ea7c-4ef4-8c28-a5d98a63fc74,questions.kategori,tarih,genel_kultur,2e Jev ikinci geçiş: kategori,0.98,20260612000317_soru_temizlik_kategori
1cf3b682-4e42-434c-b906-d5983b6bda86,questions.kategori,cografya,tarih,2e Jev ikinci geçiş: kategori,0.87,20260612000317_soru_temizlik_kategori
1cf67ef7-8fd4-4449-b5fe-d200408e9de9,questions.kategori,tarih,genel_kultur,2e Jev ikinci geçiş: kategori,0.96,20260612000317_soru_temizlik_kategori
1cf8e87f-b522-499d-bcb3-101f9bb227e2,questions.kategori,genel_kultur,cografya,2e Jev ikinci geçiş: kategori,0.93,20260612000317_soru_temizlik_kategori
1d2af53e-c392-429d-8ab1-bad6784b55f0,questions.kategori,bilim,teknoloji,2e Jev ikinci geçiş: kategori,0.88,20260612000317_soru_temizlik_kategori
1d4765cb-e5dc-4c36-9540-1713c092ff28,questions.kategori,genel_kultur,cografya,2e Jev ikinci geçiş: kategori,0.98,20260612000317_soru_temizlik_kategori
1d63f5b0-ac12-4a17-bc33-2248217d9955,questions.kategori,teknoloji,genel_kultur,2e Jev ikinci geçiş: kategori,0.97,20260612000317_soru_temizlik_kategori
1d5f0948-b684-487a-a6ef-7c141133ff15,questions.kategori,genel_kultur,bilim,2e Jev ikinci geçiş: kategori,0.95,20260612000317_soru_temizlik_kategori
1e481ac2-bf7c-49be-8292-6f33edbeec1e,questions.kategori,genel_kultur,cografya,2e Jev ikinci geçiş: kategori,1.00,20260612000317_soru_temizlik_kategori
1e6effca-a125-4c0d-a11c-fe2781ff35d2,questions.kategori,genel_kultur,tarih,2e Jev ikinci geçiş: kategori,1.00,20260612000317_soru_temizlik_kategori
1ea33317-8250-4aeb-acfe-692fecf59418,questions.kategori,genel_kultur,muzik,2e Jev ikinci geçiş: kategori,1.00,20260612000317_soru_temizlik_kategori
1eb16340-f879-403b-b1b8-62e70a189ed9,questions.kategori,genel_kultur,teknoloji,2e Jev ikinci geçiş: kategori,1.00,20260612000317_soru_temizlik_kategori
1eee3ba7-6260-495c-b1bf-d5e1424d58a2,questions.kategori,sanat,tarih,2e Jev ikinci geçiş: kategori,1.00,20260612000317_soru_temizlik_kategori
1ebf1998-2556-41a5-8205-9b04b4309791,questions.kategori,cografya,tarih,2e Jev ikinci geçiş: kategori,1.00,20260612000317_soru_temizlik_kategori
1f527d40-0250-4252-8ae0-28cdb8aa72c7,questions.kategori,genel_kultur,bilim,2e Jev ikinci geçiş: kategori,1.00,20260612000317_soru_temizlik_kategori
1fbb0653-7ed0-43e9-85f6-3f2be2a3cd84,questions.kategori,genel_kultur,tarih,2e Jev ikinci geçiş: kategori,0.81,20260612000317_soru_temizlik_kategori
1fdd6a6b-1718-4aaa-a43b-b3bbf3e01a36,questions.kategori,sinema,teknoloji,2e Jev ikinci geçiş: kategori,0.93,20260612000317_soru_temizlik_kategori
20742d6b-e0d2-4e9e-aa72-ed78c9d6b4a5,questions.kategori,genel_kultur,tarih,2e Jev ikinci geçiş: kategori,1.00,20260612000317_soru_temizlik_kategori
20771f4a-46a0-42ca-8665-b24bd76935c9,questions.kategori,teknoloji,bilim,2e Jev ikinci geçiş: kategori,1.00,20260612000317_soru_temizlik_kategori
20958f5c-b4f4-437c-a57e-fdb2a9e68215,questions.kategori,tarih,edebiyat,2e Jev ikinci geçiş: kategori,0.96,20260612000317_soru_temizlik_kategori
209baf4e-af7a-4f22-9792-9a1cfbcedb62,questions.kategori,genel_kultur,teknoloji,2e Jev ikinci geçiş: kategori,1.00,20260612000317_soru_temizlik_kategori
20efc089-c01d-475b-b4a3-6c0333432e6b,questions.kategori,sinema,edebiyat,2e Jev ikinci geçiş: kategori,1.00,20260612000317_soru_temizlik_kategori
21075ed1-b6f2-4df7-aa2c-3dfbb39d0b5a,questions.kategori,genel_kultur,cografya,2e Jev ikinci geçiş: kategori,1.00,20260612000317_soru_temizlik_kategori
21be54fa-9a8f-4ad2-b915-7df2bce1aa67,questions.kategori,cografya,genel_kultur,2e Jev ikinci geçiş: kategori,0.96,20260612000317_soru_temizlik_kategori
21befb92-dda6-4c68-a337-d58b1bc4b404,questions.kategori,muzik,teknoloji,2e Jev ikinci geçiş: kategori,0.95,20260612000317_soru_temizlik_kategori
21e84a8d-d75d-4f34-8931-4343c7b9014a,questions.kategori,genel_kultur,bilim,2e Jev ikinci geçiş: kategori,0.98,20260612000317_soru_temizlik_kategori
22167723-6d90-4eac-8fe6-36fb7e3347b0,questions.kategori,tarih,genel_kultur,2e Jev ikinci geçiş: kategori,0.99,20260612000317_soru_temizlik_kategori
23175c2c-f28c-4db5-8227-932f82b7b4f6,questions.kategori,genel_kultur,cografya,2e Jev ikinci geçiş: kategori,1.00,20260612000317_soru_temizlik_kategori
22a0c4e1-67cb-4237-8d4a-d7cbd398d98b,questions.kategori,genel_kultur,cografya,2e Jev ikinci geçiş: kategori,0.98,20260612000317_soru_temizlik_kategori
2396a312-60b5-4d00-b6c7-c0827ca00990,questions.kategori,cografya,genel_kultur,2e Jev ikinci geçiş: kategori,0.99,20260612000317_soru_temizlik_kategori
23da29c3-2838-4776-81f7-fd283c58457a,questions.kategori,cografya,teknoloji,2e Jev ikinci geçiş: kategori,0.85,20260612000317_soru_temizlik_kategori
2400c36c-3ae1-4e95-9c53-07e84ad2e289,questions.kategori,cografya,genel_kultur,2e Jev ikinci geçiş: kategori,0.95,20260612000317_soru_temizlik_kategori
244e0e4a-705b-4e1f-adf3-87e765ad0685,questions.kategori,genel_kultur,edebiyat,2e Jev ikinci geçiş: kategori,1.00,20260612000317_soru_temizlik_kategori
2452e982-4681-48a0-9c4d-72c78ae9787d,questions.kategori,edebiyat,genel_kultur,2e Jev ikinci geçiş: kategori,0.90,20260612000317_soru_temizlik_kategori
24914155-9b27-4694-b098-6fdf0bff9103,questions.kategori,edebiyat,genel_kultur,2e Jev ikinci geçiş: kategori,0.88,20260612000317_soru_temizlik_kategori
25a1c73b-c752-44c2-864a-03ccff935890,questions.kategori,sinema,genel_kultur,2e Jev ikinci geçiş: kategori,0.89,20260612000317_soru_temizlik_kategori
25cb6216-f5c7-4763-ada0-8a33747f4749,questions.kategori,genel_kultur,muzik,2e Jev ikinci geçiş: kategori,1.00,20260612000317_soru_temizlik_kategori
25f4805b-78c8-45c1-8a50-5db1c5c625a7,questions.kategori,sinema,teknoloji,2e Jev ikinci geçiş: kategori,0.95,20260612000317_soru_temizlik_kategori
2609c35c-1aa9-4c9f-a400-6bf1eb5b7ec2,questions.kategori,genel_kultur,cografya,2e Jev ikinci geçiş: kategori,1.00,20260612000317_soru_temizlik_kategori
2635225a-a32b-4bc0-a0f3-e5ec49f02629,questions.kategori,genel_kultur,bilim,2e Jev ikinci geçiş: kategori,1.00,20260612000317_soru_temizlik_kategori
260d42ab-0551-4a1a-8493-8ac8fccc8628,questions.kategori,sanat,muzik,2e Jev ikinci geçiş: kategori,0.99,20260612000317_soru_temizlik_kategori
2644db9f-d107-4f88-8395-80dbd786ac92,questions.kategori,sanat,teknoloji,2e Jev ikinci geçiş: kategori,0.89,20260612000317_soru_temizlik_kategori
2690bd36-8784-4375-9d31-d92e04b56d1e,questions.kategori,genel_kultur,bilim,2e Jev ikinci geçiş: kategori,1.00,20260612000317_soru_temizlik_kategori
26847d00-b63b-404b-9c0c-8075c4c40a9b,questions.kategori,sinema,edebiyat,2e Jev ikinci geçiş: kategori,0.99,20260612000317_soru_temizlik_kategori
275830e6-231b-4e99-a3f0-766c610506ff,questions.kategori,sanat,sinema,2e Jev ikinci geçiş: kategori,1.00,20260612000317_soru_temizlik_kategori
2786a1dc-671b-4b35-b9ae-0eaa3cb868e8,questions.kategori,genel_kultur,bilim,2e Jev ikinci geçiş: kategori,0.99,20260612000317_soru_temizlik_kategori
27a9920f-493d-4161-9673-50ac3273873f,questions.kategori,sinema,genel_kultur,2e Jev ikinci geçiş: kategori,0.87,20260612000317_soru_temizlik_kategori
27c598af-a189-4b8c-9194-849d1126d67e,questions.kategori,genel_kultur,cografya,2e Jev ikinci geçiş: kategori,1.00,20260612000317_soru_temizlik_kategori
2814f923-e311-435d-80a0-03e87debbcde,questions.kategori,tarih,genel_kultur,2e Jev ikinci geçiş: kategori,0.82,20260612000317_soru_temizlik_kategori
2825a295-d5f3-47d5-a67a-eac6f1c9c147,questions.kategori,sanat,teknoloji,2e Jev ikinci geçiş: kategori,1.00,20260612000317_soru_temizlik_kategori
28b8f016-1dc9-4afa-ae9e-5b4b6e9b39f2,questions.kategori,muzik,teknoloji,2e Jev ikinci geçiş: kategori,0.99,20260612000317_soru_temizlik_kategori
28da4c24-1ac2-4ae4-a433-9dc216ae1640,questions.kategori,sanat,muzik,2e Jev ikinci geçiş: kategori,0.92,20260612000317_soru_temizlik_kategori
2904cb80-cd16-4d67-a1f8-094bd60aefc8,questions.kategori,sanat,tarih,2e Jev ikinci geçiş: kategori,0.86,20260612000317_soru_temizlik_kategori
292e61d9-17d5-40a3-827c-98a24f807426,questions.kategori,genel_kultur,cografya,2e Jev ikinci geçiş: kategori,0.87,20260612000317_soru_temizlik_kategori
297afb2d-a25e-4864-bc70-f00c64390298,questions.kategori,cografya,genel_kultur,2e Jev ikinci geçiş: kategori,0.81,20260612000317_soru_temizlik_kategori
29be1a34-e9f4-4c71-9e76-20f58d83e820,questions.kategori,sanat,muzik,2e Jev ikinci geçiş: kategori,0.99,20260612000317_soru_temizlik_kategori
2a6b1d1e-12b2-4c19-a0bf-c39ebedb4fda,questions.kategori,sanat,genel_kultur,2e Jev ikinci geçiş: kategori,0.93,20260612000317_soru_temizlik_kategori
2a5eb235-2e04-4312-8fe3-1d422934cbe5,questions.kategori,genel_kultur,edebiyat,2e Jev ikinci geçiş: kategori,1.00,20260612000317_soru_temizlik_kategori
2ae35cef-a68f-44d6-bb3c-cd01a375ee56,questions.kategori,genel_kultur,bilim,2e Jev ikinci geçiş: kategori,0.90,20260612000317_soru_temizlik_kategori
2b2d5c5c-80ed-41c5-9f51-cbbbb43a5472,questions.kategori,muzik,bilim,2e Jev ikinci geçiş: kategori,0.95,20260612000317_soru_temizlik_kategori
2ba6c248-1364-45b9-95aa-3591dab696eb,questions.kategori,genel_kultur,bilim,2e Jev ikinci geçiş: kategori,0.93,20260612000317_soru_temizlik_kategori
2bc13bc2-cf6f-4322-b659-0ddd8b4aa085,questions.kategori,genel_kultur,bilim,2e Jev ikinci geçiş: kategori,0.95,20260612000317_soru_temizlik_kategori
2ca230ca-1d06-4d59-8015-5dc868e405cb,questions.kategori,spor,bilim,2e Jev ikinci geçiş: kategori,0.91,20260612000317_soru_temizlik_kategori
2d496fe7-666a-4a17-8169-3d57b53ce732,questions.kategori,genel_kultur,bilim,2e Jev ikinci geçiş: kategori,1.00,20260612000317_soru_temizlik_kategori
2d897c5c-d113-4e57-afdb-e285076f171c,questions.kategori,genel_kultur,cografya,2e Jev ikinci geçiş: kategori,1.00,20260612000317_soru_temizlik_kategori
2d8d8b9c-2279-40f1-b480-ce00bc64e366,questions.kategori,muzik,bilim,2e Jev ikinci geçiş: kategori,0.89,20260612000317_soru_temizlik_kategori
2d8e7626-8a61-43c8-a6f3-670cc1ee33f0,questions.kategori,genel_kultur,tarih,2e Jev ikinci geçiş: kategori,1.00,20260612000317_soru_temizlik_kategori
2d8f97da-881b-461b-a5da-6b86300ce376,questions.kategori,spor,bilim,2e Jev ikinci geçiş: kategori,0.97,20260612000317_soru_temizlik_kategori
2e51127c-40fd-4775-882f-21e64fe32323,questions.kategori,sanat,muzik,2e Jev ikinci geçiş: kategori,1.00,20260612000317_soru_temizlik_kategori
2e99778b-d117-4275-902a-714f502bcf19,questions.kategori,genel_kultur,bilim,2e Jev ikinci geçiş: kategori,0.81,20260612000317_soru_temizlik_kategori
2eefba9f-93b2-4e12-b456-34930c8b6ea3,questions.kategori,sanat,sinema,2e Jev ikinci geçiş: kategori,1.00,20260612000317_soru_temizlik_kategori
2f447fda-0442-4f1e-8316-af46162184c6,questions.kategori,genel_kultur,bilim,2e Jev ikinci geçiş: kategori,0.99,20260612000317_soru_temizlik_kategori
2fe581b2-97b4-46cc-8040-84f83fe58de1,questions.kategori,cografya,genel_kultur,2e Jev ikinci geçiş: kategori,1.00,20260612000317_soru_temizlik_kategori
2fb9f59f-6e5e-4382-8978-d9025dc70703,questions.kategori,tarih,genel_kultur,2e Jev ikinci geçiş: kategori,0.92,20260612000317_soru_temizlik_kategori
30650e62-755b-494a-8ca0-38231dfa8173,questions.kategori,sanat,tarih,2e Jev ikinci geçiş: kategori,0.88,20260612000317_soru_temizlik_kategori
30e7329c-0336-46f0-8a43-c2c8b66afb3a,questions.kategori,genel_kultur,bilim,2e Jev ikinci geçiş: kategori,1.00,20260612000317_soru_temizlik_kategori
31e14652-b2fb-41a9-940e-d9e249eab0cb,questions.kategori,tarih,bilim,2e Jev ikinci geçiş: kategori,0.98,20260612000317_soru_temizlik_kategori
3220be72-d9d3-40b4-9326-dce59549c527,questions.kategori,sanat,teknoloji,2e Jev ikinci geçiş: kategori,1.00,20260612000317_soru_temizlik_kategori
3252490e-bc7d-4f1c-a243-36915b029d55,questions.kategori,edebiyat,genel_kultur,2e Jev ikinci geçiş: kategori,0.93,20260612000317_soru_temizlik_kategori
325d292b-62f0-4b11-8586-6a04dd8601b8,questions.kategori,genel_kultur,bilim,2e Jev ikinci geçiş: kategori,0.99,20260612000317_soru_temizlik_kategori
332eaa55-79c9-46d0-b19a-bfe76e33af27,questions.kategori,genel_kultur,tarih,2e Jev ikinci geçiş: kategori,0.91,20260612000317_soru_temizlik_kategori
33951ba0-ff12-4e7a-9376-d72f33c1dedd,questions.kategori,genel_kultur,bilim,2e Jev ikinci geçiş: kategori,0.97,20260612000317_soru_temizlik_kategori
33ecf98d-5b6e-4dbb-8d21-17d950f340e1,questions.kategori,genel_kultur,bilim,2e Jev ikinci geçiş: kategori,1.00,20260612000317_soru_temizlik_kategori
34cd0adb-9e89-4e7f-944d-9e988f58f62b,questions.kategori,tarih,bilim,2e Jev ikinci geçiş: kategori,0.93,20260612000317_soru_temizlik_kategori
34a6ba86-31a1-4920-82e3-0c57fac28ee0,questions.kategori,edebiyat,muzik,2e Jev ikinci geçiş: kategori,0.86,20260612000317_soru_temizlik_kategori
3520abf6-8dc2-4cbc-81e0-211f8c6d08c9,questions.kategori,sanat,muzik,2e Jev ikinci geçiş: kategori,1.00,20260612000317_soru_temizlik_kategori
3534cde1-5087-46a6-8533-42bff2098ccb,questions.kategori,genel_kultur,edebiyat,2e Jev ikinci geçiş: kategori,1.00,20260612000317_soru_temizlik_kategori
35d1983b-65d0-463a-bad7-3b3d18bf9cdc,questions.kategori,genel_kultur,bilim,2e Jev ikinci geçiş: kategori,1.00,20260612000317_soru_temizlik_kategori
36b8b41b-d461-4a51-a139-ac7ec11c9905,questions.kategori,bilim,teknoloji,2e Jev ikinci geçiş: kategori,0.99,20260612000317_soru_temizlik_kategori
368a4129-9942-4de2-a303-3f9245f73370,questions.kategori,genel_kultur,bilim,2e Jev ikinci geçiş: kategori,1.00,20260612000317_soru_temizlik_kategori
36fce496-ee5b-4e03-9d3a-52b64ed5c982,questions.kategori,sanat,muzik,2e Jev ikinci geçiş: kategori,1.00,20260612000317_soru_temizlik_kategori
374f9692-4865-4d8c-838c-6ad63a95ddd8,questions.kategori,genel_kultur,bilim,2e Jev ikinci geçiş: kategori,0.96,20260612000317_soru_temizlik_kategori
37720500-ae66-4727-96c8-03ab9978c8ba,questions.kategori,genel_kultur,bilim,2e Jev ikinci geçiş: kategori,1.00,20260612000317_soru_temizlik_kategori
37e18d95-5a5a-4b8b-9091-3ec8b47d55d2,questions.kategori,genel_kultur,bilim,2e Jev ikinci geçiş: kategori,0.97,20260612000317_soru_temizlik_kategori
37e4373d-b0d2-4be7-bce1-538fb138c8dc,questions.kategori,genel_kultur,tarih,2e Jev ikinci geçiş: kategori,0.93,20260612000317_soru_temizlik_kategori
382823c8-0473-480e-89a3-1e3668810985,questions.kategori,genel_kultur,cografya,2e Jev ikinci geçiş: kategori,1.00,20260612000317_soru_temizlik_kategori
385bb22a-acba-4abd-b8a3-9c1c75557fec,questions.kategori,genel_kultur,tarih,2e Jev ikinci geçiş: kategori,0.95,20260612000317_soru_temizlik_kategori
394f6808-9249-4d8b-9654-ec4a9a8639a2,questions.kategori,cografya,genel_kultur,2e Jev ikinci geçiş: kategori,0.99,20260612000317_soru_temizlik_kategori
395bb2cb-8d20-4776-8bf9-fae93ea39741,questions.kategori,sanat,teknoloji,2e Jev ikinci geçiş: kategori,0.99,20260612000317_soru_temizlik_kategori
39674f0d-32da-4185-b7db-3dac367a96ad,questions.kategori,genel_kultur,tarih,2e Jev ikinci geçiş: kategori,0.92,20260612000317_soru_temizlik_kategori
39d41e69-c016-4bae-ba23-fa0ec130bd44,questions.kategori,genel_kultur,cografya,2e Jev ikinci geçiş: kategori,1.00,20260612000317_soru_temizlik_kategori
3aca73f6-b555-411a-ad55-7fe96cf603ec,questions.kategori,genel_kultur,teknoloji,2e Jev ikinci geçiş: kategori,0.86,20260612000317_soru_temizlik_kategori
3b88b9a4-c770-426d-bf44-4faee8ff3c3a,questions.kategori,sinema,teknoloji,2e Jev ikinci geçiş: kategori,1.00,20260612000317_soru_temizlik_kategori
3bb3b04f-94be-4906-b180-bbe2f0f3e2bb,questions.kategori,genel_kultur,tarih,2e Jev ikinci geçiş: kategori,1.00,20260612000317_soru_temizlik_kategori
3bc90949-6162-4b7d-8291-abd7ef5a75bb,questions.kategori,genel_kultur,edebiyat,2e Jev ikinci geçiş: kategori,1.00,20260612000317_soru_temizlik_kategori
3bf8670a-07f5-44a7-958c-e4e49c10ca59,questions.kategori,genel_kultur,cografya,2e Jev ikinci geçiş: kategori,1.00,20260612000317_soru_temizlik_kategori
3c09518f-2e5c-4660-bc81-a085da20ef92,questions.kategori,genel_kultur,bilim,2e Jev ikinci geçiş: kategori,0.92,20260612000317_soru_temizlik_kategori
3c7ff9f9-cb14-4596-a879-801ca5122b96,questions.kategori,muzik,genel_kultur,2e Jev ikinci geçiş: kategori,0.90,20260612000317_soru_temizlik_kategori
3d04f5c6-88e4-4069-a6ea-83317f846436,questions.kategori,genel_kultur,sanat,2e Jev ikinci geçiş: kategori,1.00,20260612000317_soru_temizlik_kategori
3ca4e2c1-2415-48c2-a799-1dbc6e9ef5dd,questions.kategori,genel_kultur,bilim,2e Jev ikinci geçiş: kategori,0.89,20260612000317_soru_temizlik_kategori
3e0bdd8a-07cb-4833-8975-8a6f97b19c50,questions.kategori,muzik,bilim,2e Jev ikinci geçiş: kategori,1.00,20260612000317_soru_temizlik_kategori
3e3b1759-0a5d-4dd5-bd4c-5d18704ffb15,questions.kategori,tarih,genel_kultur,2e Jev ikinci geçiş: kategori,0.89,20260612000317_soru_temizlik_kategori
3e89f346-9615-4de1-b933-8664c9a3b18a,questions.kategori,genel_kultur,cografya,2e Jev ikinci geçiş: kategori,1.00,20260612000317_soru_temizlik_kategori
3f19291c-703b-478e-a122-323f98af9682,questions.kategori,genel_kultur,bilim,2e Jev ikinci geçiş: kategori,1.00,20260612000317_soru_temizlik_kategori
3f2832e8-86af-4a57-b096-7b1d9a558bc2,questions.kategori,genel_kultur,bilim,2e Jev ikinci geçiş: kategori,1.00,20260612000317_soru_temizlik_kategori
3f797e57-022a-430b-89d9-a4c58d7e65db,questions.kategori,genel_kultur,muzik,2e Jev ikinci geçiş: kategori,1.00,20260612000317_soru_temizlik_kategori
3f84aae9-936f-4103-be54-111ba6442cf4,questions.kategori,muzik,bilim,2e Jev ikinci geçiş: kategori,0.90,20260612000317_soru_temizlik_kategori
40127cfd-1635-4800-818b-00eba158731d,questions.kategori,genel_kultur,teknoloji,2e Jev ikinci geçiş: kategori,1.00,20260612000317_soru_temizlik_kategori
402822f2-a69d-4b20-8f61-948683b853c1,questions.kategori,genel_kultur,bilim,2e Jev ikinci geçiş: kategori,0.99,20260612000317_soru_temizlik_kategori
40dfed83-104e-487f-a155-1527e15e09eb,questions.kategori,genel_kultur,edebiyat,2e Jev ikinci geçiş: kategori,1.00,20260612000317_soru_temizlik_kategori
41ee28e6-954a-483e-b6bd-c4a3c1f8207b,questions.kategori,edebiyat,sanat,2e Jev ikinci geçiş: kategori,0.95,20260612000317_soru_temizlik_kategori
41fa141d-b5c6-4c1e-ae69-1a1bf9eb4330,questions.kategori,genel_kultur,cografya,2e Jev ikinci geçiş: kategori,0.81,20260612000317_soru_temizlik_kategori
42658a39-901c-47bc-bc90-5bf63dadd457,questions.kategori,cografya,genel_kultur,2e Jev ikinci geçiş: kategori,0.90,20260612000317_soru_temizlik_kategori
42ca52cb-9d36-402a-891e-a176d23e4366,questions.kategori,cografya,genel_kultur,2e Jev ikinci geçiş: kategori,0.89,20260612000317_soru_temizlik_kategori
433d8d6f-5d48-4a2c-beca-6da7a353ddde,questions.kategori,cografya,genel_kultur,2e Jev ikinci geçiş: kategori,0.91,20260612000317_soru_temizlik_kategori
441fbcb2-14c0-44d4-9fed-82506d4a023e,questions.kategori,genel_kultur,tarih,2e Jev ikinci geçiş: kategori,0.97,20260612000317_soru_temizlik_kategori
4448d329-5101-4f4c-96f2-900762b417b3,questions.kategori,genel_kultur,bilim,2e Jev ikinci geçiş: kategori,1.00,20260612000317_soru_temizlik_kategori
444e10c7-5c10-4fc6-960a-3358c15d21cc,questions.kategori,edebiyat,sanat,2e Jev ikinci geçiş: kategori,0.92,20260612000317_soru_temizlik_kategori
44f7967e-5042-4def-8b83-3e463ee01d89,questions.kategori,genel_kultur,bilim,2e Jev ikinci geçiş: kategori,0.81,20260612000317_soru_temizlik_kategori
45015cd8-82c4-4d8b-941f-db89838ae720,questions.kategori,genel_kultur,edebiyat,2e Jev ikinci geçiş: kategori,1.00,20260612000317_soru_temizlik_kategori
458c1bf9-f798-4696-96dc-fe57e8779b15,questions.kategori,sinema,edebiyat,2e Jev ikinci geçiş: kategori,0.82,20260612000317_soru_temizlik_kategori
45eada97-77a9-4790-a13f-512984ff3bd3,questions.kategori,cografya,genel_kultur,2e Jev ikinci geçiş: kategori,1.00,20260612000317_soru_temizlik_kategori
45cbf2e5-c867-4949-964c-26ebae3b698c,questions.kategori,genel_kultur,tarih,2e Jev ikinci geçiş: kategori,1.00,20260612000317_soru_temizlik_kategori
46360e66-48c5-444c-bcda-79a09de03c33,questions.kategori,genel_kultur,edebiyat,2e Jev ikinci geçiş: kategori,1.00,20260612000317_soru_temizlik_kategori
46007ade-b220-4ffd-8cd1-ab8921990877,questions.kategori,muzik,sanat,2e Jev ikinci geçiş: kategori,0.92,20260612000317_soru_temizlik_kategori
46427e2b-3a42-4ffa-b1a3-cf3254126376,questions.kategori,genel_kultur,cografya,2e Jev ikinci geçiş: kategori,0.97,20260612000317_soru_temizlik_kategori
469d706a-ead6-46d4-8a3e-359e6be2be96,questions.kategori,tarih,genel_kultur,2e Jev ikinci geçiş: kategori,0.99,20260612000317_soru_temizlik_kategori
47da0baa-dc70-4d38-8c86-37238f23b042,questions.kategori,genel_kultur,tarih,2e Jev ikinci geçiş: kategori,0.96,20260612000317_soru_temizlik_kategori
48572df8-1e90-45e2-87e7-1db405e01bca,questions.kategori,genel_kultur,tarih,2e Jev ikinci geçiş: kategori,0.98,20260612000317_soru_temizlik_kategori
486b6516-414e-4514-9cce-3bcf41ef58a0,questions.kategori,bilim,teknoloji,2e Jev ikinci geçiş: kategori,1.00,20260612000317_soru_temizlik_kategori
488b6531-a740-4077-8f79-faa697faba52,questions.kategori,sanat,sinema,2e Jev ikinci geçiş: kategori,0.91,20260612000317_soru_temizlik_kategori
49312754-bce1-4c1b-a4d7-82c55e7c6a4c,questions.kategori,genel_kultur,cografya,2e Jev ikinci geçiş: kategori,0.97,20260612000317_soru_temizlik_kategori
49878468-a0ec-46d1-965c-0e85e6f93d7b,questions.kategori,tarih,cografya,2e Jev ikinci geçiş: kategori,1.00,20260612000317_soru_temizlik_kategori
49b33ffe-23c6-45fb-bbd3-5140f22df5b4,questions.kategori,genel_kultur,tarih,2e Jev ikinci geçiş: kategori,1.00,20260612000317_soru_temizlik_kategori
4a9ad8bf-4475-4ea7-a1be-68155f77f470,questions.kategori,bilim,teknoloji,2e Jev ikinci geçiş: kategori,1.00,20260612000317_soru_temizlik_kategori
4c774b92-1b1f-4915-9cf5-7e5b49b0bcac,questions.kategori,genel_kultur,teknoloji,2e Jev ikinci geçiş: kategori,0.99,20260612000317_soru_temizlik_kategori
4df029e7-4931-438f-ba49-1ad00bd04431,questions.kategori,genel_kultur,cografya,2e Jev ikinci geçiş: kategori,0.87,20260612000317_soru_temizlik_kategori
4e8aec4b-555a-40fc-bbb3-a9025a1baff2,questions.kategori,genel_kultur,bilim,2e Jev ikinci geçiş: kategori,1.00,20260612000317_soru_temizlik_kategori
4e948733-d54c-4d7d-8dc1-9b3d01d09be1,questions.kategori,tarih,sanat,2e Jev ikinci geçiş: kategori,0.95,20260612000317_soru_temizlik_kategori
4eb74872-3ed6-413c-9eff-ea8b035b3688,questions.kategori,sinema,edebiyat,2e Jev ikinci geçiş: kategori,1.00,20260612000317_soru_temizlik_kategori
4f7437e0-ece8-40cc-9fdb-0be987ed5b90,questions.kategori,genel_kultur,cografya,2e Jev ikinci geçiş: kategori,1.00,20260612000317_soru_temizlik_kategori
4fdd0b03-dea7-4b28-ae07-d1e1bc20e6d7,questions.kategori,cografya,genel_kultur,2e Jev ikinci geçiş: kategori,0.88,20260612000317_soru_temizlik_kategori
50c60897-b933-4f38-8ce1-6061ccc92c4e,questions.kategori,genel_kultur,bilim,2e Jev ikinci geçiş: kategori,0.88,20260612000317_soru_temizlik_kategori
50e5fefb-520d-46fa-9e36-42b669b98f59,questions.kategori,cografya,genel_kultur,2e Jev ikinci geçiş: kategori,0.88,20260612000317_soru_temizlik_kategori
5151b961-db2b-45ad-85ac-cda274222e7e,questions.kategori,genel_kultur,sinema,2e Jev ikinci geçiş: kategori,1.00,20260612000317_soru_temizlik_kategori
516fffd5-a757-4143-a37a-59b6d06f0137,questions.kategori,cografya,genel_kultur,2e Jev ikinci geçiş: kategori,0.96,20260612000317_soru_temizlik_kategori
51b11c0a-2bda-4b98-b723-dd874f0cdd8a,questions.kategori,genel_kultur,bilim,2e Jev ikinci geçiş: kategori,0.96,20260612000317_soru_temizlik_kategori
51b746ee-689b-4e91-b404-5658b8b21904,questions.kategori,genel_kultur,bilim,2e Jev ikinci geçiş: kategori,0.99,20260612000317_soru_temizlik_kategori
528f050e-1845-4aea-8e5e-1610337b30db,questions.kategori,genel_kultur,bilim,2e Jev ikinci geçiş: kategori,1.00,20260612000317_soru_temizlik_kategori
52e3181a-8526-4c6e-a107-9d1dd4fbe851,questions.kategori,cografya,teknoloji,2e Jev ikinci geçiş: kategori,0.99,20260612000317_soru_temizlik_kategori
53023fb5-1e74-418b-9643-e27928083e2a,questions.kategori,genel_kultur,tarih,2e Jev ikinci geçiş: kategori,0.82,20260612000317_soru_temizlik_kategori
53abb466-f4e1-426f-bef4-9be4a84d7ce2,questions.kategori,tarih,genel_kultur,2e Jev ikinci geçiş: kategori,0.98,20260612000317_soru_temizlik_kategori
5535ea50-0de5-42eb-b56c-09596b392a72,questions.kategori,cografya,teknoloji,2e Jev ikinci geçiş: kategori,0.81,20260612000317_soru_temizlik_kategori
55837f2d-371b-45b6-9a75-0fa3f97c28ba,questions.kategori,genel_kultur,bilim,2e Jev ikinci geçiş: kategori,1.00,20260612000317_soru_temizlik_kategori
55986ea0-e63b-4730-855e-fecbdae9f08c,questions.kategori,genel_kultur,tarih,2e Jev ikinci geçiş: kategori,0.85,20260612000317_soru_temizlik_kategori
5639743e-6b22-4833-bea3-ce99f33ce522,questions.kategori,genel_kultur,cografya,2e Jev ikinci geçiş: kategori,1.00,20260612000317_soru_temizlik_kategori
57049c97-4293-4be7-9ce1-c6802a08891a,questions.kategori,cografya,genel_kultur,2e Jev ikinci geçiş: kategori,0.95,20260612000317_soru_temizlik_kategori
56d154bc-a636-4621-85b8-436d46793623,questions.kategori,teknoloji,bilim,2e Jev ikinci geçiş: kategori,0.98,20260612000317_soru_temizlik_kategori
5731a039-d619-4db5-a29e-49e6c5259b4e,questions.kategori,edebiyat,genel_kultur,2e Jev ikinci geçiş: kategori,0.95,20260612000317_soru_temizlik_kategori
57d55960-fae9-4547-85d0-c8c0df2d39a0,questions.kategori,sinema,edebiyat,2e Jev ikinci geçiş: kategori,0.87,20260612000317_soru_temizlik_kategori
5828c0f4-84bb-49cd-8033-b0dfe88791af,questions.kategori,sinema,teknoloji,2e Jev ikinci geçiş: kategori,0.88,20260612000317_soru_temizlik_kategori
5884b443-5fe8-4d23-981d-bbe62238638d,questions.kategori,genel_kultur,spor,2e Jev ikinci geçiş: kategori,1.00,20260612000317_soru_temizlik_kategori
585c453f-b287-4d51-9a74-d1d60b84ae83,questions.kategori,genel_kultur,teknoloji,2e Jev ikinci geçiş: kategori,1.00,20260612000317_soru_temizlik_kategori
5889209e-477d-415a-b894-601143508fcf,questions.kategori,tarih,edebiyat,2e Jev ikinci geçiş: kategori,0.96,20260612000317_soru_temizlik_kategori
589d99b4-2a6b-401a-824d-6a7065f42410,questions.kategori,genel_kultur,muzik,2e Jev ikinci geçiş: kategori,1.00,20260612000317_soru_temizlik_kategori
59117424-4bcb-468c-ade4-1d693fe33b1e,questions.kategori,sinema,edebiyat,2e Jev ikinci geçiş: kategori,1.00,20260612000317_soru_temizlik_kategori
5987698f-6ef8-4b95-911d-3c70a1a66bdc,questions.kategori,genel_kultur,edebiyat,2e Jev ikinci geçiş: kategori,1.00,20260612000317_soru_temizlik_kategori
59a3ddcd-11df-402b-84b3-0a43b155c63f,questions.kategori,genel_kultur,bilim,2e Jev ikinci geçiş: kategori,0.98,20260612000317_soru_temizlik_kategori
59aaf85c-be02-401f-8b51-4ebea5258ffe,questions.kategori,sanat,muzik,2e Jev ikinci geçiş: kategori,0.99,20260612000317_soru_temizlik_kategori
5a01faa8-a76c-4ab0-bc90-d559b87de731,questions.kategori,genel_kultur,spor,2e Jev ikinci geçiş: kategori,1.00,20260612000317_soru_temizlik_kategori
5a6095ba-b387-49fd-b645-165c9adf7916,questions.kategori,genel_kultur,sanat,2e Jev ikinci geçiş: kategori,0.91,20260612000317_soru_temizlik_kategori
5a929150-88dc-4c41-945c-53f47e917f20,questions.kategori,genel_kultur,bilim,2e Jev ikinci geçiş: kategori,1.00,20260612000317_soru_temizlik_kategori
5ae605a9-febc-4d55-9ff9-9c954c954db6,questions.kategori,genel_kultur,cografya,2e Jev ikinci geçiş: kategori,1.00,20260612000317_soru_temizlik_kategori
5af4dbec-959f-40fa-b7eb-13b8371c04e4,questions.kategori,edebiyat,sanat,2e Jev ikinci geçiş: kategori,0.81,20260612000317_soru_temizlik_kategori
5c13746a-d197-4509-9f56-db5e70198852,questions.kategori,genel_kultur,bilim,2e Jev ikinci geçiş: kategori,0.99,20260612000317_soru_temizlik_kategori
5c7057a0-3902-49b3-9f9d-528c227e5f06,questions.kategori,genel_kultur,cografya,2e Jev ikinci geçiş: kategori,1.00,20260612000317_soru_temizlik_kategori
5c85adfb-ef3c-4c81-b979-431d31e96f60,questions.kategori,tarih,genel_kultur,2e Jev ikinci geçiş: kategori,0.99,20260612000317_soru_temizlik_kategori
5dceeacb-842a-461c-a626-d751cf670527,questions.kategori,genel_kultur,tarih,2e Jev ikinci geçiş: kategori,1.00,20260612000317_soru_temizlik_kategori
5dadc2e8-b731-4739-a9b9-ecaa34f99310,questions.kategori,sinema,edebiyat,2e Jev ikinci geçiş: kategori,0.93,20260612000317_soru_temizlik_kategori
5dd9ce8d-367b-402d-acb4-93af1e07906e,questions.kategori,tarih,sanat,2e Jev ikinci geçiş: kategori,1.00,20260612000317_soru_temizlik_kategori
5de299ae-783d-46c2-be92-4b072db8e0c9,questions.kategori,genel_kultur,bilim,2e Jev ikinci geçiş: kategori,1.00,20260612000317_soru_temizlik_kategori
5e840249-af28-49f5-ba29-461b5ef9a41b,questions.kategori,genel_kultur,muzik,2e Jev ikinci geçiş: kategori,0.99,20260612000317_soru_temizlik_kategori
5ef8a070-4797-4a8d-b5fd-ea50941b6dc4,questions.kategori,tarih,cografya,2e Jev ikinci geçiş: kategori,1.00,20260612000317_soru_temizlik_kategori
5f619b53-c904-4606-8594-328af177b025,questions.kategori,bilim,teknoloji,2e Jev ikinci geçiş: kategori,0.92,20260612000317_soru_temizlik_kategori
5fbfe0d8-2476-4aa2-a4bf-6aeaa92ebe6f,questions.kategori,genel_kultur,sinema,2e Jev ikinci geçiş: kategori,1.00,20260612000317_soru_temizlik_kategori
5fbb321c-e3e7-45da-942f-b1655a1f666c,questions.kategori,genel_kultur,sanat,2e Jev ikinci geçiş: kategori,0.99,20260612000317_soru_temizlik_kategori
5f77ae49-1ddc-4f8f-ac2c-c14cda4a9acd,questions.kategori,tarih,genel_kultur,2e Jev ikinci geçiş: kategori,1.00,20260612000317_soru_temizlik_kategori
6028eaa9-a8a4-449e-88c4-191c6f4d29cd,questions.kategori,cografya,genel_kultur,2e Jev ikinci geçiş: kategori,0.89,20260612000317_soru_temizlik_kategori
60a84f58-6212-42a9-b042-12f363daba8d,questions.kategori,genel_kultur,tarih,2e Jev ikinci geçiş: kategori,1.00,20260612000317_soru_temizlik_kategori
61384374-02d7-4dc4-a56d-c1302618d617,questions.kategori,genel_kultur,tarih,2e Jev ikinci geçiş: kategori,1.00,20260612000317_soru_temizlik_kategori
615dcb67-22d5-4496-a89f-efa2193d0e48,questions.kategori,genel_kultur,bilim,2e Jev ikinci geçiş: kategori,0.94,20260612000317_soru_temizlik_kategori
615f58df-5d3b-4e8e-89ef-7f02a3c7983f,questions.kategori,genel_kultur,spor,2e Jev ikinci geçiş: kategori,0.99,20260612000317_soru_temizlik_kategori
62144f6f-2ce9-4368-8d5f-f3cbad071359,questions.kategori,genel_kultur,teknoloji,2e Jev ikinci geçiş: kategori,1.00,20260612000317_soru_temizlik_kategori
62528ac4-ac43-47c4-bffc-5ad3c24fea34,questions.kategori,genel_kultur,edebiyat,2e Jev ikinci geçiş: kategori,1.00,20260612000317_soru_temizlik_kategori
6259e939-4e2c-41c1-8aae-c7163e72b9c0,questions.kategori,genel_kultur,bilim,2e Jev ikinci geçiş: kategori,1.00,20260612000317_soru_temizlik_kategori
64053a47-e6ea-41a8-b8a7-7a32e3b192ff,questions.kategori,genel_kultur,sanat,2e Jev ikinci geçiş: kategori,0.86,20260612000317_soru_temizlik_kategori
64b2a015-4488-4c08-b594-cd838351ee4f,questions.kategori,genel_kultur,bilim,2e Jev ikinci geçiş: kategori,0.99,20260612000317_soru_temizlik_kategori
65034aa3-3b31-4db5-97bf-21dabf11f327,questions.kategori,genel_kultur,bilim,2e Jev ikinci geçiş: kategori,0.98,20260612000317_soru_temizlik_kategori
6504a8c7-c41b-489f-b1ab-4992452c0eca,questions.kategori,genel_kultur,bilim,2e Jev ikinci geçiş: kategori,0.98,20260612000317_soru_temizlik_kategori
65beb3f4-a39a-4987-88f1-b1e213d2633c,questions.kategori,genel_kultur,bilim,2e Jev ikinci geçiş: kategori,0.90,20260612000317_soru_temizlik_kategori
6669c39c-4397-491a-a23c-f56a83fe1d82,questions.kategori,genel_kultur,cografya,2e Jev ikinci geçiş: kategori,0.99,20260612000317_soru_temizlik_kategori
667d52b4-82f4-4bce-8694-4809ff58a767,questions.kategori,sanat,teknoloji,2e Jev ikinci geçiş: kategori,0.95,20260612000317_soru_temizlik_kategori
6790dc17-0c90-4af9-9ab7-0e769c16fe07,questions.kategori,cografya,tarih,2e Jev ikinci geçiş: kategori,0.99,20260612000317_soru_temizlik_kategori
66c2c239-c4cf-4587-9c14-cf9e69c72e1a,questions.kategori,genel_kultur,tarih,2e Jev ikinci geçiş: kategori,1.00,20260612000317_soru_temizlik_kategori
67cd5c01-0c0e-4c76-94df-218aa84058a3,questions.kategori,genel_kultur,bilim,2e Jev ikinci geçiş: kategori,0.86,20260612000317_soru_temizlik_kategori
67bef865-18eb-4c55-84ac-c7a333607ada,questions.kategori,tarih,edebiyat,2e Jev ikinci geçiş: kategori,0.82,20260612000317_soru_temizlik_kategori
6815cd0c-d4f7-4059-95b1-693f4ef50af2,questions.kategori,genel_kultur,teknoloji,2e Jev ikinci geçiş: kategori,0.89,20260612000317_soru_temizlik_kategori
686ef3ec-dbdb-4d7c-8a15-bc56363c0fcf,questions.kategori,teknoloji,bilim,2e Jev ikinci geçiş: kategori,1.00,20260612000317_soru_temizlik_kategori
68cee3dd-381a-416f-9414-6068fb2bb2dc,questions.kategori,cografya,genel_kultur,2e Jev ikinci geçiş: kategori,0.91,20260612000317_soru_temizlik_kategori
69480f8f-924d-4aa5-9fef-afa65b5dc0a0,questions.kategori,cografya,genel_kultur,2e Jev ikinci geçiş: kategori,0.98,20260612000317_soru_temizlik_kategori
698b82d8-4661-4ec0-9b8c-808b715c4c9f,questions.kategori,cografya,genel_kultur,2e Jev ikinci geçiş: kategori,0.98,20260612000317_soru_temizlik_kategori
69a22978-16db-4f79-ab19-a7939b82a3ad,questions.kategori,genel_kultur,tarih,2e Jev ikinci geçiş: kategori,1.00,20260612000317_soru_temizlik_kategori
6abbc126-bcd6-4eef-8146-a295a3f652af,questions.kategori,genel_kultur,cografya,2e Jev ikinci geçiş: kategori,0.83,20260612000317_soru_temizlik_kategori
6af8e6ac-a0eb-449a-97ae-f3b60fb0b0d7,questions.kategori,genel_kultur,cografya,2e Jev ikinci geçiş: kategori,1.00,20260612000317_soru_temizlik_kategori
6a50bcfb-55c2-4680-8655-e17bb400239f,questions.kategori,tarih,bilim,2e Jev ikinci geçiş: kategori,0.98,20260612000317_soru_temizlik_kategori
6b1391f6-3632-4a03-b673-e6f393eeaa50,questions.kategori,teknoloji,bilim,2e Jev ikinci geçiş: kategori,0.95,20260612000317_soru_temizlik_kategori
6b3b378a-b1c5-440d-aa22-d1cb7be44f79,questions.kategori,genel_kultur,teknoloji,2e Jev ikinci geçiş: kategori,1.00,20260612000317_soru_temizlik_kategori
6b3d0d2d-5d1f-4c7e-9b91-f31870e4c657,questions.kategori,muzik,teknoloji,2e Jev ikinci geçiş: kategori,0.98,20260612000317_soru_temizlik_kategori
6b9d39b9-6d91-4e0c-865a-03600bfae92f,questions.kategori,genel_kultur,teknoloji,2e Jev ikinci geçiş: kategori,0.86,20260612000317_soru_temizlik_kategori
6b61e94c-7f73-47c8-a71a-cdad99bd084e,questions.kategori,tarih,cografya,2e Jev ikinci geçiş: kategori,0.95,20260612000317_soru_temizlik_kategori
6bb78815-8d80-4566-9138-c706e9704038,questions.kategori,genel_kultur,bilim,2e Jev ikinci geçiş: kategori,1.00,20260612000317_soru_temizlik_kategori
6bce468a-f2f5-476c-be63-a6713b6dad22,questions.kategori,genel_kultur,cografya,2e Jev ikinci geçiş: kategori,1.00,20260612000317_soru_temizlik_kategori
6c3c5202-dc59-4240-bbae-19ac03e2dde3,questions.kategori,tarih,genel_kultur,2e Jev ikinci geçiş: kategori,0.89,20260612000317_soru_temizlik_kategori
6c7c31c5-93ad-4cbc-bdf5-980cb9090122,questions.kategori,cografya,genel_kultur,2e Jev ikinci geçiş: kategori,0.83,20260612000317_soru_temizlik_kategori
6c9f1ce3-4ff0-4846-9bb5-37a7c6668223,questions.kategori,genel_kultur,bilim,2e Jev ikinci geçiş: kategori,1.00,20260612000317_soru_temizlik_kategori
6ca24b8f-9d0e-4c9e-b0f2-8212b8b9f27a,questions.kategori,genel_kultur,muzik,2e Jev ikinci geçiş: kategori,1.00,20260612000317_soru_temizlik_kategori
6ce16798-6574-457d-99c3-d4058a217511,questions.kategori,genel_kultur,tarih,2e Jev ikinci geçiş: kategori,0.97,20260612000317_soru_temizlik_kategori
6d41c5c8-4842-4ae6-b277-8fd0e6446f12,questions.kategori,genel_kultur,edebiyat,2e Jev ikinci geçiş: kategori,1.00,20260612000317_soru_temizlik_kategori
6d6d055c-e3e1-48aa-a1bf-a2c74125efed,questions.kategori,sanat,muzik,2e Jev ikinci geçiş: kategori,0.98,20260612000317_soru_temizlik_kategori
6e2066d0-fa2c-46eb-977e-b7433523dca9,questions.kategori,genel_kultur,bilim,2e Jev ikinci geçiş: kategori,1.00,20260612000317_soru_temizlik_kategori
6e183e4c-df34-4b4c-b7f8-5b4f3f075f8a,questions.kategori,genel_kultur,muzik,2e Jev ikinci geçiş: kategori,1.00,20260612000317_soru_temizlik_kategori
6ef5af9f-019a-4c60-bc7e-24eb37dfe98f,questions.kategori,muzik,bilim,2e Jev ikinci geçiş: kategori,0.99,20260612000317_soru_temizlik_kategori
6f4aafaf-e8a2-4e20-bd05-855a16d66838,questions.kategori,genel_kultur,tarih,2e Jev ikinci geçiş: kategori,1.00,20260612000317_soru_temizlik_kategori
6ff93077-19d1-4439-99fe-8425a379bfca,questions.kategori,genel_kultur,bilim,2e Jev ikinci geçiş: kategori,0.99,20260612000317_soru_temizlik_kategori
7018301f-035b-428a-b75e-6d9f431a165d,questions.kategori,genel_kultur,tarih,2e Jev ikinci geçiş: kategori,1.00,20260612000317_soru_temizlik_kategori
70937b75-e3f1-44f5-a538-570fc7ea04c3,questions.kategori,spor,bilim,2e Jev ikinci geçiş: kategori,0.98,20260612000317_soru_temizlik_kategori
70bee285-2275-40da-b6a3-b6658ef3baf1,questions.kategori,genel_kultur,cografya,2e Jev ikinci geçiş: kategori,0.85,20260612000317_soru_temizlik_kategori
70ca192d-fe7b-41f6-8c7f-a0eeb67b998d,questions.kategori,genel_kultur,bilim,2e Jev ikinci geçiş: kategori,1.00,20260612000317_soru_temizlik_kategori
716ff0a9-1769-4548-973f-792febc24cdd,questions.kategori,genel_kultur,teknoloji,2e Jev ikinci geçiş: kategori,1.00,20260612000317_soru_temizlik_kategori
717d8f1d-14f7-4e36-ac47-5339f66b49d1,questions.kategori,cografya,genel_kultur,2e Jev ikinci geçiş: kategori,0.93,20260612000317_soru_temizlik_kategori
71dd23f8-abe9-4db6-957e-e605c326429c,questions.kategori,genel_kultur,bilim,2e Jev ikinci geçiş: kategori,0.99,20260612000317_soru_temizlik_kategori
722f5b36-22ff-4a46-887b-0424e3d7c398,questions.kategori,spor,bilim,2e Jev ikinci geçiş: kategori,1.00,20260612000317_soru_temizlik_kategori
72629343-098e-4cab-b618-dd750d809e76,questions.kategori,muzik,genel_kultur,2e Jev ikinci geçiş: kategori,0.85,20260612000317_soru_temizlik_kategori
72f48b2e-e63e-42a4-a536-82f63d2a13c0,questions.kategori,sinema,edebiyat,2e Jev ikinci geçiş: kategori,1.00,20260612000317_soru_temizlik_kategori
7353ebcb-2a41-4b61-9b1a-c65e14d0b45e,questions.kategori,cografya,genel_kultur,2e Jev ikinci geçiş: kategori,0.85,20260612000317_soru_temizlik_kategori
73727e0d-5503-42b4-be19-75e054678d85,questions.kategori,genel_kultur,bilim,2e Jev ikinci geçiş: kategori,0.99,20260612000317_soru_temizlik_kategori
73979f42-e56f-49ee-92bd-62dbd5f338d3,questions.kategori,genel_kultur,tarih,2e Jev ikinci geçiş: kategori,1.00,20260612000317_soru_temizlik_kategori
738a1a70-a18d-4470-828e-5d7babe0b916,questions.kategori,genel_kultur,cografya,2e Jev ikinci geçiş: kategori,0.96,20260612000317_soru_temizlik_kategori
74d3e034-accc-45ad-a62e-b9a4111ff959,questions.kategori,sanat,edebiyat,2e Jev ikinci geçiş: kategori,0.96,20260612000317_soru_temizlik_kategori
752b7aa9-254e-41cd-9385-ef31cb377083,questions.kategori,cografya,genel_kultur,2e Jev ikinci geçiş: kategori,0.98,20260612000317_soru_temizlik_kategori
75fb4ac6-a00f-4b42-8b4e-f4d88d74d7af,questions.kategori,cografya,genel_kultur,2e Jev ikinci geçiş: kategori,0.94,20260612000317_soru_temizlik_kategori
76a20e93-d5b0-4d5f-b492-228e887dad4f,questions.kategori,sanat,genel_kultur,2e Jev ikinci geçiş: kategori,0.91,20260612000317_soru_temizlik_kategori
76b32cf2-2447-49d5-8e7d-d1f1d5c8106c,questions.kategori,genel_kultur,bilim,2e Jev ikinci geçiş: kategori,1.00,20260612000317_soru_temizlik_kategori
7708b01a-7ca2-4583-bdd5-ae5fcea8f446,questions.kategori,sinema,edebiyat,2e Jev ikinci geçiş: kategori,0.98,20260612000317_soru_temizlik_kategori
77b2a150-a1d8-455e-9073-98b53a06f602,questions.kategori,muzik,bilim,2e Jev ikinci geçiş: kategori,0.81,20260612000317_soru_temizlik_kategori
77b8e0ee-b5b5-4e47-a66b-dfcbcf2f992e,questions.kategori,genel_kultur,tarih,2e Jev ikinci geçiş: kategori,1.00,20260612000317_soru_temizlik_kategori
77767fac-260a-415e-82d4-0c6cc31cc82d,questions.kategori,genel_kultur,cografya,2e Jev ikinci geçiş: kategori,1.00,20260612000317_soru_temizlik_kategori
7842de93-2481-428a-ae0c-1c58fd002cc2,questions.kategori,sanat,tarih,2e Jev ikinci geçiş: kategori,0.87,20260612000317_soru_temizlik_kategori
7904a593-bf6c-4d3d-b19d-0c6285b11dc8,questions.kategori,genel_kultur,edebiyat,2e Jev ikinci geçiş: kategori,0.99,20260612000317_soru_temizlik_kategori
78f0fda0-3478-4e6a-9ab1-6fdd5ddb19c2,questions.kategori,genel_kultur,sinema,2e Jev ikinci geçiş: kategori,0.98,20260612000317_soru_temizlik_kategori
793f96fc-3117-452d-9db6-f95f07cb27ce,questions.kategori,genel_kultur,tarih,2e Jev ikinci geçiş: kategori,1.00,20260612000317_soru_temizlik_kategori
793b97da-e8b8-4849-9c59-cbcecdb60af0,questions.kategori,genel_kultur,cografya,2e Jev ikinci geçiş: kategori,0.95,20260612000317_soru_temizlik_kategori
798bf606-eb35-4be2-a248-a4adae19dc4b,questions.kategori,genel_kultur,bilim,2e Jev ikinci geçiş: kategori,0.99,20260612000317_soru_temizlik_kategori
7a309044-e52d-42c9-a5dd-65bca5a763a1,questions.kategori,genel_kultur,bilim,2e Jev ikinci geçiş: kategori,1.00,20260612000317_soru_temizlik_kategori
7a31cd03-1999-4adf-8fcf-8ea935bb6f13,questions.kategori,genel_kultur,bilim,2e Jev ikinci geçiş: kategori,0.92,20260612000317_soru_temizlik_kategori
7b071cc7-e5dd-46c4-a773-329af9307cb9,questions.kategori,genel_kultur,bilim,2e Jev ikinci geçiş: kategori,0.95,20260612000317_soru_temizlik_kategori
7b805ace-bd34-4d19-840c-f105d4380939,questions.kategori,genel_kultur,tarih,2e Jev ikinci geçiş: kategori,1.00,20260612000317_soru_temizlik_kategori
7bae7e45-d9fc-42d8-b551-155bd2c3ea9c,questions.kategori,genel_kultur,bilim,2e Jev ikinci geçiş: kategori,1.00,20260612000317_soru_temizlik_kategori
7bc21bcf-dcf3-4c3b-b957-056e90e6a268,questions.kategori,cografya,genel_kultur,2e Jev ikinci geçiş: kategori,0.90,20260612000317_soru_temizlik_kategori
7c60c170-df45-4cba-bcde-d4655abd6969,questions.kategori,genel_kultur,spor,2e Jev ikinci geçiş: kategori,0.99,20260612000317_soru_temizlik_kategori
7cde6a04-85de-4b46-b9c3-bb55103f594c,questions.kategori,genel_kultur,sinema,2e Jev ikinci geçiş: kategori,0.97,20260612000317_soru_temizlik_kategori
7ce9dfcf-c8b6-4679-b34f-201a92d137e9,questions.kategori,cografya,tarih,2e Jev ikinci geçiş: kategori,0.95,20260612000317_soru_temizlik_kategori
7d05de15-bbcd-46e2-b2d2-edc89b694900,questions.kategori,sinema,edebiyat,2e Jev ikinci geçiş: kategori,1.00,20260612000317_soru_temizlik_kategori
7d1a0245-1f11-424c-bc9a-117f22cbc63b,questions.kategori,genel_kultur,teknoloji,2e Jev ikinci geçiş: kategori,0.81,20260612000317_soru_temizlik_kategori
7d292eb4-5a62-44d1-a3eb-391ad2fa5f46,questions.kategori,muzik,genel_kultur,2e Jev ikinci geçiş: kategori,0.86,20260612000317_soru_temizlik_kategori
7d3c67d5-5f02-49d3-8823-5652d7fcadea,questions.kategori,genel_kultur,cografya,2e Jev ikinci geçiş: kategori,0.95,20260612000317_soru_temizlik_kategori
7d93483c-4439-4f37-8b4d-048128f3902d,questions.kategori,genel_kultur,cografya,2e Jev ikinci geçiş: kategori,1.00,20260612000317_soru_temizlik_kategori
7d95f6a2-c0dc-438d-a099-05d4096f5225,questions.kategori,genel_kultur,edebiyat,2e Jev ikinci geçiş: kategori,1.00,20260612000317_soru_temizlik_kategori
7e7855ef-227e-4d39-8dd3-1f51b2891b4f,questions.kategori,muzik,bilim,2e Jev ikinci geçiş: kategori,0.82,20260612000317_soru_temizlik_kategori
7eb815fa-8c2d-4668-9ed6-f911cde663bb,questions.kategori,teknoloji,genel_kultur,2e Jev ikinci geçiş: kategori,0.85,20260612000317_soru_temizlik_kategori
7efbf9ae-465e-4d6f-989f-01f2a3892603,questions.kategori,tarih,genel_kultur,2e Jev ikinci geçiş: kategori,0.97,20260612000317_soru_temizlik_kategori
7f7a2974-4cae-4b9e-bcdb-e937617d0301,questions.kategori,tarih,genel_kultur,2e Jev ikinci geçiş: kategori,0.97,20260612000317_soru_temizlik_kategori
806a40bd-9828-40a0-bc91-8a641140c3b4,questions.kategori,genel_kultur,cografya,2e Jev ikinci geçiş: kategori,1.00,20260612000317_soru_temizlik_kategori
808e8370-cf7c-4e57-b27f-4d8d6c4ad111,questions.kategori,spor,bilim,2e Jev ikinci geçiş: kategori,0.93,20260612000317_soru_temizlik_kategori
80a80109-3a13-4fd2-8c3a-458185837743,questions.kategori,sinema,edebiyat,2e Jev ikinci geçiş: kategori,0.98,20260612000317_soru_temizlik_kategori
80ea1d1e-106f-46a0-91e8-cf02934958fc,questions.kategori,genel_kultur,bilim,2e Jev ikinci geçiş: kategori,0.99,20260612000317_soru_temizlik_kategori
81606cf8-0c94-4304-bbde-2cad20c5f984,questions.kategori,sanat,tarih,2e Jev ikinci geçiş: kategori,0.91,20260612000317_soru_temizlik_kategori
81837857-51a0-41b8-a0d3-98ad7eb6d0b8,questions.kategori,sanat,genel_kultur,2e Jev ikinci geçiş: kategori,0.87,20260612000317_soru_temizlik_kategori
81fef556-ed34-4e96-8508-c4df63b78f3d,questions.kategori,genel_kultur,cografya,2e Jev ikinci geçiş: kategori,1.00,20260612000317_soru_temizlik_kategori
82401746-2d2e-4a0b-bd3f-68f75429e457,questions.kategori,genel_kultur,bilim,2e Jev ikinci geçiş: kategori,1.00,20260612000317_soru_temizlik_kategori
82ea0286-af31-40c3-ac64-b0d90428d181,questions.kategori,spor,bilim,2e Jev ikinci geçiş: kategori,0.96,20260612000317_soru_temizlik_kategori
8332c42e-cbfa-4fae-b804-fadc39b31dff,questions.kategori,sinema,edebiyat,2e Jev ikinci geçiş: kategori,0.99,20260612000317_soru_temizlik_kategori
83ab60e6-99eb-434e-8f8d-d5f19d7bce4c,questions.kategori,genel_kultur,bilim,2e Jev ikinci geçiş: kategori,0.91,20260612000317_soru_temizlik_kategori
83da6e00-2fb9-4a9a-b277-3053d8bee532,questions.kategori,genel_kultur,tarih,2e Jev ikinci geçiş: kategori,1.00,20260612000317_soru_temizlik_kategori
83bc9383-ffa9-49a6-9d47-bc56e592acc2,questions.kategori,genel_kultur,bilim,2e Jev ikinci geçiş: kategori,1.00,20260612000317_soru_temizlik_kategori
83edc7a9-13ef-4f73-b28a-0df2aca7ad2c,questions.kategori,genel_kultur,cografya,2e Jev ikinci geçiş: kategori,1.00,20260612000317_soru_temizlik_kategori
8429efcc-c585-42fa-b77f-408ab643fac2,questions.kategori,genel_kultur,bilim,2e Jev ikinci geçiş: kategori,1.00,20260612000317_soru_temizlik_kategori
8459242b-a163-40e6-98a9-fa147fc4bbd1,questions.kategori,sanat,muzik,2e Jev ikinci geçiş: kategori,1.00,20260612000317_soru_temizlik_kategori
848448f2-6acc-40ed-bec0-636107fcb8cf,questions.kategori,tarih,edebiyat,2e Jev ikinci geçiş: kategori,0.91,20260612000317_soru_temizlik_kategori
84962a53-8e91-42b5-9e4c-637223a59e88,questions.kategori,sinema,teknoloji,2e Jev ikinci geçiş: kategori,0.86,20260612000317_soru_temizlik_kategori
84ee48ea-5afe-430b-8222-42b90a1ebb6d,questions.kategori,genel_kultur,tarih,2e Jev ikinci geçiş: kategori,1.00,20260612000317_soru_temizlik_kategori
8696deae-22c1-4abc-8981-e92b0482802e,questions.kategori,bilim,teknoloji,2e Jev ikinci geçiş: kategori,1.00,20260612000317_soru_temizlik_kategori
86cd8ed2-00f2-4eb7-8493-c0ba67451f9d,questions.kategori,genel_kultur,bilim,2e Jev ikinci geçiş: kategori,0.92,20260612000317_soru_temizlik_kategori
86cea710-7fcb-44d3-a59a-9ef83e304f13,questions.kategori,genel_kultur,sanat,2e Jev ikinci geçiş: kategori,1.00,20260612000317_soru_temizlik_kategori
87d7ab35-42a3-4b85-b917-a37614ac4a86,questions.kategori,genel_kultur,bilim,2e Jev ikinci geçiş: kategori,1.00,20260612000317_soru_temizlik_kategori
8890bc63-d474-4f9d-8104-f0c732a88537,questions.kategori,genel_kultur,cografya,2e Jev ikinci geçiş: kategori,1.00,20260612000317_soru_temizlik_kategori
8924440d-842b-4f67-8ef5-402c98acbc45,questions.kategori,muzik,genel_kultur,2e Jev ikinci geçiş: kategori,0.81,20260612000317_soru_temizlik_kategori
89309a6c-83b0-45ee-b40d-c6098d1fc81e,questions.kategori,muzik,sanat,2e Jev ikinci geçiş: kategori,0.99,20260612000317_soru_temizlik_kategori
898f7b56-d743-4ce8-abe7-0ffd9b6c43e2,questions.kategori,teknoloji,bilim,2e Jev ikinci geçiş: kategori,0.97,20260612000317_soru_temizlik_kategori
89df6045-2f20-47d1-adfe-92d5d06be1ac,questions.kategori,cografya,genel_kultur,2e Jev ikinci geçiş: kategori,0.83,20260612000317_soru_temizlik_kategori
8a186491-2e94-4bba-827a-05639eeb8c70,questions.kategori,genel_kultur,cografya,2e Jev ikinci geçiş: kategori,0.99,20260612000317_soru_temizlik_kategori
8a64d936-b6b5-4e17-b8c3-7b691a3c549c,questions.kategori,genel_kultur,cografya,2e Jev ikinci geçiş: kategori,0.92,20260612000317_soru_temizlik_kategori
8ce78bc3-769a-4b61-8433-47cf3dd76e27,questions.kategori,genel_kultur,tarih,2e Jev ikinci geçiş: kategori,1.00,20260612000317_soru_temizlik_kategori
8d56cfdf-6405-4433-ba5c-cc26e7319780,questions.kategori,genel_kultur,tarih,2e Jev ikinci geçiş: kategori,0.98,20260612000317_soru_temizlik_kategori
8dd526b7-18b6-4872-88e7-f166407d7f35,questions.kategori,cografya,genel_kultur,2e Jev ikinci geçiş: kategori,0.83,20260612000317_soru_temizlik_kategori
8ec95ab8-f7b5-4e4f-aa2c-be706c6eb7ed,questions.kategori,sinema,bilim,2e Jev ikinci geçiş: kategori,0.86,20260612000317_soru_temizlik_kategori
8fac266e-43db-4726-a6d4-1c2bca36c25a,questions.kategori,edebiyat,genel_kultur,2e Jev ikinci geçiş: kategori,0.82,20260612000317_soru_temizlik_kategori
911a529f-4580-47f6-bd9a-b51e4bd45d2d,questions.kategori,genel_kultur,tarih,2e Jev ikinci geçiş: kategori,0.97,20260612000317_soru_temizlik_kategori
914a2949-e31e-44cb-b8e8-67f4fd221df7,questions.kategori,genel_kultur,bilim,2e Jev ikinci geçiş: kategori,0.95,20260612000317_soru_temizlik_kategori
9196ed4b-1502-4675-ae2d-53d74aadef19,questions.kategori,genel_kultur,bilim,2e Jev ikinci geçiş: kategori,0.99,20260612000317_soru_temizlik_kategori
92111406-59b7-44d9-a960-554604c51343,questions.kategori,genel_kultur,edebiyat,2e Jev ikinci geçiş: kategori,0.97,20260612000317_soru_temizlik_kategori
928d174d-ca22-48f4-b4eb-0b4bbc679589,questions.kategori,genel_kultur,cografya,2e Jev ikinci geçiş: kategori,1.00,20260612000317_soru_temizlik_kategori
931fb3ab-2fc0-4347-be20-5946c9131630,questions.kategori,muzik,teknoloji,2e Jev ikinci geçiş: kategori,0.95,20260612000317_soru_temizlik_kategori
939d0920-b00f-49a1-812b-6a21b5b2835a,questions.kategori,cografya,genel_kultur,2e Jev ikinci geçiş: kategori,0.97,20260612000317_soru_temizlik_kategori
94341c14-b141-46c2-bd1d-c539c5cc0f5d,questions.kategori,genel_kultur,bilim,2e Jev ikinci geçiş: kategori,0.97,20260612000317_soru_temizlik_kategori
94675947-c486-4714-83fc-841d9755946f,questions.kategori,genel_kultur,cografya,2e Jev ikinci geçiş: kategori,0.96,20260612000317_soru_temizlik_kategori
95164a6b-0aab-4083-aeb4-768d4191c0c9,questions.kategori,genel_kultur,bilim,2e Jev ikinci geçiş: kategori,0.90,20260612000317_soru_temizlik_kategori
95bbf81d-5eaf-49ec-b764-a92466d82208,questions.kategori,genel_kultur,tarih,2e Jev ikinci geçiş: kategori,0.98,20260612000317_soru_temizlik_kategori
9657afff-9c71-4c91-a060-896c6d17c267,questions.kategori,cografya,genel_kultur,2e Jev ikinci geçiş: kategori,0.90,20260612000317_soru_temizlik_kategori
96a420a3-5590-405a-add2-31b537ec975a,questions.kategori,muzik,sanat,2e Jev ikinci geçiş: kategori,0.95,20260612000317_soru_temizlik_kategori
96a61ba1-8e91-4de1-95d3-ca03aa79afb2,questions.kategori,genel_kultur,edebiyat,2e Jev ikinci geçiş: kategori,1.00,20260612000317_soru_temizlik_kategori
96fa132a-604e-4618-a0d5-2ef3dc376fc5,questions.kategori,genel_kultur,tarih,2e Jev ikinci geçiş: kategori,1.00,20260612000317_soru_temizlik_kategori
96e3b45b-854f-4aa0-b547-76da876e9a00,questions.kategori,genel_kultur,tarih,2e Jev ikinci geçiş: kategori,1.00,20260612000317_soru_temizlik_kategori
97945ccb-f9f4-44d0-b2af-4a88ef31c71c,questions.kategori,sanat,tarih,2e Jev ikinci geçiş: kategori,0.85,20260612000317_soru_temizlik_kategori
9781cbe6-4101-4ef8-b3c1-1c396d844318,questions.kategori,sinema,edebiyat,2e Jev ikinci geçiş: kategori,0.98,20260612000317_soru_temizlik_kategori
98b25f3b-e0c1-458d-88cf-37f71518cc5f,questions.kategori,tarih,genel_kultur,2e Jev ikinci geçiş: kategori,0.86,20260612000317_soru_temizlik_kategori
9996f8c1-650c-47ad-87ab-63f7c8a9c242,questions.kategori,tarih,genel_kultur,2e Jev ikinci geçiş: kategori,0.97,20260612000317_soru_temizlik_kategori
9a122bc3-667b-42a7-9371-a38964dd5838,questions.kategori,teknoloji,bilim,2e Jev ikinci geçiş: kategori,0.90,20260612000317_soru_temizlik_kategori
9c3fa7da-1187-48a9-a855-7ee9a62864a6,questions.kategori,genel_kultur,tarih,2e Jev ikinci geçiş: kategori,1.00,20260612000317_soru_temizlik_kategori
9dafa628-df3d-4bad-9dc6-005e2e824c28,questions.kategori,genel_kultur,cografya,2e Jev ikinci geçiş: kategori,1.00,20260612000317_soru_temizlik_kategori
9dedb134-c165-408c-bb69-c3d7a34ef161,questions.kategori,spor,bilim,2e Jev ikinci geçiş: kategori,0.99,20260612000317_soru_temizlik_kategori
9dedbf2a-0667-4776-a4ee-d1ea76f6119e,questions.kategori,genel_kultur,cografya,2e Jev ikinci geçiş: kategori,1.00,20260612000317_soru_temizlik_kategori
9e1bab95-ce8f-4292-874a-b22fec34aea2,questions.kategori,sanat,muzik,2e Jev ikinci geçiş: kategori,1.00,20260612000317_soru_temizlik_kategori
9ef1b5b2-43d8-442c-81ed-d75f49f0c645,questions.kategori,cografya,tarih,2e Jev ikinci geçiş: kategori,0.99,20260612000317_soru_temizlik_kategori
9f75debe-7725-410e-9634-b05f9e2b70f4,questions.kategori,bilim,genel_kultur,2e Jev ikinci geçiş: kategori,0.96,20260612000317_soru_temizlik_kategori
9f5a7486-b442-4e0a-858b-2a2c872f9f9c,questions.kategori,genel_kultur,cografya,2e Jev ikinci geçiş: kategori,1.00,20260612000317_soru_temizlik_kategori
9f9535fb-9f6c-4702-9265-92660851ec09,questions.kategori,genel_kultur,spor,2e Jev ikinci geçiş: kategori,0.99,20260612000317_soru_temizlik_kategori
9fa4f56c-d9df-40dc-a43a-9e8829ddc77a,questions.kategori,genel_kultur,cografya,2e Jev ikinci geçiş: kategori,1.00,20260612000317_soru_temizlik_kategori
9fbb47e7-e608-4e05-9d3a-1663f02e4f44,questions.kategori,tarih,bilim,2e Jev ikinci geçiş: kategori,0.86,20260612000317_soru_temizlik_kategori
a07ba856-d2d4-439a-bf85-74b7a525e407,questions.kategori,genel_kultur,cografya,2e Jev ikinci geçiş: kategori,0.99,20260612000317_soru_temizlik_kategori
a11db30d-7401-4481-9e04-dcae1f6e162b,questions.kategori,cografya,genel_kultur,2e Jev ikinci geçiş: kategori,0.95,20260612000317_soru_temizlik_kategori
a16e948d-e5b0-4f2f-86ba-a38d8ec25398,questions.kategori,cografya,genel_kultur,2e Jev ikinci geçiş: kategori,0.89,20260612000317_soru_temizlik_kategori
a27fa4f9-d0d7-4b54-8014-21dbe8fd61ff,questions.kategori,sinema,genel_kultur,2e Jev ikinci geçiş: kategori,0.85,20260612000317_soru_temizlik_kategori
a2b13a2d-9a21-4d30-8a0f-e1115401ad10,questions.kategori,cografya,tarih,2e Jev ikinci geçiş: kategori,0.98,20260612000317_soru_temizlik_kategori
a2cddbc1-f000-4a7e-8042-50e69220ffbe,questions.kategori,genel_kultur,edebiyat,2e Jev ikinci geçiş: kategori,1.00,20260612000317_soru_temizlik_kategori
a37332d4-b2f1-40ea-8158-81e400027773,questions.kategori,genel_kultur,bilim,2e Jev ikinci geçiş: kategori,0.89,20260612000317_soru_temizlik_kategori
a39a0f19-fc9d-4089-a317-82c3428a484d,questions.kategori,genel_kultur,bilim,2e Jev ikinci geçiş: kategori,1.00,20260612000317_soru_temizlik_kategori
a42ca8cd-0d9c-4b21-af90-b7d3a6c2cdba,questions.kategori,sanat,genel_kultur,2e Jev ikinci geçiş: kategori,0.97,20260612000317_soru_temizlik_kategori
a4afc883-c102-4329-b313-10de1f1e3c67,questions.kategori,genel_kultur,spor,2e Jev ikinci geçiş: kategori,0.97,20260612000317_soru_temizlik_kategori
a4ca3e05-2f74-4d4f-87ea-e470b18b8349,questions.kategori,genel_kultur,edebiyat,2e Jev ikinci geçiş: kategori,1.00,20260612000317_soru_temizlik_kategori
a593548d-2181-4f7c-9249-a44833329d0b,questions.kategori,genel_kultur,bilim,2e Jev ikinci geçiş: kategori,1.00,20260612000317_soru_temizlik_kategori
a5ed74d0-7b2b-440e-b06c-173e7d43eea6,questions.kategori,genel_kultur,tarih,2e Jev ikinci geçiş: kategori,0.97,20260612000317_soru_temizlik_kategori
a64c346f-188b-4390-aae6-52e7679b9115,questions.kategori,sanat,muzik,2e Jev ikinci geçiş: kategori,1.00,20260612000317_soru_temizlik_kategori
a66f0382-43a8-4b76-b68c-ca2e262739c1,questions.kategori,genel_kultur,bilim,2e Jev ikinci geçiş: kategori,1.00,20260612000317_soru_temizlik_kategori
a651f2ee-3fdb-49d4-92f1-2050fbd0aa71,questions.kategori,genel_kultur,tarih,2e Jev ikinci geçiş: kategori,1.00,20260612000317_soru_temizlik_kategori
a6f513be-fa3e-4f32-ae42-a95ebf8e118d,questions.kategori,genel_kultur,tarih,2e Jev ikinci geçiş: kategori,0.93,20260612000317_soru_temizlik_kategori
a6a02c04-357c-49a1-aff6-21ef492c49ae,questions.kategori,sanat,muzik,2e Jev ikinci geçiş: kategori,1.00,20260612000317_soru_temizlik_kategori
a789fbe9-3158-4ff6-8c78-2c9f50f4a6f2,questions.kategori,genel_kultur,bilim,2e Jev ikinci geçiş: kategori,0.99,20260612000317_soru_temizlik_kategori
a8196a36-b0e5-463a-858d-b3ef55090530,questions.kategori,sanat,tarih,2e Jev ikinci geçiş: kategori,0.82,20260612000317_soru_temizlik_kategori
a93d8922-218c-40a1-80e8-f6be667fedde,questions.kategori,genel_kultur,cografya,2e Jev ikinci geçiş: kategori,1.00,20260612000317_soru_temizlik_kategori
a96dd140-8924-4cba-b4ad-5719471dab10,questions.kategori,genel_kultur,bilim,2e Jev ikinci geçiş: kategori,1.00,20260612000317_soru_temizlik_kategori
a9cf0d63-2bc4-4f40-abcc-65b7d64a7ae1,questions.kategori,tarih,bilim,2e Jev ikinci geçiş: kategori,0.96,20260612000317_soru_temizlik_kategori
aa6b4ee3-0d38-4a7f-9a55-7da6849fc2e4,questions.kategori,genel_kultur,bilim,2e Jev ikinci geçiş: kategori,1.00,20260612000317_soru_temizlik_kategori
aab37834-7dde-4faa-8b96-726a772c60c4,questions.kategori,genel_kultur,sanat,2e Jev ikinci geçiş: kategori,0.98,20260612000317_soru_temizlik_kategori
abea9f65-6ade-428a-8350-d97133e254a6,questions.kategori,cografya,genel_kultur,2e Jev ikinci geçiş: kategori,0.91,20260612000317_soru_temizlik_kategori
aab60d36-f9e4-4dc2-9d24-5729ad3533e5,questions.kategori,genel_kultur,tarih,2e Jev ikinci geçiş: kategori,0.81,20260612000317_soru_temizlik_kategori
ac5eeeea-defb-41f8-8044-4b0ee4b7a5c7,questions.kategori,genel_kultur,cografya,2e Jev ikinci geçiş: kategori,1.00,20260612000317_soru_temizlik_kategori
ac608f83-1a25-435a-ad61-3f9483bff9c6,questions.kategori,cografya,genel_kultur,2e Jev ikinci geçiş: kategori,0.94,20260612000317_soru_temizlik_kategori
ac69e877-62ea-4316-abba-56d0d02ff50e,questions.kategori,sanat,teknoloji,2e Jev ikinci geçiş: kategori,0.82,20260612000317_soru_temizlik_kategori
ac76149b-f9ec-4ffa-a611-90d701bae49c,questions.kategori,cografya,genel_kultur,2e Jev ikinci geçiş: kategori,0.93,20260612000317_soru_temizlik_kategori
acf984e2-7d3f-4724-8f0a-8e76c9167581,questions.kategori,sinema,edebiyat,2e Jev ikinci geçiş: kategori,0.85,20260612000317_soru_temizlik_kategori
ad61a401-f00c-44ac-a98f-d44ce858c106,questions.kategori,genel_kultur,edebiyat,2e Jev ikinci geçiş: kategori,0.90,20260612000317_soru_temizlik_kategori
ad67139a-2964-4cd7-a728-0b892dc29ff5,questions.kategori,genel_kultur,cografya,2e Jev ikinci geçiş: kategori,0.87,20260612000317_soru_temizlik_kategori
ad72a460-a1b0-4936-b1f1-0f457a8fb100,questions.kategori,spor,bilim,2e Jev ikinci geçiş: kategori,0.89,20260612000317_soru_temizlik_kategori
ad94d706-b836-42f9-b739-1c3e3aabde91,questions.kategori,cografya,genel_kultur,2e Jev ikinci geçiş: kategori,0.94,20260612000317_soru_temizlik_kategori
aeba5d5d-d14f-462b-8291-f98c7b695cd7,questions.kategori,genel_kultur,teknoloji,2e Jev ikinci geçiş: kategori,1.00,20260612000317_soru_temizlik_kategori
aeecd045-aaa0-4ce4-83d1-8f8de9881436,questions.kategori,genel_kultur,tarih,2e Jev ikinci geçiş: kategori,0.90,20260612000317_soru_temizlik_kategori
aef6a0d5-0f20-4e69-b93b-fc988e0cb00e,questions.kategori,sanat,genel_kultur,2e Jev ikinci geçiş: kategori,0.94,20260612000317_soru_temizlik_kategori
af372bfa-31b1-4c59-ac24-aa702365bb8b,questions.kategori,sanat,muzik,2e Jev ikinci geçiş: kategori,1.00,20260612000317_soru_temizlik_kategori
afa43cea-96dd-4dee-a6c7-a1e76a595cd6,questions.kategori,sanat,muzik,2e Jev ikinci geçiş: kategori,1.00,20260612000317_soru_temizlik_kategori
b07248f4-50c8-4593-a799-1a0378fdb892,questions.kategori,genel_kultur,bilim,2e Jev ikinci geçiş: kategori,0.94,20260612000317_soru_temizlik_kategori
b0825ed1-6a36-4f83-9b51-49ee1389b95a,questions.kategori,sanat,edebiyat,2e Jev ikinci geçiş: kategori,0.89,20260612000317_soru_temizlik_kategori
b0861a80-dc08-47f8-a072-c5a3944a3b95,questions.kategori,sinema,bilim,2e Jev ikinci geçiş: kategori,0.98,20260612000317_soru_temizlik_kategori
b0b5f7a9-8c17-4228-8a6c-8852d666b8d2,questions.kategori,genel_kultur,cografya,2e Jev ikinci geçiş: kategori,0.99,20260612000317_soru_temizlik_kategori
b0e3f438-71b2-4b41-af85-491e46178b64,questions.kategori,genel_kultur,bilim,2e Jev ikinci geçiş: kategori,1.00,20260612000317_soru_temizlik_kategori
b0f14eda-4490-4b95-9d5c-4f9fd7f7a0d5,questions.kategori,genel_kultur,cografya,2e Jev ikinci geçiş: kategori,1.00,20260612000317_soru_temizlik_kategori
b20b0083-af21-4a72-89b8-117c210428e5,questions.kategori,sanat,bilim,2e Jev ikinci geçiş: kategori,0.99,20260612000317_soru_temizlik_kategori
b2da2c09-bd3d-473e-a3bd-9526caff1d1a,questions.kategori,genel_kultur,cografya,2e Jev ikinci geçiş: kategori,1.00,20260612000317_soru_temizlik_kategori
b341792d-48a1-4f1e-a118-d63bafdecb1b,questions.kategori,genel_kultur,edebiyat,2e Jev ikinci geçiş: kategori,1.00,20260612000317_soru_temizlik_kategori
b42c76c6-36ac-43e8-8b3c-1ad403d5a50c,questions.kategori,genel_kultur,cografya,2e Jev ikinci geçiş: kategori,0.99,20260612000317_soru_temizlik_kategori
b45c1333-d584-45d2-afab-4f1a18dfb993,questions.kategori,genel_kultur,cografya,2e Jev ikinci geçiş: kategori,0.83,20260612000317_soru_temizlik_kategori
b4869147-f383-46cd-987a-d3b13f9038ce,questions.kategori,muzik,edebiyat,2e Jev ikinci geçiş: kategori,0.83,20260612000317_soru_temizlik_kategori
b472c67f-0baf-45cd-b2e6-f691d0b01236,questions.kategori,tarih,bilim,2e Jev ikinci geçiş: kategori,1.00,20260612000317_soru_temizlik_kategori
b42f3865-83af-4e50-b3c4-73a76881cd4b,questions.kategori,muzik,bilim,2e Jev ikinci geçiş: kategori,0.96,20260612000317_soru_temizlik_kategori
b49cf1c9-d050-4253-b264-192989b7db63,questions.kategori,genel_kultur,cografya,2e Jev ikinci geçiş: kategori,1.00,20260612000317_soru_temizlik_kategori
b50d313f-027b-478c-a594-14b5f89e1883,questions.kategori,cografya,genel_kultur,2e Jev ikinci geçiş: kategori,0.86,20260612000317_soru_temizlik_kategori
b540249c-f928-43a6-b601-88ab6c84fff8,questions.kategori,genel_kultur,bilim,2e Jev ikinci geçiş: kategori,0.93,20260612000317_soru_temizlik_kategori
b6f3417f-b94a-435f-9109-4bae5e6f035e,questions.kategori,sanat,sinema,2e Jev ikinci geçiş: kategori,0.98,20260612000317_soru_temizlik_kategori
b67fcfa3-1788-4304-8a71-1fd7ccf51fb1,questions.kategori,cografya,genel_kultur,2e Jev ikinci geçiş: kategori,0.83,20260612000317_soru_temizlik_kategori
b72cfb85-889a-4bd6-9a84-300f9f4b9fd8,questions.kategori,genel_kultur,tarih,2e Jev ikinci geçiş: kategori,1.00,20260612000317_soru_temizlik_kategori
b6ab31e8-e358-458d-be77-8e43b6259317,questions.kategori,genel_kultur,cografya,2e Jev ikinci geçiş: kategori,1.00,20260612000317_soru_temizlik_kategori
b745c11f-7726-472a-b101-79c6d4f589c1,questions.kategori,genel_kultur,bilim,2e Jev ikinci geçiş: kategori,1.00,20260612000317_soru_temizlik_kategori
b76c4360-2079-45e2-8a35-8625d05fa29b,questions.kategori,genel_kultur,teknoloji,2e Jev ikinci geçiş: kategori,1.00,20260612000317_soru_temizlik_kategori
b7e27466-2d4f-4f09-8fb2-2439fb564941,questions.kategori,genel_kultur,bilim,2e Jev ikinci geçiş: kategori,1.00,20260612000317_soru_temizlik_kategori
b7f4fdd5-c250-420b-b8df-a3ddce255b0d,questions.kategori,genel_kultur,cografya,2e Jev ikinci geçiş: kategori,1.00,20260612000317_soru_temizlik_kategori
b8437f51-cd30-4e9d-9116-a288c8989068,questions.kategori,sanat,muzik,2e Jev ikinci geçiş: kategori,1.00,20260612000317_soru_temizlik_kategori
b8319d61-7e7f-4194-ad5d-b857fd5ec291,questions.kategori,genel_kultur,tarih,2e Jev ikinci geçiş: kategori,1.00,20260612000317_soru_temizlik_kategori
b941ae75-6891-4828-be53-d92bc02add3c,questions.kategori,cografya,genel_kultur,2e Jev ikinci geçiş: kategori,0.82,20260612000317_soru_temizlik_kategori
b9380221-2342-4667-b1d8-42afca044a6f,questions.kategori,genel_kultur,tarih,2e Jev ikinci geçiş: kategori,0.99,20260612000317_soru_temizlik_kategori
ba691c22-df2a-4310-8265-7d5e2b574a02,questions.kategori,genel_kultur,bilim,2e Jev ikinci geçiş: kategori,0.98,20260612000317_soru_temizlik_kategori
bb55309d-e9d5-47b8-8419-55e828858b04,questions.kategori,tarih,edebiyat,2e Jev ikinci geçiş: kategori,0.99,20260612000317_soru_temizlik_kategori
bb557f5e-79ea-444c-8d2b-691a9457516c,questions.kategori,genel_kultur,teknoloji,2e Jev ikinci geçiş: kategori,0.95,20260612000317_soru_temizlik_kategori
bb6521af-3d12-47e2-b295-c35e0b0ec660,questions.kategori,genel_kultur,bilim,2e Jev ikinci geçiş: kategori,1.00,20260612000317_soru_temizlik_kategori
bbb8f2d7-66e5-481b-9d02-1e86c8954d8e,questions.kategori,genel_kultur,cografya,2e Jev ikinci geçiş: kategori,1.00,20260612000317_soru_temizlik_kategori
bc7cc6a4-7457-40c3-a1ae-dda4ab97ae9b,questions.kategori,cografya,genel_kultur,2e Jev ikinci geçiş: kategori,0.98,20260612000317_soru_temizlik_kategori
bd20b698-a456-4623-8dc5-2c93e44c8e14,questions.kategori,bilim,genel_kultur,2e Jev ikinci geçiş: kategori,0.99,20260612000317_soru_temizlik_kategori
bec9f641-c9f3-49d2-9d33-d1a425d8e11c,questions.kategori,genel_kultur,bilim,2e Jev ikinci geçiş: kategori,0.98,20260612000317_soru_temizlik_kategori
bee93de3-2030-45c3-b577-0384cc9ce8d6,questions.kategori,bilim,genel_kultur,2e Jev ikinci geçiş: kategori,0.94,20260612000317_soru_temizlik_kategori
be8724ed-3aae-41e6-b7fe-e79c5e27dbed,questions.kategori,genel_kultur,cografya,2e Jev ikinci geçiş: kategori,1.00,20260612000317_soru_temizlik_kategori
beda9f15-68a8-4be5-8018-aa58bef2da46,questions.kategori,genel_kultur,edebiyat,2e Jev ikinci geçiş: kategori,1.00,20260612000317_soru_temizlik_kategori
bfa92f77-3e0e-4a03-8253-f4be1df03233,questions.kategori,genel_kultur,bilim,2e Jev ikinci geçiş: kategori,0.95,20260612000317_soru_temizlik_kategori
bf7bef11-bb68-4937-840e-8e17b1755a6d,questions.kategori,genel_kultur,bilim,2e Jev ikinci geçiş: kategori,0.99,20260612000317_soru_temizlik_kategori
c025606b-2d0d-4f3c-a96d-14199ed9203b,questions.kategori,genel_kultur,tarih,2e Jev ikinci geçiş: kategori,1.00,20260612000317_soru_temizlik_kategori
c07229bf-e210-44ab-9969-2e5e94b3e331,questions.kategori,genel_kultur,sanat,2e Jev ikinci geçiş: kategori,1.00,20260612000317_soru_temizlik_kategori
c07f5775-0616-46df-8c12-1f3c26048a16,questions.kategori,genel_kultur,bilim,2e Jev ikinci geçiş: kategori,1.00,20260612000317_soru_temizlik_kategori
c1357f75-ec1b-4318-927b-f4ba963636cf,questions.kategori,sinema,teknoloji,2e Jev ikinci geçiş: kategori,0.83,20260612000317_soru_temizlik_kategori
c0a0c65d-def7-4a16-bb26-9e0b92105038,questions.kategori,genel_kultur,bilim,2e Jev ikinci geçiş: kategori,0.98,20260612000317_soru_temizlik_kategori
c1b697d8-7f38-402b-a471-d9bde1a984d0,questions.kategori,genel_kultur,bilim,2e Jev ikinci geçiş: kategori,0.97,20260612000317_soru_temizlik_kategori
c27175f5-8023-47f0-97c9-90e1a4111ea0,questions.kategori,tarih,sanat,2e Jev ikinci geçiş: kategori,0.99,20260612000317_soru_temizlik_kategori
c2959f3a-0617-4d42-b5f7-77fc2f5fe217,questions.kategori,sanat,muzik,2e Jev ikinci geçiş: kategori,1.00,20260612000317_soru_temizlik_kategori
c3616317-fca2-40a6-bb9d-7cbaa4522788,questions.kategori,genel_kultur,bilim,2e Jev ikinci geçiş: kategori,0.99,20260612000317_soru_temizlik_kategori
c3775c53-9102-4627-8e2b-0cc706bb0211,questions.kategori,genel_kultur,bilim,2e Jev ikinci geçiş: kategori,1.00,20260612000317_soru_temizlik_kategori
c3f9e158-c2f3-446e-a938-e4b6703d1258,questions.kategori,genel_kultur,bilim,2e Jev ikinci geçiş: kategori,1.00,20260612000317_soru_temizlik_kategori
c421966b-90e5-442a-bd41-b514036e7f60,questions.kategori,genel_kultur,bilim,2e Jev ikinci geçiş: kategori,1.00,20260612000317_soru_temizlik_kategori
c4fe1621-967f-4084-9c6f-f5a419b130b5,questions.kategori,genel_kultur,bilim,2e Jev ikinci geçiş: kategori,0.99,20260612000317_soru_temizlik_kategori
c51f0c8f-95c7-4d26-8f45-27768dad45c8,questions.kategori,sanat,sinema,2e Jev ikinci geçiş: kategori,0.98,20260612000317_soru_temizlik_kategori
c544d840-af7d-4f6b-bfe2-feda061c1ca7,questions.kategori,genel_kultur,tarih,2e Jev ikinci geçiş: kategori,1.00,20260612000317_soru_temizlik_kategori
c5581b98-6f51-42a1-80ce-8aceb13c6262,questions.kategori,cografya,genel_kultur,2e Jev ikinci geçiş: kategori,0.96,20260612000317_soru_temizlik_kategori
c62cff73-976b-4c75-8f4c-e06554a232e0,questions.kategori,genel_kultur,bilim,2e Jev ikinci geçiş: kategori,0.85,20260612000317_soru_temizlik_kategori
c62d0f84-94ec-4df0-9313-2b08f7c956a8,questions.kategori,cografya,tarih,2e Jev ikinci geçiş: kategori,0.86,20260612000317_soru_temizlik_kategori
c653f0a9-bcfc-4655-a336-7f0578d923a8,questions.kategori,genel_kultur,bilim,2e Jev ikinci geçiş: kategori,0.93,20260612000317_soru_temizlik_kategori
c6a75e41-9f7a-4b0a-8e6d-b99a92f6ee45,questions.kategori,genel_kultur,bilim,2e Jev ikinci geçiş: kategori,0.89,20260612000317_soru_temizlik_kategori
c8538692-2cbd-427e-9d2a-dea5965f4de4,questions.kategori,genel_kultur,bilim,2e Jev ikinci geçiş: kategori,0.99,20260612000317_soru_temizlik_kategori
c6e0574a-e3a6-4374-8368-e2b50975da16,questions.kategori,cografya,genel_kultur,2e Jev ikinci geçiş: kategori,0.97,20260612000317_soru_temizlik_kategori
c88267e3-b7f8-487c-b05c-f4314b58a937,questions.kategori,sanat,tarih,2e Jev ikinci geçiş: kategori,0.93,20260612000317_soru_temizlik_kategori
c894f602-fe5a-4f80-beb4-db7470032476,questions.kategori,genel_kultur,bilim,2e Jev ikinci geçiş: kategori,0.99,20260612000317_soru_temizlik_kategori
c9c266b8-2dfd-4b2d-8997-f0eb782545da,questions.kategori,genel_kultur,bilim,2e Jev ikinci geçiş: kategori,0.93,20260612000317_soru_temizlik_kategori
c9cbf986-5bd2-460a-b579-5627dc85394e,questions.kategori,cografya,genel_kultur,2e Jev ikinci geçiş: kategori,0.83,20260612000317_soru_temizlik_kategori
caa14fef-3a9a-45ff-b9dc-daee0e953b65,questions.kategori,genel_kultur,cografya,2e Jev ikinci geçiş: kategori,0.99,20260612000317_soru_temizlik_kategori
ca804124-bf1d-4e95-b98a-c0ed3c3ef871,questions.kategori,genel_kultur,cografya,2e Jev ikinci geçiş: kategori,0.99,20260612000317_soru_temizlik_kategori
cb007948-342d-49fb-9fb9-45db6c873101,questions.kategori,sanat,sinema,2e Jev ikinci geçiş: kategori,1.00,20260612000317_soru_temizlik_kategori
cc63abef-bc1d-4eb1-a96f-e9467a275b96,questions.kategori,genel_kultur,bilim,2e Jev ikinci geçiş: kategori,0.96,20260612000317_soru_temizlik_kategori
cbe87c0e-b728-4caf-af2d-6332e3c9de79,questions.kategori,genel_kultur,tarih,2e Jev ikinci geçiş: kategori,1.00,20260612000317_soru_temizlik_kategori
cdb81952-7ea7-4df9-ad39-64a4b9719945,questions.kategori,sanat,muzik,2e Jev ikinci geçiş: kategori,0.97,20260612000317_soru_temizlik_kategori
ce865cc5-ce9f-48bb-862a-5b2556a7095c,questions.kategori,genel_kultur,spor,2e Jev ikinci geçiş: kategori,1.00,20260612000317_soru_temizlik_kategori
ced67baf-7fd8-4ee1-a94a-f57d30e1242b,questions.kategori,genel_kultur,bilim,2e Jev ikinci geçiş: kategori,1.00,20260612000317_soru_temizlik_kategori
ced08f58-1445-4e0c-b831-f6ce4bf33ce1,questions.kategori,genel_kultur,tarih,2e Jev ikinci geçiş: kategori,1.00,20260612000317_soru_temizlik_kategori
cef26b8e-7a17-4ac8-9154-8040d25535fd,questions.kategori,genel_kultur,tarih,2e Jev ikinci geçiş: kategori,0.98,20260612000317_soru_temizlik_kategori
cfc9dfcd-2d29-4619-bab6-d5731b2eac78,questions.kategori,genel_kultur,bilim,2e Jev ikinci geçiş: kategori,1.00,20260612000317_soru_temizlik_kategori
d0018dd5-7f0e-4fbf-982e-6496196a479b,questions.kategori,sanat,cografya,2e Jev ikinci geçiş: kategori,0.83,20260612000317_soru_temizlik_kategori
d05f3ffd-57ef-4ff5-b649-86f050fd6717,questions.kategori,genel_kultur,bilim,2e Jev ikinci geçiş: kategori,0.97,20260612000317_soru_temizlik_kategori
d0723fe9-6c8b-4a2a-9bae-6a3bfea44356,questions.kategori,genel_kultur,tarih,2e Jev ikinci geçiş: kategori,1.00,20260612000317_soru_temizlik_kategori
d094d658-6339-4ebb-98de-608a45a2a1af,questions.kategori,genel_kultur,bilim,2e Jev ikinci geçiş: kategori,0.93,20260612000317_soru_temizlik_kategori
d25567ae-0809-4fef-a35a-9511f276ff40,questions.kategori,genel_kultur,cografya,2e Jev ikinci geçiş: kategori,1.00,20260612000317_soru_temizlik_kategori
d2a898fe-b023-4d20-bbf1-227268462c31,questions.kategori,sanat,sinema,2e Jev ikinci geçiş: kategori,1.00,20260612000317_soru_temizlik_kategori
d308516e-8b58-4dcd-97ff-1bca2dd832f1,questions.kategori,genel_kultur,bilim,2e Jev ikinci geçiş: kategori,1.00,20260612000317_soru_temizlik_kategori
d3ef3ab0-cf83-45a6-a211-61e7b4c97120,questions.kategori,genel_kultur,tarih,2e Jev ikinci geçiş: kategori,1.00,20260612000317_soru_temizlik_kategori
d41a2ebc-6727-4dc3-85ec-976c2f4e08a2,questions.kategori,genel_kultur,cografya,2e Jev ikinci geçiş: kategori,0.94,20260612000317_soru_temizlik_kategori
d4cffa6c-3946-48c2-bc3e-2f6d37b29f81,questions.kategori,genel_kultur,tarih,2e Jev ikinci geçiş: kategori,0.95,20260612000317_soru_temizlik_kategori
d4fb0ebc-4803-46b5-9f1a-2e9a8b5d6c19,questions.kategori,genel_kultur,cografya,2e Jev ikinci geçiş: kategori,1.00,20260612000317_soru_temizlik_kategori
d57cf18c-4e20-46db-935b-53429c186b55,questions.kategori,genel_kultur,bilim,2e Jev ikinci geçiş: kategori,0.99,20260612000317_soru_temizlik_kategori
d5b1a9e8-8e26-44a0-9bff-efa69d9bf78c,questions.kategori,spor,bilim,2e Jev ikinci geçiş: kategori,0.99,20260612000317_soru_temizlik_kategori
d7ebfed3-9a2d-4486-a5de-3b328adac33f,questions.kategori,cografya,genel_kultur,2e Jev ikinci geçiş: kategori,1.00,20260612000317_soru_temizlik_kategori
d6f95a64-e267-443b-a9ec-7aa0b35389a4,questions.kategori,genel_kultur,bilim,2e Jev ikinci geçiş: kategori,0.99,20260612000317_soru_temizlik_kategori
d81bef18-4deb-4b7f-941c-e498d098da94,questions.kategori,tarih,bilim,2e Jev ikinci geçiş: kategori,0.83,20260612000317_soru_temizlik_kategori
d8ce0d49-7ba5-44fa-9b0f-384054dca2f9,questions.kategori,genel_kultur,cografya,2e Jev ikinci geçiş: kategori,1.00,20260612000317_soru_temizlik_kategori
d904ac52-af86-4505-8a7b-f3b55848d3c2,questions.kategori,genel_kultur,cografya,2e Jev ikinci geçiş: kategori,0.99,20260612000317_soru_temizlik_kategori
d96ef2a6-190b-4e18-ab36-f9070c9dc4ce,questions.kategori,muzik,bilim,2e Jev ikinci geçiş: kategori,0.91,20260612000317_soru_temizlik_kategori
db20beb3-6636-4a0f-aa9f-037a9d1f1b77,questions.kategori,genel_kultur,edebiyat,2e Jev ikinci geçiş: kategori,1.00,20260612000317_soru_temizlik_kategori
db59888e-5cfa-48c9-8864-ce4ce1aea526,questions.kategori,tarih,genel_kultur,2e Jev ikinci geçiş: kategori,0.93,20260612000317_soru_temizlik_kategori
dbd3460a-d38d-4407-9c91-90ff8eccd578,questions.kategori,cografya,tarih,2e Jev ikinci geçiş: kategori,0.88,20260612000317_soru_temizlik_kategori
dc21e0bb-b2ec-4498-8b09-2b73d3b07035,questions.kategori,genel_kultur,bilim,2e Jev ikinci geçiş: kategori,0.87,20260612000317_soru_temizlik_kategori
dc4a9ab3-4fef-41f3-9439-7029211b761b,questions.kategori,sanat,teknoloji,2e Jev ikinci geçiş: kategori,1.00,20260612000317_soru_temizlik_kategori
dd3d71ae-f14f-4418-8cdd-be59b547e1d2,questions.kategori,spor,bilim,2e Jev ikinci geçiş: kategori,1.00,20260612000317_soru_temizlik_kategori
dea6aa19-8616-4a4a-8cc0-62b2d893da3f,questions.kategori,cografya,genel_kultur,2e Jev ikinci geçiş: kategori,0.89,20260612000317_soru_temizlik_kategori
dee0cc82-0852-4b04-b109-1040082adec3,questions.kategori,genel_kultur,cografya,2e Jev ikinci geçiş: kategori,0.99,20260612000317_soru_temizlik_kategori
df33b7d1-4bd5-41b0-8497-d6f494e80b72,questions.kategori,genel_kultur,bilim,2e Jev ikinci geçiş: kategori,1.00,20260612000317_soru_temizlik_kategori
e11a37b6-f1c7-49e2-99bd-62fef626b0cd,questions.kategori,genel_kultur,bilim,2e Jev ikinci geçiş: kategori,0.98,20260612000317_soru_temizlik_kategori
e0b26851-32e2-481f-ab7c-3985f8a671e2,questions.kategori,sinema,edebiyat,2e Jev ikinci geçiş: kategori,1.00,20260612000317_soru_temizlik_kategori
e17e3c38-4e72-4ba2-b191-ca3b4bf0bc93,questions.kategori,muzik,genel_kultur,2e Jev ikinci geçiş: kategori,0.91,20260612000317_soru_temizlik_kategori
e1b4dfca-e7de-4bbd-9d6d-cb42e9bbdf05,questions.kategori,sinema,sanat,2e Jev ikinci geçiş: kategori,0.99,20260612000317_soru_temizlik_kategori
e2933aa4-9d30-4700-8407-a33c9cac271e,questions.kategori,genel_kultur,bilim,2e Jev ikinci geçiş: kategori,1.00,20260612000317_soru_temizlik_kategori
e37923e6-1bc5-409d-bcbc-d868b9dfb23a,questions.kategori,sanat,tarih,2e Jev ikinci geçiş: kategori,0.86,20260612000317_soru_temizlik_kategori
e42f3355-e2df-472d-9a00-0c54f19dc40f,questions.kategori,genel_kultur,bilim,2e Jev ikinci geçiş: kategori,1.00,20260612000317_soru_temizlik_kategori
e41d4307-1edc-4f7b-8c17-71d26dea3d9d,questions.kategori,tarih,genel_kultur,2e Jev ikinci geçiş: kategori,0.97,20260612000317_soru_temizlik_kategori
e440c9af-b28f-4d8d-addf-2c9de1406885,questions.kategori,genel_kultur,bilim,2e Jev ikinci geçiş: kategori,1.00,20260612000317_soru_temizlik_kategori
e4e383dd-8f39-4a98-bc95-c26f353cada6,questions.kategori,cografya,genel_kultur,2e Jev ikinci geçiş: kategori,0.90,20260612000317_soru_temizlik_kategori
e50ecb9b-4887-4a14-9f14-f9b9907e43db,questions.kategori,genel_kultur,tarih,2e Jev ikinci geçiş: kategori,1.00,20260612000317_soru_temizlik_kategori
e53b14e2-cf81-498d-afe5-ab4e2ab18ea3,questions.kategori,genel_kultur,bilim,2e Jev ikinci geçiş: kategori,0.97,20260612000317_soru_temizlik_kategori
e600492c-2639-489d-8008-5de80135a620,questions.kategori,genel_kultur,bilim,2e Jev ikinci geçiş: kategori,0.94,20260612000317_soru_temizlik_kategori
e732bfc6-4073-4261-8ec9-e15467bdc8a2,questions.kategori,genel_kultur,bilim,2e Jev ikinci geçiş: kategori,0.99,20260612000317_soru_temizlik_kategori
e86c5a9e-ad51-45a4-8ef1-f6b4dfac65b0,questions.kategori,genel_kultur,bilim,2e Jev ikinci geçiş: kategori,1.00,20260612000317_soru_temizlik_kategori
e93138fd-8d10-4c44-92b3-f55c09383d00,questions.kategori,genel_kultur,bilim,2e Jev ikinci geçiş: kategori,0.99,20260612000317_soru_temizlik_kategori
e981e627-e9a2-48fd-990e-3f07ca61f2c9,questions.kategori,cografya,sanat,2e Jev ikinci geçiş: kategori,0.92,20260612000317_soru_temizlik_kategori
ea93e753-384b-4707-af26-c1eeaf5c6ad0,questions.kategori,genel_kultur,cografya,2e Jev ikinci geçiş: kategori,0.99,20260612000317_soru_temizlik_kategori
eb43a362-f77a-4b1b-b0ca-4035c8d0720e,questions.kategori,genel_kultur,bilim,2e Jev ikinci geçiş: kategori,1.00,20260612000317_soru_temizlik_kategori
eb599461-d494-4e29-9160-de947c6637aa,questions.kategori,genel_kultur,tarih,2e Jev ikinci geçiş: kategori,1.00,20260612000317_soru_temizlik_kategori
ebdcb4d8-c0e9-44dc-9fe4-fac83a936988,questions.kategori,sinema,edebiyat,2e Jev ikinci geçiş: kategori,1.00,20260612000317_soru_temizlik_kategori
ec7205b4-d323-43d6-853f-860703af89e1,questions.kategori,genel_kultur,tarih,2e Jev ikinci geçiş: kategori,0.83,20260612000317_soru_temizlik_kategori
ed4653f7-6505-43ae-ab5d-19c0c89d3bcd,questions.kategori,genel_kultur,bilim,2e Jev ikinci geçiş: kategori,0.95,20260612000317_soru_temizlik_kategori
ed7f768d-d716-47f6-8647-08e1074829c0,questions.kategori,sanat,edebiyat,2e Jev ikinci geçiş: kategori,0.99,20260612000317_soru_temizlik_kategori
ec8bac21-3888-403b-8362-992375190476,questions.kategori,spor,bilim,2e Jev ikinci geçiş: kategori,0.81,20260612000317_soru_temizlik_kategori
eda50300-cf63-476a-b408-98eea08b37ab,questions.kategori,genel_kultur,muzik,2e Jev ikinci geçiş: kategori,1.00,20260612000317_soru_temizlik_kategori
ee7246a8-31e2-449b-a291-0998a556d2a1,questions.kategori,genel_kultur,tarih,2e Jev ikinci geçiş: kategori,1.00,20260612000317_soru_temizlik_kategori
ef4c4ce4-db3d-4617-8336-ba5da7538799,questions.kategori,genel_kultur,cografya,2e Jev ikinci geçiş: kategori,1.00,20260612000317_soru_temizlik_kategori
efc019a3-daf0-48ac-860a-5531f05a1cdd,questions.kategori,sanat,sinema,2e Jev ikinci geçiş: kategori,1.00,20260612000317_soru_temizlik_kategori
efebab78-4540-4b09-a599-3f25baaf16ff,questions.kategori,genel_kultur,cografya,2e Jev ikinci geçiş: kategori,1.00,20260612000317_soru_temizlik_kategori
efee128c-04a0-4017-b3f3-7fd8bfa078a8,questions.kategori,genel_kultur,bilim,2e Jev ikinci geçiş: kategori,0.88,20260612000317_soru_temizlik_kategori
f1181a9a-25f8-4bda-9c9c-9123012d0748,questions.kategori,tarih,genel_kultur,2e Jev ikinci geçiş: kategori,0.92,20260612000317_soru_temizlik_kategori
f1c35198-83d6-4a69-a319-dcc6d4d73db4,questions.kategori,genel_kultur,bilim,2e Jev ikinci geçiş: kategori,1.00,20260612000317_soru_temizlik_kategori
f1a53ab3-a3a3-4457-9722-f98c6990df48,questions.kategori,genel_kultur,cografya,2e Jev ikinci geçiş: kategori,1.00,20260612000317_soru_temizlik_kategori
f1d52acf-0376-4f5f-981a-33f9a25093f8,questions.kategori,cografya,genel_kultur,2e Jev ikinci geçiş: kategori,0.97,20260612000317_soru_temizlik_kategori
f229ebf5-5afc-459f-bccb-20bac852d331,questions.kategori,sanat,genel_kultur,2e Jev ikinci geçiş: kategori,1.00,20260612000317_soru_temizlik_kategori
f27accce-0c77-4602-9305-421667b7e60d,questions.kategori,cografya,tarih,2e Jev ikinci geçiş: kategori,0.84,20260612000317_soru_temizlik_kategori
f306840e-a389-4d17-b48f-136f32dc8df0,questions.kategori,genel_kultur,cografya,2e Jev ikinci geçiş: kategori,1.00,20260612000317_soru_temizlik_kategori
f371b454-3659-4e77-af69-4fb00636ed0b,questions.kategori,sanat,muzik,2e Jev ikinci geçiş: kategori,1.00,20260612000317_soru_temizlik_kategori
f38d1646-7809-4abd-9b7d-bf947cb4571a,questions.kategori,genel_kultur,cografya,2e Jev ikinci geçiş: kategori,1.00,20260612000317_soru_temizlik_kategori
f39c828c-9be6-4924-bb31-bb7c1a03b3d9,questions.kategori,genel_kultur,tarih,2e Jev ikinci geçiş: kategori,1.00,20260612000317_soru_temizlik_kategori
f4317b18-c3d8-468f-86b3-75b42abe2aa1,questions.kategori,sanat,sinema,2e Jev ikinci geçiş: kategori,1.00,20260612000317_soru_temizlik_kategori
f4434566-af77-483d-8cf7-a01e25d2379e,questions.kategori,genel_kultur,tarih,2e Jev ikinci geçiş: kategori,0.95,20260612000317_soru_temizlik_kategori
f4f5fe44-3d76-4761-9b91-70a7f3585828,questions.kategori,genel_kultur,bilim,2e Jev ikinci geçiş: kategori,0.87,20260612000317_soru_temizlik_kategori
f4b07c08-9c77-413b-85f0-0cc5b29b27e5,questions.kategori,genel_kultur,bilim,2e Jev ikinci geçiş: kategori,0.89,20260612000317_soru_temizlik_kategori
f5d35384-9f42-4cba-aaf1-ff8d5d10ac09,questions.kategori,genel_kultur,spor,2e Jev ikinci geçiş: kategori,1.00,20260612000317_soru_temizlik_kategori
f5f04c94-67f2-4239-a3c1-9d18af486d82,questions.kategori,genel_kultur,tarih,2e Jev ikinci geçiş: kategori,0.99,20260612000317_soru_temizlik_kategori
f7151070-6490-4735-80bd-dd983028a0c0,questions.kategori,genel_kultur,bilim,2e Jev ikinci geçiş: kategori,1.00,20260612000317_soru_temizlik_kategori
f7220554-8b7c-461a-b8b6-4444034c03f8,questions.kategori,cografya,tarih,2e Jev ikinci geçiş: kategori,0.92,20260612000317_soru_temizlik_kategori
f72649cc-f954-4793-9311-006d24efec56,questions.kategori,cografya,tarih,2e Jev ikinci geçiş: kategori,0.99,20260612000317_soru_temizlik_kategori
f7c713b9-2c38-4e04-ae0d-be7ad30890a1,questions.kategori,sanat,teknoloji,2e Jev ikinci geçiş: kategori,0.90,20260612000317_soru_temizlik_kategori
f7f56af4-60e8-45e5-9565-8fa2046c8072,questions.kategori,genel_kultur,edebiyat,2e Jev ikinci geçiş: kategori,1.00,20260612000317_soru_temizlik_kategori
f89f8672-7af8-43e5-8205-bf07f68e5659,questions.kategori,genel_kultur,cografya,2e Jev ikinci geçiş: kategori,0.99,20260612000317_soru_temizlik_kategori
f95eb9e8-ebaa-4b6c-9ae3-5e6ef5fa69e3,questions.kategori,genel_kultur,bilim,2e Jev ikinci geçiş: kategori,0.99,20260612000317_soru_temizlik_kategori
fa5e94bf-e039-49f9-9b9a-5eae2686945f,questions.kategori,genel_kultur,cografya,2e Jev ikinci geçiş: kategori,0.89,20260612000317_soru_temizlik_kategori
fac34bc1-b07a-4367-ba64-fcee28f55ae0,questions.kategori,sinema,edebiyat,2e Jev ikinci geçiş: kategori,1.00,20260612000317_soru_temizlik_kategori
fbcffc90-8664-497f-b36a-b2384bd72ded,questions.kategori,genel_kultur,cografya,2e Jev ikinci geçiş: kategori,1.00,20260612000317_soru_temizlik_kategori
fc22e9e8-eac5-4b02-a303-014271cc008f,questions.kategori,genel_kultur,bilim,2e Jev ikinci geçiş: kategori,1.00,20260612000317_soru_temizlik_kategori
fc2aa04f-8718-4157-8c2a-e1c58e925f0f,questions.kategori,genel_kultur,tarih,2e Jev ikinci geçiş: kategori,1.00,20260612000317_soru_temizlik_kategori
fd94a4af-6c97-43ab-8056-d0c3418e2a5f,questions.kategori,cografya,teknoloji,2e Jev ikinci geçiş: kategori,0.89,20260612000317_soru_temizlik_kategori
fe26a5cd-e5c5-4407-a4d2-f0f4fbc9011a,questions.kategori,cografya,genel_kultur,2e Jev ikinci geçiş: kategori,0.92,20260612000317_soru_temizlik_kategori
feadf307-7f7a-4605-85eb-d390d9298844,questions.kategori,genel_kultur,bilim,2e Jev ikinci geçiş: kategori,0.98,20260612000317_soru_temizlik_kategori
ff934607-fdd3-4acc-94b6-76ffd253c1dd,questions.kategori,genel_kultur,cografya,2e Jev ikinci geçiş: kategori,0.89,20260612000317_soru_temizlik_kategori
ffd3be2f-ca04-496e-bc98-0a31afa0fbd5,questions.kategori,bilim,teknoloji,2e Jev ikinci geçiş: kategori,1.00,20260612000317_soru_temizlik_kategori
0002b042-f627-4ec9-8c75-8ad30bedad96,questions.zorluk,4,3,2a sıralamaya göre yeniden (290 mantığı),2.9,20260612000318_soru_zorluk_yeniden_sirala
c0bbde1a-a940-42c6-afcf-a013c5668990,questions.zorluk,2,1,2a sıralamaya göre yeniden (290 mantığı),1.72,20260612000318_soru_zorluk_yeniden_sirala
f1a91f49-88d9-47ad-97e9-b17aa543dc7f,questions.zorluk,4,3,2a sıralamaya göre yeniden (290 mantığı),2.92,20260612000318_soru_zorluk_yeniden_sirala
02d9938f-a89c-4385-a424-f5c1e6c68628,questions.zorluk,3,2,2a sıralamaya göre yeniden (290 mantığı),2.06,20260612000318_soru_zorluk_yeniden_sirala
bd65d292-a1dd-41cd-be8b-e91da96bc705,questions.zorluk,5,4,2a sıralamaya göre yeniden (290 mantığı),3.18,20260612000318_soru_zorluk_yeniden_sirala
bca75f81-abcd-4f84-b9f7-2ae184fdab59,questions.zorluk,5,4,2a sıralamaya göre yeniden (290 mantığı),3.47,20260612000318_soru_zorluk_yeniden_sirala
0c39ecb2-3265-4e0a-b476-a5be2439acf9,questions.zorluk,4,3,2a sıralamaya göre yeniden (290 mantığı),3.05,20260612000318_soru_zorluk_yeniden_sirala
0f1949f2-d5fe-43d1-b980-3e785fda5c8c,questions.zorluk,4,3,2a sıralamaya göre yeniden (290 mantığı),3.01,20260612000318_soru_zorluk_yeniden_sirala
9303a903-e36b-4889-bed0-107545c4af2d,questions.zorluk,3,2,2a sıralamaya göre yeniden (290 mantığı),2.1,20260612000318_soru_zorluk_yeniden_sirala
9bd2c45a-1378-49be-b4cc-8db5cf52204a,questions.zorluk,3,2,2a sıralamaya göre yeniden (290 mantığı),2.09,20260612000318_soru_zorluk_yeniden_sirala
6d39dfb1-f5e1-41c6-8e24-0686c7a52fc3,questions.zorluk,3,2,2a sıralamaya göre yeniden (290 mantığı),2.06,20260612000318_soru_zorluk_yeniden_sirala
151e9c70-2827-4522-9087-80ebb0ffa087,questions.zorluk,3,2,2a sıralamaya göre yeniden (290 mantığı),2.05,20260612000318_soru_zorluk_yeniden_sirala
15a30781-10f9-40a3-81a3-90e75f7f3bfa,questions.zorluk,3,2,2a sıralamaya göre yeniden (290 mantığı),2.04,20260612000318_soru_zorluk_yeniden_sirala
1cd58c32-52fa-4a61-960b-59eb7457c2e2,questions.zorluk,3,2,2a sıralamaya göre yeniden (290 mantığı),2.11,20260612000318_soru_zorluk_yeniden_sirala
2543be5f-c8ff-48ba-9f44-63e07fa52f11,questions.zorluk,3,2,2a sıralamaya göre yeniden (290 mantığı),2.08,20260612000318_soru_zorluk_yeniden_sirala
202ba965-5b16-4a63-89af-b81d84ec9ac6,questions.zorluk,3,2,2a sıralamaya göre yeniden (290 mantığı),2.09,20260612000318_soru_zorluk_yeniden_sirala
1f373012-9eef-43b4-bea7-47af256f77e3,questions.zorluk,3,2,2a sıralamaya göre yeniden (290 mantığı),2.06,20260612000318_soru_zorluk_yeniden_sirala
216f24a8-562e-4ca7-9a9e-e2247d05b046,questions.zorluk,3,2,2a sıralamaya göre yeniden (290 mantığı),2.1,20260612000318_soru_zorluk_yeniden_sirala
0492e7f6-8dbd-40d9-9d1b-ad0a6e4e12b7,questions.zorluk,4,3,2a sıralamaya göre yeniden (290 mantığı),2.86,20260612000318_soru_zorluk_yeniden_sirala
1e7b2b3c-f10f-4d73-8ab7-fecc481d7052,questions.zorluk,3,2,2a sıralamaya göre yeniden (290 mantığı),2.11,20260612000318_soru_zorluk_yeniden_sirala
0616842b-93f9-4666-922c-a17336799db9,questions.zorluk,5,4,2a sıralamaya göre yeniden (290 mantığı),3.11,20260612000318_soru_zorluk_yeniden_sirala
2fc48e18-30ae-47cb-8cce-9787f4f592f7,questions.zorluk,3,2,2a sıralamaya göre yeniden (290 mantığı),2.03,20260612000318_soru_zorluk_yeniden_sirala
0af2261b-9a34-4ba7-a110-baeae9c04bc1,questions.zorluk,4,5,2a sıralamaya göre yeniden (290 mantığı),3.71,20260612000318_soru_zorluk_yeniden_sirala
1cb04936-d8f1-44ed-b962-4fdfb82b9229,questions.zorluk,1,2,2a sıralamaya göre yeniden (290 mantığı),1.85,20260612000318_soru_zorluk_yeniden_sirala
26c7501c-47db-4ec7-b50d-24d70b7ba823,questions.zorluk,4,3,2a sıralamaya göre yeniden (290 mantığı),2.74,20260612000318_soru_zorluk_yeniden_sirala
29283191-ef30-4749-9bb7-4e050312cbbc,questions.zorluk,4,3,2a sıralamaya göre yeniden (290 mantığı),2.5,20260612000318_soru_zorluk_yeniden_sirala
2b3a56dc-0f51-479a-a432-9cf60771e390,questions.zorluk,4,3,2a sıralamaya göre yeniden (290 mantığı),2.73,20260612000318_soru_zorluk_yeniden_sirala
2d865fab-d4f3-44b6-bbc8-156752453f0b,questions.zorluk,2,3,2a sıralamaya göre yeniden (290 mantığı),2.25,20260612000318_soru_zorluk_yeniden_sirala
2fb77a94-8203-4712-96b6-01ba2e103ba1,questions.zorluk,2,3,2a sıralamaya göre yeniden (290 mantığı),2.34,20260612000318_soru_zorluk_yeniden_sirala
2fd677b2-4904-4ed8-9c40-14697fa0a8c5,questions.zorluk,4,3,2a sıralamaya göre yeniden (290 mantığı),2.55,20260612000318_soru_zorluk_yeniden_sirala
3da5f89e-97b2-4609-a934-d83e6db08cff,questions.zorluk,3,2,2a sıralamaya göre yeniden (290 mantığı),1.98,20260612000318_soru_zorluk_yeniden_sirala
3e16a5a8-97d3-405a-b711-0d0684651b1b,questions.zorluk,4,3,2a sıralamaya göre yeniden (290 mantığı),2.99,20260612000318_soru_zorluk_yeniden_sirala
3eb9da50-1fbb-47ea-82c7-b9e2c61a9775,questions.zorluk,4,5,2a sıralamaya göre yeniden (290 mantığı),3.84,20260612000318_soru_zorluk_yeniden_sirala
426e1883-beaf-4e98-84a6-bcd4e1c1f95b,questions.zorluk,5,4,2a sıralamaya göre yeniden (290 mantığı),3.08,20260612000318_soru_zorluk_yeniden_sirala
2a273ac3-c89b-4c1a-98e8-bfaf2e1e693e,questions.zorluk,3,2,2a sıralamaya göre yeniden (290 mantığı),2.11,20260612000318_soru_zorluk_yeniden_sirala
44114be9-7062-46b4-bc02-8edb68d52e97,questions.zorluk,3,4,2a sıralamaya göre yeniden (290 mantığı),3.15,20260612000318_soru_zorluk_yeniden_sirala
466fa361-42fb-4861-b08d-b1057b4da3fb,questions.zorluk,3,4,2a sıralamaya göre yeniden (290 mantığı),3.12,20260612000318_soru_zorluk_yeniden_sirala
470337dd-3880-498f-9f69-83a62d9f2791,questions.zorluk,4,5,2a sıralamaya göre yeniden (290 mantığı),3.67,20260612000318_soru_zorluk_yeniden_sirala
4a9fa87b-5b2b-4a7e-80d1-c31a25fa84cc,questions.zorluk,5,4,2a sıralamaya göre yeniden (290 mantığı),3.39,20260612000318_soru_zorluk_yeniden_sirala
4ba9b872-f99e-4e9c-8cae-7fad181e6357,questions.zorluk,5,4,2a sıralamaya göre yeniden (290 mantığı),3.48,20260612000318_soru_zorluk_yeniden_sirala
4bf433c0-50ff-4bc4-a218-7adfdf41bbdb,questions.zorluk,4,3,2a sıralamaya göre yeniden (290 mantığı),2.87,20260612000318_soru_zorluk_yeniden_sirala
4dcc5cb0-941b-4215-b942-488123af64d2,questions.zorluk,5,4,2a sıralamaya göre yeniden (290 mantığı),3.3,20260612000318_soru_zorluk_yeniden_sirala
4ee465aa-2d11-4500-a211-44432b0dd29a,questions.zorluk,3,4,2a sıralamaya göre yeniden (290 mantığı),3.13,20260612000318_soru_zorluk_yeniden_sirala
4f4ae720-d50e-45d4-9744-74d7c0f92191,questions.zorluk,3,4,2a sıralamaya göre yeniden (290 mantığı),3.21,20260612000318_soru_zorluk_yeniden_sirala
4fc0b024-b871-4e00-81d4-229cc661c494,questions.zorluk,4,3,2a sıralamaya göre yeniden (290 mantığı),2.4,20260612000318_soru_zorluk_yeniden_sirala
50b6d75a-03f3-462f-bb21-73333b2d3a70,questions.zorluk,5,4,2a sıralamaya göre yeniden (290 mantığı),3.31,20260612000318_soru_zorluk_yeniden_sirala
5f09d3ab-b778-43c3-b968-65eebced3f4c,questions.zorluk,4,2,2a sıralamaya göre yeniden (290 mantığı),2.03,20260612000318_soru_zorluk_yeniden_sirala
66e6826b-7f91-4149-9be3-45cf1a505de7,questions.zorluk,2,3,2a sıralamaya göre yeniden (290 mantığı),2.2,20260612000318_soru_zorluk_yeniden_sirala
3510be1d-2e52-4d7b-823c-a4233efa467d,questions.zorluk,3,2,2a sıralamaya göre yeniden (290 mantığı),2.04,20260612000318_soru_zorluk_yeniden_sirala
71d6d522-aae3-45fb-b5e7-33ee154ca497,questions.zorluk,5,4,2a sıralamaya göre yeniden (290 mantığı),3.13,20260612000318_soru_zorluk_yeniden_sirala
2b019b36-b265-4923-91ec-a7e80bccd48a,questions.zorluk,3,2,2a sıralamaya göre yeniden (290 mantığı),2.1,20260612000318_soru_zorluk_yeniden_sirala
3f098067-9e2e-4860-954d-9c15d28c7f8e,questions.zorluk,3,2,2a sıralamaya göre yeniden (290 mantığı),2.1,20260612000318_soru_zorluk_yeniden_sirala
9be8daed-4558-4961-a370-4e481b524f22,questions.zorluk,5,4,2a sıralamaya göre yeniden (290 mantığı),3.21,20260612000318_soru_zorluk_yeniden_sirala
9db4c443-5154-4827-a5a6-07f5f8ddd676,questions.zorluk,5,4,2a sıralamaya göre yeniden (290 mantığı),3.48,20260612000318_soru_zorluk_yeniden_sirala
778b6254-9c05-4585-a54b-b47a653e719c,questions.zorluk,3,2,2a sıralamaya göre yeniden (290 mantığı),2.05,20260612000318_soru_zorluk_yeniden_sirala
3c616f0c-f0e5-41d4-8251-bef4fc9aad2c,questions.zorluk,3,2,2a sıralamaya göre yeniden (290 mantığı),2.08,20260612000318_soru_zorluk_yeniden_sirala
3afa21c7-b8f5-4d16-9994-a411f83f1525,questions.zorluk,3,2,2a sıralamaya göre yeniden (290 mantığı),2.07,20260612000318_soru_zorluk_yeniden_sirala
f6948177-66a3-44aa-97b8-8c862bad2839,questions.zorluk,3,2,2a sıralamaya göre yeniden (290 mantığı),2.12,20260612000318_soru_zorluk_yeniden_sirala
8592aee9-c2fb-49cc-a78c-3077dd1ece7f,questions.zorluk,3,2,2a sıralamaya göre yeniden (290 mantığı),2.1,20260612000318_soru_zorluk_yeniden_sirala
a2113929-c73c-482e-b533-dcc15412c358,questions.zorluk,5,4,2a sıralamaya göre yeniden (290 mantığı),3.14,20260612000318_soru_zorluk_yeniden_sirala
a9e89c19-728d-4842-a25d-707504c4ea7e,questions.zorluk,3,2,2a sıralamaya göre yeniden (290 mantığı),2.07,20260612000318_soru_zorluk_yeniden_sirala
ba633f27-2822-413e-a19d-242ab094e849,questions.zorluk,5,4,2a sıralamaya göre yeniden (290 mantığı),3.43,20260612000318_soru_zorluk_yeniden_sirala
ba98789b-ed0a-49a0-bcf1-5998b985caf0,questions.zorluk,2,3,2a sıralamaya göre yeniden (290 mantığı),2.31,20260612000318_soru_zorluk_yeniden_sirala
baf5c47b-a19f-4f4c-a2bf-6478fc6e2708,questions.zorluk,4,5,2a sıralamaya göre yeniden (290 mantığı),3.68,20260612000318_soru_zorluk_yeniden_sirala
c2da5ee7-0e21-44f8-a3c5-534b9437bf36,questions.zorluk,3,4,2a sıralamaya göre yeniden (290 mantığı),3.35,20260612000318_soru_zorluk_yeniden_sirala
c90e19ed-ea09-461b-a53b-a917b7790562,questions.zorluk,1,2,2a sıralamaya göre yeniden (290 mantığı),2,20260612000318_soru_zorluk_yeniden_sirala
394f6808-9249-4d8b-9654-ec4a9a8639a2,questions.zorluk,3,2,2a sıralamaya göre yeniden (290 mantığı),2.05,20260612000318_soru_zorluk_yeniden_sirala
cf0a44d3-987f-4152-b00e-5e9cd95b88f5,questions.zorluk,4,3,2a sıralamaya göre yeniden (290 mantığı),2.99,20260612000318_soru_zorluk_yeniden_sirala
d0fcdbda-6820-44f4-870e-1fbbf7b54fba,questions.zorluk,3,4,2a sıralamaya göre yeniden (290 mantığı),3.23,20260612000318_soru_zorluk_yeniden_sirala
daa21c53-753d-4511-ac32-27c5f1691090,questions.zorluk,2,3,2a sıralamaya göre yeniden (290 mantığı),2.5,20260612000318_soru_zorluk_yeniden_sirala
dc7a3b9d-2803-4a00-a7b6-6bb221d70e9e,questions.zorluk,4,3,2a sıralamaya göre yeniden (290 mantığı),2.87,20260612000318_soru_zorluk_yeniden_sirala
dd9a4cef-9527-4dad-8603-30b8782b0de9,questions.zorluk,3,4,2a sıralamaya göre yeniden (290 mantığı),3.09,20260612000318_soru_zorluk_yeniden_sirala
e09d8edd-265c-4c3d-bb56-6e99e19ee280,questions.zorluk,4,5,2a sıralamaya göre yeniden (290 mantığı),3.72,20260612000318_soru_zorluk_yeniden_sirala
3e9c354e-899c-4518-b15d-78ac5aca7732,questions.zorluk,3,2,2a sıralamaya göre yeniden (290 mantığı),2.12,20260612000318_soru_zorluk_yeniden_sirala
f3edc524-e751-43fd-b0d3-8324da9397e7,questions.zorluk,5,4,2a sıralamaya göre yeniden (290 mantığı),3.2,20260612000318_soru_zorluk_yeniden_sirala
d0018dd5-7f0e-4fbf-982e-6496196a479b,questions.zorluk,4,3,2a sıralamaya göre yeniden (290 mantığı),2.91,20260612000318_soru_zorluk_yeniden_sirala
234db5bd-f785-4794-9fb4-9205deedbd0f,questions.zorluk,3,2,2a sıralamaya göre yeniden (290 mantığı),2.06,20260612000318_soru_zorluk_yeniden_sirala
39c63d96-ffae-4d02-9c46-0df573b71e36,questions.zorluk,3,2,2a sıralamaya göre yeniden (290 mantığı),2.1,20260612000318_soru_zorluk_yeniden_sirala
d38e9df6-b76f-4eaa-baa9-0493bbc48cd3,questions.zorluk,4,3,2a sıralamaya göre yeniden (290 mantığı),3.01,20260612000318_soru_zorluk_yeniden_sirala
23dfe6ae-4deb-4a73-9e32-56c3f8623882,questions.zorluk,3,2,2a sıralamaya göre yeniden (290 mantığı),2.05,20260612000318_soru_zorluk_yeniden_sirala
36612e73-6d48-4be1-8ecc-f3bec203ca8f,questions.zorluk,3,2,2a sıralamaya göre yeniden (290 mantığı),2.1,20260612000318_soru_zorluk_yeniden_sirala
395a1564-bb7e-427d-9178-31a01445c9e9,questions.zorluk,3,2,2a sıralamaya göre yeniden (290 mantığı),2.09,20260612000318_soru_zorluk_yeniden_sirala
a8ca15dc-0263-45f4-8ced-9f93e8ba6617,questions.zorluk,3,2,2a sıralamaya göre yeniden (290 mantığı),2.11,20260612000318_soru_zorluk_yeniden_sirala
81837857-51a0-41b8-a0d3-98ad7eb6d0b8,questions.zorluk,3,2,2a sıralamaya göre yeniden (290 mantığı),2.06,20260612000318_soru_zorluk_yeniden_sirala
41d65ab3-223f-4bd0-920b-1e2dc36fe58c,questions.zorluk,3,2,2a sıralamaya göre yeniden (290 mantığı),2.12,20260612000318_soru_zorluk_yeniden_sirala
e9bf1b43-e552-4680-836d-c1202e04421b,questions.zorluk,3,2,2a sıralamaya göre yeniden (290 mantığı),2.1,20260612000318_soru_zorluk_yeniden_sirala
e9166c98-400e-48c2-a800-3d4dfbf195f4,questions.zorluk,2,1,2a sıralamaya göre yeniden (290 mantığı),1.71,20260612000318_soru_zorluk_yeniden_sirala
126d3ee9-2555-48b1-a20a-7ff05c2eb41a,questions.zorluk,5,4,2a sıralamaya göre yeniden (290 mantığı),3.48,20260612000318_soru_zorluk_yeniden_sirala
70937b75-e3f1-44f5-a538-570fc7ea04c3,questions.zorluk,2,1,2a sıralamaya göre yeniden (290 mantığı),1.7,20260612000318_soru_zorluk_yeniden_sirala
42ee2a57-642f-422c-a1ec-646f228720ce,questions.zorluk,3,2,2a sıralamaya göre yeniden (290 mantığı),2.12,20260612000318_soru_zorluk_yeniden_sirala
4399074c-edb5-40be-a198-d96cd55d3bcc,questions.zorluk,3,2,2a sıralamaya göre yeniden (290 mantığı),2.12,20260612000318_soru_zorluk_yeniden_sirala
4d960d4f-e257-4d14-ad78-c66a568ff864,questions.zorluk,3,2,2a sıralamaya göre yeniden (290 mantığı),2.12,20260612000318_soru_zorluk_yeniden_sirala
4e2b509f-2bb3-453a-9eca-ed24bdf4ea60,questions.zorluk,3,2,2a sıralamaya göre yeniden (290 mantığı),2.11,20260612000318_soru_zorluk_yeniden_sirala
43dcf4a6-62c9-4dc9-8f76-6ad9e3f857b9,questions.zorluk,3,2,2a sıralamaya göre yeniden (290 mantığı),2.12,20260612000318_soru_zorluk_yeniden_sirala
00dee41a-2b61-4235-86c7-ea5f17a5ce9f,questions.zorluk,5,4,2a sıralamaya göre yeniden (290 mantığı),3.27,20260612000318_soru_zorluk_yeniden_sirala
0232979f-ca2f-4a5c-85d1-21363554e1c3,questions.zorluk,5,4,2a sıralamaya göre yeniden (290 mantığı),3.09,20260612000318_soru_zorluk_yeniden_sirala
4d4b705d-52cc-4e78-9c41-df2dc398d516,questions.zorluk,3,2,2a sıralamaya göre yeniden (290 mantığı),2.05,20260612000318_soru_zorluk_yeniden_sirala
4d6524fb-9a87-4fd4-9a19-c52e77887ef1,questions.zorluk,3,2,2a sıralamaya göre yeniden (290 mantığı),2.05,20260612000318_soru_zorluk_yeniden_sirala
0935a1aa-efe3-4fd7-acd4-68df42b6a281,questions.zorluk,5,4,2a sıralamaya göre yeniden (290 mantığı),3.42,20260612000318_soru_zorluk_yeniden_sirala
4f465775-f3d4-4dd3-b785-1eb739e83024,questions.zorluk,3,2,2a sıralamaya göre yeniden (290 mantığı),2.03,20260612000318_soru_zorluk_yeniden_sirala
0ad35612-f608-4f84-a241-9710732d027f,questions.zorluk,2,3,2a sıralamaya göre yeniden (290 mantığı),2.19,20260612000318_soru_zorluk_yeniden_sirala
0f3d18b4-68d3-4554-86e4-b4188ac6ded6,questions.zorluk,5,4,2a sıralamaya göre yeniden (290 mantığı),3.35,20260612000318_soru_zorluk_yeniden_sirala
12e967d6-8f6d-4517-8e13-9f9c82089bae,questions.zorluk,4,3,2a sıralamaya göre yeniden (290 mantığı),2.79,20260612000318_soru_zorluk_yeniden_sirala
155d9751-3941-466f-8a8b-b483692c2bc0,questions.zorluk,5,4,2a sıralamaya göre yeniden (290 mantığı),3.31,20260612000318_soru_zorluk_yeniden_sirala
15827484-922a-4e68-bce8-752bf7fcac89,questions.zorluk,5,4,2a sıralamaya göre yeniden (290 mantığı),3.2,20260612000318_soru_zorluk_yeniden_sirala
15b94eb5-d3da-4a53-bbd3-056631c8c049,questions.zorluk,2,1,2a sıralamaya göre yeniden (290 mantığı),1.6,20260612000318_soru_zorluk_yeniden_sirala
49cc65e2-b6ab-440f-92a7-af4b665396ef,questions.zorluk,3,2,2a sıralamaya göre yeniden (290 mantığı),2.06,20260612000318_soru_zorluk_yeniden_sirala
45b3f716-4621-4eaf-aa6f-424b9606593f,questions.zorluk,3,2,2a sıralamaya göre yeniden (290 mantığı),2.09,20260612000318_soru_zorluk_yeniden_sirala
1c1025bb-c9cf-4cb9-ac52-bb38eca93911,questions.zorluk,4,3,2a sıralamaya göre yeniden (290 mantığı),2.6,20260612000318_soru_zorluk_yeniden_sirala
1d67c4dd-1223-4f2b-b0b2-92abbbe5b9b5,questions.zorluk,3,4,2a sıralamaya göre yeniden (290 mantığı),3.15,20260612000318_soru_zorluk_yeniden_sirala
0327666f-86fd-4dc8-a0ed-da86f00e65fa,questions.zorluk,3,2,2a sıralamaya göre yeniden (290 mantığı),2.1,20260612000318_soru_zorluk_yeniden_sirala
1ed2bdd0-f35a-4b7d-bdc0-4a012b61ae51,questions.zorluk,5,4,2a sıralamaya göre yeniden (290 mantığı),3.62,20260612000318_soru_zorluk_yeniden_sirala
1f0ca523-7f5a-40fe-b3ee-0195f90f5f94,questions.zorluk,4,3,2a sıralamaya göre yeniden (290 mantığı),3.04,20260612000318_soru_zorluk_yeniden_sirala
22168b91-aa8d-49f5-b07b-54b4326437ce,questions.zorluk,3,4,2a sıralamaya göre yeniden (290 mantığı),3.14,20260612000318_soru_zorluk_yeniden_sirala
03a8eb9f-8fb1-43fa-8f48-4004fb326abd,questions.zorluk,3,2,2a sıralamaya göre yeniden (290 mantığı),2.12,20260612000318_soru_zorluk_yeniden_sirala
313bfcb4-0a31-48c1-b2f2-6c358f26d886,questions.zorluk,3,4,2a sıralamaya göre yeniden (290 mantığı),3.14,20260612000318_soru_zorluk_yeniden_sirala
34688cd6-99a6-4506-a473-067c35ac26c0,questions.zorluk,4,3,2a sıralamaya göre yeniden (290 mantığı),3.05,20260612000318_soru_zorluk_yeniden_sirala
38da0f92-5c8e-4eb1-979b-9069351a9c69,questions.zorluk,4,3,2a sıralamaya göre yeniden (290 mantığı),2.94,20260612000318_soru_zorluk_yeniden_sirala
488bdbd8-806e-43a6-be74-68c11ff58f37,questions.zorluk,3,2,2a sıralamaya göre yeniden (290 mantığı),2.03,20260612000318_soru_zorluk_yeniden_sirala
394e4282-0307-4594-ad5b-04078875fe4d,questions.zorluk,4,5,2a sıralamaya göre yeniden (290 mantığı),3.76,20260612000318_soru_zorluk_yeniden_sirala
3ade13bf-bbf3-45e8-ba5b-f63c5b041b1c,questions.zorluk,5,4,2a sıralamaya göre yeniden (290 mantığı),3.43,20260612000318_soru_zorluk_yeniden_sirala
3b276606-e7b8-4df5-90db-60e2ac1ab4d6,questions.zorluk,2,3,2a sıralamaya göre yeniden (290 mantığı),2.41,20260612000318_soru_zorluk_yeniden_sirala
3dc43e88-01e0-405c-b190-34f68e383bf9,questions.zorluk,3,4,2a sıralamaya göre yeniden (290 mantığı),3.21,20260612000318_soru_zorluk_yeniden_sirala
3e0434ae-d51a-4869-a224-5e2dd9d2fa94,questions.zorluk,5,4,2a sıralamaya göre yeniden (290 mantığı),3.46,20260612000318_soru_zorluk_yeniden_sirala
46b31e4b-c51b-4a98-a80d-61f87ce1d981,questions.zorluk,4,5,2a sıralamaya göre yeniden (290 mantığı),3.97,20260612000318_soru_zorluk_yeniden_sirala
4abd79e8-c555-4e2f-8470-97a3369454ea,questions.zorluk,5,4,2a sıralamaya göre yeniden (290 mantığı),3.24,20260612000318_soru_zorluk_yeniden_sirala
4c4b2024-d98e-4d9e-b7c9-c3892bdcdcc6,questions.zorluk,5,4,2a sıralamaya göre yeniden (290 mantığı),3.34,20260612000318_soru_zorluk_yeniden_sirala
4dd1fbae-7766-4376-80ab-b1b4a85f5f8d,questions.zorluk,2,3,2a sıralamaya göre yeniden (290 mantığı),2.28,20260612000318_soru_zorluk_yeniden_sirala
4f49e990-478b-4b7d-838b-a0d37aef062e,questions.zorluk,5,4,2a sıralamaya göre yeniden (290 mantığı),3.63,20260612000318_soru_zorluk_yeniden_sirala
4f9549f6-c2f0-40db-a5ea-3f04cf01d43c,questions.zorluk,2,3,2a sıralamaya göre yeniden (290 mantığı),2.46,20260612000318_soru_zorluk_yeniden_sirala
501cbe14-48cc-47e2-b6c7-83832bfd9232,questions.zorluk,5,4,2a sıralamaya göre yeniden (290 mantığı),3.5,20260612000318_soru_zorluk_yeniden_sirala
8fd780cb-1be0-4e9e-959b-08e902de45cd,questions.zorluk,3,2,2a sıralamaya göre yeniden (290 mantığı),2.03,20260612000318_soru_zorluk_yeniden_sirala
58f1fede-166c-4496-a5a6-315010a329d8,questions.zorluk,4,5,2a sıralamaya göre yeniden (290 mantığı),3.9,20260612000318_soru_zorluk_yeniden_sirala
5b0b7ff7-f54a-4baa-a23a-1a207607191d,questions.zorluk,4,5,2a sıralamaya göre yeniden (290 mantığı),3.82,20260612000318_soru_zorluk_yeniden_sirala
5c9c1432-2aeb-47ae-8b71-f43694fbd0b0,questions.zorluk,4,5,2a sıralamaya göre yeniden (290 mantığı),3.7,20260612000318_soru_zorluk_yeniden_sirala
5cccc24a-6a27-4afe-8015-ebd530cfd48e,questions.zorluk,4,3,2a sıralamaya göre yeniden (290 mantığı),2.83,20260612000318_soru_zorluk_yeniden_sirala
0a5ca6e9-6c5f-4245-bc12-2f3491a64edf,questions.zorluk,3,2,2a sıralamaya göre yeniden (290 mantığı),2.04,20260612000318_soru_zorluk_yeniden_sirala
5f9d87d3-a2b9-4ddf-97c4-58613351abb1,questions.zorluk,5,4,2a sıralamaya göre yeniden (290 mantığı),3.38,20260612000318_soru_zorluk_yeniden_sirala
5fa14b67-d228-4a8f-bdec-e7d980f70d6e,questions.zorluk,3,4,2a sıralamaya göre yeniden (290 mantığı),3.2,20260612000318_soru_zorluk_yeniden_sirala
68b5cae8-dab3-473d-b722-f0552669db22,questions.zorluk,5,4,2a sıralamaya göre yeniden (290 mantığı),3.11,20260612000318_soru_zorluk_yeniden_sirala
6997aa53-0e45-4028-bb8a-4f4a46eda217,questions.zorluk,2,3,2a sıralamaya göre yeniden (290 mantığı),2.63,20260612000318_soru_zorluk_yeniden_sirala
6b81374a-2816-435d-b76b-55b367e64aa7,questions.zorluk,2,3,2a sıralamaya göre yeniden (290 mantığı),2.25,20260612000318_soru_zorluk_yeniden_sirala
70fe8cc3-918e-4788-90de-5372b385caa0,questions.zorluk,3,4,2a sıralamaya göre yeniden (290 mantığı),3.12,20260612000318_soru_zorluk_yeniden_sirala
72787816-4d26-4c41-86bb-ef1e5433cce5,questions.zorluk,4,3,2a sıralamaya göre yeniden (290 mantığı),2.67,20260612000318_soru_zorluk_yeniden_sirala
755fde8c-4af3-4aff-b544-6ecc96a2d891,questions.zorluk,2,3,2a sıralamaya göre yeniden (290 mantığı),2.13,20260612000318_soru_zorluk_yeniden_sirala
7e5a4fb5-38fb-4c1b-b5dd-f996fc0feec5,questions.zorluk,5,4,2a sıralamaya göre yeniden (290 mantığı),3.5,20260612000318_soru_zorluk_yeniden_sirala
52b65787-ad0d-4cda-aee8-e401c8a02fb1,questions.zorluk,3,2,2a sıralamaya göre yeniden (290 mantığı),2.12,20260612000318_soru_zorluk_yeniden_sirala
84253ab8-6bd5-48d8-8eff-062825cfd664,questions.zorluk,4,3,2a sıralamaya göre yeniden (290 mantığı),2.94,20260612000318_soru_zorluk_yeniden_sirala
0c2b6ecf-b489-4af0-8e26-3f6383fd996c,questions.zorluk,4,3,2a sıralamaya göre yeniden (290 mantığı),2.86,20260612000318_soru_zorluk_yeniden_sirala
854e1f5c-75ba-42bc-8497-8839d9e691a8,questions.zorluk,3,4,2a sıralamaya göre yeniden (290 mantığı),3.11,20260612000318_soru_zorluk_yeniden_sirala
0a88e0fc-208e-4af0-8386-d9c873bde529,questions.zorluk,3,2,2a sıralamaya göre yeniden (290 mantığı),2.05,20260612000318_soru_zorluk_yeniden_sirala
87bf2540-6202-4a9b-821a-66c939e81c73,questions.zorluk,4,3,2a sıralamaya göre yeniden (290 mantığı),2.36,20260612000318_soru_zorluk_yeniden_sirala
890242d0-fd27-400c-9b4a-57607da38105,questions.zorluk,5,4,2a sıralamaya göre yeniden (290 mantığı),3.13,20260612000318_soru_zorluk_yeniden_sirala
8c4a0e75-2aed-4c94-a907-d82675e460ee,questions.zorluk,4,3,2a sıralamaya göre yeniden (290 mantığı),2.95,20260612000318_soru_zorluk_yeniden_sirala
0c7a1a8c-20fd-43e5-be52-8c018abab63e,questions.zorluk,3,2,2a sıralamaya göre yeniden (290 mantığı),2.1,20260612000318_soru_zorluk_yeniden_sirala
8c881549-fb94-493c-b4cf-083858ba7f36,questions.zorluk,3,4,2a sıralamaya göre yeniden (290 mantığı),3.28,20260612000318_soru_zorluk_yeniden_sirala
5c69fc0e-ccec-4bd5-b45e-cb591ace3314,questions.zorluk,3,2,2a sıralamaya göre yeniden (290 mantığı),2.09,20260612000318_soru_zorluk_yeniden_sirala
924e462c-b24e-451e-83ad-778e996fe6ce,questions.zorluk,2,1,2a sıralamaya göre yeniden (290 mantığı),1.59,20260612000318_soru_zorluk_yeniden_sirala
9633a673-487c-4dc6-a410-32398c3e48dd,questions.zorluk,4,3,2a sıralamaya göre yeniden (290 mantığı),2.71,20260612000318_soru_zorluk_yeniden_sirala
985110a7-0c13-45e8-9048-c4dfbed62c00,questions.zorluk,4,3,2a sıralamaya göre yeniden (290 mantığı),2.8,20260612000318_soru_zorluk_yeniden_sirala
9b081c60-6572-46d3-8509-7e426abe2b7d,questions.zorluk,4,3,2a sıralamaya göre yeniden (290 mantığı),2.63,20260612000318_soru_zorluk_yeniden_sirala
9b089320-7e58-4c4a-8e54-b503809ad362,questions.zorluk,3,4,2a sıralamaya göre yeniden (290 mantığı),3.15,20260612000318_soru_zorluk_yeniden_sirala
9bad6d04-462b-4c3f-89f0-f9b9eae5bfe4,questions.zorluk,5,4,2a sıralamaya göre yeniden (290 mantığı),3.33,20260612000318_soru_zorluk_yeniden_sirala
9ccedad4-7bb7-44f1-9911-4dc8650c09d5,questions.zorluk,3,4,2a sıralamaya göre yeniden (290 mantığı),3.36,20260612000318_soru_zorluk_yeniden_sirala
57954422-3cd6-4e8b-8e55-de6f852376ab,questions.zorluk,3,2,2a sıralamaya göre yeniden (290 mantığı),2.05,20260612000318_soru_zorluk_yeniden_sirala
593dfecb-5696-4ca4-8280-1c5795ddb1af,questions.zorluk,3,2,2a sıralamaya göre yeniden (290 mantığı),2.03,20260612000318_soru_zorluk_yeniden_sirala
5b25b5ee-7784-46ac-9a0b-d56b267a5f3b,questions.zorluk,3,2,2a sıralamaya göre yeniden (290 mantığı),2.04,20260612000318_soru_zorluk_yeniden_sirala
9f4bcfb1-214f-42ef-ac69-4f50a755cb54,questions.zorluk,4,3,2a sıralamaya göre yeniden (290 mantığı),2.83,20260612000318_soru_zorluk_yeniden_sirala
a34d1051-ee5c-44d0-837a-3c9e4ce6eddf,questions.zorluk,2,3,2a sıralamaya göre yeniden (290 mantığı),2.43,20260612000318_soru_zorluk_yeniden_sirala
5c0cd734-b343-4dfe-864c-19ce50667360,questions.zorluk,3,2,2a sıralamaya göre yeniden (290 mantığı),2.12,20260612000318_soru_zorluk_yeniden_sirala
a5a064cb-b521-4963-94ff-98186a86e540,questions.zorluk,3,4,2a sıralamaya göre yeniden (290 mantığı),3.36,20260612000318_soru_zorluk_yeniden_sirala
a80cd824-18fa-423a-998f-78de2fe8b87b,questions.zorluk,3,2,2a sıralamaya göre yeniden (290 mantığı),2.12,20260612000318_soru_zorluk_yeniden_sirala
515575b7-07c2-42d6-8a31-4dd8ff2b8198,questions.zorluk,3,2,2a sıralamaya göre yeniden (290 mantığı),2.03,20260612000318_soru_zorluk_yeniden_sirala
a85f7c60-77e5-4f3a-a622-c444868864ab,questions.zorluk,2,3,2a sıralamaya göre yeniden (290 mantığı),2.13,20260612000318_soru_zorluk_yeniden_sirala
ab4b726e-314e-4422-be09-5f56757ed8d9,questions.zorluk,5,4,2a sıralamaya göre yeniden (290 mantığı),3.62,20260612000318_soru_zorluk_yeniden_sirala
ae1d9a7b-e03d-436f-ad47-137b7b6d6dc6,questions.zorluk,4,3,2a sıralamaya göre yeniden (290 mantığı),2.67,20260612000318_soru_zorluk_yeniden_sirala
b08ae111-5b62-4901-be92-cd5ada3432c8,questions.zorluk,4,5,2a sıralamaya göre yeniden (290 mantığı),3.72,20260612000318_soru_zorluk_yeniden_sirala
b58eafbd-634c-4f0c-83ef-275d1139810b,questions.zorluk,4,3,2a sıralamaya göre yeniden (290 mantığı),2.46,20260612000318_soru_zorluk_yeniden_sirala
b6822dc1-de14-499e-9f46-dc312877358c,questions.zorluk,3,4,2a sıralamaya göre yeniden (290 mantığı),3.28,20260612000318_soru_zorluk_yeniden_sirala
b8148b3c-1f15-4d33-9cb8-8443a8b20e8e,questions.zorluk,3,4,2a sıralamaya göre yeniden (290 mantığı),3.13,20260612000318_soru_zorluk_yeniden_sirala
c31f433a-b190-4f90-a219-65335df29905,questions.zorluk,3,2,2a sıralamaya göre yeniden (290 mantığı),2.08,20260612000318_soru_zorluk_yeniden_sirala
51a5cec6-f797-42a2-91ff-b5f49f52b871,questions.zorluk,3,2,2a sıralamaya göre yeniden (290 mantığı),2.05,20260612000318_soru_zorluk_yeniden_sirala
b9279d25-8954-45d5-8e28-448da557b8a4,questions.zorluk,4,3,2a sıralamaya göre yeniden (290 mantığı),2.65,20260612000318_soru_zorluk_yeniden_sirala
1387c929-027b-4186-a12d-b50d6c51fb57,questions.zorluk,3,2,2a sıralamaya göre yeniden (290 mantığı),2.12,20260612000318_soru_zorluk_yeniden_sirala
14b2a17e-4439-4076-b5e5-c1eae7027034,questions.zorluk,3,2,2a sıralamaya göre yeniden (290 mantığı),2.08,20260612000318_soru_zorluk_yeniden_sirala
bd24f9af-5990-408f-8f39-dbf2e83e3d64,questions.zorluk,5,4,2a sıralamaya göre yeniden (290 mantığı),3.51,20260612000318_soru_zorluk_yeniden_sirala
5c4e9db4-2e56-4f48-a522-cfff12dcc355,questions.zorluk,3,2,2a sıralamaya göre yeniden (290 mantığı),2.04,20260612000318_soru_zorluk_yeniden_sirala
c27f465f-553c-4b97-b0ca-678bdf2af7f0,questions.zorluk,3,4,2a sıralamaya göre yeniden (290 mantığı),3.23,20260612000318_soru_zorluk_yeniden_sirala
c7826419-0659-432a-812d-38d585f8e655,questions.zorluk,4,5,2a sıralamaya göre yeniden (290 mantığı),3.97,20260612000318_soru_zorluk_yeniden_sirala
155fc06c-8360-41df-99d5-7e923b66ddad,questions.zorluk,3,2,2a sıralamaya göre yeniden (290 mantığı),2.1,20260612000318_soru_zorluk_yeniden_sirala
c94dddf0-8a49-4649-9eec-0a9c39744716,questions.zorluk,3,4,2a sıralamaya göre yeniden (290 mantığı),3.07,20260612000318_soru_zorluk_yeniden_sirala
ccdaa02d-e468-420d-abd0-2fb73eba5b1d,questions.zorluk,3,4,2a sıralamaya göre yeniden (290 mantığı),3.15,20260612000318_soru_zorluk_yeniden_sirala
ce9fc57f-06bc-429e-b73a-43101101be14,questions.zorluk,2,3,2a sıralamaya göre yeniden (290 mantığı),2.39,20260612000318_soru_zorluk_yeniden_sirala
cf510520-8d79-4cbc-9cfc-85dde13165cc,questions.zorluk,5,4,2a sıralamaya göre yeniden (290 mantığı),3.59,20260612000318_soru_zorluk_yeniden_sirala
d20bbd8d-2ab7-438c-91f6-381da17de3b6,questions.zorluk,2,3,2a sıralamaya göre yeniden (290 mantığı),2.39,20260612000318_soru_zorluk_yeniden_sirala
d38bb513-6bf5-440f-808a-dabbbcd5c7e1,questions.zorluk,2,3,2a sıralamaya göre yeniden (290 mantığı),2.77,20260612000318_soru_zorluk_yeniden_sirala
d4451505-0052-46ce-adb1-28c7e4ac8246,questions.zorluk,4,3,2a sıralamaya göre yeniden (290 mantığı),2.78,20260612000318_soru_zorluk_yeniden_sirala
d52ed64f-9738-4a2d-a5a5-b078b07ba5c3,questions.zorluk,5,4,2a sıralamaya göre yeniden (290 mantığı),3.42,20260612000318_soru_zorluk_yeniden_sirala
d6d24cb2-075f-415d-9a18-d7320ab4b5c1,questions.zorluk,5,4,2a sıralamaya göre yeniden (290 mantığı),3.45,20260612000318_soru_zorluk_yeniden_sirala
d82769c2-b3f4-4686-82eb-d21eaf1389c4,questions.zorluk,5,4,2a sıralamaya göre yeniden (290 mantığı),3.46,20260612000318_soru_zorluk_yeniden_sirala
da8fbe1e-38f4-4be3-adf3-a12d7270d4c3,questions.zorluk,3,4,2a sıralamaya göre yeniden (290 mantığı),3.23,20260612000318_soru_zorluk_yeniden_sirala
dc70758d-64c7-4ec4-8b87-40665738681e,questions.zorluk,2,1,2a sıralamaya göre yeniden (290 mantığı),1.51,20260612000318_soru_zorluk_yeniden_sirala
dec2e85e-7195-4413-a844-b22925866f0b,questions.zorluk,2,3,2a sıralamaya göre yeniden (290 mantığı),2.46,20260612000318_soru_zorluk_yeniden_sirala
dede72d3-89f3-4e2b-8ddf-c849e8f7f57b,questions.zorluk,4,3,2a sıralamaya göre yeniden (290 mantığı),2.78,20260612000318_soru_zorluk_yeniden_sirala
e4d3786e-e40f-4f2a-bd51-900bb06258cf,questions.zorluk,4,3,2a sıralamaya göre yeniden (290 mantığı),2.9,20260612000318_soru_zorluk_yeniden_sirala
e70dc273-197a-4161-b98a-4f77d4282bd6,questions.zorluk,2,3,2a sıralamaya göre yeniden (290 mantığı),2.37,20260612000318_soru_zorluk_yeniden_sirala
e89fbda2-bd59-48f5-8cd9-da0edcbcefe9,questions.zorluk,4,3,2a sıralamaya göre yeniden (290 mantığı),3.05,20260612000318_soru_zorluk_yeniden_sirala
ee0be06b-e9c9-4035-99df-c67f9ef54208,questions.zorluk,4,5,2a sıralamaya göre yeniden (290 mantığı),3.96,20260612000318_soru_zorluk_yeniden_sirala
f202c5e1-77ae-4842-accd-7c36932bd4e4,questions.zorluk,3,4,2a sıralamaya göre yeniden (290 mantığı),3.19,20260612000318_soru_zorluk_yeniden_sirala
f76c0173-4159-4d67-9be1-a4748e2ed1bf,questions.zorluk,2,3,2a sıralamaya göre yeniden (290 mantığı),2.48,20260612000318_soru_zorluk_yeniden_sirala
56c263c4-d608-46f3-b7d8-ca7d2dbda838,questions.zorluk,3,2,2a sıralamaya göre yeniden (290 mantığı),2.03,20260612000318_soru_zorluk_yeniden_sirala
fa2416c0-7c7c-4a07-bfe1-d0e7c577bf71,questions.zorluk,4,3,2a sıralamaya göre yeniden (290 mantığı),2.61,20260612000318_soru_zorluk_yeniden_sirala
fe6e3b6c-7e8e-4140-b9da-03ddff8a13c8,questions.zorluk,2,3,2a sıralamaya göre yeniden (290 mantığı),2.2,20260612000318_soru_zorluk_yeniden_sirala
5b972809-503d-47ca-ad65-60cd4e8015fa,questions.zorluk,3,2,2a sıralamaya göre yeniden (290 mantığı),2.08,20260612000318_soru_zorluk_yeniden_sirala
ff9b8ac1-dcd6-4882-9a2f-f9edf8b714ad,questions.zorluk,4,3,2a sıralamaya göre yeniden (290 mantığı),2.9,20260612000318_soru_zorluk_yeniden_sirala
5518bfa3-515d-4b5b-bbb7-008f86e6a411,questions.zorluk,3,2,2a sıralamaya göre yeniden (290 mantığı),2.1,20260612000318_soru_zorluk_yeniden_sirala
58336523-4d2b-4af8-bd3b-9692d449b783,questions.zorluk,3,2,2a sıralamaya göre yeniden (290 mantığı),2.11,20260612000318_soru_zorluk_yeniden_sirala
5c85adfb-ef3c-4c81-b979-431d31e96f60,questions.zorluk,3,2,2a sıralamaya göre yeniden (290 mantığı),2.04,20260612000318_soru_zorluk_yeniden_sirala
1aea0c29-5c7c-42c9-bba0-ea8c42ed0058,questions.zorluk,3,2,2a sıralamaya göre yeniden (290 mantığı),2.12,20260612000318_soru_zorluk_yeniden_sirala
5185aa1e-d5aa-4e98-83a7-464a8b0c93b9,questions.zorluk,3,2,2a sıralamaya göre yeniden (290 mantığı),2.06,20260612000318_soru_zorluk_yeniden_sirala
0143a9c9-cc46-456e-ab5a-6f7a4985604f,questions.zorluk,2,3,2a sıralamaya göre yeniden (290 mantığı),2.47,20260612000318_soru_zorluk_yeniden_sirala
015b0775-63ea-4910-b5cb-3fe47e14cda3,questions.zorluk,3,4,2a sıralamaya göre yeniden (290 mantığı),3.12,20260612000318_soru_zorluk_yeniden_sirala
04943096-495a-4dca-9101-d235e0415d21,questions.zorluk,3,4,2a sıralamaya göre yeniden (290 mantığı),3.26,20260612000318_soru_zorluk_yeniden_sirala
058b2eec-8786-4249-b3b7-15a5c6c291f5,questions.zorluk,2,3,2a sıralamaya göre yeniden (290 mantığı),2.35,20260612000318_soru_zorluk_yeniden_sirala
08dcb6a4-b314-4eed-b85b-b384be2917c1,questions.zorluk,4,5,2a sıralamaya göre yeniden (290 mantığı),4.06,20260612000318_soru_zorluk_yeniden_sirala
064b83dc-c49f-4dcd-b135-49ecd1c89798,questions.zorluk,4,3,2a sıralamaya göre yeniden (290 mantığı),2.9,20260612000318_soru_zorluk_yeniden_sirala
0a11ba79-a766-4d4d-a50d-5ae68b281db1,questions.zorluk,3,4,2a sıralamaya göre yeniden (290 mantığı),3.16,20260612000318_soru_zorluk_yeniden_sirala
0e801b92-cdc6-4eb0-9696-33c45011323a,questions.zorluk,2,3,2a sıralamaya göre yeniden (290 mantığı),2.65,20260612000318_soru_zorluk_yeniden_sirala
104bcc17-95f5-4443-ae58-21b7bcfa8695,questions.zorluk,2,3,2a sıralamaya göre yeniden (290 mantığı),2.29,20260612000318_soru_zorluk_yeniden_sirala
5ebc1b81-e119-48cb-9420-e84d97e0e38c,questions.zorluk,2,1,2a sıralamaya göre yeniden (290 mantığı),1.68,20260612000318_soru_zorluk_yeniden_sirala
13d316e3-e540-4762-a018-9fdcefcc5210,questions.zorluk,3,4,2a sıralamaya göre yeniden (290 mantığı),3.2,20260612000318_soru_zorluk_yeniden_sirala
64d06daf-afe1-4615-9893-84a8b55012ee,questions.zorluk,3,2,2a sıralamaya göre yeniden (290 mantığı),2.07,20260612000318_soru_zorluk_yeniden_sirala
23c2d263-559b-4343-bb85-ca68684f08ba,questions.zorluk,3,2,2a sıralamaya göre yeniden (290 mantığı),2.07,20260612000318_soru_zorluk_yeniden_sirala
23916029-f66c-486d-af3b-ee145e22b095,questions.zorluk,3,4,2a sıralamaya göre yeniden (290 mantığı),3.18,20260612000318_soru_zorluk_yeniden_sirala
247e8077-f5cd-4206-9076-a0bc07a8c0ad,questions.zorluk,4,3,2a sıralamaya göre yeniden (290 mantığı),2.95,20260612000318_soru_zorluk_yeniden_sirala
2605a484-303d-4189-b07a-f5f0ddbc4dbc,questions.zorluk,3,4,2a sıralamaya göre yeniden (290 mantığı),3.45,20260612000318_soru_zorluk_yeniden_sirala
268c5933-0602-4dfe-a529-133b1d7b4c76,questions.zorluk,2,3,2a sıralamaya göre yeniden (290 mantığı),2.52,20260612000318_soru_zorluk_yeniden_sirala
26ef2bbb-1553-4f85-b916-6435e24b7df8,questions.zorluk,5,3,2a sıralamaya göre yeniden (290 mantığı),2.97,20260612000318_soru_zorluk_yeniden_sirala
2982bd60-cc30-4390-aa7c-cb34f2853e97,questions.zorluk,4,3,2a sıralamaya göre yeniden (290 mantığı),2.47,20260612000318_soru_zorluk_yeniden_sirala
299279ff-1b02-4f06-86ce-ac73d5a43579,questions.zorluk,3,4,2a sıralamaya göre yeniden (290 mantığı),3.2,20260612000318_soru_zorluk_yeniden_sirala
6028eaa9-a8a4-449e-88c4-191c6f4d29cd,questions.zorluk,3,2,2a sıralamaya göre yeniden (290 mantığı),2.12,20260612000318_soru_zorluk_yeniden_sirala
5d5fee4c-ae1b-4917-b8ac-7a7dd0593569,questions.zorluk,3,2,2a sıralamaya göre yeniden (290 mantığı),2.1,20260612000318_soru_zorluk_yeniden_sirala
3ea1fcde-0093-4a46-b89d-f423e38eb3ef,questions.zorluk,4,5,2a sıralamaya göre yeniden (290 mantığı),3.77,20260612000318_soru_zorluk_yeniden_sirala
408e827f-9267-40df-9226-a7705f751a84,questions.zorluk,4,3,2a sıralamaya göre yeniden (290 mantığı),2.81,20260612000318_soru_zorluk_yeniden_sirala
427957e1-2690-42f4-b430-ae162dd4a9ff,questions.zorluk,4,5,2a sıralamaya göre yeniden (290 mantığı),3.8,20260612000318_soru_zorluk_yeniden_sirala
6e482418-b600-48a7-a696-622723f86df6,questions.zorluk,3,2,2a sıralamaya göre yeniden (290 mantığı),2.1,20260612000318_soru_zorluk_yeniden_sirala
6f9838ce-b563-4610-9321-2df3b77e9bb0,questions.zorluk,3,2,2a sıralamaya göre yeniden (290 mantığı),2.06,20260612000318_soru_zorluk_yeniden_sirala
495f4b36-ffbc-4720-ad9f-f3ff922935fa,questions.zorluk,4,3,2a sıralamaya göre yeniden (290 mantığı),2.94,20260612000318_soru_zorluk_yeniden_sirala
4c891c86-5929-4e5a-a773-cbc9f457fe58,questions.zorluk,3,4,2a sıralamaya göre yeniden (290 mantığı),3.19,20260612000318_soru_zorluk_yeniden_sirala
4d6769ad-bffc-4982-ab6b-5ac22a718216,questions.zorluk,2,3,2a sıralamaya göre yeniden (290 mantığı),2.18,20260612000318_soru_zorluk_yeniden_sirala
504e509c-c0ed-415c-b356-d6ce57bc18f9,questions.zorluk,4,5,2a sıralamaya göre yeniden (290 mantığı),3.82,20260612000318_soru_zorluk_yeniden_sirala
5161682e-cb78-42ca-9311-ea84b3316e31,questions.zorluk,2,3,2a sıralamaya göre yeniden (290 mantığı),2.69,20260612000318_soru_zorluk_yeniden_sirala
54639402-7e2f-4c64-ad33-2f7cc9f73048,questions.zorluk,3,4,2a sıralamaya göre yeniden (290 mantığı),3.13,20260612000318_soru_zorluk_yeniden_sirala
5599300a-d5ff-490f-9e00-c41186550919,questions.zorluk,5,4,2a sıralamaya göre yeniden (290 mantığı),3.31,20260612000318_soru_zorluk_yeniden_sirala
56dae267-994c-4bc3-9615-9f3b7235a73b,questions.zorluk,3,4,2a sıralamaya göre yeniden (290 mantığı),3.17,20260612000318_soru_zorluk_yeniden_sirala
5b882161-610c-4c6d-9b88-e8ab97c9a614,questions.zorluk,3,4,2a sıralamaya göre yeniden (290 mantığı),3.26,20260612000318_soru_zorluk_yeniden_sirala
5e530ef9-9ed1-43b7-aa5a-400fea231660,questions.zorluk,4,5,2a sıralamaya göre yeniden (290 mantığı),3.92,20260612000318_soru_zorluk_yeniden_sirala
5f4ea86a-e4fa-4cc8-95b4-2f1a54792737,questions.zorluk,4,3,2a sıralamaya göre yeniden (290 mantığı),2.22,20260612000318_soru_zorluk_yeniden_sirala
600d45fc-bd5d-4192-b6a1-3e3da2aebfef,questions.zorluk,3,2,2a sıralamaya göre yeniden (290 mantığı),2.06,20260612000318_soru_zorluk_yeniden_sirala
617597bd-c251-46e8-95d5-87fd9ccd5826,questions.zorluk,3,4,2a sıralamaya göre yeniden (290 mantığı),3.18,20260612000318_soru_zorluk_yeniden_sirala
63093790-2bba-41f8-bcb5-36cf69e086e0,questions.zorluk,2,3,2a sıralamaya göre yeniden (290 mantığı),2.5,20260612000318_soru_zorluk_yeniden_sirala
63fb7adb-3a78-48d2-87cc-862b025ab0b6,questions.zorluk,2,1,2a sıralamaya göre yeniden (290 mantığı),1.72,20260612000318_soru_zorluk_yeniden_sirala
73e61d4c-9afa-433c-8434-226dd13dc9ac,questions.zorluk,4,3,2a sıralamaya göre yeniden (290 mantığı),3.03,20260612000318_soru_zorluk_yeniden_sirala
64311446-3ca7-44fa-82f8-71af2291f4b6,questions.zorluk,4,5,2a sıralamaya göre yeniden (290 mantığı),3.88,20260612000318_soru_zorluk_yeniden_sirala
669d6174-22c2-476d-ad36-b6ea29ffe426,questions.zorluk,4,3,2a sıralamaya göre yeniden (290 mantığı),2.85,20260612000318_soru_zorluk_yeniden_sirala
67025b04-8ae8-4434-b9a7-9f823aa8af0a,questions.zorluk,4,3,2a sıralamaya göre yeniden (290 mantığı),2.49,20260612000318_soru_zorluk_yeniden_sirala
6743b4c4-697d-409b-948b-eba12a06d59b,questions.zorluk,2,3,2a sıralamaya göre yeniden (290 mantığı),2.15,20260612000318_soru_zorluk_yeniden_sirala
675a7aab-9a29-4d93-bcd9-7677870e5f2d,questions.zorluk,2,3,2a sıralamaya göre yeniden (290 mantığı),2.19,20260612000318_soru_zorluk_yeniden_sirala
6985a743-fe95-46f1-998b-3d1564b37ed9,questions.zorluk,2,3,2a sıralamaya göre yeniden (290 mantığı),2.69,20260612000318_soru_zorluk_yeniden_sirala
6b696754-7940-4e6e-b73d-788d917e5fe0,questions.zorluk,5,4,2a sıralamaya göre yeniden (290 mantığı),3.34,20260612000318_soru_zorluk_yeniden_sirala
6ef382f2-d7f0-4610-9079-1e1a91ed4951,questions.zorluk,3,4,2a sıralamaya göre yeniden (290 mantığı),3.42,20260612000318_soru_zorluk_yeniden_sirala
7361f7da-abc1-468c-9eab-b81ac2c16c64,questions.zorluk,3,4,2a sıralamaya göre yeniden (290 mantığı),3.17,20260612000318_soru_zorluk_yeniden_sirala
77740db2-9ee7-4e2d-a490-3fb974a1d0fd,questions.zorluk,5,4,2a sıralamaya göre yeniden (290 mantığı),3.53,20260612000318_soru_zorluk_yeniden_sirala
6d809b0a-2731-4b62-8370-ed1bc39e3ac6,questions.zorluk,3,2,2a sıralamaya göre yeniden (290 mantığı),2.09,20260612000318_soru_zorluk_yeniden_sirala
7a80409f-4f82-4d8d-b812-38ad4e77631a,questions.zorluk,4,3,2a sıralamaya göre yeniden (290 mantığı),2.71,20260612000318_soru_zorluk_yeniden_sirala
7052c21f-958f-4427-b7ea-18b46536047d,questions.zorluk,3,2,2a sıralamaya göre yeniden (290 mantığı),2.04,20260612000318_soru_zorluk_yeniden_sirala
7bb6d209-943d-4e85-9b09-b9ce06329fd5,questions.zorluk,3,4,2a sıralamaya göre yeniden (290 mantığı),3.21,20260612000318_soru_zorluk_yeniden_sirala
82bcd252-2471-42a6-bf3c-1db2d8069a7c,questions.zorluk,3,4,2a sıralamaya göre yeniden (290 mantığı),3.44,20260612000318_soru_zorluk_yeniden_sirala
7ca1c643-6293-46bd-8dc9-16d10e4516fd,questions.zorluk,3,4,2a sıralamaya göre yeniden (290 mantığı),3.31,20260612000318_soru_zorluk_yeniden_sirala
7f53f8fa-e2b4-4597-838b-b069fc3201db,questions.zorluk,5,4,2a sıralamaya göre yeniden (290 mantığı),3.6,20260612000318_soru_zorluk_yeniden_sirala
81d47126-a068-46a2-9a1a-fbc408bdf3e4,questions.zorluk,4,3,2a sıralamaya göre yeniden (290 mantığı),2.95,20260612000318_soru_zorluk_yeniden_sirala
55a52c38-768f-426b-91ea-72d8811d7295,questions.zorluk,5,4,2a sıralamaya göre yeniden (290 mantığı),3.33,20260612000318_soru_zorluk_yeniden_sirala
8bea530f-1777-4001-a793-6efe8886e713,questions.zorluk,3,2,2a sıralamaya göre yeniden (290 mantığı),1.86,20260612000318_soru_zorluk_yeniden_sirala
8d10ba8e-7332-4add-98db-7e48838cab07,questions.zorluk,3,2,2a sıralamaya göre yeniden (290 mantığı),1.87,20260612000318_soru_zorluk_yeniden_sirala
902ab5f0-9f91-4318-b6f8-d467122c4b93,questions.zorluk,3,4,2a sıralamaya göre yeniden (290 mantığı),3.31,20260612000318_soru_zorluk_yeniden_sirala
91c7e632-a2b2-4242-b9c3-7f381f168810,questions.zorluk,2,1,2a sıralamaya göre yeniden (290 mantığı),1.65,20260612000318_soru_zorluk_yeniden_sirala
84d8e6c3-0b28-4d5a-829a-319953e35202,questions.zorluk,4,5,2a sıralamaya göre yeniden (290 mantığı),3.71,20260612000318_soru_zorluk_yeniden_sirala
902dca8e-cf01-4067-875d-1f41d5350df3,questions.zorluk,4,5,2a sıralamaya göre yeniden (290 mantığı),3.88,20260612000318_soru_zorluk_yeniden_sirala
8ff15c75-5dae-45f6-884a-2d346dc91ee1,questions.zorluk,4,3,2a sıralamaya göre yeniden (290 mantığı),3.06,20260612000318_soru_zorluk_yeniden_sirala
29f6fe11-e587-4586-a610-13e767f002c6,questions.zorluk,3,2,2a sıralamaya göre yeniden (290 mantığı),2.12,20260612000318_soru_zorluk_yeniden_sirala
92e40c10-8360-4ec8-b736-b0f6f70759ba,questions.zorluk,2,3,2a sıralamaya göre yeniden (290 mantığı),2.56,20260612000318_soru_zorluk_yeniden_sirala
935f6ef6-b03b-40b9-bce1-a33b88e1c413,questions.zorluk,2,3,2a sıralamaya göre yeniden (290 mantığı),2.81,20260612000318_soru_zorluk_yeniden_sirala
9393d661-3490-4377-9345-688d17696104,questions.zorluk,2,3,2a sıralamaya göre yeniden (290 mantığı),2.32,20260612000318_soru_zorluk_yeniden_sirala
94ff5b72-d040-4280-8d21-b93b09676680,questions.zorluk,4,3,2a sıralamaya göre yeniden (290 mantığı),3.03,20260612000318_soru_zorluk_yeniden_sirala
951d92b3-feb4-407d-8230-629d94c92be1,questions.zorluk,4,5,2a sıralamaya göre yeniden (290 mantığı),4.02,20260612000318_soru_zorluk_yeniden_sirala
95f1bc45-fb2f-424d-a12b-4dcf3a3c5920,questions.zorluk,4,5,2a sıralamaya göre yeniden (290 mantığı),3.77,20260612000318_soru_zorluk_yeniden_sirala
9baba996-c04b-4678-80cd-7ce3b2b4c186,questions.zorluk,4,5,2a sıralamaya göre yeniden (290 mantığı),3.89,20260612000318_soru_zorluk_yeniden_sirala
9ec06bd8-6e96-421a-87ab-61d9f7da5ed0,questions.zorluk,2,3,2a sıralamaya göre yeniden (290 mantığı),2.37,20260612000318_soru_zorluk_yeniden_sirala
9f3addac-9c14-42b3-8259-e0d9eb2ef510,questions.zorluk,3,4,2a sıralamaya göre yeniden (290 mantığı),3.1,20260612000318_soru_zorluk_yeniden_sirala
a2d4cb47-52a0-4729-bc3b-b485b7acb9ab,questions.zorluk,1,2,2a sıralamaya göre yeniden (290 mantığı),1.84,20260612000318_soru_zorluk_yeniden_sirala
a4664aeb-fc62-4e75-bce0-01075e4ad37b,questions.zorluk,2,3,2a sıralamaya göre yeniden (290 mantığı),2.41,20260612000318_soru_zorluk_yeniden_sirala
6f7b3e08-a900-4fcc-acf3-83a0f358e8d1,questions.zorluk,3,2,2a sıralamaya göre yeniden (290 mantığı),2.07,20260612000318_soru_zorluk_yeniden_sirala
a81e64b1-e7bf-457d-bfa7-1bab07882642,questions.zorluk,5,4,2a sıralamaya göre yeniden (290 mantığı),3.29,20260612000318_soru_zorluk_yeniden_sirala
a985c40f-0459-4fdc-8064-623dcfc2126f,questions.zorluk,3,4,2a sıralamaya göre yeniden (290 mantığı),3.15,20260612000318_soru_zorluk_yeniden_sirala
6b850dda-5c14-489f-aaad-5818bc7a8f42,questions.zorluk,3,2,2a sıralamaya göre yeniden (290 mantığı),2.12,20260612000318_soru_zorluk_yeniden_sirala
6b3953e0-1832-4c3e-932f-0b599bb4c19b,questions.zorluk,3,2,2a sıralamaya göre yeniden (290 mantığı),2.12,20260612000318_soru_zorluk_yeniden_sirala
6bbae1d0-c3a2-42a5-8ccc-e4dbd788f9c8,questions.zorluk,3,2,2a sıralamaya göre yeniden (290 mantığı),2.12,20260612000318_soru_zorluk_yeniden_sirala
a9da6e26-2941-4b0e-b16d-130b4264abaa,questions.zorluk,3,4,2a sıralamaya göre yeniden (290 mantığı),3.21,20260612000318_soru_zorluk_yeniden_sirala
aac84419-9ed3-446a-a039-0eafb455c75f,questions.zorluk,4,5,2a sıralamaya göre yeniden (290 mantığı),3.72,20260612000318_soru_zorluk_yeniden_sirala
ad67e3f3-ca98-467d-b25b-1dd014050e1a,questions.zorluk,3,4,2a sıralamaya göre yeniden (290 mantığı),3.13,20260612000318_soru_zorluk_yeniden_sirala
b0725ca0-dc07-4017-8b56-9120f42b6471,questions.zorluk,4,5,2a sıralamaya göre yeniden (290 mantığı),3.93,20260612000318_soru_zorluk_yeniden_sirala
b1591e98-51f1-4024-894a-5a8883f41171,questions.zorluk,4,3,2a sıralamaya göre yeniden (290 mantığı),3.03,20260612000318_soru_zorluk_yeniden_sirala
b2d918e6-29c4-4f11-a34d-a5dfa22c0e2c,questions.zorluk,5,4,2a sıralamaya göre yeniden (290 mantığı),3.48,20260612000318_soru_zorluk_yeniden_sirala
315a04f9-acbb-4733-b59b-cd58c9fc3742,questions.zorluk,3,2,2a sıralamaya göre yeniden (290 mantığı),2.06,20260612000318_soru_zorluk_yeniden_sirala
b6a3a403-a7c0-49e5-b73b-5f3077bcb287,questions.zorluk,2,3,2a sıralamaya göre yeniden (290 mantığı),2.26,20260612000318_soru_zorluk_yeniden_sirala
c098eb98-3420-4cdd-b69c-7c92fb09a813,questions.zorluk,3,4,2a sıralamaya göre yeniden (290 mantığı),3.31,20260612000318_soru_zorluk_yeniden_sirala
c19e51fb-2942-457e-9f93-e18839df9c77,questions.zorluk,2,3,2a sıralamaya göre yeniden (290 mantığı),2.44,20260612000318_soru_zorluk_yeniden_sirala
c86ceceb-a0bf-4e37-a041-987c12f28fe4,questions.zorluk,4,5,2a sıralamaya göre yeniden (290 mantığı),3.96,20260612000318_soru_zorluk_yeniden_sirala
c9ad66de-ee6b-4f1b-a2c5-e6a301536d73,questions.zorluk,5,4,2a sıralamaya göre yeniden (290 mantığı),3.14,20260612000318_soru_zorluk_yeniden_sirala
7c2d1423-77af-476e-acba-4a79cfa7c6a4,questions.zorluk,3,2,2a sıralamaya göre yeniden (290 mantığı),2.11,20260612000318_soru_zorluk_yeniden_sirala
cdafa098-697b-419f-9063-c23582fc0d8c,questions.zorluk,4,5,2a sıralamaya göre yeniden (290 mantığı),3.78,20260612000318_soru_zorluk_yeniden_sirala
cdd511bb-66d4-40b0-b905-49a861021847,questions.zorluk,5,4,2a sıralamaya göre yeniden (290 mantığı),3.64,20260612000318_soru_zorluk_yeniden_sirala
d4b20185-9d34-43f0-88b6-9e50d8c8eaf7,questions.zorluk,4,3,2a sıralamaya göre yeniden (290 mantığı),2.51,20260612000318_soru_zorluk_yeniden_sirala
dbe68684-d3b0-475e-9ad2-828255fa935e,questions.zorluk,4,3,2a sıralamaya göre yeniden (290 mantığı),2.95,20260612000318_soru_zorluk_yeniden_sirala
7e1d7a91-a647-4981-93c1-5d92f91a042c,questions.zorluk,3,2,2a sıralamaya göre yeniden (290 mantığı),2.03,20260612000318_soru_zorluk_yeniden_sirala
dceb42ae-cf3c-41a5-9dbb-97ae62701fd6,questions.zorluk,2,3,2a sıralamaya göre yeniden (290 mantığı),2.48,20260612000318_soru_zorluk_yeniden_sirala
ddb45a65-17c5-4185-82ee-33060608f0bc,questions.zorluk,3,4,2a sıralamaya göre yeniden (290 mantığı),3.12,20260612000318_soru_zorluk_yeniden_sirala
de124e78-41a1-43bd-9230-7a6aaec43874,questions.zorluk,3,4,2a sıralamaya göre yeniden (290 mantığı),3.22,20260612000318_soru_zorluk_yeniden_sirala
7e256f41-904b-41a8-a39b-7b1f81f6e653,questions.zorluk,3,2,2a sıralamaya göre yeniden (290 mantığı),2.08,20260612000318_soru_zorluk_yeniden_sirala
e2c8ac3d-df28-4851-8a87-adcc0d919bb2,questions.zorluk,4,3,2a sıralamaya göre yeniden (290 mantığı),2.63,20260612000318_soru_zorluk_yeniden_sirala
e5f64d4a-5fad-4e7e-8037-29e7ac32fb40,questions.zorluk,4,3,2a sıralamaya göre yeniden (290 mantığı),2.7,20260612000318_soru_zorluk_yeniden_sirala
e6852680-9d28-4e9f-808d-a7245be891b2,questions.zorluk,3,4,2a sıralamaya göre yeniden (290 mantığı),3.42,20260612000318_soru_zorluk_yeniden_sirala
e8edd6ef-a08e-48d4-bfaf-1c0a3fc12057,questions.zorluk,4,3,2a sıralamaya göre yeniden (290 mantığı),2.91,20260612000318_soru_zorluk_yeniden_sirala
e9386516-fae8-448c-a176-7dfee94f8b88,questions.zorluk,2,3,2a sıralamaya göre yeniden (290 mantığı),2.5,20260612000318_soru_zorluk_yeniden_sirala
8332c42e-cbfa-4fae-b804-fadc39b31dff,questions.zorluk,3,2,2a sıralamaya göre yeniden (290 mantığı),2.09,20260612000318_soru_zorluk_yeniden_sirala
e9e6763f-bd4a-4d79-a77a-5309f3d1cc0c,questions.zorluk,2,3,2a sıralamaya göre yeniden (290 mantığı),2.2,20260612000318_soru_zorluk_yeniden_sirala
f03132d8-d829-4f6a-b123-aabca00041b2,questions.zorluk,5,4,2a sıralamaya göre yeniden (290 mantığı),3.28,20260612000318_soru_zorluk_yeniden_sirala
009d20dd-86d8-48e9-9b94-84f1ee4cc6d2,questions.zorluk,2,3,2a sıralamaya göre yeniden (290 mantığı),2.16,20260612000318_soru_zorluk_yeniden_sirala
01a4b3c5-be6d-4783-b7dd-55a1b0db4c54,questions.zorluk,3,2,2a sıralamaya göre yeniden (290 mantığı),2.05,20260612000318_soru_zorluk_yeniden_sirala
f3d68791-b654-4210-9898-42212603d2f4,questions.zorluk,4,5,2a sıralamaya göre yeniden (290 mantığı),3.69,20260612000318_soru_zorluk_yeniden_sirala
f551bd82-a050-41c8-98e8-892027af0cf6,questions.zorluk,4,5,2a sıralamaya göre yeniden (290 mantığı),3.73,20260612000318_soru_zorluk_yeniden_sirala
f6fdfcd5-3296-4e16-83c4-61dab658b32c,questions.zorluk,3,2,2a sıralamaya göre yeniden (290 mantığı),2.01,20260612000318_soru_zorluk_yeniden_sirala
813a3050-c7b0-44ad-b326-f9ef3b1949be,questions.zorluk,3,2,2a sıralamaya göre yeniden (290 mantığı),2.05,20260612000318_soru_zorluk_yeniden_sirala
08227493-7375-4048-9c25-b884657f2a6d,questions.zorluk,1,2,2a sıralamaya göre yeniden (290 mantığı),2,20260612000318_soru_zorluk_yeniden_sirala
faa56486-15e7-450e-99bc-a20e25c48ce0,questions.zorluk,4,5,2a sıralamaya göre yeniden (290 mantığı),3.67,20260612000318_soru_zorluk_yeniden_sirala
91e569a3-1ee5-4e19-b53c-f91df20bb872,questions.zorluk,3,2,2a sıralamaya göre yeniden (290 mantığı),2.08,20260612000318_soru_zorluk_yeniden_sirala
17971f2e-b2c9-49c9-af75-d0c314e93062,questions.zorluk,5,4,2a sıralamaya göre yeniden (290 mantığı),3.17,20260612000318_soru_zorluk_yeniden_sirala
19fe051d-fe3f-4f7b-87be-619f22ec58eb,questions.zorluk,5,4,2a sıralamaya göre yeniden (290 mantığı),3.29,20260612000318_soru_zorluk_yeniden_sirala
22fe2e0e-800f-4381-bbf7-bdbbed754e26,questions.zorluk,5,4,2a sıralamaya göre yeniden (290 mantığı),3.31,20260612000318_soru_zorluk_yeniden_sirala
91c79446-6a7b-4ab9-91f7-5949141cbf31,questions.zorluk,3,2,2a sıralamaya göre yeniden (290 mantığı),2.05,20260612000318_soru_zorluk_yeniden_sirala
3730f97f-1e05-4d00-afe9-1f04bbd84637,questions.zorluk,3,2,2a sıralamaya göre yeniden (290 mantığı),2.09,20260612000318_soru_zorluk_yeniden_sirala
26adb786-af84-4d0a-8fe8-8312d902e098,questions.zorluk,3,4,2a sıralamaya göre yeniden (290 mantığı),3.24,20260612000318_soru_zorluk_yeniden_sirala
95e340f2-d2cb-49d2-b6f9-c41ecad854b2,questions.zorluk,3,2,2a sıralamaya göre yeniden (290 mantığı),2.04,20260612000318_soru_zorluk_yeniden_sirala
b80a715b-5467-46c5-86c5-49c4edb12fab,questions.zorluk,2,3,2a sıralamaya göre yeniden (290 mantığı),2.71,20260612000318_soru_zorluk_yeniden_sirala
9519c76c-f948-4e43-ab02-746c24f2a09a,questions.zorluk,3,2,2a sıralamaya göre yeniden (290 mantığı),2.06,20260612000318_soru_zorluk_yeniden_sirala
4a6aa7f3-febe-4a32-b49e-86254fde24e3,questions.zorluk,4,3,2a sıralamaya göre yeniden (290 mantığı),2.99,20260612000318_soru_zorluk_yeniden_sirala
623dd574-6b63-483c-9f1d-f6f5cad15832,questions.zorluk,4,5,2a sıralamaya göre yeniden (290 mantığı),3.74,20260612000318_soru_zorluk_yeniden_sirala
6ac0e3e1-fe34-47dd-841c-a04727cc2dd8,questions.zorluk,4,5,2a sıralamaya göre yeniden (290 mantığı),3.72,20260612000318_soru_zorluk_yeniden_sirala
33726de2-74f0-4452-9d45-3b84cafbaedf,questions.zorluk,4,3,2a sıralamaya göre yeniden (290 mantığı),2.69,20260612000318_soru_zorluk_yeniden_sirala
89ee8277-da0f-40c1-859b-59eee9a26e99,questions.zorluk,3,4,2a sıralamaya göre yeniden (290 mantığı),3.09,20260612000318_soru_zorluk_yeniden_sirala
8f1d5531-a817-4cb6-95e2-b24c62bb323f,questions.zorluk,4,5,2a sıralamaya göre yeniden (290 mantığı),3.93,20260612000318_soru_zorluk_yeniden_sirala
8f7b5c7b-adc1-4044-89f1-1c29008edf97,questions.zorluk,3,2,2a sıralamaya göre yeniden (290 mantığı),2.01,20260612000318_soru_zorluk_yeniden_sirala
9edaa9f4-16fd-4559-ac92-a32d50ca4c99,questions.zorluk,3,2,2a sıralamaya göre yeniden (290 mantığı),2.09,20260612000318_soru_zorluk_yeniden_sirala
a8a6c5ac-0587-4bce-8e73-f53419ced9d6,questions.zorluk,3,2,2a sıralamaya göre yeniden (290 mantığı),2.05,20260612000318_soru_zorluk_yeniden_sirala
99dc1e44-0b27-4292-a040-992a4cb35699,questions.zorluk,2,1,2a sıralamaya göre yeniden (290 mantığı),1.64,20260612000318_soru_zorluk_yeniden_sirala
9d1f721b-1bd7-44a9-9088-ca69b60ea022,questions.zorluk,4,5,2a sıralamaya göre yeniden (290 mantığı),4.03,20260612000318_soru_zorluk_yeniden_sirala
9d085160-5250-4f6d-ad63-20557d8cf9a1,questions.zorluk,3,2,2a sıralamaya göre yeniden (290 mantığı),2.05,20260612000318_soru_zorluk_yeniden_sirala
a59ae69d-5582-4901-a908-62c4107de40a,questions.zorluk,3,2,2a sıralamaya göre yeniden (290 mantığı),2.11,20260612000318_soru_zorluk_yeniden_sirala
bb83b7d0-5894-4c41-9280-b857a7d77542,questions.zorluk,4,3,2a sıralamaya göre yeniden (290 mantığı),3.06,20260612000318_soru_zorluk_yeniden_sirala
c0089036-86bf-4179-9953-78bdad4e1ea1,questions.zorluk,3,4,2a sıralamaya göre yeniden (290 mantığı),3.27,20260612000318_soru_zorluk_yeniden_sirala
c135a5be-6ca7-48bc-9fca-be01eb161cdd,questions.zorluk,4,3,2a sıralamaya göre yeniden (290 mantığı),2.77,20260612000318_soru_zorluk_yeniden_sirala
c1db225b-9f53-4cde-9479-f23503fed1e5,questions.zorluk,4,5,2a sıralamaya göre yeniden (290 mantığı),3.67,20260612000318_soru_zorluk_yeniden_sirala
a52c6269-1f0e-4868-805e-1d49a46fd0e6,questions.zorluk,3,2,2a sıralamaya göre yeniden (290 mantığı),2.06,20260612000318_soru_zorluk_yeniden_sirala
d1d67059-35e3-42d8-a61e-eb2b3acecbc3,questions.zorluk,4,3,2a sıralamaya göre yeniden (290 mantığı),2.87,20260612000318_soru_zorluk_yeniden_sirala
dc93c944-1281-4d6c-b031-2ed3d7c55e8b,questions.zorluk,5,4,2a sıralamaya göre yeniden (290 mantığı),3.25,20260612000318_soru_zorluk_yeniden_sirala
a3847023-eedd-4e10-890b-fef86e883482,questions.zorluk,3,2,2a sıralamaya göre yeniden (290 mantığı),2.06,20260612000318_soru_zorluk_yeniden_sirala
e34b535a-ae76-470a-a7e9-66095a1d4d71,questions.zorluk,3,5,2a sıralamaya göre yeniden (290 mantığı),3.73,20260612000318_soru_zorluk_yeniden_sirala
a46445a1-73ac-459b-b920-8fc1d50a946a,questions.zorluk,3,2,2a sıralamaya göre yeniden (290 mantığı),2.11,20260612000318_soru_zorluk_yeniden_sirala
3802a041-c1e7-4479-ad68-25db9d4b7cbf,questions.zorluk,4,3,2a sıralamaya göre yeniden (290 mantığı),2.26,20260612000318_soru_zorluk_yeniden_sirala
e7138e23-3bc2-46b1-a846-10cb016c58fa,questions.zorluk,4,5,2a sıralamaya göre yeniden (290 mantığı),3.68,20260612000318_soru_zorluk_yeniden_sirala
e7a2a9d1-5da5-4f64-b4b7-5fccdabf55f8,questions.zorluk,3,4,2a sıralamaya göre yeniden (290 mantığı),3.42,20260612000318_soru_zorluk_yeniden_sirala
e895fc58-42eb-4db5-bf93-9be4b00e0182,questions.zorluk,1,2,2a sıralamaya göre yeniden (290 mantığı),1.81,20260612000318_soru_zorluk_yeniden_sirala
e97012f6-ac78-4769-a3cc-ee0cdf696cf3,questions.zorluk,5,4,2a sıralamaya göre yeniden (290 mantığı),3.09,20260612000318_soru_zorluk_yeniden_sirala
a555a55e-b300-4a83-a649-be21c03b5315,questions.zorluk,3,2,2a sıralamaya göre yeniden (290 mantığı),2.05,20260612000318_soru_zorluk_yeniden_sirala
9fa0835c-eedf-4851-8186-bfd07ee04baa,questions.zorluk,2,1,2a sıralamaya göre yeniden (290 mantığı),1.69,20260612000318_soru_zorluk_yeniden_sirala
f0f89206-bcfe-4d78-9163-d6fc3ab4fb35,questions.zorluk,4,5,2a sıralamaya göre yeniden (290 mantığı),3.8,20260612000318_soru_zorluk_yeniden_sirala
f11abb92-029f-46bd-9b38-4c8a3cc48641,questions.zorluk,4,5,2a sıralamaya göre yeniden (290 mantığı),3.71,20260612000318_soru_zorluk_yeniden_sirala
f5d23817-71fa-40c1-a0b2-7070862a8944,questions.zorluk,4,3,2a sıralamaya göre yeniden (290 mantığı),2.88,20260612000318_soru_zorluk_yeniden_sirala
a0b32319-0df2-4a8c-9d8c-938784da93c4,questions.zorluk,3,2,2a sıralamaya göre yeniden (290 mantığı),2.06,20260612000318_soru_zorluk_yeniden_sirala
fab1fcc2-a494-47a9-9faf-c9565f9aea1c,questions.zorluk,2,3,2a sıralamaya göre yeniden (290 mantığı),2.16,20260612000318_soru_zorluk_yeniden_sirala
fdbd1eba-23dc-46e5-95c4-e0a3568adc18,questions.zorluk,5,4,2a sıralamaya göre yeniden (290 mantığı),3.61,20260612000318_soru_zorluk_yeniden_sirala
ac524dfb-08b7-4974-8882-94ff57528bab,questions.zorluk,3,2,2a sıralamaya göre yeniden (290 mantığı),2.04,20260612000318_soru_zorluk_yeniden_sirala
b59ceaa1-3ea2-4083-8240-5a4b930ac25f,questions.zorluk,3,2,2a sıralamaya göre yeniden (290 mantığı),2.03,20260612000318_soru_zorluk_yeniden_sirala
aa8b3a47-5c25-4f92-bddf-d9b23f1f2c64,questions.zorluk,3,2,2a sıralamaya göre yeniden (290 mantığı),2.12,20260612000318_soru_zorluk_yeniden_sirala
acb9f2c8-c48c-470e-920e-a27ea8aa45f0,questions.zorluk,3,2,2a sıralamaya göre yeniden (290 mantığı),2.05,20260612000318_soru_zorluk_yeniden_sirala
aeda9f5a-d861-4b54-96a3-eb0609929e6e,questions.zorluk,3,2,2a sıralamaya göre yeniden (290 mantığı),2.09,20260612000318_soru_zorluk_yeniden_sirala
1850ca7a-d4e2-4c77-99c0-c8155ec45d30,questions.zorluk,3,2,2a sıralamaya göre yeniden (290 mantığı),2.07,20260612000318_soru_zorluk_yeniden_sirala
ae774939-6580-499f-97d2-53f91af8ead2,questions.zorluk,3,2,2a sıralamaya göre yeniden (290 mantığı),2.06,20260612000318_soru_zorluk_yeniden_sirala
abea9f65-6ade-428a-8350-d97133e254a6,questions.zorluk,3,2,2a sıralamaya göre yeniden (290 mantığı),2.1,20260612000318_soru_zorluk_yeniden_sirala
11ac2c04-3808-4d88-9160-2b0c4290e9e2,questions.zorluk,4,3,2a sıralamaya göre yeniden (290 mantığı),2.97,20260612000318_soru_zorluk_yeniden_sirala
b5757727-a702-4596-9b08-7b1370fb9581,questions.zorluk,3,2,2a sıralamaya göre yeniden (290 mantığı),2.12,20260612000318_soru_zorluk_yeniden_sirala
b28bf292-4303-4fe8-bb9f-3cedbc5f9ed5,questions.zorluk,3,2,2a sıralamaya göre yeniden (290 mantığı),2.05,20260612000318_soru_zorluk_yeniden_sirala
47050ea6-6ead-448b-9601-eb074ec8c25e,questions.zorluk,3,2,2a sıralamaya göre yeniden (290 mantığı),2.09,20260612000318_soru_zorluk_yeniden_sirala
46f38914-35f6-404e-ba7a-9114f4c113b1,questions.zorluk,3,2,2a sıralamaya göre yeniden (290 mantığı),2.07,20260612000318_soru_zorluk_yeniden_sirala
acb2ead7-53fc-4c6a-9db7-336380260773,questions.zorluk,3,2,2a sıralamaya göre yeniden (290 mantığı),2.04,20260612000318_soru_zorluk_yeniden_sirala
b2f4faa7-dcf4-4b63-a4ec-ada154ede5c1,questions.zorluk,3,2,2a sıralamaya göre yeniden (290 mantığı),2.07,20260612000318_soru_zorluk_yeniden_sirala
ab273e1d-22c4-468c-9d93-47131386c139,questions.zorluk,3,2,2a sıralamaya göre yeniden (290 mantığı),2.08,20260612000318_soru_zorluk_yeniden_sirala
b04da7ef-3c83-49e5-af59-6ee6cfc2af9a,questions.zorluk,3,2,2a sıralamaya göre yeniden (290 mantığı),2.11,20260612000318_soru_zorluk_yeniden_sirala
acd7c7d1-3377-46c7-be20-623f35cf4ca2,questions.zorluk,3,2,2a sıralamaya göre yeniden (290 mantığı),2.11,20260612000318_soru_zorluk_yeniden_sirala
9373def6-dd31-444b-acb5-6131b46b9c6d,questions.zorluk,5,4,2a sıralamaya göre yeniden (290 mantığı),3.55,20260612000318_soru_zorluk_yeniden_sirala
bac4cb98-99e8-41ce-a157-2da7a41f24c6,questions.zorluk,3,2,2a sıralamaya göre yeniden (290 mantığı),2.03,20260612000318_soru_zorluk_yeniden_sirala
738d272b-0a77-4203-b4d2-20b64c1b42d1,questions.zorluk,3,2,2a sıralamaya göre yeniden (290 mantığı),2.09,20260612000318_soru_zorluk_yeniden_sirala
b80585e7-e0b4-4c4a-8d59-f7e8dd1b1b46,questions.zorluk,3,2,2a sıralamaya göre yeniden (290 mantığı),2.04,20260612000318_soru_zorluk_yeniden_sirala
4c395cd1-de08-429f-bb95-8fd366718175,questions.zorluk,3,2,2a sıralamaya göre yeniden (290 mantığı),2.07,20260612000318_soru_zorluk_yeniden_sirala
b9e3d2d3-dbc4-42e5-a0c0-e933481b301e,questions.zorluk,3,2,2a sıralamaya göre yeniden (290 mantığı),2.03,20260612000318_soru_zorluk_yeniden_sirala
7ae54081-d7fa-4397-8ec9-696cd0936d5a,questions.zorluk,2,3,2a sıralamaya göre yeniden (290 mantığı),2.16,20260612000318_soru_zorluk_yeniden_sirala
bfc721db-8ae9-4275-afa0-5cd7b82c739a,questions.zorluk,3,2,2a sıralamaya göre yeniden (290 mantığı),2.08,20260612000318_soru_zorluk_yeniden_sirala
bd00c994-2990-4d5a-94da-afc5f0d16a56,questions.zorluk,3,2,2a sıralamaya göre yeniden (290 mantığı),2.08,20260612000318_soru_zorluk_yeniden_sirala
bae76640-fe57-4ce9-9391-0ccc1e175c1c,questions.zorluk,3,2,2a sıralamaya göre yeniden (290 mantığı),2.06,20260612000318_soru_zorluk_yeniden_sirala
4f994f73-110c-4805-9d8a-02cb1955713d,questions.zorluk,3,2,2a sıralamaya göre yeniden (290 mantığı),2.11,20260612000318_soru_zorluk_yeniden_sirala
cc64e125-b981-4bf6-8e65-5b60396bf182,questions.zorluk,3,2,2a sıralamaya göre yeniden (290 mantığı),2.05,20260612000318_soru_zorluk_yeniden_sirala
cc699cc5-c4b9-46b8-8749-5b4944aa5145,questions.zorluk,3,2,2a sıralamaya göre yeniden (290 mantığı),2.07,20260612000318_soru_zorluk_yeniden_sirala
c58d4f72-646f-4726-beda-0fe8de3128b7,questions.zorluk,3,2,2a sıralamaya göre yeniden (290 mantığı),2.1,20260612000318_soru_zorluk_yeniden_sirala
cf97bc69-5bf0-4da9-991a-4d5e2a28151c,questions.zorluk,3,2,2a sıralamaya göre yeniden (290 mantığı),2.06,20260612000318_soru_zorluk_yeniden_sirala
442c9c51-b4f1-4418-82c8-5a66ba26097e,questions.zorluk,3,2,2a sıralamaya göre yeniden (290 mantığı),2.04,20260612000318_soru_zorluk_yeniden_sirala
466ed4cd-7c6a-4a85-b016-f6f471b95fe3,questions.zorluk,4,3,2a sıralamaya göre yeniden (290 mantığı),2.92,20260612000318_soru_zorluk_yeniden_sirala
46168c7e-26df-4194-ad7b-6ca9a19fc228,questions.zorluk,4,3,2a sıralamaya göre yeniden (290 mantığı),3.02,20260612000318_soru_zorluk_yeniden_sirala
53abb466-f4e1-426f-bef4-9be4a84d7ce2,questions.zorluk,2,1,2a sıralamaya göre yeniden (290 mantığı),1.66,20260612000318_soru_zorluk_yeniden_sirala
c7e1be1e-3c99-46cb-9727-6939dab9772a,questions.zorluk,3,2,2a sıralamaya göre yeniden (290 mantığı),2.11,20260612000318_soru_zorluk_yeniden_sirala
c81da4d9-27da-4c55-bd47-2418003ebd55,questions.zorluk,3,2,2a sıralamaya göre yeniden (290 mantığı),2.05,20260612000318_soru_zorluk_yeniden_sirala
cc3b238a-eed0-4f8a-955a-47420ffd50e5,questions.zorluk,3,2,2a sıralamaya göre yeniden (290 mantığı),2.03,20260612000318_soru_zorluk_yeniden_sirala
257d01aa-6053-4e63-adab-c6d93060a9ae,questions.zorluk,4,5,2a sıralamaya göre yeniden (290 mantığı),3.66,20260612000318_soru_zorluk_yeniden_sirala
c63519ae-e3c6-4995-98f9-3338ec81dee6,questions.zorluk,3,2,2a sıralamaya göre yeniden (290 mantığı),2.12,20260612000318_soru_zorluk_yeniden_sirala
d2bb2957-0a0c-4ed1-931c-d0844bfd7b13,questions.zorluk,3,2,2a sıralamaya göre yeniden (290 mantığı),2.1,20260612000318_soru_zorluk_yeniden_sirala
d74daa78-24b3-4a55-a72f-a35dd29462ba,questions.zorluk,3,2,2a sıralamaya göre yeniden (290 mantığı),2.07,20260612000318_soru_zorluk_yeniden_sirala
5b8bfe2c-9a81-4730-99d2-a450f07f65d2,questions.zorluk,3,2,2a sıralamaya göre yeniden (290 mantığı),2.1,20260612000318_soru_zorluk_yeniden_sirala
835925be-da77-47bd-8cbc-187a91238c27,questions.zorluk,3,4,2a sıralamaya göre yeniden (290 mantığı),3.42,20260612000318_soru_zorluk_yeniden_sirala
d96f5f86-ba72-437c-a862-c48c348e6788,questions.zorluk,3,2,2a sıralamaya göre yeniden (290 mantığı),2.07,20260612000318_soru_zorluk_yeniden_sirala
53773e97-13e9-4146-8720-dd6a7968ee1d,questions.zorluk,3,2,2a sıralamaya göre yeniden (290 mantığı),2.09,20260612000318_soru_zorluk_yeniden_sirala
d2a0f824-deab-4eac-9399-05d3cfa6a3bf,questions.zorluk,3,2,2a sıralamaya göre yeniden (290 mantığı),2.08,20260612000318_soru_zorluk_yeniden_sirala
dc63a8c9-f9f2-4250-b67f-f2e0f5a330f6,questions.zorluk,3,2,2a sıralamaya göre yeniden (290 mantığı),2.05,20260612000318_soru_zorluk_yeniden_sirala
dbc2cac6-fb39-46ac-82f5-f679737ca0ce,questions.zorluk,3,2,2a sıralamaya göre yeniden (290 mantığı),2.12,20260612000318_soru_zorluk_yeniden_sirala
524359b2-5d1a-4b0f-a800-5e07707f1639,questions.zorluk,3,2,2a sıralamaya göre yeniden (290 mantığı),2.05,20260612000318_soru_zorluk_yeniden_sirala
d1a7c671-a8a9-4020-8b64-1f4b82b23726,questions.zorluk,3,2,2a sıralamaya göre yeniden (290 mantığı),2.06,20260612000318_soru_zorluk_yeniden_sirala
20481029-c035-4808-aca9-9b17f350246a,questions.zorluk,4,5,2a sıralamaya göre yeniden (290 mantığı),3.72,20260612000318_soru_zorluk_yeniden_sirala
ea65cb8b-6219-4d93-a486-8f2014960543,questions.zorluk,3,2,2a sıralamaya göre yeniden (290 mantığı),2.08,20260612000318_soru_zorluk_yeniden_sirala
e79a6196-90f5-408c-a790-c8ed5184ae15,questions.zorluk,3,2,2a sıralamaya göre yeniden (290 mantığı),2.1,20260612000318_soru_zorluk_yeniden_sirala
667864be-91ff-4eca-80fc-a6f1d9675525,questions.zorluk,3,2,2a sıralamaya göre yeniden (290 mantığı),2.12,20260612000318_soru_zorluk_yeniden_sirala
e6768984-5c79-4f57-a071-97606784e638,questions.zorluk,3,2,2a sıralamaya göre yeniden (290 mantığı),2.03,20260612000318_soru_zorluk_yeniden_sirala
000140ce-fb2c-4f9b-bdba-f8ccd92fcbf4,questions.zorluk,3,4,2a sıralamaya göre yeniden (290 mantığı),3.36,20260612000318_soru_zorluk_yeniden_sirala
04dc25ec-faff-4480-a204-6649ef905d73,questions.zorluk,4,5,2a sıralamaya göre yeniden (290 mantığı),3.84,20260612000318_soru_zorluk_yeniden_sirala
e569f676-2005-4c51-a1e8-2d40d989a99a,questions.zorluk,3,2,2a sıralamaya göre yeniden (290 mantığı),2.09,20260612000318_soru_zorluk_yeniden_sirala
0579f884-e813-40c8-aaad-2e533db6f628,questions.zorluk,3,4,2a sıralamaya göre yeniden (290 mantığı),3.16,20260612000318_soru_zorluk_yeniden_sirala
09b0a77e-ee1d-4d2f-a5c0-151733eb10af,questions.zorluk,4,5,2a sıralamaya göre yeniden (290 mantığı),3.7,20260612000318_soru_zorluk_yeniden_sirala
0a2cd794-11e0-4015-bca6-eb9fc806e8ae,questions.zorluk,4,3,2a sıralamaya göre yeniden (290 mantığı),2.53,20260612000318_soru_zorluk_yeniden_sirala
0c9af480-7179-4be7-9812-7ff32470a765,questions.zorluk,5,4,2a sıralamaya göre yeniden (290 mantığı),3.41,20260612000318_soru_zorluk_yeniden_sirala
156b3acd-fdc6-4e5a-aac4-4632419fed33,questions.zorluk,5,4,2a sıralamaya göre yeniden (290 mantığı),3.29,20260612000318_soru_zorluk_yeniden_sirala
16aefd56-3c02-4b2a-9d8f-38cf54b066c0,questions.zorluk,3,4,2a sıralamaya göre yeniden (290 mantığı),3.27,20260612000318_soru_zorluk_yeniden_sirala
18c47e72-e180-4717-8903-8425eb29010a,questions.zorluk,4,3,2a sıralamaya göre yeniden (290 mantığı),2.74,20260612000318_soru_zorluk_yeniden_sirala
e7d9c0b9-c7dc-4aef-aff5-d23424e9388d,questions.zorluk,3,2,2a sıralamaya göre yeniden (290 mantığı),2.08,20260612000318_soru_zorluk_yeniden_sirala
216b17dd-9bfc-439b-bb6a-711dde660ea7,questions.zorluk,4,3,2a sıralamaya göre yeniden (290 mantığı),2.91,20260612000318_soru_zorluk_yeniden_sirala
22fc5f56-d3ba-43d7-8b96-01c2a351936a,questions.zorluk,5,4,2a sıralamaya göre yeniden (290 mantığı),3.45,20260612000318_soru_zorluk_yeniden_sirala
0b051f0e-8dc1-4465-b983-917be68c9725,questions.zorluk,2,3,2a sıralamaya göre yeniden (290 mantığı),2.58,20260612000318_soru_zorluk_yeniden_sirala
27a031e8-f361-4ba5-bf3c-7604a17f262b,questions.zorluk,2,3,2a sıralamaya göre yeniden (290 mantığı),2.26,20260612000318_soru_zorluk_yeniden_sirala
e1339774-6b70-49ca-bcc2-1964378e2410,questions.zorluk,3,2,2a sıralamaya göre yeniden (290 mantığı),2.11,20260612000318_soru_zorluk_yeniden_sirala
286e87c7-642b-4e36-a1fd-583aea0a3edb,questions.zorluk,4,3,2a sıralamaya göre yeniden (290 mantığı),2.19,20260612000318_soru_zorluk_yeniden_sirala
de0baf05-dae5-47d1-b53c-23a592e670f5,questions.zorluk,3,2,2a sıralamaya göre yeniden (290 mantığı),2.04,20260612000318_soru_zorluk_yeniden_sirala
2a0af2e8-8981-4f04-848b-ff8465d0504b,questions.zorluk,4,5,2a sıralamaya göre yeniden (290 mantığı),3.9,20260612000318_soru_zorluk_yeniden_sirala
e9e6dc44-05e8-4b3b-8f21-5ef0e3d141b5,questions.zorluk,3,2,2a sıralamaya göre yeniden (290 mantığı),2.09,20260612000318_soru_zorluk_yeniden_sirala
e73749f9-8374-4730-bdc4-ccff22fb5f75,questions.zorluk,3,2,2a sıralamaya göre yeniden (290 mantığı),2.1,20260612000318_soru_zorluk_yeniden_sirala
2cfeaa39-9c71-4333-90cf-5bfe6d52a8a0,questions.zorluk,4,3,2a sıralamaya göre yeniden (290 mantığı),2.41,20260612000318_soru_zorluk_yeniden_sirala
2f905bf5-5070-4c36-b13c-0a643b069b89,questions.zorluk,4,5,2a sıralamaya göre yeniden (290 mantığı),3.73,20260612000318_soru_zorluk_yeniden_sirala
2fc4066d-b0eb-40e2-9e9d-5b72096b0d53,questions.zorluk,4,3,2a sıralamaya göre yeniden (290 mantığı),2.79,20260612000318_soru_zorluk_yeniden_sirala
2fdc7217-e135-4fdc-b3a8-b45fa5a5a018,questions.zorluk,5,4,2a sıralamaya göre yeniden (290 mantığı),3.48,20260612000318_soru_zorluk_yeniden_sirala
30aeb5ea-13a6-4124-b6bb-dc0ff72ccb47,questions.zorluk,4,5,2a sıralamaya göre yeniden (290 mantığı),3.76,20260612000318_soru_zorluk_yeniden_sirala
33b3a5dc-32b7-47a3-ba70-ceca4e9ab101,questions.zorluk,4,3,2a sıralamaya göre yeniden (290 mantığı),2.85,20260612000318_soru_zorluk_yeniden_sirala
35ddbc0f-f460-41eb-bdc4-321e8d269c40,questions.zorluk,5,4,2a sıralamaya göre yeniden (290 mantığı),3.55,20260612000318_soru_zorluk_yeniden_sirala
edfc9e97-33f6-45d9-8fb3-183b0dee883e,questions.zorluk,3,2,2a sıralamaya göre yeniden (290 mantığı),2.09,20260612000318_soru_zorluk_yeniden_sirala
3be016ca-f81a-4824-b273-b04d66cedddb,questions.zorluk,3,4,2a sıralamaya göre yeniden (290 mantığı),3.55,20260612000318_soru_zorluk_yeniden_sirala
0d66cdc0-8b82-4137-b67d-4e8036d1a071,questions.zorluk,4,5,2a sıralamaya göre yeniden (290 mantığı),3.66,20260612000318_soru_zorluk_yeniden_sirala
efd36135-4de2-4e40-a6de-7337cd51254c,questions.zorluk,3,2,2a sıralamaya göre yeniden (290 mantığı),2.05,20260612000318_soru_zorluk_yeniden_sirala
3c64b46a-813f-4aee-84bc-a34e1fbef226,questions.zorluk,3,4,2a sıralamaya göre yeniden (290 mantığı),3.07,20260612000318_soru_zorluk_yeniden_sirala
40a29dba-2742-432d-87d7-739b87c9c3db,questions.zorluk,3,2,2a sıralamaya göre yeniden (290 mantığı),2.12,20260612000318_soru_zorluk_yeniden_sirala
f4e2a1ed-dedd-4804-b6dd-50c62a757498,questions.zorluk,3,2,2a sıralamaya göre yeniden (290 mantığı),2.12,20260612000318_soru_zorluk_yeniden_sirala
417e465b-7890-413d-88bd-5139f4c9f1ef,questions.zorluk,2,3,2a sıralamaya göre yeniden (290 mantığı),2.21,20260612000318_soru_zorluk_yeniden_sirala
42ac13c3-d1cb-4a67-9192-78e2b455dc47,questions.zorluk,4,5,2a sıralamaya göre yeniden (290 mantığı),3.93,20260612000318_soru_zorluk_yeniden_sirala
0f3367e8-67be-45dc-ad03-86c5a86c9998,questions.zorluk,4,3,2a sıralamaya göre yeniden (290 mantığı),2.72,20260612000318_soru_zorluk_yeniden_sirala
45ac8060-bdc2-48e8-86a1-1c78443fe4b4,questions.zorluk,4,5,2a sıralamaya göre yeniden (290 mantığı),3.79,20260612000318_soru_zorluk_yeniden_sirala
4645cead-7818-4a21-86e1-5ea13bebf333,questions.zorluk,3,4,2a sıralamaya göre yeniden (290 mantığı),3.12,20260612000318_soru_zorluk_yeniden_sirala
484d2556-937d-46f4-b29c-562943229b5d,questions.zorluk,5,4,2a sıralamaya göre yeniden (290 mantığı),3.41,20260612000318_soru_zorluk_yeniden_sirala
485e0af2-0cb0-4390-b91c-ee992586d25c,questions.zorluk,5,3,2a sıralamaya göre yeniden (290 mantığı),3.04,20260612000318_soru_zorluk_yeniden_sirala
f838562d-e208-465b-832f-1d7122fd245e,questions.zorluk,3,2,2a sıralamaya göre yeniden (290 mantığı),2.03,20260612000318_soru_zorluk_yeniden_sirala
4a4322f1-205e-484e-8c77-bf7da21103f8,questions.zorluk,3,2,2a sıralamaya göre yeniden (290 mantığı),1.92,20260612000318_soru_zorluk_yeniden_sirala
4b6409b8-3cef-46cb-8b38-3f623748cc99,questions.zorluk,3,4,2a sıralamaya göre yeniden (290 mantığı),3.43,20260612000318_soru_zorluk_yeniden_sirala
4c4b4167-6dda-4eb1-b6c6-c12198c21c88,questions.zorluk,4,3,2a sıralamaya göre yeniden (290 mantığı),2.73,20260612000318_soru_zorluk_yeniden_sirala
4c82bfdb-7772-4991-8cc3-5cdd112a2426,questions.zorluk,4,5,2a sıralamaya göre yeniden (290 mantığı),3.9,20260612000318_soru_zorluk_yeniden_sirala
4c9a9acb-35e4-4a1b-b768-35109066b536,questions.zorluk,3,4,2a sıralamaya göre yeniden (290 mantığı),3.25,20260612000318_soru_zorluk_yeniden_sirala
f2d735e3-e02c-4f1f-873c-f20c1537b61c,questions.zorluk,3,2,2a sıralamaya göre yeniden (290 mantığı),2.12,20260612000318_soru_zorluk_yeniden_sirala
4f352478-c406-43fd-9e45-97a23c12dac4,questions.zorluk,2,3,2a sıralamaya göre yeniden (290 mantığı),2.35,20260612000318_soru_zorluk_yeniden_sirala
50c91c1a-19b9-4569-afe4-c891161c0026,questions.zorluk,3,4,2a sıralamaya göre yeniden (290 mantığı),3.33,20260612000318_soru_zorluk_yeniden_sirala
52734d21-d16d-414f-a597-f22c6eea6b44,questions.zorluk,4,3,2a sıralamaya göre yeniden (290 mantığı),2.98,20260612000318_soru_zorluk_yeniden_sirala
56a6e77a-295b-488b-b63f-aad592623525,questions.zorluk,2,3,2a sıralamaya göre yeniden (290 mantığı),2.37,20260612000318_soru_zorluk_yeniden_sirala
5810879f-8213-4c56-8b41-aacf213e5d82,questions.zorluk,5,4,2a sıralamaya göre yeniden (290 mantığı),3.48,20260612000318_soru_zorluk_yeniden_sirala
f78bc9e2-40b0-469e-9306-8c52e34c0099,questions.zorluk,3,2,2a sıralamaya göre yeniden (290 mantığı),2.03,20260612000318_soru_zorluk_yeniden_sirala
5c6b2887-8711-4fe4-9f36-4e2a14902a57,questions.zorluk,5,4,2a sıralamaya göre yeniden (290 mantığı),3.3,20260612000318_soru_zorluk_yeniden_sirala
5db4047a-c907-4b07-86ad-22c1fe1451ec,questions.zorluk,3,4,2a sıralamaya göre yeniden (290 mantığı),3.12,20260612000318_soru_zorluk_yeniden_sirala
62d82ba2-9960-45cd-a1e6-266405d21a2b,questions.zorluk,2,1,2a sıralamaya göre yeniden (290 mantığı),1.55,20260612000318_soru_zorluk_yeniden_sirala
607d7770-c635-4a38-bc9d-28fd27bbaec8,questions.zorluk,3,2,2a sıralamaya göre yeniden (290 mantığı),2.09,20260612000318_soru_zorluk_yeniden_sirala
61582ae4-7e6c-4d6c-888b-a425063e2bad,questions.zorluk,2,3,2a sıralamaya göre yeniden (290 mantığı),2.27,20260612000318_soru_zorluk_yeniden_sirala
61be9a02-348e-4b9d-9aa7-be8ae436d3c8,questions.zorluk,5,4,2a sıralamaya göre yeniden (290 mantığı),3.16,20260612000318_soru_zorluk_yeniden_sirala
62575e81-b160-4f59-b02e-ee47d5310570,questions.zorluk,3,4,2a sıralamaya göre yeniden (290 mantığı),3.35,20260612000318_soru_zorluk_yeniden_sirala
1baaed26-d95b-4ecd-a840-56fc7ebffe16,questions.zorluk,4,3,2a sıralamaya göre yeniden (290 mantığı),2.96,20260612000318_soru_zorluk_yeniden_sirala
63697f1b-ac26-4aad-84f5-1c86a61f36c0,questions.zorluk,5,4,2a sıralamaya göre yeniden (290 mantığı),3.62,20260612000318_soru_zorluk_yeniden_sirala
63738e13-50af-4461-a2a4-2650d1a585e4,questions.zorluk,4,3,2a sıralamaya göre yeniden (290 mantığı),2.61,20260612000318_soru_zorluk_yeniden_sirala
6687db2a-c412-4097-9ae8-240ff37c4f6d,questions.zorluk,4,3,2a sıralamaya göre yeniden (290 mantığı),2.77,20260612000318_soru_zorluk_yeniden_sirala
68c525f7-ef55-4cba-8df6-9669465523a6,questions.zorluk,4,5,2a sıralamaya göre yeniden (290 mantığı),3.79,20260612000318_soru_zorluk_yeniden_sirala
6b3aa418-261b-454b-8a07-4720acfafb1c,questions.zorluk,5,3,2a sıralamaya göre yeniden (290 mantığı),2.89,20260612000318_soru_zorluk_yeniden_sirala
24e4c050-b8d5-4042-ae04-d2f684918c95,questions.zorluk,2,1,2a sıralamaya göre yeniden (290 mantığı),1.39,20260612000318_soru_zorluk_yeniden_sirala
783113d5-6d31-4fbe-88ff-36d0492c8496,questions.zorluk,4,3,2a sıralamaya göre yeniden (290 mantığı),2.94,20260612000318_soru_zorluk_yeniden_sirala
25bdb466-8b21-44f1-afa7-3349540a8c32,questions.zorluk,4,3,2a sıralamaya göre yeniden (290 mantığı),2.69,20260612000318_soru_zorluk_yeniden_sirala
264c62de-a23e-4951-9eec-ca53bee6700b,questions.zorluk,4,5,2a sıralamaya göre yeniden (290 mantığı),3.94,20260612000318_soru_zorluk_yeniden_sirala
2ab4a116-ab2b-4c43-bc6d-209dfae3f4e7,questions.zorluk,2,3,2a sıralamaya göre yeniden (290 mantığı),2.3,20260612000318_soru_zorluk_yeniden_sirala
335889f9-d1ae-437e-9e49-632d34a59b4c,questions.zorluk,2,3,2a sıralamaya göre yeniden (290 mantığı),2.14,20260612000318_soru_zorluk_yeniden_sirala
791b29a7-2a19-4aa1-92e9-f3e2c9725b04,questions.zorluk,4,3,2a sıralamaya göre yeniden (290 mantığı),3.03,20260612000318_soru_zorluk_yeniden_sirala
344727df-efe5-4b08-b717-d6b4bab3d452,questions.zorluk,5,4,2a sıralamaya göre yeniden (290 mantığı),3.52,20260612000318_soru_zorluk_yeniden_sirala
356fbed7-a63e-4e80-8e63-d62e98627be0,questions.zorluk,4,5,2a sıralamaya göre yeniden (290 mantığı),4.02,20260612000318_soru_zorluk_yeniden_sirala
7f36adfe-f15e-4f79-bd4d-68a72de68b3a,questions.zorluk,4,3,2a sıralamaya göre yeniden (290 mantığı),2.76,20260612000318_soru_zorluk_yeniden_sirala
800fa56d-f637-4738-8ad8-b72dd42c8d29,questions.zorluk,4,3,2a sıralamaya göre yeniden (290 mantığı),2.48,20260612000318_soru_zorluk_yeniden_sirala
82770435-c57e-4831-add2-ea479908a93c,questions.zorluk,5,4,2a sıralamaya göre yeniden (290 mantığı),3.44,20260612000318_soru_zorluk_yeniden_sirala
f8fe8aee-fbdb-4091-8e00-95ec1f0e6eed,questions.zorluk,3,2,2a sıralamaya göre yeniden (290 mantığı),2.08,20260612000318_soru_zorluk_yeniden_sirala
85ba6957-4452-4ad1-9e75-45d0b3e48c0f,questions.zorluk,4,3,2a sıralamaya göre yeniden (290 mantığı),2.59,20260612000318_soru_zorluk_yeniden_sirala
85d3ac3c-3821-4db8-9da4-163522a9c329,questions.zorluk,4,5,2a sıralamaya göre yeniden (290 mantığı),3.79,20260612000318_soru_zorluk_yeniden_sirala
87eacd08-9951-4115-be61-a6e6f0e14f0d,questions.zorluk,2,3,2a sıralamaya göre yeniden (290 mantığı),2.3,20260612000318_soru_zorluk_yeniden_sirala
88d72809-cc80-4095-8e7f-69ce97169d72,questions.zorluk,3,4,2a sıralamaya göre yeniden (290 mantığı),3.25,20260612000318_soru_zorluk_yeniden_sirala
378d26a3-439f-450d-8247-f9eafbcdce61,questions.zorluk,5,3,2a sıralamaya göre yeniden (290 mantığı),3,20260612000318_soru_zorluk_yeniden_sirala
8a5d25e8-c4ce-4e1d-a3b6-9482da6c9c16,questions.zorluk,4,3,2a sıralamaya göre yeniden (290 mantığı),2.56,20260612000318_soru_zorluk_yeniden_sirala
8b0f6473-ed67-4399-915b-0d9fbfd44fac,questions.zorluk,4,3,2a sıralamaya göre yeniden (290 mantığı),2.78,20260612000318_soru_zorluk_yeniden_sirala
8c478977-b2d1-4774-9937-3373fce8c5bd,questions.zorluk,3,2,2a sıralamaya göre yeniden (290 mantığı),2.05,20260612000318_soru_zorluk_yeniden_sirala
8c929c89-eeb9-4705-8328-68af15a678d4,questions.zorluk,2,1,2a sıralamaya göre yeniden (290 mantığı),1.44,20260612000318_soru_zorluk_yeniden_sirala
39963647-0823-42ba-abbe-70a27d3ee476,questions.zorluk,4,3,2a sıralamaya göre yeniden (290 mantığı),3.01,20260612000318_soru_zorluk_yeniden_sirala
909e6cc4-99c2-446c-a78c-57bc4226a81b,questions.zorluk,5,4,2a sıralamaya göre yeniden (290 mantığı),3.53,20260612000318_soru_zorluk_yeniden_sirala
90d87a08-2a36-4426-b470-360819c2e575,questions.zorluk,4,5,2a sıralamaya göre yeniden (290 mantığı),3.69,20260612000318_soru_zorluk_yeniden_sirala
92c591e0-3ef2-4759-ab23-b7dfb850642f,questions.zorluk,3,2,2a sıralamaya göre yeniden (290 mantığı),1.97,20260612000318_soru_zorluk_yeniden_sirala
feb616fb-36c1-46bf-a003-e5396707cf79,questions.zorluk,3,2,2a sıralamaya göre yeniden (290 mantığı),2.09,20260612000318_soru_zorluk_yeniden_sirala
92ea7328-281e-4eeb-859d-d7fca7a3bd0c,questions.zorluk,4,3,2a sıralamaya göre yeniden (290 mantığı),2.95,20260612000318_soru_zorluk_yeniden_sirala
93f53ab3-b01d-4084-bcf9-74fcdd5f51d4,questions.zorluk,4,5,2a sıralamaya göre yeniden (290 mantığı),3.71,20260612000318_soru_zorluk_yeniden_sirala
9504b882-b457-4c12-8ddd-46ba493af851,questions.zorluk,4,3,2a sıralamaya göre yeniden (290 mantığı),2.66,20260612000318_soru_zorluk_yeniden_sirala
97867d8b-679e-41e1-9c02-ca7ceebea9cc,questions.zorluk,4,3,2a sıralamaya göre yeniden (290 mantığı),2.72,20260612000318_soru_zorluk_yeniden_sirala
985aceb8-f6c2-4ca5-bb60-2c4a76303ba5,questions.zorluk,2,3,2a sıralamaya göre yeniden (290 mantığı),2.34,20260612000318_soru_zorluk_yeniden_sirala
9abc6c24-9c6c-4d02-8d92-4e50c61b9229,questions.zorluk,4,3,2a sıralamaya göre yeniden (290 mantığı),2.75,20260612000318_soru_zorluk_yeniden_sirala
e21364a1-99dd-4a50-a764-7e30c9b86078,questions.zorluk,3,2,2a sıralamaya göre yeniden (290 mantığı),2.03,20260612000318_soru_zorluk_yeniden_sirala
8cd67629-6ac7-49b2-9ff6-ad2bc30fa31c,questions.zorluk,3,2,2a sıralamaya göre yeniden (290 mantığı),2.08,20260612000318_soru_zorluk_yeniden_sirala
9d49ca7e-092d-455e-be9d-4d035b4916f5,questions.zorluk,3,4,2a sıralamaya göre yeniden (290 mantığı),3.28,20260612000318_soru_zorluk_yeniden_sirala
02cc9b1e-ee29-40ce-a82f-7745edd1a606,questions.zorluk,3,2,2a sıralamaya göre yeniden (290 mantığı),2.08,20260612000318_soru_zorluk_yeniden_sirala
a149cee4-abdb-4521-a89d-f04eea9c0ab2,questions.zorluk,4,3,2a sıralamaya göre yeniden (290 mantığı),3.02,20260612000318_soru_zorluk_yeniden_sirala
a3463ada-2e02-4465-85ac-c7b715bc957a,questions.zorluk,4,3,2a sıralamaya göre yeniden (290 mantığı),2.88,20260612000318_soru_zorluk_yeniden_sirala
a7577cb8-913c-4249-b4d6-86a790475d5d,questions.zorluk,2,1,2a sıralamaya göre yeniden (290 mantığı),1.5,20260612000318_soru_zorluk_yeniden_sirala
a847f287-e111-407f-b5d9-23b9537c98fc,questions.zorluk,4,3,2a sıralamaya göre yeniden (290 mantığı),2.68,20260612000318_soru_zorluk_yeniden_sirala
1adb3b69-a181-4380-a7ba-d1af1971685c,questions.zorluk,3,2,2a sıralamaya göre yeniden (290 mantığı),2.04,20260612000318_soru_zorluk_yeniden_sirala
aa980db8-d068-4ca3-bcdc-c526361c796f,questions.zorluk,2,3,2a sıralamaya göre yeniden (290 mantığı),2.55,20260612000318_soru_zorluk_yeniden_sirala
2c67aef6-4d7f-421d-bc14-39eb1134f233,questions.zorluk,3,2,2a sıralamaya göre yeniden (290 mantığı),2.11,20260612000318_soru_zorluk_yeniden_sirala
325b288a-757f-4f4c-a5b5-39caaf47aaed,questions.zorluk,3,2,2a sıralamaya göre yeniden (290 mantığı),2.03,20260612000318_soru_zorluk_yeniden_sirala
b08affce-2778-49d0-b3f7-96cfb02c03ea,questions.zorluk,3,4,2a sıralamaya göre yeniden (290 mantığı),3.2,20260612000318_soru_zorluk_yeniden_sirala
b42bedcb-d47a-48f0-b1bd-bbcbd057f3d2,questions.zorluk,4,5,2a sıralamaya göre yeniden (290 mantığı),3.92,20260612000318_soru_zorluk_yeniden_sirala
b7c53018-2a8b-4a77-8080-d8171f634102,questions.zorluk,2,3,2a sıralamaya göre yeniden (290 mantığı),2.35,20260612000318_soru_zorluk_yeniden_sirala
648d4892-0929-4a5a-9d4c-021101635944,questions.zorluk,3,2,2a sıralamaya göre yeniden (290 mantığı),2.07,20260612000318_soru_zorluk_yeniden_sirala
b89b7f07-0101-48bc-b5aa-44f2a28125dd,questions.zorluk,5,4,2a sıralamaya göre yeniden (290 mantığı),3.53,20260612000318_soru_zorluk_yeniden_sirala
b8a37d00-666c-4000-b686-d77105e0d87c,questions.zorluk,4,5,2a sıralamaya göre yeniden (290 mantığı),3.97,20260612000318_soru_zorluk_yeniden_sirala
ba7fc023-00cf-4d4d-9be2-fce07e7a9a74,questions.zorluk,4,3,2a sıralamaya göre yeniden (290 mantığı),2.77,20260612000318_soru_zorluk_yeniden_sirala
bb7cb010-b292-43d4-a405-a81c2ec9664c,questions.zorluk,2,3,2a sıralamaya göre yeniden (290 mantığı),2.72,20260612000318_soru_zorluk_yeniden_sirala
bba450f9-ed81-49e0-a62e-51d2933dd151,questions.zorluk,5,4,2a sıralamaya göre yeniden (290 mantığı),3.11,20260612000318_soru_zorluk_yeniden_sirala
5daa11db-db8f-4810-98ab-28fa1a0cce2b,questions.zorluk,3,2,2a sıralamaya göre yeniden (290 mantığı),2.04,20260612000318_soru_zorluk_yeniden_sirala
bdac0818-4ca8-4f3b-bf76-3d96023558e7,questions.zorluk,5,4,2a sıralamaya göre yeniden (290 mantığı),3.61,20260612000318_soru_zorluk_yeniden_sirala
be97c655-50c9-439a-bdf3-960bcdf1ffc0,questions.zorluk,5,4,2a sıralamaya göre yeniden (290 mantığı),3.52,20260612000318_soru_zorluk_yeniden_sirala
bf94e3fa-5ae1-4825-9ddc-e821ce37b62b,questions.zorluk,4,3,2a sıralamaya göre yeniden (290 mantığı),2.21,20260612000318_soru_zorluk_yeniden_sirala
c580c7f8-6701-430c-b5d1-46436a7b0c8b,questions.zorluk,5,4,2a sıralamaya göre yeniden (290 mantığı),3.6,20260612000318_soru_zorluk_yeniden_sirala
c69ce6d6-1716-4542-b830-9c756c18b22a,questions.zorluk,2,3,2a sıralamaya göre yeniden (290 mantığı),2.54,20260612000318_soru_zorluk_yeniden_sirala
46f6c08d-f6d7-4289-a01c-69525573aa67,questions.zorluk,3,4,2a sıralamaya göre yeniden (290 mantığı),3.38,20260612000318_soru_zorluk_yeniden_sirala
492b5c15-016b-4830-94b7-29a26f9ed1a0,questions.zorluk,4,3,2a sıralamaya göre yeniden (290 mantığı),2.9,20260612000318_soru_zorluk_yeniden_sirala
5395d4e0-488d-4c8d-bf71-7023c8851107,questions.zorluk,4,5,2a sıralamaya göre yeniden (290 mantığı),3.93,20260612000318_soru_zorluk_yeniden_sirala
cd4a279a-2579-423a-baa5-be4e5ee1f931,questions.zorluk,2,3,2a sıralamaya göre yeniden (290 mantığı),2.31,20260612000318_soru_zorluk_yeniden_sirala
cf1d2655-cc36-4c8b-9783-f2c87692657d,questions.zorluk,3,4,2a sıralamaya göre yeniden (290 mantığı),3.36,20260612000318_soru_zorluk_yeniden_sirala
cfc6e017-515f-46fd-8a24-8ad0d776b411,questions.zorluk,4,3,2a sıralamaya göre yeniden (290 mantığı),2.47,20260612000318_soru_zorluk_yeniden_sirala
d1cca593-7826-4af0-b59c-d650d6ece363,questions.zorluk,2,3,2a sıralamaya göre yeniden (290 mantığı),2.13,20260612000318_soru_zorluk_yeniden_sirala
d6c79db0-4a20-4c8f-a08e-2662c39dd22c,questions.zorluk,4,3,2a sıralamaya göre yeniden (290 mantığı),3,20260612000318_soru_zorluk_yeniden_sirala
d76c3b77-3914-4801-94e0-b4c042b1ad92,questions.zorluk,5,4,2a sıralamaya göre yeniden (290 mantığı),3.62,20260612000318_soru_zorluk_yeniden_sirala
d901542a-bb59-4d12-9d06-5b72e493457e,questions.zorluk,5,4,2a sıralamaya göre yeniden (290 mantığı),3.27,20260612000318_soru_zorluk_yeniden_sirala
782575b7-9b52-406e-8e8d-e50a1b8907cd,questions.zorluk,3,2,2a sıralamaya göre yeniden (290 mantığı),2.03,20260612000318_soru_zorluk_yeniden_sirala
57c51387-bd70-46ee-8979-ec25c15df00a,questions.zorluk,4,3,2a sıralamaya göre yeniden (290 mantığı),2.47,20260612000318_soru_zorluk_yeniden_sirala
d9f41524-141e-47b8-8724-2388997af263,questions.zorluk,3,2,2a sıralamaya göre yeniden (290 mantığı),1.78,20260612000318_soru_zorluk_yeniden_sirala
da9d7de3-88ba-4137-8173-497ba48f5114,questions.zorluk,3,4,2a sıralamaya göre yeniden (290 mantığı),3.09,20260612000318_soru_zorluk_yeniden_sirala
de8364d8-c2a7-4059-8319-09108144832c,questions.zorluk,5,4,2a sıralamaya göre yeniden (290 mantığı),3.62,20260612000318_soru_zorluk_yeniden_sirala
67c7032f-fd02-4803-9f0e-1c6d4f81d966,questions.zorluk,5,4,2a sıralamaya göre yeniden (290 mantığı),3.23,20260612000318_soru_zorluk_yeniden_sirala
68279797-1946-4ade-8c48-278aa12cf411,questions.zorluk,2,1,2a sıralamaya göre yeniden (290 mantığı),1.71,20260612000318_soru_zorluk_yeniden_sirala
e7498198-1b8d-48d1-bb38-d9f884dbe5b8,questions.zorluk,4,3,2a sıralamaya göre yeniden (290 mantığı),2.27,20260612000318_soru_zorluk_yeniden_sirala
e8603b70-09f2-451d-a2c6-4a78e125bed2,questions.zorluk,4,3,2a sıralamaya göre yeniden (290 mantığı),2.9,20260612000318_soru_zorluk_yeniden_sirala
ea3ffb61-19fb-431e-b236-ddcb33ef63bd,questions.zorluk,4,3,2a sıralamaya göre yeniden (290 mantığı),2.69,20260612000318_soru_zorluk_yeniden_sirala
ef29dbce-b2ef-46bd-9496-cae21dddd971,questions.zorluk,4,5,2a sıralamaya göre yeniden (290 mantığı),3.93,20260612000318_soru_zorluk_yeniden_sirala
6d07d50f-36ba-46c8-83e7-bf5aeef2425d,questions.zorluk,4,3,2a sıralamaya göre yeniden (290 mantığı),3.04,20260612000318_soru_zorluk_yeniden_sirala
286d801e-5568-475a-b1ca-c742995304a5,questions.zorluk,3,2,2a sıralamaya göre yeniden (290 mantığı),2.1,20260612000318_soru_zorluk_yeniden_sirala
f84ffc44-9bd8-4db4-9100-55f6ef8f2736,questions.zorluk,3,4,2a sıralamaya göre yeniden (290 mantığı),3.07,20260612000318_soru_zorluk_yeniden_sirala
6e8d5ca0-3c86-40d1-8f57-b7c151b99373,questions.zorluk,4,5,2a sıralamaya göre yeniden (290 mantığı),3.74,20260612000318_soru_zorluk_yeniden_sirala
f87588bd-0234-4096-b610-cf3173d180ff,questions.zorluk,2,3,2a sıralamaya göre yeniden (290 mantığı),2.31,20260612000318_soru_zorluk_yeniden_sirala
f98240dc-88c8-4090-a776-19977f7601ca,questions.zorluk,3,4,2a sıralamaya göre yeniden (290 mantığı),3.26,20260612000318_soru_zorluk_yeniden_sirala
f9f834d0-b5fe-4bba-828f-abcf60a90eda,questions.zorluk,3,4,2a sıralamaya göre yeniden (290 mantığı),3.28,20260612000318_soru_zorluk_yeniden_sirala
748b6e6a-b0ee-49ce-89ad-de8d2d0c9a8b,questions.zorluk,5,4,2a sıralamaya göre yeniden (290 mantığı),3.55,20260612000318_soru_zorluk_yeniden_sirala
fa2707c7-b362-4534-872d-69a2633cbfa1,questions.zorluk,3,5,2a sıralamaya göre yeniden (290 mantığı),3.98,20260612000318_soru_zorluk_yeniden_sirala
fa725b79-5e82-4368-bed0-b965f1840ee6,questions.zorluk,4,3,2a sıralamaya göre yeniden (290 mantığı),2.89,20260612000318_soru_zorluk_yeniden_sirala
755bcea2-a766-4b7f-82e6-62d2bd2a66c4,questions.zorluk,4,3,2a sıralamaya göre yeniden (290 mantığı),3.05,20260612000318_soru_zorluk_yeniden_sirala
facfb785-fbfd-43c9-8d07-0959b35269e6,questions.zorluk,4,5,2a sıralamaya göre yeniden (290 mantığı),3.68,20260612000318_soru_zorluk_yeniden_sirala
bb352888-0a55-4540-b665-45209c2fb050,questions.zorluk,4,3,2a sıralamaya göre yeniden (290 mantığı),2.52,20260612000318_soru_zorluk_yeniden_sirala
7aea5858-1dfd-454d-b040-d7469c70e8d8,questions.zorluk,2,1,2a sıralamaya göre yeniden (290 mantığı),1.66,20260612000318_soru_zorluk_yeniden_sirala
831b0b78-aa92-4f85-b2de-988ea003c1bb,questions.zorluk,3,2,2a sıralamaya göre yeniden (290 mantığı),2.07,20260612000318_soru_zorluk_yeniden_sirala
87c6b2ec-885b-4ddf-8c95-3a33d7dc57ca,questions.zorluk,4,5,2a sıralamaya göre yeniden (290 mantığı),3.79,20260612000318_soru_zorluk_yeniden_sirala
8ef73c76-9cdd-449e-bf43-5bd7c076dfa0,questions.zorluk,5,4,2a sıralamaya göre yeniden (290 mantığı),3.48,20260612000318_soru_zorluk_yeniden_sirala
9bbd9b60-63d6-4303-bd81-4c210b3b739f,questions.zorluk,5,4,2a sıralamaya göre yeniden (290 mantığı),3.16,20260612000318_soru_zorluk_yeniden_sirala
a0c69824-8f54-412a-a936-a27b81b243b9,questions.zorluk,4,3,2a sıralamaya göre yeniden (290 mantığı),2.85,20260612000318_soru_zorluk_yeniden_sirala
723ae42c-4d6f-42c9-93e5-c46d52058629,questions.zorluk,3,2,2a sıralamaya göre yeniden (290 mantığı),2.09,20260612000318_soru_zorluk_yeniden_sirala
794e2423-56a5-4c6c-b8d4-ca0c167d95b1,questions.zorluk,3,2,2a sıralamaya göre yeniden (290 mantığı),2.05,20260612000318_soru_zorluk_yeniden_sirala
3658df72-e46e-40e9-899a-278fac7b65c0,questions.zorluk,4,5,2a sıralamaya göre yeniden (290 mantığı),3.71,20260612000318_soru_zorluk_yeniden_sirala
a2e52008-0c51-4ab6-8307-3eb8f2e12fe9,questions.zorluk,3,4,2a sıralamaya göre yeniden (290 mantığı),3.4,20260612000318_soru_zorluk_yeniden_sirala
a6f63da4-ac1f-4c1d-af41-acc7938d9fb9,questions.zorluk,2,3,2a sıralamaya göre yeniden (290 mantığı),2.41,20260612000318_soru_zorluk_yeniden_sirala
a770518e-1e30-4f0e-b485-36316f233718,questions.zorluk,4,3,2a sıralamaya göre yeniden (290 mantığı),2.71,20260612000318_soru_zorluk_yeniden_sirala
aa69f399-10d4-4633-be38-ba61371cfec6,questions.zorluk,4,5,2a sıralamaya göre yeniden (290 mantığı),4.21,20260612000318_soru_zorluk_yeniden_sirala
ac1e415b-138d-4559-b023-a35e2f7ebf3c,questions.zorluk,4,3,2a sıralamaya göre yeniden (290 mantığı),3.06,20260612000318_soru_zorluk_yeniden_sirala
db01df90-afaa-4524-b187-e378a912c204,questions.zorluk,4,3,2a sıralamaya göre yeniden (290 mantığı),2.88,20260612000318_soru_zorluk_yeniden_sirala
2d08ddd7-eb46-4511-a18f-304b606bb175,questions.zorluk,3,2,2a sıralamaya göre yeniden (290 mantığı),2.03,20260612000318_soru_zorluk_yeniden_sirala
3fe21f0b-3aee-4cd4-94ce-ea1d93f407b4,questions.zorluk,3,2,2a sıralamaya göre yeniden (290 mantığı),2.09,20260612000318_soru_zorluk_yeniden_sirala
d9fb0fd0-844e-4dbb-9bcb-06d9dbe4a4ca,questions.zorluk,3,4,2a sıralamaya göre yeniden (290 mantığı),3.16,20260612000318_soru_zorluk_yeniden_sirala
e1fc9780-5620-4671-8502-55047f508740,questions.zorluk,3,4,2a sıralamaya göre yeniden (290 mantığı),3.35,20260612000318_soru_zorluk_yeniden_sirala
7ed5a280-5338-4c58-a23a-48c6ffa80f4f,questions.zorluk,3,2,2a sıralamaya göre yeniden (290 mantığı),2.03,20260612000318_soru_zorluk_yeniden_sirala
e9a7f16f-fe6d-4d7b-b579-db68ae6f8ec4,questions.zorluk,4,5,2a sıralamaya göre yeniden (290 mantığı),3.82,20260612000318_soru_zorluk_yeniden_sirala
f36f68de-6b89-49c2-9ee9-92495fa01237,questions.zorluk,3,4,2a sıralamaya göre yeniden (290 mantığı),3.14,20260612000318_soru_zorluk_yeniden_sirala
f5e71745-01fa-4585-b8c1-d7959634b060,questions.zorluk,3,4,2a sıralamaya göre yeniden (290 mantığı),3.14,20260612000318_soru_zorluk_yeniden_sirala
5943e4de-4694-45f7-90e5-10089a2ba5c0,questions.zorluk,3,2,2a sıralamaya göre yeniden (290 mantığı),2.03,20260612000318_soru_zorluk_yeniden_sirala
f8c67f23-2917-4904-8408-1372f5249c3a,questions.zorluk,3,4,2a sıralamaya göre yeniden (290 mantığı),3.18,20260612000318_soru_zorluk_yeniden_sirala
ff6415a0-2359-46ce-8e52-4bdb27674c92,questions.zorluk,3,4,2a sıralamaya göre yeniden (290 mantığı),3.2,20260612000318_soru_zorluk_yeniden_sirala
699eb59e-1f7c-453a-9d83-11d11e32b798,questions.zorluk,3,2,2a sıralamaya göre yeniden (290 mantığı),2.06,20260612000318_soru_zorluk_yeniden_sirala
6c270c8f-42df-4515-ae41-55603920bd3e,questions.zorluk,3,2,2a sıralamaya göre yeniden (290 mantığı),2.12,20260612000318_soru_zorluk_yeniden_sirala
82eddc3a-d601-41b2-af7f-0dc9be94dcce,questions.zorluk,4,3,2a sıralamaya göre yeniden (290 mantığı),3.02,20260612000318_soru_zorluk_yeniden_sirala
e0b26851-32e2-481f-ab7c-3985f8a671e2,questions.zorluk,3,2,2a sıralamaya göre yeniden (290 mantığı),2.07,20260612000318_soru_zorluk_yeniden_sirala
ec948327-b6e6-41c5-a5eb-1d0af46cb2db,questions.zorluk,3,2,2a sıralamaya göre yeniden (290 mantığı),2.12,20260612000318_soru_zorluk_yeniden_sirala
1e98b4e6-62bf-4e0a-9945-0b08532fc976,questions.zorluk,3,2,2a sıralamaya göre yeniden (290 mantığı),2.04,20260612000318_soru_zorluk_yeniden_sirala
af98aa11-3fd9-44ea-b9f3-76815c7896c5,questions.zorluk,3,2,2a sıralamaya göre yeniden (290 mantığı),2.04,20260612000318_soru_zorluk_yeniden_sirala
898f7b56-d743-4ce8-abe7-0ffd9b6c43e2,questions.zorluk,3,2,2a sıralamaya göre yeniden (290 mantığı),2.04,20260612000318_soru_zorluk_yeniden_sirala
87780454-f6e9-4fef-b782-2fd247fb195d,questions.zorluk,5,4,2a sıralamaya göre yeniden (290 mantığı),3.5,20260612000318_soru_zorluk_yeniden_sirala
862eb48c-6687-4f70-bedc-ad7789cf9f42,questions.zorluk,3,2,2a sıralamaya göre yeniden (290 mantığı),2.03,20260612000318_soru_zorluk_yeniden_sirala
86c20900-fab8-459d-b94b-554a2fd1d7c7,questions.zorluk,2,1,2a sıralamaya göre yeniden (290 mantığı),1.68,20260612000318_soru_zorluk_yeniden_sirala
84f7990d-aea8-4a62-a5a7-3410a5df6bfa,questions.zorluk,3,2,2a sıralamaya göre yeniden (290 mantığı),2.1,20260612000318_soru_zorluk_yeniden_sirala
891eb8be-5be7-4276-b027-e8d4fbed7f48,questions.zorluk,4,3,2a sıralamaya göre yeniden (290 mantığı),3.05,20260612000318_soru_zorluk_yeniden_sirala
f4398d74-9a73-4906-b659-7aac6fd8e59a,questions.zorluk,4,3,2a sıralamaya göre yeniden (290 mantığı),2.91,20260612000318_soru_zorluk_yeniden_sirala
8f4ad6c6-5443-4c98-98c7-85d81fbd8753,questions.zorluk,4,3,2a sıralamaya göre yeniden (290 mantığı),2.88,20260612000318_soru_zorluk_yeniden_sirala
84415d8d-c0dc-4b97-800c-9cedea436a4f,questions.zorluk,4,3,2a sıralamaya göre yeniden (290 mantığı),2.93,20260612000318_soru_zorluk_yeniden_sirala
881c43d0-f446-40b9-938a-eac8aad8e5ba,questions.zorluk,3,2,2a sıralamaya göre yeniden (290 mantığı),2.1,20260612000318_soru_zorluk_yeniden_sirala
89002c24-602b-43f8-949f-96fd644c79b7,questions.zorluk,3,2,2a sıralamaya göre yeniden (290 mantığı),2.09,20260612000318_soru_zorluk_yeniden_sirala
8fbe9917-da8f-41ec-8806-4124edd1d86d,questions.zorluk,3,2,2a sıralamaya göre yeniden (290 mantığı),2.06,20260612000318_soru_zorluk_yeniden_sirala
858f241a-9715-4534-a0d2-53e0dcfb7eff,questions.zorluk,3,2,2a sıralamaya göre yeniden (290 mantığı),2.08,20260612000318_soru_zorluk_yeniden_sirala
90afe695-55ac-42e8-b12a-17b2d6698acb,questions.zorluk,2,1,2a sıralamaya göre yeniden (290 mantığı),1.68,20260612000318_soru_zorluk_yeniden_sirala
891c99ce-5a5d-495f-96bc-5da3f31c1855,questions.zorluk,4,3,2a sıralamaya göre yeniden (290 mantığı),2.91,20260612000318_soru_zorluk_yeniden_sirala
8f12cc77-669d-4369-8860-f9984b8af0db,questions.zorluk,4,3,2a sıralamaya göre yeniden (290 mantığı),2.96,20260612000318_soru_zorluk_yeniden_sirala
913a776b-265e-4739-8862-d2fa42b9d467,questions.zorluk,4,3,2a sıralamaya göre yeniden (290 mantığı),2.86,20260612000318_soru_zorluk_yeniden_sirala
989bcd74-0150-41b3-915c-6ff615491e88,questions.zorluk,3,2,2a sıralamaya göre yeniden (290 mantığı),2.08,20260612000318_soru_zorluk_yeniden_sirala
c35c36f7-e69c-467e-adff-6973f3a0ae71,questions.zorluk,3,2,2a sıralamaya göre yeniden (290 mantığı),2.07,20260612000318_soru_zorluk_yeniden_sirala
98c4d5f9-bfb5-4e3e-bc77-ce4ea471e874,questions.zorluk,3,2,2a sıralamaya göre yeniden (290 mantığı),2.06,20260612000318_soru_zorluk_yeniden_sirala
95164a6b-0aab-4083-aeb4-768d4191c0c9,questions.zorluk,3,2,2a sıralamaya göre yeniden (290 mantığı),2.03,20260612000318_soru_zorluk_yeniden_sirala
96e3b45b-854f-4aa0-b547-76da876e9a00,questions.zorluk,3,2,2a sıralamaya göre yeniden (290 mantığı),2.04,20260612000318_soru_zorluk_yeniden_sirala
aea5c126-eadf-4d5e-a2b9-9340a4064067,questions.zorluk,4,3,2a sıralamaya göre yeniden (290 mantığı),3.01,20260612000318_soru_zorluk_yeniden_sirala
9b44f524-c7bd-49fe-beca-4e6b6859c3e8,questions.zorluk,3,2,2a sıralamaya göre yeniden (290 mantığı),2.11,20260612000318_soru_zorluk_yeniden_sirala
19b4a3d1-c0ac-4221-a983-a9e2f63ca3fe,questions.zorluk,3,2,2a sıralamaya göre yeniden (290 mantığı),2.05,20260612000318_soru_zorluk_yeniden_sirala
9c936245-c809-4172-afd3-3a311f41b07b,questions.zorluk,3,2,2a sıralamaya göre yeniden (290 mantığı),2.07,20260612000318_soru_zorluk_yeniden_sirala
997ab221-c15c-4d76-9c77-536954a5b78a,questions.zorluk,3,2,2a sıralamaya göre yeniden (290 mantığı),2.12,20260612000318_soru_zorluk_yeniden_sirala
9a595f30-6894-471d-869a-d48fe284e40a,questions.zorluk,2,1,2a sıralamaya göre yeniden (290 mantığı),1.66,20260612000318_soru_zorluk_yeniden_sirala
38a9d919-2161-4d3f-8b2c-2311dbd1428b,questions.zorluk,4,3,2a sıralamaya göre yeniden (290 mantığı),2.98,20260612000318_soru_zorluk_yeniden_sirala
95936d8a-6498-4f82-bca5-2e8dfbcbc1f1,questions.zorluk,4,3,2a sıralamaya göre yeniden (290 mantığı),2.96,20260612000318_soru_zorluk_yeniden_sirala
15471189-23dc-4995-b74e-1c56f3edafd0,questions.zorluk,5,4,2a sıralamaya göre yeniden (290 mantığı),3.54,20260612000318_soru_zorluk_yeniden_sirala
ad998eac-ca0c-4716-85ac-9f4a0baca468,questions.zorluk,3,2,2a sıralamaya göre yeniden (290 mantığı),2.12,20260612000318_soru_zorluk_yeniden_sirala
9684d3a4-6ea3-4d8d-a4ba-c37972d91d80,questions.zorluk,2,1,2a sıralamaya göre yeniden (290 mantığı),1.67,20260612000318_soru_zorluk_yeniden_sirala
9a0b2d7a-6141-42ad-9ecd-57c37fa4b164,questions.zorluk,3,2,2a sıralamaya göre yeniden (290 mantığı),2.08,20260612000318_soru_zorluk_yeniden_sirala
f29628db-73fa-4cf7-bd6c-af300eb40cfb,questions.zorluk,3,2,2a sıralamaya göre yeniden (290 mantığı),2.1,20260612000318_soru_zorluk_yeniden_sirala
939d0920-b00f-49a1-812b-6a21b5b2835a,questions.zorluk,4,3,2a sıralamaya göre yeniden (290 mantığı),2.97,20260612000318_soru_zorluk_yeniden_sirala
61d05879-61c0-4323-bbb0-bff231f2a8b4,questions.zorluk,3,4,2a sıralamaya göre yeniden (290 mantığı),3.1,20260612000318_soru_zorluk_yeniden_sirala
97def401-654c-4d9d-89d8-8fa111c2cb94,questions.zorluk,4,3,2a sıralamaya göre yeniden (290 mantığı),2.85,20260612000318_soru_zorluk_yeniden_sirala
9a451a4a-cf49-4596-93a3-b0812c8cd7af,questions.zorluk,4,3,2a sıralamaya göre yeniden (290 mantığı),2.99,20260612000318_soru_zorluk_yeniden_sirala
00a1ef5d-d641-42d3-8b34-19fe07e531b1,questions.zorluk,3,4,2a sıralamaya göre yeniden (290 mantığı),3.16,20260612000318_soru_zorluk_yeniden_sirala
099bd113-1df8-4470-9898-2c5e82d3ca17,questions.zorluk,3,4,2a sıralamaya göre yeniden (290 mantığı),3.41,20260612000318_soru_zorluk_yeniden_sirala
2ee2cc9f-9007-427b-9788-8453fdba64fa,questions.zorluk,3,2,2a sıralamaya göre yeniden (290 mantığı),2.03,20260612000318_soru_zorluk_yeniden_sirala
156ee90b-3d6a-44d0-b606-037d7d67193e,questions.zorluk,3,4,2a sıralamaya göre yeniden (290 mantığı),3.31,20260612000318_soru_zorluk_yeniden_sirala
19af3b31-c3c7-46aa-9c37-841db2855fce,questions.zorluk,4,3,2a sıralamaya göre yeniden (290 mantığı),2.99,20260612000318_soru_zorluk_yeniden_sirala
217ceec0-91c1-4faf-8dc0-53b4669983c7,questions.zorluk,4,5,2a sıralamaya göre yeniden (290 mantığı),3.75,20260612000318_soru_zorluk_yeniden_sirala
26fff2db-9c74-43e4-a724-3ea3e982719f,questions.zorluk,2,3,2a sıralamaya göre yeniden (290 mantığı),2.31,20260612000318_soru_zorluk_yeniden_sirala
48e6bdc4-e185-4e59-92aa-4eee739c0f91,questions.zorluk,3,2,2a sıralamaya göre yeniden (290 mantığı),2.06,20260612000318_soru_zorluk_yeniden_sirala
362ee3af-2816-4a3d-8e17-2a2d7d363f69,questions.zorluk,2,3,2a sıralamaya göre yeniden (290 mantığı),2.27,20260612000318_soru_zorluk_yeniden_sirala
364747a1-ad4f-4a43-a9de-6b7a2caca1db,questions.zorluk,2,3,2a sıralamaya göre yeniden (290 mantığı),2.6,20260612000318_soru_zorluk_yeniden_sirala
3ee799f5-311a-4849-a0a0-2b3699a18af2,questions.zorluk,4,3,2a sıralamaya göre yeniden (290 mantığı),2.54,20260612000318_soru_zorluk_yeniden_sirala
44672712-9f77-427c-9af6-a5ab43adc699,questions.zorluk,5,4,2a sıralamaya göre yeniden (290 mantığı),3.56,20260612000318_soru_zorluk_yeniden_sirala
4acdd43c-f531-49b9-9a33-1d57dd768ce0,questions.zorluk,2,3,2a sıralamaya göre yeniden (290 mantığı),2.23,20260612000318_soru_zorluk_yeniden_sirala
56b02552-42a4-440b-b71b-edfe52584d72,questions.zorluk,2,3,2a sıralamaya göre yeniden (290 mantığı),2.2,20260612000318_soru_zorluk_yeniden_sirala
58cf6f84-e3c5-4058-9a31-b31f5488ad9a,questions.zorluk,2,3,2a sıralamaya göre yeniden (290 mantığı),2.69,20260612000318_soru_zorluk_yeniden_sirala
93c1ce8e-5cca-46c8-9092-a20090a2301e,questions.zorluk,3,2,2a sıralamaya göre yeniden (290 mantığı),2.03,20260612000318_soru_zorluk_yeniden_sirala
6784ecd5-4d7f-47fb-9dd9-ad637730d89a,questions.zorluk,5,4,2a sıralamaya göre yeniden (290 mantığı),3.65,20260612000318_soru_zorluk_yeniden_sirala
6e610f40-bc69-4e1e-bb67-bfacb9671f74,questions.zorluk,2,3,2a sıralamaya göre yeniden (290 mantığı),2.68,20260612000318_soru_zorluk_yeniden_sirala
6f07a22c-2592-48a8-b553-d345456c1045,questions.zorluk,4,3,2a sıralamaya göre yeniden (290 mantığı),2.91,20260612000318_soru_zorluk_yeniden_sirala
7c9b6ab3-41dc-4380-9bbf-d64f257d66b2,questions.zorluk,5,4,2a sıralamaya göre yeniden (290 mantığı),3.4,20260612000318_soru_zorluk_yeniden_sirala
84d5b8e7-0566-44da-974f-3626760c7fa3,questions.zorluk,4,5,2a sıralamaya göre yeniden (290 mantığı),3.72,20260612000318_soru_zorluk_yeniden_sirala
8d5407c2-8e21-4443-bc7a-b97a5ef95d7d,questions.zorluk,4,3,2a sıralamaya göre yeniden (290 mantığı),2.85,20260612000318_soru_zorluk_yeniden_sirala
92b31223-9504-41c4-9f21-662592583b45,questions.zorluk,4,3,2a sıralamaya göre yeniden (290 mantığı),3.04,20260612000318_soru_zorluk_yeniden_sirala
89ea63a7-1a79-4502-b5be-6b56fd0bb65c,questions.zorluk,4,3,2a sıralamaya göre yeniden (290 mantığı),3.04,20260612000318_soru_zorluk_yeniden_sirala
2ee37ebf-28bc-4e5d-8a03-3554eb23cb80,questions.zorluk,4,3,2a sıralamaya göre yeniden (290 mantığı),2.98,20260612000318_soru_zorluk_yeniden_sirala
97634f30-9808-4b3e-9d98-ea77cbf8790e,questions.zorluk,4,3,2a sıralamaya göre yeniden (290 mantığı),3.01,20260612000318_soru_zorluk_yeniden_sirala
9938d9fb-0e1c-4ed2-adcc-992356e2ec4e,questions.zorluk,4,5,2a sıralamaya göre yeniden (290 mantığı),3.8,20260612000318_soru_zorluk_yeniden_sirala
9bee034c-102f-4a85-8af8-f9b5335ca41e,questions.zorluk,2,3,2a sıralamaya göre yeniden (290 mantığı),2.85,20260612000318_soru_zorluk_yeniden_sirala
9e84d5d1-8b1d-4d1a-9f4e-80b794570514,questions.zorluk,2,3,2a sıralamaya göre yeniden (290 mantığı),2.66,20260612000318_soru_zorluk_yeniden_sirala
a2d1c2e0-c9f3-45c8-96d2-c4adc6e39ccc,questions.zorluk,2,3,2a sıralamaya göre yeniden (290 mantığı),2.73,20260612000318_soru_zorluk_yeniden_sirala
aba89ede-4166-4a08-90cf-19c26a562126,questions.zorluk,3,4,2a sıralamaya göre yeniden (290 mantığı),3.33,20260612000318_soru_zorluk_yeniden_sirala
ad178947-861a-40c2-9d82-16d20b269831,questions.zorluk,4,5,2a sıralamaya göre yeniden (290 mantığı),3.82,20260612000318_soru_zorluk_yeniden_sirala
a93c5a00-5dfa-43c1-8249-7bbf85f458bc,questions.zorluk,3,2,2a sıralamaya göre yeniden (290 mantığı),2.12,20260612000318_soru_zorluk_yeniden_sirala
bb6c3461-c126-4f32-bdfc-980eed2fec8b,questions.zorluk,5,4,2a sıralamaya göre yeniden (290 mantığı),3.44,20260612000318_soru_zorluk_yeniden_sirala
b745c11f-7726-472a-b101-79c6d4f589c1,questions.zorluk,3,2,2a sıralamaya göre yeniden (290 mantığı),2.03,20260612000318_soru_zorluk_yeniden_sirala
a8789c92-d2a7-4b20-9524-cadc0c925bd9,questions.zorluk,4,3,2a sıralamaya göre yeniden (290 mantığı),3.02,20260612000318_soru_zorluk_yeniden_sirala
a94ad841-597b-45da-a8de-f66420ed2927,questions.zorluk,4,3,2a sıralamaya göre yeniden (290 mantığı),2.92,20260612000318_soru_zorluk_yeniden_sirala
c83d9fba-ef08-4fd3-bd14-c5b7687e13ab,questions.zorluk,4,5,2a sıralamaya göre yeniden (290 mantığı),3.67,20260612000318_soru_zorluk_yeniden_sirala
d4ca608d-6ace-4a7e-a1bc-59dadcfc55dc,questions.zorluk,4,5,2a sıralamaya göre yeniden (290 mantığı),3.71,20260612000318_soru_zorluk_yeniden_sirala
d6161676-99e5-44bc-a8f8-4655bd54f45c,questions.zorluk,2,3,2a sıralamaya göre yeniden (290 mantığı),2.52,20260612000318_soru_zorluk_yeniden_sirala
e8d192f9-a56d-45e4-86fb-cb17859f0556,questions.zorluk,3,2,2a sıralamaya göre yeniden (290 mantığı),2.1,20260612000318_soru_zorluk_yeniden_sirala
e0a74a8c-5452-4e6d-b31e-75f5d5bb37ee,questions.zorluk,1,2,2a sıralamaya göre yeniden (290 mantığı),1.94,20260612000318_soru_zorluk_yeniden_sirala
e1adb537-c557-4af8-84bb-77b2f464d57c,questions.zorluk,3,2,2a sıralamaya göre yeniden (290 mantığı),2.03,20260612000318_soru_zorluk_yeniden_sirala
ef4be722-9b26-4c63-87bc-b3d89ef27e42,questions.zorluk,4,5,2a sıralamaya göre yeniden (290 mantığı),3.67,20260612000318_soru_zorluk_yeniden_sirala
efca978b-3ea1-4beb-95f8-fd4c65ac77b5,questions.zorluk,4,5,2a sıralamaya göre yeniden (290 mantığı),3.71,20260612000318_soru_zorluk_yeniden_sirala
e2933aa4-9d30-4700-8407-a33c9cac271e,questions.zorluk,2,1,2a sıralamaya göre yeniden (290 mantığı),1.7,20260612000318_soru_zorluk_yeniden_sirala
24a0ecde-9246-4a9a-b3a3-34fb4a17a3fc,questions.zorluk,3,2,2a sıralamaya göre yeniden (290 mantığı),2.03,20260612000318_soru_zorluk_yeniden_sirala
c1abd35c-a212-43e9-8898-8fd8c2a65427,questions.zorluk,3,2,2a sıralamaya göre yeniden (290 mantığı),2.06,20260612000318_soru_zorluk_yeniden_sirala
a08d81e1-e105-4918-a917-3d226430d596,questions.zorluk,3,2,2a sıralamaya göre yeniden (290 mantığı),2.12,20260612000318_soru_zorluk_yeniden_sirala
9d972173-7a48-401f-b3a3-6ac10adb6f7e,questions.zorluk,4,3,2a sıralamaya göre yeniden (290 mantığı),3.03,20260612000318_soru_zorluk_yeniden_sirala
a2b5c58d-7719-455f-84b5-42946c7043df,questions.zorluk,4,3,2a sıralamaya göre yeniden (290 mantığı),2.87,20260612000318_soru_zorluk_yeniden_sirala
b15134f7-c134-4844-a67f-0691057bc9f6,questions.zorluk,4,3,2a sıralamaya göre yeniden (290 mantığı),3.04,20260612000318_soru_zorluk_yeniden_sirala
af7370ff-dee9-4971-828d-313c6fdf198c,questions.zorluk,5,4,2a sıralamaya göre yeniden (290 mantığı),3.59,20260612000318_soru_zorluk_yeniden_sirala
b1231489-bf53-4f61-9469-9576a2157318,questions.zorluk,5,4,2a sıralamaya göre yeniden (290 mantığı),3.53,20260612000318_soru_zorluk_yeniden_sirala
aa49a927-1561-4551-b643-a19e15effc89,questions.zorluk,4,3,2a sıralamaya göre yeniden (290 mantığı),3,20260612000318_soru_zorluk_yeniden_sirala
aaa51c04-0f6c-4321-9777-b42bfa865c5b,questions.zorluk,3,2,2a sıralamaya göre yeniden (290 mantığı),2.1,20260612000318_soru_zorluk_yeniden_sirala
b028c7b0-b4a2-4d48-8fe1-1b308032b6b1,questions.zorluk,3,2,2a sıralamaya göre yeniden (290 mantığı),2.05,20260612000318_soru_zorluk_yeniden_sirala
ae03423a-1bdb-47de-95bc-d54125c0720a,questions.zorluk,5,4,2a sıralamaya göre yeniden (290 mantığı),3.56,20260612000318_soru_zorluk_yeniden_sirala
b4c40bde-c80b-4efb-859f-abfdc53c1033,questions.zorluk,4,3,2a sıralamaya göre yeniden (290 mantığı),2.89,20260612000318_soru_zorluk_yeniden_sirala
5ae5bc3e-0e8d-4095-b733-f12ffa71997b,questions.zorluk,3,2,2a sıralamaya göre yeniden (290 mantığı),2.07,20260612000318_soru_zorluk_yeniden_sirala
aec0cd01-b551-4ac6-bacf-30808c3fc8fc,questions.zorluk,4,3,2a sıralamaya göre yeniden (290 mantığı),3.04,20260612000318_soru_zorluk_yeniden_sirala
19c510d6-dd20-4312-b72f-1e12685f2dd0,questions.zorluk,4,3,2a sıralamaya göre yeniden (290 mantığı),2.46,20260612000318_soru_zorluk_yeniden_sirala
b4185911-fbfb-45be-9064-566c60d2bcba,questions.zorluk,5,4,2a sıralamaya göre yeniden (290 mantığı),3.52,20260612000318_soru_zorluk_yeniden_sirala
0302e66e-aa59-4044-b5eb-d76752ed1929,questions.zorluk,4,3,2a sıralamaya göre yeniden (290 mantığı),2.75,20260612000318_soru_zorluk_yeniden_sirala
0403c5ab-ebf5-4f70-87ee-707a4484698f,questions.zorluk,5,4,2a sıralamaya göre yeniden (290 mantığı),3.53,20260612000318_soru_zorluk_yeniden_sirala
07bc4f79-7614-480a-a011-d46204210a9b,questions.zorluk,3,4,2a sıralamaya göre yeniden (290 mantığı),3.29,20260612000318_soru_zorluk_yeniden_sirala
ab3ea209-dfef-4a45-b71a-cefd2a761671,questions.zorluk,3,2,2a sıralamaya göre yeniden (290 mantığı),2.06,20260612000318_soru_zorluk_yeniden_sirala
0b87f8f6-f0ea-4aaa-b99f-1e3565d4268e,questions.zorluk,4,3,2a sıralamaya göre yeniden (290 mantığı),3.03,20260612000318_soru_zorluk_yeniden_sirala
0dbdb774-a1b3-41a9-ace8-cb4102e9bc60,questions.zorluk,4,3,2a sıralamaya göre yeniden (290 mantığı),2.86,20260612000318_soru_zorluk_yeniden_sirala
107da5bf-6682-4956-a7d5-49219eeee63c,questions.zorluk,4,3,2a sıralamaya göre yeniden (290 mantığı),2.92,20260612000318_soru_zorluk_yeniden_sirala
1529097a-a124-4ded-b4e4-e81bf227ff4d,questions.zorluk,3,2,2a sıralamaya göre yeniden (290 mantığı),2.1,20260612000318_soru_zorluk_yeniden_sirala
18005b54-f403-4a91-9ca7-b35e654e4320,questions.zorluk,2,3,2a sıralamaya göre yeniden (290 mantığı),2.17,20260612000318_soru_zorluk_yeniden_sirala
19b49d01-5b99-4318-9a96-f4bad5d40f53,questions.zorluk,3,2,2a sıralamaya göre yeniden (290 mantığı),1.94,20260612000318_soru_zorluk_yeniden_sirala
19e587c5-93b7-4e05-9b9d-97f7f0a62094,questions.zorluk,4,3,2a sıralamaya göre yeniden (290 mantığı),3.04,20260612000318_soru_zorluk_yeniden_sirala
aa93cb5d-4268-487d-bc74-6d588544511c,questions.zorluk,4,3,2a sıralamaya göre yeniden (290 mantığı),3.04,20260612000318_soru_zorluk_yeniden_sirala
1d6cfcdf-b03a-4849-be67-9913df5b8030,questions.zorluk,3,4,2a sıralamaya göre yeniden (290 mantığı),3.09,20260612000318_soru_zorluk_yeniden_sirala
ab314745-931b-4a07-95f9-fae177c64518,questions.zorluk,4,3,2a sıralamaya göre yeniden (290 mantığı),2.84,20260612000318_soru_zorluk_yeniden_sirala
270ed030-a295-4b73-a910-fbe255f0da57,questions.zorluk,5,4,2a sıralamaya göre yeniden (290 mantığı),3.09,20260612000318_soru_zorluk_yeniden_sirala
296a53d4-7874-4c8d-89b9-91b98c1c3dd0,questions.zorluk,4,3,2a sıralamaya göre yeniden (290 mantığı),2.54,20260612000318_soru_zorluk_yeniden_sirala
2f08b914-54dc-4717-acdb-145dfdb58d8f,questions.zorluk,4,3,2a sıralamaya göre yeniden (290 mantığı),2.49,20260612000318_soru_zorluk_yeniden_sirala
2fc33c73-7e66-40fa-a601-2166dcc2cf5f,questions.zorluk,4,3,2a sıralamaya göre yeniden (290 mantığı),2.86,20260612000318_soru_zorluk_yeniden_sirala
329c514a-d925-44ec-857e-da8452e6c318,questions.zorluk,5,4,2a sıralamaya göre yeniden (290 mantığı),3.36,20260612000318_soru_zorluk_yeniden_sirala
34c4c25b-1628-454b-abdb-bd797cbf58e3,questions.zorluk,3,2,2a sıralamaya göre yeniden (290 mantığı),1.86,20260612000318_soru_zorluk_yeniden_sirala
371763f6-a2a3-4ae7-9d1f-6fc84b4b8bb4,questions.zorluk,3,4,2a sıralamaya göre yeniden (290 mantığı),3.16,20260612000318_soru_zorluk_yeniden_sirala
386f6942-294b-445a-989e-9b1ca42eec4f,questions.zorluk,2,3,2a sıralamaya göre yeniden (290 mantığı),2.52,20260612000318_soru_zorluk_yeniden_sirala
39bd70ab-50e5-4532-ae64-dcb5768d3fd3,questions.zorluk,4,5,2a sıralamaya göre yeniden (290 mantığı),3.76,20260612000318_soru_zorluk_yeniden_sirala
3eb314dd-d11d-4229-a28b-828764636922,questions.zorluk,4,3,2a sıralamaya göre yeniden (290 mantığı),3.01,20260612000318_soru_zorluk_yeniden_sirala
b90bf129-b701-46ae-8292-2abb72a65625,questions.zorluk,4,3,2a sıralamaya göre yeniden (290 mantığı),2.93,20260612000318_soru_zorluk_yeniden_sirala
b655d677-b758-4e93-9a47-839471fff3f7,questions.zorluk,3,2,2a sıralamaya göre yeniden (290 mantığı),2.06,20260612000318_soru_zorluk_yeniden_sirala
4143bd59-92dd-495b-b7f7-fa5377d71f21,questions.zorluk,5,4,2a sıralamaya göre yeniden (290 mantığı),3.4,20260612000318_soru_zorluk_yeniden_sirala
42acdaac-ab35-4f82-8c15-7dcfb583e9d2,questions.zorluk,4,3,2a sıralamaya göre yeniden (290 mantığı),3.01,20260612000318_soru_zorluk_yeniden_sirala
42ef9e63-1525-4785-9b21-9c37075f046c,questions.zorluk,4,5,2a sıralamaya göre yeniden (290 mantığı),3.67,20260612000318_soru_zorluk_yeniden_sirala
44245248-0472-437c-b30e-798cb9f80342,questions.zorluk,4,3,2a sıralamaya göre yeniden (290 mantığı),2.96,20260612000318_soru_zorluk_yeniden_sirala
451fd7b8-ab7e-46e0-8481-0a763dedc55a,questions.zorluk,2,1,2a sıralamaya göre yeniden (290 mantığı),1.68,20260612000318_soru_zorluk_yeniden_sirala
4a618ccd-e239-4224-844e-8fff97e14b89,questions.zorluk,5,4,2a sıralamaya göre yeniden (290 mantığı),3.27,20260612000318_soru_zorluk_yeniden_sirala
4d937558-bfde-473c-88fd-72697f90d830,questions.zorluk,4,5,2a sıralamaya göre yeniden (290 mantığı),3.81,20260612000318_soru_zorluk_yeniden_sirala
be8724ed-3aae-41e6-b7fe-e79c5e27dbed,questions.zorluk,2,1,2a sıralamaya göre yeniden (290 mantığı),1.67,20260612000318_soru_zorluk_yeniden_sirala
bc84b642-d277-448e-88c1-6a135de2914f,questions.zorluk,5,4,2a sıralamaya göre yeniden (290 mantığı),3.51,20260612000318_soru_zorluk_yeniden_sirala
bcde9cf9-3799-4651-b093-237e4868c716,questions.zorluk,5,4,2a sıralamaya göre yeniden (290 mantığı),3.51,20260612000318_soru_zorluk_yeniden_sirala
1f4f916e-8947-4185-a92d-20b3567aba82,questions.zorluk,2,3,2a sıralamaya göre yeniden (290 mantığı),2.2,20260612000318_soru_zorluk_yeniden_sirala
568fd7bf-a9c5-45d8-b81e-07bf72df2257,questions.zorluk,2,1,2a sıralamaya göre yeniden (290 mantığı),1.47,20260612000318_soru_zorluk_yeniden_sirala
56de42c7-e219-4536-9bc8-7abbcd584018,questions.zorluk,4,3,2a sıralamaya göre yeniden (290 mantığı),2.92,20260612000318_soru_zorluk_yeniden_sirala
5714e94c-6c79-444f-a970-7678246733e9,questions.zorluk,4,3,2a sıralamaya göre yeniden (290 mantığı),2.49,20260612000318_soru_zorluk_yeniden_sirala
578986a0-24a8-4e19-a3e8-0b79755ed871,questions.zorluk,4,3,2a sıralamaya göre yeniden (290 mantığı),2.56,20260612000318_soru_zorluk_yeniden_sirala
5942a8f8-6d26-4730-b752-c8d7ba8faa66,questions.zorluk,4,5,2a sıralamaya göre yeniden (290 mantığı),3.91,20260612000318_soru_zorluk_yeniden_sirala
5ff1482f-9ebf-4b94-99d0-69ca8ebe359a,questions.zorluk,4,5,2a sıralamaya göre yeniden (290 mantığı),3.93,20260612000318_soru_zorluk_yeniden_sirala
6a14c9cb-87f7-4d1d-bebe-2a2dcf49fbbc,questions.zorluk,4,5,2a sıralamaya göre yeniden (290 mantığı),3.69,20260612000318_soru_zorluk_yeniden_sirala
6f722622-7f0e-498d-a6f4-0fcb4c467aa2,questions.zorluk,3,4,2a sıralamaya göre yeniden (290 mantığı),3.2,20260612000318_soru_zorluk_yeniden_sirala
7075af2a-7803-46dc-972c-672ad3d0de89,questions.zorluk,5,4,2a sıralamaya göre yeniden (290 mantığı),3.46,20260612000318_soru_zorluk_yeniden_sirala
b78c6be4-48a4-4907-a8f4-6cad781e23a4,questions.zorluk,3,2,2a sıralamaya göre yeniden (290 mantığı),2.12,20260612000318_soru_zorluk_yeniden_sirala
7376dff0-9b6e-400f-a62a-fc34124e0fe3,questions.zorluk,3,4,2a sıralamaya göre yeniden (290 mantığı),3.07,20260612000318_soru_zorluk_yeniden_sirala
747a43a4-f81a-4801-8104-71033a1bb010,questions.zorluk,4,3,2a sıralamaya göre yeniden (290 mantığı),3.03,20260612000318_soru_zorluk_yeniden_sirala
75457d70-4ad9-4848-8897-2b4c249a07de,questions.zorluk,3,2,2a sıralamaya göre yeniden (290 mantığı),2.07,20260612000318_soru_zorluk_yeniden_sirala
76c5ae49-6f08-4963-80c4-08e5e183552b,questions.zorluk,2,3,2a sıralamaya göre yeniden (290 mantığı),2.68,20260612000318_soru_zorluk_yeniden_sirala
770b9ad4-5cff-41a1-947f-544c9f61a766,questions.zorluk,2,3,2a sıralamaya göre yeniden (290 mantığı),2.34,20260612000318_soru_zorluk_yeniden_sirala
b777c1a5-5e50-43c7-a5b7-9cad5f3f1c71,questions.zorluk,4,3,2a sıralamaya göre yeniden (290 mantığı),3.06,20260612000318_soru_zorluk_yeniden_sirala
81ca7784-53a2-4746-9c83-5d0eb4257068,questions.zorluk,5,4,2a sıralamaya göre yeniden (290 mantığı),3.5,20260612000318_soru_zorluk_yeniden_sirala
2040acaa-9b53-434e-90f1-78859c5a169a,questions.zorluk,2,3,2a sıralamaya göre yeniden (290 mantığı),2.42,20260612000318_soru_zorluk_yeniden_sirala
b9310c92-ec4e-4211-bc24-6bed2fcfb971,questions.zorluk,3,2,2a sıralamaya göre yeniden (290 mantığı),2.03,20260612000318_soru_zorluk_yeniden_sirala
875d31d4-fd9f-4c59-bbf5-8e274131d819,questions.zorluk,4,3,2a sıralamaya göre yeniden (290 mantığı),2.7,20260612000318_soru_zorluk_yeniden_sirala
8d8bcaea-7858-48d8-9f57-9d1bc762104f,questions.zorluk,3,4,2a sıralamaya göre yeniden (290 mantığı),3.27,20260612000318_soru_zorluk_yeniden_sirala
8db83bc8-6f2e-43c3-b24b-6bd713866344,questions.zorluk,4,5,2a sıralamaya göre yeniden (290 mantığı),4.03,20260612000318_soru_zorluk_yeniden_sirala
20ab624c-285c-436d-95cc-50949e967478,questions.zorluk,5,4,2a sıralamaya göre yeniden (290 mantığı),3.57,20260612000318_soru_zorluk_yeniden_sirala
9068d22b-30fc-4e6c-a1b5-6938bdff3930,questions.zorluk,3,4,2a sıralamaya göre yeniden (290 mantığı),3.13,20260612000318_soru_zorluk_yeniden_sirala
213504df-65f4-4519-9f48-70fa710349be,questions.zorluk,3,4,2a sıralamaya göre yeniden (290 mantığı),3.15,20260612000318_soru_zorluk_yeniden_sirala
b9d23669-25ae-48b2-8935-0d29214f3aed,questions.zorluk,3,2,2a sıralamaya göre yeniden (290 mantığı),2.12,20260612000318_soru_zorluk_yeniden_sirala
91ea29ef-bbdc-4d66-85c9-a9c06af3da74,questions.zorluk,5,3,2a sıralamaya göre yeniden (290 mantığı),3,20260612000318_soru_zorluk_yeniden_sirala
23ef6962-18f1-48b1-8e23-100bc207533c,questions.zorluk,4,3,2a sıralamaya göre yeniden (290 mantığı),2.27,20260612000318_soru_zorluk_yeniden_sirala
942dac59-ff6d-4aa5-a44a-5ce36853a1b9,questions.zorluk,4,5,2a sıralamaya göre yeniden (290 mantığı),3.88,20260612000318_soru_zorluk_yeniden_sirala
9cffc27a-cd05-4dc1-bfce-f191d2a3dc38,questions.zorluk,3,4,2a sıralamaya göre yeniden (290 mantığı),3.36,20260612000318_soru_zorluk_yeniden_sirala
a19d7197-6cc0-4967-83b3-6a5d2bcacc22,questions.zorluk,5,4,2a sıralamaya göre yeniden (290 mantığı),3.37,20260612000318_soru_zorluk_yeniden_sirala
a43fda43-ddc5-47ea-bb79-cb877d731dbe,questions.zorluk,4,3,2a sıralamaya göre yeniden (290 mantığı),2.64,20260612000318_soru_zorluk_yeniden_sirala
a8fc16e9-0db5-4fcf-813e-0fe91032ba37,questions.zorluk,2,1,2a sıralamaya göre yeniden (290 mantığı),1.5,20260612000318_soru_zorluk_yeniden_sirala
a91dcce7-ffdc-40e5-9490-a46614b02c68,questions.zorluk,2,1,2a sıralamaya göre yeniden (290 mantığı),1.41,20260612000318_soru_zorluk_yeniden_sirala
aa389f0e-82aa-41fb-a0e3-7e980a7a49ce,questions.zorluk,2,3,2a sıralamaya göre yeniden (290 mantığı),2.46,20260612000318_soru_zorluk_yeniden_sirala
ac0044f4-ee37-4230-ae2e-ade66d4b4a24,questions.zorluk,3,4,2a sıralamaya göre yeniden (290 mantığı),3.08,20260612000318_soru_zorluk_yeniden_sirala
ad0849ec-8a8c-4f45-ab7a-4577ac81ea7e,questions.zorluk,2,3,2a sıralamaya göre yeniden (290 mantığı),2.27,20260612000318_soru_zorluk_yeniden_sirala
ad5fb89e-8bf1-47ed-952a-636deea14de4,questions.zorluk,4,3,2a sıralamaya göre yeniden (290 mantığı),2.63,20260612000318_soru_zorluk_yeniden_sirala
affce7b1-5453-4618-9e62-7abcc2540903,questions.zorluk,3,4,2a sıralamaya göre yeniden (290 mantığı),3.15,20260612000318_soru_zorluk_yeniden_sirala
b3a6170e-0b4f-43bc-8882-8c070f642833,questions.zorluk,3,2,2a sıralamaya göre yeniden (290 mantığı),1.83,20260612000318_soru_zorluk_yeniden_sirala
b3b8d524-977d-4be4-86db-57d54f9b0a84,questions.zorluk,4,3,2a sıralamaya göre yeniden (290 mantığı),2.88,20260612000318_soru_zorluk_yeniden_sirala
b806844d-e5a4-4c29-9d92-be58304d786a,questions.zorluk,3,2,2a sıralamaya göre yeniden (290 mantığı),2.12,20260612000318_soru_zorluk_yeniden_sirala
26bceace-4de7-4795-b960-e260f0bb6bbb,questions.zorluk,4,3,2a sıralamaya göre yeniden (290 mantığı),2.9,20260612000318_soru_zorluk_yeniden_sirala
b602d569-7209-49cb-9403-60490a366e08,questions.zorluk,3,2,2a sıralamaya göre yeniden (290 mantığı),2.09,20260612000318_soru_zorluk_yeniden_sirala
bb55cef8-5aea-49fb-8978-238a24a4c4ab,questions.zorluk,4,5,2a sıralamaya göre yeniden (290 mantığı),3.95,20260612000318_soru_zorluk_yeniden_sirala
bd215c72-c9b3-42ab-82b5-65a10a204e6a,questions.zorluk,4,5,2a sıralamaya göre yeniden (290 mantığı),3.88,20260612000318_soru_zorluk_yeniden_sirala
be16f108-38db-4d9e-9734-8fd507082cef,questions.zorluk,4,5,2a sıralamaya göre yeniden (290 mantığı),3.88,20260612000318_soru_zorluk_yeniden_sirala
c573c05a-e93a-4f54-b7fc-902848323a77,questions.zorluk,1,2,2a sıralamaya göre yeniden (290 mantığı),1.86,20260612000318_soru_zorluk_yeniden_sirala
c6059d4e-1d37-40b3-9b37-8bcc41c5079c,questions.zorluk,4,3,2a sıralamaya göre yeniden (290 mantığı),2.94,20260612000318_soru_zorluk_yeniden_sirala
c78bda14-9a46-4954-8510-324ced3aa9da,questions.zorluk,4,3,2a sıralamaya göre yeniden (290 mantığı),2.44,20260612000318_soru_zorluk_yeniden_sirala
cce87f6f-d4ba-44ca-b8c6-06cc576e428b,questions.zorluk,5,4,2a sıralamaya göre yeniden (290 mantığı),3.22,20260612000318_soru_zorluk_yeniden_sirala
cdf94573-a586-4a17-80e0-4bb8feb34212,questions.zorluk,4,5,2a sıralamaya göre yeniden (290 mantığı),3.91,20260612000318_soru_zorluk_yeniden_sirala
d137bec4-ef2b-41be-9b4b-16939486ee7a,questions.zorluk,4,3,2a sıralamaya göre yeniden (290 mantığı),3.06,20260612000318_soru_zorluk_yeniden_sirala
d1c26be3-14e0-4b33-9679-296ccf2d10a0,questions.zorluk,5,4,2a sıralamaya göre yeniden (290 mantığı),3.56,20260612000318_soru_zorluk_yeniden_sirala
d20c9d7c-0b2b-46a0-89df-c2a7d7c1d9f6,questions.zorluk,4,3,2a sıralamaya göre yeniden (290 mantığı),2.31,20260612000318_soru_zorluk_yeniden_sirala
d2fb683b-f95a-44ed-8822-aebe52b980e1,questions.zorluk,4,3,2a sıralamaya göre yeniden (290 mantığı),2.49,20260612000318_soru_zorluk_yeniden_sirala
d45b2040-065f-4bcc-8c15-4df1ece8700b,questions.zorluk,5,4,2a sıralamaya göre yeniden (290 mantığı),3.56,20260612000318_soru_zorluk_yeniden_sirala
da89a29b-49b5-4561-8ba2-7df7badabe5f,questions.zorluk,4,3,2a sıralamaya göre yeniden (290 mantığı),2.98,20260612000318_soru_zorluk_yeniden_sirala
e5f204b3-737b-4809-a321-04238575f173,questions.zorluk,4,3,2a sıralamaya göre yeniden (290 mantığı),2.45,20260612000318_soru_zorluk_yeniden_sirala
eafb1a67-0b5e-45f6-b5e6-de1fef5671b0,questions.zorluk,4,5,2a sıralamaya göre yeniden (290 mantığı),3.76,20260612000318_soru_zorluk_yeniden_sirala
eb28f556-f033-4e95-939d-59d0a3b8ffc8,questions.zorluk,3,4,2a sıralamaya göre yeniden (290 mantığı),3.35,20260612000318_soru_zorluk_yeniden_sirala
eccc3140-609b-4808-9061-f2dbc17016b4,questions.zorluk,1,2,2a sıralamaya göre yeniden (290 mantığı),1.83,20260612000318_soru_zorluk_yeniden_sirala
ee6cc667-3b60-4f5c-9da5-fb7ec202f7be,questions.zorluk,3,4,2a sıralamaya göre yeniden (290 mantığı),3.25,20260612000318_soru_zorluk_yeniden_sirala
f0e9fbed-a8e7-48ee-bb3f-f55bb5f0b708,questions.zorluk,3,4,2a sıralamaya göre yeniden (290 mantığı),3.39,20260612000318_soru_zorluk_yeniden_sirala
f27368d7-0b29-4086-928d-f98cd4d32b16,questions.zorluk,3,4,2a sıralamaya göre yeniden (290 mantığı),3.26,20260612000318_soru_zorluk_yeniden_sirala
f289ab11-ff01-473d-8a20-bf00ae9a7528,questions.zorluk,5,4,2a sıralamaya göre yeniden (290 mantığı),3.6,20260612000318_soru_zorluk_yeniden_sirala
f518ce8f-5949-4516-be7f-f104588dcf2a,questions.zorluk,5,4,2a sıralamaya göre yeniden (290 mantığı),3.6,20260612000318_soru_zorluk_yeniden_sirala
f90a20fa-0126-432a-8153-e34995ae2c85,questions.zorluk,3,2,2a sıralamaya göre yeniden (290 mantığı),2.09,20260612000318_soru_zorluk_yeniden_sirala
f9ab47a5-60fe-47d2-9164-81df425bc198,questions.zorluk,4,3,2a sıralamaya göre yeniden (290 mantığı),2.59,20260612000318_soru_zorluk_yeniden_sirala
fa6ebc87-ba04-4975-afbc-d821dd245746,questions.zorluk,4,5,2a sıralamaya göre yeniden (290 mantığı),3.87,20260612000318_soru_zorluk_yeniden_sirala
fb2382c9-d3d5-443e-8189-c88a84c5fc51,questions.zorluk,5,4,2a sıralamaya göre yeniden (290 mantığı),3.36,20260612000318_soru_zorluk_yeniden_sirala
fb46aace-9281-4aea-9c99-f773d913b9e2,questions.zorluk,4,5,2a sıralamaya göre yeniden (290 mantığı),3.66,20260612000318_soru_zorluk_yeniden_sirala
fbf4f1a1-4560-49a6-bd3d-7f05c74bbae5,questions.zorluk,4,3,2a sıralamaya göre yeniden (290 mantığı),2.79,20260612000318_soru_zorluk_yeniden_sirala
fd69a14e-069b-40c5-a6d3-9338085ac0b4,questions.zorluk,2,3,2a sıralamaya göre yeniden (290 mantığı),2.35,20260612000318_soru_zorluk_yeniden_sirala
ff3b6cab-a95e-4c03-b23c-2482d26b2531,questions.zorluk,3,4,2a sıralamaya göre yeniden (290 mantığı),3.4,20260612000318_soru_zorluk_yeniden_sirala
5280b9bd-8407-47e7-ae8a-bc380a881cc8,questions.zorluk,4,5,2a sıralamaya göre yeniden (290 mantığı),3.83,20260612000318_soru_zorluk_yeniden_sirala
5b307f50-ed27-4d05-a4fb-fe0d3739f588,questions.zorluk,2,3,2a sıralamaya göre yeniden (290 mantığı),2.64,20260612000318_soru_zorluk_yeniden_sirala
5f167011-90ed-46bd-b88c-80cfa0d2ac46,questions.zorluk,3,4,2a sıralamaya göre yeniden (290 mantığı),3.16,20260612000318_soru_zorluk_yeniden_sirala
b9c981e0-bcad-4719-9342-074d5c66c194,questions.zorluk,4,3,2a sıralamaya göre yeniden (290 mantığı),2.88,20260612000318_soru_zorluk_yeniden_sirala
6d6da3e9-8034-4065-aa57-de3d559fd7d0,questions.zorluk,5,4,2a sıralamaya göre yeniden (290 mantığı),3.53,20260612000318_soru_zorluk_yeniden_sirala
6dcd48c9-1215-40cf-b079-61a8f593762e,questions.zorluk,5,4,2a sıralamaya göre yeniden (290 mantığı),3.24,20260612000318_soru_zorluk_yeniden_sirala
7fdc0a5e-a5c2-4664-98b8-e4a6b7dfa7f7,questions.zorluk,4,5,2a sıralamaya göre yeniden (290 mantığı),3.76,20260612000318_soru_zorluk_yeniden_sirala
82b2d0da-5039-4e2a-b55e-d37b0df0fa10,questions.zorluk,5,4,2a sıralamaya göre yeniden (290 mantığı),3.59,20260612000318_soru_zorluk_yeniden_sirala
8891ee0d-5941-4080-8839-6cffd984a840,questions.zorluk,2,3,2a sıralamaya göre yeniden (290 mantığı),2.55,20260612000318_soru_zorluk_yeniden_sirala
c028197c-e05f-416a-be8b-1187116bb561,questions.zorluk,5,4,2a sıralamaya göre yeniden (290 mantığı),3.56,20260612000318_soru_zorluk_yeniden_sirala
9496ac23-64e4-4d15-9069-2e1512554999,questions.zorluk,4,3,2a sıralamaya göre yeniden (290 mantığı),2.95,20260612000318_soru_zorluk_yeniden_sirala
949e7ce2-be69-41b0-b9d8-5d9252e6a26c,questions.zorluk,2,3,2a sıralamaya göre yeniden (290 mantığı),2.55,20260612000318_soru_zorluk_yeniden_sirala
95674fdd-5f3b-4dd3-b44a-93abc1e4490e,questions.zorluk,4,3,2a sıralamaya göre yeniden (290 mantığı),2.84,20260612000318_soru_zorluk_yeniden_sirala
9e072d1d-8d44-4aac-8e48-cfa592322e05,questions.zorluk,3,4,2a sıralamaya göre yeniden (290 mantığı),3.34,20260612000318_soru_zorluk_yeniden_sirala
aa9a7fbd-2e6f-4a1d-b2dd-b6399de1286e,questions.zorluk,4,5,2a sıralamaya göre yeniden (290 mantığı),3.99,20260612000318_soru_zorluk_yeniden_sirala
c1e7492d-bdd0-4709-adb4-638b0bbd9d73,questions.zorluk,2,3,2a sıralamaya göre yeniden (290 mantığı),2.22,20260612000318_soru_zorluk_yeniden_sirala
cfe2b762-b863-4ff3-b626-1e1b4b91c7c7,questions.zorluk,2,3,2a sıralamaya göre yeniden (290 mantığı),2.21,20260612000318_soru_zorluk_yeniden_sirala
d4cc6e52-b9ce-47ee-93ad-fb83f0bfb9c6,questions.zorluk,4,3,2a sıralamaya göre yeniden (290 mantığı),2.86,20260612000318_soru_zorluk_yeniden_sirala
e533ff44-390b-4b8e-8189-7df6b0c6f1fc,questions.zorluk,5,4,2a sıralamaya göre yeniden (290 mantığı),3.54,20260612000318_soru_zorluk_yeniden_sirala
e6262925-acc2-4544-9a34-2e0d2c6d8ca2,questions.zorluk,4,3,2a sıralamaya göre yeniden (290 mantığı),2.83,20260612000318_soru_zorluk_yeniden_sirala
f12d9e3c-df1f-4ae3-9938-4bb32690e64f,questions.zorluk,4,3,2a sıralamaya göre yeniden (290 mantığı),2.99,20260612000318_soru_zorluk_yeniden_sirala
f64658f7-36bf-447e-8c8d-6f75abc09fe4,questions.zorluk,4,3,2a sıralamaya göre yeniden (290 mantığı),2.88,20260612000318_soru_zorluk_yeniden_sirala
f9235c8b-05d7-480e-91bf-25770e9a8588,questions.zorluk,3,4,2a sıralamaya göre yeniden (290 mantığı),3.18,20260612000318_soru_zorluk_yeniden_sirala
c58e4d71-ff5a-448b-add3-5fc38f720e23,questions.zorluk,3,2,2a sıralamaya göre yeniden (290 mantığı),2.03,20260612000318_soru_zorluk_yeniden_sirala
c61e2509-b7f8-44ed-baad-0dddcf1ea45c,questions.zorluk,5,4,2a sıralamaya göre yeniden (290 mantığı),3.57,20260612000318_soru_zorluk_yeniden_sirala
cfbc8357-035a-4e36-ab6d-7e185cb3907a,questions.zorluk,3,2,2a sıralamaya göre yeniden (290 mantığı),2.05,20260612000318_soru_zorluk_yeniden_sirala
c712e199-2e5e-4d11-8060-133f8e99bee5,questions.zorluk,3,2,2a sıralamaya göre yeniden (290 mantığı),2.07,20260612000318_soru_zorluk_yeniden_sirala
cd446f9d-34c7-4bf9-8e42-1f711cb3bd49,questions.zorluk,5,4,2a sıralamaya göre yeniden (290 mantığı),3.53,20260612000318_soru_zorluk_yeniden_sirala
c2d09587-6957-48a2-8bee-8dc98ba26414,questions.zorluk,3,2,2a sıralamaya göre yeniden (290 mantığı),2.08,20260612000318_soru_zorluk_yeniden_sirala
cccaec8c-a799-4454-b70d-a4eeecb4f75a,questions.zorluk,4,3,2a sıralamaya göre yeniden (290 mantığı),2.82,20260612000318_soru_zorluk_yeniden_sirala
cd92b840-bf51-49c2-9507-f660e22c762d,questions.zorluk,4,3,2a sıralamaya göre yeniden (290 mantığı),2.96,20260612000318_soru_zorluk_yeniden_sirala
c86a843e-e2ae-4eec-b168-78f6fa151f59,questions.zorluk,3,2,2a sıralamaya göre yeniden (290 mantığı),2.12,20260612000318_soru_zorluk_yeniden_sirala
ca5b10ee-a2da-4df5-8414-dcde7fab4961,questions.zorluk,4,3,2a sıralamaya göre yeniden (290 mantığı),2.99,20260612000318_soru_zorluk_yeniden_sirala
cc0dcf86-60b6-4067-8470-9a9be84a5725,questions.zorluk,4,3,2a sıralamaya göre yeniden (290 mantığı),2.85,20260612000318_soru_zorluk_yeniden_sirala
c5c282f4-dc7d-4f0d-8e7f-0f473200defb,questions.zorluk,4,3,2a sıralamaya göre yeniden (290 mantığı),2.9,20260612000318_soru_zorluk_yeniden_sirala
d8fdb080-6321-4709-b31f-7459f32854e8,questions.zorluk,2,1,2a sıralamaya göre yeniden (290 mantığı),1.66,20260612000318_soru_zorluk_yeniden_sirala
d90f2749-d5af-414a-9c41-e2bd35979893,questions.zorluk,4,3,2a sıralamaya göre yeniden (290 mantığı),2.96,20260612000318_soru_zorluk_yeniden_sirala
d6c41702-5f04-42f3-9908-929ab1e2d4ee,questions.zorluk,5,4,2a sıralamaya göre yeniden (290 mantığı),3.5,20260612000318_soru_zorluk_yeniden_sirala
d0fe47bf-f37b-4c80-99dd-340cf8ba7eb2,questions.zorluk,4,3,2a sıralamaya göre yeniden (290 mantığı),2.82,20260612000318_soru_zorluk_yeniden_sirala
0f0670f8-1e2a-4ed1-8d9a-35a6d67da306,questions.zorluk,5,3,2a sıralamaya göre yeniden (290 mantığı),3.05,20260612000318_soru_zorluk_yeniden_sirala
d855bd85-07b1-4219-8772-8754f8b80c71,questions.zorluk,4,3,2a sıralamaya göre yeniden (290 mantığı),2.85,20260612000318_soru_zorluk_yeniden_sirala
d49905d2-0ab3-4f08-9241-38dd87f3b1d2,questions.zorluk,3,2,2a sıralamaya göre yeniden (290 mantığı),2.04,20260612000318_soru_zorluk_yeniden_sirala
3856cf67-a99b-4fd7-a768-534a7cc2600e,questions.zorluk,4,3,2a sıralamaya göre yeniden (290 mantığı),3.04,20260612000318_soru_zorluk_yeniden_sirala
4402f8e6-2479-4eaa-84a7-637457d9bbee,questions.zorluk,3,2,2a sıralamaya göre yeniden (290 mantığı),2.09,20260612000318_soru_zorluk_yeniden_sirala
4f5ae38e-1e3b-4c7b-9624-49bbff372228,questions.zorluk,2,1,2a sıralamaya göre yeniden (290 mantığı),1.7,20260612000318_soru_zorluk_yeniden_sirala
63a993a7-f85c-4c4a-b060-e946e1e8fe4a,questions.zorluk,3,4,2a sıralamaya göre yeniden (290 mantığı),3.31,20260612000318_soru_zorluk_yeniden_sirala
6520d85c-be5e-47ef-b7e0-a39a202667d7,questions.zorluk,2,3,2a sıralamaya göre yeniden (290 mantığı),2.24,20260612000318_soru_zorluk_yeniden_sirala
65f91191-73c3-4d7b-b595-51c2ba626276,questions.zorluk,4,3,2a sıralamaya göre yeniden (290 mantığı),2.84,20260612000318_soru_zorluk_yeniden_sirala
c24c59cb-1825-4d0c-823a-fefb03ea66ae,questions.zorluk,2,3,2a sıralamaya göre yeniden (290 mantığı),2.59,20260612000318_soru_zorluk_yeniden_sirala
50980c01-29f9-4128-9e63-f0443f77dfae,questions.zorluk,3,2,2a sıralamaya göre yeniden (290 mantığı),2.06,20260612000318_soru_zorluk_yeniden_sirala
f07d887f-eb8e-4893-a2c3-a5e5947a3c6a,questions.zorluk,2,3,2a sıralamaya göre yeniden (290 mantığı),2.24,20260612000318_soru_zorluk_yeniden_sirala
f4be2f43-7616-4f2b-8e7d-38bd33493d5b,questions.zorluk,3,2,2a sıralamaya göre yeniden (290 mantığı),2.03,20260612000318_soru_zorluk_yeniden_sirala
5f688b73-856c-4c49-86fd-244c94ea4b52,questions.zorluk,3,2,2a sıralamaya göre yeniden (290 mantığı),2.04,20260612000318_soru_zorluk_yeniden_sirala
5f53d1f9-96e1-4c17-9e35-fcb40f6d5f52,questions.zorluk,3,2,2a sıralamaya göre yeniden (290 mantığı),2.04,20260612000318_soru_zorluk_yeniden_sirala
d6fed4ce-9b80-493a-8b59-b10727ee7544,questions.zorluk,4,3,2a sıralamaya göre yeniden (290 mantığı),3.01,20260612000318_soru_zorluk_yeniden_sirala
67a85f02-7b3c-4420-b983-a1f82fa52546,questions.zorluk,3,2,2a sıralamaya göre yeniden (290 mantığı),2.03,20260612000318_soru_zorluk_yeniden_sirala
68539bd2-3ab7-4ac4-9816-987a7a1726fe,questions.zorluk,3,2,2a sıralamaya göre yeniden (290 mantığı),2.11,20260612000318_soru_zorluk_yeniden_sirala
69d1207d-337f-4ffd-8ef0-d04e963dcdc5,questions.zorluk,3,2,2a sıralamaya göre yeniden (290 mantığı),2.09,20260612000318_soru_zorluk_yeniden_sirala
3aec3d2f-347c-4ab3-8271-a24ed63003b8,questions.zorluk,2,3,2a sıralamaya göre yeniden (290 mantığı),2.23,20260612000318_soru_zorluk_yeniden_sirala
6c856d79-a592-4add-9eab-ee845dbf286a,questions.zorluk,2,3,2a sıralamaya göre yeniden (290 mantığı),2.5,20260612000318_soru_zorluk_yeniden_sirala
746dfce9-54f3-4900-a9c1-86472844e3ee,questions.zorluk,3,2,2a sıralamaya göre yeniden (290 mantığı),2.06,20260612000318_soru_zorluk_yeniden_sirala
6bb0d0af-2334-4874-bfa5-513add6a8579,questions.zorluk,3,2,2a sıralamaya göre yeniden (290 mantığı),2.03,20260612000318_soru_zorluk_yeniden_sirala
a99e9745-14d3-4b2d-8f81-f6d2dc7a28a5,questions.zorluk,4,3,2a sıralamaya göre yeniden (290 mantığı),2.32,20260612000318_soru_zorluk_yeniden_sirala
b495af6b-33f5-4370-bce3-4623370de477,questions.zorluk,2,3,2a sıralamaya göre yeniden (290 mantığı),2.23,20260612000318_soru_zorluk_yeniden_sirala
d872062a-09b3-4878-b8d0-f3075f56fb44,questions.zorluk,5,4,2a sıralamaya göre yeniden (290 mantığı),3.5,20260612000318_soru_zorluk_yeniden_sirala
b7b028e6-b829-46e7-b562-d57a4e1841b5,questions.zorluk,4,5,2a sıralamaya göre yeniden (290 mantığı),3.77,20260612000318_soru_zorluk_yeniden_sirala
7f79ac23-d7e6-4f58-b2a8-8ac353371d1a,questions.zorluk,3,2,2a sıralamaya göre yeniden (290 mantığı),2.12,20260612000318_soru_zorluk_yeniden_sirala
dbd65543-c42c-4933-9e15-f2e2bc87ecd9,questions.zorluk,1,2,2a sıralamaya göre yeniden (290 mantığı),1.97,20260612000318_soru_zorluk_yeniden_sirala
d7d20735-5f26-4d56-8edb-feb4ff4ae89a,questions.zorluk,3,2,2a sıralamaya göre yeniden (290 mantığı),2.04,20260612000318_soru_zorluk_yeniden_sirala
3c25f856-bf61-44ad-bf66-be7bdd8a8db1,questions.zorluk,3,2,2a sıralamaya göre yeniden (290 mantığı),2.09,20260612000318_soru_zorluk_yeniden_sirala
ac705c5c-f598-4e35-8746-0419f118f163,questions.zorluk,3,2,2a sıralamaya göre yeniden (290 mantığı),2.03,20260612000318_soru_zorluk_yeniden_sirala
d26f1c5b-7ccb-428f-9833-fb9097c0d9dd,questions.zorluk,5,4,2a sıralamaya göre yeniden (290 mantığı),3.61,20260612000318_soru_zorluk_yeniden_sirala
bd76ab59-7606-406b-b3f6-b5d6a7d73b85,questions.zorluk,3,2,2a sıralamaya göre yeniden (290 mantığı),2.06,20260612000318_soru_zorluk_yeniden_sirala
c1545673-877c-413d-a51a-58facadce18e,questions.zorluk,3,2,2a sıralamaya göre yeniden (290 mantığı),2.11,20260612000318_soru_zorluk_yeniden_sirala
bc16bb2b-2d97-40bb-a9b9-d8ab38f61d0b,questions.zorluk,3,2,2a sıralamaya göre yeniden (290 mantığı),2.12,20260612000318_soru_zorluk_yeniden_sirala
debccd72-1abd-4d7a-9668-068c60268bb3,questions.zorluk,3,2,2a sıralamaya göre yeniden (290 mantığı),2.08,20260612000318_soru_zorluk_yeniden_sirala
e508540c-7b4b-4166-947c-e5c4ad68205a,questions.zorluk,3,2,2a sıralamaya göre yeniden (290 mantığı),2.07,20260612000318_soru_zorluk_yeniden_sirala
0363541a-d2b1-4c97-bca3-34a9c185721a,questions.zorluk,4,3,2a sıralamaya göre yeniden (290 mantığı),2.63,20260612000318_soru_zorluk_yeniden_sirala
0401298b-47ba-4dd7-b37b-f8ec08d87df6,questions.zorluk,3,2,2a sıralamaya göre yeniden (290 mantığı),2.11,20260612000318_soru_zorluk_yeniden_sirala
de9c6540-17c4-4d5e-9938-59d33d188ddd,questions.zorluk,2,1,2a sıralamaya göre yeniden (290 mantığı),1.69,20260612000318_soru_zorluk_yeniden_sirala
131f1408-fb4e-4138-a58b-0670c6ca2b0b,questions.zorluk,3,4,2a sıralamaya göre yeniden (290 mantığı),3.14,20260612000318_soru_zorluk_yeniden_sirala
197fb2e6-9af4-4e6a-ab3e-4518c893f766,questions.zorluk,4,3,2a sıralamaya göre yeniden (290 mantığı),2.97,20260612000318_soru_zorluk_yeniden_sirala
e4e383dd-8f39-4a98-bc95-c26f353cada6,questions.zorluk,3,2,2a sıralamaya göre yeniden (290 mantığı),2.04,20260612000318_soru_zorluk_yeniden_sirala
dff58540-f2a7-469e-a371-4438ea9b9d72,questions.zorluk,3,2,2a sıralamaya göre yeniden (290 mantığı),2.05,20260612000318_soru_zorluk_yeniden_sirala
3880dde8-158b-49f1-b40d-54b4c9faaa9f,questions.zorluk,5,4,2a sıralamaya göre yeniden (290 mantığı),3.28,20260612000318_soru_zorluk_yeniden_sirala
f17e64f3-890c-4a46-b7d6-139a26ecb0da,questions.zorluk,3,2,2a sıralamaya göre yeniden (290 mantığı),2.11,20260612000318_soru_zorluk_yeniden_sirala
f87d9f7d-5c39-4824-8ea3-8490b3003722,questions.zorluk,3,2,2a sıralamaya göre yeniden (290 mantığı),2.07,20260612000318_soru_zorluk_yeniden_sirala
ea556b07-a6c5-46cf-90ab-4b1772d57dd9,questions.zorluk,2,1,2a sıralamaya göre yeniden (290 mantığı),1.67,20260612000318_soru_zorluk_yeniden_sirala
e827ff67-881f-4933-8825-e69ae6bc3d4a,questions.zorluk,4,3,2a sıralamaya göre yeniden (290 mantığı),2.83,20260612000318_soru_zorluk_yeniden_sirala
e85dbcaf-46d8-4000-b547-55356d7eea83,questions.zorluk,4,3,2a sıralamaya göre yeniden (290 mantığı),2.84,20260612000318_soru_zorluk_yeniden_sirala
f8a33cf2-3ac0-478b-918f-d91912a5c3e5,questions.zorluk,3,2,2a sıralamaya göre yeniden (290 mantığı),2.07,20260612000318_soru_zorluk_yeniden_sirala
7a0b7c56-5741-411a-844d-fb8da1485f35,questions.zorluk,5,3,2a sıralamaya göre yeniden (290 mantığı),3.03,20260612000318_soru_zorluk_yeniden_sirala
fb77343b-dad2-47e4-988b-fe65e8eaad0f,questions.zorluk,3,2,2a sıralamaya göre yeniden (290 mantığı),2.12,20260612000318_soru_zorluk_yeniden_sirala
b9d690f9-ea1a-4348-9c33-8ea3f77cdf09,questions.zorluk,3,2,2a sıralamaya göre yeniden (290 mantığı),2.04,20260612000318_soru_zorluk_yeniden_sirala
497070b2-c5aa-424a-8cf4-615a7d62cd37,questions.zorluk,3,2,2a sıralamaya göre yeniden (290 mantığı),2.03,20260612000318_soru_zorluk_yeniden_sirala
cdc650ad-6433-40b9-bc89-83bb27082faa,questions.zorluk,5,4,2a sıralamaya göre yeniden (290 mantığı),3.57,20260612000318_soru_zorluk_yeniden_sirala
d0558e54-6ed6-4270-8f43-10c716cae140,questions.zorluk,5,4,2a sıralamaya göre yeniden (290 mantığı),3.54,20260612000318_soru_zorluk_yeniden_sirala
c7c9c7ea-2f37-43f1-a539-70945099e01f,questions.zorluk,5,4,2a sıralamaya göre yeniden (290 mantığı),3.5,20260612000318_soru_zorluk_yeniden_sirala
e3d1cf90-ee2d-49fe-8309-febe189f0e2e,questions.zorluk,3,2,2a sıralamaya göre yeniden (290 mantığı),2.08,20260612000318_soru_zorluk_yeniden_sirala
d0e22222-8074-42fb-b927-0e6b81671f96,questions.zorluk,3,2,2a sıralamaya göre yeniden (290 mantığı),2.1,20260612000318_soru_zorluk_yeniden_sirala
deed6efe-8e1f-4661-b762-fdd9613bb469,questions.zorluk,4,3,2a sıralamaya göre yeniden (290 mantığı),2.98,20260612000318_soru_zorluk_yeniden_sirala
e15644f2-3d33-428a-bf88-a142694d3261,questions.zorluk,5,4,2a sıralamaya göre yeniden (290 mantığı),3.16,20260612000318_soru_zorluk_yeniden_sirala
936e03e4-c669-42ae-9afb-d1d08db9ea2b,questions.zorluk,3,2,2a sıralamaya göre yeniden (290 mantığı),2.12,20260612000318_soru_zorluk_yeniden_sirala
db7e2a14-50ce-47e5-8a23-b487cc2d9b0b,questions.zorluk,3,2,2a sıralamaya göre yeniden (290 mantığı),2.04,20260612000318_soru_zorluk_yeniden_sirala
021edc4f-a7ac-4097-9ccf-46e8866e7ead,questions.zorluk,4,3,2a sıralamaya göre yeniden (290 mantığı),2.62,20260612000318_soru_zorluk_yeniden_sirala
18116f38-5708-4a90-9fc2-d0dfc39cf0c0,questions.zorluk,2,1,2a sıralamaya göre yeniden (290 mantığı),1.05,20260612000318_soru_zorluk_yeniden_sirala
28757fef-e73f-4ff1-b303-60eeb66f673a,questions.zorluk,5,3,2a sıralamaya göre yeniden (290 mantığı),2.9,20260612000318_soru_zorluk_yeniden_sirala
2d476c5f-1b71-4971-9f18-1a291e8b0a82,questions.zorluk,5,4,2a sıralamaya göre yeniden (290 mantığı),3.57,20260612000318_soru_zorluk_yeniden_sirala
2ec21c17-dcf5-453c-b840-bc4f989104e6,questions.zorluk,4,3,2a sıralamaya göre yeniden (290 mantığı),2.68,20260612000318_soru_zorluk_yeniden_sirala
b9a13847-dfff-4b39-a5d8-27241cb5c996,questions.zorluk,3,2,2a sıralamaya göre yeniden (290 mantığı),2.08,20260612000318_soru_zorluk_yeniden_sirala
54fc0af1-3e90-4709-ab94-5585ef4a0737,questions.zorluk,2,3,2a sıralamaya göre yeniden (290 mantığı),2.24,20260612000318_soru_zorluk_yeniden_sirala
e90fa9f6-3993-4a20-91c3-836958f59704,questions.zorluk,3,2,2a sıralamaya göre yeniden (290 mantığı),2.04,20260612000318_soru_zorluk_yeniden_sirala
9050520b-1681-4e86-b687-fb6268cd5661,questions.zorluk,2,3,2a sıralamaya göre yeniden (290 mantığı),2.77,20260612000318_soru_zorluk_yeniden_sirala
922b77e1-d27e-4d2f-a103-74f9079346c4,questions.zorluk,4,3,2a sıralamaya göre yeniden (290 mantığı),2.62,20260612000318_soru_zorluk_yeniden_sirala
b77c4fd6-5402-4df7-aecc-829a9a7e09e1,questions.zorluk,4,3,2a sıralamaya göre yeniden (290 mantığı),2.96,20260612000318_soru_zorluk_yeniden_sirala
eafc5da1-1ac3-49e6-a52b-102088fd516e,questions.zorluk,5,3,2a sıralamaya göre yeniden (290 mantığı),2.99,20260612000318_soru_zorluk_yeniden_sirala
b9f88581-f937-49bc-97b5-c3a14b68f11d,questions.zorluk,4,3,2a sıralamaya göre yeniden (290 mantığı),3.06,20260612000318_soru_zorluk_yeniden_sirala
f2aabf0d-1eab-4ed4-abd1-8ec489d931c6,questions.zorluk,2,1,2a sıralamaya göre yeniden (290 mantığı),1.73,20260612000318_soru_zorluk_yeniden_sirala
15c77a4e-7fa6-4f36-b18f-9523185a41b3,questions.zorluk,3,2,2a sıralamaya göre yeniden (290 mantığı),2.06,20260612000318_soru_zorluk_yeniden_sirala
e453bdee-eb80-4bcb-9bf0-fc91fd25e1c6,questions.zorluk,5,4,2a sıralamaya göre yeniden (290 mantığı),3.5,20260612000318_soru_zorluk_yeniden_sirala
06c45a81-1d11-4540-a168-16f6fe66007a,questions.zorluk,2,3,2a sıralamaya göre yeniden (290 mantığı),2.44,20260612000318_soru_zorluk_yeniden_sirala
0a77bfa3-01f2-442a-a9f3-feec48dba7f9,questions.zorluk,5,4,2a sıralamaya göre yeniden (290 mantığı),3.63,20260612000318_soru_zorluk_yeniden_sirala
0c3738be-e031-4bee-8ea8-9829cfca78b3,questions.zorluk,3,2,2a sıralamaya göre yeniden (290 mantığı),2.03,20260612000318_soru_zorluk_yeniden_sirala
2c79e9a1-0217-4b2c-a8b7-c4be0790ad5f,questions.zorluk,2,3,2a sıralamaya göre yeniden (290 mantığı),2.24,20260612000318_soru_zorluk_yeniden_sirala
ef63056e-1483-4947-b9b1-d0702701ff97,questions.zorluk,4,3,2a sıralamaya göre yeniden (290 mantığı),2.95,20260612000318_soru_zorluk_yeniden_sirala
65fed6f7-621e-4380-8dd8-46662f7c4432,questions.zorluk,5,4,2a sıralamaya göre yeniden (290 mantığı),3.29,20260612000318_soru_zorluk_yeniden_sirala
0cc25d76-a03a-42a5-b04b-002334d522cd,questions.zorluk,5,4,2a sıralamaya göre yeniden (290 mantığı),3.51,20260612000318_soru_zorluk_yeniden_sirala
18826bcd-d97c-401f-87a3-5fe9ad8ca129,questions.zorluk,4,3,2a sıralamaya göre yeniden (290 mantığı),2.85,20260612000318_soru_zorluk_yeniden_sirala
f2d92f35-2800-443c-a84d-84f65e476aed,questions.zorluk,4,3,2a sıralamaya göre yeniden (290 mantığı),2.82,20260612000318_soru_zorluk_yeniden_sirala
7f69ea05-c86e-4822-b31c-93ac7100b6ea,questions.zorluk,5,4,2a sıralamaya göre yeniden (290 mantığı),3.14,20260612000318_soru_zorluk_yeniden_sirala
ee02943b-a9b1-48ee-915b-91c3be146523,questions.zorluk,2,1,2a sıralamaya göre yeniden (290 mantığı),1.66,20260612000318_soru_zorluk_yeniden_sirala
c14f7924-9790-44c6-9e78-0fbf2a446e1a,questions.zorluk,3,4,2a sıralamaya göre yeniden (290 mantığı),3.11,20260612000318_soru_zorluk_yeniden_sirala
d9342cf8-2223-4c77-86fa-84545a4daef8,questions.zorluk,5,3,2a sıralamaya göre yeniden (290 mantığı),3.06,20260612000318_soru_zorluk_yeniden_sirala
f55fb934-3750-470c-a719-1a827df63520,questions.zorluk,4,3,2a sıralamaya göre yeniden (290 mantığı),2.33,20260612000318_soru_zorluk_yeniden_sirala
4cc1b732-9283-4b6f-93ff-9253011253ab,questions.zorluk,4,3,2a sıralamaya göre yeniden (290 mantığı),3.06,20260612000318_soru_zorluk_yeniden_sirala
54882261-79e1-47d3-a5a6-3fb87c1a7da1,questions.zorluk,4,3,2a sıralamaya göre yeniden (290 mantığı),2.96,20260612000318_soru_zorluk_yeniden_sirala
6bdbd857-d789-4145-94ab-0968e70e1f44,questions.zorluk,5,4,2a sıralamaya göre yeniden (290 mantığı),3.62,20260612000318_soru_zorluk_yeniden_sirala
c3c01af6-6222-45b0-b946-67acb843eba0,questions.zorluk,4,3,2a sıralamaya göre yeniden (290 mantığı),2.97,20260612000318_soru_zorluk_yeniden_sirala
c8a83f82-dd39-453b-89e0-e615f9416549,questions.zorluk,4,3,2a sıralamaya göre yeniden (290 mantığı),2.91,20260612000318_soru_zorluk_yeniden_sirala
5708c916-8015-4f11-a3e7-661c1e6ceaee,questions.zorluk,5,4,2a sıralamaya göre yeniden (290 mantığı),3.52,20260612000318_soru_zorluk_yeniden_sirala
7747b72c-a801-4a48-b397-c806c9f1ab36,questions.zorluk,4,3,2a sıralamaya göre yeniden (290 mantığı),3.05,20260612000318_soru_zorluk_yeniden_sirala
97514cec-6084-463c-a960-46c685e0b0da,questions.zorluk,4,3,2a sıralamaya göre yeniden (290 mantığı),2.91,20260612000318_soru_zorluk_yeniden_sirala
9fefa171-b8ed-4619-9a57-01ea3c143aaa,questions.zorluk,4,3,2a sıralamaya göre yeniden (290 mantığı),2.99,20260612000318_soru_zorluk_yeniden_sirala
dd6fd7f9-2555-46ef-82ba-37b7752faaeb,questions.zorluk,5,4,2a sıralamaya göre yeniden (290 mantığı),3.65,20260612000318_soru_zorluk_yeniden_sirala
e7ca5bef-2f10-472c-b6e4-c00ff6e749ea,questions.zorluk,3,2,2a sıralamaya göre yeniden (290 mantığı),2.08,20260612000318_soru_zorluk_yeniden_sirala
e62f0c00-2188-47a0-ba43-8b687d9f84d3,questions.zorluk,3,2,2a sıralamaya göre yeniden (290 mantığı),2.03,20260612000318_soru_zorluk_yeniden_sirala
ddc16128-448a-44eb-8b58-9264dbb45460,questions.zorluk,5,4,2a sıralamaya göre yeniden (290 mantığı),3.58,20260612000318_soru_zorluk_yeniden_sirala
356e9be0-b7f2-45f0-9777-1caaf092de21,questions.zorluk,4,3,2a sıralamaya göre yeniden (290 mantığı),2.91,20260612000318_soru_zorluk_yeniden_sirala
42874d3a-05ab-48ed-a05f-1f42a5975cc1,questions.zorluk,4,3,2a sıralamaya göre yeniden (290 mantığı),2.92,20260612000318_soru_zorluk_yeniden_sirala
4bd6af2d-3e34-4ff1-bf64-e24f487da599,questions.zorluk,5,4,2a sıralamaya göre yeniden (290 mantığı),3.57,20260612000318_soru_zorluk_yeniden_sirala
5f78a987-306e-48e5-982c-ef80d30cfb8e,questions.zorluk,4,3,2a sıralamaya göre yeniden (290 mantığı),3.04,20260612000318_soru_zorluk_yeniden_sirala
9c115483-036b-4855-827a-6bb731f85655,questions.zorluk,5,4,2a sıralamaya göre yeniden (290 mantığı),3.53,20260612000318_soru_zorluk_yeniden_sirala
acb40dc9-481c-4a85-bcb8-0cf5dc1f8d37,questions.zorluk,5,4,2a sıralamaya göre yeniden (290 mantığı),3.64,20260612000318_soru_zorluk_yeniden_sirala
bda7b3f4-d929-4f11-8774-5327440245fb,questions.zorluk,5,4,2a sıralamaya göre yeniden (290 mantığı),3.55,20260612000318_soru_zorluk_yeniden_sirala
c39c0b55-7845-4866-84f7-0487b7ba6960,questions.zorluk,5,4,2a sıralamaya göre yeniden (290 mantığı),3.64,20260612000318_soru_zorluk_yeniden_sirala
d7a7ccdb-9cb8-4d9c-ae14-49c42fc1e1ee,questions.zorluk,4,3,2a sıralamaya göre yeniden (290 mantığı),3.01,20260612000318_soru_zorluk_yeniden_sirala
f2888556-b06c-4a3f-9dda-0197c618f5c3,questions.zorluk,5,4,2a sıralamaya göre yeniden (290 mantığı),3.57,20260612000318_soru_zorluk_yeniden_sirala
e1a84ac5-87bf-40cd-ac54-3d73d06a37a5,questions.zorluk,4,3,2a sıralamaya göre yeniden (290 mantığı),3.05,20260612000318_soru_zorluk_yeniden_sirala
1cb29d7f-e5e9-421b-af8b-0b2a2964ffc1,questions.zorluk,4,3,2a sıralamaya göre yeniden (290 mantığı),2.93,20260612000318_soru_zorluk_yeniden_sirala
2b9645e7-60cd-42fb-a323-21cfc57dfc3b,questions.zorluk,3,4,2a sıralamaya göre yeniden (290 mantığı),3.29,20260612000318_soru_zorluk_yeniden_sirala
31221d8e-546e-4f74-8297-e12b9933a0d9,questions.zorluk,5,4,2a sıralamaya göre yeniden (290 mantığı),3.6,20260612000318_soru_zorluk_yeniden_sirala
e6a25758-dfcd-477f-b5a5-2b204bc667c1,questions.zorluk,4,3,2a sıralamaya göre yeniden (290 mantığı),2.85,20260612000318_soru_zorluk_yeniden_sirala
358de893-4b02-4289-ae50-32b08ab262f0,questions.zorluk,4,5,2a sıralamaya göre yeniden (290 mantığı),3.86,20260612000318_soru_zorluk_yeniden_sirala
03ef6080-b327-43e7-a8e3-d7657acbc003,questions.zorluk,4,5,2a sıralamaya göre yeniden (290 mantığı),3.76,20260612000318_soru_zorluk_yeniden_sirala
0489d423-def7-4cc8-9180-a1176603f3c5,questions.zorluk,4,5,2a sıralamaya göre yeniden (290 mantığı),3.71,20260612000318_soru_zorluk_yeniden_sirala
3b0e3edb-e06e-42e8-8b25-f8694717695a,questions.zorluk,4,5,2a sıralamaya göre yeniden (290 mantığı),3.85,20260612000318_soru_zorluk_yeniden_sirala
f26a040e-a292-4606-9169-dd3921065138,questions.zorluk,3,2,2a sıralamaya göre yeniden (290 mantığı),2.04,20260612000318_soru_zorluk_yeniden_sirala
096fe497-88b0-408e-8aeb-e1ebd85eec90,questions.zorluk,3,4,2a sıralamaya göre yeniden (290 mantığı),3.31,20260612000318_soru_zorluk_yeniden_sirala
0ad78ad5-4765-4335-9ba6-36dfff17f4d5,questions.zorluk,5,4,2a sıralamaya göre yeniden (290 mantığı),3.39,20260612000318_soru_zorluk_yeniden_sirala
0d552775-2ee1-4415-9180-eb31ebe998bc,questions.zorluk,5,4,2a sıralamaya göre yeniden (290 mantığı),3.48,20260612000318_soru_zorluk_yeniden_sirala
0f1dc5e7-72d4-4c02-b301-922b5930001a,questions.zorluk,2,3,2a sıralamaya göre yeniden (290 mantığı),2.54,20260612000318_soru_zorluk_yeniden_sirala
12928c9e-d670-4eea-954c-039575445a72,questions.zorluk,3,2,2a sıralamaya göre yeniden (290 mantığı),2.08,20260612000318_soru_zorluk_yeniden_sirala
156854e4-e90e-4cc2-b176-2ff42f460a1e,questions.zorluk,3,4,2a sıralamaya göre yeniden (290 mantığı),3.09,20260612000318_soru_zorluk_yeniden_sirala
3cac0b51-1e4d-4574-8bdc-25c65980afaf,questions.zorluk,5,4,2a sıralamaya göre yeniden (290 mantığı),3.47,20260612000318_soru_zorluk_yeniden_sirala
1707f334-be39-4ef4-85d5-6cbe58b73fa7,questions.zorluk,2,3,2a sıralamaya göre yeniden (290 mantığı),2.58,20260612000318_soru_zorluk_yeniden_sirala
191e918e-7a4a-4a1a-8e1a-47efc10dae00,questions.zorluk,3,4,2a sıralamaya göre yeniden (290 mantığı),3.14,20260612000318_soru_zorluk_yeniden_sirala
19d186ad-3e07-449e-929a-5248dcafc521,questions.zorluk,5,3,2a sıralamaya göre yeniden (290 mantığı),2.97,20260612000318_soru_zorluk_yeniden_sirala
f7323df8-cc17-42c6-ae87-944d97a62a22,questions.zorluk,5,4,2a sıralamaya göre yeniden (290 mantığı),3.47,20260612000318_soru_zorluk_yeniden_sirala
f767b244-297f-4ea0-833f-41c87364a77d,questions.zorluk,3,2,2a sıralamaya göre yeniden (290 mantığı),2.06,20260612000318_soru_zorluk_yeniden_sirala
1ccb26d5-9fbd-4201-952e-f795763f3909,questions.zorluk,4,3,2a sıralamaya göre yeniden (290 mantığı),2.72,20260612000318_soru_zorluk_yeniden_sirala
f49d733b-e210-4c4b-a163-747116689fc1,questions.zorluk,3,2,2a sıralamaya göre yeniden (290 mantığı),2.1,20260612000318_soru_zorluk_yeniden_sirala
248bdc74-0165-4c68-806e-7498fe38a057,questions.zorluk,4,5,2a sıralamaya göre yeniden (290 mantığı),3.83,20260612000318_soru_zorluk_yeniden_sirala
25d3d2d1-87d4-4e42-acbd-04166655067c,questions.zorluk,2,3,2a sıralamaya göre yeniden (290 mantığı),2.38,20260612000318_soru_zorluk_yeniden_sirala
2603acc0-86f0-4d55-b586-1477ef6e3a1b,questions.zorluk,4,3,2a sıralamaya göre yeniden (290 mantığı),2.8,20260612000318_soru_zorluk_yeniden_sirala
2820e471-cc71-4697-9094-9d4de2514f04,questions.zorluk,5,4,2a sıralamaya göre yeniden (290 mantığı),3.28,20260612000318_soru_zorluk_yeniden_sirala
28af0072-6d03-4b08-9414-3d50b53b52af,questions.zorluk,2,3,2a sıralamaya göre yeniden (290 mantığı),2.18,20260612000318_soru_zorluk_yeniden_sirala
28ca863e-4f94-44d7-b1c9-53cd165f3700,questions.zorluk,2,3,2a sıralamaya göre yeniden (290 mantığı),2.6,20260612000318_soru_zorluk_yeniden_sirala
4236dfbd-8f91-4e07-a5b5-a3601a49620e,questions.zorluk,4,5,2a sıralamaya göre yeniden (290 mantığı),3.68,20260612000318_soru_zorluk_yeniden_sirala
32f3e982-8cac-4bd6-89ff-fae292c8a568,questions.zorluk,4,5,2a sıralamaya göre yeniden (290 mantığı),3.84,20260612000318_soru_zorluk_yeniden_sirala
32f89078-86be-48de-9108-f2239e2500d7,questions.zorluk,1,2,2a sıralamaya göre yeniden (290 mantığı),1.95,20260612000318_soru_zorluk_yeniden_sirala
3624b0fb-86fc-42bb-bc68-7f8a2e2b5980,questions.zorluk,4,5,2a sıralamaya göre yeniden (290 mantığı),3.66,20260612000318_soru_zorluk_yeniden_sirala
36d539cc-a3c9-4397-ad13-9b7bce8381f4,questions.zorluk,5,4,2a sıralamaya göre yeniden (290 mantığı),3.6,20260612000318_soru_zorluk_yeniden_sirala
3e6d414f-31fe-4efc-b3e9-6eaf2e6f9911,questions.zorluk,5,4,2a sıralamaya göre yeniden (290 mantığı),3.51,20260612000318_soru_zorluk_yeniden_sirala
3ffc28c4-cf51-4d4a-b43c-5cb32ec8b0be,questions.zorluk,3,4,2a sıralamaya göre yeniden (290 mantığı),3.32,20260612000318_soru_zorluk_yeniden_sirala
410aa98a-c6da-4ff0-9a78-c4e1313e6c6c,questions.zorluk,5,4,2a sıralamaya göre yeniden (290 mantığı),3.22,20260612000318_soru_zorluk_yeniden_sirala
42a283a4-b167-4bbb-a282-111d1d2af873,questions.zorluk,3,4,2a sıralamaya göre yeniden (290 mantığı),3.28,20260612000318_soru_zorluk_yeniden_sirala
4a3e838c-5cf3-41a8-b04d-b00c41647a89,questions.zorluk,3,4,2a sıralamaya göre yeniden (290 mantığı),3.24,20260612000318_soru_zorluk_yeniden_sirala
326a1982-f69b-4261-9fc4-fb738bb80b33,questions.zorluk,2,3,2a sıralamaya göre yeniden (290 mantığı),2.36,20260612000318_soru_zorluk_yeniden_sirala
48f5cbc0-1f57-488b-8f9c-ac70eea8dc83,questions.zorluk,4,3,2a sıralamaya göre yeniden (290 mantığı),3.02,20260612000318_soru_zorluk_yeniden_sirala
4b76ff61-7775-4e0a-bd22-c0ac53c09d62,questions.zorluk,2,3,2a sıralamaya göre yeniden (290 mantığı),2.32,20260612000318_soru_zorluk_yeniden_sirala
4df87691-b03b-4244-a62d-8db81bcc51d1,questions.zorluk,3,4,2a sıralamaya göre yeniden (290 mantığı),3.39,20260612000318_soru_zorluk_yeniden_sirala
5250114d-af0e-4c17-a207-24ee2a622427,questions.zorluk,4,3,2a sıralamaya göre yeniden (290 mantığı),3.06,20260612000318_soru_zorluk_yeniden_sirala
52b2dafd-ca42-49e8-9fec-d7c25b68f6f7,questions.zorluk,4,3,2a sıralamaya göre yeniden (290 mantığı),2.91,20260612000318_soru_zorluk_yeniden_sirala
543dc406-6b26-4ee7-8e5a-1a955aad24dc,questions.zorluk,5,4,2a sıralamaya göre yeniden (290 mantığı),3.64,20260612000318_soru_zorluk_yeniden_sirala
54d5545c-efa4-46cf-b0ae-1ee87bc3c32b,questions.zorluk,4,3,2a sıralamaya göre yeniden (290 mantığı),2.85,20260612000318_soru_zorluk_yeniden_sirala
569d65f7-9e27-43e0-90f7-89588fe908f1,questions.zorluk,4,3,2a sıralamaya göre yeniden (290 mantığı),3.05,20260612000318_soru_zorluk_yeniden_sirala
55a99a5a-26ed-42ee-95db-0ee4be7fa459,questions.zorluk,4,5,2a sıralamaya göre yeniden (290 mantığı),3.86,20260612000318_soru_zorluk_yeniden_sirala
f79e8f63-43ea-437c-a058-b46070ece0a9,questions.zorluk,3,2,2a sıralamaya göre yeniden (290 mantığı),2.07,20260612000318_soru_zorluk_yeniden_sirala
f7220554-8b7c-461a-b8b6-4444034c03f8,questions.zorluk,3,2,2a sıralamaya göre yeniden (290 mantığı),2.06,20260612000318_soru_zorluk_yeniden_sirala
59dde9cb-6d9d-4dd2-a050-fb2182bfb3fb,questions.zorluk,5,4,2a sıralamaya göre yeniden (290 mantığı),3.34,20260612000318_soru_zorluk_yeniden_sirala
5ee645d0-d27d-4172-b5e3-ef01393c6607,questions.zorluk,4,5,2a sıralamaya göre yeniden (290 mantığı),3.8,20260612000318_soru_zorluk_yeniden_sirala
5f9a406b-ffca-4a8e-b371-d30bd62834c9,questions.zorluk,4,3,2a sıralamaya göre yeniden (290 mantığı),2.17,20260612000318_soru_zorluk_yeniden_sirala
6000ebc2-d872-4917-8dd7-077cb9d1548e,questions.zorluk,2,3,2a sıralamaya göre yeniden (290 mantığı),2.15,20260612000318_soru_zorluk_yeniden_sirala
6054e3d7-26e9-4a54-bba5-e9b233127c64,questions.zorluk,2,3,2a sıralamaya göre yeniden (290 mantığı),2.31,20260612000318_soru_zorluk_yeniden_sirala
f708c5aa-a4b0-440e-b2e1-ac392227c122,questions.zorluk,3,2,2a sıralamaya göre yeniden (290 mantığı),2.05,20260612000318_soru_zorluk_yeniden_sirala
60c4b0c5-edf6-4a04-8b3a-ba05015d4172,questions.zorluk,4,3,2a sıralamaya göre yeniden (290 mantığı),3.04,20260612000318_soru_zorluk_yeniden_sirala
56314f87-2da2-4b0e-a33e-ec25824ef157,questions.zorluk,2,3,2a sıralamaya göre yeniden (290 mantığı),2.53,20260612000318_soru_zorluk_yeniden_sirala
6ad2a878-ef5a-4366-a970-c9d10f3534ec,questions.zorluk,4,5,2a sıralamaya göre yeniden (290 mantığı),3.74,20260612000318_soru_zorluk_yeniden_sirala
56d76740-d374-4607-b6f1-1b36ad8b34b4,questions.zorluk,2,3,2a sıralamaya göre yeniden (290 mantığı),2.45,20260612000318_soru_zorluk_yeniden_sirala
f5af6cd6-26a8-4b10-86c9-d7fdedc576a0,questions.zorluk,4,3,2a sıralamaya göre yeniden (290 mantığı),2.93,20260612000318_soru_zorluk_yeniden_sirala
f60fc5e4-094d-4f19-b6a9-8a8ee92efb30,questions.zorluk,4,3,2a sıralamaya göre yeniden (290 mantığı),2.87,20260612000318_soru_zorluk_yeniden_sirala
6be859b1-7534-4947-bc08-74132d154f10,questions.zorluk,4,3,2a sıralamaya göre yeniden (290 mantığı),2.81,20260612000318_soru_zorluk_yeniden_sirala
6d31255d-19c7-4c2a-a49b-de9239199ac4,questions.zorluk,4,3,2a sıralamaya göre yeniden (290 mantığı),3.03,20260612000318_soru_zorluk_yeniden_sirala
6f53b553-d26d-4042-b21a-feb5b91fc3a3,questions.zorluk,5,4,2a sıralamaya göre yeniden (290 mantığı),3.44,20260612000318_soru_zorluk_yeniden_sirala
70e451f4-2224-4dc7-bf6a-a7197fe241c5,questions.zorluk,4,5,2a sıralamaya göre yeniden (290 mantığı),3.91,20260612000318_soru_zorluk_yeniden_sirala
713870d0-7273-4098-8edc-a3e6014f3ba4,questions.zorluk,2,3,2a sıralamaya göre yeniden (290 mantığı),2.51,20260612000318_soru_zorluk_yeniden_sirala
73a0b215-097c-4a7a-9bcd-4f7ec4d6fb3a,questions.zorluk,3,4,2a sıralamaya göre yeniden (290 mantığı),3.34,20260612000318_soru_zorluk_yeniden_sirala
7408d2cb-baeb-429d-8fdb-194b711f8913,questions.zorluk,2,3,2a sıralamaya göre yeniden (290 mantığı),2.48,20260612000318_soru_zorluk_yeniden_sirala
746de972-51c2-4efe-9730-bd0363c28a0c,questions.zorluk,3,4,2a sıralamaya göre yeniden (290 mantığı),3.07,20260612000318_soru_zorluk_yeniden_sirala
eb5cd198-5e07-43c2-aed8-ae11866c04d6,questions.zorluk,5,4,2a sıralamaya göre yeniden (290 mantığı),3.58,20260612000318_soru_zorluk_yeniden_sirala
76fac513-7e20-48c8-9bc6-b702bb86348d,questions.zorluk,3,4,2a sıralamaya göre yeniden (290 mantığı),3.34,20260612000318_soru_zorluk_yeniden_sirala
5c3afff8-a376-49cd-b967-c2e3ea2baea8,questions.zorluk,4,5,2a sıralamaya göre yeniden (290 mantığı),3.82,20260612000318_soru_zorluk_yeniden_sirala
79d492e9-1177-4c7a-97e7-c518b4056ec7,questions.zorluk,3,4,2a sıralamaya göre yeniden (290 mantığı),3.46,20260612000318_soru_zorluk_yeniden_sirala
7aa8287d-3377-429a-bfe7-734ca3c83ac3,questions.zorluk,3,1,2a sıralamaya göre yeniden (290 mantığı),1.66,20260612000318_soru_zorluk_yeniden_sirala
7ab67015-c2bc-4a03-99a7-1dffc1606a4e,questions.zorluk,4,5,2a sıralamaya göre yeniden (290 mantığı),3.84,20260612000318_soru_zorluk_yeniden_sirala
7ca1ff01-a92a-4946-8959-d5b24c61f008,questions.zorluk,3,2,2a sıralamaya göre yeniden (290 mantığı),1.93,20260612000318_soru_zorluk_yeniden_sirala
7d1e17f2-90d5-44d3-83cf-9d99fe67f5e4,questions.zorluk,4,3,2a sıralamaya göre yeniden (290 mantığı),2.92,20260612000318_soru_zorluk_yeniden_sirala
7e6e8dc8-6035-4312-b137-1c29da7daa5e,questions.zorluk,4,3,2a sıralamaya göre yeniden (290 mantığı),2.55,20260612000318_soru_zorluk_yeniden_sirala
7fb65d55-ec39-4df2-8fb9-4911d2e9421a,questions.zorluk,4,3,2a sıralamaya göre yeniden (290 mantığı),2.93,20260612000318_soru_zorluk_yeniden_sirala
83c88cbf-6960-4016-bf39-9eef23d6cc5a,questions.zorluk,4,3,2a sıralamaya göre yeniden (290 mantığı),2.47,20260612000318_soru_zorluk_yeniden_sirala
859bf775-ef54-4da9-bcd6-007a7bdb6ba0,questions.zorluk,5,4,2a sıralamaya göre yeniden (290 mantığı),3.32,20260612000318_soru_zorluk_yeniden_sirala
868bf75a-5775-4aba-bd21-cccf28001346,questions.zorluk,3,2,2a sıralamaya göre yeniden (290 mantığı),2.11,20260612000318_soru_zorluk_yeniden_sirala
89228c4e-30e8-4576-9699-416f089d4869,questions.zorluk,5,4,2a sıralamaya göre yeniden (290 mantığı),3.37,20260612000318_soru_zorluk_yeniden_sirala
8a09d7be-7895-4439-b26a-0c62656d7f19,questions.zorluk,3,4,2a sıralamaya göre yeniden (290 mantığı),3.26,20260612000318_soru_zorluk_yeniden_sirala
8c943299-bee4-443c-8fd1-9dcfb49e9c48,questions.zorluk,5,4,2a sıralamaya göre yeniden (290 mantığı),3.21,20260612000318_soru_zorluk_yeniden_sirala
8cdfdc63-aaaa-4bd8-bfc1-1bd1a60f33f3,questions.zorluk,2,3,2a sıralamaya göre yeniden (290 mantığı),2.16,20260612000318_soru_zorluk_yeniden_sirala
8d4d015f-a094-453e-a791-27c28a88ce0e,questions.zorluk,3,4,2a sıralamaya göre yeniden (290 mantığı),3.17,20260612000318_soru_zorluk_yeniden_sirala
8fde1839-2dc5-4c19-8c72-f29ddbcb0ab8,questions.zorluk,3,4,2a sıralamaya göre yeniden (290 mantığı),3.08,20260612000318_soru_zorluk_yeniden_sirala
93a49834-4b43-4750-9e02-303aec2976b3,questions.zorluk,4,3,2a sıralamaya göre yeniden (290 mantığı),3.04,20260612000318_soru_zorluk_yeniden_sirala
f7c7fce4-1fac-48d3-82fd-6ac5c55486c5,questions.zorluk,4,3,2a sıralamaya göre yeniden (290 mantığı),2.89,20260612000318_soru_zorluk_yeniden_sirala
f1835a38-b740-46c6-a0a0-5431994cfb6a,questions.zorluk,4,3,2a sıralamaya göre yeniden (290 mantığı),2.91,20260612000318_soru_zorluk_yeniden_sirala
f044500d-35c1-4531-b22f-9237ddc62ca8,questions.zorluk,5,4,2a sıralamaya göre yeniden (290 mantığı),3.51,20260612000318_soru_zorluk_yeniden_sirala
9b2ec283-9671-4b4c-ae7c-e07a9a736d85,questions.zorluk,5,4,2a sıralamaya göre yeniden (290 mantığı),3.34,20260612000318_soru_zorluk_yeniden_sirala
a345f7a3-506d-40de-8f6d-b40da222bac7,questions.zorluk,4,3,2a sıralamaya göre yeniden (290 mantığı),3.04,20260612000318_soru_zorluk_yeniden_sirala
abf5be09-7e88-4312-b3a0-750f1295b6cb,questions.zorluk,4,3,2a sıralamaya göre yeniden (290 mantığı),2.99,20260612000318_soru_zorluk_yeniden_sirala
ae0b1af8-00ce-4dce-a88e-7a63e6480ebe,questions.zorluk,3,4,2a sıralamaya göre yeniden (290 mantığı),3.19,20260612000318_soru_zorluk_yeniden_sirala
6c6015b1-2ab6-46be-bb38-e93f00365ce8,questions.zorluk,3,4,2a sıralamaya göre yeniden (290 mantığı),3.27,20260612000318_soru_zorluk_yeniden_sirala
6ceb1e3c-3d1d-489d-8ca9-a30859bae651,questions.zorluk,3,4,2a sıralamaya göre yeniden (290 mantığı),3.19,20260612000318_soru_zorluk_yeniden_sirala
b2c08357-14d3-411e-866e-c51804395ba3,questions.zorluk,4,5,2a sıralamaya göre yeniden (290 mantığı),3.72,20260612000318_soru_zorluk_yeniden_sirala
b424b943-05bb-424d-92e8-767dff82edc8,questions.zorluk,3,2,2a sıralamaya göre yeniden (290 mantığı),2.1,20260612000318_soru_zorluk_yeniden_sirala
b676a0bc-4121-466f-9d07-afa398d7f50f,questions.zorluk,5,4,2a sıralamaya göre yeniden (290 mantığı),3.58,20260612000318_soru_zorluk_yeniden_sirala
b70259f0-6817-44de-8a78-d92655355674,questions.zorluk,2,3,2a sıralamaya göre yeniden (290 mantığı),2.17,20260612000318_soru_zorluk_yeniden_sirala
c11b20e2-9082-4220-acc8-1dba39ce46b7,questions.zorluk,5,4,2a sıralamaya göre yeniden (290 mantığı),3.49,20260612000318_soru_zorluk_yeniden_sirala
c1401bf4-a485-421c-bd5e-dd9e24df8721,questions.zorluk,3,2,2a sıralamaya göre yeniden (290 mantığı),2.04,20260612000318_soru_zorluk_yeniden_sirala
76931a1d-5430-484d-b8ed-7631b064ebea,questions.zorluk,2,3,2a sıralamaya göre yeniden (290 mantığı),2.14,20260612000318_soru_zorluk_yeniden_sirala
78af0f98-6fef-4708-b304-b4010f7fa032,questions.zorluk,4,5,2a sıralamaya göre yeniden (290 mantığı),3.68,20260612000318_soru_zorluk_yeniden_sirala
cbcc56c0-3979-4e50-9545-f2219210f2ba,questions.zorluk,4,5,2a sıralamaya göre yeniden (290 mantığı),3.87,20260612000318_soru_zorluk_yeniden_sirala
cc3ed3e8-d257-4870-b823-e064b7db2bab,questions.zorluk,5,3,2a sıralamaya göre yeniden (290 mantığı),3.06,20260612000318_soru_zorluk_yeniden_sirala
ccfe570a-d5e8-47d6-8208-f3f43697254e,questions.zorluk,4,5,2a sıralamaya göre yeniden (290 mantığı),3.83,20260612000318_soru_zorluk_yeniden_sirala
ce928857-9732-45ef-a016-534d7b1ea708,questions.zorluk,2,1,2a sıralamaya göre yeniden (290 mantığı),1.69,20260612000318_soru_zorluk_yeniden_sirala
cf7669d1-60f2-487e-9df4-14890a4bd109,questions.zorluk,5,4,2a sıralamaya göre yeniden (290 mantığı),3.44,20260612000318_soru_zorluk_yeniden_sirala
d2920f3b-e45a-4000-980a-bfddf96579ba,questions.zorluk,5,4,2a sıralamaya göre yeniden (290 mantığı),3.33,20260612000318_soru_zorluk_yeniden_sirala
df59503d-98c8-4387-bb94-2a173e8e3ac3,questions.zorluk,5,4,2a sıralamaya göre yeniden (290 mantığı),3.24,20260612000318_soru_zorluk_yeniden_sirala
e44bd695-3a76-4c55-9c37-b40d462a4287,questions.zorluk,4,3,2a sıralamaya göre yeniden (290 mantığı),2.96,20260612000318_soru_zorluk_yeniden_sirala
e5b6159e-14f0-4816-8c5c-0bfb27aa3d79,questions.zorluk,3,4,2a sıralamaya göre yeniden (290 mantığı),3.07,20260612000318_soru_zorluk_yeniden_sirala
e92cb062-d7ef-41fb-bb9c-690654eb7e3c,questions.zorluk,5,4,2a sıralamaya göre yeniden (290 mantığı),3.45,20260612000318_soru_zorluk_yeniden_sirala
f03d3052-1946-44e6-837e-3584d4ac5ccb,questions.zorluk,1,2,2a sıralamaya göre yeniden (290 mantığı),1.99,20260612000318_soru_zorluk_yeniden_sirala
f08bb17c-f9bb-4cf7-ae4c-0f1bc3a278a4,questions.zorluk,3,4,2a sıralamaya göre yeniden (290 mantığı),3.45,20260612000318_soru_zorluk_yeniden_sirala
f5070652-4794-49a0-89b8-b4551294b688,questions.zorluk,5,3,2a sıralamaya göre yeniden (290 mantığı),3.05,20260612000318_soru_zorluk_yeniden_sirala
f55e147f-e844-4244-892b-8601b2d1fe51,questions.zorluk,5,4,2a sıralamaya göre yeniden (290 mantığı),3.41,20260612000318_soru_zorluk_yeniden_sirala
f5823cf8-b206-4ff6-aa0e-63ef678569a6,questions.zorluk,5,4,2a sıralamaya göre yeniden (290 mantığı),3.18,20260612000318_soru_zorluk_yeniden_sirala
f7b00638-2904-4950-a0b1-10d487e22f6f,questions.zorluk,2,3,2a sıralamaya göre yeniden (290 mantığı),2.81,20260612000318_soru_zorluk_yeniden_sirala
8d564f4d-0869-45d1-9b56-3b4be46d4955,questions.zorluk,3,4,2a sıralamaya göre yeniden (290 mantığı),3.36,20260612000318_soru_zorluk_yeniden_sirala
8e2445f6-73b6-48cb-9df4-fb1280333500,questions.zorluk,4,5,2a sıralamaya göre yeniden (290 mantığı),3.66,20260612000318_soru_zorluk_yeniden_sirala
f8f1df96-8353-4b20-9e76-9c7eac03e9c6,questions.zorluk,4,3,2a sıralamaya göre yeniden (290 mantığı),2.76,20260612000318_soru_zorluk_yeniden_sirala
f969ee18-b7aa-4702-8e40-99c2648b260a,questions.zorluk,4,5,2a sıralamaya göre yeniden (290 mantığı),3.93,20260612000318_soru_zorluk_yeniden_sirala
99772791-df8f-463e-b66a-24ba017581ae,questions.zorluk,5,4,2a sıralamaya göre yeniden (290 mantığı),3.63,20260612000318_soru_zorluk_yeniden_sirala
a1185bee-6c1c-4d75-b1bb-2aa919e62fe9,questions.zorluk,5,4,2a sıralamaya göre yeniden (290 mantığı),3.44,20260612000318_soru_zorluk_yeniden_sirala
f9f1e12c-8324-4ceb-b809-3d7097fa16cf,questions.zorluk,5,4,2a sıralamaya göre yeniden (290 mantığı),3.43,20260612000318_soru_zorluk_yeniden_sirala
a80c9358-5c7e-4ba3-876f-e239d38ab21c,questions.zorluk,4,5,2a sıralamaya göre yeniden (290 mantığı),3.77,20260612000318_soru_zorluk_yeniden_sirala
fa75cef6-4230-4f3a-9ae2-4fda98ae15f2,questions.zorluk,2,1,2a sıralamaya göre yeniden (290 mantığı),1.73,20260612000318_soru_zorluk_yeniden_sirala
faf9ba1b-393a-4ed4-ad8a-6797140a01b4,questions.zorluk,4,3,2a sıralamaya göre yeniden (290 mantığı),3.01,20260612000318_soru_zorluk_yeniden_sirala
fb128493-e31f-4e67-8bb9-0fe3742d8a25,questions.zorluk,4,3,2a sıralamaya göre yeniden (290 mantığı),3.04,20260612000318_soru_zorluk_yeniden_sirala
fb2bb4da-e2a6-4b7f-9905-79607a1c73d5,questions.zorluk,4,3,2a sıralamaya göre yeniden (290 mantığı),2.88,20260612000318_soru_zorluk_yeniden_sirala
20071084-7e5a-4397-a51e-606df9bd092a,questions.zorluk,4,3,2a sıralamaya göre yeniden (290 mantığı),3.06,20260612000318_soru_zorluk_yeniden_sirala
b296c430-c914-4eb5-8f13-d08bcd589c64,questions.zorluk,2,3,2a sıralamaya göre yeniden (290 mantığı),2.66,20260612000318_soru_zorluk_yeniden_sirala
11a7ad99-43d4-43b6-bcb9-0b4bdfe4e457,questions.zorluk,5,4,2a sıralamaya göre yeniden (290 mantığı),3.61,20260612000318_soru_zorluk_yeniden_sirala
b4ded70b-a433-4152-b566-8771fedef899,questions.zorluk,4,3,2a sıralamaya göre yeniden (290 mantığı),2.83,20260612000318_soru_zorluk_yeniden_sirala
b5d3b952-c7c1-4566-a353-3f9c1395bbb0,questions.zorluk,2,3,2a sıralamaya göre yeniden (290 mantığı),2.62,20260612000318_soru_zorluk_yeniden_sirala
bed8ab63-ba91-49e7-bb91-effdb0f43657,questions.zorluk,4,3,2a sıralamaya göre yeniden (290 mantığı),2.97,20260612000318_soru_zorluk_yeniden_sirala
c09bfb12-841b-4af9-b517-34b14d3cad00,questions.zorluk,5,4,2a sıralamaya göre yeniden (290 mantığı),3.16,20260612000318_soru_zorluk_yeniden_sirala
c80946ca-f091-4a21-b148-b14d946967c6,questions.zorluk,4,3,2a sıralamaya göre yeniden (290 mantığı),2.83,20260612000318_soru_zorluk_yeniden_sirala
c908841e-277d-403c-921c-0e3111102a7b,questions.zorluk,3,4,2a sıralamaya göre yeniden (290 mantığı),3.35,20260612000318_soru_zorluk_yeniden_sirala
fc2c4a6c-ffcd-4546-9d8b-a55933dd9111,questions.zorluk,4,3,2a sıralamaya göre yeniden (290 mantığı),2.91,20260612000318_soru_zorluk_yeniden_sirala
d5098f3a-fd12-43b1-a599-ab24525a5b8e,questions.zorluk,4,5,2a sıralamaya göre yeniden (290 mantığı),3.86,20260612000318_soru_zorluk_yeniden_sirala
fd59272a-37d0-4ef8-92e2-4d963a4d7ffa,questions.zorluk,3,2,2a sıralamaya göre yeniden (290 mantığı),2.08,20260612000318_soru_zorluk_yeniden_sirala
d84fdb5e-bda6-4482-9760-d854e930a7e3,questions.zorluk,5,4,2a sıralamaya göre yeniden (290 mantığı),3.65,20260612000318_soru_zorluk_yeniden_sirala
a3e1c61d-2d99-4b2b-a1fa-8877b30afd71,questions.zorluk,2,1,2a sıralamaya göre yeniden (290 mantığı),1.69,20260612000318_soru_zorluk_yeniden_sirala
e978d3db-139f-40e3-8107-03acd613ad4d,questions.zorluk,5,3,2a sıralamaya göre yeniden (290 mantığı),2.93,20260612000318_soru_zorluk_yeniden_sirala
fd561eaf-29d5-409d-b5d2-e28d33e4d2f4,questions.zorluk,2,1,2a sıralamaya göre yeniden (290 mantığı),1.71,20260612000318_soru_zorluk_yeniden_sirala
fd9ce03f-a23f-4858-b02f-54c782ca2da8,questions.zorluk,2,1,2a sıralamaya göre yeniden (290 mantığı),1.69,20260612000318_soru_zorluk_yeniden_sirala
eb009930-845d-451a-bb00-792c1c81be0b,questions.zorluk,4,3,2a sıralamaya göre yeniden (290 mantığı),2.58,20260612000318_soru_zorluk_yeniden_sirala
ef0226a7-942a-48d3-be52-427d59c4da46,questions.zorluk,3,2,2a sıralamaya göre yeniden (290 mantığı),1.98,20260612000318_soru_zorluk_yeniden_sirala
3d4f0238-aa31-4b19-8c72-6ba6c5c352b1,questions.zorluk,2,1,2a sıralamaya göre yeniden (290 mantığı),1.71,20260612000318_soru_zorluk_yeniden_sirala
3a2c3be4-3f9f-43e4-bda6-434c507cbd88,questions.zorluk,2,1,2a sıralamaya göre yeniden (290 mantığı),1.67,20260612000318_soru_zorluk_yeniden_sirala
f9ee7ef5-f58f-428d-8445-2acadcbc7c69,questions.zorluk,4,3,2a sıralamaya göre yeniden (290 mantığı),2.44,20260612000318_soru_zorluk_yeniden_sirala
ffb71d7a-e2f4-4b49-9abc-ab7848d47f07,questions.zorluk,3,2,2a sıralamaya göre yeniden (290 mantığı),2.05,20260612000318_soru_zorluk_yeniden_sirala
ff97b415-adf7-4411-8278-a21f55840d2f,questions.zorluk,3,2,2a sıralamaya göre yeniden (290 mantığı),2.12,20260612000318_soru_zorluk_yeniden_sirala
ffd3763d-7ca9-45bf-b003-3372d74dc257,questions.zorluk,4,3,2a sıralamaya göre yeniden (290 mantığı),2.95,20260612000318_soru_zorluk_yeniden_sirala
6009d67e-06de-4198-acd5-13c68fb316c5,questions.zorluk,2,1,2a sıralamaya göre yeniden (290 mantığı),1.71,20260612000318_soru_zorluk_yeniden_sirala
744ceae2-7e3f-45cf-ab2e-ecff3ae952a5,questions.zorluk,2,1,2a sıralamaya göre yeniden (290 mantığı),1.7,20260612000318_soru_zorluk_yeniden_sirala
137dc199-d674-4d32-988a-853c85d50839,questions.zorluk,2,1,2a sıralamaya göre yeniden (290 mantığı),1.69,20260612000318_soru_zorluk_yeniden_sirala
d8b64604-d506-4c38-99cb-ac945db3624a,questions.zorluk,2,1,2a sıralamaya göre yeniden (290 mantığı),1.68,20260612000318_soru_zorluk_yeniden_sirala
29573471-18e8-4344-9515-7de17cdcc90d,questions.zorluk,4,3,2a sıralamaya göre yeniden (290 mantığı),2.93,20260612000318_soru_zorluk_yeniden_sirala
dd9c4170-d341-4def-b8c9-6e7c25d22c84,questions.zorluk,2,1,2a sıralamaya göre yeniden (290 mantığı),1.71,20260612000318_soru_zorluk_yeniden_sirala
ac7ea69c-69cf-40b2-97b8-452cb2f07989,questions.zorluk,5,4,2a sıralamaya göre yeniden (290 mantığı),3.62,20260612000318_soru_zorluk_yeniden_sirala
ab084585-f9d9-45d5-aa58-d11f06c3cc3f,questions.zorluk,3,2,2a sıralamaya göre yeniden (290 mantığı),2.03,20260612000318_soru_zorluk_yeniden_sirala
cac476ac-478e-45bb-a20d-1d9b1f08dae0,questions.zorluk,2,1,2a sıralamaya göre yeniden (290 mantığı),1.72,20260612000318_soru_zorluk_yeniden_sirala
2201afce-43ce-46ef-8202-01f0db44ee54,questions.zorluk,2,1,2a sıralamaya göre yeniden (290 mantığı),1.68,20260612000318_soru_zorluk_yeniden_sirala
3cd43862-148d-47de-83e2-767dd53219ef,questions.zorluk,2,1,2a sıralamaya göre yeniden (290 mantığı),1.71,20260612000318_soru_zorluk_yeniden_sirala
2673cc3b-31bd-4f8a-9b87-dd4136462980,questions.zorluk,4,3,2a sıralamaya göre yeniden (290 mantığı),3,20260612000318_soru_zorluk_yeniden_sirala
29bef700-1284-4c93-b99b-ab40cdc138d3,questions.zorluk,4,3,2a sıralamaya göre yeniden (290 mantığı),3.05,20260612000318_soru_zorluk_yeniden_sirala
2bb5ac23-ca37-43a0-a572-cf780c08bb07,questions.zorluk,4,3,2a sıralamaya göre yeniden (290 mantığı),2.87,20260612000318_soru_zorluk_yeniden_sirala
3cd93649-cddb-4f12-ab09-311152d3e877,questions.zorluk,4,3,2a sıralamaya göre yeniden (290 mantığı),2.91,20260612000318_soru_zorluk_yeniden_sirala
3a679775-200c-4da9-b405-e48a186d2a95,questions.zorluk,4,3,2a sıralamaya göre yeniden (290 mantığı),2.99,20260612000318_soru_zorluk_yeniden_sirala
46776537-a07e-4dae-9764-fca72db06789,questions.zorluk,4,3,2a sıralamaya göre yeniden (290 mantığı),2.82,20260612000318_soru_zorluk_yeniden_sirala
421e4ae9-067b-45a2-a56c-05f6f8bb29b9,questions.zorluk,4,3,2a sıralamaya göre yeniden (290 mantığı),2.95,20260612000318_soru_zorluk_yeniden_sirala
507ad953-e865-4e00-a7f7-a284556b7959,questions.zorluk,4,3,2a sıralamaya göre yeniden (290 mantığı),2.91,20260612000318_soru_zorluk_yeniden_sirala
508f3b86-cf4e-4051-b28a-6c3acadfd693,questions.zorluk,4,3,2a sıralamaya göre yeniden (290 mantığı),2.94,20260612000318_soru_zorluk_yeniden_sirala
540991f1-43a0-4c11-bf7d-520ffe33b4e1,questions.zorluk,4,3,2a sıralamaya göre yeniden (290 mantığı),3.03,20260612000318_soru_zorluk_yeniden_sirala
66f0faec-30dd-4904-a8fe-f212127ece61,questions.zorluk,4,3,2a sıralamaya göre yeniden (290 mantığı),3.02,20260612000318_soru_zorluk_yeniden_sirala
6723db83-a6ff-4df5-944b-4fb418e92654,questions.zorluk,4,3,2a sıralamaya göre yeniden (290 mantığı),3.05,20260612000318_soru_zorluk_yeniden_sirala
695c7977-ba8d-468b-bc2b-c3a37b20ffca,questions.zorluk,4,3,2a sıralamaya göre yeniden (290 mantığı),2.89,20260612000318_soru_zorluk_yeniden_sirala
5fd472dd-5985-49a1-a97e-f82f612161e3,questions.zorluk,4,3,2a sıralamaya göre yeniden (290 mantığı),2.87,20260612000318_soru_zorluk_yeniden_sirala
5e6de39a-20ce-465e-be17-7775bd805e58,questions.zorluk,4,3,2a sıralamaya göre yeniden (290 mantığı),2.96,20260612000318_soru_zorluk_yeniden_sirala
762d9e39-d17a-4aee-abda-19d89651b80d,questions.zorluk,4,3,2a sıralamaya göre yeniden (290 mantığı),2.95,20260612000318_soru_zorluk_yeniden_sirala
6b369ea3-4cf2-435e-8f4c-0a657f220f58,questions.zorluk,4,3,2a sıralamaya göre yeniden (290 mantığı),2.9,20260612000318_soru_zorluk_yeniden_sirala
2dbb9936-7635-4f0d-96b7-682a72689b17,questions.zorluk,4,3,2a sıralamaya göre yeniden (290 mantığı),2.85,20260612000318_soru_zorluk_yeniden_sirala
821894ad-be86-4382-9fe8-f51bb4af0bf3,questions.zorluk,4,3,2a sıralamaya göre yeniden (290 mantığı),2.84,20260612000318_soru_zorluk_yeniden_sirala
7962cf24-5426-4655-9c85-91b62f32e924,questions.zorluk,4,3,2a sıralamaya göre yeniden (290 mantığı),2.94,20260612000318_soru_zorluk_yeniden_sirala
79686e00-80d8-46ad-bea0-3bd201c76831,questions.zorluk,4,3,2a sıralamaya göre yeniden (290 mantığı),2.94,20260612000318_soru_zorluk_yeniden_sirala
7dbbf77a-3e21-4719-bc66-d9194f9a805b,questions.zorluk,4,3,2a sıralamaya göre yeniden (290 mantığı),2.95,20260612000318_soru_zorluk_yeniden_sirala
784f34c0-8779-4005-8c80-91e70286ec3d,questions.zorluk,4,3,2a sıralamaya göre yeniden (290 mantığı),2.99,20260612000318_soru_zorluk_yeniden_sirala
a2c6e50f-a80b-4e00-a782-b50e73b23247,questions.zorluk,4,3,2a sıralamaya göre yeniden (290 mantığı),2.99,20260612000318_soru_zorluk_yeniden_sirala
b7cb9f69-8ba1-41ce-9ac0-98fdfafa7b65,questions.zorluk,4,3,2a sıralamaya göre yeniden (290 mantığı),2.84,20260612000318_soru_zorluk_yeniden_sirala
567e6e6b-e3f6-4c16-9dd3-1c213914c84b,questions.zorluk,4,3,2a sıralamaya göre yeniden (290 mantığı),3.05,20260612000318_soru_zorluk_yeniden_sirala
07e02e22-8516-469b-99e3-f93cd6a2baba,questions.zorluk,4,3,2a sıralamaya göre yeniden (290 mantığı),2.83,20260612000318_soru_zorluk_yeniden_sirala
b2311917-1070-4612-a385-68646dcea44c,questions.zorluk,4,3,2a sıralamaya göre yeniden (290 mantığı),2.83,20260612000318_soru_zorluk_yeniden_sirala
b94f72de-04d5-40d7-8591-3d1c803e4e52,questions.zorluk,4,3,2a sıralamaya göre yeniden (290 mantığı),3.01,20260612000318_soru_zorluk_yeniden_sirala
d096d5d1-0e78-4930-abad-b7f51ccae000,questions.zorluk,4,3,2a sıralamaya göre yeniden (290 mantığı),3.05,20260612000318_soru_zorluk_yeniden_sirala
d93c7408-061a-411e-b728-a3bb57cd40fb,questions.zorluk,4,3,2a sıralamaya göre yeniden (290 mantığı),2.97,20260612000318_soru_zorluk_yeniden_sirala
d858e16d-2edf-40ae-836d-effb27e524cd,questions.zorluk,4,3,2a sıralamaya göre yeniden (290 mantığı),3.03,20260612000318_soru_zorluk_yeniden_sirala
e06332e4-0aae-43a6-a096-73755310f2cc,questions.zorluk,4,3,2a sıralamaya göre yeniden (290 mantığı),3.04,20260612000318_soru_zorluk_yeniden_sirala
e586580d-7650-47fc-8238-aa94597f9079,questions.zorluk,4,3,2a sıralamaya göre yeniden (290 mantığı),2.82,20260612000318_soru_zorluk_yeniden_sirala
6a26d3b0-4874-4b61-902a-f7b5c352cfbf,questions.zorluk,4,3,2a sıralamaya göre yeniden (290 mantığı),2.86,20260612000318_soru_zorluk_yeniden_sirala
ec19416c-866a-4ec6-82d1-33dead7e38d6,questions.zorluk,4,3,2a sıralamaya göre yeniden (290 mantığı),3.03,20260612000318_soru_zorluk_yeniden_sirala
12b65a6c-8e45-4794-a246-a613b144a533,questions.zorluk,4,3,2a sıralamaya göre yeniden (290 mantığı),2.95,20260612000318_soru_zorluk_yeniden_sirala
6fbd2ce7-0a6b-4e6e-881d-a705a0f0b371,questions.zorluk,4,3,2a sıralamaya göre yeniden (290 mantığı),2.96,20260612000318_soru_zorluk_yeniden_sirala
6d5d8ac1-7aab-4e10-b404-03114bf0b01b,questions.zorluk,4,3,2a sıralamaya göre yeniden (290 mantığı),2.85,20260612000318_soru_zorluk_yeniden_sirala
8b3a25bd-c2ee-466d-b330-88225d3df4b2,questions.zorluk,4,3,2a sıralamaya göre yeniden (290 mantığı),3.02,20260612000318_soru_zorluk_yeniden_sirala
a6d57331-71b6-4e6b-94c4-4913460d382c,questions.zorluk,4,3,2a sıralamaya göre yeniden (290 mantığı),2.83,20260612000318_soru_zorluk_yeniden_sirala
8a53834b-3a68-449e-8de0-8a3533ad8edc,questions.zorluk,4,3,2a sıralamaya göre yeniden (290 mantığı),2.96,20260612000318_soru_zorluk_yeniden_sirala
03fd172c-2442-4cb5-bf02-de1240644053,questions.zorluk,4,3,2a sıralamaya göre yeniden (290 mantığı),3,20260612000318_soru_zorluk_yeniden_sirala
198bc500-a569-46b5-bff7-6ccc7b9a5dc0,questions.zorluk,4,3,2a sıralamaya göre yeniden (290 mantığı),3.01,20260612000318_soru_zorluk_yeniden_sirala
174b3850-a680-4b80-b1d6-fb88fdd903bb,questions.zorluk,4,3,2a sıralamaya göre yeniden (290 mantığı),3.02,20260612000318_soru_zorluk_yeniden_sirala
849ee9c3-9f5d-4a78-877c-d33c6ff89aa4,questions.zorluk,4,3,2a sıralamaya göre yeniden (290 mantığı),2.93,20260612000318_soru_zorluk_yeniden_sirala
add467d2-2f81-45b4-b3c9-5389e82e6a55,questions.zorluk,4,3,2a sıralamaya göre yeniden (290 mantığı),2.82,20260612000318_soru_zorluk_yeniden_sirala
5f8a14a8-19fc-46af-a9aa-0a0306822977,questions.zorluk,4,3,2a sıralamaya göre yeniden (290 mantığı),3.02,20260612000318_soru_zorluk_yeniden_sirala
374ac8bb-b3c2-4249-bc6e-74d094af4a27,questions.zorluk,5,4,2a sıralamaya göre yeniden (290 mantığı),3.48,20260612000318_soru_zorluk_yeniden_sirala
6e2c3121-4aa5-4e13-84c1-5c4c72e062f9,questions.zorluk,5,4,2a sıralamaya göre yeniden (290 mantığı),3.56,20260612000318_soru_zorluk_yeniden_sirala
6b03d632-62f9-4544-9c95-8207ebb58af6,questions.zorluk,5,4,2a sıralamaya göre yeniden (290 mantığı),3.62,20260612000318_soru_zorluk_yeniden_sirala
72942e10-1f47-4186-ba8a-9c220763f230,questions.zorluk,5,4,2a sıralamaya göre yeniden (290 mantığı),3.57,20260612000318_soru_zorluk_yeniden_sirala
8315edc0-0027-4a42-aa7c-02667891c738,questions.zorluk,5,4,2a sıralamaya göre yeniden (290 mantığı),3.51,20260612000318_soru_zorluk_yeniden_sirala
a95ee4c1-df1f-44ad-85fa-17bd02956a9a,questions.zorluk,5,4,2a sıralamaya göre yeniden (290 mantığı),3.46,20260612000318_soru_zorluk_yeniden_sirala
a70dc585-7d3f-476b-b1e7-b44fc5dc900d,questions.zorluk,5,4,2a sıralamaya göre yeniden (290 mantığı),3.62,20260612000318_soru_zorluk_yeniden_sirala
c7156bee-7eff-4467-8cb0-01f7c67a57ac,questions.zorluk,5,4,2a sıralamaya göre yeniden (290 mantığı),3.63,20260612000318_soru_zorluk_yeniden_sirala
ea04ae5b-58da-42e1-ae25-4880bb55229e,questions.zorluk,5,4,2a sıralamaya göre yeniden (290 mantığı),3.48,20260612000318_soru_zorluk_yeniden_sirala
f9192d03-b190-4ff2-80de-6501abf08c80,questions.zorluk,5,4,2a sıralamaya göre yeniden (290 mantığı),3.5,20260612000318_soru_zorluk_yeniden_sirala
fa42c734-f05f-4ab8-9bc2-c85563e8974c,questions.zorluk,5,4,2a sıralamaya göre yeniden (290 mantığı),3.56,20260612000318_soru_zorluk_yeniden_sirala
d25401d5-58a0-45c3-8805-4933d85a0363,questions.zorluk,5,4,2a sıralamaya göre yeniden (290 mantığı),3.6,20260612000318_soru_zorluk_yeniden_sirala
acc9cf09-6a97-4f55-b7da-573fb7e3afc1,questions.zorluk,5,4,2a sıralamaya göre yeniden (290 mantığı),3.59,20260612000318_soru_zorluk_yeniden_sirala
1e562adc-9838-4830-8352-3a81f4b68b97,questions.zorluk,5,4,2a sıralamaya göre yeniden (290 mantığı),3.6,20260612000318_soru_zorluk_yeniden_sirala
37f34199-3b7d-43ba-b52b-4b196c0e3792,questions.zorluk,5,4,2a sıralamaya göre yeniden (290 mantığı),3.6,20260612000318_soru_zorluk_yeniden_sirala
6a5a2ffe-d6d5-4688-be00-512a9dd3bb4e,questions.zorluk,5,4,2a sıralamaya göre yeniden (290 mantığı),3.49,20260612000318_soru_zorluk_yeniden_sirala
743e6d0d-57c9-41ba-91d9-5c0ae6b281b1,questions.zorluk,5,4,2a sıralamaya göre yeniden (290 mantığı),3.53,20260612000318_soru_zorluk_yeniden_sirala
7b015cdc-4d2c-4b57-a5ed-4aa1b58f0b46,questions.zorluk,4,3,2a sıralamaya göre yeniden (290 mantığı),2.97,20260612000318_soru_zorluk_yeniden_sirala
0dbabd69-a55e-42a6-af44-5be182636825,questions.zorluk,3,4,2a sıralamaya göre yeniden (290 mantığı),3.38,20260612000318_soru_zorluk_yeniden_sirala
0e9728b5-0b09-4144-81b0-87a74de57e84,questions.zorluk,4,5,2a sıralamaya göre yeniden (290 mantığı),3.69,20260612000318_soru_zorluk_yeniden_sirala
0eb4cea4-675e-4ba9-9e91-920def292b22,questions.zorluk,3,2,2a sıralamaya göre yeniden (290 mantığı),2.11,20260612000318_soru_zorluk_yeniden_sirala
106a53ca-96ba-456e-8bfb-051c70add102,questions.zorluk,2,1,2a sıralamaya göre yeniden (290 mantığı),1.13,20260612000318_soru_zorluk_yeniden_sirala
12a56c5f-d8cf-49e7-a2af-3747dec96432,questions.zorluk,3,2,2a sıralamaya göre yeniden (290 mantığı),2.01,20260612000318_soru_zorluk_yeniden_sirala
1aa6fd14-0370-4487-87c6-db925ce1f11b,questions.zorluk,4,5,2a sıralamaya göre yeniden (290 mantığı),3.84,20260612000318_soru_zorluk_yeniden_sirala
1cae2006-2160-49cc-9964-3fbae11efbdc,questions.zorluk,5,4,2a sıralamaya göre yeniden (290 mantığı),3.65,20260612000318_soru_zorluk_yeniden_sirala
2a1dff9a-051f-4c9e-87df-f3ae0937d1b7,questions.zorluk,4,3,2a sıralamaya göre yeniden (290 mantığı),2.96,20260612000318_soru_zorluk_yeniden_sirala
2aeaca5c-eae5-4383-940a-18d019c3b06b,questions.zorluk,3,4,2a sıralamaya göre yeniden (290 mantığı),3.35,20260612000318_soru_zorluk_yeniden_sirala
30dfed89-d275-406e-935c-7d9a5608ae6f,questions.zorluk,4,3,2a sıralamaya göre yeniden (290 mantığı),2.91,20260612000318_soru_zorluk_yeniden_sirala
3c3da88c-777d-4963-964b-21dae8461ae3,questions.zorluk,5,4,2a sıralamaya göre yeniden (290 mantığı),3.19,20260612000318_soru_zorluk_yeniden_sirala
477bdf1e-ae0b-438e-8c30-ce6edfd8e490,questions.zorluk,4,5,2a sıralamaya göre yeniden (290 mantığı),4.18,20260612000318_soru_zorluk_yeniden_sirala
49e8a453-82b1-4b22-8072-581fd92a0b99,questions.zorluk,4,5,2a sıralamaya göre yeniden (290 mantığı),3.84,20260612000318_soru_zorluk_yeniden_sirala
4eeaa2fa-08ac-4389-a74f-ce437dd01ec7,questions.zorluk,5,4,2a sıralamaya göre yeniden (290 mantığı),3.59,20260612000318_soru_zorluk_yeniden_sirala
52fb57cb-6fb8-4710-9fe3-a9782eff684b,questions.zorluk,4,5,2a sıralamaya göre yeniden (290 mantığı),3.68,20260612000318_soru_zorluk_yeniden_sirala
5c7d04e7-297d-43e8-a666-dde4a0f356fa,questions.zorluk,3,2,2a sıralamaya göre yeniden (290 mantığı),2.06,20260612000318_soru_zorluk_yeniden_sirala
5ffd31f2-73ef-46ba-aa6c-5db0c0a7a073,questions.zorluk,4,3,2a sıralamaya göre yeniden (290 mantığı),2.92,20260612000318_soru_zorluk_yeniden_sirala
882417ea-5b7e-472a-970e-8cdc6de63612,questions.zorluk,5,4,2a sıralamaya göre yeniden (290 mantığı),3.07,20260612000318_soru_zorluk_yeniden_sirala
8c994e50-341a-4ec4-a56a-f916ba37f248,questions.zorluk,3,2,2a sıralamaya göre yeniden (290 mantığı),1.92,20260612000318_soru_zorluk_yeniden_sirala
9857aa51-f88b-4459-85c4-35f1aa905add,questions.zorluk,2,3,2a sıralamaya göre yeniden (290 mantığı),2.43,20260612000318_soru_zorluk_yeniden_sirala
9b79ea55-f162-4f04-aab2-c51420b0f705,questions.zorluk,5,4,2a sıralamaya göre yeniden (290 mantığı),3.56,20260612000318_soru_zorluk_yeniden_sirala
9b9bffda-f584-4236-ab1a-a847e806fc08,questions.zorluk,4,5,2a sıralamaya göre yeniden (290 mantığı),4.37,20260612000318_soru_zorluk_yeniden_sirala
9d7835dc-2f2a-4489-84ee-a924b718e724,questions.zorluk,4,3,2a sıralamaya göre yeniden (290 mantığı),2.95,20260612000318_soru_zorluk_yeniden_sirala
9d804b9d-9143-4145-85a9-4087af1cea25,questions.zorluk,5,4,2a sıralamaya göre yeniden (290 mantığı),3.45,20260612000318_soru_zorluk_yeniden_sirala
a72fcc6f-9a1d-464d-a38b-de381ab0ed1a,questions.zorluk,5,4,2a sıralamaya göre yeniden (290 mantığı),3.64,20260612000318_soru_zorluk_yeniden_sirala
ace59044-82ef-4e1a-9b09-d0f6032ca552,questions.zorluk,2,3,2a sıralamaya göre yeniden (290 mantığı),2.34,20260612000318_soru_zorluk_yeniden_sirala
b360588c-d286-456f-9ca0-b5a99e785a80,questions.zorluk,4,3,2a sıralamaya göre yeniden (290 mantığı),2.48,20260612000318_soru_zorluk_yeniden_sirala
c1e223df-c7a4-4646-b757-69037bffdadc,questions.zorluk,4,5,2a sıralamaya göre yeniden (290 mantığı),3.74,20260612000318_soru_zorluk_yeniden_sirala
c25f8b65-eb6b-4df3-afee-bb585e295827,questions.zorluk,4,3,2a sıralamaya göre yeniden (290 mantığı),3.02,20260612000318_soru_zorluk_yeniden_sirala
c623b95d-0649-4d7f-ab9d-6496cb4743db,questions.zorluk,2,3,2a sıralamaya göre yeniden (290 mantığı),2.51,20260612000318_soru_zorluk_yeniden_sirala
d2a1e1f0-d543-4854-894b-3e3934adccb2,questions.zorluk,3,4,2a sıralamaya göre yeniden (290 mantığı),3.4,20260612000318_soru_zorluk_yeniden_sirala
ddd97e45-feae-4a69-b9a8-56ffaa8ce729,questions.zorluk,2,3,2a sıralamaya göre yeniden (290 mantığı),2.67,20260612000318_soru_zorluk_yeniden_sirala
e045daf6-c1a0-49d1-a785-422d3773224d,questions.zorluk,3,2,2a sıralamaya göre yeniden (290 mantığı),1.75,20260612000318_soru_zorluk_yeniden_sirala
e1727f84-ef78-4227-9a7c-7f08d36926b6,questions.zorluk,5,4,2a sıralamaya göre yeniden (290 mantığı),3.52,20260612000318_soru_zorluk_yeniden_sirala
e41f5d0c-7c0d-40ca-8071-e34310ea3c3c,questions.zorluk,4,5,2a sıralamaya göre yeniden (290 mantığı),3.68,20260612000318_soru_zorluk_yeniden_sirala
e97fa9a8-5574-469c-8d08-b2dec3188d7d,questions.zorluk,3,2,2a sıralamaya göre yeniden (290 mantığı),1.86,20260612000318_soru_zorluk_yeniden_sirala
eae21aed-68e6-4062-900f-0c21696ef4a6,questions.zorluk,1,2,2a sıralamaya göre yeniden (290 mantığı),1.86,20260612000318_soru_zorluk_yeniden_sirala
4cb8ad3d-8ae4-4f34-b95e-dcc3b5bd304d,questions.zorluk,4,3,2a sıralamaya göre yeniden (290 mantığı),2.83,20260612000318_soru_zorluk_yeniden_sirala
d9004bab-e10f-4533-bef8-5a502e30623c,questions.zorluk,2,1,2a sıralamaya göre yeniden (290 mantığı),1.69,20260612000318_soru_zorluk_yeniden_sirala
54a8b04f-dae9-42eb-918c-9336e383d0ea,questions.zorluk,4,3,2a sıralamaya göre yeniden (290 mantığı),2.97,20260612000318_soru_zorluk_yeniden_sirala
43fbae8c-d34d-4e94-bede-238055f70f9a,questions.zorluk,3,4,2a sıralamaya göre yeniden (290 mantığı),3.11,20260612000318_soru_zorluk_yeniden_sirala
5f445c09-5ba1-4d98-b4c6-b264cc1c7e19,questions.zorluk,5,3,2a sıralamaya göre yeniden (290 mantığı),2.89,20260612000318_soru_zorluk_yeniden_sirala
81a9e269-6f5c-4f3e-928b-e4fa8395d694,questions.zorluk,4,3,2a sıralamaya göre yeniden (290 mantığı),2.51,20260612000318_soru_zorluk_yeniden_sirala
53011cbb-0cef-463b-92cd-a3d9ad65e38b,questions.zorluk,2,3,2a sıralamaya göre yeniden (290 mantığı),2.18,20260612000318_soru_zorluk_yeniden_sirala
4b28cef8-0ddd-4629-bd15-b8b6b97e9b82,questions.zorluk,5,4,2a sıralamaya göre yeniden (290 mantığı),3.63,20260612000318_soru_zorluk_yeniden_sirala
ac2e705e-6955-4586-8dbf-f82689180997,questions.zorluk,4,5,2a sıralamaya göre yeniden (290 mantığı),3.91,20260612000318_soru_zorluk_yeniden_sirala
1917a357-4ea0-48e5-92ef-e01b74c91de8,questions.zorluk,3,4,2a sıralamaya göre yeniden (290 mantığı),3.3,20260612000318_soru_zorluk_yeniden_sirala
f89a7e12-c2fa-4b58-94d9-0d517832847a,questions.zorluk,2,3,2a sıralamaya göre yeniden (290 mantığı),2.74,20260612000318_soru_zorluk_yeniden_sirala
cad4cfac-797b-4006-9d81-ac1944c859f3,questions.zorluk,4,3,2a sıralamaya göre yeniden (290 mantığı),2.99,20260612000318_soru_zorluk_yeniden_sirala
851c0946-4854-4ffa-bd0c-9ec62ccfc968,questions.zorluk,5,4,2a sıralamaya göre yeniden (290 mantığı),3.33,20260612000318_soru_zorluk_yeniden_sirala
bf5882ac-3c82-4102-8570-8d29350d6f65,questions.zorluk,4,3,2a sıralamaya göre yeniden (290 mantığı),2.97,20260612000318_soru_zorluk_yeniden_sirala
e9a5f7fb-bedd-4c8c-bcb3-af1059d92174,questions.zorluk,3,4,2a sıralamaya göre yeniden (290 mantığı),3.07,20260612000318_soru_zorluk_yeniden_sirala
917692ac-705b-4cbd-9d6a-6707eedd9e91,questions.zorluk,4,3,2a sıralamaya göre yeniden (290 mantığı),2.97,20260612000318_soru_zorluk_yeniden_sirala
aea8fc0a-95ca-4885-a9e8-ea47a96618c7,questions.zorluk,4,3,2a sıralamaya göre yeniden (290 mantığı),2.85,20260612000318_soru_zorluk_yeniden_sirala
cf1a78f4-2870-4515-8f82-6da9936841c2,questions.zorluk,4,3,2a sıralamaya göre yeniden (290 mantığı),3,20260612000318_soru_zorluk_yeniden_sirala
5758b715-4708-4329-923e-5473d095bef8,questions.zorluk,3,4,2a sıralamaya göre yeniden (290 mantığı),3.26,20260612000318_soru_zorluk_yeniden_sirala
1ac53d59-09b1-4f93-ba85-8db0d3d58482,questions.zorluk,2,3,2a sıralamaya göre yeniden (290 mantığı),2.45,20260612000318_soru_zorluk_yeniden_sirala
862ab786-f3de-45c2-ae42-9c7d6bfdba28,questions.zorluk,5,4,2a sıralamaya göre yeniden (290 mantığı),3.6,20260612000318_soru_zorluk_yeniden_sirala
37e18d95-5a5a-4b8b-9091-3ec8b47d55d2,questions.zorluk,2,1,2a sıralamaya göre yeniden (290 mantığı),1.73,20260612000318_soru_zorluk_yeniden_sirala
6bb78815-8d80-4566-9138-c706e9704038,questions.zorluk,2,1,2a sıralamaya göre yeniden (290 mantığı),1.72,20260612000318_soru_zorluk_yeniden_sirala
b67fcfa3-1788-4304-8a71-1fd7ccf51fb1,questions.zorluk,4,3,2a sıralamaya göre yeniden (290 mantığı),2.95,20260612000318_soru_zorluk_yeniden_sirala
e41d4307-1edc-4f7b-8c17-71d26dea3d9d,questions.zorluk,4,3,2a sıralamaya göre yeniden (290 mantığı),2.84,20260612000318_soru_zorluk_yeniden_sirala
f1181a9a-25f8-4bda-9c9c-9123012d0748,questions.zorluk,3,2,2a sıralamaya göre yeniden (290 mantığı),2.11,20260612000318_soru_zorluk_yeniden_sirala
7cde6a04-85de-4b46-b9c3-bb55103f594c,questions.zorluk,3,2,2a sıralamaya göre yeniden (290 mantığı),2.05,20260612000318_soru_zorluk_yeniden_sirala
cb007948-342d-49fb-9fb9-45db6c873101,questions.zorluk,4,3,2a sıralamaya göre yeniden (290 mantığı),2.88,20260612000318_soru_zorluk_yeniden_sirala
9f9535fb-9f6c-4702-9265-92660851ec09,questions.zorluk,3,2,2a sıralamaya göre yeniden (290 mantığı),2.06,20260612000318_soru_zorluk_yeniden_sirala
84ee48ea-5afe-430b-8222-42b90a1ebb6d,questions.zorluk,3,2,2a sıralamaya göre yeniden (290 mantığı),2.08,20260612000318_soru_zorluk_yeniden_sirala
52e3181a-8526-4c6e-a107-9d1dd4fbe851,questions.zorluk,3,2,2a sıralamaya göre yeniden (290 mantığı),2.03,20260612000318_soru_zorluk_yeniden_sirala
789ddd71-524b-4277-aa63-09fd81f98515,questions.zorluk,4,3,2a sıralamaya göre yeniden (290 mantığı),2.88,20260612000318_soru_zorluk_yeniden_sirala
b94788f9-c33f-4399-8491-32966593d30e,questions.zorluk,4,3,2a sıralamaya göre yeniden (290 mantığı),2.82,20260612000318_soru_zorluk_yeniden_sirala
da9e2318-4ef9-4ba9-be81-cc75444305b2,questions.zorluk,4,3,2a sıralamaya göre yeniden (290 mantığı),2.88,20260612000318_soru_zorluk_yeniden_sirala
3723965c-e237-4bf8-aa37-e2f90a350f85,questions.zorluk,5,4,2a sıralamaya göre yeniden (290 mantığı),3.47,20260612000318_soru_zorluk_yeniden_sirala
1492714d-a7bc-40a4-85d6-351035aea9de,questions.zorluk,5,4,2a sıralamaya göre yeniden (290 mantığı),3.55,20260612000318_soru_zorluk_yeniden_sirala
0ccfe034-f0d6-4c4c-a286-c98559ccd28d,questions.zorluk,4,3,2a sıralamaya göre yeniden (290 mantığı),3.04,20260612000318_soru_zorluk_yeniden_sirala
06fe2889-061f-4570-95cd-a90207668b27,questions.zorluk,5,4,2a sıralamaya göre yeniden (290 mantığı),3.58,20260612000318_soru_zorluk_yeniden_sirala
0803ee92-5a32-401b-86aa-ab007cf9020e,questions.zorluk,4,3,2a sıralamaya göre yeniden (290 mantığı),2.99,20260612000318_soru_zorluk_yeniden_sirala
09bad7b0-5e00-4bfd-98eb-512f04ea7779,questions.zorluk,5,4,2a sıralamaya göre yeniden (290 mantığı),3.46,20260612000318_soru_zorluk_yeniden_sirala
0b3e64d5-5306-48a8-80a3-58ab79d0d289,questions.zorluk,4,3,2a sıralamaya göre yeniden (290 mantığı),3.05,20260612000318_soru_zorluk_yeniden_sirala
0d7092df-f7a2-48a8-b31e-684591f38291,questions.zorluk,4,3,2a sıralamaya göre yeniden (290 mantığı),3.01,20260612000318_soru_zorluk_yeniden_sirala
0edc3197-9d66-42ee-b00d-be471890a680,questions.zorluk,4,3,2a sıralamaya göre yeniden (290 mantığı),2.95,20260612000318_soru_zorluk_yeniden_sirala
0f0c56fc-d2ff-4453-be6e-2178aacc3ba3,questions.zorluk,4,3,2a sıralamaya göre yeniden (290 mantığı),2.94,20260612000318_soru_zorluk_yeniden_sirala
14001953-6c7c-4694-b6d1-c76b28b406a4,questions.zorluk,4,3,2a sıralamaya göre yeniden (290 mantığı),3.01,20260612000318_soru_zorluk_yeniden_sirala
1418bd61-0ef0-40cf-bcde-8b1ef2fe1b21,questions.zorluk,5,4,2a sıralamaya göre yeniden (290 mantığı),3.46,20260612000318_soru_zorluk_yeniden_sirala
17e81ebe-13f4-41db-9b16-f01636bf5948,questions.zorluk,5,4,2a sıralamaya göre yeniden (290 mantığı),3.6,20260612000318_soru_zorluk_yeniden_sirala
18cabfb7-9e1b-4ec8-b92d-c7ff1e6a1cb5,questions.zorluk,4,3,2a sıralamaya göre yeniden (290 mantığı),2.91,20260612000318_soru_zorluk_yeniden_sirala
1cccfce7-793b-4ed0-a2c9-5638c822b54d,questions.zorluk,4,3,2a sıralamaya göre yeniden (290 mantığı),2.84,20260612000318_soru_zorluk_yeniden_sirala
22dea7e7-7c39-429b-b1c6-2ae4b2b80138,questions.zorluk,4,3,2a sıralamaya göre yeniden (290 mantığı),2.91,20260612000318_soru_zorluk_yeniden_sirala
29e49871-e22e-49f1-98b5-dbea290ab246,questions.zorluk,4,3,2a sıralamaya göre yeniden (290 mantığı),3.02,20260612000318_soru_zorluk_yeniden_sirala
30b7e870-6fe3-4f8f-a4f6-786b6c687b6a,questions.zorluk,5,4,2a sıralamaya göre yeniden (290 mantığı),3.6,20260612000318_soru_zorluk_yeniden_sirala
31c7cd5f-a268-4b18-8576-25d0b196533d,questions.zorluk,5,4,2a sıralamaya göre yeniden (290 mantığı),3.47,20260612000318_soru_zorluk_yeniden_sirala
322d802d-6d52-4593-bc30-21af55dd8275,questions.zorluk,4,3,2a sıralamaya göre yeniden (290 mantığı),3.02,20260612000318_soru_zorluk_yeniden_sirala
3e2cdd86-0a41-4874-8e2b-8f18e778e505,questions.zorluk,5,4,2a sıralamaya göre yeniden (290 mantığı),3.58,20260612000318_soru_zorluk_yeniden_sirala
42c31b14-54aa-4bf8-a4eb-50396138c48b,questions.zorluk,5,4,2a sıralamaya göre yeniden (290 mantığı),3.47,20260612000318_soru_zorluk_yeniden_sirala
4da6234b-b27f-4194-9af3-f31570f98f55,questions.zorluk,5,4,2a sıralamaya göre yeniden (290 mantığı),3.49,20260612000318_soru_zorluk_yeniden_sirala
501354d6-d2b2-469a-94ea-f58d25102654,questions.zorluk,5,4,2a sıralamaya göre yeniden (290 mantığı),3.59,20260612000318_soru_zorluk_yeniden_sirala
5655dcc2-02d5-43f8-8b90-faf4b6c34209,questions.zorluk,4,3,2a sıralamaya göre yeniden (290 mantığı),3.04,20260612000318_soru_zorluk_yeniden_sirala
56f23208-a3ab-47eb-ba74-d5a2edf6a7ef,questions.zorluk,4,3,2a sıralamaya göre yeniden (290 mantığı),2.97,20260612000318_soru_zorluk_yeniden_sirala
570f668d-f21c-45a6-8e27-ece570eedd3f,questions.zorluk,5,4,2a sıralamaya göre yeniden (290 mantığı),3.58,20260612000318_soru_zorluk_yeniden_sirala
65294ca1-6b4b-4fcb-89fc-3a61b979a117,questions.zorluk,5,4,2a sıralamaya göre yeniden (290 mantığı),3.65,20260612000318_soru_zorluk_yeniden_sirala
6633e1b6-f55e-4ae6-a31b-3ab016ff2c93,questions.zorluk,4,3,2a sıralamaya göre yeniden (290 mantığı),3.02,20260612000318_soru_zorluk_yeniden_sirala
75b43ed5-f0d0-41a1-913e-27e9da5ade1d,questions.zorluk,5,4,2a sıralamaya göre yeniden (290 mantığı),3.61,20260612000318_soru_zorluk_yeniden_sirala
69186679-d9d3-4acc-a4f4-56c5e0f38e02,questions.zorluk,3,2,2a sıralamaya göre yeniden (290 mantığı),2.08,20260612000318_soru_zorluk_yeniden_sirala
6da2d942-feb4-49b4-b51e-59ff40cc3540,questions.zorluk,4,3,2a sıralamaya göre yeniden (290 mantığı),3.03,20260612000318_soru_zorluk_yeniden_sirala
794c5bc3-b83d-4786-888a-cd4fbe16f85c,questions.zorluk,5,4,2a sıralamaya göre yeniden (290 mantığı),3.63,20260612000318_soru_zorluk_yeniden_sirala
79c27bfa-bef8-4c09-a704-5abad0076f91,questions.zorluk,5,4,2a sıralamaya göre yeniden (290 mantığı),3.58,20260612000318_soru_zorluk_yeniden_sirala
7ede6794-1816-46d7-ba49-ab8f7a785eaa,questions.zorluk,5,4,2a sıralamaya göre yeniden (290 mantığı),3.6,20260612000318_soru_zorluk_yeniden_sirala
8654416c-ca65-41d7-8226-e0b6054bee71,questions.zorluk,4,3,2a sıralamaya göre yeniden (290 mantığı),2.93,20260612000318_soru_zorluk_yeniden_sirala
869d61ae-20a2-429d-8c7e-a098d2f7a4b2,questions.zorluk,4,3,2a sıralamaya göre yeniden (290 mantığı),2.83,20260612000318_soru_zorluk_yeniden_sirala
8b9b94d9-131a-4283-ae51-571de77cf93e,questions.zorluk,5,4,2a sıralamaya göre yeniden (290 mantığı),3.61,20260612000318_soru_zorluk_yeniden_sirala
90afb03d-2511-40ac-85c7-5bbee46913e3,questions.zorluk,4,3,2a sıralamaya göre yeniden (290 mantığı),3,20260612000318_soru_zorluk_yeniden_sirala
918f01e6-583e-4f50-9d2e-318a84bd9504,questions.zorluk,4,3,2a sıralamaya göre yeniden (290 mantığı),2.98,20260612000318_soru_zorluk_yeniden_sirala
976fff59-0f36-44e7-a4c3-8c3044414631,questions.zorluk,5,4,2a sıralamaya göre yeniden (290 mantığı),3.5,20260612000318_soru_zorluk_yeniden_sirala
9b170b23-cedf-465a-b8dc-ed2d08ffc5ae,questions.zorluk,5,4,2a sıralamaya göre yeniden (290 mantığı),3.56,20260612000318_soru_zorluk_yeniden_sirala
9c611c0c-9af4-4932-bf8a-59a6f4f345a2,questions.zorluk,4,3,2a sıralamaya göre yeniden (290 mantığı),3.06,20260612000318_soru_zorluk_yeniden_sirala
a57afd6b-5651-49c6-8097-1e54c86fd62e,questions.zorluk,5,4,2a sıralamaya göre yeniden (290 mantığı),3.54,20260612000318_soru_zorluk_yeniden_sirala
a5963327-9f26-4b0a-ad55-31684571e0e5,questions.zorluk,4,3,2a sıralamaya göre yeniden (290 mantığı),2.85,20260612000318_soru_zorluk_yeniden_sirala
b06b6e7b-defd-4322-a656-875219c8d5a3,questions.zorluk,5,4,2a sıralamaya göre yeniden (290 mantığı),3.6,20260612000318_soru_zorluk_yeniden_sirala
b0a15100-d5e8-4d69-a653-ccaa1d57623c,questions.zorluk,4,3,2a sıralamaya göre yeniden (290 mantığı),3.06,20260612000318_soru_zorluk_yeniden_sirala
b494bf18-1546-43ed-9b3a-9797a36b81a0,questions.zorluk,5,4,2a sıralamaya göre yeniden (290 mantığı),3.64,20260612000318_soru_zorluk_yeniden_sirala
b58f47aa-0ff7-4504-a792-855d28aafa23,questions.zorluk,5,4,2a sıralamaya göre yeniden (290 mantığı),3.52,20260612000318_soru_zorluk_yeniden_sirala
bc589a9a-2649-4842-b4d6-a77dadbddd87,questions.zorluk,3,2,2a sıralamaya göre yeniden (290 mantığı),2.1,20260612000318_soru_zorluk_yeniden_sirala
bc9ddadc-cbfe-40dc-b252-91f7b7a334e6,questions.zorluk,5,4,2a sıralamaya göre yeniden (290 mantığı),3.46,20260612000318_soru_zorluk_yeniden_sirala
bf474133-1575-475b-9165-0d672ca341c4,questions.zorluk,5,4,2a sıralamaya göre yeniden (290 mantığı),3.57,20260612000318_soru_zorluk_yeniden_sirala
bf56c26d-573a-4870-8371-04d31a5199ef,questions.zorluk,5,4,2a sıralamaya göre yeniden (290 mantığı),3.62,20260612000318_soru_zorluk_yeniden_sirala
c08f35b2-34ec-4539-868c-d9d82b7c2929,questions.zorluk,4,3,2a sıralamaya göre yeniden (290 mantığı),3.03,20260612000318_soru_zorluk_yeniden_sirala
c097d406-6b18-4e15-91c2-9b7009692864,questions.zorluk,4,3,2a sıralamaya göre yeniden (290 mantığı),3.05,20260612000318_soru_zorluk_yeniden_sirala
c8ef9ae4-0f06-41e3-b3fd-16bae2ca4952,questions.zorluk,4,3,2a sıralamaya göre yeniden (290 mantığı),2.95,20260612000318_soru_zorluk_yeniden_sirala
ca211fd8-7ed6-47f7-8955-f30ea07d4b54,questions.zorluk,5,4,2a sıralamaya göre yeniden (290 mantığı),3.52,20260612000318_soru_zorluk_yeniden_sirala
cb9e1746-013c-43bf-9b8a-1a85e2a84b72,questions.zorluk,4,3,2a sıralamaya göre yeniden (290 mantığı),2.91,20260612000318_soru_zorluk_yeniden_sirala
cf0b98c8-1bf0-4b4b-9384-e5ff12906057,questions.zorluk,5,4,2a sıralamaya göre yeniden (290 mantığı),3.55,20260612000318_soru_zorluk_yeniden_sirala
da555644-7c6c-4de1-8c51-c0f28dd017eb,questions.zorluk,5,4,2a sıralamaya göre yeniden (290 mantığı),3.5,20260612000318_soru_zorluk_yeniden_sirala
dab51c1e-82a5-434b-91ed-0df8667d7f22,questions.zorluk,5,4,2a sıralamaya göre yeniden (290 mantığı),3.59,20260612000318_soru_zorluk_yeniden_sirala
db783e4f-34fd-4385-96a1-02c06839fdd3,questions.zorluk,4,3,2a sıralamaya göre yeniden (290 mantığı),3.02,20260612000318_soru_zorluk_yeniden_sirala
db7b2f2a-3234-4d66-8bd8-d0a937a0fade,questions.zorluk,4,3,2a sıralamaya göre yeniden (290 mantığı),3.04,20260612000318_soru_zorluk_yeniden_sirala
dc7db5e1-21db-4662-9210-91f09c671b5d,questions.zorluk,4,3,2a sıralamaya göre yeniden (290 mantığı),3,20260612000318_soru_zorluk_yeniden_sirala
df7cee34-c8f4-434f-a977-f9acca2f0e60,questions.zorluk,5,4,2a sıralamaya göre yeniden (290 mantığı),3.47,20260612000318_soru_zorluk_yeniden_sirala
e01b8634-63db-455e-90c3-f59ed6b9cee3,questions.zorluk,4,3,2a sıralamaya göre yeniden (290 mantığı),3.04,20260612000318_soru_zorluk_yeniden_sirala
e6347697-b344-4eee-a640-d0218c3de167,questions.zorluk,4,3,2a sıralamaya göre yeniden (290 mantığı),3.04,20260612000318_soru_zorluk_yeniden_sirala
e6687036-3529-4e21-8451-a7a8dac17628,questions.zorluk,4,3,2a sıralamaya göre yeniden (290 mantığı),2.82,20260612000318_soru_zorluk_yeniden_sirala
ea06c761-d28a-4087-afe1-4f574582d9c8,questions.zorluk,5,4,2a sıralamaya göre yeniden (290 mantığı),3.57,20260612000318_soru_zorluk_yeniden_sirala
ea1d6414-f504-4158-a317-054c5c3c1dd0,questions.zorluk,4,3,2a sıralamaya göre yeniden (290 mantığı),2.91,20260612000318_soru_zorluk_yeniden_sirala
ed963edb-5881-454d-baaf-7e146edc25a2,questions.zorluk,4,3,2a sıralamaya göre yeniden (290 mantığı),3.04,20260612000318_soru_zorluk_yeniden_sirala
ee5ddeaf-1b67-4cbc-be3e-70f8e094cf0a,questions.zorluk,5,4,2a sıralamaya göre yeniden (290 mantığı),3.59,20260612000318_soru_zorluk_yeniden_sirala
efd415b9-0bd6-44c1-9930-3c0b30aa18aa,questions.zorluk,5,4,2a sıralamaya göre yeniden (290 mantığı),3.58,20260612000318_soru_zorluk_yeniden_sirala
f72e0516-1a34-486a-a6e6-f48494929780,questions.zorluk,4,3,2a sıralamaya göre yeniden (290 mantığı),2.9,20260612000318_soru_zorluk_yeniden_sirala
ff2e18fa-e53a-41b7-84fe-fc90ecbaa0f8,questions.zorluk,5,4,2a sıralamaya göre yeniden (290 mantığı),3.56,20260612000318_soru_zorluk_yeniden_sirala
ff87fa40-b2a3-409c-8f5e-fa1567ddca6e,questions.zorluk,5,4,2a sıralamaya göre yeniden (290 mantığı),3.47,20260612000318_soru_zorluk_yeniden_sirala
fa263fc6-b6af-454d-8163-78e39683ba17,questions.zorluk,4,3,2a sıralamaya göre yeniden (290 mantığı),2.84,20260612000318_soru_zorluk_yeniden_sirala
ee7b17f5-ba06-4f22-9cdd-e68eee447ea3,questions.zorluk,4,3,2a sıralamaya göre yeniden (290 mantığı),2.93,20260612000318_soru_zorluk_yeniden_sirala
0000c54e-de0b-463b-bfbf-0421c9eca820,questions.zorluk,4,3,2a sıralamaya göre yeniden (290 mantığı),2.93,20260612000318_soru_zorluk_yeniden_sirala
03a94318-c40d-4e9e-b0c7-44c9527f7321,questions.zorluk,5,4,2a sıralamaya göre yeniden (290 mantığı),3.61,20260612000318_soru_zorluk_yeniden_sirala
0a6866ca-4413-46eb-9dbb-e486a258e75a,questions.zorluk,4,3,2a sıralamaya göre yeniden (290 mantığı),2.84,20260612000318_soru_zorluk_yeniden_sirala
17807d51-4fc5-4749-bd1e-76348ea95510,questions.zorluk,4,3,2a sıralamaya göre yeniden (290 mantığı),2.94,20260612000318_soru_zorluk_yeniden_sirala
18af49cd-2745-4f6a-80e4-5e0621ed47c5,questions.zorluk,4,3,2a sıralamaya göre yeniden (290 mantığı),2.97,20260612000318_soru_zorluk_yeniden_sirala
1ebdc329-39e0-4c39-8a29-6dc912353b92,questions.zorluk,4,3,2a sıralamaya göre yeniden (290 mantığı),3.03,20260612000318_soru_zorluk_yeniden_sirala
1ffdca5f-1aef-4448-9f81-08e8a6b5a196,questions.zorluk,4,3,2a sıralamaya göre yeniden (290 mantığı),2.9,20260612000318_soru_zorluk_yeniden_sirala
26376ed8-a893-4aa2-825d-3668c7d0ddec,questions.zorluk,4,3,2a sıralamaya göre yeniden (290 mantığı),2.98,20260612000318_soru_zorluk_yeniden_sirala
2663136f-8cf6-48aa-8127-2c759e80dbe3,questions.zorluk,4,3,2a sıralamaya göre yeniden (290 mantığı),2.98,20260612000318_soru_zorluk_yeniden_sirala
269b33d2-3882-497a-bfe2-904302cab1bc,questions.zorluk,4,3,2a sıralamaya göre yeniden (290 mantığı),3.01,20260612000318_soru_zorluk_yeniden_sirala
2754b881-e7ef-4043-885d-fd66aefc737b,questions.zorluk,4,3,2a sıralamaya göre yeniden (290 mantığı),3.02,20260612000318_soru_zorluk_yeniden_sirala
27681dc1-1cbd-404b-b29f-71f5ed14ebd5,questions.zorluk,4,3,2a sıralamaya göre yeniden (290 mantığı),3.03,20260612000318_soru_zorluk_yeniden_sirala
2c56576d-394c-45c9-9cca-78bc3b71717a,questions.zorluk,5,4,2a sıralamaya göre yeniden (290 mantığı),3.65,20260612000318_soru_zorluk_yeniden_sirala
3dcd03d7-73fd-4d84-9b91-2c4d11eac8f3,questions.zorluk,4,3,2a sıralamaya göre yeniden (290 mantığı),3.04,20260612000318_soru_zorluk_yeniden_sirala
4bcff962-4a85-42b1-8828-226205f8fb35,questions.zorluk,5,4,2a sıralamaya göre yeniden (290 mantığı),3.58,20260612000318_soru_zorluk_yeniden_sirala
4cf8760d-98c4-492f-b8d1-b223dc24f426,questions.zorluk,4,3,2a sıralamaya göre yeniden (290 mantığı),3.05,20260612000318_soru_zorluk_yeniden_sirala
4eba80ca-2ea5-4b03-af3e-0eaf6223cf9a,questions.zorluk,4,3,2a sıralamaya göre yeniden (290 mantığı),3.01,20260612000318_soru_zorluk_yeniden_sirala
5207c935-0808-46b7-a0d7-d520c163497b,questions.zorluk,5,4,2a sıralamaya göre yeniden (290 mantığı),3.61,20260612000318_soru_zorluk_yeniden_sirala
55ee6906-ed08-4513-a10e-549038d2200a,questions.zorluk,5,4,2a sıralamaya göre yeniden (290 mantığı),3.51,20260612000318_soru_zorluk_yeniden_sirala
574cdb70-5c2d-4f47-abd5-66f60ae5823a,questions.zorluk,4,3,2a sıralamaya göre yeniden (290 mantığı),2.84,20260612000318_soru_zorluk_yeniden_sirala
58815c2c-345b-4e21-91d2-cde1e6f3daf9,questions.zorluk,4,3,2a sıralamaya göre yeniden (290 mantığı),2.96,20260612000318_soru_zorluk_yeniden_sirala
5e6f193c-c546-47ca-8d1f-fe242710b282,questions.zorluk,5,4,2a sıralamaya göre yeniden (290 mantığı),3.57,20260612000318_soru_zorluk_yeniden_sirala
5e76fd12-3691-49aa-8baf-5b32da422a84,questions.zorluk,4,3,2a sıralamaya göre yeniden (290 mantığı),3,20260612000318_soru_zorluk_yeniden_sirala
5fed8e70-3dfd-49f3-b1d6-ca4c68b0f4d1,questions.zorluk,5,4,2a sıralamaya göre yeniden (290 mantığı),3.47,20260612000318_soru_zorluk_yeniden_sirala
62c492b6-f8d8-4f56-af0b-108fadc8d099,questions.zorluk,5,4,2a sıralamaya göre yeniden (290 mantığı),3.64,20260612000318_soru_zorluk_yeniden_sirala
6538f71b-5f74-47b9-8a00-3805c2e94268,questions.zorluk,4,3,2a sıralamaya göre yeniden (290 mantığı),2.87,20260612000318_soru_zorluk_yeniden_sirala
6a77677e-0276-44e2-83e0-d21bb43d6c42,questions.zorluk,4,3,2a sıralamaya göre yeniden (290 mantığı),2.87,20260612000318_soru_zorluk_yeniden_sirala
6ce6d86c-0bad-4d45-a581-f2fdb9fbbb10,questions.zorluk,4,3,2a sıralamaya göre yeniden (290 mantığı),2.92,20260612000318_soru_zorluk_yeniden_sirala
72e155c2-93d5-4195-8a26-e650822d1de0,questions.zorluk,5,4,2a sıralamaya göre yeniden (290 mantığı),3.46,20260612000318_soru_zorluk_yeniden_sirala
7400362e-ca0a-4328-a85e-a7b942c64b4e,questions.zorluk,5,4,2a sıralamaya göre yeniden (290 mantığı),3.46,20260612000318_soru_zorluk_yeniden_sirala
75b04a8a-1fa6-41ac-837f-88a65e69f2ee,questions.zorluk,5,4,2a sıralamaya göre yeniden (290 mantığı),3.52,20260612000318_soru_zorluk_yeniden_sirala
8e575a85-e968-4e26-8a5f-6d6e1f6c39de,questions.zorluk,4,3,2a sıralamaya göre yeniden (290 mantığı),2.9,20260612000318_soru_zorluk_yeniden_sirala
83d2d472-603b-47a2-9f11-0b843324b632,questions.zorluk,4,3,2a sıralamaya göre yeniden (290 mantığı),3.01,20260612000318_soru_zorluk_yeniden_sirala
89145ff5-f225-4c63-94b2-0be8e7d99326,questions.zorluk,5,4,2a sıralamaya göre yeniden (290 mantığı),3.51,20260612000318_soru_zorluk_yeniden_sirala
97be28bc-b24a-4498-8d44-9c6fbd213939,questions.zorluk,5,4,2a sıralamaya göre yeniden (290 mantığı),3.51,20260612000318_soru_zorluk_yeniden_sirala
a35def4d-1277-4745-84d5-000cde6b2773,questions.zorluk,5,4,2a sıralamaya göre yeniden (290 mantığı),3.46,20260612000318_soru_zorluk_yeniden_sirala
a7de2655-fa76-4ebf-ad60-82e25c10daeb,questions.zorluk,5,4,2a sıralamaya göre yeniden (290 mantığı),3.47,20260612000318_soru_zorluk_yeniden_sirala
a7f1c2b7-9815-4f9b-a931-8b9438e1ca2e,questions.zorluk,5,4,2a sıralamaya göre yeniden (290 mantığı),3.6,20260612000318_soru_zorluk_yeniden_sirala
aa334beb-e539-4b58-9af2-74290b02d70a,questions.zorluk,5,4,2a sıralamaya göre yeniden (290 mantığı),3.65,20260612000318_soru_zorluk_yeniden_sirala
ae502939-4818-4c90-9812-4ce7eb9046be,questions.zorluk,5,4,2a sıralamaya göre yeniden (290 mantığı),3.65,20260612000318_soru_zorluk_yeniden_sirala
afa693b4-f0b6-4277-b384-c04a73e247fe,questions.zorluk,4,3,2a sıralamaya göre yeniden (290 mantığı),2.86,20260612000318_soru_zorluk_yeniden_sirala
b1e61ae5-0807-4a17-89dd-994222fac1db,questions.zorluk,5,4,2a sıralamaya göre yeniden (290 mantığı),3.61,20260612000318_soru_zorluk_yeniden_sirala
bb4e160b-e3a3-49a2-83d3-101c94862dfa,questions.zorluk,4,3,2a sıralamaya göre yeniden (290 mantığı),3.01,20260612000318_soru_zorluk_yeniden_sirala
bbc2331a-3b55-4c37-b525-9082da8db825,questions.zorluk,5,4,2a sıralamaya göre yeniden (290 mantığı),3.56,20260612000318_soru_zorluk_yeniden_sirala
bbdfe64a-1b7b-4793-8745-d66b06fbb245,questions.zorluk,5,4,2a sıralamaya göre yeniden (290 mantığı),3.57,20260612000318_soru_zorluk_yeniden_sirala
c4ce17e9-f9b8-4f58-b007-bccd52224ebd,questions.zorluk,4,3,2a sıralamaya göre yeniden (290 mantığı),2.86,20260612000318_soru_zorluk_yeniden_sirala
c6bddf09-15b7-4a7a-9545-b81f7169be6a,questions.zorluk,4,3,2a sıralamaya göre yeniden (290 mantığı),2.89,20260612000318_soru_zorluk_yeniden_sirala
c82ab46f-40d6-4866-b5e9-4bfc639d2e4c,questions.zorluk,5,4,2a sıralamaya göre yeniden (290 mantığı),3.63,20260612000318_soru_zorluk_yeniden_sirala
ca4a7f5e-2373-40cc-96d8-665840b70da2,questions.zorluk,5,4,2a sıralamaya göre yeniden (290 mantığı),3.57,20260612000318_soru_zorluk_yeniden_sirala
caf10659-69d0-4ebf-8aa5-2fc6e14f261d,questions.zorluk,5,4,2a sıralamaya göre yeniden (290 mantığı),3.51,20260612000318_soru_zorluk_yeniden_sirala
cbffa4c6-b6ae-4cbb-8963-6a015b01ab12,questions.zorluk,5,4,2a sıralamaya göre yeniden (290 mantığı),3.51,20260612000318_soru_zorluk_yeniden_sirala
ce3ed144-27c3-401c-99e3-645ebeb9c466,questions.zorluk,4,3,2a sıralamaya göre yeniden (290 mantığı),2.83,20260612000318_soru_zorluk_yeniden_sirala
ced1ab97-8048-4af9-880b-d7e497dc8887,questions.zorluk,5,4,2a sıralamaya göre yeniden (290 mantığı),3.54,20260612000318_soru_zorluk_yeniden_sirala
d1debdea-1bd8-4035-8da5-72a32fc9045f,questions.zorluk,4,3,2a sıralamaya göre yeniden (290 mantığı),2.85,20260612000318_soru_zorluk_yeniden_sirala
d95fadca-659e-4072-9d5f-5f1d9a5ccefa,questions.zorluk,5,4,2a sıralamaya göre yeniden (290 mantığı),3.53,20260612000318_soru_zorluk_yeniden_sirala
d9af16e5-75b2-4189-9d6c-32dc1bf6ef47,questions.zorluk,5,4,2a sıralamaya göre yeniden (290 mantığı),3.59,20260612000318_soru_zorluk_yeniden_sirala
de5fb9f7-cb17-4cce-a354-799531fbb9a1,questions.zorluk,4,3,2a sıralamaya göre yeniden (290 mantığı),2.88,20260612000318_soru_zorluk_yeniden_sirala
df4606aa-7f7a-4302-bdc2-eb098ee8e4c0,questions.zorluk,5,4,2a sıralamaya göre yeniden (290 mantığı),3.49,20260612000318_soru_zorluk_yeniden_sirala
e58d561b-28d5-4103-bae2-0fdbbbe4f1a2,questions.zorluk,5,4,2a sıralamaya göre yeniden (290 mantığı),3.56,20260612000318_soru_zorluk_yeniden_sirala
e91c5961-9721-4361-a6d7-8d79bc3fcb74,questions.zorluk,4,3,2a sıralamaya göre yeniden (290 mantığı),2.82,20260612000318_soru_zorluk_yeniden_sirala
ec631d94-f561-4273-913c-61462ace5645,questions.zorluk,5,4,2a sıralamaya göre yeniden (290 mantığı),3.62,20260612000318_soru_zorluk_yeniden_sirala
edf7d789-5ff4-44e2-a860-f32fb81388a2,questions.zorluk,5,4,2a sıralamaya göre yeniden (290 mantığı),3.49,20260612000318_soru_zorluk_yeniden_sirala
f04658a9-4519-4f1b-b047-195ca0d7aceb,questions.zorluk,5,4,2a sıralamaya göre yeniden (290 mantığı),3.58,20260612000318_soru_zorluk_yeniden_sirala
f671efbf-4a55-471c-a369-b5cd97788a83,questions.zorluk,5,4,2a sıralamaya göre yeniden (290 mantığı),3.53,20260612000318_soru_zorluk_yeniden_sirala
f7b30357-03e6-4d38-ab97-fed8a1d444a6,questions.zorluk,5,4,2a sıralamaya göre yeniden (290 mantığı),3.59,20260612000318_soru_zorluk_yeniden_sirala
43abac89-d095-4e87-86c9-9f662c342d07,questions.zorluk,4,3,2a sıralamaya göre yeniden (290 mantığı),2.87,20260612000318_soru_zorluk_yeniden_sirala
074b78a3-da31-4c73-98db-2d5525b263ed,questions.zorluk,4,3,2a sıralamaya göre yeniden (290 mantığı),2.82,20260612000318_soru_zorluk_yeniden_sirala
05b8b920-b38b-49a7-9ca6-520a685f5a8f,questions.zorluk,5,4,2a sıralamaya göre yeniden (290 mantığı),3.55,20260612000318_soru_zorluk_yeniden_sirala
0fc6ee00-a6d3-4d5c-8c62-4821e67234a1,questions.zorluk,5,4,2a sıralamaya göre yeniden (290 mantığı),3.5,20260612000318_soru_zorluk_yeniden_sirala
12c202f7-d0a0-484b-94bf-0278c9b3cb09,questions.zorluk,5,4,2a sıralamaya göre yeniden (290 mantığı),3.57,20260612000318_soru_zorluk_yeniden_sirala
16df6845-cbbb-424f-9d2a-8f27cb21948a,questions.zorluk,5,4,2a sıralamaya göre yeniden (290 mantığı),3.52,20260612000318_soru_zorluk_yeniden_sirala
1a085880-d82e-4ad5-a1f0-f37e78798f20,questions.zorluk,5,4,2a sıralamaya göre yeniden (290 mantığı),3.52,20260612000318_soru_zorluk_yeniden_sirala
1c90b9f4-5add-43a8-be51-b477730d0e4b,questions.zorluk,4,3,2a sıralamaya göre yeniden (290 mantığı),2.99,20260612000318_soru_zorluk_yeniden_sirala
229c1bb5-be99-483d-8634-c2f6b769546b,questions.zorluk,4,3,2a sıralamaya göre yeniden (290 mantığı),2.97,20260612000318_soru_zorluk_yeniden_sirala
22e5c70c-1934-4495-a08c-2027e0a1aab4,questions.zorluk,4,3,2a sıralamaya göre yeniden (290 mantığı),2.84,20260612000318_soru_zorluk_yeniden_sirala
25127704-2ba6-4c39-82ce-b7542423d41b,questions.zorluk,4,3,2a sıralamaya göre yeniden (290 mantığı),2.93,20260612000318_soru_zorluk_yeniden_sirala
2afbfd9b-bdcb-47b4-9b73-430dff6b32f7,questions.zorluk,4,3,2a sıralamaya göre yeniden (290 mantığı),2.95,20260612000318_soru_zorluk_yeniden_sirala
3a29a6cf-329a-412e-8532-40642dea80ab,questions.zorluk,4,3,2a sıralamaya göre yeniden (290 mantığı),3.02,20260612000318_soru_zorluk_yeniden_sirala
3a38307e-9ac8-4a9e-9ac2-6c12a0a4cade,questions.zorluk,3,2,2a sıralamaya göre yeniden (290 mantığı),2.05,20260612000318_soru_zorluk_yeniden_sirala
4cd20376-f782-4662-a8e5-918ea643ad31,questions.zorluk,4,3,2a sıralamaya göre yeniden (290 mantığı),3.02,20260612000318_soru_zorluk_yeniden_sirala
4570ec99-9307-44db-94d8-7bfa48bd25ab,questions.zorluk,5,4,2a sıralamaya göre yeniden (290 mantığı),3.61,20260612000318_soru_zorluk_yeniden_sirala
4808e2c4-51db-4d33-a576-2bfb00623118,questions.zorluk,4,3,2a sıralamaya göre yeniden (290 mantığı),2.96,20260612000318_soru_zorluk_yeniden_sirala
4879c858-72a5-4b43-8a0b-9e607a366176,questions.zorluk,5,4,2a sıralamaya göre yeniden (290 mantığı),3.55,20260612000318_soru_zorluk_yeniden_sirala
49c0f49a-f8b6-4095-a4b6-0273de4fa206,questions.zorluk,5,4,2a sıralamaya göre yeniden (290 mantığı),3.51,20260612000318_soru_zorluk_yeniden_sirala
50547bd4-5b33-4028-82a8-8d363a948bbb,questions.zorluk,5,4,2a sıralamaya göre yeniden (290 mantığı),3.48,20260612000318_soru_zorluk_yeniden_sirala
52943905-1e7d-4f6c-ab12-285235bd9d54,questions.zorluk,4,3,2a sıralamaya göre yeniden (290 mantığı),3.02,20260612000318_soru_zorluk_yeniden_sirala
53a7e302-c207-48b5-bb89-8b8d4b3a809a,questions.zorluk,5,4,2a sıralamaya göre yeniden (290 mantığı),3.63,20260612000318_soru_zorluk_yeniden_sirala
5734f9ed-5be1-4297-b083-8f03fca27450,questions.zorluk,5,4,2a sıralamaya göre yeniden (290 mantığı),3.49,20260612000318_soru_zorluk_yeniden_sirala
5a3995c6-dd20-433a-97a0-253116182548,questions.zorluk,5,4,2a sıralamaya göre yeniden (290 mantığı),3.61,20260612000318_soru_zorluk_yeniden_sirala
6090d393-85ee-4896-b0c3-1eaf66aa0f1f,questions.zorluk,4,3,2a sıralamaya göre yeniden (290 mantığı),2.93,20260612000318_soru_zorluk_yeniden_sirala
625e248b-3e42-480c-ba90-0b46779271e1,questions.zorluk,4,3,2a sıralamaya göre yeniden (290 mantığı),2.99,20260612000318_soru_zorluk_yeniden_sirala
645f1dfc-34f1-4b62-8ac0-ee766377848a,questions.zorluk,5,4,2a sıralamaya göre yeniden (290 mantığı),3.64,20260612000318_soru_zorluk_yeniden_sirala
76e254c0-bfab-469f-8dfe-55095ba64674,questions.zorluk,4,3,2a sıralamaya göre yeniden (290 mantığı),2.91,20260612000318_soru_zorluk_yeniden_sirala
78912b57-58d3-4db1-bbc9-378d346ace3a,questions.zorluk,4,3,2a sıralamaya göre yeniden (290 mantığı),2.98,20260612000318_soru_zorluk_yeniden_sirala
8b55ce01-83c6-473f-945b-0eec7ace89a3,questions.zorluk,5,4,2a sıralamaya göre yeniden (290 mantığı),3.51,20260612000318_soru_zorluk_yeniden_sirala
8e4780fc-05e0-4f83-a709-17d1f2bba118,questions.zorluk,5,4,2a sıralamaya göre yeniden (290 mantığı),3.55,20260612000318_soru_zorluk_yeniden_sirala
9092ec35-5ea5-47a7-8630-232948e8cac7,questions.zorluk,4,3,2a sıralamaya göre yeniden (290 mantığı),3.03,20260612000318_soru_zorluk_yeniden_sirala
91d5afdf-14d5-46bd-8c23-897238b84052,questions.zorluk,4,3,2a sıralamaya göre yeniden (290 mantığı),3,20260612000318_soru_zorluk_yeniden_sirala
93a0db91-610d-4c06-99cd-3c7f4b590518,questions.zorluk,5,4,2a sıralamaya göre yeniden (290 mantığı),3.58,20260612000318_soru_zorluk_yeniden_sirala
94c98ad6-bd76-4abc-ab4b-bdd4a47d889d,questions.zorluk,4,3,2a sıralamaya göre yeniden (290 mantığı),3.01,20260612000318_soru_zorluk_yeniden_sirala
9dadc99a-0475-4e6c-afce-7fa4572524b2,questions.zorluk,5,4,2a sıralamaya göre yeniden (290 mantığı),3.55,20260612000318_soru_zorluk_yeniden_sirala
9fb50ce1-8d64-4fbd-9552-e7230bed1ad1,questions.zorluk,5,4,2a sıralamaya göre yeniden (290 mantığı),3.47,20260612000318_soru_zorluk_yeniden_sirala
a01724ec-1896-4299-9bd5-c1bfbc270ef4,questions.zorluk,5,4,2a sıralamaya göre yeniden (290 mantığı),3.49,20260612000318_soru_zorluk_yeniden_sirala
a8725117-b9c5-4720-90cb-da633f215d3a,questions.zorluk,4,3,2a sıralamaya göre yeniden (290 mantığı),2.96,20260612000318_soru_zorluk_yeniden_sirala
ab01ee7b-ffb6-405d-a7b4-5c422f0e6442,questions.zorluk,5,4,2a sıralamaya göre yeniden (290 mantığı),3.59,20260612000318_soru_zorluk_yeniden_sirala
ab2ad3a0-6cc8-42b3-8121-7ef92a636b9e,questions.zorluk,5,4,2a sıralamaya göre yeniden (290 mantığı),3.51,20260612000318_soru_zorluk_yeniden_sirala
bb9d01e9-58a0-4fb3-b0c5-f28dacaf8f3d,questions.zorluk,5,4,2a sıralamaya göre yeniden (290 mantığı),3.57,20260612000318_soru_zorluk_yeniden_sirala
be771cdc-1333-4123-ae5d-45d9f6d2fed0,questions.zorluk,4,3,2a sıralamaya göre yeniden (290 mantığı),2.95,20260612000318_soru_zorluk_yeniden_sirala
c126e280-f0d5-4b04-ab0d-c718ff41d9a9,questions.zorluk,4,3,2a sıralamaya göre yeniden (290 mantığı),3.01,20260612000318_soru_zorluk_yeniden_sirala
c26329f3-6cf0-4875-9663-a6d24002d479,questions.zorluk,5,4,2a sıralamaya göre yeniden (290 mantığı),3.51,20260612000318_soru_zorluk_yeniden_sirala
c794e0f9-99f6-4bd4-b80b-78cf99c64f4c,questions.zorluk,4,3,2a sıralamaya göre yeniden (290 mantığı),2.91,20260612000318_soru_zorluk_yeniden_sirala
d5fc0b02-8b7f-42f7-85e6-b372c2ff0dbe,questions.zorluk,5,4,2a sıralamaya göre yeniden (290 mantığı),3.59,20260612000318_soru_zorluk_yeniden_sirala
dd0c7f1c-8a70-468b-a5ab-5ad6192918ea,questions.zorluk,5,4,2a sıralamaya göre yeniden (290 mantığı),3.49,20260612000318_soru_zorluk_yeniden_sirala
e056abea-5cab-44c6-ba09-d0cb56332fea,questions.zorluk,5,4,2a sıralamaya göre yeniden (290 mantığı),3.51,20260612000318_soru_zorluk_yeniden_sirala
e19f5c81-ef0e-4162-a345-763da1eebb04,questions.zorluk,5,4,2a sıralamaya göre yeniden (290 mantığı),3.48,20260612000318_soru_zorluk_yeniden_sirala
e3869791-3002-402a-a854-375ad4521c93,questions.zorluk,5,4,2a sıralamaya göre yeniden (290 mantığı),3.57,20260612000318_soru_zorluk_yeniden_sirala
daf77d1f-2bfa-496e-90e3-f28ccd6db775,questions.zorluk,4,3,2a sıralamaya göre yeniden (290 mantığı),3.05,20260612000318_soru_zorluk_yeniden_sirala
e5719b25-5072-4f32-b25f-67f6c3098816,questions.zorluk,5,4,2a sıralamaya göre yeniden (290 mantığı),3.46,20260612000318_soru_zorluk_yeniden_sirala
fab8d44b-1a2b-42b8-8677-037fe37de3f5,questions.zorluk,5,4,2a sıralamaya göre yeniden (290 mantığı),3.61,20260612000318_soru_zorluk_yeniden_sirala
fb5c8d4f-0918-4393-85d1-6d12b6481b64,questions.zorluk,4,3,2a sıralamaya göre yeniden (290 mantığı),3.02,20260612000318_soru_zorluk_yeniden_sirala
fb7e8a22-185d-401d-9e8d-0065b0611dc2,questions.zorluk,5,4,2a sıralamaya göre yeniden (290 mantığı),3.57,20260612000318_soru_zorluk_yeniden_sirala
fbdbb26c-4995-4ae8-abd7-8190a12a0844,questions.zorluk,5,4,2a sıralamaya göre yeniden (290 mantığı),3.62,20260612000318_soru_zorluk_yeniden_sirala
0e95ee8d-8a01-4f0c-847f-58da1a9c04b0,questions.zorluk,4,3,2a sıralamaya göre yeniden (290 mantığı),3.03,20260612000318_soru_zorluk_yeniden_sirala
10406413-82a2-4ffa-9021-ea136e3bc0ca,questions.zorluk,4,3,2a sıralamaya göre yeniden (290 mantığı),2.83,20260612000318_soru_zorluk_yeniden_sirala
0140df16-4655-4716-8b6a-b906637234de,questions.zorluk,4,3,2a sıralamaya göre yeniden (290 mantığı),2.89,20260612000318_soru_zorluk_yeniden_sirala
1fa59ece-be3e-4c5a-b05a-2ec52cffb8e8,questions.zorluk,5,4,2a sıralamaya göre yeniden (290 mantığı),3.53,20260612000318_soru_zorluk_yeniden_sirala
1fb45e53-9c59-4f3f-99c9-5b303011cd9f,questions.zorluk,5,4,2a sıralamaya göre yeniden (290 mantığı),3.64,20260612000318_soru_zorluk_yeniden_sirala
250c5995-624c-4fdb-8432-c5176a7f2866,questions.zorluk,5,4,2a sıralamaya göre yeniden (290 mantığı),3.52,20260612000318_soru_zorluk_yeniden_sirala
282fc1da-3e0d-4cf3-8c2d-f566089cfce6,questions.zorluk,5,4,2a sıralamaya göre yeniden (290 mantığı),3.6,20260612000318_soru_zorluk_yeniden_sirala
2f8804bb-84b6-4df6-b697-4f60bcae3dae,questions.zorluk,5,4,2a sıralamaya göre yeniden (290 mantığı),3.6,20260612000318_soru_zorluk_yeniden_sirala
33b9da80-d539-47b9-ab26-02d76ad96956,questions.zorluk,5,4,2a sıralamaya göre yeniden (290 mantığı),3.57,20260612000318_soru_zorluk_yeniden_sirala
3ac760c9-8240-4b0c-9d7c-66f811f88a25,questions.zorluk,5,4,2a sıralamaya göre yeniden (290 mantığı),3.48,20260612000318_soru_zorluk_yeniden_sirala
3d7ba60e-5300-4268-9dd3-21c5e175b9db,questions.zorluk,5,4,2a sıralamaya göre yeniden (290 mantığı),3.48,20260612000318_soru_zorluk_yeniden_sirala
413294af-178e-47ee-a968-b15eb86519f1,questions.zorluk,4,3,2a sıralamaya göre yeniden (290 mantığı),2.95,20260612000318_soru_zorluk_yeniden_sirala
4146f641-863f-46af-ad33-199bbd1125ef,questions.zorluk,4,3,2a sıralamaya göre yeniden (290 mantığı),3.05,20260612000318_soru_zorluk_yeniden_sirala
414b26d5-0911-4c71-8518-43f580e24426,questions.zorluk,5,4,2a sıralamaya göre yeniden (290 mantığı),3.56,20260612000318_soru_zorluk_yeniden_sirala
46d6b785-08c0-43ad-8a7f-d1c284c0d07d,questions.zorluk,4,3,2a sıralamaya göre yeniden (290 mantığı),3.06,20260612000318_soru_zorluk_yeniden_sirala
4b2a7fbb-06c7-4b9e-a829-420fe6d05da0,questions.zorluk,5,4,2a sıralamaya göre yeniden (290 mantığı),3.56,20260612000318_soru_zorluk_yeniden_sirala
4e1ddd8e-0984-4e4a-a803-15b6cd9dc1af,questions.zorluk,4,3,2a sıralamaya göre yeniden (290 mantığı),2.83,20260612000318_soru_zorluk_yeniden_sirala
4ff2a761-1f69-4122-9da9-526c52b8ed55,questions.zorluk,5,4,2a sıralamaya göre yeniden (290 mantığı),3.58,20260612000318_soru_zorluk_yeniden_sirala
6498d918-cfcb-4a73-a2e3-8aa052dc404e,questions.zorluk,5,4,2a sıralamaya göre yeniden (290 mantığı),3.62,20260612000318_soru_zorluk_yeniden_sirala
71888f25-6813-43f2-9e53-1db9d782fa5b,questions.zorluk,4,3,2a sıralamaya göre yeniden (290 mantığı),2.97,20260612000318_soru_zorluk_yeniden_sirala
72e904fb-fb8a-4929-ba46-66df85316159,questions.zorluk,3,2,2a sıralamaya göre yeniden (290 mantığı),2.09,20260612000318_soru_zorluk_yeniden_sirala
7495b5f3-0bca-480e-89da-8ce069af5ea3,questions.zorluk,4,3,2a sıralamaya göre yeniden (290 mantığı),3.03,20260612000318_soru_zorluk_yeniden_sirala
7a930531-d5c1-46d1-b86d-a74e029879b7,questions.zorluk,5,4,2a sıralamaya göre yeniden (290 mantığı),3.51,20260612000318_soru_zorluk_yeniden_sirala
807a1155-ff23-4a68-98e4-57bbbd4f58f6,questions.zorluk,5,4,2a sıralamaya göre yeniden (290 mantığı),3.53,20260612000318_soru_zorluk_yeniden_sirala
82118642-ac26-472b-8246-8626cfedbc63,questions.zorluk,5,4,2a sıralamaya göre yeniden (290 mantığı),3.47,20260612000318_soru_zorluk_yeniden_sirala
8a8fdf9d-269a-442f-b081-3be96f22db8f,questions.zorluk,4,3,2a sıralamaya göre yeniden (290 mantığı),2.95,20260612000318_soru_zorluk_yeniden_sirala
8cc5a507-f404-40d0-a06e-a5ba3270306e,questions.zorluk,5,4,2a sıralamaya göre yeniden (290 mantığı),3.5,20260612000318_soru_zorluk_yeniden_sirala
8f8857b0-2b62-4cad-b73e-c26640802063,questions.zorluk,4,3,2a sıralamaya göre yeniden (290 mantığı),3.04,20260612000318_soru_zorluk_yeniden_sirala
91fdee28-d136-49e8-a11b-3c285d2bee5d,questions.zorluk,5,4,2a sıralamaya göre yeniden (290 mantığı),3.62,20260612000318_soru_zorluk_yeniden_sirala
98e0cae1-c234-4d13-830d-e2ca20236314,questions.zorluk,5,4,2a sıralamaya göre yeniden (290 mantığı),3.58,20260612000318_soru_zorluk_yeniden_sirala
9ac0db7b-8e9a-4f92-b971-cd45fb6605c1,questions.zorluk,4,3,2a sıralamaya göre yeniden (290 mantığı),2.97,20260612000318_soru_zorluk_yeniden_sirala
9b2baa9d-f2c6-435f-bf36-2aa36a159582,questions.zorluk,4,3,2a sıralamaya göre yeniden (290 mantığı),2.82,20260612000318_soru_zorluk_yeniden_sirala
a162020d-5333-46a9-9d11-4d4f4a2f2a30,questions.zorluk,4,3,2a sıralamaya göre yeniden (290 mantığı),2.95,20260612000318_soru_zorluk_yeniden_sirala
a6c73221-33f5-4be9-8cde-ecae2e2437b2,questions.zorluk,4,3,2a sıralamaya göre yeniden (290 mantığı),2.83,20260612000318_soru_zorluk_yeniden_sirala
a7745b00-3fb3-4535-af04-abd8d695794c,questions.zorluk,4,3,2a sıralamaya göre yeniden (290 mantığı),2.89,20260612000318_soru_zorluk_yeniden_sirala
a98eb9ac-ab9e-46cd-9190-b5d86d1cbb83,questions.zorluk,5,4,2a sıralamaya göre yeniden (290 mantığı),3.46,20260612000318_soru_zorluk_yeniden_sirala
aa8ef7fd-956e-4c1a-a992-782bb62bd5a7,questions.zorluk,4,3,2a sıralamaya göre yeniden (290 mantığı),2.89,20260612000318_soru_zorluk_yeniden_sirala
ab0dc70b-afc7-4e54-aa92-0965da15400d,questions.zorluk,5,4,2a sıralamaya göre yeniden (290 mantığı),3.6,20260612000318_soru_zorluk_yeniden_sirala
b3d0d3a2-e628-4818-b854-7c8f961114db,questions.zorluk,5,4,2a sıralamaya göre yeniden (290 mantığı),3.61,20260612000318_soru_zorluk_yeniden_sirala
b4155c98-0c8a-4e49-982e-e344726c6b16,questions.zorluk,4,3,2a sıralamaya göre yeniden (290 mantığı),2.82,20260612000318_soru_zorluk_yeniden_sirala
b725402c-0a09-4859-b321-7c824d3855f2,questions.zorluk,5,4,2a sıralamaya göre yeniden (290 mantığı),3.63,20260612000318_soru_zorluk_yeniden_sirala
b91af395-0121-40c4-a5da-97eb942d2cba,questions.zorluk,5,4,2a sıralamaya göre yeniden (290 mantığı),3.53,20260612000318_soru_zorluk_yeniden_sirala
b9342d4f-23c6-4700-a5f4-e956e8f870dc,questions.zorluk,4,3,2a sıralamaya göre yeniden (290 mantığı),3.03,20260612000318_soru_zorluk_yeniden_sirala
bad40564-2b9a-40fb-9fc4-9fdeebdd6272,questions.zorluk,4,3,2a sıralamaya göre yeniden (290 mantığı),3.04,20260612000318_soru_zorluk_yeniden_sirala
bb692891-5f42-4c58-a3bc-911458e6bad9,questions.zorluk,5,4,2a sıralamaya göre yeniden (290 mantığı),3.51,20260612000318_soru_zorluk_yeniden_sirala
c2e835b4-82f3-434e-8564-61f33039cd54,questions.zorluk,4,3,2a sıralamaya göre yeniden (290 mantığı),2.98,20260612000318_soru_zorluk_yeniden_sirala
ce065c9f-c5f9-4a83-953e-5a40b571fa92,questions.zorluk,4,3,2a sıralamaya göre yeniden (290 mantığı),2.94,20260612000318_soru_zorluk_yeniden_sirala
d86336ee-7d60-4c0d-8a4a-9ee7adb6cdfa,questions.zorluk,4,3,2a sıralamaya göre yeniden (290 mantığı),2.84,20260612000318_soru_zorluk_yeniden_sirala
dc5a4164-92c6-4f95-bd24-674d5ba27cfb,questions.zorluk,4,3,2a sıralamaya göre yeniden (290 mantığı),2.85,20260612000318_soru_zorluk_yeniden_sirala
de1ac0eb-651b-4e1b-a51a-2a82f5f232a0,questions.zorluk,5,4,2a sıralamaya göre yeniden (290 mantığı),3.61,20260612000318_soru_zorluk_yeniden_sirala
dfb6c70a-8a61-46c8-8a09-d67427130a15,questions.zorluk,5,4,2a sıralamaya göre yeniden (290 mantığı),3.61,20260612000318_soru_zorluk_yeniden_sirala
e60b8cca-36ec-4cf2-b952-9cfddbce41ba,questions.zorluk,4,3,2a sıralamaya göre yeniden (290 mantığı),2.96,20260612000318_soru_zorluk_yeniden_sirala
e76288d5-e734-40a9-b6e7-1e33a3cfe36a,questions.zorluk,4,3,2a sıralamaya göre yeniden (290 mantığı),2.89,20260612000318_soru_zorluk_yeniden_sirala
f14c8bef-edbf-4362-b06c-143cbe78acf9,questions.zorluk,3,2,2a sıralamaya göre yeniden (290 mantığı),2.05,20260612000318_soru_zorluk_yeniden_sirala
f1e0b980-cfec-4c02-ba5b-21bbe340884a,questions.zorluk,4,3,2a sıralamaya göre yeniden (290 mantığı),3.04,20260612000318_soru_zorluk_yeniden_sirala
f7938892-bdc4-44b5-91a2-1438626a4659,questions.zorluk,5,4,2a sıralamaya göre yeniden (290 mantığı),3.51,20260612000318_soru_zorluk_yeniden_sirala
f851094c-8949-4cef-aaf0-83f66862667c,questions.zorluk,5,4,2a sıralamaya göre yeniden (290 mantığı),3.61,20260612000318_soru_zorluk_yeniden_sirala
fb58c74d-32a8-47f3-b202-d39af9497311,questions.zorluk,4,3,2a sıralamaya göre yeniden (290 mantığı),2.98,20260612000318_soru_zorluk_yeniden_sirala
fc3edd09-464f-4823-a817-7c8690f2ea57,questions.zorluk,4,3,2a sıralamaya göre yeniden (290 mantığı),3.05,20260612000318_soru_zorluk_yeniden_sirala
cc8ed594-3638-4cc2-bc1d-083d3f7a7e12,questions.zorluk,2,1,2a sıralamaya göre yeniden (290 mantığı),1.71,20260612000318_soru_zorluk_yeniden_sirala
0173d68b-6ee2-40d4-9640-c82e37c8e199,questions.zorluk,2,1,2a sıralamaya göre yeniden (290 mantığı),1.7,20260612000318_soru_zorluk_yeniden_sirala
297dbe8e-e338-4f37-b7be-30486f7f476c,questions.zorluk,2,1,2a sıralamaya göre yeniden (290 mantığı),1.67,20260612000318_soru_zorluk_yeniden_sirala
3f2e14f4-6c53-4611-be07-41a1db4c03f4,questions.zorluk,2,1,2a sıralamaya göre yeniden (290 mantığı),1.73,20260612000318_soru_zorluk_yeniden_sirala
3c330c48-338e-4bfb-a199-7fcc7b4130d7,questions.zorluk,2,1,2a sıralamaya göre yeniden (290 mantığı),1.7,20260612000318_soru_zorluk_yeniden_sirala
389a9ce4-f1c6-45af-9684-8ef2609d788a,questions.zorluk,2,1,2a sıralamaya göre yeniden (290 mantığı),1.71,20260612000318_soru_zorluk_yeniden_sirala
3e65ebc8-0a42-453b-bc08-5a11e3cf5390,questions.zorluk,2,1,2a sıralamaya göre yeniden (290 mantığı),1.72,20260612000318_soru_zorluk_yeniden_sirala
41b64cf1-977f-467c-87df-0dba88142d39,questions.zorluk,2,1,2a sıralamaya göre yeniden (290 mantığı),1.67,20260612000318_soru_zorluk_yeniden_sirala
3b9e7662-c291-4d20-9b51-78e583c244a9,questions.zorluk,2,1,2a sıralamaya göre yeniden (290 mantığı),1.7,20260612000318_soru_zorluk_yeniden_sirala
42e5aca9-0acf-4a88-8393-4ab1325fc61e,questions.zorluk,2,1,2a sıralamaya göre yeniden (290 mantığı),1.72,20260612000318_soru_zorluk_yeniden_sirala
028f6c31-8ac6-42b8-b52e-431d9e5076e0,questions.zorluk,2,1,2a sıralamaya göre yeniden (290 mantığı),1.73,20260612000318_soru_zorluk_yeniden_sirala
02dc101e-d99a-451f-b727-96962a0f230a,questions.zorluk,2,1,2a sıralamaya göre yeniden (290 mantığı),1.72,20260612000318_soru_zorluk_yeniden_sirala
01e8c52b-a691-4e07-b9e4-ccc4528c9021,questions.zorluk,2,1,2a sıralamaya göre yeniden (290 mantığı),1.69,20260612000318_soru_zorluk_yeniden_sirala
016865d3-945f-4fea-8c27-eed6d368bb11,questions.zorluk,2,1,2a sıralamaya göre yeniden (290 mantığı),1.72,20260612000318_soru_zorluk_yeniden_sirala
44428793-d87f-4e0e-aaf1-74c32697adbe,questions.zorluk,2,1,2a sıralamaya göre yeniden (290 mantığı),1.71,20260612000318_soru_zorluk_yeniden_sirala
441ade3b-3171-4cd4-842e-9ce02d24e485,questions.zorluk,2,1,2a sıralamaya göre yeniden (290 mantığı),1.66,20260612000318_soru_zorluk_yeniden_sirala
0737329e-1ad9-4e36-a270-2d43cd6a554d,questions.zorluk,2,1,2a sıralamaya göre yeniden (290 mantığı),1.67,20260612000318_soru_zorluk_yeniden_sirala
0cf75ca0-0761-4429-889f-7ebf5c8526d9,questions.zorluk,2,1,2a sıralamaya göre yeniden (290 mantığı),1.69,20260612000318_soru_zorluk_yeniden_sirala
0c03ac41-e980-4231-9557-0e1b2e8aeb96,questions.zorluk,2,1,2a sıralamaya göre yeniden (290 mantığı),1.71,20260612000318_soru_zorluk_yeniden_sirala
58910348-692f-4ef0-8d0d-31442785948d,questions.zorluk,2,1,2a sıralamaya göre yeniden (290 mantığı),1.72,20260612000318_soru_zorluk_yeniden_sirala
5a29cfc0-e73c-4f04-9829-f6a69c217f6f,questions.zorluk,2,1,2a sıralamaya göre yeniden (290 mantığı),1.66,20260612000318_soru_zorluk_yeniden_sirala
5cc7d0aa-2532-45a4-8fc3-278b46b6d927,questions.zorluk,2,1,2a sıralamaya göre yeniden (290 mantığı),1.68,20260612000318_soru_zorluk_yeniden_sirala
33951ba0-ff12-4e7a-9376-d72f33c1dedd,questions.zorluk,2,1,2a sıralamaya göre yeniden (290 mantığı),1.7,20260612000318_soru_zorluk_yeniden_sirala
704c3578-f7e6-4d43-8c76-da4d05fe3671,questions.zorluk,2,1,2a sıralamaya göre yeniden (290 mantığı),1.69,20260612000318_soru_zorluk_yeniden_sirala
2f9813f9-4a9f-4370-baf1-e6a58324e6ee,questions.zorluk,2,1,2a sıralamaya göre yeniden (290 mantığı),1.73,20260612000318_soru_zorluk_yeniden_sirala
7e50dce6-45d0-4f93-9d1a-6da2a6e5f394,questions.zorluk,2,1,2a sıralamaya göre yeniden (290 mantığı),1.68,20260612000318_soru_zorluk_yeniden_sirala
3fe54f2b-02ef-4982-bb2d-39e5cc0d83c7,questions.zorluk,2,1,2a sıralamaya göre yeniden (290 mantığı),1.66,20260612000318_soru_zorluk_yeniden_sirala
9f14be9d-fff5-4687-a1a8-4316dc507ebe,questions.zorluk,2,1,2a sıralamaya göre yeniden (290 mantığı),1.73,20260612000318_soru_zorluk_yeniden_sirala
af0f3731-24b5-46e9-92da-f1045726fb08,questions.zorluk,2,1,2a sıralamaya göre yeniden (290 mantığı),1.73,20260612000318_soru_zorluk_yeniden_sirala
b8411c7d-2bf2-4f19-a3c7-833c6919a46d,questions.zorluk,2,1,2a sıralamaya göre yeniden (290 mantığı),1.73,20260612000318_soru_zorluk_yeniden_sirala
c10ea738-77fd-4303-80e8-c16849cd127b,questions.zorluk,2,1,2a sıralamaya göre yeniden (290 mantığı),1.71,20260612000318_soru_zorluk_yeniden_sirala
d12b5bf8-ebd0-422a-933d-5b56eb79602a,questions.zorluk,2,1,2a sıralamaya göre yeniden (290 mantığı),1.68,20260612000318_soru_zorluk_yeniden_sirala
d4a67d87-2274-4e63-955d-66e3ee8e8349,questions.zorluk,2,1,2a sıralamaya göre yeniden (290 mantığı),1.67,20260612000318_soru_zorluk_yeniden_sirala
d3ee5bda-1ee0-4f4e-9503-d050f84ccad2,questions.zorluk,3,2,2a sıralamaya göre yeniden (290 mantığı),2.05,20260612000318_soru_zorluk_yeniden_sirala
828fb665-866b-4dcc-b653-25173958f4bc,questions.zorluk,2,1,2a sıralamaya göre yeniden (290 mantığı),1.68,20260612000318_soru_zorluk_yeniden_sirala
838535aa-7ff2-4eb7-90a1-5499cf4093e1,questions.zorluk,2,1,2a sıralamaya göre yeniden (290 mantığı),1.73,20260612000318_soru_zorluk_yeniden_sirala
70e8b6c3-89b8-4239-b747-3190526d324a,questions.zorluk,2,1,2a sıralamaya göre yeniden (290 mantığı),1.66,20260612000318_soru_zorluk_yeniden_sirala
34910010-024b-4472-9cd1-b7b32d3da8e1,questions.zorluk,2,1,2a sıralamaya göre yeniden (290 mantığı),1.66,20260612000318_soru_zorluk_yeniden_sirala
3ea71d33-1a0f-42fc-8718-f792f0bc6726,questions.zorluk,2,1,2a sıralamaya göre yeniden (290 mantığı),1.67,20260612000318_soru_zorluk_yeniden_sirala
a8b73b17-731a-4625-960a-729752dc16db,questions.zorluk,2,1,2a sıralamaya göre yeniden (290 mantığı),1.69,20260612000318_soru_zorluk_yeniden_sirala
0022e374-f386-488e-9aad-f4c221f5c305,questions.zorluk,2,1,2a sıralamaya göre yeniden (290 mantığı),1.69,20260612000318_soru_zorluk_yeniden_sirala
002c722e-75af-4ed2-b990-37a224cc61c7,questions.zorluk,2,1,2a sıralamaya göre yeniden (290 mantığı),1.67,20260612000318_soru_zorluk_yeniden_sirala
eb293ba9-636c-43dd-a24d-5118963f35ef,questions.zorluk,2,1,2a sıralamaya göre yeniden (290 mantığı),1.71,20260612000318_soru_zorluk_yeniden_sirala
b4e94981-1ad1-4983-a250-7c89e1f7008c,questions.zorluk,2,1,2a sıralamaya göre yeniden (290 mantığı),1.71,20260612000318_soru_zorluk_yeniden_sirala
bc7f0c2b-b259-41d5-add5-5c9259de6648,questions.zorluk,2,1,2a sıralamaya göre yeniden (290 mantığı),1.68,20260612000318_soru_zorluk_yeniden_sirala
5b009b95-6ec2-4f0c-83af-b6f086a74251,questions.zorluk,2,1,2a sıralamaya göre yeniden (290 mantığı),1.68,20260612000318_soru_zorluk_yeniden_sirala
d9412a99-0eb9-4445-8dfb-b161cbf96aef,questions.zorluk,2,1,2a sıralamaya göre yeniden (290 mantığı),1.7,20260612000318_soru_zorluk_yeniden_sirala
9db12a4e-7ccb-463c-b337-ac86f13c2886,questions.zorluk,2,1,2a sıralamaya göre yeniden (290 mantığı),1.67,20260612000318_soru_zorluk_yeniden_sirala
7174a19b-55f1-46eb-a138-67bd8165458b,questions.zorluk,2,1,2a sıralamaya göre yeniden (290 mantığı),1.68,20260612000318_soru_zorluk_yeniden_sirala
bfa1ebf9-0718-4dc9-8c8d-a6436d67da66,questions.zorluk,2,1,2a sıralamaya göre yeniden (290 mantığı),1.71,20260612000318_soru_zorluk_yeniden_sirala
83f4ff35-be4a-4834-8a8c-414711601451,questions.zorluk,2,1,2a sıralamaya göre yeniden (290 mantığı),1.69,20260612000318_soru_zorluk_yeniden_sirala
610a4ecf-6d82-42f0-a8d1-17c7a4c07d4d,questions.zorluk,2,1,2a sıralamaya göre yeniden (290 mantığı),1.7,20260612000318_soru_zorluk_yeniden_sirala
e5bdd987-206e-45da-9669-ea845ce3e61b,questions.zorluk,2,1,2a sıralamaya göre yeniden (290 mantığı),1.66,20260612000318_soru_zorluk_yeniden_sirala
40d95971-6216-46c9-9bf9-6a355a446e30,questions.zorluk,2,1,2a sıralamaya göre yeniden (290 mantığı),1.7,20260612000318_soru_zorluk_yeniden_sirala
33559a0a-e831-4071-a06d-361e99430e2c,questions.zorluk,2,1,2a sıralamaya göre yeniden (290 mantığı),1.67,20260612000318_soru_zorluk_yeniden_sirala
2786a1dc-671b-4b35-b9ae-0eaa3cb868e8,questions.zorluk,2,1,2a sıralamaya göre yeniden (290 mantığı),1.71,20260612000318_soru_zorluk_yeniden_sirala
08d0779a-62f8-4470-80d2-9c03c98449cd,questions.zorluk,2,1,2a sıralamaya göre yeniden (290 mantığı),1.66,20260612000318_soru_zorluk_yeniden_sirala
0a533414-1d49-44ba-878f-1bafe4b5aa69,questions.zorluk,2,1,2a sıralamaya göre yeniden (290 mantığı),1.68,20260612000318_soru_zorluk_yeniden_sirala
19519f26-184a-496b-a9f2-774eb366b638,questions.zorluk,2,1,2a sıralamaya göre yeniden (290 mantığı),1.68,20260612000318_soru_zorluk_yeniden_sirala
67e692fd-0bca-4e43-b24c-59db150e7fa8,questions.zorluk,2,1,2a sıralamaya göre yeniden (290 mantığı),1.72,20260612000318_soru_zorluk_yeniden_sirala
c496974e-9ada-48ee-ab58-d137f337ba09,questions.zorluk,4,3,2a sıralamaya göre yeniden (290 mantığı),3.03,20260612000318_soru_zorluk_yeniden_sirala
a1057071-ef5b-45f0-b7a3-ccec67eaef27,questions.zorluk,4,3,2a sıralamaya göre yeniden (290 mantığı),2.96,20260612000318_soru_zorluk_yeniden_sirala
0d977fa1-211a-4dc5-9385-76b58ddd56f3,questions.zorluk,4,3,2a sıralamaya göre yeniden (290 mantığı),2.89,20260612000318_soru_zorluk_yeniden_sirala
9051ae3f-ce34-421b-9b66-5cabca841a01,questions.zorluk,4,3,2a sıralamaya göre yeniden (290 mantığı),2.92,20260612000318_soru_zorluk_yeniden_sirala
15a8332f-edf0-467c-b9db-55ca4705e9b8,questions.zorluk,4,3,2a sıralamaya göre yeniden (290 mantığı),2.96,20260612000318_soru_zorluk_yeniden_sirala
25e094d5-0aab-48ac-a228-76b30fd99026,questions.zorluk,4,3,2a sıralamaya göre yeniden (290 mantığı),3.04,20260612000318_soru_zorluk_yeniden_sirala
261721ef-79f9-4dec-899d-da89e12f9e8f,questions.zorluk,4,3,2a sıralamaya göre yeniden (290 mantığı),3.04,20260612000318_soru_zorluk_yeniden_sirala
1cf3799f-a725-447c-aa47-c7b763790551,questions.zorluk,4,3,2a sıralamaya göre yeniden (290 mantığı),2.94,20260612000318_soru_zorluk_yeniden_sirala
297057c1-fdfe-4a74-a9b1-7a4c06fc4e91,questions.zorluk,4,3,2a sıralamaya göre yeniden (290 mantığı),2.95,20260612000318_soru_zorluk_yeniden_sirala
32ac4c78-1849-40a2-9a0b-f0bc8bd149d7,questions.zorluk,4,3,2a sıralamaya göre yeniden (290 mantığı),2.82,20260612000318_soru_zorluk_yeniden_sirala
32f3f7f5-d84f-4f43-a701-bb1e500a25bb,questions.zorluk,4,3,2a sıralamaya göre yeniden (290 mantığı),2.89,20260612000318_soru_zorluk_yeniden_sirala
41822ec6-eb82-4092-a669-20851769dc8d,questions.zorluk,4,3,2a sıralamaya göre yeniden (290 mantığı),2.83,20260612000318_soru_zorluk_yeniden_sirala
38ced966-6a60-4992-9f0a-48804b725af8,questions.zorluk,4,3,2a sıralamaya göre yeniden (290 mantığı),3.06,20260612000318_soru_zorluk_yeniden_sirala
3c530cdf-e490-4eea-a11e-a69ea3608a68,questions.zorluk,4,3,2a sıralamaya göre yeniden (290 mantığı),2.86,20260612000318_soru_zorluk_yeniden_sirala
3d1239a7-b93e-43f4-8500-4a9e49405303,questions.zorluk,4,3,2a sıralamaya göre yeniden (290 mantığı),2.93,20260612000318_soru_zorluk_yeniden_sirala
39d193fb-885e-46d1-95d2-e39469e6adeb,questions.zorluk,4,3,2a sıralamaya göre yeniden (290 mantığı),2.99,20260612000318_soru_zorluk_yeniden_sirala
37b70a02-892b-456a-8594-855efc7d21d8,questions.zorluk,4,3,2a sıralamaya göre yeniden (290 mantığı),2.93,20260612000318_soru_zorluk_yeniden_sirala
3929623e-4f0b-4aab-add0-82f5c16b253e,questions.zorluk,4,3,2a sıralamaya göre yeniden (290 mantığı),3.03,20260612000318_soru_zorluk_yeniden_sirala
39c9581b-de2a-45db-a0a3-a2f2e16faf94,questions.zorluk,4,3,2a sıralamaya göre yeniden (290 mantığı),2.82,20260612000318_soru_zorluk_yeniden_sirala
4052f8c7-3520-47a0-aa2d-b74d7648e0a0,questions.zorluk,4,3,2a sıralamaya göre yeniden (290 mantığı),2.98,20260612000318_soru_zorluk_yeniden_sirala
38b14207-f8cd-4f95-9a63-bd7d62d1b163,questions.zorluk,4,3,2a sıralamaya göre yeniden (290 mantığı),3.04,20260612000318_soru_zorluk_yeniden_sirala
3577ce17-c196-4b5f-a420-b9c3fb864f93,questions.zorluk,4,3,2a sıralamaya göre yeniden (290 mantığı),3,20260612000318_soru_zorluk_yeniden_sirala
3d07bed8-9f2e-4beb-9b35-a377919e30a8,questions.zorluk,4,3,2a sıralamaya göre yeniden (290 mantığı),3.01,20260612000318_soru_zorluk_yeniden_sirala
40602b63-ae43-4e71-a209-d2f15f9dc5dc,questions.zorluk,4,3,2a sıralamaya göre yeniden (290 mantığı),3,20260612000318_soru_zorluk_yeniden_sirala
48151915-3aeb-458c-a5fc-178d3271292b,questions.zorluk,4,3,2a sıralamaya göre yeniden (290 mantığı),2.9,20260612000318_soru_zorluk_yeniden_sirala
483cdf52-8ad9-4fe7-849a-2b455f0c77b5,questions.zorluk,4,3,2a sıralamaya göre yeniden (290 mantığı),2.88,20260612000318_soru_zorluk_yeniden_sirala
428e8944-8806-4121-8d8f-831f7fa28219,questions.zorluk,4,3,2a sıralamaya göre yeniden (290 mantığı),2.88,20260612000318_soru_zorluk_yeniden_sirala
a739abc2-954b-47ed-82f6-c9f507b7177c,questions.zorluk,4,3,2a sıralamaya göre yeniden (290 mantığı),2.89,20260612000318_soru_zorluk_yeniden_sirala
4f0ed94a-9f43-42c9-bb45-e9674e8a73e2,questions.zorluk,4,3,2a sıralamaya göre yeniden (290 mantığı),3.02,20260612000318_soru_zorluk_yeniden_sirala
4f99f7fe-f0ac-4e5a-85ee-5de068ef055a,questions.zorluk,4,3,2a sıralamaya göre yeniden (290 mantığı),2.9,20260612000318_soru_zorluk_yeniden_sirala
42cbd2ca-43fc-43a6-857b-3731f5d02e46,questions.zorluk,4,3,2a sıralamaya göre yeniden (290 mantığı),2.87,20260612000318_soru_zorluk_yeniden_sirala
4bffd686-3cee-48a1-831a-fca48347f330,questions.zorluk,4,3,2a sıralamaya göre yeniden (290 mantığı),3.05,20260612000318_soru_zorluk_yeniden_sirala
42e3cf46-d940-496e-a559-694464a9bde4,questions.zorluk,4,3,2a sıralamaya göre yeniden (290 mantığı),2.83,20260612000318_soru_zorluk_yeniden_sirala
44ccb0de-bf30-468b-a692-cab285b2c03a,questions.zorluk,4,3,2a sıralamaya göre yeniden (290 mantığı),2.93,20260612000318_soru_zorluk_yeniden_sirala
44ec7d1c-a387-4da1-a27f-cac23f8d9061,questions.zorluk,4,3,2a sıralamaya göre yeniden (290 mantığı),2.83,20260612000318_soru_zorluk_yeniden_sirala
00c9b382-85a2-42e4-8e82-ef360bdc43be,questions.zorluk,4,3,2a sıralamaya göre yeniden (290 mantığı),2.82,20260612000318_soru_zorluk_yeniden_sirala
4cba4817-cfd8-414c-8908-04c30ca1cd89,questions.zorluk,4,3,2a sıralamaya göre yeniden (290 mantığı),2.85,20260612000318_soru_zorluk_yeniden_sirala
4bea46ae-6660-46fd-bc49-4062508085d7,questions.zorluk,4,3,2a sıralamaya göre yeniden (290 mantığı),2.86,20260612000318_soru_zorluk_yeniden_sirala
4c3babe1-2e9e-4f8c-9391-811c7034b14f,questions.zorluk,4,3,2a sıralamaya göre yeniden (290 mantığı),2.85,20260612000318_soru_zorluk_yeniden_sirala
3489691c-ddab-419a-b113-59462ea1f20e,questions.zorluk,4,3,2a sıralamaya göre yeniden (290 mantığı),2.92,20260612000318_soru_zorluk_yeniden_sirala
4eef4fda-7689-4e4b-b7a4-3a51f1bf10b4,questions.zorluk,4,3,2a sıralamaya göre yeniden (290 mantığı),2.95,20260612000318_soru_zorluk_yeniden_sirala
08839563-a2b5-4d30-a928-3943b5e446be,questions.zorluk,4,3,2a sıralamaya göre yeniden (290 mantığı),2.82,20260612000318_soru_zorluk_yeniden_sirala
05c0fc39-108a-4f70-9d27-a52ff5790ef0,questions.zorluk,4,3,2a sıralamaya göre yeniden (290 mantığı),2.88,20260612000318_soru_zorluk_yeniden_sirala
47d2138f-e5d3-45bd-9e28-73a7d3cde7d6,questions.zorluk,4,3,2a sıralamaya göre yeniden (290 mantığı),2.95,20260612000318_soru_zorluk_yeniden_sirala
0611966c-6106-452f-921a-f2e9a2853dca,questions.zorluk,4,3,2a sıralamaya göre yeniden (290 mantığı),2.93,20260612000318_soru_zorluk_yeniden_sirala
5457c9f1-4a25-476b-8c93-8d73627582cf,questions.zorluk,4,3,2a sıralamaya göre yeniden (290 mantığı),2.83,20260612000318_soru_zorluk_yeniden_sirala
511ce317-26c4-4f55-8d3d-d151fca9e434,questions.zorluk,4,3,2a sıralamaya göre yeniden (290 mantığı),2.83,20260612000318_soru_zorluk_yeniden_sirala
53c1f6dc-764a-4929-97b1-452018afa27b,questions.zorluk,4,3,2a sıralamaya göre yeniden (290 mantığı),2.92,20260612000318_soru_zorluk_yeniden_sirala
53350081-5259-45c3-af18-2ca5cf9cb252,questions.zorluk,4,3,2a sıralamaya göre yeniden (290 mantığı),2.88,20260612000318_soru_zorluk_yeniden_sirala
579c0c84-2c79-4304-9b01-b14036e5a071,questions.zorluk,4,3,2a sıralamaya göre yeniden (290 mantığı),2.97,20260612000318_soru_zorluk_yeniden_sirala
19ece2f4-903f-4cd2-8d2e-dd708c8bb2b3,questions.zorluk,4,3,2a sıralamaya göre yeniden (290 mantığı),2.97,20260612000318_soru_zorluk_yeniden_sirala
529ceb87-873c-4180-bb8c-6c88b1ca5847,questions.zorluk,4,3,2a sıralamaya göre yeniden (290 mantığı),2.9,20260612000318_soru_zorluk_yeniden_sirala
5aec3b07-00fd-41c0-a19d-ed841e686bce,questions.zorluk,4,3,2a sıralamaya göre yeniden (290 mantığı),2.96,20260612000318_soru_zorluk_yeniden_sirala
51197ffd-b144-48b3-963c-3365c5fe343c,questions.zorluk,4,3,2a sıralamaya göre yeniden (290 mantığı),2.98,20260612000318_soru_zorluk_yeniden_sirala
542698c8-81ef-4265-85a2-ee0067e752ff,questions.zorluk,4,3,2a sıralamaya göre yeniden (290 mantığı),2.95,20260612000318_soru_zorluk_yeniden_sirala
67bb57fa-d8e1-4cf3-97b6-65a78f4c5cad,questions.zorluk,4,3,2a sıralamaya göre yeniden (290 mantığı),3.06,20260612000318_soru_zorluk_yeniden_sirala
656446f6-4fc4-4deb-82e3-ae10b5fc1dc8,questions.zorluk,4,3,2a sıralamaya göre yeniden (290 mantığı),3.05,20260612000318_soru_zorluk_yeniden_sirala
672cb950-a887-4df4-a5b8-9f66424d5bd4,questions.zorluk,4,3,2a sıralamaya göre yeniden (290 mantığı),3.06,20260612000318_soru_zorluk_yeniden_sirala
660b40a0-448e-4280-b762-374036b4173d,questions.zorluk,4,3,2a sıralamaya göre yeniden (290 mantığı),3.05,20260612000318_soru_zorluk_yeniden_sirala
5fcd5f86-3bb0-48c6-a7cc-e8ddceaf5645,questions.zorluk,4,3,2a sıralamaya göre yeniden (290 mantığı),3.06,20260612000318_soru_zorluk_yeniden_sirala
61916db6-a861-4252-bb2a-4827a25cf53c,questions.zorluk,4,3,2a sıralamaya göre yeniden (290 mantığı),2.94,20260612000318_soru_zorluk_yeniden_sirala
6b2a4d16-aea0-4a36-93a8-102253bf3f50,questions.zorluk,4,3,2a sıralamaya göre yeniden (290 mantığı),2.83,20260612000318_soru_zorluk_yeniden_sirala
6b536bac-b907-4f50-b364-3caf11d480c6,questions.zorluk,4,3,2a sıralamaya göre yeniden (290 mantığı),2.99,20260612000318_soru_zorluk_yeniden_sirala
74185f3e-9743-484f-99b6-7c62109fba7d,questions.zorluk,4,3,2a sıralamaya göre yeniden (290 mantığı),3.05,20260612000318_soru_zorluk_yeniden_sirala
738ac32b-8c6e-4c14-803c-eb3abdf8ee0d,questions.zorluk,4,3,2a sıralamaya göre yeniden (290 mantığı),2.92,20260612000318_soru_zorluk_yeniden_sirala
71158a0c-95c8-4a39-84b2-6bbdc786392e,questions.zorluk,4,3,2a sıralamaya göre yeniden (290 mantığı),3.06,20260612000318_soru_zorluk_yeniden_sirala
743ae3dd-1fc9-4258-bd62-9149cbaa2f45,questions.zorluk,4,3,2a sıralamaya göre yeniden (290 mantığı),2.92,20260612000318_soru_zorluk_yeniden_sirala
216a5ab4-73e4-4f0e-81b7-43100a3f1f05,questions.zorluk,4,3,2a sıralamaya göre yeniden (290 mantığı),3.06,20260612000318_soru_zorluk_yeniden_sirala
75344485-09b1-40dd-bfaf-54a6fb0b241d,questions.zorluk,4,3,2a sıralamaya göre yeniden (290 mantığı),2.95,20260612000318_soru_zorluk_yeniden_sirala
6fa9dd9f-70f1-4a34-9745-ebefeff3ffd7,questions.zorluk,4,3,2a sıralamaya göre yeniden (290 mantığı),3.06,20260612000318_soru_zorluk_yeniden_sirala
6ceea129-320e-4da7-9fd4-4003d310435c,questions.zorluk,4,3,2a sıralamaya göre yeniden (290 mantığı),2.89,20260612000318_soru_zorluk_yeniden_sirala
727311cc-2214-4c80-a078-31581e9ce17c,questions.zorluk,4,3,2a sıralamaya göre yeniden (290 mantığı),3.02,20260612000318_soru_zorluk_yeniden_sirala
7032b1bd-a78f-4ab8-b17a-0375fd844a01,questions.zorluk,4,3,2a sıralamaya göre yeniden (290 mantığı),2.82,20260612000318_soru_zorluk_yeniden_sirala
6ceb422d-2a99-436c-ad7a-6fcd5d3614c2,questions.zorluk,4,3,2a sıralamaya göre yeniden (290 mantığı),2.87,20260612000318_soru_zorluk_yeniden_sirala
6ffb44eb-76ba-415e-819c-c460c14d45ff,questions.zorluk,4,3,2a sıralamaya göre yeniden (290 mantığı),3,20260612000318_soru_zorluk_yeniden_sirala
726b3c2b-e823-4078-a111-8c7021253d60,questions.zorluk,4,3,2a sıralamaya göre yeniden (290 mantığı),2.86,20260612000318_soru_zorluk_yeniden_sirala
79285465-4a4d-4647-b17d-e016c884a756,questions.zorluk,4,3,2a sıralamaya göre yeniden (290 mantığı),2.87,20260612000318_soru_zorluk_yeniden_sirala
7b762f24-bdd3-4880-91ea-f5566c360cd1,questions.zorluk,4,3,2a sıralamaya göre yeniden (290 mantığı),2.96,20260612000318_soru_zorluk_yeniden_sirala
7b1889d4-a29b-46c8-b12b-7713ad9e5d21,questions.zorluk,4,3,2a sıralamaya göre yeniden (290 mantığı),2.92,20260612000318_soru_zorluk_yeniden_sirala
8296bf63-cc29-4d18-8dce-f0d363c0fb2b,questions.zorluk,4,3,2a sıralamaya göre yeniden (290 mantığı),2.98,20260612000318_soru_zorluk_yeniden_sirala
82a9680e-81ee-4b6b-bd25-ef8277bc0148,questions.zorluk,4,3,2a sıralamaya göre yeniden (290 mantığı),2.93,20260612000318_soru_zorluk_yeniden_sirala
7f3b1166-c619-4054-807c-164f016b9d4c,questions.zorluk,4,3,2a sıralamaya göre yeniden (290 mantığı),2.87,20260612000318_soru_zorluk_yeniden_sirala
7c442124-b165-4474-96a3-b9ce5e7ec02a,questions.zorluk,4,3,2a sıralamaya göre yeniden (290 mantığı),2.86,20260612000318_soru_zorluk_yeniden_sirala
94f5cd71-e85a-4cc1-ad86-17802964b34b,questions.zorluk,4,3,2a sıralamaya göre yeniden (290 mantığı),2.88,20260612000318_soru_zorluk_yeniden_sirala
9244d1b3-704e-4bc4-8eff-1533522cc447,questions.zorluk,4,3,2a sıralamaya göre yeniden (290 mantığı),3.05,20260612000318_soru_zorluk_yeniden_sirala
9436744b-b274-4a9d-8611-60ce7a0193c3,questions.zorluk,4,3,2a sıralamaya göre yeniden (290 mantığı),3.03,20260612000318_soru_zorluk_yeniden_sirala
914579c3-7225-40da-852f-9f7af8a9d958,questions.zorluk,4,3,2a sıralamaya göre yeniden (290 mantığı),3.02,20260612000318_soru_zorluk_yeniden_sirala
a341d0a2-20cf-42aa-b8cb-b6c3729e06fe,questions.zorluk,4,3,2a sıralamaya göre yeniden (290 mantığı),2.85,20260612000318_soru_zorluk_yeniden_sirala
a63aa530-fd3f-4a5a-b753-073649ca2013,questions.zorluk,4,3,2a sıralamaya göre yeniden (290 mantığı),2.93,20260612000318_soru_zorluk_yeniden_sirala
a73aaf6c-0099-4a94-82d7-c261686ef6fa,questions.zorluk,4,3,2a sıralamaya göre yeniden (290 mantığı),2.83,20260612000318_soru_zorluk_yeniden_sirala
a91f8b98-f72c-432b-aedc-fbb8566192e7,questions.zorluk,4,3,2a sıralamaya göre yeniden (290 mantığı),2.86,20260612000318_soru_zorluk_yeniden_sirala
a853b0a3-248a-4268-8f95-a7ba9e42411d,questions.zorluk,4,3,2a sıralamaya göre yeniden (290 mantığı),2.93,20260612000318_soru_zorluk_yeniden_sirala
a53dba6d-17af-4ea9-84bf-fc37bb4917b9,questions.zorluk,4,3,2a sıralamaya göre yeniden (290 mantığı),3.02,20260612000318_soru_zorluk_yeniden_sirala
aa8dc4ff-12bb-445a-b852-9e7a4527a208,questions.zorluk,4,3,2a sıralamaya göre yeniden (290 mantığı),2.89,20260612000318_soru_zorluk_yeniden_sirala
b2771794-3e38-44e0-b04d-0e6f7ab22e7b,questions.zorluk,4,3,2a sıralamaya göre yeniden (290 mantığı),2.92,20260612000318_soru_zorluk_yeniden_sirala
aef01fca-6ea8-40a9-b31a-d72b434e96be,questions.zorluk,4,3,2a sıralamaya göre yeniden (290 mantığı),2.84,20260612000318_soru_zorluk_yeniden_sirala
b48903c1-848a-4819-adda-c2ee0de57f09,questions.zorluk,4,3,2a sıralamaya göre yeniden (290 mantığı),3,20260612000318_soru_zorluk_yeniden_sirala
ab5639bb-d35b-4f63-b802-531faaaf8032,questions.zorluk,4,3,2a sıralamaya göre yeniden (290 mantığı),2.95,20260612000318_soru_zorluk_yeniden_sirala
4333dc78-38b2-4add-ba7c-318dfc4691a9,questions.zorluk,4,3,2a sıralamaya göre yeniden (290 mantığı),2.91,20260612000318_soru_zorluk_yeniden_sirala
434594a7-4e2e-4b05-abc8-e8fa930f9e76,questions.zorluk,4,3,2a sıralamaya göre yeniden (290 mantığı),3,20260612000318_soru_zorluk_yeniden_sirala
bda743b5-7ffb-461d-9e58-b0d98575570c,questions.zorluk,4,3,2a sıralamaya göre yeniden (290 mantığı),3,20260612000318_soru_zorluk_yeniden_sirala
bfbc092a-2c54-4a25-83db-2570dfeb7d40,questions.zorluk,4,3,2a sıralamaya göre yeniden (290 mantığı),2.85,20260612000318_soru_zorluk_yeniden_sirala
bbc39d85-bc15-46ce-8d22-25f8bb2bc9e7,questions.zorluk,4,3,2a sıralamaya göre yeniden (290 mantığı),2.89,20260612000318_soru_zorluk_yeniden_sirala
b6f35414-72c5-4ca0-b182-84e2d8a528b8,questions.zorluk,4,3,2a sıralamaya göre yeniden (290 mantığı),2.98,20260612000318_soru_zorluk_yeniden_sirala
c23c3681-831a-443e-b64f-3b60c79b4775,questions.zorluk,4,3,2a sıralamaya göre yeniden (290 mantığı),2.87,20260612000318_soru_zorluk_yeniden_sirala
b42f3865-83af-4e50-b3c4-73a76881cd4b,questions.zorluk,4,3,2a sıralamaya göre yeniden (290 mantığı),3.05,20260612000318_soru_zorluk_yeniden_sirala
b6cf7478-dd12-4d7d-b93b-612e74007dca,questions.zorluk,4,3,2a sıralamaya göre yeniden (290 mantığı),2.92,20260612000318_soru_zorluk_yeniden_sirala
bb68d9a8-1ef8-4f00-b243-589a011f519d,questions.zorluk,4,3,2a sıralamaya göre yeniden (290 mantığı),3.03,20260612000318_soru_zorluk_yeniden_sirala
417ae98e-fa7b-4f09-8fd2-ffe8a945406d,questions.zorluk,4,3,2a sıralamaya göre yeniden (290 mantığı),2.96,20260612000318_soru_zorluk_yeniden_sirala
d06ce618-744a-4da5-a651-b3f6c01d2436,questions.zorluk,4,3,2a sıralamaya göre yeniden (290 mantığı),2.99,20260612000318_soru_zorluk_yeniden_sirala
494f4150-7e67-4659-81fb-11d3200609ee,questions.zorluk,4,3,2a sıralamaya göre yeniden (290 mantığı),3.03,20260612000318_soru_zorluk_yeniden_sirala
c2f8621e-4334-45d1-b83a-cc6b6c517370,questions.zorluk,4,3,2a sıralamaya göre yeniden (290 mantığı),2.99,20260612000318_soru_zorluk_yeniden_sirala
c3edfc6c-e720-4127-9dca-2cb5bb38ba1c,questions.zorluk,4,3,2a sıralamaya göre yeniden (290 mantığı),2.92,20260612000318_soru_zorluk_yeniden_sirala
cc63ca83-20c4-4239-9b04-666d4b7231ee,questions.zorluk,4,3,2a sıralamaya göre yeniden (290 mantığı),2.92,20260612000318_soru_zorluk_yeniden_sirala
c6b9fcda-2636-4f12-80e4-40e35dbc228a,questions.zorluk,4,3,2a sıralamaya göre yeniden (290 mantığı),2.97,20260612000318_soru_zorluk_yeniden_sirala
c579dc24-d187-42a8-98f7-074fbed8fa46,questions.zorluk,4,3,2a sıralamaya göre yeniden (290 mantığı),2.82,20260612000318_soru_zorluk_yeniden_sirala
c916da66-8576-456d-9a13-ecdc459224f3,questions.zorluk,4,3,2a sıralamaya göre yeniden (290 mantığı),2.94,20260612000318_soru_zorluk_yeniden_sirala
d826ade4-424c-4640-b872-956381deaa5d,questions.zorluk,4,3,2a sıralamaya göre yeniden (290 mantığı),2.94,20260612000318_soru_zorluk_yeniden_sirala
dc5723c0-69d4-463a-858d-1376c8f28a00,questions.zorluk,4,3,2a sıralamaya göre yeniden (290 mantığı),2.89,20260612000318_soru_zorluk_yeniden_sirala
d511e986-d19b-4c13-aae1-03a2820df694,questions.zorluk,4,3,2a sıralamaya göre yeniden (290 mantığı),3.06,20260612000318_soru_zorluk_yeniden_sirala
d57a8685-8a74-4758-acb6-63d530bb02b8,questions.zorluk,4,3,2a sıralamaya göre yeniden (290 mantığı),2.83,20260612000318_soru_zorluk_yeniden_sirala
dcefa44d-b965-4e67-9e30-c871a4ef4b57,questions.zorluk,4,3,2a sıralamaya göre yeniden (290 mantığı),3,20260612000318_soru_zorluk_yeniden_sirala
db3bb10e-bea9-4098-a317-134d1b7a6706,questions.zorluk,4,3,2a sıralamaya göre yeniden (290 mantığı),2.97,20260612000318_soru_zorluk_yeniden_sirala
d6384d7f-4cd4-4ee3-bf4e-c80a244c0ac2,questions.zorluk,4,3,2a sıralamaya göre yeniden (290 mantığı),3.02,20260612000318_soru_zorluk_yeniden_sirala
d9579ca3-24f0-4bd9-a3e1-75312dc9f6dc,questions.zorluk,4,3,2a sıralamaya göre yeniden (290 mantığı),2.98,20260612000318_soru_zorluk_yeniden_sirala
d6cf2414-62d8-4fd5-bcd8-b5d14a893e2e,questions.zorluk,4,3,2a sıralamaya göre yeniden (290 mantığı),3,20260612000318_soru_zorluk_yeniden_sirala
d6fdc1ee-2f9b-41ed-807e-85b0139ee6b0,questions.zorluk,4,3,2a sıralamaya göre yeniden (290 mantığı),2.82,20260612000318_soru_zorluk_yeniden_sirala
d51ebadf-ca15-4399-a2b1-0150d17517c9,questions.zorluk,4,3,2a sıralamaya göre yeniden (290 mantığı),2.83,20260612000318_soru_zorluk_yeniden_sirala
dc4a9ab3-4fef-41f3-9439-7029211b761b,questions.zorluk,4,3,2a sıralamaya göre yeniden (290 mantığı),2.88,20260612000318_soru_zorluk_yeniden_sirala
de1d7805-3763-4b36-9b4e-9621e88dfeb2,questions.zorluk,4,3,2a sıralamaya göre yeniden (290 mantığı),2.97,20260612000318_soru_zorluk_yeniden_sirala
e5c4fe0f-88d0-4072-8697-d1d313b0294c,questions.zorluk,4,3,2a sıralamaya göre yeniden (290 mantığı),2.93,20260612000318_soru_zorluk_yeniden_sirala
e647fc12-e41e-46b6-86a0-2dee005ad07a,questions.zorluk,4,3,2a sıralamaya göre yeniden (290 mantığı),3,20260612000318_soru_zorluk_yeniden_sirala
69abe54c-0f52-4950-9364-c6160c6d8544,questions.zorluk,4,3,2a sıralamaya göre yeniden (290 mantığı),3.01,20260612000318_soru_zorluk_yeniden_sirala
eae18df3-1805-4291-be80-171fad830d63,questions.zorluk,4,3,2a sıralamaya göre yeniden (290 mantığı),3.02,20260612000318_soru_zorluk_yeniden_sirala
e31c6490-2a38-44d7-a7e1-e20cc67bc968,questions.zorluk,4,3,2a sıralamaya göre yeniden (290 mantığı),2.89,20260612000318_soru_zorluk_yeniden_sirala
e80838d3-7f21-4fa7-a9e0-bc4d56009e70,questions.zorluk,4,3,2a sıralamaya göre yeniden (290 mantığı),3.03,20260612000318_soru_zorluk_yeniden_sirala
e5f3ef0b-7279-4076-9b92-65a25b588e01,questions.zorluk,4,3,2a sıralamaya göre yeniden (290 mantığı),2.9,20260612000318_soru_zorluk_yeniden_sirala
e6dcf1ed-d86f-473c-b917-83828c49c6f3,questions.zorluk,4,3,2a sıralamaya göre yeniden (290 mantığı),2.82,20260612000318_soru_zorluk_yeniden_sirala
e11a37b6-f1c7-49e2-99bd-62fef626b0cd,questions.zorluk,4,3,2a sıralamaya göre yeniden (290 mantığı),2.92,20260612000318_soru_zorluk_yeniden_sirala
e701b194-73d8-4482-bfb5-55bb31dc8c9f,questions.zorluk,4,3,2a sıralamaya göre yeniden (290 mantığı),2.94,20260612000318_soru_zorluk_yeniden_sirala
e3c9350e-c9de-48f3-a206-7687b4ace185,questions.zorluk,4,3,2a sıralamaya göre yeniden (290 mantığı),3.04,20260612000318_soru_zorluk_yeniden_sirala
e31da318-aa11-479d-9a9c-eed0b2f789b3,questions.zorluk,4,3,2a sıralamaya göre yeniden (290 mantığı),3.06,20260612000318_soru_zorluk_yeniden_sirala
ecfe1882-2aff-4eb3-8875-0715999036d5,questions.zorluk,4,3,2a sıralamaya göre yeniden (290 mantığı),2.96,20260612000318_soru_zorluk_yeniden_sirala
f384ac7e-ba09-4d2d-bfef-9172b707ae17,questions.zorluk,4,3,2a sıralamaya göre yeniden (290 mantığı),2.9,20260612000318_soru_zorluk_yeniden_sirala
ee81d516-3d9d-4bd9-a5fb-ffea5646103d,questions.zorluk,4,3,2a sıralamaya göre yeniden (290 mantığı),2.93,20260612000318_soru_zorluk_yeniden_sirala
6f320d39-5a3b-4d10-805f-eb75986f2fe0,questions.zorluk,4,3,2a sıralamaya göre yeniden (290 mantığı),2.95,20260612000318_soru_zorluk_yeniden_sirala
eb816e57-adc4-4097-9ac3-753d3c746564,questions.zorluk,4,3,2a sıralamaya göre yeniden (290 mantığı),2.98,20260612000318_soru_zorluk_yeniden_sirala
f73c4940-87cb-4521-a39f-0afc1daf39f6,questions.zorluk,4,3,2a sıralamaya göre yeniden (290 mantığı),2.98,20260612000318_soru_zorluk_yeniden_sirala
f86c27f5-a215-4a7d-bcd0-a52ceaf9c380,questions.zorluk,4,3,2a sıralamaya göre yeniden (290 mantığı),2.94,20260612000318_soru_zorluk_yeniden_sirala
f885ee49-fd56-4b7b-9839-d33bc6c4af0f,questions.zorluk,4,3,2a sıralamaya göre yeniden (290 mantığı),3.03,20260612000318_soru_zorluk_yeniden_sirala
6ad41d6a-6d32-477f-89af-f8c42d2349bc,questions.zorluk,4,3,2a sıralamaya göre yeniden (290 mantığı),2.86,20260612000318_soru_zorluk_yeniden_sirala
f9f6c691-cebd-4414-82eb-54d0f16cdf95,questions.zorluk,4,3,2a sıralamaya göre yeniden (290 mantığı),2.89,20260612000318_soru_zorluk_yeniden_sirala
ff020bcf-667b-4bff-abcc-616f6fbde881,questions.zorluk,4,3,2a sıralamaya göre yeniden (290 mantığı),2.9,20260612000318_soru_zorluk_yeniden_sirala
7598fe2d-cca2-439c-9ed2-cd18775311c2,questions.zorluk,4,3,2a sıralamaya göre yeniden (290 mantığı),2.89,20260612000318_soru_zorluk_yeniden_sirala
52c69c93-3e76-42ff-85c5-33967b34868d,questions.zorluk,4,3,2a sıralamaya göre yeniden (290 mantığı),2.88,20260612000318_soru_zorluk_yeniden_sirala
91e5c7b4-642a-47e3-9780-12f1deba1600,questions.zorluk,4,3,2a sıralamaya göre yeniden (290 mantığı),3.06,20260612000318_soru_zorluk_yeniden_sirala
a5b2f3cf-4e42-4590-8c79-8fb8a812869c,questions.zorluk,4,3,2a sıralamaya göre yeniden (290 mantığı),2.9,20260612000318_soru_zorluk_yeniden_sirala
a41b02f8-dff8-4b44-be7b-0eaa14057b01,questions.zorluk,4,3,2a sıralamaya göre yeniden (290 mantığı),3.04,20260612000318_soru_zorluk_yeniden_sirala
3573c4e5-da3c-498c-acc3-055f144c63ba,questions.zorluk,4,3,2a sıralamaya göre yeniden (290 mantığı),2.98,20260612000318_soru_zorluk_yeniden_sirala
3b51b1b6-7642-4259-95d1-1e977fd10567,questions.zorluk,4,3,2a sıralamaya göre yeniden (290 mantığı),2.96,20260612000318_soru_zorluk_yeniden_sirala
bb477813-00d2-4d70-9f76-0c7efc000031,questions.zorluk,4,3,2a sıralamaya göre yeniden (290 mantığı),2.9,20260612000318_soru_zorluk_yeniden_sirala
72fe0d1e-b4c2-404f-a305-bd81cbb3a5ed,questions.zorluk,4,3,2a sıralamaya göre yeniden (290 mantığı),2.91,20260612000318_soru_zorluk_yeniden_sirala
7c6e850f-3b5b-44bc-87f3-414890634098,questions.zorluk,4,3,2a sıralamaya göre yeniden (290 mantığı),2.89,20260612000318_soru_zorluk_yeniden_sirala
cb875069-ee02-4f99-b210-8d5c98634fee,questions.zorluk,4,3,2a sıralamaya göre yeniden (290 mantığı),3,20260612000318_soru_zorluk_yeniden_sirala
ce9798fc-d5d8-407f-8118-2e4d72742d8f,questions.zorluk,4,3,2a sıralamaya göre yeniden (290 mantığı),3.04,20260612000318_soru_zorluk_yeniden_sirala
d2be4fcf-cef0-4ace-952d-dbaa5eb30ca3,questions.zorluk,4,3,2a sıralamaya göre yeniden (290 mantığı),3,20260612000318_soru_zorluk_yeniden_sirala
db114472-fb9a-4092-a24f-2bdf3f32157d,questions.zorluk,4,3,2a sıralamaya göre yeniden (290 mantığı),2.87,20260612000318_soru_zorluk_yeniden_sirala
4863982b-6291-4b85-9d84-fccd96f7d726,questions.zorluk,4,3,2a sıralamaya göre yeniden (290 mantığı),2.84,20260612000318_soru_zorluk_yeniden_sirala
63273cdf-628b-4abf-ae8b-ab48a03d87df,questions.zorluk,4,3,2a sıralamaya göre yeniden (290 mantığı),2.84,20260612000318_soru_zorluk_yeniden_sirala
6375e347-b409-4005-8856-5886cf9f3073,questions.zorluk,4,3,2a sıralamaya göre yeniden (290 mantığı),2.99,20260612000318_soru_zorluk_yeniden_sirala
77a2b7af-77e2-4269-a89d-fc9cd465950a,questions.zorluk,4,3,2a sıralamaya göre yeniden (290 mantığı),2.85,20260612000318_soru_zorluk_yeniden_sirala
a165226e-4903-4361-a6ea-7b7d720a9d1f,questions.zorluk,4,3,2a sıralamaya göre yeniden (290 mantığı),3,20260612000318_soru_zorluk_yeniden_sirala
8154b51c-313b-445f-812f-b096e0847b5c,questions.zorluk,4,3,2a sıralamaya göre yeniden (290 mantığı),2.93,20260612000318_soru_zorluk_yeniden_sirala
a82f44f5-be3e-4feb-93c9-87316c25329d,questions.zorluk,4,3,2a sıralamaya göre yeniden (290 mantığı),3.06,20260612000318_soru_zorluk_yeniden_sirala
10bdb9b2-e6a0-483b-9afe-a68823f2c615,questions.zorluk,4,3,2a sıralamaya göre yeniden (290 mantığı),2.89,20260612000318_soru_zorluk_yeniden_sirala
15524a99-9eca-4be3-8376-219441cc1d8b,questions.zorluk,4,3,2a sıralamaya göre yeniden (290 mantığı),2.83,20260612000318_soru_zorluk_yeniden_sirala
1b5392f5-c272-4ef7-b381-04b87ac2482f,questions.zorluk,4,3,2a sıralamaya göre yeniden (290 mantığı),2.94,20260612000318_soru_zorluk_yeniden_sirala
3b8f5bf4-0051-458d-85fa-be634404e99d,questions.zorluk,4,3,2a sıralamaya göre yeniden (290 mantığı),2.86,20260612000318_soru_zorluk_yeniden_sirala
41f5d1ed-b106-422d-b841-03e07b241d87,questions.zorluk,4,3,2a sıralamaya göre yeniden (290 mantığı),2.95,20260612000318_soru_zorluk_yeniden_sirala
4a392a66-cd54-45c3-b2ad-24768dbbafc4,questions.zorluk,4,3,2a sıralamaya göre yeniden (290 mantığı),2.93,20260612000318_soru_zorluk_yeniden_sirala
4c45f505-ae63-46dc-8865-cf34b5a14bb4,questions.zorluk,4,3,2a sıralamaya göre yeniden (290 mantığı),2.86,20260612000318_soru_zorluk_yeniden_sirala
5e614988-4ada-4711-a54d-e44f636b487c,questions.zorluk,4,3,2a sıralamaya göre yeniden (290 mantığı),2.94,20260612000318_soru_zorluk_yeniden_sirala
5e7d4ed1-a4b0-4d13-9766-1464bdd6410c,questions.zorluk,4,3,2a sıralamaya göre yeniden (290 mantığı),2.87,20260612000318_soru_zorluk_yeniden_sirala
65f1e790-8fea-4958-9ae9-97a2758b9e58,questions.zorluk,4,3,2a sıralamaya göre yeniden (290 mantığı),2.82,20260612000318_soru_zorluk_yeniden_sirala
9a270661-7d18-40c4-8a3c-2b5addb42e4a,questions.zorluk,4,3,2a sıralamaya göre yeniden (290 mantığı),3.05,20260612000318_soru_zorluk_yeniden_sirala
80caa2bb-1db5-4a8c-a17b-175d96e21852,questions.zorluk,4,3,2a sıralamaya göre yeniden (290 mantığı),2.97,20260612000318_soru_zorluk_yeniden_sirala
b303ca52-88d4-425e-9871-5e20b6e525f8,questions.zorluk,4,3,2a sıralamaya göre yeniden (290 mantığı),2.89,20260612000318_soru_zorluk_yeniden_sirala
c762c0e8-62ee-477e-8d37-79580804600c,questions.zorluk,4,3,2a sıralamaya göre yeniden (290 mantığı),2.88,20260612000318_soru_zorluk_yeniden_sirala
e437da1c-9e8b-41a4-9481-798f93624e5a,questions.zorluk,4,3,2a sıralamaya göre yeniden (290 mantığı),2.88,20260612000318_soru_zorluk_yeniden_sirala
e8aa8574-9852-4047-82f8-8be208774aa4,questions.zorluk,4,3,2a sıralamaya göre yeniden (290 mantığı),2.91,20260612000318_soru_zorluk_yeniden_sirala
1b72d8f3-3e59-48e4-bf24-f8e9fed493a3,questions.zorluk,4,3,2a sıralamaya göre yeniden (290 mantığı),2.97,20260612000318_soru_zorluk_yeniden_sirala
73cc7434-195b-423e-a933-fc8b5b3ed5e6,questions.zorluk,4,3,2a sıralamaya göre yeniden (290 mantığı),2.99,20260612000318_soru_zorluk_yeniden_sirala
7a0b9f15-1060-4df2-8448-f2e503e01b73,questions.zorluk,4,3,2a sıralamaya göre yeniden (290 mantığı),3.03,20260612000318_soru_zorluk_yeniden_sirala
bd2d80c9-a170-49b5-a8d9-9dde5e6270a6,questions.zorluk,4,3,2a sıralamaya göre yeniden (290 mantığı),2.98,20260612000318_soru_zorluk_yeniden_sirala
cd655c63-da8e-49e5-bf3c-ffd050b3f825,questions.zorluk,4,3,2a sıralamaya göre yeniden (290 mantığı),2.99,20260612000318_soru_zorluk_yeniden_sirala
238e83de-f588-4335-9a1a-27908e0a4017,questions.zorluk,4,3,2a sıralamaya göre yeniden (290 mantığı),2.85,20260612000318_soru_zorluk_yeniden_sirala
2461d4ee-18e8-4373-b768-8b26fd0497ce,questions.zorluk,4,3,2a sıralamaya göre yeniden (290 mantığı),3.01,20260612000318_soru_zorluk_yeniden_sirala
9aa3b545-a2e3-41e9-bc3f-6fd1cf458aa5,questions.zorluk,4,3,2a sıralamaya göre yeniden (290 mantığı),2.9,20260612000318_soru_zorluk_yeniden_sirala
ad94d706-b836-42f9-b739-1c3e3aabde91,questions.zorluk,4,3,2a sıralamaya göre yeniden (290 mantığı),2.92,20260612000318_soru_zorluk_yeniden_sirala
8a06cc7a-89c5-4ff1-8a4b-b513974c3593,questions.zorluk,4,3,2a sıralamaya göre yeniden (290 mantığı),2.93,20260612000318_soru_zorluk_yeniden_sirala
f5d281cb-b7bc-471b-9839-d64a5fbdd920,questions.zorluk,4,3,2a sıralamaya göre yeniden (290 mantığı),2.99,20260612000318_soru_zorluk_yeniden_sirala
f88a0d24-9ee9-4570-8320-4a42812e7504,questions.zorluk,4,3,2a sıralamaya göre yeniden (290 mantığı),2.88,20260612000318_soru_zorluk_yeniden_sirala
b004e8f8-b555-4cf6-b0e4-597bf9d62ca5,questions.zorluk,4,3,2a sıralamaya göre yeniden (290 mantığı),3.06,20260612000318_soru_zorluk_yeniden_sirala
addd2bfb-58cb-4b55-976f-03bee13046e1,questions.zorluk,4,3,2a sıralamaya göre yeniden (290 mantığı),3.01,20260612000318_soru_zorluk_yeniden_sirala
27b700ef-6392-4cc2-a0a6-16fe385a2c86,questions.zorluk,4,3,2a sıralamaya göre yeniden (290 mantığı),3,20260612000318_soru_zorluk_yeniden_sirala
dcbb825c-8865-40a4-87e2-b9af9bd54eeb,questions.zorluk,4,3,2a sıralamaya göre yeniden (290 mantığı),2.91,20260612000318_soru_zorluk_yeniden_sirala
89f175c4-50dd-4c67-9fbf-fbd97d9c6498,questions.zorluk,4,3,2a sıralamaya göre yeniden (290 mantığı),2.92,20260612000318_soru_zorluk_yeniden_sirala
2bcda93c-29eb-4877-919a-6a6e0fde0adc,questions.zorluk,4,3,2a sıralamaya göre yeniden (290 mantığı),2.91,20260612000318_soru_zorluk_yeniden_sirala
6375c8a6-65a1-42d8-96d1-cf04dcab3718,questions.zorluk,4,3,2a sıralamaya göre yeniden (290 mantığı),2.88,20260612000318_soru_zorluk_yeniden_sirala
6d22f552-d0c0-40bb-8fdf-6ab444be86a9,questions.zorluk,4,3,2a sıralamaya göre yeniden (290 mantığı),2.85,20260612000318_soru_zorluk_yeniden_sirala
976eca16-6a4d-4f56-bd6b-65172431a68c,questions.zorluk,4,3,2a sıralamaya göre yeniden (290 mantığı),2.82,20260612000318_soru_zorluk_yeniden_sirala
f1f93186-117e-4884-a46e-c325b409dac7,questions.zorluk,4,3,2a sıralamaya göre yeniden (290 mantığı),2.99,20260612000318_soru_zorluk_yeniden_sirala
dcb472db-b0b1-44b6-9197-7f5f97374438,questions.zorluk,4,3,2a sıralamaya göre yeniden (290 mantığı),2.93,20260612000318_soru_zorluk_yeniden_sirala
9a54000a-ce7c-4066-abe8-46c5be1f95d5,questions.zorluk,4,3,2a sıralamaya göre yeniden (290 mantığı),2.92,20260612000318_soru_zorluk_yeniden_sirala
c66ad149-95ae-43c1-a8a9-9d4fc3881b00,questions.zorluk,4,3,2a sıralamaya göre yeniden (290 mantığı),3.03,20260612000318_soru_zorluk_yeniden_sirala
97e5ea63-39b0-4ed5-9c49-57ea60161a7e,questions.zorluk,4,3,2a sıralamaya göre yeniden (290 mantığı),2.97,20260612000318_soru_zorluk_yeniden_sirala
e5187266-b276-435e-be4d-5c3b7223d760,questions.zorluk,4,3,2a sıralamaya göre yeniden (290 mantığı),2.87,20260612000318_soru_zorluk_yeniden_sirala
eed80bff-3b14-4fd2-a91c-2c7e23c9bd8e,questions.zorluk,4,3,2a sıralamaya göre yeniden (290 mantığı),2.97,20260612000318_soru_zorluk_yeniden_sirala
92b12aeb-e88c-4c94-b426-eebb6c7b14cc,questions.zorluk,4,3,2a sıralamaya göre yeniden (290 mantığı),2.96,20260612000318_soru_zorluk_yeniden_sirala
9baa95ae-57bb-43a0-9cdd-c10e943beb43,questions.zorluk,4,3,2a sıralamaya göre yeniden (290 mantığı),2.97,20260612000318_soru_zorluk_yeniden_sirala
7682c116-3d39-46db-82db-720c842f6da4,questions.zorluk,4,3,2a sıralamaya göre yeniden (290 mantığı),2.85,20260612000318_soru_zorluk_yeniden_sirala
2ddf3adf-16ae-4cfa-aa93-62edf3814eb9,questions.zorluk,4,3,2a sıralamaya göre yeniden (290 mantığı),2.94,20260612000318_soru_zorluk_yeniden_sirala
afdc55ba-080c-4c74-9201-21e867f649af,questions.zorluk,4,3,2a sıralamaya göre yeniden (290 mantığı),3.06,20260612000318_soru_zorluk_yeniden_sirala
63c0391a-e6d2-4233-a172-8042154963b4,questions.zorluk,4,3,2a sıralamaya göre yeniden (290 mantığı),3,20260612000318_soru_zorluk_yeniden_sirala
d0da29e2-09eb-4357-9958-be634cc6399d,questions.zorluk,4,3,2a sıralamaya göre yeniden (290 mantığı),2.9,20260612000318_soru_zorluk_yeniden_sirala
950a8e27-6745-4a04-a7eb-35370b77f97e,questions.zorluk,4,3,2a sıralamaya göre yeniden (290 mantığı),3.02,20260612000318_soru_zorluk_yeniden_sirala
2577c31c-9ffb-4e85-bfd5-a30b229be389,questions.zorluk,4,3,2a sıralamaya göre yeniden (290 mantığı),2.99,20260612000318_soru_zorluk_yeniden_sirala
90c0f9b0-f8f4-494e-9252-9ed6587ba5f7,questions.zorluk,4,3,2a sıralamaya göre yeniden (290 mantığı),2.88,20260612000318_soru_zorluk_yeniden_sirala
94aeb490-9021-4dd2-8543-a6ef62f85317,questions.zorluk,4,3,2a sıralamaya göre yeniden (290 mantığı),2.94,20260612000318_soru_zorluk_yeniden_sirala
4bcebaec-7cff-48a9-b28f-7cc10e45eb03,questions.zorluk,4,3,2a sıralamaya göre yeniden (290 mantığı),2.95,20260612000318_soru_zorluk_yeniden_sirala
5c9b4c26-5e77-4dee-9320-24ab1440cd1d,questions.zorluk,4,3,2a sıralamaya göre yeniden (290 mantığı),2.98,20260612000318_soru_zorluk_yeniden_sirala
701df3ea-6921-4a29-b5a8-5ae329fbba9b,questions.zorluk,4,3,2a sıralamaya göre yeniden (290 mantığı),2.86,20260612000318_soru_zorluk_yeniden_sirala
82afe1e0-b7b5-41e3-b7f2-4c820788ece3,questions.zorluk,4,3,2a sıralamaya göre yeniden (290 mantığı),2.83,20260612000318_soru_zorluk_yeniden_sirala
975c459b-5b41-49d6-b09d-132b8ca4ea4c,questions.zorluk,4,3,2a sıralamaya göre yeniden (290 mantığı),3.04,20260612000318_soru_zorluk_yeniden_sirala
79f20dd9-1079-46bf-8614-dfbe150ffe7c,questions.zorluk,4,3,2a sıralamaya göre yeniden (290 mantığı),3.05,20260612000318_soru_zorluk_yeniden_sirala
902ae1b1-4a6b-4e6c-a9af-6d029f8cade1,questions.zorluk,4,3,2a sıralamaya göre yeniden (290 mantığı),2.83,20260612000318_soru_zorluk_yeniden_sirala
4e822fb0-7b98-4f9c-a0ec-3b0eec884abf,questions.zorluk,4,3,2a sıralamaya göre yeniden (290 mantığı),2.99,20260612000318_soru_zorluk_yeniden_sirala
dcd4386e-f942-4afe-a417-a001752ab372,questions.zorluk,4,3,2a sıralamaya göre yeniden (290 mantığı),3.01,20260612000318_soru_zorluk_yeniden_sirala
a0de114b-bbb3-49b6-bf7e-9abb9b8e5c7c,questions.zorluk,4,3,2a sıralamaya göre yeniden (290 mantığı),2.92,20260612000318_soru_zorluk_yeniden_sirala
9c3fa7da-1187-48a9-a855-7ee9a62864a6,questions.zorluk,4,3,2a sıralamaya göre yeniden (290 mantığı),3.06,20260612000318_soru_zorluk_yeniden_sirala
367b40f4-8f88-4272-9ed9-f41874e7297c,questions.zorluk,4,3,2a sıralamaya göre yeniden (290 mantığı),2.92,20260612000318_soru_zorluk_yeniden_sirala
27c7e21e-0b19-488a-adaa-ee24dcdda7e4,questions.zorluk,4,3,2a sıralamaya göre yeniden (290 mantığı),2.99,20260612000318_soru_zorluk_yeniden_sirala
3957bc25-2992-4d66-92cf-3a747a3a4eb1,questions.zorluk,4,3,2a sıralamaya göre yeniden (290 mantığı),3.05,20260612000318_soru_zorluk_yeniden_sirala
58c0a9f3-6d06-4fad-b717-740d781f1ad4,questions.zorluk,4,3,2a sıralamaya göre yeniden (290 mantığı),2.96,20260612000318_soru_zorluk_yeniden_sirala
5d3afb4d-c0e9-4abc-b940-6409f66d9249,questions.zorluk,4,3,2a sıralamaya göre yeniden (290 mantığı),3.04,20260612000318_soru_zorluk_yeniden_sirala
a952413c-8594-4ba0-8915-baddef9ff06a,questions.zorluk,4,3,2a sıralamaya göre yeniden (290 mantığı),3.03,20260612000318_soru_zorluk_yeniden_sirala
33cd7b80-a549-418c-91fd-49383800feeb,questions.zorluk,4,3,2a sıralamaya göre yeniden (290 mantığı),2.91,20260612000318_soru_zorluk_yeniden_sirala
4bfa6b9b-1076-434f-8b96-75c8ca3e2a83,questions.zorluk,4,3,2a sıralamaya göre yeniden (290 mantığı),2.85,20260612000318_soru_zorluk_yeniden_sirala
7875a5bb-21eb-42d6-a5d7-9a5bcd830d37,questions.zorluk,4,3,2a sıralamaya göre yeniden (290 mantığı),2.95,20260612000318_soru_zorluk_yeniden_sirala
9e2a0b8e-4a67-4a05-99e9-304784a261bc,questions.zorluk,4,3,2a sıralamaya göre yeniden (290 mantığı),2.84,20260612000318_soru_zorluk_yeniden_sirala
c519fc25-b087-4f3b-9b89-cd8fde0b2f89,questions.zorluk,4,3,2a sıralamaya göre yeniden (290 mantığı),3.06,20260612000318_soru_zorluk_yeniden_sirala
9fd6470f-6f5f-4246-abf8-67e3ce53b492,questions.zorluk,4,3,2a sıralamaya göre yeniden (290 mantığı),2.85,20260612000318_soru_zorluk_yeniden_sirala
c1593c7f-cd12-4d77-8135-a3cf04b086b1,questions.zorluk,4,3,2a sıralamaya göre yeniden (290 mantığı),2.98,20260612000318_soru_zorluk_yeniden_sirala
04174bc2-9d0f-4cf7-956d-53cd2e21d3b6,questions.zorluk,4,3,2a sıralamaya göre yeniden (290 mantığı),3.04,20260612000318_soru_zorluk_yeniden_sirala
39166caf-dba2-4dd4-a670-4227fa75da54,questions.zorluk,4,3,2a sıralamaya göre yeniden (290 mantığı),2.87,20260612000318_soru_zorluk_yeniden_sirala
dbe68950-ef43-4b8c-8186-36e7bdbd4f6f,questions.zorluk,4,3,2a sıralamaya göre yeniden (290 mantığı),2.83,20260612000318_soru_zorluk_yeniden_sirala
e7967f9c-f256-41df-876f-d22bd5c2c9a8,questions.zorluk,4,3,2a sıralamaya göre yeniden (290 mantığı),2.86,20260612000318_soru_zorluk_yeniden_sirala
5f4659eb-dfae-4284-b3fe-62d7c33bbff4,questions.zorluk,4,3,2a sıralamaya göre yeniden (290 mantığı),2.84,20260612000318_soru_zorluk_yeniden_sirala
225520b5-c64e-4efa-9970-25cc1921f813,questions.zorluk,4,3,2a sıralamaya göre yeniden (290 mantığı),2.92,20260612000318_soru_zorluk_yeniden_sirala
0d12afdc-53c0-441b-b2b1-990d792af129,questions.zorluk,4,3,2a sıralamaya göre yeniden (290 mantığı),3.03,20260612000318_soru_zorluk_yeniden_sirala
2729e9e7-bb4a-4f4c-ab58-488cfd7ea613,questions.zorluk,4,3,2a sıralamaya göre yeniden (290 mantığı),2.89,20260612000318_soru_zorluk_yeniden_sirala
627c2014-2977-442e-a643-7e6509f588b2,questions.zorluk,4,3,2a sıralamaya göre yeniden (290 mantığı),2.95,20260612000318_soru_zorluk_yeniden_sirala
16249ac5-e0d9-48af-9597-69bb97b7ea6f,questions.zorluk,4,3,2a sıralamaya göre yeniden (290 mantığı),2.92,20260612000318_soru_zorluk_yeniden_sirala
17d916e2-0600-4ae6-b8fe-7478fa56daf7,questions.zorluk,4,3,2a sıralamaya göre yeniden (290 mantığı),2.84,20260612000318_soru_zorluk_yeniden_sirala
34a6ba86-31a1-4920-82e3-0c57fac28ee0,questions.zorluk,4,3,2a sıralamaya göre yeniden (290 mantığı),2.87,20260612000318_soru_zorluk_yeniden_sirala
36db6ccb-26f7-494a-b957-82db6d7b52b5,questions.zorluk,4,3,2a sıralamaya göre yeniden (290 mantığı),2.89,20260612000318_soru_zorluk_yeniden_sirala
75461fd8-6edc-4b06-95d1-5c82e5bf20af,questions.zorluk,4,3,2a sıralamaya göre yeniden (290 mantığı),2.97,20260612000318_soru_zorluk_yeniden_sirala
30db1814-2b22-4636-a267-0a1ccc473a63,questions.zorluk,4,3,2a sıralamaya göre yeniden (290 mantığı),2.87,20260612000318_soru_zorluk_yeniden_sirala
2c263cb4-e9bd-475d-a620-0c2231a9b998,questions.zorluk,4,3,2a sıralamaya göre yeniden (290 mantığı),2.93,20260612000318_soru_zorluk_yeniden_sirala
24cd4f81-6c3b-41b7-8f6a-953750660203,questions.zorluk,4,3,2a sıralamaya göre yeniden (290 mantığı),2.96,20260612000318_soru_zorluk_yeniden_sirala
2c4fcbee-5019-4a1d-8427-01fb635c7d9e,questions.zorluk,4,3,2a sıralamaya göre yeniden (290 mantığı),3,20260612000318_soru_zorluk_yeniden_sirala
60c81a97-9a87-4f1e-9418-b6546e854354,questions.zorluk,4,3,2a sıralamaya göre yeniden (290 mantığı),2.94,20260612000318_soru_zorluk_yeniden_sirala
69233f9c-8863-4792-9da2-a6aafafd635b,questions.zorluk,4,3,2a sıralamaya göre yeniden (290 mantığı),3,20260612000318_soru_zorluk_yeniden_sirala
b65176b5-28e9-4938-a056-cb8803242125,questions.zorluk,4,3,2a sıralamaya göre yeniden (290 mantığı),2.84,20260612000318_soru_zorluk_yeniden_sirala
6c0b4e20-38a1-491e-9c56-e83e7295e341,questions.zorluk,4,3,2a sıralamaya göre yeniden (290 mantığı),2.94,20260612000318_soru_zorluk_yeniden_sirala
0f86ec5a-7d23-4acf-a42f-6319e931f6c0,questions.zorluk,4,3,2a sıralamaya göre yeniden (290 mantığı),2.87,20260612000318_soru_zorluk_yeniden_sirala
5e840249-af28-49f5-ba29-461b5ef9a41b,questions.zorluk,4,3,2a sıralamaya göre yeniden (290 mantığı),2.82,20260612000318_soru_zorluk_yeniden_sirala
9b581e43-798f-4325-a55a-dfa11c160f2e,questions.zorluk,4,3,2a sıralamaya göre yeniden (290 mantığı),2.94,20260612000318_soru_zorluk_yeniden_sirala
c5a8566f-6f58-4151-88cb-ebfbb0cc5d44,questions.zorluk,4,3,2a sıralamaya göre yeniden (290 mantığı),3.05,20260612000318_soru_zorluk_yeniden_sirala
0b53952f-3806-424e-9000-ebff00e49f13,questions.zorluk,4,3,2a sıralamaya göre yeniden (290 mantığı),2.85,20260612000318_soru_zorluk_yeniden_sirala
06567b88-1fa7-4efa-84fa-1fadb6b47da7,questions.zorluk,4,3,2a sıralamaya göre yeniden (290 mantığı),2.86,20260612000318_soru_zorluk_yeniden_sirala
139a7bef-947f-4b85-8ecd-348f15756234,questions.zorluk,4,3,2a sıralamaya göre yeniden (290 mantığı),2.9,20260612000318_soru_zorluk_yeniden_sirala
3204a332-6123-4323-9dd7-0022251d7a75,questions.zorluk,4,3,2a sıralamaya göre yeniden (290 mantığı),2.88,20260612000318_soru_zorluk_yeniden_sirala
40bda519-9c44-438e-bd98-5c0717354701,questions.zorluk,4,3,2a sıralamaya göre yeniden (290 mantığı),3.04,20260612000318_soru_zorluk_yeniden_sirala
41401296-bf99-4072-ade0-2f867d3fddc3,questions.zorluk,4,3,2a sıralamaya göre yeniden (290 mantığı),2.9,20260612000318_soru_zorluk_yeniden_sirala
ca12fd00-bf82-47ae-ac73-de7a9be6d135,questions.zorluk,4,3,2a sıralamaya göre yeniden (290 mantığı),3.05,20260612000318_soru_zorluk_yeniden_sirala
c51f0c8f-95c7-4d26-8f45-27768dad45c8,questions.zorluk,4,3,2a sıralamaya göre yeniden (290 mantığı),2.84,20260612000318_soru_zorluk_yeniden_sirala
705c7dd4-b534-4dc7-a079-ed193c0e2193,questions.zorluk,4,3,2a sıralamaya göre yeniden (290 mantığı),2.89,20260612000318_soru_zorluk_yeniden_sirala
0f4a26ad-67b4-4d43-a6e2-553e11108651,questions.zorluk,4,3,2a sıralamaya göre yeniden (290 mantığı),2.95,20260612000318_soru_zorluk_yeniden_sirala
8d97ccd7-64ba-4501-9a56-1d2f2f056d73,questions.zorluk,4,3,2a sıralamaya göre yeniden (290 mantığı),2.85,20260612000318_soru_zorluk_yeniden_sirala
b73bf5b0-aca1-4840-ad2f-5c94b74b0fb1,questions.zorluk,4,3,2a sıralamaya göre yeniden (290 mantığı),2.95,20260612000318_soru_zorluk_yeniden_sirala
14294b84-31c1-4a61-b68b-e4ae92eb049d,questions.zorluk,4,3,2a sıralamaya göre yeniden (290 mantığı),2.93,20260612000318_soru_zorluk_yeniden_sirala
67941570-a04e-4d4f-b103-fd6e97e6605f,questions.zorluk,4,3,2a sıralamaya göre yeniden (290 mantığı),2.9,20260612000318_soru_zorluk_yeniden_sirala
f7b82ec0-a855-4ade-bf31-8d649ad8a7e4,questions.zorluk,4,3,2a sıralamaya göre yeniden (290 mantığı),2.91,20260612000318_soru_zorluk_yeniden_sirala
1b2756be-81da-4654-93a9-95e3701dbfaa,questions.zorluk,4,3,2a sıralamaya göre yeniden (290 mantığı),3.05,20260612000318_soru_zorluk_yeniden_sirala
1e0245bf-dbf1-4c41-8ff6-568b2965013b,questions.zorluk,4,3,2a sıralamaya göre yeniden (290 mantığı),2.89,20260612000318_soru_zorluk_yeniden_sirala
5328a068-0abd-4eb2-9035-384fd9cba8f6,questions.zorluk,4,3,2a sıralamaya göre yeniden (290 mantığı),3.05,20260612000318_soru_zorluk_yeniden_sirala
537310ea-9f98-4ceb-a8bf-4764ddcbd362,questions.zorluk,4,3,2a sıralamaya göre yeniden (290 mantığı),2.84,20260612000318_soru_zorluk_yeniden_sirala
c4b0044e-b6c2-4ecd-9688-2cc982b8061f,questions.zorluk,5,4,2a sıralamaya göre yeniden (290 mantığı),3.57,20260612000318_soru_zorluk_yeniden_sirala
1c6902a8-7d01-4311-9fc0-6cc40225d2f7,questions.zorluk,5,4,2a sıralamaya göre yeniden (290 mantığı),3.59,20260612000318_soru_zorluk_yeniden_sirala
1f6e81ea-1ccc-420b-a172-2faa68c75333,questions.zorluk,5,4,2a sıralamaya göre yeniden (290 mantığı),3.56,20260612000318_soru_zorluk_yeniden_sirala
26801379-fb7f-4213-bad2-f517c8d00576,questions.zorluk,5,4,2a sıralamaya göre yeniden (290 mantığı),3.59,20260612000318_soru_zorluk_yeniden_sirala
29e4be69-5cdd-4420-888c-b7be718de415,questions.zorluk,5,4,2a sıralamaya göre yeniden (290 mantığı),3.6,20260612000318_soru_zorluk_yeniden_sirala
2e67d6ba-984b-4b2f-8105-1d610bb2fc5b,questions.zorluk,5,4,2a sıralamaya göre yeniden (290 mantığı),3.55,20260612000318_soru_zorluk_yeniden_sirala
3f3d3cf5-2830-420d-a941-a76a4d7137b6,questions.zorluk,5,4,2a sıralamaya göre yeniden (290 mantığı),3.62,20260612000318_soru_zorluk_yeniden_sirala
373c2209-7b4b-4a9f-8bf1-0b91c74512bc,questions.zorluk,5,4,2a sıralamaya göre yeniden (290 mantığı),3.6,20260612000318_soru_zorluk_yeniden_sirala
415fe0ea-1281-4866-ac5f-df25898b2f86,questions.zorluk,5,4,2a sıralamaya göre yeniden (290 mantığı),3.62,20260612000318_soru_zorluk_yeniden_sirala
36f28973-4bb5-4043-9795-92e74fedd5a0,questions.zorluk,5,4,2a sıralamaya göre yeniden (290 mantığı),3.56,20260612000318_soru_zorluk_yeniden_sirala
40c5fde3-50ab-4b78-b41e-e9836a75b3d2,questions.zorluk,5,4,2a sıralamaya göre yeniden (290 mantığı),3.62,20260612000318_soru_zorluk_yeniden_sirala
407ec76d-0e3d-45a9-b5ac-f0a65a5aac00,questions.zorluk,5,4,2a sıralamaya göre yeniden (290 mantığı),3.5,20260612000318_soru_zorluk_yeniden_sirala
492a2976-ab26-4a87-8f3c-1a51688b2c68,questions.zorluk,5,4,2a sıralamaya göre yeniden (290 mantığı),3.59,20260612000318_soru_zorluk_yeniden_sirala
4b7971fc-ca80-413d-92e7-9b26f31d31c9,questions.zorluk,5,4,2a sıralamaya göre yeniden (290 mantığı),3.57,20260612000318_soru_zorluk_yeniden_sirala
43e84321-1df3-46a1-aa74-2b4e62390c91,questions.zorluk,5,4,2a sıralamaya göre yeniden (290 mantığı),3.6,20260612000318_soru_zorluk_yeniden_sirala
4408d578-7c7b-4716-a77a-8fb796512aef,questions.zorluk,5,4,2a sıralamaya göre yeniden (290 mantığı),3.56,20260612000318_soru_zorluk_yeniden_sirala
c653f0a9-bcfc-4655-a336-7f0578d923a8,questions.zorluk,2,1,2a sıralamaya göre yeniden (290 mantığı),1.7,20260612000318_soru_zorluk_yeniden_sirala
c9809a6a-aae6-4d3a-a212-3c1af7fcee97,questions.zorluk,5,4,2a sıralamaya göre yeniden (290 mantığı),3.54,20260612000318_soru_zorluk_yeniden_sirala
c99b225b-4498-407a-8cdd-6f0614bf38cc,questions.zorluk,4,3,2a sıralamaya göre yeniden (290 mantığı),2.88,20260612000318_soru_zorluk_yeniden_sirala
4db0c9c0-3f9c-4427-9cef-ae3bd6ce3d4f,questions.zorluk,5,4,2a sıralamaya göre yeniden (290 mantığı),3.5,20260612000318_soru_zorluk_yeniden_sirala
4dd2e41d-8730-4e00-b235-6e72cb79252a,questions.zorluk,5,4,2a sıralamaya göre yeniden (290 mantığı),3.63,20260612000318_soru_zorluk_yeniden_sirala
3c8d03d5-18cb-42c7-8340-606620219db9,questions.zorluk,5,4,2a sıralamaya göre yeniden (290 mantığı),3.62,20260612000318_soru_zorluk_yeniden_sirala
001b9805-7f4e-4375-b17a-fb11fd8feacf,questions.zorluk,3,2,2a sıralamaya göre yeniden (290 mantığı),2.04,20260612000318_soru_zorluk_yeniden_sirala
0021482f-58a4-46e2-909a-d520a056b9ba,questions.zorluk,3,2,2a sıralamaya göre yeniden (290 mantığı),2.07,20260612000318_soru_zorluk_yeniden_sirala
4d43e3e1-d32a-493d-94dc-ad8650974d16,questions.zorluk,5,4,2a sıralamaya göre yeniden (290 mantığı),3.61,20260612000318_soru_zorluk_yeniden_sirala
495e7b29-7449-4bd7-b587-db4ab91fbd20,questions.zorluk,5,4,2a sıralamaya göre yeniden (290 mantığı),3.46,20260612000318_soru_zorluk_yeniden_sirala
416d6827-f856-4a6a-8c67-1c31a2573b12,questions.zorluk,5,4,2a sıralamaya göre yeniden (290 mantığı),3.54,20260612000318_soru_zorluk_yeniden_sirala
00c4c96b-0c19-4cc4-b76d-255f3aaeb720,questions.zorluk,3,2,2a sıralamaya göre yeniden (290 mantığı),2.1,20260612000318_soru_zorluk_yeniden_sirala
0191f372-3373-4c4c-8d26-57a64332420a,questions.zorluk,3,2,2a sıralamaya göre yeniden (290 mantığı),2.05,20260612000318_soru_zorluk_yeniden_sirala
01b27be0-e31e-4a1d-b4f5-ec147757d175,questions.zorluk,3,2,2a sıralamaya göre yeniden (290 mantığı),2.11,20260612000318_soru_zorluk_yeniden_sirala
00ecb66a-4cfa-41eb-b938-bcc119b967cc,questions.zorluk,4,3,2a sıralamaya göre yeniden (290 mantığı),2.92,20260612000318_soru_zorluk_yeniden_sirala
03d49497-044a-4a68-b9be-d12c313b1926,questions.zorluk,3,2,2a sıralamaya göre yeniden (290 mantığı),2.11,20260612000318_soru_zorluk_yeniden_sirala
040678af-88f5-4be2-9385-6eaba0913f40,questions.zorluk,3,2,2a sıralamaya göre yeniden (290 mantığı),2.08,20260612000318_soru_zorluk_yeniden_sirala
03bd9d44-0f69-48f7-9491-5b0396128bb5,questions.zorluk,4,3,2a sıralamaya göre yeniden (290 mantığı),3.02,20260612000318_soru_zorluk_yeniden_sirala
43da5f1a-cc25-4896-b705-a80634178f02,questions.zorluk,5,4,2a sıralamaya göre yeniden (290 mantığı),3.57,20260612000318_soru_zorluk_yeniden_sirala
4752f107-51b6-4fe0-aaea-af05db8912a6,questions.zorluk,5,4,2a sıralamaya göre yeniden (290 mantığı),3.55,20260612000318_soru_zorluk_yeniden_sirala
4dcf4cdd-03e4-4796-ac32-202726120e48,questions.zorluk,5,4,2a sıralamaya göre yeniden (290 mantığı),3.56,20260612000318_soru_zorluk_yeniden_sirala
04fdd05f-1525-4491-be90-ee8d878ec331,questions.zorluk,4,3,2a sıralamaya göre yeniden (290 mantığı),2.86,20260612000318_soru_zorluk_yeniden_sirala
056a156d-807f-410a-9d75-f7feed0d5a7a,questions.zorluk,4,3,2a sıralamaya göre yeniden (290 mantığı),2.94,20260612000318_soru_zorluk_yeniden_sirala
08cda1c8-217b-4955-a787-86188f4a8dcd,questions.zorluk,4,3,2a sıralamaya göre yeniden (290 mantığı),2.98,20260612000318_soru_zorluk_yeniden_sirala
4a9129dc-de72-405f-8f92-19bf1e5d82ec,questions.zorluk,5,4,2a sıralamaya göre yeniden (290 mantığı),3.54,20260612000318_soru_zorluk_yeniden_sirala
0a3e428d-f383-43af-b3ee-6deaf3b63bb7,questions.zorluk,2,1,2a sıralamaya göre yeniden (290 mantığı),1.72,20260612000318_soru_zorluk_yeniden_sirala
0a7b2a83-4df6-464b-b83b-7876d4f2406a,questions.zorluk,2,1,2a sıralamaya göre yeniden (290 mantığı),1.7,20260612000318_soru_zorluk_yeniden_sirala
4905b2e5-c10d-41ca-9d51-c86571ad70aa,questions.zorluk,5,4,2a sıralamaya göre yeniden (290 mantığı),3.46,20260612000318_soru_zorluk_yeniden_sirala
9721ab81-b070-4cdd-a9df-0130c1777da5,questions.zorluk,5,4,2a sıralamaya göre yeniden (290 mantığı),3.53,20260612000318_soru_zorluk_yeniden_sirala
a36645c0-b9fb-45ce-93aa-f7f38065f996,questions.zorluk,5,4,2a sıralamaya göre yeniden (290 mantığı),3.51,20260612000318_soru_zorluk_yeniden_sirala
48a3eff9-bb41-4303-9291-f5a5be519b77,questions.zorluk,5,4,2a sıralamaya göre yeniden (290 mantığı),3.55,20260612000318_soru_zorluk_yeniden_sirala
0cb0c460-5b26-4203-b3b1-b6269af18345,questions.zorluk,5,4,2a sıralamaya göre yeniden (290 mantığı),3.65,20260612000318_soru_zorluk_yeniden_sirala
43357784-94e5-4c43-81b3-10b1b18e1ded,questions.zorluk,5,4,2a sıralamaya göre yeniden (290 mantığı),3.63,20260612000318_soru_zorluk_yeniden_sirala
e78eb0f8-8d46-40ea-ae28-6d48b4e7f11c,questions.zorluk,5,4,2a sıralamaya göre yeniden (290 mantığı),3.65,20260612000318_soru_zorluk_yeniden_sirala
5ca77fd3-d496-4085-a7ed-4670bd627cc9,questions.zorluk,5,4,2a sıralamaya göre yeniden (290 mantığı),3.55,20260612000318_soru_zorluk_yeniden_sirala
5535ea50-0de5-42eb-b56c-09596b392a72,questions.zorluk,5,4,2a sıralamaya göre yeniden (290 mantığı),3.59,20260612000318_soru_zorluk_yeniden_sirala
0f355c86-b1e3-443f-8c78-22530fed8057,questions.zorluk,3,2,2a sıralamaya göre yeniden (290 mantığı),2.05,20260612000318_soru_zorluk_yeniden_sirala
59117424-4bcb-468c-ade4-1d693fe33b1e,questions.zorluk,5,4,2a sıralamaya göre yeniden (290 mantığı),3.6,20260612000318_soru_zorluk_yeniden_sirala
0f3ae255-9138-4b55-b0d4-43ddd6355194,questions.zorluk,4,3,2a sıralamaya göre yeniden (290 mantığı),2.82,20260612000318_soru_zorluk_yeniden_sirala
11230bab-7ac8-415c-be87-b349e3670e27,questions.zorluk,3,2,2a sıralamaya göre yeniden (290 mantığı),2.05,20260612000318_soru_zorluk_yeniden_sirala
52bd7f28-6852-41e2-b66b-60ed83ed147f,questions.zorluk,5,4,2a sıralamaya göre yeniden (290 mantığı),3.49,20260612000318_soru_zorluk_yeniden_sirala
580a9c79-fd63-46bd-8536-cc6b3bdeb88a,questions.zorluk,5,4,2a sıralamaya göre yeniden (290 mantığı),3.46,20260612000318_soru_zorluk_yeniden_sirala
592fcd16-12f8-4652-a912-cdfb19dc0909,questions.zorluk,5,4,2a sıralamaya göre yeniden (290 mantığı),3.62,20260612000318_soru_zorluk_yeniden_sirala
521bc2f9-a920-46b4-80cd-fb052752c5ac,questions.zorluk,5,4,2a sıralamaya göre yeniden (290 mantığı),3.47,20260612000318_soru_zorluk_yeniden_sirala
11f418ff-5083-4353-8815-401b9853e68b,questions.zorluk,5,4,2a sıralamaya göre yeniden (290 mantığı),3.52,20260612000318_soru_zorluk_yeniden_sirala
126fd8f5-8a59-4316-aaf0-fcb7f0f440bc,questions.zorluk,4,3,2a sıralamaya göre yeniden (290 mantığı),3.06,20260612000318_soru_zorluk_yeniden_sirala
1f996352-3fea-46b8-96b4-a335baf197be,questions.zorluk,5,4,2a sıralamaya göre yeniden (290 mantığı),3.57,20260612000318_soru_zorluk_yeniden_sirala
1c16ebce-24a0-4ed0-973b-6e408db7b781,questions.zorluk,5,4,2a sıralamaya göre yeniden (290 mantığı),3.5,20260612000318_soru_zorluk_yeniden_sirala
6157ad65-6b13-4eb7-84c4-602e40982c5a,questions.zorluk,5,4,2a sıralamaya göre yeniden (290 mantığı),3.54,20260612000318_soru_zorluk_yeniden_sirala
71cc3045-c984-4109-a192-ae85c009559e,questions.zorluk,5,4,2a sıralamaya göre yeniden (290 mantığı),3.59,20260612000318_soru_zorluk_yeniden_sirala
75510a27-e86a-46e3-91af-d84bdc62217a,questions.zorluk,5,4,2a sıralamaya göre yeniden (290 mantığı),3.6,20260612000318_soru_zorluk_yeniden_sirala
b3ce93c7-0e73-4458-903e-f749ac1ad385,questions.zorluk,3,2,2a sıralamaya göre yeniden (290 mantığı),2.12,20260612000318_soru_zorluk_yeniden_sirala
634c41df-0682-414a-9d35-ab854563255b,questions.zorluk,3,2,2a sıralamaya göre yeniden (290 mantığı),2.1,20260612000318_soru_zorluk_yeniden_sirala
eda33cbd-1f0e-4ed1-becc-687dce3d9723,questions.zorluk,3,2,2a sıralamaya göre yeniden (290 mantığı),2.05,20260612000318_soru_zorluk_yeniden_sirala
5aca99bc-0fd6-4130-bcc3-fdfc93a30bc7,questions.zorluk,3,2,2a sıralamaya göre yeniden (290 mantığı),2.03,20260612000318_soru_zorluk_yeniden_sirala
7991d052-67c8-4018-89ba-fe6def637fb7,questions.zorluk,2,1,2a sıralamaya göre yeniden (290 mantığı),1.71,20260612000318_soru_zorluk_yeniden_sirala
74dbe4f8-18b3-4244-8f5c-254ee179b266,questions.zorluk,5,4,2a sıralamaya göre yeniden (290 mantığı),3.62,20260612000318_soru_zorluk_yeniden_sirala
6e6fe042-7b4b-433e-88c9-9f616b2f009a,questions.zorluk,5,4,2a sıralamaya göre yeniden (290 mantığı),3.55,20260612000318_soru_zorluk_yeniden_sirala
6b1e0467-0520-4e38-8cb0-daa20960b4be,questions.zorluk,5,4,2a sıralamaya göre yeniden (290 mantığı),3.57,20260612000318_soru_zorluk_yeniden_sirala
714c754d-defe-4ddb-819d-9d468965a153,questions.zorluk,5,4,2a sıralamaya göre yeniden (290 mantığı),3.64,20260612000318_soru_zorluk_yeniden_sirala
02f40c1b-5a48-451b-8d7d-c6aad7f82533,questions.zorluk,3,2,2a sıralamaya göre yeniden (290 mantığı),2.1,20260612000318_soru_zorluk_yeniden_sirala
74fd4d0b-99cd-46aa-b16f-fb5f27b77e2f,questions.zorluk,5,4,2a sıralamaya göre yeniden (290 mantığı),3.46,20260612000318_soru_zorluk_yeniden_sirala
4648ffb8-53b4-4df4-8346-44e9c2894568,questions.zorluk,3,2,2a sıralamaya göre yeniden (290 mantığı),2.06,20260612000318_soru_zorluk_yeniden_sirala
57be1ff1-2817-450d-b905-a554dd8552e7,questions.zorluk,2,1,2a sıralamaya göre yeniden (290 mantığı),1.67,20260612000318_soru_zorluk_yeniden_sirala
d6124a0f-1fa0-4265-afad-8bbbb96312b8,questions.zorluk,3,2,2a sıralamaya göre yeniden (290 mantığı),2.12,20260612000318_soru_zorluk_yeniden_sirala
d4b8aee2-d1b0-4d23-b72d-ac2cf3dd6cec,questions.zorluk,3,2,2a sıralamaya göre yeniden (290 mantığı),2.04,20260612000318_soru_zorluk_yeniden_sirala
bb55309d-e9d5-47b8-8419-55e828858b04,questions.zorluk,3,2,2a sıralamaya göre yeniden (290 mantığı),2.12,20260612000318_soru_zorluk_yeniden_sirala
8c9111da-861b-4abf-a331-39cc8d18e156,questions.zorluk,3,2,2a sıralamaya göre yeniden (290 mantığı),2.05,20260612000318_soru_zorluk_yeniden_sirala
83774359-bb8a-4511-99f6-e7f3e54e70c0,questions.zorluk,3,2,2a sıralamaya göre yeniden (290 mantığı),2.11,20260612000318_soru_zorluk_yeniden_sirala
6a36a7aa-398f-4172-b275-8332a48275ce,questions.zorluk,4,3,2a sıralamaya göre yeniden (290 mantığı),2.91,20260612000318_soru_zorluk_yeniden_sirala
7a98140d-ddd9-4d43-b7ca-6d4b91d89a58,questions.zorluk,5,4,2a sıralamaya göre yeniden (290 mantığı),3.56,20260612000318_soru_zorluk_yeniden_sirala
20add12c-498b-4e46-b48a-db3357db797b,questions.zorluk,3,2,2a sıralamaya göre yeniden (290 mantığı),2.12,20260612000318_soru_zorluk_yeniden_sirala
af773241-8ef8-4920-af29-d789480108c4,questions.zorluk,3,2,2a sıralamaya göre yeniden (290 mantığı),2.06,20260612000318_soru_zorluk_yeniden_sirala
b1d225ef-63ef-4bcc-967c-39d22190489c,questions.zorluk,3,2,2a sıralamaya göre yeniden (290 mantığı),2.08,20260612000318_soru_zorluk_yeniden_sirala
8217cbb1-4c9d-4725-8aad-a74c06e9da40,questions.zorluk,5,4,2a sıralamaya göre yeniden (290 mantığı),3.51,20260612000318_soru_zorluk_yeniden_sirala
7ac0464d-7eea-4770-8096-0ef9c9472b25,questions.zorluk,5,4,2a sıralamaya göre yeniden (290 mantığı),3.48,20260612000318_soru_zorluk_yeniden_sirala
773d6548-aef2-4d6d-87ab-b5230973c8e5,questions.zorluk,5,4,2a sıralamaya göre yeniden (290 mantığı),3.54,20260612000318_soru_zorluk_yeniden_sirala
99bb4c15-ccea-4290-bef8-07672b978cb0,questions.zorluk,5,4,2a sıralamaya göre yeniden (290 mantığı),3.56,20260612000318_soru_zorluk_yeniden_sirala
998c8269-0e61-4de3-a62c-61de314125b0,questions.zorluk,5,4,2a sıralamaya göre yeniden (290 mantığı),3.59,20260612000318_soru_zorluk_yeniden_sirala
54be6bfb-710e-41c8-bddd-8d91d1dd1882,questions.zorluk,3,2,2a sıralamaya göre yeniden (290 mantığı),2.04,20260612000318_soru_zorluk_yeniden_sirala
9556dbdc-1890-4f9c-97d9-3950bf74b11f,questions.zorluk,5,4,2a sıralamaya göre yeniden (290 mantığı),3.5,20260612000318_soru_zorluk_yeniden_sirala
330262b5-99d2-4c55-bf17-bed606d2f1c0,questions.zorluk,3,2,2a sıralamaya göre yeniden (290 mantığı),2.09,20260612000318_soru_zorluk_yeniden_sirala
a91be8bb-8f40-482c-9e76-3b0fc060b603,questions.zorluk,5,4,2a sıralamaya göre yeniden (290 mantığı),3.57,20260612000318_soru_zorluk_yeniden_sirala
a7bab8e0-7892-4920-884e-d951720e10e0,questions.zorluk,5,4,2a sıralamaya göre yeniden (290 mantığı),3.5,20260612000318_soru_zorluk_yeniden_sirala
9fb06500-9815-4c3d-8645-e21bcdce4a4f,questions.zorluk,5,4,2a sıralamaya göre yeniden (290 mantığı),3.58,20260612000318_soru_zorluk_yeniden_sirala
6c67a818-dc59-43b0-a122-e30beeeb8ce5,questions.zorluk,5,4,2a sıralamaya göre yeniden (290 mantığı),3.6,20260612000318_soru_zorluk_yeniden_sirala
5d44d3fa-e363-4697-ab98-fe25b9456dc3,questions.zorluk,5,4,2a sıralamaya göre yeniden (290 mantığı),3.56,20260612000318_soru_zorluk_yeniden_sirala
aa8bab35-493d-4939-8901-8a17b414cff1,questions.zorluk,5,4,2a sıralamaya göre yeniden (290 mantığı),3.62,20260612000318_soru_zorluk_yeniden_sirala
18ef5b88-2ee1-4421-be1e-24db33d2e064,questions.zorluk,3,2,2a sıralamaya göre yeniden (290 mantığı),2.09,20260612000318_soru_zorluk_yeniden_sirala
274e9060-7ac6-40c6-92df-cb65cd3532e4,questions.zorluk,3,2,2a sıralamaya göre yeniden (290 mantığı),2.03,20260612000318_soru_zorluk_yeniden_sirala
ac3e812f-37c8-4cf0-8101-b0a16546af00,questions.zorluk,5,4,2a sıralamaya göre yeniden (290 mantığı),3.47,20260612000318_soru_zorluk_yeniden_sirala
b3746ab8-da10-4e04-8af5-02ef2d4b4c2e,questions.zorluk,5,4,2a sıralamaya göre yeniden (290 mantığı),3.47,20260612000318_soru_zorluk_yeniden_sirala
b4827133-d9ff-457a-beeb-f23705adb5d8,questions.zorluk,5,4,2a sıralamaya göre yeniden (290 mantığı),3.48,20260612000318_soru_zorluk_yeniden_sirala
bda38536-c5e2-44b8-8b96-3dbcf1f11ea7,questions.zorluk,5,4,2a sıralamaya göre yeniden (290 mantığı),3.59,20260612000318_soru_zorluk_yeniden_sirala
bd910180-8897-45da-a94d-c4895ac1c61d,questions.zorluk,5,4,2a sıralamaya göre yeniden (290 mantığı),3.49,20260612000318_soru_zorluk_yeniden_sirala
c22eaaf9-0155-48f1-a6f2-9be9c56c2fee,questions.zorluk,5,4,2a sıralamaya göre yeniden (290 mantığı),3.59,20260612000318_soru_zorluk_yeniden_sirala
b8ecb212-3b03-45ae-9668-070c1e64fed9,questions.zorluk,5,4,2a sıralamaya göre yeniden (290 mantığı),3.61,20260612000318_soru_zorluk_yeniden_sirala
cb30c773-499a-429b-86a7-d7759b21ac37,questions.zorluk,5,4,2a sıralamaya göre yeniden (290 mantığı),3.54,20260612000318_soru_zorluk_yeniden_sirala
bd93ed9e-2529-4069-a208-7f883cc7b1c0,questions.zorluk,5,4,2a sıralamaya göre yeniden (290 mantığı),3.65,20260612000318_soru_zorluk_yeniden_sirala
c76190e8-f42f-4fa3-bc23-aa362f6bea6b,questions.zorluk,5,4,2a sıralamaya göre yeniden (290 mantığı),3.53,20260612000318_soru_zorluk_yeniden_sirala
5969c99f-9437-4786-83e2-8b83fd872016,questions.zorluk,5,4,2a sıralamaya göre yeniden (290 mantığı),3.55,20260612000318_soru_zorluk_yeniden_sirala
59886a2f-cc4b-4a46-9184-d5dc17b8875a,questions.zorluk,5,4,2a sıralamaya göre yeniden (290 mantığı),3.5,20260612000318_soru_zorluk_yeniden_sirala
3d1db78a-9768-46c4-ba81-f068b1a68a79,questions.zorluk,3,2,2a sıralamaya göre yeniden (290 mantığı),2.09,20260612000318_soru_zorluk_yeniden_sirala
8a8adcf3-3440-4a2b-ab8d-05abdd624645,questions.zorluk,3,2,2a sıralamaya göre yeniden (290 mantığı),2.08,20260612000318_soru_zorluk_yeniden_sirala
c0fea7d5-b525-4eb5-8e20-4b17fc1fc5c8,questions.zorluk,4,3,2a sıralamaya göre yeniden (290 mantığı),2.98,20260612000318_soru_zorluk_yeniden_sirala
c77f2c07-cbd5-4447-a0fc-ef1c675ca4f2,questions.zorluk,5,4,2a sıralamaya göre yeniden (290 mantığı),3.63,20260612000318_soru_zorluk_yeniden_sirala
d8369a05-4286-4677-b673-2d0bd09d3995,questions.zorluk,5,4,2a sıralamaya göre yeniden (290 mantığı),3.6,20260612000318_soru_zorluk_yeniden_sirala
dd2a9945-7c58-4f43-81f1-964b5feb1da7,questions.zorluk,5,4,2a sıralamaya göre yeniden (290 mantığı),3.46,20260612000318_soru_zorluk_yeniden_sirala
d9a8d53c-3acb-4716-a498-9c30e9239937,questions.zorluk,5,4,2a sıralamaya göre yeniden (290 mantığı),3.52,20260612000318_soru_zorluk_yeniden_sirala
48d42815-027f-4b3a-8671-5b10df91c55e,questions.zorluk,2,1,2a sıralamaya göre yeniden (290 mantığı),1.7,20260612000318_soru_zorluk_yeniden_sirala
db5b2077-ad61-4d00-b936-46e2210957ec,questions.zorluk,5,4,2a sıralamaya göre yeniden (290 mantığı),3.58,20260612000318_soru_zorluk_yeniden_sirala
3e5b4abc-fda1-4a07-9440-21a056d4dba4,questions.zorluk,3,2,2a sıralamaya göre yeniden (290 mantığı),2.1,20260612000318_soru_zorluk_yeniden_sirala
d9279d4a-8ae5-401c-a5bc-31c06ac4e05c,questions.zorluk,5,4,2a sıralamaya göre yeniden (290 mantığı),3.58,20260612000318_soru_zorluk_yeniden_sirala
e7673b40-8d0e-48b2-b2d2-11495ec959e2,questions.zorluk,5,4,2a sıralamaya göre yeniden (290 mantığı),3.59,20260612000318_soru_zorluk_yeniden_sirala
e7b0f2cc-8d06-44ba-b5b0-debe12db08bb,questions.zorluk,5,4,2a sıralamaya göre yeniden (290 mantığı),3.54,20260612000318_soru_zorluk_yeniden_sirala
e8d8ae08-6e55-406c-8271-7da89213cc88,questions.zorluk,5,4,2a sıralamaya göre yeniden (290 mantığı),3.61,20260612000318_soru_zorluk_yeniden_sirala
f538a622-ec25-4853-bf46-19e7943a7823,questions.zorluk,5,4,2a sıralamaya göre yeniden (290 mantığı),3.63,20260612000318_soru_zorluk_yeniden_sirala
eda7ba10-380d-40a5-a6c5-b12195cb06d3,questions.zorluk,5,4,2a sıralamaya göre yeniden (290 mantığı),3.59,20260612000318_soru_zorluk_yeniden_sirala
f62d2e31-0010-45c6-abe2-ad5e5adbb555,questions.zorluk,5,4,2a sıralamaya göre yeniden (290 mantığı),3.5,20260612000318_soru_zorluk_yeniden_sirala
6df3ee81-ba05-4ee9-9d1a-f46325057744,questions.zorluk,5,4,2a sıralamaya göre yeniden (290 mantığı),3.46,20260612000318_soru_zorluk_yeniden_sirala
4bf19735-e38a-45e8-8e93-7c46b4516fe0,questions.zorluk,3,2,2a sıralamaya göre yeniden (290 mantığı),2.03,20260612000318_soru_zorluk_yeniden_sirala
159175b9-e026-42b9-a2ac-affe2ec1fb27,questions.zorluk,2,1,2a sıralamaya göre yeniden (290 mantığı),1.72,20260612000318_soru_zorluk_yeniden_sirala
bf5f385b-8fd9-4a3f-8df0-7c8222636e0f,questions.zorluk,4,3,2a sıralamaya göre yeniden (290 mantığı),3.03,20260612000318_soru_zorluk_yeniden_sirala
b069ea1c-4d57-46bf-aaa2-5d71e81d0e4a,questions.zorluk,3,2,2a sıralamaya göre yeniden (290 mantığı),2.06,20260612000318_soru_zorluk_yeniden_sirala
6c8a1d26-a0af-4d96-9cde-caaa40a67b48,questions.zorluk,5,4,2a sıralamaya göre yeniden (290 mantığı),3.54,20260612000318_soru_zorluk_yeniden_sirala
869767b9-c78e-4f46-8468-2e91f4262e76,questions.zorluk,5,4,2a sıralamaya göre yeniden (290 mantığı),3.61,20260612000318_soru_zorluk_yeniden_sirala
72d55f00-7e6b-453d-bf32-87be7d4be296,questions.zorluk,5,4,2a sıralamaya göre yeniden (290 mantığı),3.54,20260612000318_soru_zorluk_yeniden_sirala
fca1182c-d099-443e-81a4-fe59ab5a19ed,questions.zorluk,5,4,2a sıralamaya göre yeniden (290 mantığı),3.46,20260612000318_soru_zorluk_yeniden_sirala
1aa8694e-a6f7-460f-9f92-b628f9d641a8,questions.zorluk,5,4,2a sıralamaya göre yeniden (290 mantığı),3.53,20260612000318_soru_zorluk_yeniden_sirala
2305417f-0ace-461a-9061-878dd2228316,questions.zorluk,5,4,2a sıralamaya göre yeniden (290 mantığı),3.52,20260612000318_soru_zorluk_yeniden_sirala
241ce632-13ab-4dfb-949f-d2f755811968,questions.zorluk,5,4,2a sıralamaya göre yeniden (290 mantığı),3.52,20260612000318_soru_zorluk_yeniden_sirala
215eec29-82e6-4b14-8e55-0fc3c09a66f5,questions.zorluk,4,3,2a sıralamaya göre yeniden (290 mantığı),2.85,20260612000318_soru_zorluk_yeniden_sirala
4f1b20e1-a348-4f68-b872-cee99b6f3354,questions.zorluk,5,4,2a sıralamaya göre yeniden (290 mantığı),3.61,20260612000318_soru_zorluk_yeniden_sirala
ee49c506-8e7d-4ba9-ad7b-460b3418a7fb,questions.zorluk,5,4,2a sıralamaya göre yeniden (290 mantığı),3.5,20260612000318_soru_zorluk_yeniden_sirala
7ca906cb-4c6c-44dd-b0fd-413ab7753799,questions.zorluk,5,4,2a sıralamaya göre yeniden (290 mantığı),3.5,20260612000318_soru_zorluk_yeniden_sirala
81ccceeb-0c3e-4e42-8611-8aaedb762ec9,questions.zorluk,5,4,2a sıralamaya göre yeniden (290 mantığı),3.47,20260612000318_soru_zorluk_yeniden_sirala
8bd2f127-0d3c-43fa-895e-985ced654aa1,questions.zorluk,5,4,2a sıralamaya göre yeniden (290 mantığı),3.62,20260612000318_soru_zorluk_yeniden_sirala
afdbdc01-46d1-484d-a6e1-2285e4af3af6,questions.zorluk,5,4,2a sıralamaya göre yeniden (290 mantığı),3.58,20260612000318_soru_zorluk_yeniden_sirala
2cc80115-5f75-4c01-b52d-261d13040ede,questions.zorluk,5,4,2a sıralamaya göre yeniden (290 mantığı),3.53,20260612000318_soru_zorluk_yeniden_sirala
4bb1ed3d-41a3-44b0-acd5-60bb2ef36e09,questions.zorluk,3,2,2a sıralamaya göre yeniden (290 mantığı),2.06,20260612000318_soru_zorluk_yeniden_sirala
bc1c01e0-a119-4ceb-82fb-a11d62171acf,questions.zorluk,5,4,2a sıralamaya göre yeniden (290 mantığı),3.64,20260612000318_soru_zorluk_yeniden_sirala
07f4d925-a30c-4fe0-8434-9d95f17b8998,questions.zorluk,3,2,2a sıralamaya göre yeniden (290 mantığı),2.09,20260612000318_soru_zorluk_yeniden_sirala
9921cf4d-da6b-4653-92ac-ebfe5d4f9390,questions.zorluk,3,2,2a sıralamaya göre yeniden (290 mantığı),2.06,20260612000318_soru_zorluk_yeniden_sirala
cd8d319f-4f58-4746-8be8-196a3723ff2b,questions.zorluk,3,2,2a sıralamaya göre yeniden (290 mantığı),2.05,20260612000318_soru_zorluk_yeniden_sirala
29a80c29-ca0c-4869-924f-3a9e877d2fff,questions.zorluk,2,1,2a sıralamaya göre yeniden (290 mantığı),1.67,20260612000318_soru_zorluk_yeniden_sirala
f36beae2-f808-4f45-8ad7-ebab949ecf70,questions.zorluk,2,1,2a sıralamaya göre yeniden (290 mantığı),1.71,20260612000318_soru_zorluk_yeniden_sirala
8fbb5de7-556a-4c19-97e3-2143cd9cc6c7,questions.zorluk,4,3,2a sıralamaya göre yeniden (290 mantığı),2.99,20260612000318_soru_zorluk_yeniden_sirala
b084b5bd-efc2-4448-8bf2-b047d36130f3,questions.zorluk,5,4,2a sıralamaya göre yeniden (290 mantığı),3.48,20260612000318_soru_zorluk_yeniden_sirala
8a884149-220f-4a1f-bbb4-ac235c66f8b5,questions.zorluk,5,4,2a sıralamaya göre yeniden (290 mantığı),3.47,20260612000318_soru_zorluk_yeniden_sirala
2b038f56-cff3-4622-ac88-cf89a5978e3b,questions.zorluk,5,4,2a sıralamaya göre yeniden (290 mantığı),3.55,20260612000318_soru_zorluk_yeniden_sirala
68eaba6d-8a5d-4cf2-9250-0599a37e5f6b,questions.zorluk,5,4,2a sıralamaya göre yeniden (290 mantığı),3.59,20260612000318_soru_zorluk_yeniden_sirala
9cba6316-9512-44d9-bb47-f62cd2a16455,questions.zorluk,5,4,2a sıralamaya göre yeniden (290 mantığı),3.57,20260612000318_soru_zorluk_yeniden_sirala
dc1bfc08-9840-4f79-8a08-5d1a2961fd73,questions.zorluk,5,4,2a sıralamaya göre yeniden (290 mantığı),3.55,20260612000318_soru_zorluk_yeniden_sirala
e2ca3964-4b7d-4f10-9611-3e0dfba35610,questions.zorluk,5,4,2a sıralamaya göre yeniden (290 mantığı),3.55,20260612000318_soru_zorluk_yeniden_sirala
bc410659-5589-42e5-8baa-709b716df02a,questions.zorluk,5,4,2a sıralamaya göre yeniden (290 mantığı),3.52,20260612000318_soru_zorluk_yeniden_sirala
ffe42b94-9527-439b-8dd2-1fd3b4992fb8,questions.zorluk,3,2,2a sıralamaya göre yeniden (290 mantığı),2.05,20260612000318_soru_zorluk_yeniden_sirala
9a7ea59c-151e-4c69-aafa-c62edcbaa30f,questions.zorluk,5,4,2a sıralamaya göre yeniden (290 mantığı),3.5,20260612000318_soru_zorluk_yeniden_sirala
2d62c3f6-7549-47b8-805a-2a78bdacae2c,questions.zorluk,5,4,2a sıralamaya göre yeniden (290 mantığı),3.57,20260612000318_soru_zorluk_yeniden_sirala
9e9833db-0360-45b6-8caa-7900a1a3384f,questions.zorluk,5,4,2a sıralamaya göre yeniden (290 mantığı),3.56,20260612000318_soru_zorluk_yeniden_sirala
d3dc8ec1-f399-4b9a-80cc-6ca890debc7b,questions.zorluk,4,3,2a sıralamaya göre yeniden (290 mantığı),2.82,20260612000318_soru_zorluk_yeniden_sirala
23fb40a7-485f-4ef3-9828-9c10e83d0404,questions.zorluk,5,4,2a sıralamaya göre yeniden (290 mantığı),3.64,20260612000318_soru_zorluk_yeniden_sirala
d800ad21-9cdd-462e-b0a0-9cb630f9e1da,questions.zorluk,5,4,2a sıralamaya göre yeniden (290 mantığı),3.52,20260612000318_soru_zorluk_yeniden_sirala
9377057f-45a2-46b5-b850-5aafdf70766e,questions.zorluk,5,4,2a sıralamaya göre yeniden (290 mantığı),3.63,20260612000318_soru_zorluk_yeniden_sirala
e471a907-b360-4450-8995-d535a07bd7fb,questions.zorluk,4,3,2a sıralamaya göre yeniden (290 mantığı),2.89,20260612000318_soru_zorluk_yeniden_sirala
8e23e3d7-9bfa-4d3c-9365-578dcbe76da3,questions.zorluk,5,4,2a sıralamaya göre yeniden (290 mantığı),3.52,20260612000318_soru_zorluk_yeniden_sirala
9704a14d-c301-40bf-94b9-5f436deeebde,questions.zorluk,5,4,2a sıralamaya göre yeniden (290 mantığı),3.54,20260612000318_soru_zorluk_yeniden_sirala
99467707-2787-494a-b451-9ffbf4ee37b9,questions.zorluk,5,4,2a sıralamaya göre yeniden (290 mantığı),3.48,20260612000318_soru_zorluk_yeniden_sirala
6f9321e9-e255-41f8-a193-83b456a0515b,questions.zorluk,5,4,2a sıralamaya göre yeniden (290 mantığı),3.49,20260612000318_soru_zorluk_yeniden_sirala
c46be5c2-8539-4c49-9af5-13e2cf6b2f29,questions.zorluk,5,4,2a sıralamaya göre yeniden (290 mantığı),3.49,20260612000318_soru_zorluk_yeniden_sirala
a9ef771b-2bcb-41b4-8ba8-a66efdf1c102,questions.zorluk,5,4,2a sıralamaya göre yeniden (290 mantığı),3.56,20260612000318_soru_zorluk_yeniden_sirala
dfd9f96a-4654-40e6-a949-a7b10a050b06,questions.zorluk,5,4,2a sıralamaya göre yeniden (290 mantığı),3.6,20260612000318_soru_zorluk_yeniden_sirala
2ef18689-e8fc-4193-89a7-4953749e9aed,questions.zorluk,5,4,2a sıralamaya göre yeniden (290 mantığı),3.55,20260612000318_soru_zorluk_yeniden_sirala
e4d00c20-e0e9-41f6-810d-09eff228d99c,questions.zorluk,5,4,2a sıralamaya göre yeniden (290 mantığı),3.46,20260612000318_soru_zorluk_yeniden_sirala
b8278808-b09e-43fa-96ff-cffccdaae616,questions.zorluk,5,4,2a sıralamaya göre yeniden (290 mantığı),3.46,20260612000318_soru_zorluk_yeniden_sirala
9e72207f-797d-4198-a6b5-9990d33859de,questions.zorluk,5,4,2a sıralamaya göre yeniden (290 mantığı),3.46,20260612000318_soru_zorluk_yeniden_sirala
3b4024a6-5c88-4a32-880e-129c3a758858,questions.zorluk,5,4,2a sıralamaya göre yeniden (290 mantığı),3.6,20260612000318_soru_zorluk_yeniden_sirala
58ae1962-cda2-432a-a05e-4251756c66ed,questions.zorluk,5,4,2a sıralamaya göre yeniden (290 mantığı),3.61,20260612000318_soru_zorluk_yeniden_sirala
c43b2593-8e32-41a2-a0e3-68b4202eb466,questions.zorluk,5,4,2a sıralamaya göre yeniden (290 mantığı),3.49,20260612000318_soru_zorluk_yeniden_sirala
aea2a565-03ff-41d9-83e7-15ef675c6c7b,questions.zorluk,5,4,2a sıralamaya göre yeniden (290 mantığı),3.54,20260612000318_soru_zorluk_yeniden_sirala
3c11e279-a971-4221-965a-0e19d70a6f54,questions.zorluk,5,4,2a sıralamaya göre yeniden (290 mantığı),3.48,20260612000318_soru_zorluk_yeniden_sirala
204cadc3-10b9-438f-9188-9cc5f03cc6c1,questions.zorluk,5,4,2a sıralamaya göre yeniden (290 mantığı),3.6,20260612000318_soru_zorluk_yeniden_sirala
90dd1652-97bf-4597-a1cd-964a19a5a10e,questions.zorluk,3,2,2a sıralamaya göre yeniden (290 mantığı),2.03,20260612000318_soru_zorluk_yeniden_sirala
5ae63dc6-010e-409e-8f21-532fdc01d9e5,questions.zorluk,2,1,2a sıralamaya göre yeniden (290 mantığı),1.69,20260612000318_soru_zorluk_yeniden_sirala
12b797d2-d10e-4c9d-b359-67e557b44651,questions.zorluk,5,4,2a sıralamaya göre yeniden (290 mantığı),3.58,20260612000318_soru_zorluk_yeniden_sirala
884e35e1-a831-4069-a4c8-1ac96e6657c4,questions.zorluk,5,4,2a sıralamaya göre yeniden (290 mantığı),3.49,20260612000318_soru_zorluk_yeniden_sirala
3846c186-78ec-4439-82b3-21de59be9e8b,questions.zorluk,5,4,2a sıralamaya göre yeniden (290 mantığı),3.49,20260612000318_soru_zorluk_yeniden_sirala
0d3ca9d6-60d0-4a56-aeea-bf11bd2bfa9f,questions.zorluk,5,4,2a sıralamaya göre yeniden (290 mantığı),3.5,20260612000318_soru_zorluk_yeniden_sirala
144c7954-3a14-4838-9988-f7d578cc6476,questions.zorluk,5,4,2a sıralamaya göre yeniden (290 mantığı),3.63,20260612000318_soru_zorluk_yeniden_sirala
4a799893-e1fa-4ef7-a844-e7605e44933b,questions.zorluk,5,4,2a sıralamaya göre yeniden (290 mantığı),3.56,20260612000318_soru_zorluk_yeniden_sirala
124244da-ed3e-4077-b55a-f44b32a299f6,questions.zorluk,5,4,2a sıralamaya göre yeniden (290 mantığı),3.49,20260612000318_soru_zorluk_yeniden_sirala
490a4f7e-e96e-4329-b18e-5f27594f9515,questions.zorluk,5,4,2a sıralamaya göre yeniden (290 mantığı),3.49,20260612000318_soru_zorluk_yeniden_sirala
810421d2-1e5c-43ec-a92b-b6272b4e04eb,questions.zorluk,5,4,2a sıralamaya göre yeniden (290 mantığı),3.48,20260612000318_soru_zorluk_yeniden_sirala
0b84ba3a-9137-4e4d-ae29-07123e13e8c3,questions.zorluk,5,4,2a sıralamaya göre yeniden (290 mantığı),3.49,20260612000318_soru_zorluk_yeniden_sirala
629ece98-0d03-4430-b183-76b624b8f15a,questions.zorluk,5,4,2a sıralamaya göre yeniden (290 mantığı),3.48,20260612000318_soru_zorluk_yeniden_sirala
5b85da5e-40f2-40d1-8a7e-1be3355ef814,questions.zorluk,5,4,2a sıralamaya göre yeniden (290 mantığı),3.58,20260612000318_soru_zorluk_yeniden_sirala
1e92cbc0-cab3-4e98-bcdb-5f88771b3399,questions.zorluk,5,4,2a sıralamaya göre yeniden (290 mantığı),3.65,20260612000318_soru_zorluk_yeniden_sirala
d10c4bf1-c7f0-41bf-8742-c677df494319,questions.zorluk,5,4,2a sıralamaya göre yeniden (290 mantığı),3.63,20260612000318_soru_zorluk_yeniden_sirala
fc61983c-6ac2-4884-ab9d-e8ad230517b9,questions.zorluk,5,4,2a sıralamaya göre yeniden (290 mantığı),3.64,20260612000318_soru_zorluk_yeniden_sirala
fd72108d-6b86-402a-8743-62270ab4f246,questions.zorluk,3,2,2a sıralamaya göre yeniden (290 mantığı),2.07,20260612000318_soru_zorluk_yeniden_sirala
3c126aba-6818-4202-a7b8-ea425f98bde1,questions.zorluk,3,2,2a sıralamaya göre yeniden (290 mantığı),2.1,20260612000318_soru_zorluk_yeniden_sirala
8b64cc47-d5ab-4638-8aea-0ae2418739cc,questions.zorluk,3,2,2a sıralamaya göre yeniden (290 mantığı),2.12,20260612000318_soru_zorluk_yeniden_sirala
f371b454-3659-4e77-af69-4fb00636ed0b,questions.zorluk,5,4,2a sıralamaya göre yeniden (290 mantığı),3.62,20260612000318_soru_zorluk_yeniden_sirala
5ea2c76b-d7a1-40d1-ad6a-b18d7bc8c752,questions.zorluk,3,2,2a sıralamaya göre yeniden (290 mantığı),2.03,20260612000318_soru_zorluk_yeniden_sirala
1439b1da-a978-4318-a0bc-55dd619438d8,questions.zorluk,2,1,2a sıralamaya göre yeniden (290 mantığı),1.68,20260612000318_soru_zorluk_yeniden_sirala
d54dc485-c5c7-4e7e-bc1c-6de7b7dc6458,questions.zorluk,4,3,2a sıralamaya göre yeniden (290 mantığı),3.03,20260612000318_soru_zorluk_yeniden_sirala
085be58c-bde2-4596-9907-345135fa79b7,questions.zorluk,5,4,2a sıralamaya göre yeniden (290 mantığı),3.52,20260612000318_soru_zorluk_yeniden_sirala
16ab490b-45cf-43ae-bde2-7fc90977d0f1,questions.zorluk,5,4,2a sıralamaya göre yeniden (290 mantığı),3.65,20260612000318_soru_zorluk_yeniden_sirala
14738dab-b2dc-4cce-8539-2b47f11ce3ea,questions.zorluk,5,4,2a sıralamaya göre yeniden (290 mantığı),3.56,20260612000318_soru_zorluk_yeniden_sirala
0e23f2f4-61ef-4ef8-8e66-caec7cc8b72f,questions.zorluk,5,4,2a sıralamaya göre yeniden (290 mantığı),3.47,20260612000318_soru_zorluk_yeniden_sirala
b375066c-4292-4f2c-86f7-4203737d18c2,questions.zorluk,5,4,2a sıralamaya göre yeniden (290 mantığı),3.57,20260612000318_soru_zorluk_yeniden_sirala
45925589-f475-431c-89b7-d88a39b55b87,questions.zorluk,5,4,2a sıralamaya göre yeniden (290 mantığı),3.57,20260612000318_soru_zorluk_yeniden_sirala
2378e52c-1951-45ce-9a08-38283c51cefb,questions.zorluk,5,4,2a sıralamaya göre yeniden (290 mantığı),3.55,20260612000318_soru_zorluk_yeniden_sirala
fb264a5c-4acc-4a1d-9337-527cf5e964d6,questions.zorluk,5,4,2a sıralamaya göre yeniden (290 mantığı),3.53,20260612000318_soru_zorluk_yeniden_sirala
9c9925fd-0272-479b-a2e1-d8a7c4d68e2f,questions.zorluk,5,4,2a sıralamaya göre yeniden (290 mantığı),3.63,20260612000318_soru_zorluk_yeniden_sirala
f1c72020-e576-42b1-8855-f8e8e5656048,questions.zorluk,5,4,2a sıralamaya göre yeniden (290 mantığı),3.61,20260612000318_soru_zorluk_yeniden_sirala
1182d037-f5a4-4e99-9df2-b2a582441095,questions.zorluk,5,4,2a sıralamaya göre yeniden (290 mantığı),3.56,20260612000318_soru_zorluk_yeniden_sirala
0ad9cf1c-7896-45b7-83f6-ee9072ce8c8c,questions.zorluk,5,4,2a sıralamaya göre yeniden (290 mantığı),3.53,20260612000318_soru_zorluk_yeniden_sirala
64f831f9-c91f-4149-820d-e5f0d792d83c,questions.zorluk,5,4,2a sıralamaya göre yeniden (290 mantığı),3.49,20260612000318_soru_zorluk_yeniden_sirala
a830a295-f0b4-4aac-b446-d267790635fc,questions.zorluk,5,4,2a sıralamaya göre yeniden (290 mantığı),3.62,20260612000318_soru_zorluk_yeniden_sirala
00d4d5d2-31e2-4227-ab69-b401ee5882a9,questions.zorluk,5,4,2a sıralamaya göre yeniden (290 mantığı),3.58,20260612000318_soru_zorluk_yeniden_sirala
c50d5879-c298-41b2-9706-ce7c64bbda80,questions.zorluk,5,4,2a sıralamaya göre yeniden (290 mantığı),3.6,20260612000318_soru_zorluk_yeniden_sirala
529a5cda-e3b4-40b2-8e3f-bcb21b4783ef,questions.zorluk,5,4,2a sıralamaya göre yeniden (290 mantığı),3.58,20260612000318_soru_zorluk_yeniden_sirala
63fb6180-fc76-4d34-a16b-917499413690,questions.zorluk,5,4,2a sıralamaya göre yeniden (290 mantığı),3.52,20260612000318_soru_zorluk_yeniden_sirala
7f7d6eb4-923b-4efb-8b79-96363be9e042,questions.zorluk,5,4,2a sıralamaya göre yeniden (290 mantığı),3.5,20260612000318_soru_zorluk_yeniden_sirala
de38b386-98b0-4fb9-91f9-dc2b8bd2dc14,questions.zorluk,5,4,2a sıralamaya göre yeniden (290 mantığı),3.61,20260612000318_soru_zorluk_yeniden_sirala
ba7b9a04-1f31-4e10-a46f-cfe992a940bd,questions.zorluk,3,2,2a sıralamaya göre yeniden (290 mantığı),2.11,20260612000318_soru_zorluk_yeniden_sirala
0006e891-671d-4224-931d-8d077ac10155,questions.zorluk,3,2,2a sıralamaya göre yeniden (290 mantığı),2.05,20260612000318_soru_zorluk_yeniden_sirala
7f72e797-8e15-4ef3-935f-310f2c80f96e,questions.zorluk,2,1,2a sıralamaya göre yeniden (290 mantığı),1.7,20260612000318_soru_zorluk_yeniden_sirala
040ef93e-3b7e-445a-9f51-d95a87620474,questions.zorluk,2,1,2a sıralamaya göre yeniden (290 mantığı),1.7,20260612000318_soru_zorluk_yeniden_sirala
8ab941cc-e6a7-4bff-88dc-5064d0ee3bfd,questions.zorluk,2,1,2a sıralamaya göre yeniden (290 mantığı),1.67,20260612000318_soru_zorluk_yeniden_sirala
03eb0d2f-f85f-45df-8717-30ac989f11e2,questions.zorluk,4,3,2a sıralamaya göre yeniden (290 mantığı),2.86,20260612000318_soru_zorluk_yeniden_sirala
02e02fcc-466f-48b4-a60b-1d83f3e14676,questions.zorluk,3,2,2a sıralamaya göre yeniden (290 mantığı),2.05,20260612000318_soru_zorluk_yeniden_sirala
3cd83aa1-6251-4292-b43b-06c6e425ad6f,questions.zorluk,3,2,2a sıralamaya göre yeniden (290 mantığı),2.07,20260612000318_soru_zorluk_yeniden_sirala
03b1ea90-e787-4711-b3ed-2ab5116c69cb,questions.zorluk,3,2,2a sıralamaya göre yeniden (290 mantığı),2.1,20260612000318_soru_zorluk_yeniden_sirala
0419e033-4a38-4246-ac49-91fe745c4fa3,questions.zorluk,2,1,2a sıralamaya göre yeniden (290 mantığı),1.73,20260612000318_soru_zorluk_yeniden_sirala
043d3d20-ebea-4c64-aee6-43ddda4ce95c,questions.zorluk,3,2,2a sıralamaya göre yeniden (290 mantığı),2.11,20260612000318_soru_zorluk_yeniden_sirala
44e1ae65-dc1b-485d-9696-4157c86b7f46,questions.zorluk,2,1,2a sıralamaya göre yeniden (290 mantığı),1.68,20260612000318_soru_zorluk_yeniden_sirala
03b309d4-eef2-40e8-ab91-4516a36a8b32,questions.zorluk,4,3,2a sıralamaya göre yeniden (290 mantığı),2.9,20260612000318_soru_zorluk_yeniden_sirala
02af93da-9215-4cdc-baf8-6e83598c0770,questions.zorluk,3,2,2a sıralamaya göre yeniden (290 mantığı),2.04,20260612000318_soru_zorluk_yeniden_sirala
0131f558-0fdd-47e6-a978-79a4579eb976,questions.zorluk,2,1,2a sıralamaya göre yeniden (290 mantığı),1.71,20260612000318_soru_zorluk_yeniden_sirala
01fc048b-a2d2-417c-9c59-095e184ff01e,questions.zorluk,4,3,2a sıralamaya göre yeniden (290 mantığı),2.86,20260612000318_soru_zorluk_yeniden_sirala
04118c85-8427-4b4e-9b33-5d26ad9148fd,questions.zorluk,5,4,2a sıralamaya göre yeniden (290 mantığı),3.48,20260612000318_soru_zorluk_yeniden_sirala
00a20e91-ffae-4f83-b8e2-470df21e55f9,questions.zorluk,4,3,2a sıralamaya göre yeniden (290 mantığı),2.88,20260612000318_soru_zorluk_yeniden_sirala
042ed2c6-0aef-4ffb-aebe-5ce5ddc8688d,questions.zorluk,5,4,2a sıralamaya göre yeniden (290 mantığı),3.56,20260612000318_soru_zorluk_yeniden_sirala
02d9f80c-a192-4783-a733-07e2ce0d0307,questions.zorluk,3,2,2a sıralamaya göre yeniden (290 mantığı),2.11,20260612000318_soru_zorluk_yeniden_sirala
0325ecc8-dced-4940-abe4-64dacc37c09e,questions.zorluk,4,3,2a sıralamaya göre yeniden (290 mantığı),2.99,20260612000318_soru_zorluk_yeniden_sirala
5af4dbec-959f-40fa-b7eb-13b8371c04e4,questions.zorluk,4,3,2a sıralamaya göre yeniden (290 mantığı),2.91,20260612000318_soru_zorluk_yeniden_sirala
5f619b53-c904-4606-8594-328af177b025,questions.zorluk,4,3,2a sıralamaya göre yeniden (290 mantığı),2.87,20260612000318_soru_zorluk_yeniden_sirala
5fadf28a-14d0-4a05-8189-057d5ed58c72,questions.zorluk,2,1,2a sıralamaya göre yeniden (290 mantığı),1.72,20260612000318_soru_zorluk_yeniden_sirala
03cc6087-e31b-4a93-9ec6-c4c245437ca5,questions.zorluk,4,3,2a sıralamaya göre yeniden (290 mantığı),3.06,20260612000318_soru_zorluk_yeniden_sirala
0736aaeb-92b4-4557-91b6-ef92b3c417f5,questions.zorluk,3,2,2a sıralamaya göre yeniden (290 mantığı),2.12,20260612000318_soru_zorluk_yeniden_sirala
057b36f8-2d43-449f-a58e-8bad6031ca1d,questions.zorluk,3,2,2a sıralamaya göre yeniden (290 mantığı),2.04,20260612000318_soru_zorluk_yeniden_sirala
06fb7c94-0072-4d50-bd02-bf6c68aa706f,questions.zorluk,3,2,2a sıralamaya göre yeniden (290 mantığı),2.11,20260612000318_soru_zorluk_yeniden_sirala
03289b6f-e1be-44d9-a412-5d8df775af68,questions.zorluk,4,3,2a sıralamaya göre yeniden (290 mantığı),2.89,20260612000318_soru_zorluk_yeniden_sirala
0345a561-66cc-4d5b-ba16-105558f160d1,questions.zorluk,4,3,2a sıralamaya göre yeniden (290 mantığı),2.92,20260612000318_soru_zorluk_yeniden_sirala
05116ea0-3af7-4a10-8ea6-9db38cb62d14,questions.zorluk,4,3,2a sıralamaya göre yeniden (290 mantığı),2.89,20260612000318_soru_zorluk_yeniden_sirala
08450f3d-a34a-45ce-ac04-8b7c5b49b1a9,questions.zorluk,5,4,2a sıralamaya göre yeniden (290 mantığı),3.54,20260612000318_soru_zorluk_yeniden_sirala
083671d7-b934-4918-b5ea-a789ea1ae21b,questions.zorluk,4,3,2a sıralamaya göre yeniden (290 mantığı),2.85,20260612000318_soru_zorluk_yeniden_sirala
076328d0-36a3-4198-b5a9-e157232ef7cd,questions.zorluk,5,4,2a sıralamaya göre yeniden (290 mantığı),3.58,20260612000318_soru_zorluk_yeniden_sirala
07dcf573-65dd-49a1-a088-deda9f4c7762,questions.zorluk,3,2,2a sıralamaya göre yeniden (290 mantığı),2.03,20260612000318_soru_zorluk_yeniden_sirala
06abf62e-40ca-4cae-a1d7-8ec2b671f283,questions.zorluk,3,2,2a sıralamaya göre yeniden (290 mantığı),2.08,20260612000318_soru_zorluk_yeniden_sirala
06f1bfc3-dc9f-48ed-aae7-7b800e4b5600,questions.zorluk,3,2,2a sıralamaya göre yeniden (290 mantığı),2.05,20260612000318_soru_zorluk_yeniden_sirala
0769c9ab-3688-473f-bc0d-1da0fe7d9efd,questions.zorluk,4,3,2a sıralamaya göre yeniden (290 mantığı),2.87,20260612000318_soru_zorluk_yeniden_sirala
06aca1d5-6363-40c0-963f-cd70c88885e7,questions.zorluk,3,2,2a sıralamaya göre yeniden (290 mantığı),2.09,20260612000318_soru_zorluk_yeniden_sirala
98fa3907-d799-4924-8cd3-cf3af8b6679c,questions.zorluk,3,2,2a sıralamaya göre yeniden (290 mantığı),2.05,20260612000318_soru_zorluk_yeniden_sirala
78e5cb4b-68f1-46ff-aeb8-efd7643afbc4,questions.zorluk,3,2,2a sıralamaya göre yeniden (290 mantığı),2.11,20260612000318_soru_zorluk_yeniden_sirala
92461c12-1e94-48bf-9cb6-0bd50842504a,questions.zorluk,4,3,2a sıralamaya göre yeniden (290 mantığı),2.9,20260612000318_soru_zorluk_yeniden_sirala
0cd40b2f-1376-4152-8aaa-262ccbce5bae,questions.zorluk,3,2,2a sıralamaya göre yeniden (290 mantığı),2.06,20260612000318_soru_zorluk_yeniden_sirala
09a74539-b957-41cf-b8ab-58bdd749b0ec,questions.zorluk,3,2,2a sıralamaya göre yeniden (290 mantığı),2.1,20260612000318_soru_zorluk_yeniden_sirala
0bf7a0ba-e9ef-4405-8d4c-dfae3bcbf4f6,questions.zorluk,3,2,2a sıralamaya göre yeniden (290 mantığı),2.08,20260612000318_soru_zorluk_yeniden_sirala
0b052a8e-eb20-439d-b40b-21a19744028c,questions.zorluk,2,1,2a sıralamaya göre yeniden (290 mantığı),1.68,20260612000318_soru_zorluk_yeniden_sirala
0cfc3c3c-61a9-43af-bc00-b0cccff0166f,questions.zorluk,2,1,2a sıralamaya göre yeniden (290 mantığı),1.7,20260612000318_soru_zorluk_yeniden_sirala
098db263-30a9-4629-ad8b-8d83ba9f3a27,questions.zorluk,4,3,2a sıralamaya göre yeniden (290 mantığı),3.03,20260612000318_soru_zorluk_yeniden_sirala
0cb1923c-db3d-43fe-b546-333e90b7e5fc,questions.zorluk,4,3,2a sıralamaya göre yeniden (290 mantığı),2.88,20260612000318_soru_zorluk_yeniden_sirala
0d0bb7ca-494a-49a7-8337-edee0c14959f,questions.zorluk,4,3,2a sıralamaya göre yeniden (290 mantığı),3.05,20260612000318_soru_zorluk_yeniden_sirala
18693944-5365-4f87-b7fa-9bd012a0b119,questions.zorluk,3,2,2a sıralamaya göre yeniden (290 mantığı),2.07,20260612000318_soru_zorluk_yeniden_sirala
0db3f070-2981-432d-a96d-17b6e644b161,questions.zorluk,3,2,2a sıralamaya göre yeniden (290 mantığı),2.1,20260612000318_soru_zorluk_yeniden_sirala
43f1a1f6-c572-48f5-9431-7c37273f6bd4,questions.zorluk,2,1,2a sıralamaya göre yeniden (290 mantığı),1.69,20260612000318_soru_zorluk_yeniden_sirala
1054e5f2-9a6b-41a2-945a-08b34bd57e25,questions.zorluk,2,1,2a sıralamaya göre yeniden (290 mantığı),1.7,20260612000318_soru_zorluk_yeniden_sirala
0e7c6308-5754-4335-923b-24e19ae46951,questions.zorluk,4,3,2a sıralamaya göre yeniden (290 mantığı),2.91,20260612000318_soru_zorluk_yeniden_sirala
5987698f-6ef8-4b95-911d-3c70a1a66bdc,questions.zorluk,4,3,2a sıralamaya göre yeniden (290 mantığı),3.02,20260612000318_soru_zorluk_yeniden_sirala
a4ca3e05-2f74-4d4f-87ea-e470b18b8349,questions.zorluk,4,3,2a sıralamaya göre yeniden (290 mantığı),2.98,20260612000318_soru_zorluk_yeniden_sirala
0949c184-a576-4da1-b26c-0ff91546bf45,questions.zorluk,4,3,2a sıralamaya göre yeniden (290 mantığı),2.92,20260612000318_soru_zorluk_yeniden_sirala
e50ecb9b-4887-4a14-9f14-f9b9907e43db,questions.zorluk,4,3,2a sıralamaya göre yeniden (290 mantığı),2.84,20260612000318_soru_zorluk_yeniden_sirala
47da0baa-dc70-4d38-8c86-37238f23b042,questions.zorluk,4,3,2a sıralamaya göre yeniden (290 mantığı),3.03,20260612000318_soru_zorluk_yeniden_sirala
13cc4572-6939-4b97-bfa6-3fd6c92f240c,questions.zorluk,4,3,2a sıralamaya göre yeniden (290 mantığı),2.88,20260612000318_soru_zorluk_yeniden_sirala
1a27b68f-8244-458e-aff4-760e346e5fa7,questions.zorluk,3,2,2a sıralamaya göre yeniden (290 mantığı),2.07,20260612000318_soru_zorluk_yeniden_sirala
142e7b46-be82-4a14-9c2f-5af0062f4fd4,questions.zorluk,2,1,2a sıralamaya göre yeniden (290 mantığı),1.7,20260612000318_soru_zorluk_yeniden_sirala
1a44885d-7196-4d95-8cf5-a159029dfa9c,questions.zorluk,3,2,2a sıralamaya göre yeniden (290 mantığı),2.04,20260612000318_soru_zorluk_yeniden_sirala
1734ba66-a818-4986-8e9e-e60bd245cc96,questions.zorluk,4,3,2a sıralamaya göre yeniden (290 mantığı),3.02,20260612000318_soru_zorluk_yeniden_sirala
18b87be8-ae36-4834-a0b2-e9101a1f4c64,questions.zorluk,4,3,2a sıralamaya göre yeniden (290 mantığı),2.87,20260612000318_soru_zorluk_yeniden_sirala
9e5ab703-c9e6-4e01-9b62-0ed3d4edca1f,questions.zorluk,4,3,2a sıralamaya göre yeniden (290 mantığı),2.93,20260612000318_soru_zorluk_yeniden_sirala
1785c130-ddf7-47d7-b548-72d61f793f17,questions.zorluk,5,4,2a sıralamaya göre yeniden (290 mantığı),3.48,20260612000318_soru_zorluk_yeniden_sirala
afb2760f-e5aa-42f2-a38d-681c62cbd60d,questions.zorluk,3,2,2a sıralamaya göre yeniden (290 mantığı),2.06,20260612000318_soru_zorluk_yeniden_sirala
1cf8e87f-b522-499d-bcb3-101f9bb227e2,questions.zorluk,2,1,2a sıralamaya göre yeniden (290 mantığı),1.73,20260612000318_soru_zorluk_yeniden_sirala
187fae23-a528-4653-a32a-722d8fa89711,questions.zorluk,4,3,2a sıralamaya göre yeniden (290 mantığı),2.93,20260612000318_soru_zorluk_yeniden_sirala
1a7da5c1-4d20-42f0-a1e4-69d7f4593337,questions.zorluk,2,1,2a sıralamaya göre yeniden (290 mantığı),1.66,20260612000318_soru_zorluk_yeniden_sirala
18fb47a0-777a-4917-ba5b-2ae96d3ea2e8,questions.zorluk,3,2,2a sıralamaya göre yeniden (290 mantığı),2.07,20260612000318_soru_zorluk_yeniden_sirala
1806371f-dfb3-40fd-8377-9716878a40e3,questions.zorluk,4,3,2a sıralamaya göre yeniden (290 mantığı),2.94,20260612000318_soru_zorluk_yeniden_sirala
118de0e5-5362-4206-9da2-4ad1242970ed,questions.zorluk,3,2,2a sıralamaya göre yeniden (290 mantığı),2.1,20260612000318_soru_zorluk_yeniden_sirala
12735f55-092a-49aa-8d34-50a942145ea1,questions.zorluk,3,2,2a sıralamaya göre yeniden (290 mantığı),2.06,20260612000318_soru_zorluk_yeniden_sirala
0e68006a-3b9d-4614-afeb-dd5f69451a2a,questions.zorluk,3,2,2a sıralamaya göre yeniden (290 mantığı),2.07,20260612000318_soru_zorluk_yeniden_sirala
1abcfdce-668e-456f-b618-fd9653a50d9a,questions.zorluk,2,1,2a sıralamaya göre yeniden (290 mantığı),1.69,20260612000318_soru_zorluk_yeniden_sirala
17c2a32a-8718-4248-9d80-f25ff34bc51e,questions.zorluk,3,2,2a sıralamaya göre yeniden (290 mantığı),2.09,20260612000318_soru_zorluk_yeniden_sirala
16bf5a9a-44f5-493c-bc66-19f0018d9bb4,questions.zorluk,3,2,2a sıralamaya göre yeniden (290 mantığı),2.1,20260612000318_soru_zorluk_yeniden_sirala
15e90229-7f09-478a-9a71-4c3474abc8db,questions.zorluk,3,2,2a sıralamaya göre yeniden (290 mantığı),2.08,20260612000318_soru_zorluk_yeniden_sirala
198d453d-65fd-42b9-b403-c605b37ac71d,questions.zorluk,3,2,2a sıralamaya göre yeniden (290 mantığı),2.04,20260612000318_soru_zorluk_yeniden_sirala
1162735e-f2f4-49b5-89cd-efce6ba630d9,questions.zorluk,4,3,2a sıralamaya göre yeniden (290 mantığı),2.95,20260612000318_soru_zorluk_yeniden_sirala
0df8a5af-9375-4540-a97c-46f2899b611f,questions.zorluk,3,2,2a sıralamaya göre yeniden (290 mantığı),2.12,20260612000318_soru_zorluk_yeniden_sirala
18eb6d5d-49a1-4dd7-a14d-d0e6c528f101,questions.zorluk,4,3,2a sıralamaya göre yeniden (290 mantığı),2.82,20260612000318_soru_zorluk_yeniden_sirala
1ad0fb7e-3816-43e3-adee-23870ed9555d,questions.zorluk,3,2,2a sıralamaya göre yeniden (290 mantığı),2.11,20260612000318_soru_zorluk_yeniden_sirala
145a2541-2f5d-4155-ad4c-28140448a5d5,questions.zorluk,5,4,2a sıralamaya göre yeniden (290 mantığı),3.59,20260612000318_soru_zorluk_yeniden_sirala
107aaf97-d744-4cf0-a9ca-049caa58fbd5,questions.zorluk,2,1,2a sıralamaya göre yeniden (290 mantığı),1.66,20260612000318_soru_zorluk_yeniden_sirala
11a8ec75-97cc-4984-9476-898f86c7684d,questions.zorluk,4,3,2a sıralamaya göre yeniden (290 mantığı),2.9,20260612000318_soru_zorluk_yeniden_sirala
18649e70-ada2-4c16-95b9-b9d501380c2d,questions.zorluk,4,3,2a sıralamaya göre yeniden (290 mantığı),3.01,20260612000318_soru_zorluk_yeniden_sirala
14bee237-bc6c-4b22-bed1-f95c20a66d6b,questions.zorluk,4,3,2a sıralamaya göre yeniden (290 mantığı),2.85,20260612000318_soru_zorluk_yeniden_sirala
0579e08c-cd43-4f65-8f5b-f5200497e6d1,questions.zorluk,2,1,2a sıralamaya göre yeniden (290 mantığı),1.73,20260612000318_soru_zorluk_yeniden_sirala
08d1f7a6-a3ac-41a1-8897-f321b3b22905,questions.zorluk,4,3,2a sıralamaya göre yeniden (290 mantığı),2.96,20260612000318_soru_zorluk_yeniden_sirala
0ff48a5e-68ae-452e-93c7-443812fe6569,questions.zorluk,4,3,2a sıralamaya göre yeniden (290 mantığı),2.86,20260612000318_soru_zorluk_yeniden_sirala
1b25565f-d63d-4d0e-9f33-6dc16e5ebccf,questions.zorluk,2,1,2a sıralamaya göre yeniden (290 mantığı),1.67,20260612000318_soru_zorluk_yeniden_sirala
18ebf081-b3da-424e-b40f-f573a8edd766,questions.zorluk,2,1,2a sıralamaya göre yeniden (290 mantığı),1.67,20260612000318_soru_zorluk_yeniden_sirala
1da9a4cc-6525-4e63-ad83-d22aae926513,questions.zorluk,2,1,2a sıralamaya göre yeniden (290 mantığı),1.68,20260612000318_soru_zorluk_yeniden_sirala
1e8c5e1f-232b-4610-8145-1ccb4d843d34,questions.zorluk,2,1,2a sıralamaya göre yeniden (290 mantığı),1.68,20260612000318_soru_zorluk_yeniden_sirala
1d6f5ad6-bb64-405e-a8a5-6b55cb0f0608,questions.zorluk,3,2,2a sıralamaya göre yeniden (290 mantığı),2.09,20260612000318_soru_zorluk_yeniden_sirala
1bb65e1c-599c-4d92-924a-320d410a7e8e,questions.zorluk,3,2,2a sıralamaya göre yeniden (290 mantığı),2.03,20260612000318_soru_zorluk_yeniden_sirala
75a9719a-8f5d-438b-8591-d5c4151ea8cb,questions.zorluk,3,2,2a sıralamaya göre yeniden (290 mantığı),2.05,20260612000318_soru_zorluk_yeniden_sirala
be5198b7-6e63-4640-9698-b59ad6ffe311,questions.zorluk,4,3,2a sıralamaya göre yeniden (290 mantığı),2.93,20260612000318_soru_zorluk_yeniden_sirala
5b68b894-50e6-44dd-bd2b-a0cbcbdde4f3,questions.zorluk,4,3,2a sıralamaya göre yeniden (290 mantığı),2.91,20260612000318_soru_zorluk_yeniden_sirala
57e3e0bc-b8e0-4a3e-97d3-5f60ece314c5,questions.zorluk,4,3,2a sıralamaya göre yeniden (290 mantığı),2.92,20260612000318_soru_zorluk_yeniden_sirala
1b496060-2c8e-4767-8f4a-18a399440754,questions.zorluk,5,4,2a sıralamaya göre yeniden (290 mantığı),3.55,20260612000318_soru_zorluk_yeniden_sirala
1c1c3344-6122-4108-9917-b0f6d4c69a2a,questions.zorluk,5,4,2a sıralamaya göre yeniden (290 mantığı),3.48,20260612000318_soru_zorluk_yeniden_sirala
20588e88-d16c-4f3f-a9ef-932a049b706c,questions.zorluk,2,1,2a sıralamaya göre yeniden (290 mantığı),1.67,20260612000318_soru_zorluk_yeniden_sirala
2167ca34-ed66-41b2-88fe-a9b8d841458c,questions.zorluk,2,1,2a sıralamaya göre yeniden (290 mantığı),1.7,20260612000318_soru_zorluk_yeniden_sirala
1ec44f0d-1fdb-4882-916c-90e7c432f6bd,questions.zorluk,4,3,2a sıralamaya göre yeniden (290 mantığı),2.94,20260612000318_soru_zorluk_yeniden_sirala
1fe74877-be85-47b9-aff9-e8397ee948fb,questions.zorluk,5,4,2a sıralamaya göre yeniden (290 mantığı),3.49,20260612000318_soru_zorluk_yeniden_sirala
1f5ba94a-be55-42ec-b9a1-45458f0a6500,questions.zorluk,5,4,2a sıralamaya göre yeniden (290 mantığı),3.58,20260612000318_soru_zorluk_yeniden_sirala
915e9f7c-374b-4e9b-8be0-386539e51674,questions.zorluk,4,3,2a sıralamaya göre yeniden (290 mantığı),3.01,20260612000318_soru_zorluk_yeniden_sirala
97785a6d-eb03-4fde-816c-6e1ef5ecfc3a,questions.zorluk,5,4,2a sıralamaya göre yeniden (290 mantığı),3.64,20260612000318_soru_zorluk_yeniden_sirala
1ffbcb08-7e77-457a-93b1-29cd1d3685e5,questions.zorluk,3,2,2a sıralamaya göre yeniden (290 mantığı),2.1,20260612000318_soru_zorluk_yeniden_sirala
a6de08d8-f9e4-4193-a1b2-5a7750daa3d9,questions.zorluk,4,3,2a sıralamaya göre yeniden (290 mantığı),2.93,20260612000318_soru_zorluk_yeniden_sirala
aca8be4a-56b4-478f-af70-43991f916d91,questions.zorluk,4,3,2a sıralamaya göre yeniden (290 mantığı),2.86,20260612000318_soru_zorluk_yeniden_sirala
209baf4e-af7a-4f22-9792-9a1cfbcedb62,questions.zorluk,3,2,2a sıralamaya göre yeniden (290 mantığı),2.05,20260612000318_soru_zorluk_yeniden_sirala
d3506c37-07d5-4a77-b824-26ec7819dad7,questions.zorluk,4,3,2a sıralamaya göre yeniden (290 mantığı),2.99,20260612000318_soru_zorluk_yeniden_sirala
af156f9b-a3e3-415f-848b-563f91bb8957,questions.zorluk,3,2,2a sıralamaya göre yeniden (290 mantığı),2.11,20260612000318_soru_zorluk_yeniden_sirala
1eec6426-3cdd-4133-a9dc-52a5caec4e27,questions.zorluk,3,2,2a sıralamaya göre yeniden (290 mantığı),2.06,20260612000318_soru_zorluk_yeniden_sirala
cdf34e10-956b-4c02-9928-b67a5ea185ea,questions.zorluk,2,1,2a sıralamaya göre yeniden (290 mantığı),1.71,20260612000318_soru_zorluk_yeniden_sirala
d3d6348a-6cbc-4f72-9554-ff511f54f9c2,questions.zorluk,4,3,2a sıralamaya göre yeniden (290 mantığı),2.94,20260612000318_soru_zorluk_yeniden_sirala
e4d04262-8db7-4e15-960b-1acadf6a8387,questions.zorluk,4,3,2a sıralamaya göre yeniden (290 mantığı),2.9,20260612000318_soru_zorluk_yeniden_sirala
236d705b-91e7-4d47-8a83-6b0a006c0fa9,questions.zorluk,3,2,2a sıralamaya göre yeniden (290 mantığı),2.07,20260612000318_soru_zorluk_yeniden_sirala
2325b035-6290-4e53-b122-108bf7c245a5,questions.zorluk,5,4,2a sıralamaya göre yeniden (290 mantığı),3.65,20260612000318_soru_zorluk_yeniden_sirala
251d212c-1488-435f-8d02-2577c6bf887b,questions.zorluk,3,2,2a sıralamaya göre yeniden (290 mantığı),2.03,20260612000318_soru_zorluk_yeniden_sirala
a4be6630-784f-4a2d-be38-d3f47ebc7523,questions.zorluk,4,3,2a sıralamaya göre yeniden (290 mantığı),2.93,20260612000318_soru_zorluk_yeniden_sirala
2914c00f-2733-4df8-97eb-0b315629a1ad,questions.zorluk,3,2,2a sıralamaya göre yeniden (290 mantığı),2.11,20260612000318_soru_zorluk_yeniden_sirala
264e297b-85c7-4957-9775-309cba93c707,questions.zorluk,3,2,2a sıralamaya göre yeniden (290 mantığı),2.04,20260612000318_soru_zorluk_yeniden_sirala
1cce24c5-90b7-4524-b45f-92a0ce60fc91,questions.zorluk,2,1,2a sıralamaya göre yeniden (290 mantığı),1.69,20260612000318_soru_zorluk_yeniden_sirala
26dcfb4f-6053-47e7-bf8c-3f25ab3d37a8,questions.zorluk,4,3,2a sıralamaya göre yeniden (290 mantığı),2.91,20260612000318_soru_zorluk_yeniden_sirala
1fb4548c-f562-4637-89c0-01dba47aeccb,questions.zorluk,3,2,2a sıralamaya göre yeniden (290 mantığı),2.07,20260612000318_soru_zorluk_yeniden_sirala
1df46bcb-f25e-4255-be1b-cf8ea4906b68,questions.zorluk,3,2,2a sıralamaya göre yeniden (290 mantığı),2.1,20260612000318_soru_zorluk_yeniden_sirala
2041f760-63c8-4071-aae0-a58c4f98d435,questions.zorluk,4,3,2a sıralamaya göre yeniden (290 mantığı),3.04,20260612000318_soru_zorluk_yeniden_sirala
23429f10-4d54-4565-9049-3143e53a8171,questions.zorluk,3,2,2a sıralamaya göre yeniden (290 mantığı),2.07,20260612000318_soru_zorluk_yeniden_sirala
1e0ada62-06b2-42ba-80dd-028337c109f3,questions.zorluk,2,1,2a sıralamaya göre yeniden (290 mantığı),1.72,20260612000318_soru_zorluk_yeniden_sirala
1d7195cd-29f9-49d4-9aea-c0999532faf3,questions.zorluk,2,1,2a sıralamaya göre yeniden (290 mantığı),1.67,20260612000318_soru_zorluk_yeniden_sirala
201e6a79-6c32-4926-9322-a14d7c90bf13,questions.zorluk,3,2,2a sıralamaya göre yeniden (290 mantığı),2.11,20260612000318_soru_zorluk_yeniden_sirala
20860c11-8b8b-40d9-b2d6-43e3d387a040,questions.zorluk,3,2,2a sıralamaya göre yeniden (290 mantığı),2.08,20260612000318_soru_zorluk_yeniden_sirala
2bbfaa2d-1ab6-4ed5-9a18-10cba1a3a82f,questions.zorluk,3,2,2a sıralamaya göre yeniden (290 mantığı),2.04,20260612000318_soru_zorluk_yeniden_sirala
276f0a8b-73c4-42be-9563-fd9f3f120788,questions.zorluk,2,1,2a sıralamaya göre yeniden (290 mantığı),1.73,20260612000318_soru_zorluk_yeniden_sirala
2c5864cb-0ba7-4370-bab4-67a38d24ac23,questions.zorluk,4,3,2a sıralamaya göre yeniden (290 mantığı),2.88,20260612000318_soru_zorluk_yeniden_sirala
1b7b9e23-42cd-4310-90a9-e5d8aec2a683,questions.zorluk,3,2,2a sıralamaya göre yeniden (290 mantığı),2.07,20260612000318_soru_zorluk_yeniden_sirala
4390ebe2-7407-4625-a850-8067ae9602c6,questions.zorluk,5,4,2a sıralamaya göre yeniden (290 mantığı),3.54,20260612000318_soru_zorluk_yeniden_sirala
1b1d8337-b138-4038-bac5-4a7b6442816d,questions.zorluk,2,1,2a sıralamaya göre yeniden (290 mantığı),1.68,20260612000318_soru_zorluk_yeniden_sirala
54324c27-b344-48ba-ba24-21eeb3410cba,questions.zorluk,4,3,2a sıralamaya göre yeniden (290 mantığı),2.89,20260612000318_soru_zorluk_yeniden_sirala
77cd4ef2-92e0-4e77-b44b-690cc9babfb0,questions.zorluk,3,2,2a sıralamaya göre yeniden (290 mantığı),2.06,20260612000318_soru_zorluk_yeniden_sirala
1e48efc2-d15c-4750-b567-003136c44493,questions.zorluk,3,2,2a sıralamaya göre yeniden (290 mantığı),2.12,20260612000318_soru_zorluk_yeniden_sirala
79a052be-3f84-4307-8ff9-2392a9413e87,questions.zorluk,2,1,2a sıralamaya göre yeniden (290 mantığı),1.68,20260612000318_soru_zorluk_yeniden_sirala
836fa45e-25c9-44af-9f48-2721871db46d,questions.zorluk,4,3,2a sıralamaya göre yeniden (290 mantığı),2.92,20260612000318_soru_zorluk_yeniden_sirala
205a0f32-c8bb-46f9-bb77-1b6e0185f2b7,questions.zorluk,4,3,2a sıralamaya göre yeniden (290 mantığı),2.96,20260612000318_soru_zorluk_yeniden_sirala
23668933-7a36-4396-9cae-45480f0e97b1,questions.zorluk,4,3,2a sıralamaya göre yeniden (290 mantığı),2.88,20260612000318_soru_zorluk_yeniden_sirala
223883c8-0086-4a47-8e9c-4ba44fac0789,questions.zorluk,4,3,2a sıralamaya göre yeniden (290 mantığı),2.93,20260612000318_soru_zorluk_yeniden_sirala
246f3f09-254c-48f4-9618-2ec520b54b1a,questions.zorluk,5,4,2a sıralamaya göre yeniden (290 mantığı),3.58,20260612000318_soru_zorluk_yeniden_sirala
241ef441-ca7c-49f6-bb7a-b76e79271969,questions.zorluk,4,3,2a sıralamaya göre yeniden (290 mantığı),2.98,20260612000318_soru_zorluk_yeniden_sirala
af09eb1e-89dc-4330-a1c9-db2748a43be0,questions.zorluk,3,2,2a sıralamaya göre yeniden (290 mantığı),2.06,20260612000318_soru_zorluk_yeniden_sirala
26450f0c-aca6-4f03-a681-5ec75dd6428e,questions.zorluk,4,3,2a sıralamaya göre yeniden (290 mantığı),3.03,20260612000318_soru_zorluk_yeniden_sirala
c325a8fd-da81-4080-9d11-dbf061b8a5e4,questions.zorluk,4,3,2a sıralamaya göre yeniden (290 mantığı),2.96,20260612000318_soru_zorluk_yeniden_sirala
1d276d81-230c-4057-ac59-275192c438d2,questions.zorluk,3,2,2a sıralamaya göre yeniden (290 mantığı),2.1,20260612000318_soru_zorluk_yeniden_sirala
2389706c-29f9-40a6-908d-616863a0c018,questions.zorluk,5,4,2a sıralamaya göre yeniden (290 mantığı),3.48,20260612000318_soru_zorluk_yeniden_sirala
1fe2bebc-e305-4a5e-b22a-fe8300802623,questions.zorluk,4,3,2a sıralamaya göre yeniden (290 mantığı),3.03,20260612000318_soru_zorluk_yeniden_sirala
1d708e64-8774-4e55-b3a4-6c30015645d6,questions.zorluk,4,3,2a sıralamaya göre yeniden (290 mantığı),2.88,20260612000318_soru_zorluk_yeniden_sirala
22176140-1ad5-40a2-90e0-90ce596675b6,questions.zorluk,4,3,2a sıralamaya göre yeniden (290 mantığı),2.89,20260612000318_soru_zorluk_yeniden_sirala
2498d2cd-24dc-400c-a171-bd500ecaf05f,questions.zorluk,5,4,2a sıralamaya göre yeniden (290 mantığı),3.59,20260612000318_soru_zorluk_yeniden_sirala
efee128c-04a0-4017-b3f3-7fd8bfa078a8,questions.zorluk,3,2,2a sıralamaya göre yeniden (290 mantığı),2.09,20260612000318_soru_zorluk_yeniden_sirala
30a95561-1573-4aee-99fb-e148e7cfd460,questions.zorluk,2,1,2a sıralamaya göre yeniden (290 mantığı),1.73,20260612000318_soru_zorluk_yeniden_sirala
23f1d3f3-05b9-4d7e-a138-3cb740169c16,questions.zorluk,5,4,2a sıralamaya göre yeniden (290 mantığı),3.63,20260612000318_soru_zorluk_yeniden_sirala
22febae0-d245-4ceb-aee3-d6b9a1379373,questions.zorluk,4,3,2a sıralamaya göre yeniden (290 mantığı),3.05,20260612000318_soru_zorluk_yeniden_sirala
2189190a-7af4-49e6-ad38-4d7bfa93d812,questions.zorluk,3,2,2a sıralamaya göre yeniden (290 mantığı),2.05,20260612000318_soru_zorluk_yeniden_sirala
25a84b7b-3071-4f4d-9844-7836bea7a40a,questions.zorluk,5,4,2a sıralamaya göre yeniden (290 mantığı),3.65,20260612000318_soru_zorluk_yeniden_sirala
2878e76b-b994-4708-b88b-ac3cb1c2de20,questions.zorluk,3,2,2a sıralamaya göre yeniden (290 mantığı),2.1,20260612000318_soru_zorluk_yeniden_sirala
296006e1-ce9e-43cc-9d5e-2d488524c5db,questions.zorluk,3,2,2a sıralamaya göre yeniden (290 mantığı),2.04,20260612000318_soru_zorluk_yeniden_sirala
2881ae68-c26c-489e-9703-21a486b5aff2,questions.zorluk,2,1,2a sıralamaya göre yeniden (290 mantığı),1.71,20260612000318_soru_zorluk_yeniden_sirala
2790e093-e6db-4eff-9434-202e6e261b14,questions.zorluk,4,3,2a sıralamaya göre yeniden (290 mantığı),2.87,20260612000318_soru_zorluk_yeniden_sirala
29a6d334-aeb5-46be-854a-e8a8b67c6d4e,questions.zorluk,3,2,2a sıralamaya göre yeniden (290 mantığı),2.09,20260612000318_soru_zorluk_yeniden_sirala
29dbcfdc-adc0-4306-8800-a02e653ad80c,questions.zorluk,2,1,2a sıralamaya göre yeniden (290 mantığı),1.71,20260612000318_soru_zorluk_yeniden_sirala
2c5d6c3a-f774-4465-9058-1b2473dddc08,questions.zorluk,3,2,2a sıralamaya göre yeniden (290 mantığı),2.05,20260612000318_soru_zorluk_yeniden_sirala
1e84908d-f364-4f17-8e65-38f66ff68ed6,questions.zorluk,3,2,2a sıralamaya göre yeniden (290 mantığı),2.11,20260612000318_soru_zorluk_yeniden_sirala
2cda42f1-e050-4a6a-ac62-a5d8dacf1c0c,questions.zorluk,2,1,2a sıralamaya göre yeniden (290 mantığı),1.7,20260612000318_soru_zorluk_yeniden_sirala
2c59b9ff-165e-43c8-958b-8ba812947fa6,questions.zorluk,4,3,2a sıralamaya göre yeniden (290 mantığı),2.91,20260612000318_soru_zorluk_yeniden_sirala
2d30f204-e5b0-4797-8288-c0d7ed3f4a8f,questions.zorluk,3,2,2a sıralamaya göre yeniden (290 mantığı),2.12,20260612000318_soru_zorluk_yeniden_sirala
6aeb1bbf-d0ef-4aa3-96e1-4df218109651,questions.zorluk,4,3,2a sıralamaya göre yeniden (290 mantığı),3.06,20260612000318_soru_zorluk_yeniden_sirala
2fd69aa9-b3b2-459b-aee0-2a9f9f04a2fd,questions.zorluk,3,2,2a sıralamaya göre yeniden (290 mantığı),2.06,20260612000318_soru_zorluk_yeniden_sirala
2fcf5407-604f-45a3-9211-b71c3f38cf46,questions.zorluk,3,2,2a sıralamaya göre yeniden (290 mantığı),2.11,20260612000318_soru_zorluk_yeniden_sirala
31340ba2-7727-447c-9280-12d57e7110a5,questions.zorluk,2,1,2a sıralamaya göre yeniden (290 mantığı),1.69,20260612000318_soru_zorluk_yeniden_sirala
32396bf9-12ca-4c54-897c-4bcda098ae33,questions.zorluk,3,2,2a sıralamaya göre yeniden (290 mantığı),2.04,20260612000318_soru_zorluk_yeniden_sirala
334ebd9f-fe0d-406c-b80b-48f85784aa4c,questions.zorluk,3,2,2a sıralamaya göre yeniden (290 mantığı),2.1,20260612000318_soru_zorluk_yeniden_sirala
34ce6c01-e36e-4d95-b252-d5d9e8cd75e8,questions.zorluk,3,2,2a sıralamaya göre yeniden (290 mantığı),2.12,20260612000318_soru_zorluk_yeniden_sirala
32fdd6dc-4600-4dcd-8791-a409119ae88e,questions.zorluk,5,4,2a sıralamaya göre yeniden (290 mantığı),3.58,20260612000318_soru_zorluk_yeniden_sirala
2f9a43db-6251-4e5c-b225-72e449e6e3de,questions.zorluk,5,4,2a sıralamaya göre yeniden (290 mantığı),3.55,20260612000318_soru_zorluk_yeniden_sirala
e50a02ed-4c80-41c1-b538-252e95c6210d,questions.zorluk,4,3,2a sıralamaya göre yeniden (290 mantığı),2.94,20260612000318_soru_zorluk_yeniden_sirala
8e3d8aae-9fab-4dc1-878f-56685ec39e5b,questions.zorluk,4,3,2a sıralamaya göre yeniden (290 mantığı),2.99,20260612000318_soru_zorluk_yeniden_sirala
172b7396-ff15-4d01-b7a9-c17d7eca35a8,questions.zorluk,3,2,2a sıralamaya göre yeniden (290 mantığı),2.1,20260612000318_soru_zorluk_yeniden_sirala
c62d0f84-94ec-4df0-9313-2b08f7c956a8,questions.zorluk,4,3,2a sıralamaya göre yeniden (290 mantığı),2.91,20260612000318_soru_zorluk_yeniden_sirala
7167f549-b85d-4c8a-891a-3f33afe504b4,questions.zorluk,3,2,2a sıralamaya göre yeniden (290 mantığı),2.12,20260612000318_soru_zorluk_yeniden_sirala
b965ecec-9fde-4194-94ae-209c86436912,questions.zorluk,3,2,2a sıralamaya göre yeniden (290 mantığı),2.03,20260612000318_soru_zorluk_yeniden_sirala
348ed1bc-8c3d-44db-9451-24e6e579832d,questions.zorluk,3,2,2a sıralamaya göre yeniden (290 mantığı),2.1,20260612000318_soru_zorluk_yeniden_sirala
2ecd5e13-3ad5-40da-ba18-1e02aecdf11d,questions.zorluk,4,3,2a sıralamaya göre yeniden (290 mantığı),2.88,20260612000318_soru_zorluk_yeniden_sirala
0221f0de-d263-4686-a639-eb8363bad0a3,questions.zorluk,5,4,2a sıralamaya göre yeniden (290 mantığı),3.46,20260612000318_soru_zorluk_yeniden_sirala
2c33d618-49de-4e78-b6ee-bd8e536fbb08,questions.zorluk,4,3,2a sıralamaya göre yeniden (290 mantığı),3.04,20260612000318_soru_zorluk_yeniden_sirala
2afe9668-442e-42ea-9c5f-e57f62f92945,questions.zorluk,3,2,2a sıralamaya göre yeniden (290 mantığı),2.06,20260612000318_soru_zorluk_yeniden_sirala
2bd99b4d-c8e3-43f0-a15b-4bb1746a05f6,questions.zorluk,4,3,2a sıralamaya göre yeniden (290 mantığı),2.93,20260612000318_soru_zorluk_yeniden_sirala
34fcd8f5-7a94-475f-a136-7b454a0e7e37,questions.zorluk,4,3,2a sıralamaya göre yeniden (290 mantığı),2.98,20260612000318_soru_zorluk_yeniden_sirala
2a175fa2-ac99-4406-a807-580f8942c28a,questions.zorluk,5,4,2a sıralamaya göre yeniden (290 mantığı),3.58,20260612000318_soru_zorluk_yeniden_sirala
2945f09e-29f0-4a4f-a70e-de296fc1c15d,questions.zorluk,2,1,2a sıralamaya göre yeniden (290 mantığı),1.72,20260612000318_soru_zorluk_yeniden_sirala
34c26712-e8da-49e6-8994-f779f676b594,questions.zorluk,2,1,2a sıralamaya göre yeniden (290 mantığı),1.7,20260612000318_soru_zorluk_yeniden_sirala
2cb7693e-aad3-4095-b1d4-90ad6e64db39,questions.zorluk,4,3,2a sıralamaya göre yeniden (290 mantığı),2.87,20260612000318_soru_zorluk_yeniden_sirala
34e979bd-7bfa-4db3-b5fa-54d636b451aa,questions.zorluk,4,3,2a sıralamaya göre yeniden (290 mantığı),3.02,20260612000318_soru_zorluk_yeniden_sirala
329dd924-7dae-4422-8023-db968afa7201,questions.zorluk,4,3,2a sıralamaya göre yeniden (290 mantığı),2.94,20260612000318_soru_zorluk_yeniden_sirala
2c1a0ab1-8028-4a52-acc1-8f109dbddf18,questions.zorluk,3,2,2a sıralamaya göre yeniden (290 mantığı),2.09,20260612000318_soru_zorluk_yeniden_sirala
29c9d916-a528-4efa-951a-8b19e662c5ba,questions.zorluk,3,2,2a sıralamaya göre yeniden (290 mantığı),2.08,20260612000318_soru_zorluk_yeniden_sirala
3233bce6-15ec-4172-a0cf-ac4167bdc165,questions.zorluk,4,3,2a sıralamaya göre yeniden (290 mantığı),2.91,20260612000318_soru_zorluk_yeniden_sirala
305f1884-2cf8-4efc-826a-0d25c1ba5af5,questions.zorluk,2,1,2a sıralamaya göre yeniden (290 mantığı),1.71,20260612000318_soru_zorluk_yeniden_sirala
29211df6-9b2b-4058-b234-0ae0b50ce41a,questions.zorluk,3,2,2a sıralamaya göre yeniden (290 mantığı),2.03,20260612000318_soru_zorluk_yeniden_sirala
2ca2acba-d71a-4276-920c-7e005f72e315,questions.zorluk,3,2,2a sıralamaya göre yeniden (290 mantığı),2.06,20260612000318_soru_zorluk_yeniden_sirala
2e19dfbd-cec4-4f0a-8cf4-e4bcdf22573d,questions.zorluk,3,2,2a sıralamaya göre yeniden (290 mantığı),2.06,20260612000318_soru_zorluk_yeniden_sirala
2a713aef-1de1-4092-811e-41aef6492971,questions.zorluk,4,3,2a sıralamaya göre yeniden (290 mantığı),2.87,20260612000318_soru_zorluk_yeniden_sirala
2f065da7-073d-43c4-8709-ea8910232265,questions.zorluk,5,4,2a sıralamaya göre yeniden (290 mantığı),3.64,20260612000318_soru_zorluk_yeniden_sirala
32b7a137-5165-4fb3-a528-e722de0d94b9,questions.zorluk,5,4,2a sıralamaya göre yeniden (290 mantığı),3.64,20260612000318_soru_zorluk_yeniden_sirala
2eaa7aa7-2aaf-4fa2-9dc4-25599fa2e8da,questions.zorluk,3,2,2a sıralamaya göre yeniden (290 mantığı),2.08,20260612000318_soru_zorluk_yeniden_sirala
33523ec8-6312-47c8-bbf5-fc91734bf934,questions.zorluk,3,2,2a sıralamaya göre yeniden (290 mantığı),2.06,20260612000318_soru_zorluk_yeniden_sirala
3016ac25-f81a-4b0e-8da4-28058d6e496e,questions.zorluk,4,3,2a sıralamaya göre yeniden (290 mantığı),2.83,20260612000318_soru_zorluk_yeniden_sirala
2fe581b2-97b4-46cc-8040-84f83fe58de1,questions.zorluk,2,1,2a sıralamaya göre yeniden (290 mantığı),1.7,20260612000318_soru_zorluk_yeniden_sirala
3186f695-4199-43ca-8dc2-8a2b13324c17,questions.zorluk,4,3,2a sıralamaya göre yeniden (290 mantığı),2.87,20260612000318_soru_zorluk_yeniden_sirala
29ed645a-1126-4240-a0e6-7af4dfc8dd53,questions.zorluk,3,2,2a sıralamaya göre yeniden (290 mantığı),2.06,20260612000318_soru_zorluk_yeniden_sirala
315fdcf6-c40e-41f8-8c8b-5efe57a36b23,questions.zorluk,4,3,2a sıralamaya göre yeniden (290 mantığı),2.85,20260612000318_soru_zorluk_yeniden_sirala
2bb0c5cc-ac9f-45a4-98d7-9177c9b83810,questions.zorluk,3,2,2a sıralamaya göre yeniden (290 mantığı),2.03,20260612000318_soru_zorluk_yeniden_sirala
2b39b481-7033-4aaa-8710-4015f275806e,questions.zorluk,4,3,2a sıralamaya göre yeniden (290 mantığı),2.85,20260612000318_soru_zorluk_yeniden_sirala
316cc8f4-8a36-4133-91a7-ecd5f04c81ab,questions.zorluk,4,3,2a sıralamaya göre yeniden (290 mantığı),2.97,20260612000318_soru_zorluk_yeniden_sirala
2f073359-f58a-4eb7-a377-cc0c86f97a41,questions.zorluk,5,4,2a sıralamaya göre yeniden (290 mantığı),3.46,20260612000318_soru_zorluk_yeniden_sirala
34407413-b571-4278-9bbf-52412bebf1d4,questions.zorluk,5,4,2a sıralamaya göre yeniden (290 mantığı),3.57,20260612000318_soru_zorluk_yeniden_sirala
2a7f0f9d-e7c4-4fde-b225-4c2e392c2acc,questions.zorluk,4,3,2a sıralamaya göre yeniden (290 mantığı),3.03,20260612000318_soru_zorluk_yeniden_sirala
2c1d3ff8-cc15-42b9-9fe1-73a4c1b3aa65,questions.zorluk,2,1,2a sıralamaya göre yeniden (290 mantığı),1.67,20260612000318_soru_zorluk_yeniden_sirala
32e46a0a-c0ed-44c5-93da-65c97f8c81dc,questions.zorluk,3,2,2a sıralamaya göre yeniden (290 mantığı),2.05,20260612000318_soru_zorluk_yeniden_sirala
2fb9f59f-6e5e-4382-8978-d9025dc70703,questions.zorluk,2,1,2a sıralamaya göre yeniden (290 mantığı),1.73,20260612000318_soru_zorluk_yeniden_sirala
370c0262-6859-4ab2-8e27-234562a81cfc,questions.zorluk,4,3,2a sıralamaya göre yeniden (290 mantığı),2.89,20260612000318_soru_zorluk_yeniden_sirala
db4fffb9-c17f-4e90-b297-747314945edd,questions.zorluk,4,3,2a sıralamaya göre yeniden (290 mantığı),2.89,20260612000318_soru_zorluk_yeniden_sirala
37afae1d-f430-42ea-85d9-540ead38fca4,questions.zorluk,5,4,2a sıralamaya göre yeniden (290 mantığı),3.47,20260612000318_soru_zorluk_yeniden_sirala
3a31d22b-a6a2-40cd-b9f5-01e3777b81b3,questions.zorluk,3,2,2a sıralamaya göre yeniden (290 mantığı),2.09,20260612000318_soru_zorluk_yeniden_sirala
3e3644c1-8661-4104-834b-fcc97ff9ae67,questions.zorluk,3,2,2a sıralamaya göre yeniden (290 mantığı),2.06,20260612000318_soru_zorluk_yeniden_sirala
3e59d0e8-ac29-4657-bc0f-6acc1b2a47f3,questions.zorluk,2,1,2a sıralamaya göre yeniden (290 mantığı),1.7,20260612000318_soru_zorluk_yeniden_sirala
3b5c5961-1119-4372-94ad-1897841b372d,questions.zorluk,4,3,2a sıralamaya göre yeniden (290 mantığı),2.9,20260612000318_soru_zorluk_yeniden_sirala
40062992-c4a7-45d8-b956-b7f5cc7e9f69,questions.zorluk,2,1,2a sıralamaya göre yeniden (290 mantığı),1.68,20260612000318_soru_zorluk_yeniden_sirala
4019f8db-ac38-43a6-ab40-af16ec975e96,questions.zorluk,3,2,2a sıralamaya göre yeniden (290 mantığı),2.1,20260612000318_soru_zorluk_yeniden_sirala
3d3f707b-7964-40db-af63-a3f7a6256a15,questions.zorluk,4,3,2a sıralamaya göre yeniden (290 mantığı),2.97,20260612000318_soru_zorluk_yeniden_sirala
4154efb4-5716-4514-a2c8-191c1c197aff,questions.zorluk,2,1,2a sıralamaya göre yeniden (290 mantığı),1.68,20260612000318_soru_zorluk_yeniden_sirala
3f6cd1aa-fb0a-4585-b555-ec9278414b3f,questions.zorluk,4,3,2a sıralamaya göre yeniden (290 mantığı),2.9,20260612000318_soru_zorluk_yeniden_sirala
175135a5-ac47-43da-a7f3-9dc91c286df9,questions.zorluk,4,3,2a sıralamaya göre yeniden (290 mantığı),2.87,20260612000318_soru_zorluk_yeniden_sirala
3ae61477-9979-4091-80bc-f64a09b776d4,questions.zorluk,5,4,2a sıralamaya göre yeniden (290 mantığı),3.49,20260612000318_soru_zorluk_yeniden_sirala
3d973371-a581-4255-8dfd-e342eb52a3f5,questions.zorluk,2,1,2a sıralamaya göre yeniden (290 mantığı),1.69,20260612000318_soru_zorluk_yeniden_sirala
225b2f64-d12c-4aae-a4ab-ed0dabef18c5,questions.zorluk,4,3,2a sıralamaya göre yeniden (290 mantığı),3.04,20260612000318_soru_zorluk_yeniden_sirala
3cb0cd22-aa9f-479e-adb8-aac0276ba86d,questions.zorluk,5,4,2a sıralamaya göre yeniden (290 mantığı),3.52,20260612000318_soru_zorluk_yeniden_sirala
3cadb5e6-f600-4c6b-bd4a-885a9d0d3d35,questions.zorluk,4,3,2a sıralamaya göre yeniden (290 mantığı),2.94,20260612000318_soru_zorluk_yeniden_sirala
29ddfb4e-6171-4c8a-b3b0-571ebd1f4e98,questions.zorluk,5,4,2a sıralamaya göre yeniden (290 mantığı),3.5,20260612000318_soru_zorluk_yeniden_sirala
e4cf16df-b76d-43cf-909d-aa1e6ef57ca3,questions.zorluk,5,4,2a sıralamaya göre yeniden (290 mantığı),3.53,20260612000318_soru_zorluk_yeniden_sirala
0a714bd0-3b18-437a-9182-8cdeee15c820,questions.zorluk,3,2,2a sıralamaya göre yeniden (290 mantığı),2.12,20260612000318_soru_zorluk_yeniden_sirala
5e7fa23c-8851-4278-a1b5-30167c8555de,questions.zorluk,5,4,2a sıralamaya göre yeniden (290 mantığı),3.51,20260612000318_soru_zorluk_yeniden_sirala
18ed0218-ad23-4e98-9abe-072fae090dad,questions.zorluk,5,4,2a sıralamaya göre yeniden (290 mantığı),3.49,20260612000318_soru_zorluk_yeniden_sirala
41cf8667-c60c-46ba-be13-dc92376a33ce,questions.zorluk,3,2,2a sıralamaya göre yeniden (290 mantığı),2.1,20260612000318_soru_zorluk_yeniden_sirala
3a9ef9ca-9558-4e15-b6fe-400075ed3004,questions.zorluk,3,2,2a sıralamaya göre yeniden (290 mantığı),2.08,20260612000318_soru_zorluk_yeniden_sirala
3ada6eb9-7183-43b0-8064-39bc070abdd9,questions.zorluk,4,3,2a sıralamaya göre yeniden (290 mantığı),3.06,20260612000318_soru_zorluk_yeniden_sirala
40950922-d5dd-44be-aece-de45944198e4,questions.zorluk,4,3,2a sıralamaya göre yeniden (290 mantığı),2.89,20260612000318_soru_zorluk_yeniden_sirala
3e7829d4-50b2-4ffb-bc60-8dca448f32d7,questions.zorluk,5,4,2a sıralamaya göre yeniden (290 mantığı),3.46,20260612000318_soru_zorluk_yeniden_sirala
cf9065b2-9506-4b9e-8a0e-7cf156918aab,questions.zorluk,5,4,2a sıralamaya göre yeniden (290 mantığı),3.52,20260612000318_soru_zorluk_yeniden_sirala
175e4d1c-ec51-4909-b757-5e04efde7260,questions.zorluk,3,2,2a sıralamaya göre yeniden (290 mantığı),2.11,20260612000318_soru_zorluk_yeniden_sirala
3fbca3b9-de2f-41c6-b964-061c5dc04f04,questions.zorluk,3,2,2a sıralamaya göre yeniden (290 mantığı),2.05,20260612000318_soru_zorluk_yeniden_sirala
3e022dbd-a4d5-4864-940a-d407dfe0f58d,questions.zorluk,4,3,2a sıralamaya göre yeniden (290 mantığı),3.02,20260612000318_soru_zorluk_yeniden_sirala
405bc4af-455e-4b3b-9062-6da7254a015f,questions.zorluk,4,3,2a sıralamaya göre yeniden (290 mantığı),2.97,20260612000318_soru_zorluk_yeniden_sirala
3d49a96f-47c8-4dda-adbb-f4a25911fdd0,questions.zorluk,4,3,2a sıralamaya göre yeniden (290 mantığı),2.92,20260612000318_soru_zorluk_yeniden_sirala
41b60b83-371a-4641-bda1-13ad3f267927,questions.zorluk,4,3,2a sıralamaya göre yeniden (290 mantığı),2.93,20260612000318_soru_zorluk_yeniden_sirala
371344c3-9c29-4059-a507-79d358dbeca0,questions.zorluk,5,4,2a sıralamaya göre yeniden (290 mantığı),3.57,20260612000318_soru_zorluk_yeniden_sirala
35adc19b-6337-453f-a5d7-c2f045adb095,questions.zorluk,3,2,2a sıralamaya göre yeniden (290 mantığı),2.06,20260612000318_soru_zorluk_yeniden_sirala
3995330a-e6e4-4b42-984b-8148c7d077b4,questions.zorluk,4,3,2a sıralamaya göre yeniden (290 mantığı),2.84,20260612000318_soru_zorluk_yeniden_sirala
34815921-2756-4f6f-be7b-556332160a67,questions.zorluk,4,3,2a sıralamaya göre yeniden (290 mantığı),2.92,20260612000318_soru_zorluk_yeniden_sirala
35001e8b-214f-4853-a6af-d0f0442e9fba,questions.zorluk,5,4,2a sıralamaya göre yeniden (290 mantığı),3.64,20260612000318_soru_zorluk_yeniden_sirala
45110a69-babd-409c-9c44-db12222e1112,questions.zorluk,2,1,2a sıralamaya göre yeniden (290 mantığı),1.71,20260612000318_soru_zorluk_yeniden_sirala
48a5228a-610b-4d05-8ed8-b0ed1f15b2c5,questions.zorluk,4,3,2a sıralamaya göre yeniden (290 mantığı),2.82,20260612000318_soru_zorluk_yeniden_sirala
5fcbaf30-957c-4c90-a9fe-8869d7352c63,questions.zorluk,3,2,2a sıralamaya göre yeniden (290 mantığı),2.07,20260612000318_soru_zorluk_yeniden_sirala
62bdd4d9-f772-402e-a63d-286cd4bf550e,questions.zorluk,4,3,2a sıralamaya göre yeniden (290 mantığı),2.96,20260612000318_soru_zorluk_yeniden_sirala
6ee2a76c-9c25-4c1f-b77e-859457f8c2a4,questions.zorluk,5,4,2a sıralamaya göre yeniden (290 mantığı),3.59,20260612000318_soru_zorluk_yeniden_sirala
85cc4a31-d435-4a8e-8770-3818d814d6e9,questions.zorluk,3,2,2a sıralamaya göre yeniden (290 mantığı),2.08,20260612000318_soru_zorluk_yeniden_sirala
3bb6a4ac-9c07-4a8c-98b7-6f3d88ae5dae,questions.zorluk,2,1,2a sıralamaya göre yeniden (290 mantığı),1.73,20260612000318_soru_zorluk_yeniden_sirala
8a095053-ca1f-4d21-8e29-c196d8719cd1,questions.zorluk,4,3,2a sıralamaya göre yeniden (290 mantığı),2.87,20260612000318_soru_zorluk_yeniden_sirala
3a593e2b-bb0f-4fa6-9b95-6a796eb5193c,questions.zorluk,4,3,2a sıralamaya göre yeniden (290 mantığı),2.94,20260612000318_soru_zorluk_yeniden_sirala
95e5afcf-e4b2-4902-92d4-e85419951e62,questions.zorluk,4,3,2a sıralamaya göre yeniden (290 mantığı),2.98,20260612000318_soru_zorluk_yeniden_sirala
9b84cd4f-85f6-4019-ab26-f878c6de5d72,questions.zorluk,4,3,2a sıralamaya göre yeniden (290 mantığı),3.04,20260612000318_soru_zorluk_yeniden_sirala
b6f3417f-b94a-435f-9109-4bae5e6f035e,questions.zorluk,4,3,2a sıralamaya göre yeniden (290 mantığı),3.01,20260612000318_soru_zorluk_yeniden_sirala
b488232c-931c-4a09-b176-842ef31c199c,questions.zorluk,5,4,2a sıralamaya göre yeniden (290 mantığı),3.52,20260612000318_soru_zorluk_yeniden_sirala
46427e2b-3a42-4ffa-b1a3-cf3254126376,questions.zorluk,3,2,2a sıralamaya göre yeniden (290 mantığı),2.05,20260612000318_soru_zorluk_yeniden_sirala
46c8410d-27c6-4a6c-bec1-0d2b4d7b65a1,questions.zorluk,2,1,2a sıralamaya göre yeniden (290 mantığı),1.67,20260612000318_soru_zorluk_yeniden_sirala
ede43c96-cfaa-4382-b100-2ba4bfdc46ba,questions.zorluk,5,4,2a sıralamaya göre yeniden (290 mantığı),3.64,20260612000318_soru_zorluk_yeniden_sirala
4b8d99ee-0d1d-43e1-b0cd-2226da84ad25,questions.zorluk,3,2,2a sıralamaya göre yeniden (290 mantığı),2.03,20260612000318_soru_zorluk_yeniden_sirala
1b2c172f-383d-4134-9129-badcfdd32086,questions.zorluk,4,3,2a sıralamaya göre yeniden (290 mantığı),2.96,20260612000318_soru_zorluk_yeniden_sirala
3c521a3a-c9b1-449a-90f4-dc0a33e74d72,questions.zorluk,4,3,2a sıralamaya göre yeniden (290 mantığı),2.85,20260612000318_soru_zorluk_yeniden_sirala
4c774b92-1b1f-4915-9cf5-7e5b49b0bcac,questions.zorluk,4,3,2a sıralamaya göre yeniden (290 mantığı),2.9,20260612000318_soru_zorluk_yeniden_sirala
4c6aae00-f4f7-429a-9ae5-3b9db34c5027,questions.zorluk,3,2,2a sıralamaya göre yeniden (290 mantığı),2.07,20260612000318_soru_zorluk_yeniden_sirala
427b6400-1c98-4d2e-b306-78abca6d5b42,questions.zorluk,4,3,2a sıralamaya göre yeniden (290 mantığı),3,20260612000318_soru_zorluk_yeniden_sirala
4326a3b9-bb51-4f2e-99b0-4836a02d8811,questions.zorluk,4,3,2a sıralamaya göre yeniden (290 mantığı),2.97,20260612000318_soru_zorluk_yeniden_sirala
e0fe9341-f86d-4cb8-b30e-bbdc237390bb,questions.zorluk,5,4,2a sıralamaya göre yeniden (290 mantığı),3.52,20260612000318_soru_zorluk_yeniden_sirala
6e5ef8c8-e22a-40a9-8b18-840ff5652132,questions.zorluk,5,4,2a sıralamaya göre yeniden (290 mantığı),3.53,20260612000318_soru_zorluk_yeniden_sirala
441fbcb2-14c0-44d4-9fed-82506d4a023e,questions.zorluk,4,3,2a sıralamaya göre yeniden (290 mantığı),3.04,20260612000318_soru_zorluk_yeniden_sirala
4ced2612-6400-4d00-aa2a-b1c12ae6b4f2,questions.zorluk,4,3,2a sıralamaya göre yeniden (290 mantığı),2.84,20260612000318_soru_zorluk_yeniden_sirala
4a052a31-6717-46ba-b91d-fa0a73256f3e,questions.zorluk,3,2,2a sıralamaya göre yeniden (290 mantığı),2.08,20260612000318_soru_zorluk_yeniden_sirala
7b5f7c9d-bb2d-41e7-bef3-68e277f01f6a,questions.zorluk,5,4,2a sıralamaya göre yeniden (290 mantığı),3.5,20260612000318_soru_zorluk_yeniden_sirala
47c69f74-cb73-4005-9039-f8b26252c741,questions.zorluk,5,4,2a sıralamaya göre yeniden (290 mantığı),3.57,20260612000318_soru_zorluk_yeniden_sirala
4648e7dd-7cd0-466b-9943-8c59ce3742ed,questions.zorluk,4,3,2a sıralamaya göre yeniden (290 mantığı),2.91,20260612000318_soru_zorluk_yeniden_sirala
4d39a4e9-1812-4efc-b1c1-269947a1be6c,questions.zorluk,3,2,2a sıralamaya göre yeniden (290 mantığı),2.05,20260612000318_soru_zorluk_yeniden_sirala
4a88beb3-3513-4901-aa50-3417c68d26ab,questions.zorluk,3,2,2a sıralamaya göre yeniden (290 mantığı),2.11,20260612000318_soru_zorluk_yeniden_sirala
07dfae20-8a90-4145-8023-2dafc28dd83b,questions.zorluk,4,3,2a sıralamaya göre yeniden (290 mantığı),2.92,20260612000318_soru_zorluk_yeniden_sirala
22ff50b9-5558-4d53-ac8e-5f285d714336,questions.zorluk,5,4,2a sıralamaya göre yeniden (290 mantığı),3.65,20260612000318_soru_zorluk_yeniden_sirala
4cfd8db0-e086-44ff-a6b0-d97c015643be,questions.zorluk,3,2,2a sıralamaya göre yeniden (290 mantığı),2.11,20260612000318_soru_zorluk_yeniden_sirala
45ac60df-4e33-4160-bebc-99d1b6fabed4,questions.zorluk,4,3,2a sıralamaya göre yeniden (290 mantığı),2.86,20260612000318_soru_zorluk_yeniden_sirala
4e2c83a3-2917-4058-ba3f-47af47bbe387,questions.zorluk,3,2,2a sıralamaya göre yeniden (290 mantığı),2.12,20260612000318_soru_zorluk_yeniden_sirala
4ac903ef-dfc1-48e2-990a-5af69ed667bd,questions.zorluk,5,4,2a sıralamaya göre yeniden (290 mantığı),3.58,20260612000318_soru_zorluk_yeniden_sirala
499e989b-cc78-4baf-b523-baab70c041ba,questions.zorluk,5,4,2a sıralamaya göre yeniden (290 mantığı),3.57,20260612000318_soru_zorluk_yeniden_sirala
46b44fb9-f765-46b5-9a4c-110fd5b16f9f,questions.zorluk,4,3,2a sıralamaya göre yeniden (290 mantığı),2.95,20260612000318_soru_zorluk_yeniden_sirala
440fc6eb-c2b4-4dcf-9cca-5e0cafd210be,questions.zorluk,4,3,2a sıralamaya göre yeniden (290 mantığı),2.99,20260612000318_soru_zorluk_yeniden_sirala
41ff6c65-aa87-4db0-b2b7-0ca6e1aee78a,questions.zorluk,4,3,2a sıralamaya göre yeniden (290 mantığı),2.95,20260612000318_soru_zorluk_yeniden_sirala
4dc1accb-b2d9-4103-addc-8f1190166dec,questions.zorluk,3,2,2a sıralamaya göre yeniden (290 mantığı),2.04,20260612000318_soru_zorluk_yeniden_sirala
4cef6c10-83ca-43e3-8201-474025b63f93,questions.zorluk,3,2,2a sıralamaya göre yeniden (290 mantığı),2.03,20260612000318_soru_zorluk_yeniden_sirala
4ecf5663-71bc-42dc-b023-ad4cef2f4ba5,questions.zorluk,4,3,2a sıralamaya göre yeniden (290 mantığı),3.02,20260612000318_soru_zorluk_yeniden_sirala
4f53f3b6-385f-4345-b61e-fcf49fae1bc0,questions.zorluk,4,3,2a sıralamaya göre yeniden (290 mantığı),2.97,20260612000318_soru_zorluk_yeniden_sirala
4e7a1bae-49b8-402d-980d-98a9188fc979,questions.zorluk,4,3,2a sıralamaya göre yeniden (290 mantığı),2.96,20260612000318_soru_zorluk_yeniden_sirala
42a0ffb8-2eec-4432-95df-73813a869fc3,questions.zorluk,4,3,2a sıralamaya göre yeniden (290 mantığı),2.98,20260612000318_soru_zorluk_yeniden_sirala
4eb74872-3ed6-413c-9eff-ea8b035b3688,questions.zorluk,4,3,2a sıralamaya göre yeniden (290 mantığı),2.85,20260612000318_soru_zorluk_yeniden_sirala
0746cdb8-f7ba-4e72-86fd-8fbb01bc31e7,questions.zorluk,4,3,2a sıralamaya göre yeniden (290 mantığı),2.97,20260612000318_soru_zorluk_yeniden_sirala
0551cdc3-8393-41e3-822b-bfc62754c839,questions.zorluk,3,2,2a sıralamaya göre yeniden (290 mantığı),2.07,20260612000318_soru_zorluk_yeniden_sirala
bf9175bb-45a6-415f-99f2-dd96d798122b,questions.zorluk,4,3,2a sıralamaya göre yeniden (290 mantığı),2.89,20260612000318_soru_zorluk_yeniden_sirala
46802d7e-3c57-4a81-a2ac-76a52a6d8772,questions.zorluk,4,3,2a sıralamaya göre yeniden (290 mantığı),2.89,20260612000318_soru_zorluk_yeniden_sirala
04bc9682-ae2a-4be8-9209-4b828bc567d9,questions.zorluk,4,3,2a sıralamaya göre yeniden (290 mantığı),2.84,20260612000318_soru_zorluk_yeniden_sirala
069f68c1-22b6-4715-b207-9ae17dbb6bdd,questions.zorluk,4,3,2a sıralamaya göre yeniden (290 mantığı),2.86,20260612000318_soru_zorluk_yeniden_sirala
48be1816-9ba3-47c4-aabb-33aeda16b717,questions.zorluk,4,3,2a sıralamaya göre yeniden (290 mantığı),2.86,20260612000318_soru_zorluk_yeniden_sirala
4f4d5e04-19a8-401a-9358-0d9f99ae3b5d,questions.zorluk,4,3,2a sıralamaya göre yeniden (290 mantığı),2.82,20260612000318_soru_zorluk_yeniden_sirala
2f5d0773-f746-44a6-832c-98c079be5c70,questions.zorluk,3,2,2a sıralamaya göre yeniden (290 mantığı),2.05,20260612000318_soru_zorluk_yeniden_sirala
49b10b1e-f246-419a-8cc5-f4f9a7749bb7,questions.zorluk,3,2,2a sıralamaya göre yeniden (290 mantığı),2.03,20260612000318_soru_zorluk_yeniden_sirala
415a219e-e75c-4453-b5c7-46023a57f22e,questions.zorluk,2,1,2a sıralamaya göre yeniden (290 mantığı),1.73,20260612000318_soru_zorluk_yeniden_sirala
445a9672-008a-4979-8111-bcf53769fc0c,questions.zorluk,3,2,2a sıralamaya göre yeniden (290 mantığı),2.04,20260612000318_soru_zorluk_yeniden_sirala
3cb74019-6ccc-4174-8e94-0d4f2ae590ae,questions.zorluk,3,2,2a sıralamaya göre yeniden (290 mantığı),2.07,20260612000318_soru_zorluk_yeniden_sirala
4b9b7570-c419-4036-a2cb-645db8404a82,questions.zorluk,4,3,2a sıralamaya göre yeniden (290 mantığı),2.98,20260612000318_soru_zorluk_yeniden_sirala
3e6d93c6-6f23-409e-8106-f024f0ea71da,questions.zorluk,4,3,2a sıralamaya göre yeniden (290 mantığı),2.83,20260612000318_soru_zorluk_yeniden_sirala
63f2d6b2-aa32-4d0b-bc52-87e91d06e846,questions.zorluk,3,2,2a sıralamaya göre yeniden (290 mantığı),2.1,20260612000318_soru_zorluk_yeniden_sirala
6969e3c1-5327-42ac-99aa-81e117e82cc3,questions.zorluk,4,3,2a sıralamaya göre yeniden (290 mantığı),2.85,20260612000318_soru_zorluk_yeniden_sirala
8c744e36-613d-44e4-9270-b4b15e845c8b,questions.zorluk,4,3,2a sıralamaya göre yeniden (290 mantığı),3.03,20260612000318_soru_zorluk_yeniden_sirala
8d6b07ed-0b47-43b7-9cae-f1fdda4a7887,questions.zorluk,4,3,2a sıralamaya göre yeniden (290 mantığı),2.84,20260612000318_soru_zorluk_yeniden_sirala
4966b61f-fa7f-447d-ae81-0bd8dc6c9504,questions.zorluk,4,3,2a sıralamaya göre yeniden (290 mantığı),2.89,20260612000318_soru_zorluk_yeniden_sirala
8f651f04-1a96-4fde-b132-3e95d5ab05f4,questions.zorluk,5,4,2a sıralamaya göre yeniden (290 mantığı),3.47,20260612000318_soru_zorluk_yeniden_sirala
a0fe97e0-a28d-4950-a2cc-018d66aab309,questions.zorluk,5,4,2a sıralamaya göre yeniden (290 mantığı),3.53,20260612000318_soru_zorluk_yeniden_sirala
41ee28e6-954a-483e-b6bd-c4a3c1f8207b,questions.zorluk,4,3,2a sıralamaya göre yeniden (290 mantığı),3.06,20260612000318_soru_zorluk_yeniden_sirala
4ef0595a-b977-47d5-bb3e-96fc0ff8a3f3,questions.zorluk,2,1,2a sıralamaya göre yeniden (290 mantığı),1.73,20260612000318_soru_zorluk_yeniden_sirala
c97538ff-e56c-4c19-90e3-4f7a51bfbf97,questions.zorluk,3,2,2a sıralamaya göre yeniden (290 mantığı),2.05,20260612000318_soru_zorluk_yeniden_sirala
ca729cb5-0349-457e-84f0-973c41155f02,questions.zorluk,4,3,2a sıralamaya göre yeniden (290 mantığı),3.05,20260612000318_soru_zorluk_yeniden_sirala
c65523cb-8dac-495a-8d57-3fe2184b075f,questions.zorluk,2,1,2a sıralamaya göre yeniden (290 mantığı),1.73,20260612000318_soru_zorluk_yeniden_sirala
50d7fea5-8955-4731-ac4e-ad5398187887,questions.zorluk,3,2,2a sıralamaya göre yeniden (290 mantığı),2.03,20260612000318_soru_zorluk_yeniden_sirala
50e65903-dbae-4271-ac80-8cbcb04068e0,questions.zorluk,4,3,2a sıralamaya göre yeniden (290 mantığı),2.85,20260612000318_soru_zorluk_yeniden_sirala
182a45b8-d7a5-4c0f-ba8a-4021ff5fff51,questions.zorluk,4,3,2a sıralamaya göre yeniden (290 mantığı),2.92,20260612000318_soru_zorluk_yeniden_sirala
34a5a9e2-615a-48e0-9ead-5220dac801c5,questions.zorluk,4,3,2a sıralamaya göre yeniden (290 mantığı),2.96,20260612000318_soru_zorluk_yeniden_sirala
42d24372-bc39-484a-8f4e-112c1727cc72,questions.zorluk,4,3,2a sıralamaya göre yeniden (290 mantığı),3.05,20260612000318_soru_zorluk_yeniden_sirala
572b0a2b-60d4-4f67-937a-cb11f9bd7353,questions.zorluk,3,2,2a sıralamaya göre yeniden (290 mantığı),2.06,20260612000318_soru_zorluk_yeniden_sirala
6b29c055-1d9b-45ff-897c-e7d79658c079,questions.zorluk,4,3,2a sıralamaya göre yeniden (290 mantığı),2.96,20260612000318_soru_zorluk_yeniden_sirala
315043d3-f867-4e27-ae87-4da076fab3ea,questions.zorluk,4,3,2a sıralamaya göre yeniden (290 mantığı),2.82,20260612000318_soru_zorluk_yeniden_sirala
88f8eb8c-836e-4bbe-b006-f323549d0c22,questions.zorluk,5,4,2a sıralamaya göre yeniden (290 mantığı),3.52,20260612000318_soru_zorluk_yeniden_sirala
54a32e19-5979-47b8-a9a9-be92845bb595,questions.zorluk,5,4,2a sıralamaya göre yeniden (290 mantığı),3.48,20260612000318_soru_zorluk_yeniden_sirala
5a1d8435-9475-4bf5-870d-fbecc54d8767,questions.zorluk,3,2,2a sıralamaya göre yeniden (290 mantığı),2.09,20260612000318_soru_zorluk_yeniden_sirala
5bdf0ad5-8f91-4670-8625-bd968d95af76,questions.zorluk,2,1,2a sıralamaya göre yeniden (290 mantığı),1.67,20260612000318_soru_zorluk_yeniden_sirala
5a7c1c01-11d3-4dd1-a5c0-50bbf233d3b2,questions.zorluk,4,3,2a sıralamaya göre yeniden (290 mantığı),3.02,20260612000318_soru_zorluk_yeniden_sirala
51b11c0a-2bda-4b98-b723-dd874f0cdd8a,questions.zorluk,4,3,2a sıralamaya göre yeniden (290 mantığı),2.89,20260612000318_soru_zorluk_yeniden_sirala
5cc7a98f-4ec6-482c-a8c3-7250d341d354,questions.zorluk,3,2,2a sıralamaya göre yeniden (290 mantığı),2.07,20260612000318_soru_zorluk_yeniden_sirala
5cd53f23-d18f-4df6-b91f-48e93590d42b,questions.zorluk,5,4,2a sıralamaya göre yeniden (290 mantığı),3.56,20260612000318_soru_zorluk_yeniden_sirala
50086359-3e0b-4889-b426-b59c827b3410,questions.zorluk,5,4,2a sıralamaya göre yeniden (290 mantığı),3.56,20260612000318_soru_zorluk_yeniden_sirala
578c0b7a-928c-4ca7-8c89-0a4fd29e6780,questions.zorluk,3,2,2a sıralamaya göre yeniden (290 mantığı),2.03,20260612000318_soru_zorluk_yeniden_sirala
4fcc0d80-4472-47a1-90d2-ccd6ad32e4cb,questions.zorluk,4,3,2a sıralamaya göre yeniden (290 mantığı),3.06,20260612000318_soru_zorluk_yeniden_sirala
62db34f1-b9af-4772-8cf8-82954bba3ab7,questions.zorluk,5,4,2a sıralamaya göre yeniden (290 mantığı),3.54,20260612000318_soru_zorluk_yeniden_sirala
1ec0027b-5f04-4e02-a7aa-9ce087aa1947,questions.zorluk,5,4,2a sıralamaya göre yeniden (290 mantığı),3.61,20260612000318_soru_zorluk_yeniden_sirala
580d54ad-1654-4dfd-8fc9-188818b9367a,questions.zorluk,3,2,2a sıralamaya göre yeniden (290 mantığı),2.11,20260612000318_soru_zorluk_yeniden_sirala
376e76fc-211a-4999-9ca2-df65bc27ad0b,questions.zorluk,3,2,2a sıralamaya göre yeniden (290 mantığı),2.08,20260612000318_soru_zorluk_yeniden_sirala
5c85bed2-5556-4c91-9933-0c70cb1ca33a,questions.zorluk,5,4,2a sıralamaya göre yeniden (290 mantığı),3.48,20260612000318_soru_zorluk_yeniden_sirala
57049c97-4293-4be7-9ce1-c6802a08891a,questions.zorluk,3,2,2a sıralamaya göre yeniden (290 mantığı),2.04,20260612000318_soru_zorluk_yeniden_sirala
5319d51f-24d7-4634-9d79-ce12971cdf9d,questions.zorluk,3,2,2a sıralamaya göre yeniden (290 mantığı),2.11,20260612000318_soru_zorluk_yeniden_sirala
5621ae59-8ccc-4cc9-a90a-9c3da1099c65,questions.zorluk,4,3,2a sıralamaya göre yeniden (290 mantığı),2.92,20260612000318_soru_zorluk_yeniden_sirala
516fffd5-a757-4143-a37a-59b6d06f0137,questions.zorluk,4,3,2a sıralamaya göre yeniden (290 mantığı),3.02,20260612000318_soru_zorluk_yeniden_sirala
56577e24-c0eb-4965-8c0b-58990624d0a1,questions.zorluk,4,3,2a sıralamaya göre yeniden (290 mantığı),3.01,20260612000318_soru_zorluk_yeniden_sirala
576560cf-de81-4314-a2c5-5ef6cd35bb30,questions.zorluk,3,2,2a sıralamaya göre yeniden (290 mantığı),2.08,20260612000318_soru_zorluk_yeniden_sirala
56e99af5-cfe6-4a5d-94e7-e5abcabffd1e,questions.zorluk,3,2,2a sıralamaya göre yeniden (290 mantığı),2.08,20260612000318_soru_zorluk_yeniden_sirala
5ad8ab1a-01c7-4fa4-90fe-8d6aea7ac974,questions.zorluk,4,3,2a sıralamaya göre yeniden (290 mantığı),3.05,20260612000318_soru_zorluk_yeniden_sirala
573b24a2-f8a6-43b7-b0ef-fef8e13c13ac,questions.zorluk,4,3,2a sıralamaya göre yeniden (290 mantığı),2.85,20260612000318_soru_zorluk_yeniden_sirala
50eaca3f-e250-46cd-b034-33110e0079ee,questions.zorluk,5,4,2a sıralamaya göre yeniden (290 mantığı),3.53,20260612000318_soru_zorluk_yeniden_sirala
53d0ceb1-6b3c-4bf0-ba06-9b473095ce59,questions.zorluk,5,4,2a sıralamaya göre yeniden (290 mantığı),3.52,20260612000318_soru_zorluk_yeniden_sirala
0683b576-0355-44f3-8ed0-368e70fb8d3d,questions.zorluk,5,4,2a sıralamaya göre yeniden (290 mantığı),3.63,20260612000318_soru_zorluk_yeniden_sirala
5b63a480-0d7a-41df-9707-f3a1ba681dfa,questions.zorluk,4,3,2a sıralamaya göre yeniden (290 mantığı),2.87,20260612000318_soru_zorluk_yeniden_sirala
255dfd17-fd7d-4880-8f41-c53c723c7710,questions.zorluk,4,3,2a sıralamaya göre yeniden (290 mantığı),2.93,20260612000318_soru_zorluk_yeniden_sirala
5680550a-1efc-4465-a3ae-355ade503b43,questions.zorluk,5,4,2a sıralamaya göre yeniden (290 mantığı),3.48,20260612000318_soru_zorluk_yeniden_sirala
515f6f85-ff90-470d-8692-1fe52133a089,questions.zorluk,4,3,2a sıralamaya göre yeniden (290 mantığı),2.83,20260612000318_soru_zorluk_yeniden_sirala
526e37d5-61dc-442b-bb3e-d548728aa1a5,questions.zorluk,4,3,2a sıralamaya göre yeniden (290 mantığı),3.03,20260612000318_soru_zorluk_yeniden_sirala
5125bc3a-c571-4133-b340-300f00bf4231,questions.zorluk,4,3,2a sıralamaya göre yeniden (290 mantığı),2.9,20260612000318_soru_zorluk_yeniden_sirala
e09be2bf-4350-46ec-9188-8f0959a70cd9,questions.zorluk,4,3,2a sıralamaya göre yeniden (290 mantığı),2.94,20260612000318_soru_zorluk_yeniden_sirala
1f932b33-2b8d-4e02-90ca-401f92fbc4b9,questions.zorluk,5,4,2a sıralamaya göre yeniden (290 mantığı),3.55,20260612000318_soru_zorluk_yeniden_sirala
230b3f48-b83e-488d-973b-89d84eafee64,questions.zorluk,5,4,2a sıralamaya göre yeniden (290 mantığı),3.5,20260612000318_soru_zorluk_yeniden_sirala
5e7e4178-4a53-4711-979e-8b177165a273,questions.zorluk,3,2,2a sıralamaya göre yeniden (290 mantığı),2.03,20260612000318_soru_zorluk_yeniden_sirala
5eb450bd-199a-4ebf-8055-4198aa1ae176,questions.zorluk,2,1,2a sıralamaya göre yeniden (290 mantığı),1.73,20260612000318_soru_zorluk_yeniden_sirala
612794cc-94e6-49f4-9ddd-5bd0dc5a5da4,questions.zorluk,2,1,2a sıralamaya göre yeniden (290 mantığı),1.72,20260612000318_soru_zorluk_yeniden_sirala
6581b9e6-fea2-43f0-8f85-f72ac7feaa46,questions.zorluk,3,2,2a sıralamaya göre yeniden (290 mantığı),2.07,20260612000318_soru_zorluk_yeniden_sirala
18e28acf-2f47-4ed3-8744-b2b735067bdb,questions.zorluk,3,2,2a sıralamaya göre yeniden (290 mantığı),2.03,20260612000318_soru_zorluk_yeniden_sirala
6352991e-f61b-48fe-875e-d084768e702d,questions.zorluk,4,3,2a sıralamaya göre yeniden (290 mantığı),2.96,20260612000318_soru_zorluk_yeniden_sirala
9bdef409-41e2-4263-98a8-7e3b2b60a9ac,questions.zorluk,4,3,2a sıralamaya göre yeniden (290 mantığı),2.98,20260612000318_soru_zorluk_yeniden_sirala
43ea68e4-327c-48f2-817e-69f2e2128b79,questions.zorluk,4,3,2a sıralamaya göre yeniden (290 mantığı),2.82,20260612000318_soru_zorluk_yeniden_sirala
6a741ef0-833f-44ae-bd7a-6ec112ad0537,questions.zorluk,4,3,2a sıralamaya göre yeniden (290 mantığı),3.04,20260612000318_soru_zorluk_yeniden_sirala
7da591a0-1876-4308-ae5e-33e7e9dc6bdd,questions.zorluk,4,3,2a sıralamaya göre yeniden (290 mantığı),2.83,20260612000318_soru_zorluk_yeniden_sirala
07d745f9-393b-4171-9f1f-abd0f0db8e23,questions.zorluk,4,3,2a sıralamaya göre yeniden (290 mantığı),3.04,20260612000318_soru_zorluk_yeniden_sirala
2dbaf49e-58ac-43e5-9436-7a21664348c7,questions.zorluk,3,2,2a sıralamaya göre yeniden (290 mantığı),2.04,20260612000318_soru_zorluk_yeniden_sirala
6880b1b4-ab59-40f6-9cce-d5fd962ec2aa,questions.zorluk,3,2,2a sıralamaya göre yeniden (290 mantığı),2.09,20260612000318_soru_zorluk_yeniden_sirala
69a22978-16db-4f79-ab19-a7939b82a3ad,questions.zorluk,2,1,2a sıralamaya göre yeniden (290 mantığı),1.73,20260612000318_soru_zorluk_yeniden_sirala
5e190b54-861f-4bab-82e4-9524669ba15e,questions.zorluk,4,3,2a sıralamaya göre yeniden (290 mantığı),2.85,20260612000318_soru_zorluk_yeniden_sirala
53afa0cd-1507-40d6-86e3-be04f5b196d7,questions.zorluk,4,3,2a sıralamaya göre yeniden (290 mantığı),2.86,20260612000318_soru_zorluk_yeniden_sirala
785004c6-6357-4210-b2e2-577c8c718e71,questions.zorluk,4,3,2a sıralamaya göre yeniden (290 mantığı),2.97,20260612000318_soru_zorluk_yeniden_sirala
5fbb321c-e3e7-45da-942f-b1655a1f666c,questions.zorluk,2,1,2a sıralamaya göre yeniden (290 mantığı),1.72,20260612000318_soru_zorluk_yeniden_sirala
69b614d9-6bee-4720-9c5d-59fe953630a4,questions.zorluk,2,1,2a sıralamaya göre yeniden (290 mantığı),1.72,20260612000318_soru_zorluk_yeniden_sirala
68c3fb07-1dd8-460c-8f18-1b732f4d96ff,questions.zorluk,3,2,2a sıralamaya göre yeniden (290 mantığı),2.1,20260612000318_soru_zorluk_yeniden_sirala
68319b72-ccc5-4502-a743-964d860f12b3,questions.zorluk,3,2,2a sıralamaya göre yeniden (290 mantığı),2.09,20260612000318_soru_zorluk_yeniden_sirala
5c0aed0e-1e27-4d86-a067-0eae8380910d,questions.zorluk,4,3,2a sıralamaya göre yeniden (290 mantığı),3.03,20260612000318_soru_zorluk_yeniden_sirala
0fc8687e-3210-408c-b67a-d8b682cca1df,questions.zorluk,5,4,2a sıralamaya göre yeniden (290 mantığı),3.46,20260612000318_soru_zorluk_yeniden_sirala
6a0da466-cc4b-45c3-8337-adc64cc12e41,questions.zorluk,3,2,2a sıralamaya göre yeniden (290 mantığı),2.05,20260612000318_soru_zorluk_yeniden_sirala
5d994f52-7748-4411-8fe6-101ea6876df2,questions.zorluk,3,2,2a sıralamaya göre yeniden (290 mantığı),2.04,20260612000318_soru_zorluk_yeniden_sirala
1dcc1f5f-8d10-450b-bc47-3fc53aa25113,questions.zorluk,2,1,2a sıralamaya göre yeniden (290 mantığı),1.68,20260612000318_soru_zorluk_yeniden_sirala
6770e2d1-0ad3-41bd-9151-d45e1a41605c,questions.zorluk,3,2,2a sıralamaya göre yeniden (290 mantığı),2.08,20260612000318_soru_zorluk_yeniden_sirala
5dbc37f6-26a8-41dc-9521-4f0354fe335b,questions.zorluk,3,2,2a sıralamaya göre yeniden (290 mantığı),2.03,20260612000318_soru_zorluk_yeniden_sirala
5f732f4e-874e-40dc-91b2-afaee2fe133c,questions.zorluk,3,2,2a sıralamaya göre yeniden (290 mantığı),2.1,20260612000318_soru_zorluk_yeniden_sirala
66b1b8bd-2c8d-44d5-b21a-b517e4203265,questions.zorluk,4,3,2a sıralamaya göre yeniden (290 mantığı),2.87,20260612000318_soru_zorluk_yeniden_sirala
6492ee45-bb65-4133-8185-60bf27a4f4cb,questions.zorluk,3,2,2a sıralamaya göre yeniden (290 mantığı),2.05,20260612000318_soru_zorluk_yeniden_sirala
6665bcb1-0ff9-4691-8189-e21fd7c228e7,questions.zorluk,2,1,2a sıralamaya göre yeniden (290 mantığı),1.72,20260612000318_soru_zorluk_yeniden_sirala
654a1dae-8d68-4eaa-b056-d7e18fbf3340,questions.zorluk,3,2,2a sıralamaya göre yeniden (290 mantığı),2.11,20260612000318_soru_zorluk_yeniden_sirala
606c1556-90e3-4670-a270-9796a36ba99c,questions.zorluk,3,2,2a sıralamaya göre yeniden (290 mantığı),2.03,20260612000318_soru_zorluk_yeniden_sirala
4eff675d-41ed-4bf6-877e-4d74a642b4d3,questions.zorluk,3,2,2a sıralamaya göre yeniden (290 mantığı),2.05,20260612000318_soru_zorluk_yeniden_sirala
5f9371c6-7a89-42dd-8713-27523f92c602,questions.zorluk,2,1,2a sıralamaya göre yeniden (290 mantığı),1.72,20260612000318_soru_zorluk_yeniden_sirala
62c630bc-9365-4361-8c4e-8e8b812384a8,questions.zorluk,3,2,2a sıralamaya göre yeniden (290 mantığı),2.11,20260612000318_soru_zorluk_yeniden_sirala
5d9b2f96-ba0c-4219-bb20-08e21fa1db91,questions.zorluk,3,2,2a sıralamaya göre yeniden (290 mantığı),2.07,20260612000318_soru_zorluk_yeniden_sirala
5d9224f9-f0e4-44bf-83fe-7a524b98d008,questions.zorluk,3,2,2a sıralamaya göre yeniden (290 mantığı),2.05,20260612000318_soru_zorluk_yeniden_sirala
63843f4c-11df-4a3f-bec0-015e29aa8418,questions.zorluk,3,2,2a sıralamaya göre yeniden (290 mantığı),2.04,20260612000318_soru_zorluk_yeniden_sirala
43d8fa78-15a8-43f0-adaa-e335127b88cd,questions.zorluk,4,3,2a sıralamaya göre yeniden (290 mantığı),2.91,20260612000318_soru_zorluk_yeniden_sirala
cacadf80-4f8d-44f1-8eb7-96b9efc2b956,questions.zorluk,4,3,2a sıralamaya göre yeniden (290 mantığı),2.99,20260612000318_soru_zorluk_yeniden_sirala
52471386-9020-4543-8c58-9c4539fa655f,questions.zorluk,4,3,2a sıralamaya göre yeniden (290 mantığı),2.95,20260612000318_soru_zorluk_yeniden_sirala
67336186-3830-4b9d-a72d-1938e33fc826,questions.zorluk,3,2,2a sıralamaya göre yeniden (290 mantığı),2.04,20260612000318_soru_zorluk_yeniden_sirala
6514bc7b-7b5a-458a-85df-f32fa70603fb,questions.zorluk,4,3,2a sıralamaya göre yeniden (290 mantığı),3.02,20260612000318_soru_zorluk_yeniden_sirala
6810cfb8-c387-4680-a25b-917ba85204aa,questions.zorluk,3,2,2a sıralamaya göre yeniden (290 mantığı),2.11,20260612000318_soru_zorluk_yeniden_sirala
6808e9b1-66ef-4865-a632-6de25cda9250,questions.zorluk,4,3,2a sıralamaya göre yeniden (290 mantığı),2.82,20260612000318_soru_zorluk_yeniden_sirala
67633e1b-84ce-40f7-81a3-852fabf64238,questions.zorluk,3,2,2a sıralamaya göre yeniden (290 mantığı),2.11,20260612000318_soru_zorluk_yeniden_sirala
5fddf345-48bd-4bd8-a826-d0b661ddca0c,questions.zorluk,3,2,2a sıralamaya göre yeniden (290 mantığı),2.03,20260612000318_soru_zorluk_yeniden_sirala
61cd460c-9c9a-4d1d-b676-e552005059ba,questions.zorluk,3,2,2a sıralamaya göre yeniden (290 mantığı),2.09,20260612000318_soru_zorluk_yeniden_sirala
61a8c7c7-0765-4104-b2d2-266df556db2b,questions.zorluk,4,3,2a sıralamaya göre yeniden (290 mantığı),2.96,20260612000318_soru_zorluk_yeniden_sirala
6123b783-8a63-467f-92f6-04adb97b1159,questions.zorluk,4,3,2a sıralamaya göre yeniden (290 mantığı),2.86,20260612000318_soru_zorluk_yeniden_sirala
63dbc5a3-0e0d-481f-b85e-fef902faaf3b,questions.zorluk,4,3,2a sıralamaya göre yeniden (290 mantığı),2.96,20260612000318_soru_zorluk_yeniden_sirala
67eb73f1-ed7b-489a-9759-59757ce76e03,questions.zorluk,4,3,2a sıralamaya göre yeniden (290 mantığı),2.97,20260612000318_soru_zorluk_yeniden_sirala
5eef203c-a8a6-4ebb-9c05-8bf6fde00dde,questions.zorluk,4,3,2a sıralamaya göre yeniden (290 mantığı),2.9,20260612000318_soru_zorluk_yeniden_sirala
5fde9f14-27a6-4d81-ac8b-210876f86c4c,questions.zorluk,3,2,2a sıralamaya göre yeniden (290 mantığı),2.12,20260612000318_soru_zorluk_yeniden_sirala
64c76727-3866-40ee-8170-33b218f0cae6,questions.zorluk,3,2,2a sıralamaya göre yeniden (290 mantığı),2.05,20260612000318_soru_zorluk_yeniden_sirala
625f05c0-c0f7-4701-baaa-c5fa570c9853,questions.zorluk,4,3,2a sıralamaya göre yeniden (290 mantığı),2.95,20260612000318_soru_zorluk_yeniden_sirala
65473fa9-cd63-4c2f-a249-615a186927e9,questions.zorluk,5,4,2a sıralamaya göre yeniden (290 mantığı),3.55,20260612000318_soru_zorluk_yeniden_sirala
64793a8d-99a1-4c99-a9fe-6340d9314c24,questions.zorluk,4,3,2a sıralamaya göre yeniden (290 mantığı),3.05,20260612000318_soru_zorluk_yeniden_sirala
657701d4-37a2-4e01-8460-4375140bf9f3,questions.zorluk,3,2,2a sıralamaya göre yeniden (290 mantığı),2.06,20260612000318_soru_zorluk_yeniden_sirala
622826b3-db61-4bd3-b81e-48e8af55712e,questions.zorluk,3,2,2a sıralamaya göre yeniden (290 mantığı),2.04,20260612000318_soru_zorluk_yeniden_sirala
5f52eaec-9ada-485a-a51b-21d798200bbf,questions.zorluk,2,1,2a sıralamaya göre yeniden (290 mantığı),1.73,20260612000318_soru_zorluk_yeniden_sirala
65b3851e-75fc-4727-908f-00852d69c6a5,questions.zorluk,4,3,2a sıralamaya göre yeniden (290 mantığı),2.97,20260612000318_soru_zorluk_yeniden_sirala
66650b14-c40f-407a-9ff3-a133398ac738,questions.zorluk,4,3,2a sıralamaya göre yeniden (290 mantığı),2.89,20260612000318_soru_zorluk_yeniden_sirala
609f35c6-84cf-441d-a47d-1f37739a66f2,questions.zorluk,5,4,2a sıralamaya göre yeniden (290 mantığı),3.64,20260612000318_soru_zorluk_yeniden_sirala
5e70fee5-a67d-4693-82b9-3a4c89166822,questions.zorluk,3,2,2a sıralamaya göre yeniden (290 mantığı),2.1,20260612000318_soru_zorluk_yeniden_sirala
60bc0d80-63bc-47fc-8e33-c65c7dc6ebce,questions.zorluk,3,2,2a sıralamaya göre yeniden (290 mantığı),2.12,20260612000318_soru_zorluk_yeniden_sirala
6b15faff-1d91-4cc7-ac3f-a76bd831b755,questions.zorluk,3,2,2a sıralamaya göre yeniden (290 mantığı),2.06,20260612000318_soru_zorluk_yeniden_sirala
641df019-7675-4bc2-9322-55741eaa2c1a,questions.zorluk,4,3,2a sıralamaya göre yeniden (290 mantığı),3.02,20260612000318_soru_zorluk_yeniden_sirala
6afd245b-56d0-4ad8-abd5-4a56e4f5d10a,questions.zorluk,4,3,2a sıralamaya göre yeniden (290 mantığı),2.89,20260612000318_soru_zorluk_yeniden_sirala
25f0c79b-b57a-4e11-aad3-91ed5eaeb9a9,questions.zorluk,3,2,2a sıralamaya göre yeniden (290 mantığı),2.04,20260612000318_soru_zorluk_yeniden_sirala
6e3bd0ea-9d9f-4ff9-b0a6-7bff95d89935,questions.zorluk,2,1,2a sıralamaya göre yeniden (290 mantığı),1.72,20260612000318_soru_zorluk_yeniden_sirala
91345fbb-f4f2-4d84-9e6a-cbab8e68957c,questions.zorluk,4,3,2a sıralamaya göre yeniden (290 mantığı),2.94,20260612000318_soru_zorluk_yeniden_sirala
6e5fecb6-dd63-46a3-beed-122334e6e98d,questions.zorluk,4,3,2a sıralamaya göre yeniden (290 mantığı),2.94,20260612000318_soru_zorluk_yeniden_sirala
d7991611-df8c-4454-9787-f508df46ec05,questions.zorluk,4,3,2a sıralamaya göre yeniden (290 mantığı),2.95,20260612000318_soru_zorluk_yeniden_sirala
33bf465c-3284-4629-b86c-3b43f5e7363f,questions.zorluk,5,4,2a sıralamaya göre yeniden (290 mantığı),3.49,20260612000318_soru_zorluk_yeniden_sirala
70ca192d-fe7b-41f6-8c7f-a0eeb67b998d,questions.zorluk,3,2,2a sıralamaya göre yeniden (290 mantığı),2.03,20260612000318_soru_zorluk_yeniden_sirala
1cd7e388-5d0e-4f1d-bb9f-81f034e4cc58,questions.zorluk,4,3,2a sıralamaya göre yeniden (290 mantığı),3.05,20260612000318_soru_zorluk_yeniden_sirala
24ae2f64-cf65-4839-8c7f-b8de751aa23b,questions.zorluk,5,4,2a sıralamaya göre yeniden (290 mantığı),3.54,20260612000318_soru_zorluk_yeniden_sirala
76900ff7-3618-448f-8653-ac9dbbec2f4a,questions.zorluk,4,3,2a sıralamaya göre yeniden (290 mantığı),2.99,20260612000318_soru_zorluk_yeniden_sirala
2e63588b-0529-4808-a047-e27f6be7d6a0,questions.zorluk,4,3,2a sıralamaya göre yeniden (290 mantığı),2.93,20260612000318_soru_zorluk_yeniden_sirala
768d77ee-c2ac-4ab8-a4aa-826dff3a14a1,questions.zorluk,3,2,2a sıralamaya göre yeniden (290 mantığı),2.06,20260612000318_soru_zorluk_yeniden_sirala
75965274-394f-463a-87ec-d45431024079,questions.zorluk,3,2,2a sıralamaya göre yeniden (290 mantığı),2.03,20260612000318_soru_zorluk_yeniden_sirala
72d96006-0f03-44d6-bb95-adab9c09594e,questions.zorluk,3,2,2a sıralamaya göre yeniden (290 mantığı),2.11,20260612000318_soru_zorluk_yeniden_sirala
744ddfcb-18dc-4e9c-a6e5-e54cba42a3e0,questions.zorluk,3,2,2a sıralamaya göre yeniden (290 mantığı),2.06,20260612000318_soru_zorluk_yeniden_sirala
76256752-ef04-4227-ab86-e27caf43d949,questions.zorluk,3,2,2a sıralamaya göre yeniden (290 mantığı),2.06,20260612000318_soru_zorluk_yeniden_sirala
33e13d98-33a3-4e74-a1a8-c60937758f65,questions.zorluk,4,3,2a sıralamaya göre yeniden (290 mantığı),2.82,20260612000318_soru_zorluk_yeniden_sirala
72c9909b-2d13-489d-b6a3-467fec1f2ea2,questions.zorluk,2,1,2a sıralamaya göre yeniden (290 mantığı),1.7,20260612000318_soru_zorluk_yeniden_sirala
12a7a7e6-4f31-44e8-9d6a-e39885c0f787,questions.zorluk,4,3,2a sıralamaya göre yeniden (290 mantığı),2.95,20260612000318_soru_zorluk_yeniden_sirala
0e7878cd-bab1-4160-9ecf-700b25b59c93,questions.zorluk,5,4,2a sıralamaya göre yeniden (290 mantığı),3.49,20260612000318_soru_zorluk_yeniden_sirala
791f452e-f719-4f7d-94d9-7511a28a20fe,questions.zorluk,4,3,2a sıralamaya göre yeniden (290 mantığı),3,20260612000318_soru_zorluk_yeniden_sirala
00bfd277-6db7-4fd5-8d08-97d6cf9bf67b,questions.zorluk,3,2,2a sıralamaya göre yeniden (290 mantığı),2.04,20260612000318_soru_zorluk_yeniden_sirala
1d718ad3-dd34-489d-9c72-a215b060445c,questions.zorluk,3,2,2a sıralamaya göre yeniden (290 mantığı),2.08,20260612000318_soru_zorluk_yeniden_sirala
749aff62-7148-4f42-8f69-9b5bb6b42f6e,questions.zorluk,3,2,2a sıralamaya göre yeniden (290 mantığı),2.09,20260612000318_soru_zorluk_yeniden_sirala
07817947-4eb5-45ba-96c4-2391efd846d6,questions.zorluk,5,4,2a sıralamaya göre yeniden (290 mantığı),3.54,20260612000318_soru_zorluk_yeniden_sirala
5034fe10-945d-4c3c-91e0-5658e9d2c297,questions.zorluk,5,4,2a sıralamaya göre yeniden (290 mantığı),3.53,20260612000318_soru_zorluk_yeniden_sirala
29a1e4b1-bfa0-4813-b784-044d5eb10739,questions.zorluk,4,3,2a sıralamaya göre yeniden (290 mantığı),2.95,20260612000318_soru_zorluk_yeniden_sirala
3440bc7a-3023-4cd6-a88e-702a1cd6fc9c,questions.zorluk,4,3,2a sıralamaya göre yeniden (290 mantığı),2.98,20260612000318_soru_zorluk_yeniden_sirala
1de588f1-a68a-4ada-9c1a-1d642e39a92b,questions.zorluk,5,4,2a sıralamaya göre yeniden (290 mantığı),3.47,20260612000318_soru_zorluk_yeniden_sirala
71de62c0-3876-4c64-a741-cca3632501e2,questions.zorluk,3,2,2a sıralamaya göre yeniden (290 mantığı),2.08,20260612000318_soru_zorluk_yeniden_sirala
6bc281fe-aec2-458a-b2d8-a4f16ee370d0,questions.zorluk,4,3,2a sıralamaya göre yeniden (290 mantığı),2.86,20260612000318_soru_zorluk_yeniden_sirala
6ced521b-3b9b-4586-ac51-03fc65ae55be,questions.zorluk,2,1,2a sıralamaya göre yeniden (290 mantığı),1.68,20260612000318_soru_zorluk_yeniden_sirala
740fd2e8-ea64-4bf8-b863-88d6d8e98481,questions.zorluk,3,2,2a sıralamaya göre yeniden (290 mantığı),2.04,20260612000318_soru_zorluk_yeniden_sirala
7535ed03-d01c-44cc-bc6a-5ca263e7d88c,questions.zorluk,4,3,2a sıralamaya göre yeniden (290 mantığı),2.97,20260612000318_soru_zorluk_yeniden_sirala
ce3b342d-c65d-4d95-a324-5a41f020cc80,questions.zorluk,3,2,2a sıralamaya göre yeniden (290 mantığı),2.1,20260612000318_soru_zorluk_yeniden_sirala
5e38b204-d1ca-43fa-bcd9-b3b49fe93a9e,questions.zorluk,4,3,2a sıralamaya göre yeniden (290 mantığı),2.96,20260612000318_soru_zorluk_yeniden_sirala
b7522a9c-f584-4282-aab4-8e474559c159,questions.zorluk,4,3,2a sıralamaya göre yeniden (290 mantığı),2.95,20260612000318_soru_zorluk_yeniden_sirala
0edc91b0-1323-491f-a52d-e379965a3534,questions.zorluk,4,3,2a sıralamaya göre yeniden (290 mantığı),3.02,20260612000318_soru_zorluk_yeniden_sirala
71bc14d3-ef5b-405c-8c6d-c66e5088bd2d,questions.zorluk,4,3,2a sıralamaya göre yeniden (290 mantığı),2.95,20260612000318_soru_zorluk_yeniden_sirala
c9f94163-1e11-40c9-86b2-23a3434bc13a,questions.zorluk,4,3,2a sıralamaya göre yeniden (290 mantığı),2.94,20260612000318_soru_zorluk_yeniden_sirala
749950d2-c0b8-45b9-99f7-9ac57cfe25de,questions.zorluk,4,3,2a sıralamaya göre yeniden (290 mantığı),2.99,20260612000318_soru_zorluk_yeniden_sirala
b4869147-f383-46cd-987a-d3b13f9038ce,questions.zorluk,5,4,2a sıralamaya göre yeniden (290 mantığı),3.58,20260612000318_soru_zorluk_yeniden_sirala
74314aab-86fd-4f11-b25c-1f8b0209d732,questions.zorluk,4,3,2a sıralamaya göre yeniden (290 mantığı),2.98,20260612000318_soru_zorluk_yeniden_sirala
7411408c-5396-4402-8edd-7615a1b8c24f,questions.zorluk,3,2,2a sıralamaya göre yeniden (290 mantığı),2.08,20260612000318_soru_zorluk_yeniden_sirala
7689058a-9fc9-4d17-bb7e-8670e6e43a82,questions.zorluk,5,4,2a sıralamaya göre yeniden (290 mantığı),3.6,20260612000318_soru_zorluk_yeniden_sirala
71b62b99-9a04-4f90-8692-226cd76169d6,questions.zorluk,5,4,2a sıralamaya göre yeniden (290 mantığı),3.61,20260612000318_soru_zorluk_yeniden_sirala
6b8b8319-f98c-48e1-abc5-c8a99451c776,questions.zorluk,3,2,2a sıralamaya göre yeniden (290 mantığı),2.07,20260612000318_soru_zorluk_yeniden_sirala
6d87a36c-d292-4754-b443-fa764fae43f9,questions.zorluk,3,2,2a sıralamaya göre yeniden (290 mantığı),2.08,20260612000318_soru_zorluk_yeniden_sirala
71807dcb-4b77-4efd-825c-5cac51c46d55,questions.zorluk,4,3,2a sıralamaya göre yeniden (290 mantığı),3.04,20260612000318_soru_zorluk_yeniden_sirala
70fc6d99-97ae-48ec-ae21-753132d5a21d,questions.zorluk,5,4,2a sıralamaya göre yeniden (290 mantığı),3.65,20260612000318_soru_zorluk_yeniden_sirala
72a791cf-3837-4d92-abe7-5ab2e885064c,questions.zorluk,4,3,2a sıralamaya göre yeniden (290 mantığı),2.96,20260612000318_soru_zorluk_yeniden_sirala
0b124766-a5e7-40a3-b39b-48f2c2618444,questions.zorluk,4,3,2a sıralamaya göre yeniden (290 mantığı),3.01,20260612000318_soru_zorluk_yeniden_sirala
11a89586-03c8-4e58-ac54-92cedeaf93f6,questions.zorluk,4,3,2a sıralamaya göre yeniden (290 mantığı),3.02,20260612000318_soru_zorluk_yeniden_sirala
76640fb6-1118-49df-9a85-8d364be33a61,questions.zorluk,5,4,2a sıralamaya göre yeniden (290 mantığı),3.54,20260612000318_soru_zorluk_yeniden_sirala
14a7253f-f409-4a15-b6d8-e9c9fadc7f7f,questions.zorluk,3,2,2a sıralamaya göre yeniden (290 mantığı),2.07,20260612000318_soru_zorluk_yeniden_sirala
6d3b580e-3b40-46b2-a24d-2e1afc59fb48,questions.zorluk,5,4,2a sıralamaya göre yeniden (290 mantığı),3.48,20260612000318_soru_zorluk_yeniden_sirala
2029f1ca-0929-49da-8ce4-0c0733849437,questions.zorluk,3,2,2a sıralamaya göre yeniden (290 mantığı),2.06,20260612000318_soru_zorluk_yeniden_sirala
79b1abea-ae2e-4750-b399-308006a77ace,questions.zorluk,5,4,2a sıralamaya göre yeniden (290 mantığı),3.58,20260612000318_soru_zorluk_yeniden_sirala
7f649ed4-a629-45ee-bae9-336032ad9fa3,questions.zorluk,3,2,2a sıralamaya göre yeniden (290 mantığı),2.11,20260612000318_soru_zorluk_yeniden_sirala
7ad4b3f8-3311-4f5b-bee2-a7339ef0f22a,questions.zorluk,4,3,2a sıralamaya göre yeniden (290 mantığı),3.06,20260612000318_soru_zorluk_yeniden_sirala
7b69cd08-a8a9-46c3-8b2a-752ec4c79c90,questions.zorluk,4,3,2a sıralamaya göre yeniden (290 mantığı),2.87,20260612000318_soru_zorluk_yeniden_sirala
7fc310c7-eb1b-4edf-8ede-dfb6738d83e1,questions.zorluk,2,1,2a sıralamaya göre yeniden (290 mantığı),1.67,20260612000318_soru_zorluk_yeniden_sirala
07f7cec5-2e5d-4d0e-9656-8ddc04966fb3,questions.zorluk,5,4,2a sıralamaya göre yeniden (290 mantığı),3.46,20260612000318_soru_zorluk_yeniden_sirala
82460882-0875-45e2-86ac-658ed5ee129e,questions.zorluk,4,3,2a sıralamaya göre yeniden (290 mantığı),2.9,20260612000318_soru_zorluk_yeniden_sirala
1bd0e6bb-0e42-465e-b672-8152eef3fe1c,questions.zorluk,5,4,2a sıralamaya göre yeniden (290 mantığı),3.53,20260612000318_soru_zorluk_yeniden_sirala
7cda0943-eddf-48d5-b213-e7fa893c29de,questions.zorluk,4,3,2a sıralamaya göre yeniden (290 mantığı),2.94,20260612000318_soru_zorluk_yeniden_sirala
399f3987-7cba-4c44-86f0-6a005cc2fcff,questions.zorluk,4,3,2a sıralamaya göre yeniden (290 mantığı),2.87,20260612000318_soru_zorluk_yeniden_sirala
81c80f47-3ef8-43a2-a7d1-0bd7fe917a92,questions.zorluk,4,3,2a sıralamaya göre yeniden (290 mantığı),2.87,20260612000318_soru_zorluk_yeniden_sirala
2753c0fd-fed1-4011-8075-427a3e61e0ee,questions.zorluk,5,4,2a sıralamaya göre yeniden (290 mantığı),3.64,20260612000318_soru_zorluk_yeniden_sirala
808e8370-cf7c-4e57-b27f-4d8d6c4ad111,questions.zorluk,2,1,2a sıralamaya göre yeniden (290 mantığı),1.67,20260612000318_soru_zorluk_yeniden_sirala
7b52d790-7181-4dc5-8262-5f5ec515d952,questions.zorluk,3,2,2a sıralamaya göre yeniden (290 mantığı),2.09,20260612000318_soru_zorluk_yeniden_sirala
7c1e63ed-9159-4975-ae1f-3eae82539f59,questions.zorluk,3,2,2a sıralamaya göre yeniden (290 mantığı),2.08,20260612000318_soru_zorluk_yeniden_sirala
0cf12dff-190b-44b7-a782-35f25cc19438,questions.zorluk,5,4,2a sıralamaya göre yeniden (290 mantığı),3.55,20260612000318_soru_zorluk_yeniden_sirala
79ea2a21-8f58-4b68-aeb9-ae48cb106478,questions.zorluk,3,2,2a sıralamaya göre yeniden (290 mantığı),2.04,20260612000318_soru_zorluk_yeniden_sirala
81606cf8-0c94-4304-bbde-2cad20c5f984,questions.zorluk,3,2,2a sıralamaya göre yeniden (290 mantığı),2.09,20260612000318_soru_zorluk_yeniden_sirala
0065cbce-94ab-4b94-b9d6-8287a66f8ec0,questions.zorluk,4,3,2a sıralamaya göre yeniden (290 mantığı),2.95,20260612000318_soru_zorluk_yeniden_sirala
7e3cf80a-db51-40e2-af3e-8743daad321d,questions.zorluk,2,1,2a sıralamaya göre yeniden (290 mantığı),1.7,20260612000318_soru_zorluk_yeniden_sirala
046fc6e3-c142-49ac-82c8-a9729f327e52,questions.zorluk,2,1,2a sıralamaya göre yeniden (290 mantığı),1.69,20260612000318_soru_zorluk_yeniden_sirala
9c51432f-37ae-4ee7-93e4-d7ba177846d9,questions.zorluk,5,4,2a sıralamaya göre yeniden (290 mantığı),3.58,20260612000318_soru_zorluk_yeniden_sirala
7b57d2f1-7b15-4cc5-863a-19991dc119ab,questions.zorluk,4,3,2a sıralamaya göre yeniden (290 mantığı),2.86,20260612000318_soru_zorluk_yeniden_sirala
78dda7b8-a7ab-4f6a-9f28-fd0e3d829d55,questions.zorluk,3,2,2a sıralamaya göre yeniden (290 mantığı),2.07,20260612000318_soru_zorluk_yeniden_sirala
806d476a-bfbf-4165-8905-7759bba6d03d,questions.zorluk,2,1,2a sıralamaya göre yeniden (290 mantığı),1.66,20260612000318_soru_zorluk_yeniden_sirala
79986ce4-a86b-4641-a80c-13263c9355c4,questions.zorluk,4,3,2a sıralamaya göre yeniden (290 mantığı),2.94,20260612000318_soru_zorluk_yeniden_sirala
82b055de-6c4c-49af-9940-1f7ca514dcbb,questions.zorluk,3,2,2a sıralamaya göre yeniden (290 mantığı),2.05,20260612000318_soru_zorluk_yeniden_sirala
827831ce-16f2-45eb-b8f6-1c4c9a3fb1ce,questions.zorluk,4,3,2a sıralamaya göre yeniden (290 mantığı),2.89,20260612000318_soru_zorluk_yeniden_sirala
7efa4f48-4601-4000-aef7-2d1ff14d7195,questions.zorluk,4,3,2a sıralamaya göre yeniden (290 mantığı),3.04,20260612000318_soru_zorluk_yeniden_sirala
7f006ae5-12e6-4b57-b85a-eb1b33e54e2e,questions.zorluk,5,4,2a sıralamaya göre yeniden (290 mantığı),3.65,20260612000318_soru_zorluk_yeniden_sirala
7d359e82-155c-4be2-96db-c90a66fbf21c,questions.zorluk,4,3,2a sıralamaya göre yeniden (290 mantığı),2.88,20260612000318_soru_zorluk_yeniden_sirala
77b2a150-a1d8-455e-9073-98b53a06f602,questions.zorluk,3,2,2a sıralamaya göre yeniden (290 mantığı),2.03,20260612000318_soru_zorluk_yeniden_sirala
7e5d4607-54e0-4e33-8758-dec7e28a38bc,questions.zorluk,3,2,2a sıralamaya göre yeniden (290 mantığı),2.09,20260612000318_soru_zorluk_yeniden_sirala
788cbead-ea74-44b3-827d-59b3832f7d72,questions.zorluk,4,3,2a sıralamaya göre yeniden (290 mantığı),2.83,20260612000318_soru_zorluk_yeniden_sirala
7923f499-0370-479e-b69e-4abbd48bdad2,questions.zorluk,4,3,2a sıralamaya göre yeniden (290 mantığı),3.03,20260612000318_soru_zorluk_yeniden_sirala
7af295d7-5382-45e6-976d-34e7c556562a,questions.zorluk,4,3,2a sıralamaya göre yeniden (290 mantığı),2.83,20260612000318_soru_zorluk_yeniden_sirala
8108118c-6988-4a0a-9131-66328375cc16,questions.zorluk,4,3,2a sıralamaya göre yeniden (290 mantığı),2.86,20260612000318_soru_zorluk_yeniden_sirala
79706d5b-078b-48de-9059-8d483847eda9,questions.zorluk,5,4,2a sıralamaya göre yeniden (290 mantığı),3.63,20260612000318_soru_zorluk_yeniden_sirala
81c06012-023a-48ac-8899-08a9f74d24e9,questions.zorluk,5,4,2a sıralamaya göre yeniden (290 mantığı),3.59,20260612000318_soru_zorluk_yeniden_sirala
79b1bc66-ff72-4221-94fa-c962dae1f0bf,questions.zorluk,4,3,2a sıralamaya göre yeniden (290 mantığı),2.86,20260612000318_soru_zorluk_yeniden_sirala
835aa7cb-9858-4b4f-9523-8230ecaa934a,questions.zorluk,4,3,2a sıralamaya göre yeniden (290 mantığı),2.98,20260612000318_soru_zorluk_yeniden_sirala
7fad0b5b-5430-4ec6-9239-fb8b1391e14c,questions.zorluk,5,4,2a sıralamaya göre yeniden (290 mantığı),3.48,20260612000318_soru_zorluk_yeniden_sirala
7bc9110d-b1b3-4922-b316-72449b6105f1,questions.zorluk,3,2,2a sıralamaya göre yeniden (290 mantığı),2.03,20260612000318_soru_zorluk_yeniden_sirala
7ee2bcd0-1164-4d52-9e91-db940eadd1ea,questions.zorluk,4,3,2a sıralamaya göre yeniden (290 mantığı),2.83,20260612000318_soru_zorluk_yeniden_sirala
81afeda9-803d-4a9d-96ef-e0e005cda8e1,questions.zorluk,4,3,2a sıralamaya göre yeniden (290 mantığı),3.05,20260612000318_soru_zorluk_yeniden_sirala
7e58387c-04ae-49aa-b3dd-d94a6c7fb6a5,questions.zorluk,5,4,2a sıralamaya göre yeniden (290 mantığı),3.63,20260612000318_soru_zorluk_yeniden_sirala
78cceebc-5f62-498c-b403-0d5720352d22,questions.zorluk,3,2,2a sıralamaya göre yeniden (290 mantığı),2.06,20260612000318_soru_zorluk_yeniden_sirala
76ee9d48-fecb-4614-9bb5-98c5b88b7e83,questions.zorluk,3,2,2a sıralamaya göre yeniden (290 mantığı),2.12,20260612000318_soru_zorluk_yeniden_sirala
80b310cb-7992-4977-80d7-ee0d55972159,questions.zorluk,5,4,2a sıralamaya göre yeniden (290 mantığı),3.55,20260612000318_soru_zorluk_yeniden_sirala
80f1837f-f476-42e6-88d4-30fcacbfb296,questions.zorluk,4,3,2a sıralamaya göre yeniden (290 mantığı),3.04,20260612000318_soru_zorluk_yeniden_sirala
7ad2036a-4413-4b41-8e62-7853b7a1bcbb,questions.zorluk,4,3,2a sıralamaya göre yeniden (290 mantığı),2.94,20260612000318_soru_zorluk_yeniden_sirala
7bb2fa85-60d0-4e02-80b2-75776046e0a8,questions.zorluk,4,3,2a sıralamaya göre yeniden (290 mantığı),2.89,20260612000318_soru_zorluk_yeniden_sirala
76d60e96-ef25-49bf-88ae-27b83c9455e7,questions.zorluk,5,4,2a sıralamaya göre yeniden (290 mantığı),3.52,20260612000318_soru_zorluk_yeniden_sirala
834ef2db-22a7-4985-8d92-22b1d72870ea,questions.zorluk,5,4,2a sıralamaya göre yeniden (290 mantığı),3.65,20260612000318_soru_zorluk_yeniden_sirala
7dc17d36-94da-44d8-9742-7924dbf74490,questions.zorluk,2,1,2a sıralamaya göre yeniden (290 mantığı),1.71,20260612000318_soru_zorluk_yeniden_sirala
8cb52b3f-175b-4a3f-8619-8bdeee76f1fa,questions.zorluk,2,1,2a sıralamaya göre yeniden (290 mantığı),1.68,20260612000318_soru_zorluk_yeniden_sirala
7cdf9760-ba05-4cec-9027-debcc1daca0c,questions.zorluk,4,3,2a sıralamaya göre yeniden (290 mantığı),2.89,20260612000318_soru_zorluk_yeniden_sirala
7bd78dfc-56d0-47fe-8cbf-b7a2c0353462,questions.zorluk,5,4,2a sıralamaya göre yeniden (290 mantığı),3.51,20260612000318_soru_zorluk_yeniden_sirala
8c95c951-e1e4-48d1-936e-7c7793934c13,questions.zorluk,5,4,2a sıralamaya göre yeniden (290 mantığı),3.62,20260612000318_soru_zorluk_yeniden_sirala
8f169b3d-34fd-44b6-ae39-11e202d4216a,questions.zorluk,4,3,2a sıralamaya göre yeniden (290 mantığı),2.96,20260612000318_soru_zorluk_yeniden_sirala
903283f0-ad7a-409e-9a6e-23bdf25c63a9,questions.zorluk,3,2,2a sıralamaya göre yeniden (290 mantığı),2.06,20260612000318_soru_zorluk_yeniden_sirala
8d56cfdf-6405-4433-ba5c-cc26e7319780,questions.zorluk,5,4,2a sıralamaya göre yeniden (290 mantığı),3.52,20260612000318_soru_zorluk_yeniden_sirala
8db98b61-737b-44c5-adf0-d3db890cebc1,questions.zorluk,4,3,2a sıralamaya göre yeniden (290 mantığı),2.82,20260612000318_soru_zorluk_yeniden_sirala
8d683e8c-727a-4f0b-9362-dc11181e1fe2,questions.zorluk,3,2,2a sıralamaya göre yeniden (290 mantığı),2.12,20260612000318_soru_zorluk_yeniden_sirala
8f549036-8aec-4860-811b-98c7f2ebe9b0,questions.zorluk,4,3,2a sıralamaya göre yeniden (290 mantığı),2.93,20260612000318_soru_zorluk_yeniden_sirala
8395f1f7-a9a2-422c-a4ca-441a02114d0a,questions.zorluk,5,4,2a sıralamaya göre yeniden (290 mantığı),3.48,20260612000318_soru_zorluk_yeniden_sirala
847f1f38-61ab-4af7-840c-825ddd0ea8fb,questions.zorluk,3,2,2a sıralamaya göre yeniden (290 mantığı),2.07,20260612000318_soru_zorluk_yeniden_sirala
8459242b-a163-40e6-98a9-fa147fc4bbd1,questions.zorluk,4,3,2a sıralamaya göre yeniden (290 mantığı),2.93,20260612000318_soru_zorluk_yeniden_sirala
85e1f072-a25e-4d97-ba2b-3bd3b108bd06,questions.zorluk,2,1,2a sıralamaya göre yeniden (290 mantığı),1.73,20260612000318_soru_zorluk_yeniden_sirala
8ec95ab8-f7b5-4e4f-aa2c-be706c6eb7ed,questions.zorluk,4,3,2a sıralamaya göre yeniden (290 mantığı),2.85,20260612000318_soru_zorluk_yeniden_sirala
8c08153d-7bcd-48ad-91c2-9e89d4f77afe,questions.zorluk,4,3,2a sıralamaya göre yeniden (290 mantığı),2.99,20260612000318_soru_zorluk_yeniden_sirala
8f1ada5a-c40e-4da4-8ad2-353c4a39696d,questions.zorluk,4,3,2a sıralamaya göre yeniden (290 mantığı),3.03,20260612000318_soru_zorluk_yeniden_sirala
843736e7-b945-4479-960f-42bbef2701c2,questions.zorluk,4,3,2a sıralamaya göre yeniden (290 mantığı),3.03,20260612000318_soru_zorluk_yeniden_sirala
8777ad95-eb3b-4cec-9039-05af2aaf2aec,questions.zorluk,3,2,2a sıralamaya göre yeniden (290 mantığı),2.1,20260612000318_soru_zorluk_yeniden_sirala
8ec3a810-43b8-4872-93b9-7ae7a97a3ce4,questions.zorluk,4,3,2a sıralamaya göre yeniden (290 mantığı),2.99,20260612000318_soru_zorluk_yeniden_sirala
8a7bd59a-7b49-4722-80aa-1de4bc7581f8,questions.zorluk,4,3,2a sıralamaya göre yeniden (290 mantığı),2.97,20260612000318_soru_zorluk_yeniden_sirala
86f6e324-0e5d-40f3-8eb6-31ed271094bf,questions.zorluk,3,2,2a sıralamaya göre yeniden (290 mantığı),2.1,20260612000318_soru_zorluk_yeniden_sirala
84693762-f2f2-480e-b09f-bff473a2ac8b,questions.zorluk,2,1,2a sıralamaya göre yeniden (290 mantığı),1.71,20260612000318_soru_zorluk_yeniden_sirala
8f3243f6-1910-4920-b7df-c2275ca491e2,questions.zorluk,4,3,2a sıralamaya göre yeniden (290 mantığı),2.94,20260612000318_soru_zorluk_yeniden_sirala
8dd526b7-18b6-4872-88e7-f166407d7f35,questions.zorluk,5,4,2a sıralamaya göre yeniden (290 mantığı),3.5,20260612000318_soru_zorluk_yeniden_sirala
87dc4f0b-e7c1-4be0-87b1-4910df641388,questions.zorluk,3,2,2a sıralamaya göre yeniden (290 mantığı),2.09,20260612000318_soru_zorluk_yeniden_sirala
85db96af-c229-48d8-b839-aa09934b76d8,questions.zorluk,3,2,2a sıralamaya göre yeniden (290 mantığı),2.04,20260612000318_soru_zorluk_yeniden_sirala
949a1cdc-4c81-4098-9a60-65edd5fcadc2,questions.zorluk,4,3,2a sıralamaya göre yeniden (290 mantığı),2.85,20260612000318_soru_zorluk_yeniden_sirala
963d76c2-59ad-407e-a6e1-66c357fbf8a5,questions.zorluk,3,2,2a sıralamaya göre yeniden (290 mantığı),2.09,20260612000318_soru_zorluk_yeniden_sirala
8e134a41-dfd1-49c6-906a-910f00eaaa8e,questions.zorluk,5,4,2a sıralamaya göre yeniden (290 mantığı),3.49,20260612000318_soru_zorluk_yeniden_sirala
8b1a1a7e-cc97-4101-9371-c5ff208dc007,questions.zorluk,2,1,2a sıralamaya göre yeniden (290 mantığı),1.68,20260612000318_soru_zorluk_yeniden_sirala
8ada4caa-4af7-4150-98f6-7b4f422db145,questions.zorluk,4,3,2a sıralamaya göre yeniden (290 mantığı),3.05,20260612000318_soru_zorluk_yeniden_sirala
8b37bb6d-7859-422d-a4b3-0f060f019306,questions.zorluk,4,3,2a sıralamaya göre yeniden (290 mantığı),2.9,20260612000318_soru_zorluk_yeniden_sirala
86bc79db-738a-4717-a3cd-8272ebc0a9a1,questions.zorluk,4,3,2a sıralamaya göre yeniden (290 mantığı),2.85,20260612000318_soru_zorluk_yeniden_sirala
887c788b-859f-42e5-ac84-3f25010a1b2d,questions.zorluk,5,4,2a sıralamaya göre yeniden (290 mantığı),3.63,20260612000318_soru_zorluk_yeniden_sirala
a2cddbc1-f000-4a7e-8042-50e69220ffbe,questions.zorluk,4,3,2a sıralamaya göre yeniden (290 mantığı),2.95,20260612000318_soru_zorluk_yeniden_sirala
a6432c02-272a-491a-9562-54ca256c1c2d,questions.zorluk,4,3,2a sıralamaya göre yeniden (290 mantığı),2.98,20260612000318_soru_zorluk_yeniden_sirala
852486ec-2aa8-4c67-a818-9a1c416b6486,questions.zorluk,4,3,2a sıralamaya göre yeniden (290 mantığı),2.86,20260612000318_soru_zorluk_yeniden_sirala
a7b04607-7bc6-4947-aa99-8cd20319367f,questions.zorluk,4,3,2a sıralamaya göre yeniden (290 mantığı),2.87,20260612000318_soru_zorluk_yeniden_sirala
87b7dcc2-632e-433b-84ae-9570a63c1118,questions.zorluk,4,3,2a sıralamaya göre yeniden (290 mantığı),2.97,20260612000318_soru_zorluk_yeniden_sirala
863b8649-6ac5-45fb-b2f1-24b60fc616a1,questions.zorluk,4,3,2a sıralamaya göre yeniden (290 mantığı),2.98,20260612000318_soru_zorluk_yeniden_sirala
9121eb11-6913-41cc-8b3e-7026e8d2a270,questions.zorluk,4,3,2a sıralamaya göre yeniden (290 mantığı),2.98,20260612000318_soru_zorluk_yeniden_sirala
83ff7a77-fb38-413f-a6ff-068598827aeb,questions.zorluk,5,4,2a sıralamaya göre yeniden (290 mantığı),3.46,20260612000318_soru_zorluk_yeniden_sirala
91312fd6-dbdf-46d2-8e38-6f393b76c789,questions.zorluk,3,2,2a sıralamaya göre yeniden (290 mantığı),2.12,20260612000318_soru_zorluk_yeniden_sirala
98b102aa-2dae-4a15-9661-8e2523db9553,questions.zorluk,3,2,2a sıralamaya göre yeniden (290 mantığı),2.07,20260612000318_soru_zorluk_yeniden_sirala
94d25464-f44e-4728-b855-cb052df40231,questions.zorluk,3,2,2a sıralamaya göre yeniden (290 mantığı),2.04,20260612000318_soru_zorluk_yeniden_sirala
9c9fa247-ab20-44eb-adbd-9d195cd3b00c,questions.zorluk,2,1,2a sıralamaya göre yeniden (290 mantığı),1.68,20260612000318_soru_zorluk_yeniden_sirala
9c9b9be1-1ee7-463a-9def-be75677b8a05,questions.zorluk,5,4,2a sıralamaya göre yeniden (290 mantığı),3.46,20260612000318_soru_zorluk_yeniden_sirala
9b92a74e-9cb0-4e0a-a5f6-7939d9b6a6b8,questions.zorluk,3,2,2a sıralamaya göre yeniden (290 mantığı),2.1,20260612000318_soru_zorluk_yeniden_sirala
91cf735f-cad9-4dcb-a0d5-8428f26ee34d,questions.zorluk,4,3,2a sıralamaya göre yeniden (290 mantığı),3,20260612000318_soru_zorluk_yeniden_sirala
925b3add-c3ff-4e94-9ddb-1d0ee1cc9fb5,questions.zorluk,4,3,2a sıralamaya göre yeniden (290 mantığı),2.92,20260612000318_soru_zorluk_yeniden_sirala
9850a2bf-bba7-4c75-ac3a-1a3a86a62bdc,questions.zorluk,4,3,2a sıralamaya göre yeniden (290 mantığı),2.86,20260612000318_soru_zorluk_yeniden_sirala
94a23e66-7a17-430b-b24d-c3d0a3b0753a,questions.zorluk,5,4,2a sıralamaya göre yeniden (290 mantığı),3.5,20260612000318_soru_zorluk_yeniden_sirala
9337fefc-6db5-43f3-af29-4df8bd4828a6,questions.zorluk,3,2,2a sıralamaya göre yeniden (290 mantığı),2.06,20260612000318_soru_zorluk_yeniden_sirala
9504edd3-22ad-4f64-8b55-3f992cc36f4c,questions.zorluk,4,3,2a sıralamaya göre yeniden (290 mantığı),2.87,20260612000318_soru_zorluk_yeniden_sirala
d426765b-0d92-4da7-bbf2-13eef39ec1f8,questions.zorluk,3,2,2a sıralamaya göre yeniden (290 mantığı),2.04,20260612000318_soru_zorluk_yeniden_sirala
d4b17825-785a-4948-a64f-5cb49f4a5d05,questions.zorluk,2,1,2a sıralamaya göre yeniden (290 mantığı),1.68,20260612000318_soru_zorluk_yeniden_sirala
d466a91f-1fa0-48f2-a1bb-286c81a18623,questions.zorluk,3,2,2a sıralamaya göre yeniden (290 mantığı),2.05,20260612000318_soru_zorluk_yeniden_sirala
d49c5a88-ca11-464f-ade1-90d86cf2f063,questions.zorluk,4,3,2a sıralamaya göre yeniden (290 mantığı),2.86,20260612000318_soru_zorluk_yeniden_sirala
d4cffa6c-3946-48c2-bc3e-2f6d37b29f81,questions.zorluk,4,3,2a sıralamaya göre yeniden (290 mantığı),2.99,20260612000318_soru_zorluk_yeniden_sirala
95fbb36a-93b4-4ee3-bd34-3b6839b27e4a,questions.zorluk,4,3,2a sıralamaya göre yeniden (290 mantığı),3.03,20260612000318_soru_zorluk_yeniden_sirala
925c46d7-0e92-40d0-a2e8-5123846edf32,questions.zorluk,3,2,2a sıralamaya göre yeniden (290 mantığı),2.06,20260612000318_soru_zorluk_yeniden_sirala
9305a662-3d92-4e93-9837-0d309e18f74a,questions.zorluk,4,3,2a sıralamaya göre yeniden (290 mantığı),2.88,20260612000318_soru_zorluk_yeniden_sirala
94015994-4150-4df6-9883-eaf8e94172fc,questions.zorluk,4,3,2a sıralamaya göre yeniden (290 mantığı),3,20260612000318_soru_zorluk_yeniden_sirala
9495bd09-e135-4083-b776-b5a85eee04de,questions.zorluk,3,2,2a sıralamaya göre yeniden (290 mantığı),2.1,20260612000318_soru_zorluk_yeniden_sirala
9829af7c-ada9-42f6-9edf-004396a09f1e,questions.zorluk,4,3,2a sıralamaya göre yeniden (290 mantığı),2.82,20260612000318_soru_zorluk_yeniden_sirala
9be0df3c-44b0-4d44-8376-3b67e559656c,questions.zorluk,4,3,2a sıralamaya göre yeniden (290 mantığı),2.83,20260612000318_soru_zorluk_yeniden_sirala
92b24b9b-5734-493e-baa1-55cecca7ad25,questions.zorluk,4,3,2a sıralamaya göre yeniden (290 mantığı),2.86,20260612000318_soru_zorluk_yeniden_sirala
92eac4fb-c43e-4e2b-b453-b9c2fad5f254,questions.zorluk,4,3,2a sıralamaya göre yeniden (290 mantığı),2.93,20260612000318_soru_zorluk_yeniden_sirala
916b9324-63f3-490c-ae10-01d688c8ac36,questions.zorluk,3,2,2a sıralamaya göre yeniden (290 mantığı),2.07,20260612000318_soru_zorluk_yeniden_sirala
9a61b9d7-ab1d-4931-b5dd-8daec6c8fb23,questions.zorluk,3,2,2a sıralamaya göre yeniden (290 mantığı),2.12,20260612000318_soru_zorluk_yeniden_sirala
94bf145a-515b-4d8d-bdc2-840c156f1e0a,questions.zorluk,2,1,2a sıralamaya göre yeniden (290 mantığı),1.71,20260612000318_soru_zorluk_yeniden_sirala
94d51796-96c3-444f-ae17-72b1afc63a5f,questions.zorluk,4,3,2a sıralamaya göre yeniden (290 mantığı),2.99,20260612000318_soru_zorluk_yeniden_sirala
92d7797a-74aa-4d4d-a13e-273ac05cb0da,questions.zorluk,4,3,2a sıralamaya göre yeniden (290 mantığı),2.94,20260612000318_soru_zorluk_yeniden_sirala
9caa0ebe-a440-405e-87df-e6147ae969d5,questions.zorluk,5,4,2a sıralamaya göre yeniden (290 mantığı),3.53,20260612000318_soru_zorluk_yeniden_sirala
9195dd05-5852-4ad6-8315-76d473ef72b2,questions.zorluk,3,2,2a sıralamaya göre yeniden (290 mantığı),2.11,20260612000318_soru_zorluk_yeniden_sirala
93d2a40c-1fd7-4905-9d9f-b9c560485e88,questions.zorluk,4,3,2a sıralamaya göre yeniden (290 mantığı),3.01,20260612000318_soru_zorluk_yeniden_sirala
97a5c964-650a-442c-be82-923c3dd06aac,questions.zorluk,3,2,2a sıralamaya göre yeniden (290 mantığı),2.11,20260612000318_soru_zorluk_yeniden_sirala
91ab159c-a0d7-4fd3-a033-eb3477fb6767,questions.zorluk,2,1,2a sıralamaya göre yeniden (290 mantığı),1.68,20260612000318_soru_zorluk_yeniden_sirala
0524ff7b-b7ba-4137-8ca8-49b3c392186e,questions.zorluk,2,1,2a sıralamaya göre yeniden (290 mantığı),1.69,20260612000318_soru_zorluk_yeniden_sirala
92dae7fa-3807-4c00-a82a-147193adf97d,questions.zorluk,4,3,2a sıralamaya göre yeniden (290 mantığı),2.9,20260612000318_soru_zorluk_yeniden_sirala
9727552a-e8e4-4761-b41e-1f444a5beca6,questions.zorluk,3,2,2a sıralamaya göre yeniden (290 mantığı),2.03,20260612000318_soru_zorluk_yeniden_sirala
a6a29143-8fe3-4a89-aad2-610d6982b50f,questions.zorluk,4,3,2a sıralamaya göre yeniden (290 mantığı),3.06,20260612000318_soru_zorluk_yeniden_sirala
91f14700-1e8a-4014-ac52-81288281f613,questions.zorluk,4,3,2a sıralamaya göre yeniden (290 mantığı),2.86,20260612000318_soru_zorluk_yeniden_sirala
981d02da-768e-4aa1-a154-d5ac3de5c3c5,questions.zorluk,4,3,2a sıralamaya göre yeniden (290 mantığı),2.96,20260612000318_soru_zorluk_yeniden_sirala
14acf234-4d3c-49c9-bf93-45a890c726df,questions.zorluk,4,3,2a sıralamaya göre yeniden (290 mantığı),2.93,20260612000318_soru_zorluk_yeniden_sirala
3504a7b2-3753-4ace-bb95-47a6c99f91b1,questions.zorluk,5,4,2a sıralamaya göre yeniden (290 mantığı),3.52,20260612000318_soru_zorluk_yeniden_sirala
e4801f25-8463-4e4d-b975-c76ae169917a,questions.zorluk,3,2,2a sıralamaya göre yeniden (290 mantığı),2.07,20260612000318_soru_zorluk_yeniden_sirala
9997bfea-6b30-4476-9fa3-2ec53c30852c,questions.zorluk,5,4,2a sıralamaya göre yeniden (290 mantığı),3.59,20260612000318_soru_zorluk_yeniden_sirala
99b8d035-9e1d-487a-afb6-a1862cfe6913,questions.zorluk,4,3,2a sıralamaya göre yeniden (290 mantığı),2.96,20260612000318_soru_zorluk_yeniden_sirala
98e98c08-2fc8-45d5-ad11-336cfa2b8fc2,questions.zorluk,3,2,2a sıralamaya göre yeniden (290 mantığı),2.09,20260612000318_soru_zorluk_yeniden_sirala
9c51963a-0f7d-49b9-8369-13dda97374b4,questions.zorluk,3,2,2a sıralamaya göre yeniden (290 mantığı),2.09,20260612000318_soru_zorluk_yeniden_sirala
92e2e619-e7f1-45d1-8759-4416caf77c42,questions.zorluk,5,4,2a sıralamaya göre yeniden (290 mantığı),3.51,20260612000318_soru_zorluk_yeniden_sirala
943dccba-f348-483f-afb4-0a52c061ca48,questions.zorluk,5,4,2a sıralamaya göre yeniden (290 mantığı),3.63,20260612000318_soru_zorluk_yeniden_sirala
9b012243-1c01-4f0c-a2dd-be561a8b7d0f,questions.zorluk,5,4,2a sıralamaya göre yeniden (290 mantığı),3.54,20260612000318_soru_zorluk_yeniden_sirala
0b58ffc7-a5fc-471b-a5fe-5404066e6794,questions.zorluk,3,2,2a sıralamaya göre yeniden (290 mantığı),2.12,20260612000318_soru_zorluk_yeniden_sirala
9382d3bb-3039-440b-ba0f-59b1ed01cdcc,questions.zorluk,5,4,2a sıralamaya göre yeniden (290 mantığı),3.5,20260612000318_soru_zorluk_yeniden_sirala
9996f8c1-650c-47ad-87ab-63f7c8a9c242,questions.zorluk,3,2,2a sıralamaya göre yeniden (290 mantığı),2.1,20260612000318_soru_zorluk_yeniden_sirala
9dbdd503-70f6-444b-ae49-4b36ba9fd054,questions.zorluk,4,3,2a sıralamaya göre yeniden (290 mantığı),2.91,20260612000318_soru_zorluk_yeniden_sirala
a0d9bc48-653f-41ec-a830-1d89caa83da4,questions.zorluk,4,3,2a sıralamaya göre yeniden (290 mantığı),2.82,20260612000318_soru_zorluk_yeniden_sirala
a7cf9ac4-ba41-4c74-b285-7d3380a86461,questions.zorluk,3,2,2a sıralamaya göre yeniden (290 mantığı),2.06,20260612000318_soru_zorluk_yeniden_sirala
a4797081-d2c3-4f00-bc7c-28d3ad37217b,questions.zorluk,2,1,2a sıralamaya göre yeniden (290 mantığı),1.72,20260612000318_soru_zorluk_yeniden_sirala
a8e73d9f-f38a-411d-8f0f-5075dc6384aa,questions.zorluk,4,3,2a sıralamaya göre yeniden (290 mantığı),2.83,20260612000318_soru_zorluk_yeniden_sirala
1c851364-2a53-4cd5-802c-9add51cfb265,questions.zorluk,4,3,2a sıralamaya göre yeniden (290 mantığı),3.01,20260612000318_soru_zorluk_yeniden_sirala
a44741db-a548-4c4b-be7a-2bc18468e8e3,questions.zorluk,5,4,2a sıralamaya göre yeniden (290 mantığı),3.61,20260612000318_soru_zorluk_yeniden_sirala
a0cf0874-88b2-43c3-84a0-3aeb01c9cb2c,questions.zorluk,4,3,2a sıralamaya göre yeniden (290 mantığı),3.03,20260612000318_soru_zorluk_yeniden_sirala
a298a292-3771-4b69-a9a8-ef71dcfeefaa,questions.zorluk,2,1,2a sıralamaya göre yeniden (290 mantığı),1.72,20260612000318_soru_zorluk_yeniden_sirala
a5b486d6-efe5-4c72-822f-fcd9e87ce891,questions.zorluk,3,2,2a sıralamaya göre yeniden (290 mantığı),2.08,20260612000318_soru_zorluk_yeniden_sirala
a1e4e8a0-7e15-4296-af1f-742e358c8c8c,questions.zorluk,4,3,2a sıralamaya göre yeniden (290 mantığı),2.95,20260612000318_soru_zorluk_yeniden_sirala
41b4ebbf-1dc3-4a3e-a37a-ddf524fe2517,questions.zorluk,5,4,2a sıralamaya göre yeniden (290 mantığı),3.53,20260612000318_soru_zorluk_yeniden_sirala
a33952cc-c712-4e4e-a139-b20d7372a551,questions.zorluk,2,1,2a sıralamaya göre yeniden (290 mantığı),1.7,20260612000318_soru_zorluk_yeniden_sirala
a819c390-cf5a-4c67-9e18-ca9506ecd569,questions.zorluk,4,3,2a sıralamaya göre yeniden (290 mantığı),2.82,20260612000318_soru_zorluk_yeniden_sirala
a2a5cd2f-23ea-4a80-a601-2adeffd1b8ec,questions.zorluk,4,3,2a sıralamaya göre yeniden (290 mantığı),2.83,20260612000318_soru_zorluk_yeniden_sirala
9eb6f372-ed24-4910-9745-1dcacde7b891,questions.zorluk,3,2,2a sıralamaya göre yeniden (290 mantığı),2.11,20260612000318_soru_zorluk_yeniden_sirala
a030e870-dc85-4203-9928-4c54dbb4e839,questions.zorluk,4,3,2a sıralamaya göre yeniden (290 mantığı),2.83,20260612000318_soru_zorluk_yeniden_sirala
2666d6aa-a371-4c12-8c0a-e6e9684a3ce4,questions.zorluk,3,2,2a sıralamaya göre yeniden (290 mantığı),2.03,20260612000318_soru_zorluk_yeniden_sirala
a287533d-39a5-4745-a0f4-6beda60cafa4,questions.zorluk,4,3,2a sıralamaya göre yeniden (290 mantığı),2.93,20260612000318_soru_zorluk_yeniden_sirala
2bb8c818-4581-4dbd-ab2c-c0256636c2e4,questions.zorluk,4,3,2a sıralamaya göre yeniden (290 mantığı),3.04,20260612000318_soru_zorluk_yeniden_sirala
9f77b6f3-87bf-443e-83fe-6f6b9b3cf502,questions.zorluk,5,4,2a sıralamaya göre yeniden (290 mantığı),3.61,20260612000318_soru_zorluk_yeniden_sirala
1a62cbd5-9807-47b6-8e6d-07e2f00b1366,questions.zorluk,5,4,2a sıralamaya göre yeniden (290 mantığı),3.61,20260612000318_soru_zorluk_yeniden_sirala
0d0a2f37-3860-4902-9903-818987ebd3e1,questions.zorluk,3,2,2a sıralamaya göre yeniden (290 mantığı),2.06,20260612000318_soru_zorluk_yeniden_sirala
b2da2c09-bd3d-473e-a3bd-9526caff1d1a,questions.zorluk,3,2,2a sıralamaya göre yeniden (290 mantığı),2.05,20260612000318_soru_zorluk_yeniden_sirala
b17b605d-29bb-48c7-8b35-47430205eea4,questions.zorluk,2,1,2a sıralamaya göre yeniden (290 mantığı),1.71,20260612000318_soru_zorluk_yeniden_sirala
b36704cb-dd88-498f-9280-5279af273fb7,questions.zorluk,5,4,2a sıralamaya göre yeniden (290 mantığı),3.52,20260612000318_soru_zorluk_yeniden_sirala
b4ea85b4-bb1a-430f-aed5-2a9b62ce1ec8,questions.zorluk,3,2,2a sıralamaya göre yeniden (290 mantığı),2.04,20260612000318_soru_zorluk_yeniden_sirala
b052f911-666c-44f1-8e19-9cd3c57accad,questions.zorluk,4,3,2a sıralamaya göre yeniden (290 mantığı),2.91,20260612000318_soru_zorluk_yeniden_sirala
b4946e18-ed6a-47b2-ae38-483d0f25c890,questions.zorluk,4,3,2a sıralamaya göre yeniden (290 mantığı),3.04,20260612000318_soru_zorluk_yeniden_sirala
1f182572-2663-4bf9-ac36-3a750bdb8449,questions.zorluk,2,1,2a sıralamaya göre yeniden (290 mantığı),1.67,20260612000318_soru_zorluk_yeniden_sirala
b182d00b-da23-40b6-81e2-225a2eb01d6a,questions.zorluk,3,2,2a sıralamaya göre yeniden (290 mantığı),2.07,20260612000318_soru_zorluk_yeniden_sirala
419c4005-46e1-45a2-a315-e7870e0442ed,questions.zorluk,4,3,2a sıralamaya göre yeniden (290 mantığı),2.94,20260612000318_soru_zorluk_yeniden_sirala
ace530ab-8a3b-4b3a-bbcf-cf40d13a72ff,questions.zorluk,4,3,2a sıralamaya göre yeniden (290 mantığı),2.96,20260612000318_soru_zorluk_yeniden_sirala
af619f87-2655-4dce-a060-5b0310c50d09,questions.zorluk,3,2,2a sıralamaya göre yeniden (290 mantığı),2.09,20260612000318_soru_zorluk_yeniden_sirala
b2b10003-f1a5-4ae5-b46b-98261ed2d5d8,questions.zorluk,4,3,2a sıralamaya göre yeniden (290 mantığı),2.94,20260612000318_soru_zorluk_yeniden_sirala
aeb92668-bac1-453a-813f-1c9629fb1d7d,questions.zorluk,5,4,2a sıralamaya göre yeniden (290 mantığı),3.47,20260612000318_soru_zorluk_yeniden_sirala
aa480719-e409-4b63-b314-8f8bffdac033,questions.zorluk,4,3,2a sıralamaya göre yeniden (290 mantığı),2.82,20260612000318_soru_zorluk_yeniden_sirala
ac77ee6f-8848-43b4-abd2-c0e01a629932,questions.zorluk,4,3,2a sıralamaya göre yeniden (290 mantığı),2.88,20260612000318_soru_zorluk_yeniden_sirala
b49cf1c9-d050-4253-b264-192989b7db63,questions.zorluk,3,2,2a sıralamaya göre yeniden (290 mantığı),2.04,20260612000318_soru_zorluk_yeniden_sirala
acec27b3-8f56-447c-9233-4501833fd46e,questions.zorluk,5,4,2a sıralamaya göre yeniden (290 mantığı),3.52,20260612000318_soru_zorluk_yeniden_sirala
af41001e-faed-4e98-baa3-d255e0eb1acf,questions.zorluk,4,3,2a sıralamaya göre yeniden (290 mantığı),2.99,20260612000318_soru_zorluk_yeniden_sirala
b487881f-bb11-4abf-a710-1865338d1073,questions.zorluk,4,3,2a sıralamaya göre yeniden (290 mantığı),2.93,20260612000318_soru_zorluk_yeniden_sirala
bbb8f2d7-66e5-481b-9d02-1e86c8954d8e,questions.zorluk,3,2,2a sıralamaya göre yeniden (290 mantığı),2.11,20260612000318_soru_zorluk_yeniden_sirala
4fd2a0e2-d573-46f1-8197-a776f4a3c548,questions.zorluk,3,2,2a sıralamaya göre yeniden (290 mantığı),2.05,20260612000318_soru_zorluk_yeniden_sirala
bac77977-c8b4-4caa-bfe5-1870c1a33a79,questions.zorluk,3,2,2a sıralamaya göre yeniden (290 mantığı),2.1,20260612000318_soru_zorluk_yeniden_sirala
b7d6e104-c17a-4f80-b8ec-bc8ab9732270,questions.zorluk,3,2,2a sıralamaya göre yeniden (290 mantığı),2.03,20260612000318_soru_zorluk_yeniden_sirala
c213bc5c-a823-40ec-90b4-27446c25bdfc,questions.zorluk,3,2,2a sıralamaya göre yeniden (290 mantığı),2.07,20260612000318_soru_zorluk_yeniden_sirala
bf9fa253-bf06-458c-a86e-7693e36e3665,questions.zorluk,4,3,2a sıralamaya göre yeniden (290 mantığı),2.99,20260612000318_soru_zorluk_yeniden_sirala
bb85d3cd-0935-4ebf-940e-f353fbd54945,questions.zorluk,3,2,2a sıralamaya göre yeniden (290 mantığı),2.07,20260612000318_soru_zorluk_yeniden_sirala
359b230d-41cc-43f0-9fd7-75eda44d4fb5,questions.zorluk,3,2,2a sıralamaya göre yeniden (290 mantığı),2.07,20260612000318_soru_zorluk_yeniden_sirala
b786ca47-109d-4ccc-b4b2-4e0bc4b03056,questions.zorluk,4,3,2a sıralamaya göre yeniden (290 mantığı),3.04,20260612000318_soru_zorluk_yeniden_sirala
bc8fce11-4e03-47c6-a901-fd04e0360fad,questions.zorluk,3,2,2a sıralamaya göre yeniden (290 mantığı),2.05,20260612000318_soru_zorluk_yeniden_sirala
165c96bb-1d1a-4874-9256-acc68ef9009e,questions.zorluk,4,3,2a sıralamaya göre yeniden (290 mantığı),2.99,20260612000318_soru_zorluk_yeniden_sirala
bad2035e-aaf6-4046-bd58-c7c11826339c,questions.zorluk,3,2,2a sıralamaya göre yeniden (290 mantığı),2.1,20260612000318_soru_zorluk_yeniden_sirala
c24fb078-a029-40c6-b359-b0bfab629550,questions.zorluk,4,3,2a sıralamaya göre yeniden (290 mantığı),2.93,20260612000318_soru_zorluk_yeniden_sirala
c10993ac-420f-4b8c-9ab5-c3a9cd3fbb2e,questions.zorluk,5,4,2a sıralamaya göre yeniden (290 mantığı),3.47,20260612000318_soru_zorluk_yeniden_sirala
1cfa5fb0-b6d6-4287-ba86-e956cfa4a071,questions.zorluk,3,2,2a sıralamaya göre yeniden (290 mantığı),2.12,20260612000318_soru_zorluk_yeniden_sirala
0e3a4ff5-c215-48ad-9a6a-3d7b194d82ff,questions.zorluk,5,4,2a sıralamaya göre yeniden (290 mantığı),3.56,20260612000318_soru_zorluk_yeniden_sirala
c2aafc45-edcd-4964-a386-95e357c5f0de,questions.zorluk,3,2,2a sıralamaya göre yeniden (290 mantığı),2.07,20260612000318_soru_zorluk_yeniden_sirala
15fa44d2-b2a0-43b6-8b95-ae4c19769cf5,questions.zorluk,4,3,2a sıralamaya göre yeniden (290 mantığı),2.89,20260612000318_soru_zorluk_yeniden_sirala
d08368a0-3675-46e7-ad49-570ae7bca875,questions.zorluk,3,2,2a sıralamaya göre yeniden (290 mantığı),2.03,20260612000318_soru_zorluk_yeniden_sirala
c2afb294-69fa-4f33-a57c-40956e20c3ab,questions.zorluk,2,1,2a sıralamaya göre yeniden (290 mantığı),1.69,20260612000318_soru_zorluk_yeniden_sirala
c62cff73-976b-4c75-8f4c-e06554a232e0,questions.zorluk,4,3,2a sıralamaya göre yeniden (290 mantığı),3.01,20260612000318_soru_zorluk_yeniden_sirala
c9bd1351-59ef-428d-9dbb-6792deca2f9e,questions.zorluk,2,1,2a sıralamaya göre yeniden (290 mantığı),1.68,20260612000318_soru_zorluk_yeniden_sirala
0c26afe8-71a2-46e0-b805-e235c85d442e,questions.zorluk,3,2,2a sıralamaya göre yeniden (290 mantığı),2.09,20260612000318_soru_zorluk_yeniden_sirala
0d4cf7dc-b87f-48ee-b82a-e1ab7e8a9d03,questions.zorluk,4,3,2a sıralamaya göre yeniden (290 mantığı),2.93,20260612000318_soru_zorluk_yeniden_sirala
13e081fb-7f64-497b-bc86-6f3c49c3658c,questions.zorluk,3,2,2a sıralamaya göre yeniden (290 mantığı),2.06,20260612000318_soru_zorluk_yeniden_sirala
c39b16bf-b99b-4e83-bbd2-6463d248a11c,questions.zorluk,3,2,2a sıralamaya göre yeniden (290 mantığı),2.09,20260612000318_soru_zorluk_yeniden_sirala
cf71352b-4b01-4e17-bced-bc5b698c0821,questions.zorluk,5,4,2a sıralamaya göre yeniden (290 mantığı),3.55,20260612000318_soru_zorluk_yeniden_sirala
114ced14-abf2-4e33-af5c-6331408da9d5,questions.zorluk,4,3,2a sıralamaya göre yeniden (290 mantığı),2.95,20260612000318_soru_zorluk_yeniden_sirala
242dd6a8-0dda-45e3-a2c3-5073b95a836f,questions.zorluk,3,2,2a sıralamaya göre yeniden (290 mantığı),2.12,20260612000318_soru_zorluk_yeniden_sirala
ce0504af-280b-4795-81a1-a609c44a5233,questions.zorluk,3,2,2a sıralamaya göre yeniden (290 mantığı),2.11,20260612000318_soru_zorluk_yeniden_sirala
c3dd87fe-5023-406f-b531-67c2273405d0,questions.zorluk,3,2,2a sıralamaya göre yeniden (290 mantığı),2.08,20260612000318_soru_zorluk_yeniden_sirala
c698391b-daba-4d1c-bc88-d8ef54b180ec,questions.zorluk,3,2,2a sıralamaya göre yeniden (290 mantığı),2.06,20260612000318_soru_zorluk_yeniden_sirala
13a2d8d2-988e-4360-aa19-492a8e916069,questions.zorluk,4,3,2a sıralamaya göre yeniden (290 mantığı),2.9,20260612000318_soru_zorluk_yeniden_sirala
cd3fbc0f-c06f-46d6-954e-1bf164f5ced3,questions.zorluk,5,4,2a sıralamaya göre yeniden (290 mantığı),3.47,20260612000318_soru_zorluk_yeniden_sirala
c5a124ec-2f3b-4123-b866-79b24b0414a5,questions.zorluk,3,2,2a sıralamaya göre yeniden (290 mantığı),2.08,20260612000318_soru_zorluk_yeniden_sirala
c5581b98-6f51-42a1-80ce-8aceb13c6262,questions.zorluk,3,2,2a sıralamaya göre yeniden (290 mantığı),2.03,20260612000318_soru_zorluk_yeniden_sirala
e5a4a3b4-8ceb-4b4c-b054-c04b3e982568,questions.zorluk,2,1,2a sıralamaya göre yeniden (290 mantığı),1.67,20260612000318_soru_zorluk_yeniden_sirala
18d7b31a-1931-409a-bb83-eaf614612aa5,questions.zorluk,4,3,2a sıralamaya göre yeniden (290 mantığı),2.84,20260612000318_soru_zorluk_yeniden_sirala
c6440598-77ca-4980-bdb5-7499c5d1f27c,questions.zorluk,3,2,2a sıralamaya göre yeniden (290 mantığı),2.04,20260612000318_soru_zorluk_yeniden_sirala
c3214e83-4eae-4726-b2d3-8b4c14e5e956,questions.zorluk,3,2,2a sıralamaya göre yeniden (290 mantığı),2.09,20260612000318_soru_zorluk_yeniden_sirala
cea93da4-407a-4fcb-9f56-1c3ac645361c,questions.zorluk,4,3,2a sıralamaya göre yeniden (290 mantığı),2.85,20260612000318_soru_zorluk_yeniden_sirala
d0b92208-53da-4d03-a395-513db8930e84,questions.zorluk,3,2,2a sıralamaya göre yeniden (290 mantığı),2.09,20260612000318_soru_zorluk_yeniden_sirala
d6311334-f665-40bb-aeb1-b8087ad7648c,questions.zorluk,3,2,2a sıralamaya göre yeniden (290 mantığı),2.11,20260612000318_soru_zorluk_yeniden_sirala
d7616623-e681-426d-9a45-20538a11932c,questions.zorluk,3,2,2a sıralamaya göre yeniden (290 mantığı),2.06,20260612000318_soru_zorluk_yeniden_sirala
d16cbf9f-f835-474e-9247-e5a91183ae52,questions.zorluk,2,1,2a sıralamaya göre yeniden (290 mantığı),1.71,20260612000318_soru_zorluk_yeniden_sirala
d87af288-0073-41e9-aeec-8dc349ee9ef3,questions.zorluk,3,2,2a sıralamaya göre yeniden (290 mantığı),2.03,20260612000318_soru_zorluk_yeniden_sirala
d29cbae3-071b-4ce6-8d07-3a7def0e3437,questions.zorluk,2,1,2a sıralamaya göre yeniden (290 mantığı),1.73,20260612000318_soru_zorluk_yeniden_sirala
d2669495-8225-4e18-b53e-a5f92a3c5d83,questions.zorluk,4,3,2a sıralamaya göre yeniden (290 mantığı),2.87,20260612000318_soru_zorluk_yeniden_sirala
d12cae7c-3a4d-493f-b7aa-9e20a14b37e8,questions.zorluk,4,3,2a sıralamaya göre yeniden (290 mantığı),3.06,20260612000318_soru_zorluk_yeniden_sirala
d1c3c1a1-af13-4423-9484-29b1f425c32e,questions.zorluk,5,4,2a sıralamaya göre yeniden (290 mantığı),3.49,20260612000318_soru_zorluk_yeniden_sirala
d2f7baa0-b241-4d6c-89e9-57ea87a7cc91,questions.zorluk,3,2,2a sıralamaya göre yeniden (290 mantığı),2.09,20260612000318_soru_zorluk_yeniden_sirala
d6485039-7417-4d8e-930e-c8a128f1567e,questions.zorluk,3,2,2a sıralamaya göre yeniden (290 mantığı),2.08,20260612000318_soru_zorluk_yeniden_sirala
d0d00b1e-e5c2-432b-9b69-4e182bc25860,questions.zorluk,5,4,2a sıralamaya göre yeniden (290 mantığı),3.53,20260612000318_soru_zorluk_yeniden_sirala
d57cf18c-4e20-46db-935b-53429c186b55,questions.zorluk,2,1,2a sıralamaya göre yeniden (290 mantığı),1.72,20260612000318_soru_zorluk_yeniden_sirala
d924eb88-253f-4d53-952c-a6b516f597dd,questions.zorluk,5,4,2a sıralamaya göre yeniden (290 mantığı),3.65,20260612000318_soru_zorluk_yeniden_sirala
d322bc54-c280-47bd-a750-dbf6fe9605d3,questions.zorluk,3,2,2a sıralamaya göre yeniden (290 mantığı),2.12,20260612000318_soru_zorluk_yeniden_sirala
de1f9624-ce2e-4dee-91c6-f608ecf6894c,questions.zorluk,4,3,2a sıralamaya göre yeniden (290 mantığı),2.97,20260612000318_soru_zorluk_yeniden_sirala
e5701045-059a-471c-8989-5242a1542975,questions.zorluk,3,2,2a sıralamaya göre yeniden (290 mantığı),2.07,20260612000318_soru_zorluk_yeniden_sirala
e37923e6-1bc5-409d-bcbc-d868b9dfb23a,questions.zorluk,3,2,2a sıralamaya göre yeniden (290 mantığı),2.07,20260612000318_soru_zorluk_yeniden_sirala
de544bf9-962c-4652-93f4-4c02618b44a4,questions.zorluk,3,2,2a sıralamaya göre yeniden (290 mantığı),2.05,20260612000318_soru_zorluk_yeniden_sirala
e376ee8d-4221-45bf-8546-668e1c76f59f,questions.zorluk,3,2,2a sıralamaya göre yeniden (290 mantığı),2.12,20260612000318_soru_zorluk_yeniden_sirala
df37de05-3b8d-4806-86b8-c132e242c120,questions.zorluk,2,1,2a sıralamaya göre yeniden (290 mantığı),1.71,20260612000318_soru_zorluk_yeniden_sirala
e459cf7e-c0d6-440b-92d3-bd9245b8ed2d,questions.zorluk,2,1,2a sıralamaya göre yeniden (290 mantığı),1.71,20260612000318_soru_zorluk_yeniden_sirala
e5e3f3bb-9059-4d59-9bfc-05dcbf49dd74,questions.zorluk,4,3,2a sıralamaya göre yeniden (290 mantığı),3.06,20260612000318_soru_zorluk_yeniden_sirala
e3251d59-3c7a-4e97-aeb5-376dd8f92ead,questions.zorluk,3,2,2a sıralamaya göre yeniden (290 mantığı),2.11,20260612000318_soru_zorluk_yeniden_sirala
de773dc0-f980-4c9c-9c6b-6de6d5521172,questions.zorluk,4,3,2a sıralamaya göre yeniden (290 mantığı),2.91,20260612000318_soru_zorluk_yeniden_sirala
e6fc4d26-5d32-413f-9613-685a344809be,questions.zorluk,4,3,2a sıralamaya göre yeniden (290 mantığı),3.04,20260612000318_soru_zorluk_yeniden_sirala
e9e27011-59c3-4d82-9e20-25177a8770eb,questions.zorluk,4,3,2a sıralamaya göre yeniden (290 mantığı),3.04,20260612000318_soru_zorluk_yeniden_sirala
df94981c-caef-4fed-9ca3-ba871e86335e,questions.zorluk,5,4,2a sıralamaya göre yeniden (290 mantığı),3.59,20260612000318_soru_zorluk_yeniden_sirala
e6429eaa-4e84-4b39-8174-52eb437b6c63,questions.zorluk,5,4,2a sıralamaya göre yeniden (290 mantığı),3.46,20260612000318_soru_zorluk_yeniden_sirala
e0b05664-f62a-45ee-8970-d6ae08c7ee78,questions.zorluk,3,2,2a sıralamaya göre yeniden (290 mantığı),2.07,20260612000318_soru_zorluk_yeniden_sirala
e01b6ab7-f307-4e01-8c12-0f880bd7c06f,questions.zorluk,3,2,2a sıralamaya göre yeniden (290 mantığı),2.07,20260612000318_soru_zorluk_yeniden_sirala
ea3cba38-26a8-4b69-928d-5bcf1fdd9331,questions.zorluk,3,2,2a sıralamaya göre yeniden (290 mantığı),2.09,20260612000318_soru_zorluk_yeniden_sirala
e9fddbc2-d18d-4264-9ee9-6f6d99165578,questions.zorluk,2,1,2a sıralamaya göre yeniden (290 mantığı),1.7,20260612000318_soru_zorluk_yeniden_sirala
e7be97a6-906a-4a8f-9491-eea0644acbe5,questions.zorluk,4,3,2a sıralamaya göre yeniden (290 mantığı),2.9,20260612000318_soru_zorluk_yeniden_sirala
ea946619-bcab-465d-af5c-c4e92df53812,questions.zorluk,3,2,2a sıralamaya göre yeniden (290 mantığı),2.05,20260612000318_soru_zorluk_yeniden_sirala
dddcb0dd-0a19-4df8-87e6-c4106c14913f,questions.zorluk,4,3,2a sıralamaya göre yeniden (290 mantığı),2.99,20260612000318_soru_zorluk_yeniden_sirala
e6d0de01-b55a-4fd8-8025-4b099d59131d,questions.zorluk,5,4,2a sıralamaya göre yeniden (290 mantığı),3.55,20260612000318_soru_zorluk_yeniden_sirala
edfafa4e-14ca-4e6f-a8e6-c63623a92db4,questions.zorluk,4,3,2a sıralamaya göre yeniden (290 mantığı),2.92,20260612000318_soru_zorluk_yeniden_sirala
eda50300-cf63-476a-b408-98eea08b37ab,questions.zorluk,3,2,2a sıralamaya göre yeniden (290 mantığı),2.04,20260612000318_soru_zorluk_yeniden_sirala
edb2ca1b-9497-404e-8257-f1b2de61df40,questions.zorluk,3,2,2a sıralamaya göre yeniden (290 mantığı),2.05,20260612000318_soru_zorluk_yeniden_sirala
ed74b390-7b8a-47a3-bd6f-4b79a15e74bf,questions.zorluk,2,1,2a sıralamaya göre yeniden (290 mantığı),1.66,20260612000318_soru_zorluk_yeniden_sirala
ef7b6acb-63a1-4a92-a625-032cc8ecf226,questions.zorluk,4,3,2a sıralamaya göre yeniden (290 mantığı),2.84,20260612000318_soru_zorluk_yeniden_sirala
ef46f329-17f1-43d1-bcaf-3519edeed490,questions.zorluk,3,2,2a sıralamaya göre yeniden (290 mantığı),2.09,20260612000318_soru_zorluk_yeniden_sirala
f09fb7f5-3e84-4238-9f2d-62ada89c71b0,questions.zorluk,2,1,2a sıralamaya göre yeniden (290 mantığı),1.72,20260612000318_soru_zorluk_yeniden_sirala
f265cddc-5159-4272-b2cb-c6cd2628b2bf,questions.zorluk,4,3,2a sıralamaya göre yeniden (290 mantığı),2.94,20260612000318_soru_zorluk_yeniden_sirala
ed9cc6d2-1774-4ca8-8935-aab4e4e7cd07,questions.zorluk,3,2,2a sıralamaya göre yeniden (290 mantığı),2.08,20260612000318_soru_zorluk_yeniden_sirala
ecd7fe9a-8f33-485a-8f85-02138d7c4f6e,questions.zorluk,3,2,2a sıralamaya göre yeniden (290 mantığı),2.1,20260612000318_soru_zorluk_yeniden_sirala
f13ae585-a08a-4500-933a-56ea70c5174b,questions.zorluk,3,2,2a sıralamaya göre yeniden (290 mantığı),2.04,20260612000318_soru_zorluk_yeniden_sirala
f6e0d35a-a10c-464d-a7b2-37e24f042b16,questions.zorluk,3,2,2a sıralamaya göre yeniden (290 mantığı),2.09,20260612000318_soru_zorluk_yeniden_sirala
ec71ec02-cb6f-4c51-ae53-ea3d07e0122c,questions.zorluk,4,3,2a sıralamaya göre yeniden (290 mantığı),3,20260612000318_soru_zorluk_yeniden_sirala
f17d8286-adeb-4f8b-ad61-40a3e26c0612,questions.zorluk,4,3,2a sıralamaya göre yeniden (290 mantığı),2.86,20260612000318_soru_zorluk_yeniden_sirala
f837993f-176e-4e2e-ae31-6be8c6bc1aa6,questions.zorluk,3,2,2a sıralamaya göre yeniden (290 mantığı),2.09,20260612000318_soru_zorluk_yeniden_sirala
eec1e1ab-f535-428e-8eb7-38cda8917ab6,questions.zorluk,4,3,2a sıralamaya göre yeniden (290 mantığı),2.91,20260612000318_soru_zorluk_yeniden_sirala
f12490a9-a114-4e14-a8f0-d07b20dec551,questions.zorluk,4,3,2a sıralamaya göre yeniden (290 mantığı),3.03,20260612000318_soru_zorluk_yeniden_sirala
edd25e09-99bf-46aa-ba0d-4138b12e9470,questions.zorluk,4,3,2a sıralamaya göre yeniden (290 mantığı),2.9,20260612000318_soru_zorluk_yeniden_sirala
f2c2d17d-3e0a-4a3c-94fb-582679da5561,questions.zorluk,4,3,2a sıralamaya göre yeniden (290 mantığı),2.85,20260612000318_soru_zorluk_yeniden_sirala
f6962c61-045b-4d4e-80b2-eb7a6e792cd8,questions.zorluk,4,3,2a sıralamaya göre yeniden (290 mantığı),2.84,20260612000318_soru_zorluk_yeniden_sirala
f9b62262-e700-41db-9b69-f4f3c0d6dfdb,questions.zorluk,2,1,2a sıralamaya göre yeniden (290 mantığı),1.72,20260612000318_soru_zorluk_yeniden_sirala
f9ed115a-9f0f-4a87-a185-9c88fecbb3e8,questions.zorluk,2,1,2a sıralamaya göre yeniden (290 mantığı),1.73,20260612000318_soru_zorluk_yeniden_sirala
fb6ab553-9bb5-49cc-b882-c1b73e27cd9c,questions.zorluk,4,3,2a sıralamaya göre yeniden (290 mantığı),2.86,20260612000318_soru_zorluk_yeniden_sirala
fcce7950-82a5-4d75-ac60-fee7c71aa3d8,questions.zorluk,2,1,2a sıralamaya göre yeniden (290 mantığı),1.72,20260612000318_soru_zorluk_yeniden_sirala
47f33363-aebf-4ba5-8906-a425864a873b,questions.zorluk,3,2,2a sıralamaya göre yeniden (290 mantığı),2.05,20260612000318_soru_zorluk_yeniden_sirala
57e4ce76-a3c0-4ce6-acc4-50ed3e9f7350,questions.zorluk,3,2,2a sıralamaya göre yeniden (290 mantığı),2.11,20260612000318_soru_zorluk_yeniden_sirala
9dd763f3-fc15-4cba-ae7e-9b927dc89187,questions.zorluk,4,3,2a sıralamaya göre yeniden (290 mantığı),3.03,20260612000318_soru_zorluk_yeniden_sirala
e7f8559b-03e6-438a-b1cb-595b09cbb858,questions.zorluk,4,3,2a sıralamaya göre yeniden (290 mantığı),2.92,20260612000318_soru_zorluk_yeniden_sirala
f581ccc4-fb91-42a7-aa55-e3e0842a6f9a,questions.zorluk,5,4,2a sıralamaya göre yeniden (290 mantığı),3.6,20260612000318_soru_zorluk_yeniden_sirala
06f9d734-dfed-4317-9af0-0da1e87db8f1,questions.zorluk,3,2,2a sıralamaya göre yeniden (290 mantığı),2.04,20260612000318_soru_zorluk_yeniden_sirala
0931bfab-935c-47ef-bbec-eb2f3c355a04,questions.zorluk,2,1,2a sıralamaya göre yeniden (290 mantığı),1.67,20260612000318_soru_zorluk_yeniden_sirala
0ffd4b6a-ab2f-48d9-a29f-598bd919fce0,questions.zorluk,3,2,2a sıralamaya göre yeniden (290 mantığı),2.12,20260612000318_soru_zorluk_yeniden_sirala
1516c00b-b3d7-45d8-afb2-528dd17ec412,questions.zorluk,2,1,2a sıralamaya göre yeniden (290 mantığı),1.67,20260612000318_soru_zorluk_yeniden_sirala
260d42ab-0551-4a1a-8493-8ac8fccc8628,questions.zorluk,2,1,2a sıralamaya göre yeniden (290 mantığı),1.72,20260612000318_soru_zorluk_yeniden_sirala
2e7cc4ef-8dec-4f7d-b5d2-ac93136975f7,questions.zorluk,3,2,2a sıralamaya göre yeniden (290 mantığı),2.11,20260612000318_soru_zorluk_yeniden_sirala
0f013327-3cd2-490b-a42d-c9ddc8cd1dfa,questions.zorluk,3,2,2a sıralamaya göre yeniden (290 mantığı),2.08,20260612000318_soru_zorluk_yeniden_sirala
7b073ddb-64cd-40eb-9122-13cfd7732b42,questions.zorluk,3,2,2a sıralamaya göre yeniden (290 mantığı),2.08,20260612000318_soru_zorluk_yeniden_sirala
75367657-81dd-452f-aa92-1966258049ae,questions.zorluk,5,4,2a sıralamaya göre yeniden (290 mantığı),3.5,20260612000318_soru_zorluk_yeniden_sirala
7ca21ac2-c0f8-40c5-9062-14ea50d6d24b,questions.zorluk,4,3,2a sıralamaya göre yeniden (290 mantığı),2.84,20260612000318_soru_zorluk_yeniden_sirala
85d93946-7bc5-42eb-9f4a-f4e93eee52d8,questions.zorluk,4,3,2a sıralamaya göre yeniden (290 mantığı),2.82,20260612000318_soru_zorluk_yeniden_sirala
9af8c2e0-8c81-4304-a499-008747ee74ff,questions.zorluk,4,3,2a sıralamaya göre yeniden (290 mantığı),3,20260612000318_soru_zorluk_yeniden_sirala
8ce4f9c4-2614-45a3-9204-97c57a736314,questions.zorluk,4,3,2a sıralamaya göre yeniden (290 mantığı),2.95,20260612000318_soru_zorluk_yeniden_sirala
a1b819b8-88df-426a-b86c-6da1bc28d45b,questions.zorluk,4,3,2a sıralamaya göre yeniden (290 mantığı),2.96,20260612000318_soru_zorluk_yeniden_sirala
41677a91-590c-456a-9f5f-69d08525a9b7,questions.zorluk,3,2,2a sıralamaya göre yeniden (290 mantığı),2.07,20260612000318_soru_zorluk_yeniden_sirala
abcd0527-dece-4fbd-810f-9ace91dc6357,questions.zorluk,4,3,2a sıralamaya göre yeniden (290 mantığı),3,20260612000318_soru_zorluk_yeniden_sirala
6abbc126-bcd6-4eef-8146-a295a3f652af,questions.zorluk,3,2,2a sıralamaya göre yeniden (290 mantığı),2.04,20260612000318_soru_zorluk_yeniden_sirala
b1152bb1-0e92-4d58-a6af-b3a26be1b5ac,questions.zorluk,4,3,2a sıralamaya göre yeniden (290 mantığı),3.02,20260612000318_soru_zorluk_yeniden_sirala
b50c054a-eee5-4345-9901-20bad063de61,questions.zorluk,4,3,2a sıralamaya göre yeniden (290 mantığı),3.02,20260612000318_soru_zorluk_yeniden_sirala
11148ffc-06c3-47b5-8149-2406901e9836,questions.zorluk,3,2,2a sıralamaya göre yeniden (290 mantığı),2.07,20260612000318_soru_zorluk_yeniden_sirala
8ce78bc3-769a-4b61-8433-47cf3dd76e27,questions.zorluk,5,4,2a sıralamaya göre yeniden (290 mantığı),3.54,20260612000318_soru_zorluk_yeniden_sirala
3aca73f6-b555-411a-ad55-7fe96cf603ec,questions.zorluk,4,3,2a sıralamaya göre yeniden (290 mantığı),3.01,20260612000318_soru_zorluk_yeniden_sirala
2f78208a-8bea-40e2-b5a1-ca046bdf593d,questions.zorluk,4,3,2a sıralamaya göre yeniden (290 mantığı),3.04,20260612000318_soru_zorluk_yeniden_sirala
2e1fd0f6-4e7c-4e20-b232-6c68ac226084,questions.zorluk,4,3,2a sıralamaya göre yeniden (290 mantığı),2.98,20260612000318_soru_zorluk_yeniden_sirala
090757e7-4e72-414c-bcc6-d3c4f05e0e55,questions.zorluk,4,3,2a sıralamaya göre yeniden (290 mantığı),3.04,20260612000318_soru_zorluk_yeniden_sirala
55986ea0-e63b-4730-855e-fecbdae9f08c,questions.zorluk,4,3,2a sıralamaya göre yeniden (290 mantığı),2.85,20260612000318_soru_zorluk_yeniden_sirala
b9a4ed81-1449-4825-b8c0-8f1419c6f987,questions.zorluk,4,3,2a sıralamaya göre yeniden (290 mantığı),2.86,20260612000318_soru_zorluk_yeniden_sirala
be2f935e-76c4-465e-b1c0-751f508e70cd,questions.zorluk,3,2,2a sıralamaya göre yeniden (290 mantığı),2.11,20260612000318_soru_zorluk_yeniden_sirala
cbb117d8-262a-4da2-ae0e-647a3d7f2ec8,questions.zorluk,3,2,2a sıralamaya göre yeniden (290 mantığı),2.09,20260612000318_soru_zorluk_yeniden_sirala
d54f656f-73c9-4ff7-af1b-2c7e022a0646,questions.zorluk,3,2,2a sıralamaya göre yeniden (290 mantığı),2.04,20260612000318_soru_zorluk_yeniden_sirala
690c791f-d964-4dff-bae8-9c8722f191f8,questions.zorluk,3,2,2a sıralamaya göre yeniden (290 mantığı),2.03,20260612000318_soru_zorluk_yeniden_sirala
d91d3999-7ad6-4331-8388-53a0e1f63227,questions.zorluk,5,4,2a sıralamaya göre yeniden (290 mantığı),3.5,20260612000318_soru_zorluk_yeniden_sirala
da439455-8fea-4e4d-b5e0-194197ea82cf,questions.zorluk,4,3,2a sıralamaya göre yeniden (290 mantığı),3.04,20260612000318_soru_zorluk_yeniden_sirala
e53a53a5-4661-46b9-9dcd-8e43fc9b4209,questions.zorluk,2,1,2a sıralamaya göre yeniden (290 mantığı),1.71,20260612000318_soru_zorluk_yeniden_sirala
dc2b5286-5a0b-4bef-a002-948f2f0889ca,questions.zorluk,4,3,2a sıralamaya göre yeniden (290 mantığı),3.05,20260612000318_soru_zorluk_yeniden_sirala
7d3c67d5-5f02-49d3-8823-5652d7fcadea,questions.zorluk,4,3,2a sıralamaya göre yeniden (290 mantığı),2.84,20260612000318_soru_zorluk_yeniden_sirala
e646ea1b-6f3b-4442-807c-3bb23cf78c27,questions.zorluk,2,1,2a sıralamaya göre yeniden (290 mantığı),1.69,20260612000318_soru_zorluk_yeniden_sirala
7e22dafb-5468-43bf-8f1c-9f290f4eace7,questions.zorluk,3,2,2a sıralamaya göre yeniden (290 mantığı),2.05,20260612000318_soru_zorluk_yeniden_sirala
778cc12d-d0f4-457d-836f-dce338270ac6,questions.zorluk,3,2,2a sıralamaya göre yeniden (290 mantığı),2.06,20260612000318_soru_zorluk_yeniden_sirala
e82613cb-224c-4fac-b8be-cb70592fbdbc,questions.zorluk,2,1,2a sıralamaya göre yeniden (290 mantığı),1.7,20260612000318_soru_zorluk_yeniden_sirala
eaf75b12-f018-42fe-aa8a-498b3ae19949,questions.zorluk,4,3,2a sıralamaya göre yeniden (290 mantığı),2.83,20260612000318_soru_zorluk_yeniden_sirala
efb06b78-45f3-4e0a-a495-390d418e045f,questions.zorluk,3,2,2a sıralamaya göre yeniden (290 mantığı),2.05,20260612000318_soru_zorluk_yeniden_sirala
f345a797-211d-4229-bc9d-3ee3d2966593,questions.zorluk,4,3,2a sıralamaya göre yeniden (290 mantığı),2.99,20260612000318_soru_zorluk_yeniden_sirala
de3f634e-ea7c-45ec-9aba-56666ea6c8c6,questions.zorluk,3,2,2a sıralamaya göre yeniden (290 mantığı),2.08,20260612000318_soru_zorluk_yeniden_sirala
a753e359-3dc8-4717-a9b8-1a0328ade752,questions.zorluk,4,3,2a sıralamaya göre yeniden (290 mantığı),2.84,20260612000318_soru_zorluk_yeniden_sirala
b1e9dca9-64a8-49b2-80f8-c23fbd5ad3f5,questions.zorluk,4,3,2a sıralamaya göre yeniden (290 mantığı),3.04,20260612000318_soru_zorluk_yeniden_sirala
676c7795-d1e7-45a1-9157-ebb4fa9590ab,questions.zorluk,4,3,2a sıralamaya göre yeniden (290 mantığı),2.86,20260612000318_soru_zorluk_yeniden_sirala
14f7222e-fffd-4423-93f2-04c0446b7784,questions.zorluk,5,4,2a sıralamaya göre yeniden (290 mantığı),3.59,20260612000318_soru_zorluk_yeniden_sirala
6224b1bf-8d8a-40ad-affd-f95ec30349f6,questions.zorluk,4,3,2a sıralamaya göre yeniden (290 mantığı),2.86,20260612000318_soru_zorluk_yeniden_sirala
cc7f438f-db7b-44a3-b158-f2637668c857,questions.zorluk,4,3,2a sıralamaya göre yeniden (290 mantığı),2.99,20260612000318_soru_zorluk_yeniden_sirala
69480f8f-924d-4aa5-9fef-afa65b5dc0a0,questions.zorluk,2,1,2a sıralamaya göre yeniden (290 mantığı),1.72,20260612000318_soru_zorluk_yeniden_sirala
35d4a45d-cdee-46ab-a442-9f770f010285,questions.zorluk,4,3,2a sıralamaya göre yeniden (290 mantığı),3,20260612000318_soru_zorluk_yeniden_sirala
70c0e51a-35ed-4fd1-a7fb-47dccaadc959,questions.zorluk,4,3,2a sıralamaya göre yeniden (290 mantığı),2.85,20260612000318_soru_zorluk_yeniden_sirala
05b6fdab-850b-4c46-b47a-5950a149bdb4,questions.zorluk,5,4,2a sıralamaya göre yeniden (290 mantığı),3.57,20260612000318_soru_zorluk_yeniden_sirala
16d958c0-d420-4adc-a6cb-4d0b6e1900c6,questions.zorluk,3,2,2a sıralamaya göre yeniden (290 mantığı),2.12,20260612000318_soru_zorluk_yeniden_sirala
0beee80b-0ac6-4865-bedf-da89c38bf755,questions.zorluk,4,3,2a sıralamaya göre yeniden (290 mantığı),2.87,20260612000318_soru_zorluk_yeniden_sirala
1031c60c-fd57-4b7a-819d-9f7bb1b22a39,questions.zorluk,4,3,2a sıralamaya göre yeniden (290 mantığı),2.83,20260612000318_soru_zorluk_yeniden_sirala
226f284b-526e-47ea-a8fd-6ef0659f4b2d,questions.zorluk,5,4,2a sıralamaya göre yeniden (290 mantığı),3.6,20260612000318_soru_zorluk_yeniden_sirala
31ad235f-5ebc-4b33-9482-8b059e2352d9,questions.zorluk,5,4,2a sıralamaya göre yeniden (290 mantığı),3.64,20260612000318_soru_zorluk_yeniden_sirala
3439c334-bade-4c20-b6a7-ae6e332a605b,questions.zorluk,5,4,2a sıralamaya göre yeniden (290 mantığı),3.6,20260612000318_soru_zorluk_yeniden_sirala
454850fb-68a4-4f83-81d9-328c10d4198a,questions.zorluk,4,3,2a sıralamaya göre yeniden (290 mantığı),3,20260612000318_soru_zorluk_yeniden_sirala
3f814c14-091d-4695-a00f-06f9e1ed436c,questions.zorluk,5,4,2a sıralamaya göre yeniden (290 mantığı),3.58,20260612000318_soru_zorluk_yeniden_sirala
5ca1dcab-9230-4b5a-88ec-cb9d748d87c1,questions.zorluk,4,3,2a sıralamaya göre yeniden (290 mantığı),3.06,20260612000318_soru_zorluk_yeniden_sirala
6a7fc84d-16f7-4ac4-b681-f899a9c4588f,questions.zorluk,4,3,2a sıralamaya göre yeniden (290 mantığı),2.98,20260612000318_soru_zorluk_yeniden_sirala
71f818e7-f134-44f1-841c-fe78c7d50f34,questions.zorluk,4,3,2a sıralamaya göre yeniden (290 mantığı),3,20260612000318_soru_zorluk_yeniden_sirala
95a60b6c-65a0-4e79-a099-2e7531f1d4c6,questions.zorluk,4,3,2a sıralamaya göre yeniden (290 mantığı),3.06,20260612000318_soru_zorluk_yeniden_sirala
90a72f8b-c9d1-4ac9-a012-a285481e2a20,questions.zorluk,4,3,2a sıralamaya göre yeniden (290 mantığı),2.87,20260612000318_soru_zorluk_yeniden_sirala
840eda93-6c09-4ee7-9851-d66be8347ba3,questions.zorluk,5,4,2a sıralamaya göre yeniden (290 mantığı),3.58,20260612000318_soru_zorluk_yeniden_sirala
c71e42f4-10d8-4750-9eb0-504e5e8807b8,questions.zorluk,4,3,2a sıralamaya göre yeniden (290 mantığı),2.94,20260612000318_soru_zorluk_yeniden_sirala
fc9164cc-54c5-46f0-8156-d25aaa8bc4e8,questions.zorluk,4,3,2a sıralamaya göre yeniden (290 mantığı),2.92,20260612000318_soru_zorluk_yeniden_sirala
0bdaf2ab-ea3d-4599-bdef-4c80ff82f67c,questions.zorluk,5,4,2a sıralamaya göre yeniden (290 mantığı),3.54,20260612000318_soru_zorluk_yeniden_sirala
63805bc4-a5b2-46d5-93cd-63202f92e79c,questions.zorluk,4,3,2a sıralamaya göre yeniden (290 mantığı),3.01,20260612000318_soru_zorluk_yeniden_sirala
050f1200-f1d9-410c-af9d-ca33b5ece482,questions.zorluk,5,4,2a sıralamaya göre yeniden (290 mantığı),3.49,20260612000318_soru_zorluk_yeniden_sirala
2857774b-bd21-4a32-b982-46abba846a44,questions.zorluk,3,2,2a sıralamaya göre yeniden (290 mantığı),2.03,20260612000318_soru_zorluk_yeniden_sirala
5df227b4-c05c-4e65-a12d-532653a84b30,questions.zorluk,3,2,2a sıralamaya göre yeniden (290 mantığı),2.07,20260612000318_soru_zorluk_yeniden_sirala
75724a17-4309-4d9b-87bf-f72faaa60859,questions.zorluk,4,3,2a sıralamaya göre yeniden (290 mantığı),3.05,20260612000318_soru_zorluk_yeniden_sirala
d09320e8-c295-495c-a1f2-d4c06a0d18d2,questions.zorluk,4,3,2a sıralamaya göre yeniden (290 mantığı),2.85,20260612000318_soru_zorluk_yeniden_sirala
e355da44-8056-47a2-9b4a-42b13cfa3bd2,questions.zorluk,5,4,2a sıralamaya göre yeniden (290 mantığı),3.63,20260612000318_soru_zorluk_yeniden_sirala
c1ab2dbf-c41d-4276-9c85-a72f07623a38,questions.zorluk,4,3,2a sıralamaya göre yeniden (290 mantığı),2.99,20260612000318_soru_zorluk_yeniden_sirala
3779e9b6-4b19-434b-916b-42d0ffac8f29,questions.zorluk,5,4,2a sıralamaya göre yeniden (290 mantığı),3.63,20260612000318_soru_zorluk_yeniden_sirala
0a82d163-fcf7-4a30-911a-42f7e21767aa,questions.zorluk,4,3,2a sıralamaya göre yeniden (290 mantığı),2.88,20260612000318_soru_zorluk_yeniden_sirala
2278c8a5-0f30-4d9c-b180-1919e9f82f0d,questions.zorluk,4,3,2a sıralamaya göre yeniden (290 mantığı),2.98,20260612000318_soru_zorluk_yeniden_sirala
3b79e0ee-2638-4be7-a5af-3f6a2eded5f3,questions.zorluk,4,3,2a sıralamaya göre yeniden (290 mantığı),2.88,20260612000318_soru_zorluk_yeniden_sirala
9859861a-83e5-455d-8c21-b60e8cc070b1,questions.zorluk,4,3,2a sıralamaya göre yeniden (290 mantığı),2.9,20260612000318_soru_zorluk_yeniden_sirala
0c43f90e-3bf7-493a-88ed-cd5172692c94,questions.zorluk,4,3,2a sıralamaya göre yeniden (290 mantığı),3.03,20260612000318_soru_zorluk_yeniden_sirala
bab7066b-52aa-47f5-87a4-9abe466854b3,questions.zorluk,4,3,2a sıralamaya göre yeniden (290 mantığı),3.01,20260612000318_soru_zorluk_yeniden_sirala
4403a40a-ba75-4f29-a53f-e4a2b4af7033,questions.zorluk,4,3,2a sıralamaya göre yeniden (290 mantığı),2.9,20260612000318_soru_zorluk_yeniden_sirala
3edd6365-ad1b-48f0-9e01-f57987f26300,questions.zorluk,4,3,2a sıralamaya göre yeniden (290 mantığı),2.9,20260612000318_soru_zorluk_yeniden_sirala
e067fbf5-a3bb-46c6-ac0d-395459813ff3,questions.zorluk,5,4,2a sıralamaya göre yeniden (290 mantığı),3.53,20260612000318_soru_zorluk_yeniden_sirala
b3cce79a-8b88-464d-ad77-6ff5a2babacb,questions.zorluk,4,3,2a sıralamaya göre yeniden (290 mantığı),2.85,20260612000318_soru_zorluk_yeniden_sirala
17ab3a47-7988-410f-a1b9-f6e2eca78450,questions.zorluk,5,4,2a sıralamaya göre yeniden (290 mantığı),3.57,20260612000318_soru_zorluk_yeniden_sirala
73ff087e-a1d3-4186-921e-161f96079d9c,questions.zorluk,5,4,2a sıralamaya göre yeniden (290 mantığı),3.51,20260612000318_soru_zorluk_yeniden_sirala
0833d4b2-1ad1-460a-8489-87101f1f4091,questions.zorluk,5,4,2a sıralamaya göre yeniden (290 mantığı),3.59,20260612000318_soru_zorluk_yeniden_sirala
26cae067-350d-4cb4-81d6-47c61ec0bf36,questions.zorluk,5,4,2a sıralamaya göre yeniden (290 mantığı),3.49,20260612000318_soru_zorluk_yeniden_sirala
ff35c4c5-6a86-4180-a2c9-94e007e328d8,questions.zorluk,5,4,2a sıralamaya göre yeniden (290 mantığı),3.53,20260612000318_soru_zorluk_yeniden_sirala
92af9af5-ae70-41da-8d2f-3080b2edf58e,questions.zorluk,5,4,2a sıralamaya göre yeniden (290 mantığı),3.47,20260612000318_soru_zorluk_yeniden_sirala
425acaa7-e325-494c-813b-1d78c86a8e0d,questions.zorluk,3,2,2a sıralamaya göre yeniden (290 mantığı),2.07,20260612000318_soru_zorluk_yeniden_sirala
285a33f9-b51e-4ec1-8c37-4a357794bd4d,questions.zorluk,4,3,2a sıralamaya göre yeniden (290 mantığı),2.96,20260612000318_soru_zorluk_yeniden_sirala
4ddb2d6d-073f-44d8-96cc-6bced5e7d110,questions.zorluk,4,3,2a sıralamaya göre yeniden (290 mantığı),2.98,20260612000318_soru_zorluk_yeniden_sirala
1b83c8e3-1f22-481c-8403-27f074726ae0,questions.zorluk,4,3,2a sıralamaya göre yeniden (290 mantığı),3.01,20260612000318_soru_zorluk_yeniden_sirala
b4a0e1a5-5c8d-4487-ae8c-b7ce2c6a7304,questions.zorluk,4,3,2a sıralamaya göre yeniden (290 mantığı),2.9,20260612000318_soru_zorluk_yeniden_sirala
6d7407bf-3749-4b43-9cf2-e514b83e7ced,questions.zorluk,4,3,2a sıralamaya göre yeniden (290 mantığı),2.95,20260612000318_soru_zorluk_yeniden_sirala
c5c5d643-6bc0-4a6c-be98-474e5f01f14c,questions.zorluk,3,2,2a sıralamaya göre yeniden (290 mantığı),2.06,20260612000318_soru_zorluk_yeniden_sirala
80e14a2b-c711-4336-9426-a8f1bd3f693b,questions.zorluk,5,4,2a sıralamaya göre yeniden (290 mantığı),3.57,20260612000318_soru_zorluk_yeniden_sirala
2a143355-a65e-465e-9be6-0c4674236e2c,questions.zorluk,4,3,2a sıralamaya göre yeniden (290 mantığı),2.91,20260612000318_soru_zorluk_yeniden_sirala
96d9a788-663e-412d-9406-4b0849823362,questions.zorluk,3,2,2a sıralamaya göre yeniden (290 mantığı),2.08,20260612000318_soru_zorluk_yeniden_sirala
0fb95653-aff2-4cf5-b7f0-9e5999cb9a96,questions.zorluk,3,2,2a sıralamaya göre yeniden (290 mantığı),2.09,20260612000318_soru_zorluk_yeniden_sirala
0e129fdf-a99c-46e1-8f96-58e8c43775dd,questions.zorluk,4,3,2a sıralamaya göre yeniden (290 mantığı),2.93,20260612000318_soru_zorluk_yeniden_sirala
022dcfe1-b28f-44e8-879a-e3fdb56de5b1,questions.zorluk,4,3,2a sıralamaya göre yeniden (290 mantığı),3,20260612000318_soru_zorluk_yeniden_sirala
1d163eef-22c9-4568-8d7c-add797ceeebe,questions.zorluk,4,3,2a sıralamaya göre yeniden (290 mantığı),2.9,20260612000318_soru_zorluk_yeniden_sirala
44ac2d1e-60bf-4f28-8b27-8211614da15c,questions.zorluk,4,3,2a sıralamaya göre yeniden (290 mantığı),2.89,20260612000318_soru_zorluk_yeniden_sirala
49115b7f-b200-45d4-be82-94514cf970c6,questions.zorluk,4,3,2a sıralamaya göre yeniden (290 mantığı),2.87,20260612000318_soru_zorluk_yeniden_sirala
55e95316-da6d-4acd-ad73-dcbdf708ef53,questions.zorluk,5,4,2a sıralamaya göre yeniden (290 mantığı),3.47,20260612000318_soru_zorluk_yeniden_sirala
6b29afe3-53bf-4a65-a78e-dc2a915a7518,questions.zorluk,5,4,2a sıralamaya göre yeniden (290 mantığı),3.57,20260612000318_soru_zorluk_yeniden_sirala
29646e12-8db2-4cc2-a686-b28e59b07c3b,questions.zorluk,4,3,2a sıralamaya göre yeniden (290 mantığı),2.94,20260612000318_soru_zorluk_yeniden_sirala
0a81a795-a795-4f1d-932f-ac734372bd7c,questions.zorluk,5,4,2a sıralamaya göre yeniden (290 mantığı),3.47,20260612000318_soru_zorluk_yeniden_sirala
8feba6ed-d24e-43ad-9115-1680aaf5f248,questions.zorluk,4,3,2a sıralamaya göre yeniden (290 mantığı),3.02,20260612000318_soru_zorluk_yeniden_sirala
19876e52-8544-4d0c-b61e-8760ebb35ab6,questions.zorluk,5,4,2a sıralamaya göre yeniden (290 mantığı),3.51,20260612000318_soru_zorluk_yeniden_sirala
98f9ed5d-3255-4c4e-8366-395bf3c497fb,questions.zorluk,5,4,2a sıralamaya göre yeniden (290 mantığı),3.55,20260612000318_soru_zorluk_yeniden_sirala
640c270c-b59c-4a86-9d06-0bbd02c26aba,questions.zorluk,5,4,2a sıralamaya göre yeniden (290 mantığı),3.46,20260612000318_soru_zorluk_yeniden_sirala
238a5ea6-5803-44c2-9e6f-11a0b4feff90,questions.zorluk,5,4,2a sıralamaya göre yeniden (290 mantığı),3.48,20260612000318_soru_zorluk_yeniden_sirala
375e6efe-834d-4451-9bc8-f36c1632adbf,questions.zorluk,4,3,2a sıralamaya göre yeniden (290 mantığı),2.86,20260612000318_soru_zorluk_yeniden_sirala
f7d5c204-78e3-45dd-b082-d94789daa22a,questions.zorluk,5,4,2a sıralamaya göre yeniden (290 mantığı),3.64,20260612000318_soru_zorluk_yeniden_sirala
0a5c0991-1402-435f-824b-636214074f29,questions.zorluk,3,2,2a sıralamaya göre yeniden (290 mantığı),2.04,20260612000318_soru_zorluk_yeniden_sirala
e6f98d1d-da68-42e6-b367-964918f7e014,questions.zorluk,4,3,2a sıralamaya göre yeniden (290 mantığı),2.91,20260612000318_soru_zorluk_yeniden_sirala
3e8524a2-53c7-4a80-b955-7d5233540168,questions.zorluk,4,3,2a sıralamaya göre yeniden (290 mantığı),2.85,20260612000318_soru_zorluk_yeniden_sirala
0acb8edf-1cf8-44e6-96ca-cd3f6ed2f70f,questions.zorluk,3,2,2a sıralamaya göre yeniden (290 mantığı),2.08,20260612000318_soru_zorluk_yeniden_sirala
1abef979-e80f-4a3b-b4cf-ee00f29e44c5,questions.zorluk,3,2,2a sıralamaya göre yeniden (290 mantığı),2.06,20260612000318_soru_zorluk_yeniden_sirala
13900d7a-9c3b-480d-b01a-66443c761b37,questions.zorluk,3,2,2a sıralamaya göre yeniden (290 mantığı),2.1,20260612000318_soru_zorluk_yeniden_sirala
276388ca-2956-4316-83b7-586f41b97b96,questions.zorluk,3,2,2a sıralamaya göre yeniden (290 mantığı),2.1,20260612000318_soru_zorluk_yeniden_sirala
2201e700-4ae9-43d7-8eb7-432c84648fe5,questions.zorluk,4,3,2a sıralamaya göre yeniden (290 mantığı),2.92,20260612000318_soru_zorluk_yeniden_sirala
338edb87-a198-4f24-8a51-c6ffb789e38b,questions.zorluk,3,2,2a sıralamaya göre yeniden (290 mantığı),2.06,20260612000318_soru_zorluk_yeniden_sirala
30ce46b2-abed-405d-9445-524f95088eb2,questions.zorluk,4,3,2a sıralamaya göre yeniden (290 mantığı),2.87,20260612000318_soru_zorluk_yeniden_sirala
30e1c3b1-c2d4-489e-a274-ffdb2cb030e3,questions.zorluk,5,4,2a sıralamaya göre yeniden (290 mantığı),3.64,20260612000318_soru_zorluk_yeniden_sirala
3da5b27f-eb8e-4372-8975-394cc781d6b6,questions.zorluk,3,2,2a sıralamaya göre yeniden (290 mantığı),2.09,20260612000318_soru_zorluk_yeniden_sirala
3d04f5c6-88e4-4069-a6ea-83317f846436,questions.zorluk,5,4,2a sıralamaya göre yeniden (290 mantığı),3.48,20260612000318_soru_zorluk_yeniden_sirala
37e4373d-b0d2-4be7-bce1-538fb138c8dc,questions.zorluk,2,1,2a sıralamaya göre yeniden (290 mantığı),1.72,20260612000318_soru_zorluk_yeniden_sirala
38b8a5b5-2272-45ea-8e31-e848fadc18e7,questions.zorluk,4,3,2a sıralamaya göre yeniden (290 mantığı),2.99,20260612000318_soru_zorluk_yeniden_sirala
3b8c496b-b0a3-4628-8352-4977e245a207,questions.zorluk,4,3,2a sıralamaya göre yeniden (290 mantığı),2.94,20260612000318_soru_zorluk_yeniden_sirala
4448d329-5101-4f4c-96f2-900762b417b3,questions.zorluk,3,2,2a sıralamaya göre yeniden (290 mantığı),2.05,20260612000318_soru_zorluk_yeniden_sirala
5c7057a0-3902-49b3-9f9d-528c227e5f06,questions.zorluk,3,2,2a sıralamaya göre yeniden (290 mantığı),2.08,20260612000318_soru_zorluk_yeniden_sirala
59f9993d-a382-450e-b819-16c37f29e08a,questions.zorluk,4,3,2a sıralamaya göre yeniden (290 mantığı),3.02,20260612000318_soru_zorluk_yeniden_sirala
65beb3f4-a39a-4987-88f1-b1e213d2633c,questions.zorluk,3,2,2a sıralamaya göre yeniden (290 mantığı),2.03,20260612000318_soru_zorluk_yeniden_sirala
6c9f1ce3-4ff0-4846-9bb5-37a7c6668223,questions.zorluk,3,2,2a sıralamaya göre yeniden (290 mantığı),2.05,20260612000318_soru_zorluk_yeniden_sirala
775b6d1f-9591-4d85-b4cb-6e0cac4140af,questions.zorluk,4,3,2a sıralamaya göre yeniden (290 mantığı),2.91,20260612000318_soru_zorluk_yeniden_sirala
7c72e21e-df5a-4ef4-975b-62facbf04a83,questions.zorluk,2,1,2a sıralamaya göre yeniden (290 mantığı),1.73,20260612000318_soru_zorluk_yeniden_sirala
806a40bd-9828-40a0-bc91-8a641140c3b4,questions.zorluk,4,3,2a sıralamaya göre yeniden (290 mantığı),3.03,20260612000318_soru_zorluk_yeniden_sirala
793f96fc-3117-452d-9db6-f95f07cb27ce,questions.zorluk,3,2,2a sıralamaya göre yeniden (290 mantığı),2.06,20260612000318_soru_zorluk_yeniden_sirala
7ca81a4e-9f38-42dd-9732-55a8b5cb5a97,questions.zorluk,5,4,2a sıralamaya göre yeniden (290 mantığı),3.51,20260612000318_soru_zorluk_yeniden_sirala
8b0b536d-fbec-4d4e-b46e-1a27a4c32dcb,questions.zorluk,4,3,2a sıralamaya göre yeniden (290 mantığı),2.87,20260612000318_soru_zorluk_yeniden_sirala
8a186491-2e94-4bba-827a-05639eeb8c70,questions.zorluk,4,3,2a sıralamaya göre yeniden (290 mantığı),3.02,20260612000318_soru_zorluk_yeniden_sirala
8ef6ec8c-6f0b-4df6-aca5-5708884e5307,questions.zorluk,3,2,2a sıralamaya göre yeniden (290 mantığı),2.1,20260612000318_soru_zorluk_yeniden_sirala
9ae18926-ae4e-482d-b30a-c25e8a5b2ee3,questions.zorluk,4,3,2a sıralamaya göre yeniden (290 mantığı),2.97,20260612000318_soru_zorluk_yeniden_sirala
acc2a772-d754-43b2-9bcd-d902a7ea0b98,questions.zorluk,3,2,2a sıralamaya göre yeniden (290 mantığı),2.09,20260612000318_soru_zorluk_yeniden_sirala
aab37834-7dde-4faa-8b96-726a772c60c4,questions.zorluk,5,4,2a sıralamaya göre yeniden (290 mantığı),3.54,20260612000318_soru_zorluk_yeniden_sirala
aab60d36-f9e4-4dc2-9d24-5729ad3533e5,questions.zorluk,4,3,2a sıralamaya göre yeniden (290 mantığı),2.87,20260612000318_soru_zorluk_yeniden_sirala
ab986a74-ee92-4e53-8c30-5b13b750cd20,questions.zorluk,3,2,2a sıralamaya göre yeniden (290 mantığı),2.08,20260612000318_soru_zorluk_yeniden_sirala
9f899409-4390-4cd2-807c-3d8ac7a93fe9,questions.zorluk,2,1,2a sıralamaya göre yeniden (290 mantığı),1.73,20260612000318_soru_zorluk_yeniden_sirala
aaf64033-ba6a-4e9a-a2ef-f16f8666e26c,questions.zorluk,2,1,2a sıralamaya göre yeniden (290 mantığı),1.66,20260612000318_soru_zorluk_yeniden_sirala
ac4e412d-8386-4e5e-8c4b-0505dd42601e,questions.zorluk,4,3,2a sıralamaya göre yeniden (290 mantığı),2.9,20260612000318_soru_zorluk_yeniden_sirala
af84d9ad-11db-4af1-8447-c7fb15b76217,questions.zorluk,4,3,2a sıralamaya göre yeniden (290 mantığı),3,20260612000318_soru_zorluk_yeniden_sirala
b19ee259-5c04-4413-a3bd-7bc5393f5e58,questions.zorluk,4,3,2a sıralamaya göre yeniden (290 mantığı),2.89,20260612000318_soru_zorluk_yeniden_sirala
bf388dad-7b91-4688-9af4-6a2427b2c454,questions.zorluk,3,2,2a sıralamaya göre yeniden (290 mantığı),2.09,20260612000318_soru_zorluk_yeniden_sirala
bf045f96-bcd4-4487-b28e-f7808ae36c7c,questions.zorluk,3,2,2a sıralamaya göre yeniden (290 mantığı),2.04,20260612000318_soru_zorluk_yeniden_sirala
c3f9e158-c2f3-446e-a938-e4b6703d1258,questions.zorluk,2,1,2a sıralamaya göre yeniden (290 mantığı),1.73,20260612000318_soru_zorluk_yeniden_sirala
ca804124-bf1d-4e95-b98a-c0ed3c3ef871,questions.zorluk,4,3,2a sıralamaya göre yeniden (290 mantığı),2.91,20260612000318_soru_zorluk_yeniden_sirala
d25567ae-0809-4fef-a35a-9511f276ff40,questions.zorluk,3,2,2a sıralamaya göre yeniden (290 mantığı),2.05,20260612000318_soru_zorluk_yeniden_sirala
db8f1aa9-b754-4065-a9fb-12001a811c58,questions.zorluk,2,1,2a sıralamaya göre yeniden (290 mantığı),1.71,20260612000318_soru_zorluk_yeniden_sirala
e2349aa7-423f-4673-b459-a01cf0003542,questions.zorluk,2,1,2a sıralamaya göre yeniden (290 mantığı),1.68,20260612000318_soru_zorluk_yeniden_sirala
eb43a362-f77a-4b1b-b0ca-4035c8d0720e,questions.zorluk,3,2,2a sıralamaya göre yeniden (290 mantığı),2.03,20260612000318_soru_zorluk_yeniden_sirala
efebab78-4540-4b09-a599-3f25baaf16ff,questions.zorluk,4,3,2a sıralamaya göre yeniden (290 mantığı),2.83,20260612000318_soru_zorluk_yeniden_sirala
f1a53ab3-a3a3-4457-9722-f98c6990df48,questions.zorluk,5,4,2a sıralamaya göre yeniden (290 mantığı),3.65,20260612000318_soru_zorluk_yeniden_sirala
f939148a-2c92-4175-b886-5a55ffd1a17c,questions.zorluk,3,2,2a sıralamaya göre yeniden (290 mantığı),2.11,20260612000318_soru_zorluk_yeniden_sirala
fbcffc90-8664-497f-b36a-b2384bd72ded,questions.zorluk,4,3,2a sıralamaya göre yeniden (290 mantığı),2.99,20260612000318_soru_zorluk_yeniden_sirala
ff9b86fe-b04c-4aaf-961c-172d34f81442,questions.zorluk,5,4,2a sıralamaya göre yeniden (290 mantığı),3.61,20260612000318_soru_zorluk_yeniden_sirala
fc22e9e8-eac5-4b02-a303-014271cc008f,questions.zorluk,3,2,2a sıralamaya göre yeniden (290 mantığı),2.11,20260612000318_soru_zorluk_yeniden_sirala
91336e3b-056c-4048-8c56-2282f659b428,questions.zorluk,5,4,2a sıralamaya göre yeniden (290 mantığı),3.59,20260612000318_soru_zorluk_yeniden_sirala
8bb58202-1068-4cd3-8f89-8851a572dde3,questions.zorluk,5,4,2a sıralamaya göre yeniden (290 mantığı),3.64,20260612000318_soru_zorluk_yeniden_sirala
3e000ce8-635a-4f67-a544-ebe5524f21d5,questions.zorluk,5,4,2a sıralamaya göre yeniden (290 mantığı),3.59,20260612000318_soru_zorluk_yeniden_sirala
75635756-3cf0-4e55-8832-9916cf0046f2,questions.zorluk,5,4,2a sıralamaya göre yeniden (290 mantığı),3.48,20260612000318_soru_zorluk_yeniden_sirala
f9d72ff9-874f-4641-a3ac-50523d19acd4,questions.zorluk,3,2,2a sıralamaya göre yeniden (290 mantığı),2.09,20260612000318_soru_zorluk_yeniden_sirala
38fae39b-e900-4124-a7c2-1f8d54243ed1,questions.zorluk,5,4,2a sıralamaya göre yeniden (290 mantığı),3.5,20260612000318_soru_zorluk_yeniden_sirala
