id,kategori,zorluk,sinif,sonuc,jev_p_once,jev_p_sonra,neden,soru,dogru,eski_tr,yeni_tr
eed50884-15c4-40dd-8e43-aa3e5cf4b38b,spor,2,b,dokunulmadi_b,0.930,,"Usain Bolt'un 100 metre dünya rekoru çok bilinen tek bir gerçektir; şıklar sprinterlerden oluştuğundan çeldirici ne yazılırsa yazılsın en tanıdık isim Bolt kalır, şık düzeltmesi işe yaramaz.",100 metre dünya rekorunun sahibi (9.58) kimdir?,Usain Bolt,"[""Tyson Gay"",""Usain Bolt"",""Carl Lewis"",""Asafa Powell""]",
a5776577-c101-464d-83d5-6fbfd1d2f6de,teknoloji,4,a,gecti,0.880,0.650,,Eşzamanlılık (concurrency) neyi ifade eder?,Birden çok işin iç içe yürütülmesini,"[""Tek iş yapmayı"",""Sıralı bekleme"",""Birden çok işin iç içe yürütülmesini"",""Kod silme""]","[""İşlerin sırayla ve tek tek bitirilmesini"",""Tek bir işin birçok kopyasının saklanmasını"",""Birden çok işin iç içe yürütülmesini"",""Birden çok işin tek görevde birleştirilmesini""]"
24bc2683-223f-4c93-9c05-276e2c4ff7d9,edebiyat,3,b,dokunulmadi_b,0.750,,"Faust-Goethe ilişkisi çok bilinen kapalı bir eser-yazar eşleşmesi olduğundan, çeldirici ne yazılırsa yazılsın doğru şık en tanıdık kalır ve şık düzeltmesi işe yaramaz.",'Faust' eserini kim yazmıştır?,Goethe,"[""Schiller"",""Goethe"",""Heine"",""Lessing""]",
e3f747d5-d369-4a0c-82ff-77383767b386,teknoloji,5,a,gecti,0.950,0.650,,Karma (hash) fonksiyonunun özelliği nedir?,Tek yönlü ve sabit uzunlukta çıktı,"[""Tek yönlü ve sabit uzunlukta çıktı"",""Geri çevrilebilir olması"",""Değişken uzunlukta olması"",""Şifre çözmesi""]","[""Tek yönlü ve sabit uzunlukta çıktı"",""Çift yönlü ve sabit uzunlukta çıktı"",""Tek yönlü ve değişken uzunlukta çıktı"",""Rastgele ve sabit uzunlukta çıktı""]"
215a679c-9923-4f09-aefb-a7bbddcb5da6,muzik,1,a,sinirda,0.810,0.720,"Doğru şık en uzun ve tek çok kelimeli şık olduğu için biçimden ipucu veriyor; aynı uzunlukta ve inandırıcılıkta çeldiriciler yazılırsa düzelir, soru ve doğru cevap aynen kalır.",Bir şarkının nakarat bölümü neyi ifade eder?,Tekrarlanan ana bölümü,"[""Giriş çalgısını"",""Sonu"",""Tekrarlanan ana bölümü"",""Solo bölümü""]","[""Hikâye anlatan kıta bölümü"",""Geçiş sağlayan köprü bölümü"",""Tekrarlanan ana bölümü"",""Doğaçlama solo bölümü""]"
2b2d5c5c-80ed-41c5-9f51-cbbbb43a5472,bilim,2,a,gecti,0.800,0.630,,Tını (renk) neyi ifade eder?,Sesin kendine özgü niteliğini,"[""Sesin yüksekliğini"",""Sesin süresini"",""Sesin kendine özgü niteliğini"",""Sesin şiddetini""]","[""Sesin saniyedeki titreşim sayısını"",""Sesin ortamdaki yayılma hızını"",""Sesin kendine özgü niteliğini"",""Sesin dalgalarının genlik büyüklüğünü""]"
68f30e00-90ea-4ccc-bb66-a68300ec4319,sinema,4,a,gecti,0.970,0.160,,'Metod oyunculuk' neyi savunur?,Rolün duygusuyla özdeşleşmeyi,"[""Yalnız teknik taklidi"",""Yalnız ses eğitimini"",""Yalnız fiziksel hazırlığı"",""Rolün duygusuyla özdeşleşmeyi""]","[""Rolden bilinçli uzaklaşmayı"",""Kalıplaşmış jestlerle oynamayı"",""Seyirciye doğrudan seslenmeyi"",""Rolün duygusuyla özdeşleşmeyi""]"
421e4ae9-067b-45a2-a56c-05f6f8bb29b9,cografya,3,c,dokunulmadi_c,0.930,,"Doğru şık çok kelimeli ve en uzun olduğu için biçimsel ipucu var, ancak Sonnet'in üç denemesi de çeldirici yazarken bulutluluk gibi seçeneklerin dolaylı olarak doğru sayılabilmesi yüzünden takıldı; bu",Güneş santrallerinde panel eğiminin belirlenmesinde ölçüt nedir?,Enlem ve ışınım açısı,"[""Rüzgâr hızı"",""Nem"",""Enlem ve ışınım açısı"",""Toprak türü""]",
da9955ab-5317-4af9-8d8b-2c68a3dadd64,teknoloji,5,b,dokunulmadi_b,1.000,,"RSA'nın Rivest, Shamir, Adleman olduğu çok bilinen kapalı bir bilgidir; şıklardaki harfler (R, S, A) algoritma adıyla zaten örtüştüğü için soru gizliyken bile doğru şık belli olur ve çeldirici değişik",RSA şifreleme algoritmasının adındaki harfler kimlerin soyadlarından gelir?,"Rivest, Shamir, Adleman","[""Rivest, Shamir, Adleman"",""Rabin, Stroustrup, Adams"",""Ritchie, Shamir, Allen"",""Rivest, Shannon, Aiken""]",
7c72e21e-df5a-4ef4-975b-62facbf04a83,cografya,1,b,dokunulmadi_b,0.780,,"Dünyanın şeklinin geoid olduğu temel ve çok bilinen bir bilgidir; koni ve silindir gibi çeldiriciler yerine ne yazılırsa yazılsın en makul ve tanıdık şık doğru olarak kalır, şık düzeltmesi işe yaramaz",Dünyanın şekli nedir?,Geoid,"[""Geoid"",""Tam küre"",""Koni"",""Silindir""]",
57dc74ef-5105-4fae-be79-3f30862740d0,bilim,2,a,gecti,0.980,0.680,,Kara delik nedir?,Çekimi ışığı bile bırakmayan cisim,"[""Soğuk yıldız"",""Gaz bulutu"",""Boş uzay"",""Çekimi ışığı bile bırakmayan cisim""]","[""Işığı tamamen yansıtan parlak cisim"",""Kendi ışığını sürekli üreten cisim"",""Yoğunluğu neredeyse sıfır olan cisim"",""Çekimi ışığı bile bırakmayan cisim""]"
0684b1db-6738-496e-bd8f-59b4d116b37c,tarih,4,a,kaldi,0.910,,"Jev ipucu p=0.82 > 0.75 (seçim: ""Katmanların sırasını"")",'Stratigrafi' kazıda neyi çözümler?,Katmanların sırasını,"[""Buluntunun rengini"",""Buluntunun ağırlığını"",""Kullanılan malzemeyi"",""Katmanların sırasını""]",
a9db0385-7c11-46d2-89a2-e8b2af76e615,bilim,3,b,dokunulmadi_b,0.760,,Aspirinin etken maddesinin asetilsalisilik asit olması çok bilinen tek bir gerçektir ve 'aspirin' ile 'asetilsalisilik' arasındaki ad bağı şıklardan bile anlaşıldığı için çeldirici düzeltmesi işe yara,Aspirinin etken maddesi hangisidir?,Asetilsalisilik asit,"[""Metil salisilat"",""Asetilsalisilik asit"",""Askorbik asit"",""Asetik anhidrit""]",
a1d23fef-5b1d-4769-9118-544ccd2faabc,muzik,5,a,gecti,0.920,0.450,,'Sonat allegro' biçiminin üç bölümü nedir?,"Sergi, gelişme, yeniden sergi","[""Sergi, gelişme, yeniden sergi"",""Giriş, koda, final"",""Tema, varyasyon, son"",""Prelüd, füg, koda""]","[""Sergi, gelişme, yeniden sergi"",""Ritornello, epizot, yeniden ritornello"",""Nakarat, kuplet, yeniden nakarat"",""Menüet, trio, yeniden menüet""]"
29a80c29-ca0c-4869-924f-3a9e877d2fff,teknoloji,1,b,dokunulmadi_b,0.930,,"Klavye düzenleri küçük ve kapalı bir küme olduğundan, çeldirici ne yazılırsa yazılsın en tanıdık ve en yaygın olan QWERTY doğru şık olarak kalır, şık düzeltmesi sonuç vermez.",Klavyedeki tuş düzeninin en yaygın adı nedir?,QWERTY,"[""QWERTY"",""AZERTY"",""DVORAK"",""COLEMAK""]",
c913b456-fe9b-447b-a855-e68ce6121c17,bilim,2,b,dokunulmadi_b,0.810,,"Tekrarlanabilirliğin önemi güvenilirlikle ilişkilendirilen kavramsal ve çok bilinen bir gerçek olduğundan çeldirici ne yazılırsa yazılsın doğru şık en tanıdık kalır, üstelik önceki turda üç denemede d",Deneyin tekrarlanabilir olması neden önemlidir?,Sonucun güvenilirliğini göstermesi,"[""Sonucun güvenilirliğini göstermesi"",""Maliyeti düşürmesi"",""Süreyi kısaltması"",""Yayını kolaylaştırması""]",
e466aee1-9da4-4aaf-885a-d2b1c26ed6b7,cografya,4,a,kaldi,0.830,,"Jev ipucu p=0.87 > 0.75 (seçim: ""Yakın jeolojik dönemde hareket etmiş fay"")",Diri fay ne demektir?,Yakın jeolojik dönemde hareket etmiş fay,"[""Yakın jeolojik dönemde hareket etmiş fay"",""Hiç hareket etmemiş fay"",""Volkanik boru"",""Buzul çatlağı""]",
9e05f57a-e17a-4259-b988-717b0736aef5,teknoloji,3,b,dokunulmadi_b,0.900,,"HTML'nin web sayfası yapısını tanımladığı çok bilinen bir gerçek olduğundan soru gizliyken bile cevap belli; çeldirici ne yazılırsa yazılsın düzelmiyor, nitekim önceki turda 3 deneme de başarısız oldu",HTML ne işe yarar?,Web sayfasının yapısını tanımlar,"[""Ses üretir"",""Veri şifreler"",""Web sayfasının yapısını tanımlar"",""Sunucu yönetir""]",
36e8e3c1-d775-4dc6-9115-5421a2db55d5,sinema,5,a,gecti,0.840,0.290,,'Aynı anda gösterim' modeli nedir?,Salon ve platformda birlikte,"[""Yalnız salonda"",""Yalnız platformda"",""Festival öncesi"",""Salon ve platformda birlikte""]","[""Önce salonda, sonra platformda"",""Önce platformda, sonra salonda"",""Festival ve salonda sırayla"",""Salon ve platformda birlikte""]"
fa1d2f54-20a4-4887-aabf-7e2683bff61e,muzik,1,b,dokunulmadi_b,0.860,,"Moonwalk'un Michael Jackson ile özdeşleşmesi çok bilinen tek gerçek olduğundan, çeldiriciler nasıl değiştirilirse değiştirilsin doğru cevap şıklara bakılmadan da bellidir.",Geri geri kayarak yürünen 'moonwalk' dans figürünü dünyaca ünlü yapan sanatçı kimdir?,Michael Jackson,"[""James Brown"",""Michael Jackson"",""Prince"",""Justin Timberlake""]",
f13ae585-a08a-4500-933a-56ea70c5174b,cografya,2,b,dokunulmadi_b,0.830,,Kıtaların hareketini açıklayan kuramın levha tektoniği olduğu şıklara bakmadan da bilinen tek bilinen cevaptır ve çeldirici ne yazılırsa yazılsın en tanıdık şık olarak kalır; önceki turda 3 denemede d,Kıtaların hareketini açıklayan kurama ne denir?,Levha tektoniği,"[""Levha tektoniği"",""İklim kuramı"",""Deniz kuramı"",""Erozyon kuramı""]",
414f3bea-1283-46e8-b61c-c1c25a7fa2dc,cografya,4,a,gecti,0.990,0.410,,Biyocoğrafyada 'tür yayılışı' neye bağlıdır?,"İklim, toprak ve engellere","[""Yalnız nüfusa"",""Yalnız yükseltiye"",""Yalnız enleme"",""İklim, toprak ve engellere""]","[""Nüfus, sanayi ve ulaşıma"",""Boylam, saat ve takvime"",""Sınırlar, dil ve dine"",""İklim, toprak ve engellere""]"
b3df4a91-0155-4667-a3d0-83999771f0b9,cografya,3,b,dokunulmadi_b,0.920,,"Kuraklık geçici, çölleşme kalıcı bozulmadır; bu kavramsal ayrım şıklar çevrilse de belli olduğundan ve çeldirici yazımı üç denemede geçemediğinden şık düzeltmesi işe yaramaz.",Kuraklık ile çölleşme arasındaki fark nedir?,Çölleşmenin kalıcı bozulma olması,"[""Kuraklığın kalıcı olması"",""İkisinin aynı olması"",""Çölleşmenin geçici olması"",""Çölleşmenin kalıcı bozulma olması""]",
f72a79a5-9d2b-4554-8f62-8f4750cb238c,sanat,5,a,sinirda,0.820,0.740,"Doğru şık en uzun ve en ayrıntılı olanı, çeldiriciler ise Batı sanatı kalıbında kısa ve zayıf; aynı uzunlukta, eşit inandırıcı çeldiriciler yazılarak düzeltilebilir.",Bedri Rahmi Eyüboğlu hangi öğeden beslenir?,Anadolu halk motiflerinden,"[""Barok resimden"",""Rönesanstan"",""Antik heykelden"",""Anadolu halk motiflerinden""]","[""Japon gravür motiflerinden"",""İskandinav halk motiflerinden"",""Kelt süsleme motiflerinden"",""Anadolu halk motiflerinden""]"
5d599b0a-38ac-4590-85d0-c3dd7c03f3f0,bilim,1,b,dokunulmadi_b,0.850,,"Üreticilerin yeşil bitkiler olduğu temel, çok bilinen bir kavramdır; şıklara bakılmadan da belli olduğundan çeldirici değişikliği işe yaramaz.",Ekosistemde üreticiler hangi canlılardır?,Yeşil bitkiler,"[""Yeşil bitkiler"",""Mantarlar"",""Otçullar"",""Etçiller""]",
856faf98-9751-4a84-b11b-a8a1e42992e9,cografya,2,a,sinirda,0.900,0.750,"Doğru şık en uzun ve tek ayrıntılı ifade, çeldiriciler ise belirgin biçimde olumsuz ve zayıf (azalması/bitmesi) olduğundan aynı kalıpta, eşit uzunlukta ve inandırıcı yeni çeldiriciler yazılarak düzelt",Küreselleşmenin coğrafi sonucu nedir?,Mekânsal etkileşimin artması,"[""Ulaşımın azalması"",""Mekânsal etkileşimin artması"",""İletişimin azalması"",""Ticaretin bitmesi""]","[""Bölgesel yalıtılmışlığın artması"",""Mekânsal etkileşimin artması"",""Mesafe engelinin artması"",""Ulaşım maliyetlerinin artması""]"
8315edc0-0027-4a42-aa7c-02667891c738,teknoloji,4,a,gecti,0.880,0.570,,Açık anahtar altyapısı (PKI) neye dayanır?,Sertifika ve anahtar çiftlerine,"[""Tek parolaya"",""Fiziksel anahtara"",""Sertifika ve anahtar çiftlerine"",""Barkoda""]","[""Parola ve kullanıcı adlarına"",""Paylaşılan simetrik gizli anahtarlara"",""Sertifika ve anahtar çiftlerine"",""Oturum çerezi ve belirteçlerine""]"
5316a8a7-9979-4ee5-843f-f41cf53d61a3,teknoloji,3,a,gecti,0.880,0.420,,ROM belleğin özelliği nedir?,Kalıcı ve genelde salt okunur olması,"[""Sürekli silinmesi"",""Sonsuz kapasiteli olması"",""Kalıcı ve genelde salt okunur olması"",""Ağ üzerinden çalışması""]","[""Geçici ve genelde sık yazılabilir olması"",""Uçucu ve genelde elektriğe bağımlı olması"",""Kalıcı ve genelde salt okunur olması"",""Harici ve genelde manyetik diskli olması""]"
5b759bb7-d7cf-4b61-ab0f-19d8cb23e618,sinema,5,a,sinirda,0.770,0.720,"Doğru şık en uzun ve en genel ifade olduğundan ipucu biçimden geliyor; çeldiriciler (arkayı ayırır, gölgeyi yumuşatır) benzer uzunlukta ve eşit inandırıcı yazılırsa sorun düzelir.","""Ana ışık"" (key light) ne yapar?",Temel aydınlatmayı sağlar,"[""Temel aydınlatmayı sağlar"",""Arkayı ayırır"",""Renk verir"",""Gölgeyi yumuşatır""]","[""Temel aydınlatmayı sağlar"",""Dolgu aydınlatmasını sağlar"",""Kontur aydınlatmasını sağlar"",""Fon aydınlatmasını sağlar""]"
c864e6a9-59ed-4ffa-b4b1-a89069fccf50,cografya,1,a,kaldi,0.980,,"Jev ipucu p=0.92 > 0.75 (seçim: ""%29 kara, %71 deniz"")",Yeryüzünde kara ve deniz oranı yaklaşık nedir?,"%29 kara, %71 deniz","[""%50-50"",""%10 deniz"",""%71 kara"",""%29 kara, %71 deniz""]",
6f44a03f-bcf1-4d62-8649-50c1275a2bc9,teknoloji,3,c,dokunulmadi_c,0.950,,"ilk turda sınırda (p 0,70–0,75) diye bilerek işaretli bırakıldı",Duyarlı (responsive) tasarım neyi hedefler?,Farklı ekranlarda uyumlu görünüm,"[""Yalnız masaüstü uyum"",""Renk azaltma"",""Farklı ekranlarda uyumlu görünüm"",""Ses eklemek""]",
a9cf0d63-2bc4-4f40-abcc-65b7d64a7ae1,bilim,3,c,dokunulmadi_c,0.870,,"ilk turda sınırda (p 0,70–0,75) diye bilerek işaretli bırakıldı",'Dendrokronoloji' neye dayanır?,Ağaç halkalarına,"[""Ağaç halkalarına"",""Kemik yoğunluğuna"",""Toprak rengine"",""Sikke ağırlığına""]",
f3253ba7-7ce3-44ed-ba7c-30a1a781d62d,cografya,3,c,dokunulmadi_c,0.910,,"ilk turda sınırda (p 0,70–0,75) diye bilerek işaretli bırakıldı",Ürdün'ün başkenti hangisidir?,Amman,"[""Akabe"",""İrbid"",""Zerka"",""Amman""]",
46f38914-35f6-404e-ba7a-9114f4c113b1,cografya,2,c,dokunulmadi_c,0.910,,"ilk turda sınırda (p 0,70–0,75) diye bilerek işaretli bırakıldı",Bağıl nem nedir?,Havanın taşıyabileceği neme oranı,"[""Toplam su miktarı"",""Yağış miktarı"",""Havanın taşıyabileceği neme oranı"",""Basınç""]",
6081ebde-7da0-4179-98fd-cf16edb6cae6,bilim,2,b,dokunulmadi_b,0.930,,Virüslerin yalnızca canlı hücre içinde çoğaldığı çok bilinen kavramsal bir gerçek olduğundan şıklar değiştirilse de doğru şık belli kalır ve önceki turda 3 çeldirici denemesi geçemedi.,Virüsler hangi ortamda çoğalabilir?,Canlı hücre içinde,"[""Suda tek başına"",""Havada tek başına"",""Canlı hücre içinde"",""Toprakta""]",
b77c4fd6-5402-4df7-aecc-829a9a7e09e1,teknoloji,3,a,sinirda,0.850,0.710,"Doğru şık en uzun ve tek ayrıntılı ifade, çeldiriciler ise kısa ve alakasız iş fonksiyonları olduğundan ipucu biçimden geliyor; aynı kalıpta, eşit uzunlukta ve inandırıcı BT çeldiricileri yazılırsa dü",Felaket kurtarma planı neyi kapsar?,Büyük kesintide sistemi geri getirmeyi,"[""Yeni ürün geliştirmeyi"",""Büyük kesintide sistemi geri getirmeyi"",""Pazarlama planını"",""İşe alımı""]","[""Yeni sürümde yazılımı canlıya almayı"",""Büyük kesintide sistemi geri getirmeyi"",""Yoğun trafikte sunucu kapasitesini artırmayı"",""Yeni personele sistem hesabı açmayı""]"
2389706c-29f9-40a6-908d-616863a0c018,muzik,4,a,kaldi,0.910,,"Jev ipucu p=0.91 > 0.75 (seçim: ""Sahip olunan eser haklarının bütünü"")",Müzik yayıncılığında 'katalog' ne anlama gelir?,Sahip olunan eser haklarının bütünü,"[""Albüm kapağı"",""Sahip olunan eser haklarının bütünü"",""Konser takvimi"",""Bilet listesi""]",
9324d208-f86a-4098-b8c2-faa1b30479bd,tarih,3,c,dokunulmadi_c,0.730,,"ilk turda sınırda (p 0,70–0,75) diye bilerek işaretli bırakıldı",1892-1954 arasında milyonlarca göçmenin ABD'ye kabul işlemlerinin yapıldığı New York'taki ada hangisidir?,Ellis Adası,"[""Ellis Adası"",""Staten Adası"",""Roosevelt Adası"",""Governors Adası""]",
5b6f4a57-b77d-4442-88fe-c1c498c7f3cb,spor,4,b,dokunulmadi_b,0.890,,"Ippon, judoda en bilinen ve maçı tek başına bitiren puan olarak şıklara bakmadan da bilinir; judo terimleri küçük kapalı bir küme olduğundan çeldirici yazmak sonucu değiştirmez.",Judoda maçı tek başına kazandıran en yüksek puan hangisidir?,Ippon,"[""Waza-ari"",""Ippon"",""Shido"",""Yuko""]",
b246b77e-cb49-463e-8d56-4ff93c9a676a,muzik,4,a,gecti,0.840,0.450,,Konçertoda 'kadenza' bölümü nedir?,Solistin sergilediği virtüöz bölüm,"[""Orkestra girişi"",""Koro bölümü"",""Solistin sergilediği virtüöz bölüm"",""Final akoru""]","[""Orkestranın tekrarladığı ana tema"",""Solistle orkestranın paylaştığı diyalog"",""Solistin sergilediği virtüöz bölüm"",""Orkestranın çaldığı coşkulu kapanış""]"
1eb498df-c500-45fb-8181-4da35c5f9d49,cografya,3,a,gecti,0.830,0.540,,Yapay (geometrik) sınıra örnek nedir?,Enlem veya boylam boyunca çizilen sınır,"[""Nehir sınırı"",""Enlem veya boylam boyunca çizilen sınır"",""Dağ sınırı"",""Göl sınırı""]","[""Nehir yatağının ortası boyunca çizilen sınır"",""Enlem veya boylam boyunca çizilen sınır"",""Dağ sırtı veya zirveleri boyunca çizilen sınır"",""Göl veya deniz kıyısı boyunca çizilen sınır""]"
6bc281fe-aec2-458a-b2d8-a4f16ee370d0,sanat,3,b,dokunulmadi_b,0.900,,"Üç birlik kuralı (yer, zaman, olay) tiyatroda çok bilinen tek kavramsal cevaptır; şıklara bakmadan da bilinir, çeldirici ne yazılırsa yazılsın doğru şık tanıdık kalır ve Sonnet'in 3 denemesi de geçeme",Tiyatroda 'üç birlik kuralı' neyi kapsar?,"Yer, zaman ve olay birliği","[""Oyuncu, dekor, ışık"",""Ses, ışık, kostüm"",""Perde, sahne, koro"",""Yer, zaman ve olay birliği""]",
926a006d-6731-42fc-bf92-6d70da8009e2,cografya,2,a,gecti,0.950,0.530,,Sulama olanağının artması tarımda neyi sağlar?,Üretimin iklime bağımlılığını azaltır,"[""Üretimin iklime bağımlılığını azaltır"",""Ekili alanı küçültür"",""Verimi düşürür"",""Ürün çeşidini azaltır""]","[""Üretimin iklime bağımlılığını azaltır"",""Nadas uygulamasının payını artırır"",""Kırsaldan kente göçü hızlandırır"",""Tarımda makineleşmeyi belirgin biçimde geriletir""]"
57f9f779-9c14-4c97-93f0-5fdeed3fa77c,sanat,4,a,gecti,0.790,0.420,,İkonografi neyi inceler?,İmgelerin anlamını,"[""Tuval dokusunu"",""Boya kimyasını"",""İmgelerin anlamını"",""Fiyatları""]","[""Eserlerin kökenini"",""Biçimlerin düzenini"",""İmgelerin anlamını"",""Renklerin uyumunu""]"
20860c11-8b8b-40d9-b2d6-43e3d387a040,cografya,2,b,dokunulmadi_b,0.940,,"Pasifik Ateş Çemberi'nin deprem ve volkan kuşağı olduğu çok bilinen tek bir gerçektir, şıklara bakmadan bile bilinir ve 'ateş' sözcüğü cevabı kavramsal olarak belli kıldığı için çeldirici düzeltmesi i",Pasifik Ateş Çemberi neyi ifade eder?,Deprem ve volkan kuşağı,"[""Yağış kuşağı"",""Deprem ve volkan kuşağı"",""Sıcak akıntı"",""Rüzgâr kuşağı""]",
d9342cf8-2223-4c77-86fa-84545a4daef8,tarih,3,b,dokunulmadi_b,0.980,,"Soru gizliyken bile 0.98 olasılıkla bulunması, 'Promontory Summit' cevabının şıklardan bağımsız olarak bilinen tek gerçek olduğunu gösteriyor; üç denemede yazılan çeldiriciler de işe yaramadığından şı",ABD'de iki yakadan gelen demiryollarının 1869'da 'altın çivi' ile birleştirildiği yer hangisidir?,Promontory Summit,"[""Cheyenne Pass"",""Promontory Summit"",""Council Bluffs"",""Sacramento Junction""]",
581399d3-0328-4312-97fb-9cb80442986c,sanat,2,a,sinirda,0.970,0.700,"Jev ipucu p=0.86 > 0.75 (seçim: ""Eseri özgün hâline yaklaştırarak onarmak"")",Müzelerde 'restorasyon' ne demektir?,Eseri özgün hâline yaklaştırarak onarmak,"[""Eseri yeniden yapmak"",""Eseri özgün hâline yaklaştırarak onarmak"",""Eseri satmak"",""Eseri kopyalamak""]","[""Eseri modern üsluba uyarlayarak yenilemek"",""Eseri özgün hâline yaklaştırarak onarmak"",""Eseri birebir ölçülerde çoğaltarak kopyalamak"",""Eseri dijital ortamda tarayarak belgelemek""]"
66f0faec-30dd-4904-a8fe-f212127ece61,muzik,3,a,kaldi,1.000,,"Jev ipucu p=1.00 > 0.75 (seçim: ""Operette konuşmalı bölümler ve hafif konu"")",Operet ile opera farkı nedir?,Operette konuşmalı bölümler ve hafif konu,"[""Operet daha uzundur"",""Operette konuşmalı bölümler ve hafif konu"",""Opera dansızdır"",""Fark yoktur""]",
c14f7924-9790-44c6-9e78-0fbf2a446e1a,sanat,4,b,dokunulmadi_b,0.800,,"Moulin de la Galette'in Montmartre'da olması çok bilinen tek bir gerçek ve Paris semtleri arasında Montmartre en tanıdık şık olduğundan, çeldirici değişse de ipucu sürer; şık düzeltmesi işe yaramaz.",Renoir'ın 'Moulin de la Galette'te Dans' tablosundaki açık hava dans salonu Paris'in hangi semtindedir?,Montmartre,"[""Montparnasse"",""Belleville"",""Montmartre"",""Marais""]",
c48c831c-0420-49b3-9dc8-8039eca3ef82,genel_kultur,2,b,dokunulmadi_b,0.820,,"Brandenburg Kapısı'nın Berlin'de olduğu şıklara bakmadan bilinen çok yaygın bir bilgi; Berlin en tanıdık şık olarak kalır ve çeldirici değişimi işe yaramaz, ayrıca önceki üç deneme de başarısız oldu.",Brandenburg Kapısı hangi şehirdedir?,Berlin,"[""Köln"",""Münih"",""Hamburg"",""Berlin""]",
4fe974cd-f484-49c4-9c45-c9954fdd9396,bilim,2,a,gecti,0.940,0.630,,'Lazer ışığı' hangi özelliktedir?,Tek dalga boylu ve düzenli,"[""Tek dalga boylu ve düzenli"",""Dağınık"",""Renksiz"",""Zayıf""]","[""Tek dalga boylu ve düzenli"",""Çok dalga boylu ve düzenli"",""Tek dalga boylu ve düzensiz"",""Çok dalga boylu ve düzensiz""]"
c88c95d8-ff0f-4476-bbb0-6df8667f09d9,muzik,4,b,dokunulmadi_b,0.900,,"Şıklar Radiohead'in kendi albümleri olduğundan biçim ipucu yok; soru metni gizliyken bile 'OK Computer' en tanıdık ve en çok anılan albüm olarak öne çıkıyor, çeldirici değiştirmek bunu düzeltmez.",Radiohead'in 'Paranoid Android' ve 'Karma Police' şarkılarını içeren 1997 albümü hangisidir?,OK Computer,"[""Amnesiac"",""OK Computer"",""The Bends"",""Hail to the Thief""]",
98fa3907-d799-4924-8cd3-cf3af8b6679c,tarih,2,b,dokunulmadi_b,0.840,,"Sabiha Gökçen'in Atatürk'ün manevi kızı olduğu çok bilinen tek gerçektir; şıklar soru gizliyken bile en tanıdık isim Atatürk kalır, çeldirici değiştirmek işe yaramaz.",Sabiha Gökçen kimin manevi kızıdır?,Atatürk,"[""İnönü"",""Atatürk"",""Celal Bayar"",""Fevzi Çakmak""]",
c4876fa1-73e4-45e7-beb0-8e94a644b080,teknoloji,3,a,gecti,0.700,0.620,,İki faktörlü doğrulamada ikinci faktör genelde nedir?,Tek kullanımlık kod,"[""Kullanıcı adı"",""E-posta adresi"",""Doğum tarihi"",""Tek kullanımlık kod""]","[""Ana hesap parolası"",""Kayıtlı kullanıcı adı"",""Tarayıcı oturum çerezi"",""Tek kullanımlık kod""]"
6e6820c9-c7aa-48ad-85dc-00675284e730,cografya,3,a,gecti,0.950,0.660,,Çevresel etki değerlendirmesinin amacı nedir?,Projenin çevreye etkisini önceden ölçmek,"[""Maliyeti düşürmek"",""İnşaatı hızlandırmak"",""Projenin çevreye etkisini önceden ölçmek"",""Vergi almak""]","[""Projenin ekonomik getirisini önceden hesaplamak"",""Bölgenin nüfus artışını önceden tahmin etmek"",""Projenin çevreye etkisini önceden ölçmek"",""Arazinin imar durumunu sonradan belirlemek""]"
977861f6-a962-40fc-bc23-6c945ecf501f,sanat,3,b,dokunulmadi_b,0.930,,Casa Batlló denince akla gelen tek isim Gaudí olduğundan doğru cevap şıklara bakmadan da bilinir; Barselona mimarları kapalı küçük bir küme olduğu için çeldirici yenilemek işe yaramaz ve önceki üç den,Barselona'da ejderha sırtını andıran çatısıyla ünlü Casa Batlló'yu hangi mimar yeniden tasarlamıştır?,Antoni Gaudí,"[""Ricardo Bofill"",""Antoni Gaudí"",""Josep Puig i Cadafalch"",""Lluís Domènech i Montaner""]",
8b71eec4-5caf-4bf0-ab87-646e277c46f5,edebiyat,4,a,gecti,0.790,0.290,,Aruz ölçüsü neye dayanır?,Hecelerin uzunluk-kısalığına,"[""Hecelerin uzunluk-kısalığına"",""Hece sayısına"",""Dize sayısına"",""Kelime sayısına""]","[""Hecelerin uzunluk-kısalığına"",""Hecelerin vurgulu-vurgusuzluğuna"",""Hecelerin sayıca eşitliğine"",""Dizelerin kafiye-redifine""]"
2609c35c-1aa9-4c9f-a400-6bf1eb5b7ec2,cografya,2,c,dokunulmadi_c,0.790,,"ilk turda sınırda (p 0,70–0,75) diye bilerek işaretli bırakıldı",Bulgaristan'ın başkenti neresidir?,Sofya,"[""Burgaz"",""Varna"",""Filibe"",""Sofya""]",
a8969406-4718-4a4a-a271-7d2b85a7f4c1,cografya,4,c,dokunulmadi_c,0.860,,"Şıklar aynı türde (il adları) ve biçimce eşit olduğundan düzeltme zor, ancak Ankara başkent olarak en tanıdık şık olduğu için ipucu kısmen kavramsal; hem biçim hem bilinirlik yönünde savunulabilir.",Haymana Platosu hangi ilimizin çevresindedir?,Ankara,"[""Konya"",""Kayseri"",""Eskişehir"",""Ankara""]",
2721eb1b-0b29-4c4a-83f6-fdca5bd9adfd,tarih,3,b,dokunulmadi_b,0.920,,"Sabiha Gökçen, Türkiye'nin en tanınmış kadın pilotu olarak şıklara bakmadan bilinen tek gerçektir; çeldirici ne yazılırsa yazılsın en tanıdık şık olarak kalır ve önceki turda 3 denemede de düzelmemişt",Türkiye'nin ilk kadın pilotu kimdir?,Sabiha Gökçen,"[""Sabiha Gökçen"",""Edibe Subaşı"",""Leman Bozkurt"",""Bedriye Tahir""]",
acb40dc9-481c-4a85-bcb8-0cf5dc1f8d37,sanat,4,b,dokunulmadi_b,0.870,,San Vitale mozaiklerindeki Justinianus ve Theodora çok tanınan bir bilgidir ve şıklara bakmadan bilinir; çeldiriciler ne kadar iyi yazılırsa yazılsın doğru şık en tanıdık çift olarak kalır.,Ravenna'daki San Vitale Bazilikası mozaiklerinde hangi imparator çifti yer alır?,Justinianus ve Theodora,"[""Konstantin ve Fausta"",""Herakleios ve Martina"",""Justinianus ve Theodora"",""Arkadius ve Eudoksia""]",
67146ab1-6246-4891-98f8-95f26cb8b23f,sanat,4,a,gecti,0.860,0.380,,'Kentsel tasarım' hangi ölçekte çalışır?,Kamusal alan ve doku ölçeğinde,"[""Kamusal alan ve doku ölçeğinde"",""Tek oda"",""Tek mobilya"",""Tek nesne""]","[""Kamusal alan ve doku ölçeğinde"",""Tek yapı ve cephe ölçeğinde"",""İç mekân ve mobilya ölçeğinde"",""Ulusal ve bölgesel plan ölçeğinde""]"
97514cec-6084-463c-a960-46c685e0b0da,spor,3,b,dokunulmadi_b,0.880,,Mark Spitz'in 1972'deki yedi altın madalyası çok bilinen tek bir gerçektir; çeldiriciler tanınmış yüzücü olsa da doğru şık en tanıdık kalır ve Sonnet 3 denemede şık düzeltmesiyle geçemedi.,1972 Münih Olimpiyatları'nda yedi altın madalya kazanan yüzücü kimdir?,Mark Spitz,"[""John Naber"",""Matt Biondi"",""Don Schollander"",""Mark Spitz""]",
d9f803e6-52cc-4002-ab2a-047db82f011f,teknoloji,5,a,gecti,0.840,0.170,,Sürekli entegrasyon (CI) ne sağlar?,Değişikliklerin otomatik test edilmesi,"[""Tasarım yapmayı"",""Değişikliklerin otomatik test edilmesi"",""Sunucu satın almayı"",""Kullanıcı eğitimini""]","[""Sunucu kapasitesinin otomatik ölçeklendirilmesi"",""Değişikliklerin otomatik test edilmesi"",""Veritabanı kayıtlarının otomatik yedeklenmesi"",""Kullanıcı trafiğinin otomatik dengelenmesi""]"
65af8dd7-4c73-4f69-81b3-374e09d04941,bilim,2,a,sinirda,0.990,0.740,"Jev ipucu p=0.96 > 0.75 (seçim: ""Uyum sağlayanın daha çok üremesine"")",Doğal seçilim neye dayanır?,Uyum sağlayanın daha çok üremesine,"[""Rastgele üremeye"",""Boyut büyüklüğüne"",""Uyum sağlayanın daha çok üremesine"",""Yaşa""]","[""Kullanılan organın nesiller boyu gelişmesine"",""Bireyin ihtiyaca göre bilinçli değişmesine"",""Uyum sağlayanın daha çok üremesine"",""Küçük topluluklarda genlerin şansla sabitlenmesine""]"
fe7cff4e-d06e-447f-bf64-466aa123f398,cografya,3,b,dokunulmadi_b,0.950,,"Ülke-başkent eşleşmesi kapalı ve çok bilinen bir kümedir; Ulan Batur şıklara bakılmadan da bilinir, çeldirici ne yazılırsa yazılsın en tanıdık şık olarak kalır ve önceki üç deneme de başarısız oldu.",Moğolistan'ın başkenti hangisidir?,Ulan Batur,"[""Darhan"",""Ulan Batur"",""Erdenet"",""Hovd""]",
c9f5a556-3699-4471-b25a-59121debf8bd,edebiyat,4,a,gecti,0.930,0.440,,Postmodern edebiyatın özelliklerinden biri nedir?,Metinlerarasılık ve oyunsuluk,"[""Kesin gerçekçilik"",""Tek anlatıcı zorunluluğu"",""Kronolojik zorunluluk"",""Metinlerarasılık ve oyunsuluk""]","[""Akılcılık ve kuralcılık"",""Nesnellik ve belgecilik"",""Didaktiklik ve ahlakçılık"",""Metinlerarasılık ve oyunsuluk""]"
0f972905-6b4e-4d9f-b6e8-026c0ca9bb7e,bilim,3,b,dokunulmadi_b,0.820,,"Tuzun donma noktasını düşürmesi çok bilinen bir kavramsal gerçek olduğundan, soru gizliyken bile doğru şık seçiliyor ve Sonnet'in üç denemede çeldirici yazıp geçememesi şık düzeltmesinin işe yaramayac",Deniz suyunun tuzluluğu neye yol açar?,Donma noktasının düşmesine,"[""Renk değişimine"",""Yoğunluk azalmasına"",""Kaynama noktasının düşmesine"",""Donma noktasının düşmesine""]",
75ffbc64-eab3-4aeb-8747-2ace520a445d,sanat,5,b,dokunulmadi_b,0.850,,"Villa Rotonda'nın Palladio'ya ait olduğu çok bilinen tek gerçektir ve şıklar da Rönesans mimarlarından oluşan kapalı bir küme olduğundan, çeldirici değişse de en tanıdık isim olan Palladio öne çıkar.",Vicenza yakınındaki dört cepheli Villa Rotonda'nın mimarı kimdir?,Palladio,"[""Sanmicheli"",""Palladio"",""Vignola"",""Serlio""]",
39ac9b7e-5a4d-42e1-aa47-5080cf0671fb,teknoloji,3,a,gecti,0.710,0.080,,Koşul ifadesi ne yapar?,Duruma göre farklı kod çalıştırır,"[""Her zaman aynı işi yapar"",""Kodu derler"",""Duruma göre farklı kod çalıştırır"",""Kodu siler""]","[""Aynı kodu tekrar tekrar çalıştırır"",""Değerleri bir isim altında saklar"",""Duruma göre farklı kod çalıştırır"",""Kodu yeniden kullanılabilir bloklara ayırır""]"
b0ecdf77-af94-4508-9a08-1a5e1e7cf083,edebiyat,3,c,dokunulmadi_c,0.620,,"ilk turda sınırda (p 0,70–0,75) diye bilerek işaretli bırakıldı",Hercule Poirot karakterini yaratan yazar kimdir?,Agatha Christie,"[""Dan Brown"",""Conan Doyle"",""Simenon"",""Agatha Christie""]",
4cb66bd1-8147-4274-9407-6554a8a00e3f,muzik,4,a,kaldi,0.940,,"hakem: ""Motifin değiştirilmeden yinelenmesiyle"" tartışmalı — Motifin değiştirilmeden tekrarı (ostinato, düz tekrar) da bazı kaynaklarda motif işleme/gelişim tekniği sayıldığından oyuncu makul biçimde itiraz edebilir.",Müzikte 'motif gelişimi' nasıl yapılır?,Motifin değiştirilerek yinelenmesiyle,"[""Motifin silinmesiyle"",""Tempo sabitlemeyle"",""Nüans azaltmayla"",""Motifin değiştirilerek yinelenmesiyle""]",
c2e3fe82-d4d7-4e28-b776-44bf08bcd12a,sinema,5,a,gecti,0.500,0.040,,'Çekim oranı' (shooting ratio) neyi gösterir?,Çekilen ve kullanılan malzeme oranını,"[""Bütçeyi"",""Çekilen ve kullanılan malzeme oranını"",""Kadroyu"",""Süreyi""]","[""Harcanan ve planlanan bütçe oranını"",""Çekilen ve kullanılan malzeme oranını"",""Görüntü genişliği ve yüksekliği oranını"",""Tamamlanan ve planlanan sahne oranını""]"
216edb98-34f5-456f-b75e-8d6006aad510,muzik,4,a,gecti,0.930,0.170,,"""Kantat"" hangi türdendir?",Sesli ve çalgılı bölümlü eser,"[""Yalnız solo"",""Yalnız dans"",""Yalnız çalgısal"",""Sesli ve çalgılı bölümlü eser""]","[""Sahneli ve kostümlü perdeli eser"",""Çalgılı ve danslı bölümlü eser"",""Sözsüz ve tek çalgılı eser"",""Sesli ve çalgılı bölümlü eser""]"
68a20879-4b2b-4bca-91c7-83352dc32867,edebiyat,5,b,dokunulmadi_b,0.850,,"Vişne Bahçesi'ndeki karakterler kapalı ve küçük bir küme olduğundan, bahçeyi satın alan tüccar Lopahin'in en tanıdık isim olarak kalması beklenir ve çeldirici değişikliği bunu çözmez.","Vişne Bahçesi'nde bahçeyi satın alan, babası serf olan tüccar kimdir?",Lopahin,"[""Lopahin"",""Trofimov"",""Pişçik"",""Gayev""]",
27851994-04db-4ca5-9868-ea97c2ab7e8e,teknoloji,4,a,gecti,0.960,0.550,,Progresif web uygulaması (PWA) ne sunar?,Uygulama benzeri web deneyimi,"[""Uygulama benzeri web deneyimi"",""Yalnız masaüstü program"",""Yalnız mobil uygulama"",""Yalnız oyun""]","[""Uygulama benzeri web deneyimi"",""Mağazadan indirilen yerel uygulama"",""Sunucu tabanlı sanal masaüstü"",""Tarayıcı araç çubuğu eklentisi""]"
844d840e-be23-4428-a0e7-81ac87140a2a,bilim,3,b,dokunulmadi_b,0.810,,"Özel göreliliğin ışık hızını sabit kabul ettiği çok bilinen tek bir gerçektir ve doğru şık kavramsal olarak en belirgin olanıdır; ayrıca çeldirici yazma üç denemede başarısız oldu, bu yüzden şık düzel",'Özel görelilik' neyi sabit kabul eder?,Işık hızını,"[""Zamanı"",""Uzunluğu"",""Kütleyi"",""Işık hızını""]",
dddf2630-cfc3-47d9-b92b-a0f8fb9d7eed,teknoloji,4,a,gecti,0.870,0.520,,TCP protokolünün temel özelliği nedir?,Veriyi güvenilir ve sıralı iletmesi,"[""Veriyi kaybetmesi"",""Veriyi güvenilir ve sıralı iletmesi"",""Şifrelemesi"",""Sıkıştırması""]","[""Veriyi bağlantısız ve hızlı iletmesi"",""Veriyi güvenilir ve sıralı iletmesi"",""Veriyi şifreli ve imzalı iletmesi"",""Veriyi sıkıştırılmış ve önbellekli iletmesi""]"
a5887584-1278-4125-97a5-27ad2efba102,cografya,3,a,gecti,0.780,0.540,,Kıta sahanlığı ne demektir?,Kıtanın deniz altındaki sığ uzantısı,"[""Okyanus ortası sırt"",""Derin deniz çukuru"",""Volkanik ada"",""Kıtanın deniz altındaki sığ uzantısı""]","[""Okyanus ortasındaki sıradağ biçimli yükselti"",""Okyanus tabanındaki dar ve derin çukur"",""Kıta yamacının dibindeki tortu birikintisi"",""Kıtanın deniz altındaki sığ uzantısı""]"
b9b3d4c7-ece8-4bfc-9136-db15390e5fb3,spor,3,a,gecti,0.630,0.510,,'Dağcılık' sporunda 'kamp' neden kurulur?,Yükseklik uyumu ve dinlenme için,"[""Yarış için"",""Ölçüm için"",""Yükseklik uyumu ve dinlenme için"",""Eğitim için""]","[""Hakem denetimi ve puanlama için"",""Rakım ölçümü ve haritalama için"",""Yükseklik uyumu ve dinlenme için"",""Seyirci ağırlama ve tanıtım için""]"
4909c1b0-5d39-430b-ab00-430b47c0609c,teknoloji,5,a,gecti,0.910,0.450,,'Sanal özel bulut' ne sunar?,Bulutta yalıtılmış ağ alanı,"[""Bulutta yalıtılmış ağ alanı"",""Fiziksel sunucu"",""Yerel disk"",""Yazıcı paylaşımı""]","[""Bulutta yalıtılmış ağ alanı"",""Bulutta paylaşımlı depolama alanı"",""Bulutta sanal masaüstü ortamı"",""Bulutta şifreli yedekleme alanı""]"
b7b028e6-b829-46e7-b562-d57a4e1841b5,sinema,5,b,dokunulmadi_b,0.880,,"Tokyo Hikâyesi'nin Ozu'ya ait olduğu çok bilinen bir gerçek; çeldiriciler de aynı kalıpta ve eşit inandırıcı olduğu için ipucu biçimden değil, Ozu'nun bu filmle özdeşleşmesinden geliyor, dolayısıyla ş",Yaşlı bir çiftin çocuklarını ziyarete gittiği 'Tokyo Hikâyesi' (1953) filminin yönetmeni kimdir?,Yasujirō Ozu,"[""Yasujirō Ozu"",""Masaki Kobayashi"",""Kenji Mizoguchi"",""Mikio Naruse""]",
370c0262-6859-4ab2-8e27-234562a81cfc,teknoloji,3,c,dokunulmadi_c,0.860,,"ilk turda sınırda (p 0,70–0,75) diye bilerek işaretli bırakıldı",'Unicode' ne sağlar?,Dünya yazılarının ortak kodlanmasını,"[""Sıkıştırmayı"",""Şifrelemeyi"",""Hızı"",""Dünya yazılarının ortak kodlanmasını""]",
76b44477-0bfa-4c05-837b-051bd7b530e5,teknoloji,4,a,gecti,0.950,0.630,,Sözde kod (pseudocode) ne için kullanılır?,Algoritmayı dilden bağımsız anlatmak,"[""Programı çalıştırmak"",""Algoritmayı dilden bağımsız anlatmak"",""Veri saklamak"",""Ağ kurmak""]","[""Programı donanımdan bağımsız çalıştırmak"",""Algoritmayı dilden bağımsız anlatmak"",""Kaynak kodu makine diline çevirmek"",""Veritabanı şemasını görsel tasarlamak""]"
23da29c3-2838-4776-81f7-fd283c58457a,teknoloji,3,a,kaldi,0.900,,"Jev ipucu p=0.86 > 0.75 (seçim: ""Ayırt edilebilen en küçük ayrıntıyı"")",Uydu görüntülerinde 'çözünürlük' neyi belirler?,Ayırt edilebilen en küçük ayrıntıyı,"[""Renk sayısını"",""Görüntü boyutunu"",""Uydu hızını"",""Ayırt edilebilen en küçük ayrıntıyı""]",
e422ddd3-256e-4d20-897e-5fbc3b5a57ba,teknoloji,3,c,dokunulmadi_c,0.870,,"ilk turda sınırda (p 0,70–0,75) diye bilerek işaretli bırakıldı",Uçtan uca şifrelemede mesajı kim okuyabilir?,Yalnız gönderen ve alan,"[""Sunucu da"",""Herkes"",""Yalnız gönderen ve alan"",""Servis sağlayıcı""]",
4180e69e-6fd9-47c9-b6fa-f20287b9115e,cografya,2,b,dokunulmadi_b,0.890,,"Azerbaycan'ın başkenti Bakü çok bilinen, ülke-başkent türünde kapalı bir bilgidir; çeldirici ne yazılırsa yazılsın en tanıdık şık olarak kalır ve önceki üç denemenin başarısız olması da bunu destekliy",Azerbaycan'ın başkenti hangisidir?,Bakü,"[""Sumgayıt"",""Nahçıvan"",""Bakü"",""Gence""]",
d9e3af68-2bff-4cf8-8c38-f1879e697a45,bilim,3,b,dokunulmadi_b,0.790,,"Beşinci temel tat olarak umami çok bilinen tek gerçektir ve şıklara bakmadan da bilinir; çeldirici ne yazılırsa yazılsın en tanıdık şık olarak kalır, ayrıca önceki turda 3 denemede düzeltilememiştir.","Tatlı, tuzlu, ekşi ve acının yanında beşinci temel tat olarak kabul edilen tat hangisidir?",Umami,"[""Baharatlı"",""Kekremsi"",""Metalik"",""Umami""]",
0a0ab7b3-5e35-4438-8807-21e797210b83,sanat,4,b,dokunulmadi_b,0.690,,"'Göçmen Anne' fotoğrafı ile Dorothea Lange eşleşmesi çok bilinen tek gerçek olduğundan, çeldiriciler (Evans, Abbott, Lee) aynı türde ve inandırıcı olsa da doğru şık bilgiyle belli kalır ve şık düzeltm",Büyük Buhran'ın simgesi olan 'Göçmen Anne' (1936) fotoğrafı kime aittir?,Dorothea Lange,"[""Walker Evans"",""Berenice Abbott"",""Russell Lee"",""Dorothea Lange""]",
ceb720e3-82a7-40c7-a9cb-a83745ebcd1d,cografya,2,a,gecti,0.920,0.630,,Doğal denge kavramı neyi ifade eder?,Ekosistemdeki karşılıklı düzeni,"[""İklim ortalamasını"",""Nüfus sayısını"",""Ekosistemdeki karşılıklı düzeni"",""Ürün fiyatını""]","[""Ekosistemdeki tür sayısını"",""Toprağın doğal verimliliğini"",""Ekosistemdeki karşılıklı düzeni"",""Atmosferdeki gaz oranlarını""]"
b7f4fdd5-c250-420b-b8df-a3ddce255b0d,cografya,2,c,dokunulmadi_c,0.910,,"ilk turda sınırda (p 0,70–0,75) diye bilerek işaretli bırakıldı",Danimarka'nın başkenti neresidir?,Kopenhag,"[""Aarhus"",""Odense"",""Kopenhag"",""Aalborg""]",
6ab1516e-1e8b-413b-8338-c32072d6069c,teknoloji,3,c,dokunulmadi_c,0.890,,"Doğru şık en uzun ve çeldiriciler zayıf olduğundan (a) savunulabilir, ancak 'artırılmış gerçeklik' çok bilinen bir kavram olduğundan (b) de mümkün ve önceki turda Sonnet'in üç denemede doğru şıkkı değ",'Artırılmış gerçeklik' neyi yapar?,Gerçek görüntüye içerik ekler,"[""Tamamen sanal dünya kurar"",""Gerçeği gizler"",""Gerçek görüntüye içerik ekler"",""Ses üretir""]",
8a48a58d-10b4-4229-9a16-bf0b788174b9,sanat,3,b,dokunulmadi_b,0.840,,Büyük Dalga'nın Hokusai'ye ait olması çok bilinen tek bir gerçek ve şıklar da aynı türden ukiyo-e ustaları olduğundan çeldirici ne yazılırsa yazılsın en tanıdık şık Hokusai kalır; Sonnet'in üç denemed,'Kanagawa Açıklarında Büyük Dalga' baskısının sanatçısı kimdir?,Hokusai,"[""Sharaku"",""Hiroshige"",""Hokusai"",""Utamaro""]",
e54b9ec0-f58b-49e3-843b-9b092de4ab6c,teknoloji,5,a,gecti,0.860,0.290,,'RAID' teknolojisi neyi amaçlar?,Disk performansı ve yedekliliği,"[""Ekran çoğaltmayı"",""Ağ genişletmeyi"",""Disk performansı ve yedekliliği"",""Ses iyileştirmeyi""]","[""Bellek kapasitesi ve tutarlılığı"",""Ağ trafiği ve güvenliği"",""Disk performansı ve yedekliliği"",""İşlemci performansı ve soğutulması""]"
67b1877d-9f08-44eb-aa4e-3eb4e2dc7c39,teknoloji,4,a,kaldi,0.980,,"Jev ipucu p=0.89 > 0.75 (seçim: ""Modelin genelleme başarısını ölçmek"")",Eğitim ve test verisini ayırmanın amacı nedir?,Modelin genelleme başarısını ölçmek,"[""Diski boşaltmak"",""Hızı artırmak"",""Veriyi silmek"",""Modelin genelleme başarısını ölçmek""]",
0940b25f-70cc-4c5f-a8f9-fa9ca3eddd8a,spor,4,a,gecti,0.810,0.430,,Dayanıklılık sporlarında karbonhidrat yüklemesi neden yapılır?,Glikojen depolarını doldurmak,"[""Glikojen depolarını doldurmak"",""Hızlıca kilo almak için"",""Vücutta su tutmak için"",""Kas yıkımı sağlamak için""]","[""Glikojen depolarını doldurmak"",""Yağ yakımını hızlandırmak"",""Laktat eşiğini yükseltmek"",""Elektrolit dengesini korumak""]"
7627a617-c486-4db8-accd-02cacb32bbba,tarih,4,a,gecti,0.730,0.620,,'Tapu tahrir defteri' neyi kaydeder?,Toprak ve gelir bilgilerini,"[""Askerleri"",""Toprak ve gelir bilgilerini"",""Gemileri"",""Kitapları""]","[""Mahkeme ve dava bilgilerini"",""Toprak ve gelir bilgilerini"",""Donanma ve gemi bilgilerini"",""Elçilik ve antlaşma bilgilerini""]"
64984acc-1bba-4d18-bbbf-8dc4842e2799,muzik,5,a,gecti,0.800,0.590,,'Bateri davul akordu' neyi etkiler?,Deri gerginliği ile tınıyı,"[""Tempoyu"",""Deri gerginliği ile tınıyı"",""Süreyi"",""Nüansı""]","[""Baget kalınlığı ile tempoyu"",""Deri gerginliği ile tınıyı"",""Pedal yayı ile hızı"",""Sehpa açısı ile duruşu""]"
d6c41702-5f04-42f3-9908-929ab1e2d4ee,teknoloji,4,a,gecti,0.800,0.070,,Çöp toplayıcı (garbage collector) ne yapar?,Kullanılmayan belleği otomatik boşaltır,"[""Dosya siler"",""Kullanılmayan belleği otomatik boşaltır"",""Ağ temizler"",""Ekran kapatır""]","[""Bozuk disk sektörlerini otomatik onarır"",""Kullanılmayan belleği otomatik boşaltır"",""Geçici önbelleği periyodik olarak temizler"",""Bellek parçalanmasını derleme sırasında giderir""]"
7f69ea05-c86e-4822-b31c-93ac7100b6ea,bilim,4,c,dokunulmadi_c,0.840,,Şıklar aynı biçimde (iki soyadı) ve çeldiriciler inandırıcı gerçek bilim insanı ikilileri olduğundan biçim ipucu yok; ancak Penzias ve Wilson bu alanda tanınmış tek ikili olduğundan kavramsal ipucu ol,Kozmik mikrodalga arka plan ışımasını 1964'te bir radyo anteniyle tesadüfen keşfeden ikili kimlerdir?,Penzias ve Wilson,"[""Alpher ve Herman"",""Hulse ve Taylor"",""Hubble ve Humason"",""Penzias ve Wilson""]",
bb7da62a-f8a6-49d9-a32c-1a642aaa7682,edebiyat,3,c,dokunulmadi_c,0.920,,"ilk turda sınırda (p 0,70–0,75) diye bilerek işaretli bırakıldı",Dram türünün özelliği nedir?,Acıklı ve gülünç yanları birlikte vermesi,"[""Acıklı ve gülünç yanları birlikte vermesi"",""Yalnız acıklı"",""Ölçülü olması"",""Yalnız gülünç""]",
282c28d1-def0-48d0-8686-8c802b6008cf,spor,2,b,dokunulmadi_b,0.790,,Maraton mesafesinin 42 kilometre olması çok bilinen tek bir gerçek olduğundan şıklara bakmadan da bilinir ve çeldirici ne yazılırsa yazılsın doğru şık en tanıdık kalır.,Maratonun uzunluğu yaklaşık ne kadardır?,42 kilometre,"[""21 kilometre"",""42 kilometre"",""10 kilometre"",""50 kilometre""]",
b8883d17-fd94-4610-a10f-5bf037db3f73,sanat,4,a,kaldi,0.960,,"hakem: ""Üslup birliği ve bütünlüğüne sadakati"" tartışmalı — Restorasyon kuramında üslup birliği (Viollet-le-Duc'cü yaklaşım) ayrı bir ilkedir, ancak özgünlük bağlamında bütünlük ve üslup sadakati de kısmen savunulabildiğ",Restorasyonda 'özgünlük ilkesi' neyi savunur?,Özgün malzeme ve tekniğe sadakati,"[""Modern malzeme kullanımını"",""Özgün malzeme ve tekniğe sadakati"",""Tamamen yenilemeyi"",""Yıkıp yapmayı""]",
c7156bee-7eff-4467-8cb0-01f7c67a57ac,sinema,4,a,gecti,0.760,0.420,,'Ortak yapım anlaşması' neyi belirler?,Tarafların pay ve sorumluluklarını,"[""Kurgu sırasını"",""Ses miksini"",""Tarafların pay ve sorumluluklarını"",""Afişi""]","[""Salonların bilet fiyatı ve seanslarını"",""Filmin yaş sınırı ve derecelendirmesini"",""Tarafların pay ve sorumluluklarını"",""Eleştirmenlerin puan ve yorumlarını""]"
6c856d79-a592-4add-9eab-ee845dbf286a,bilim,3,b,dokunulmadi_b,0.860,,Laika uzaya çıkan ilk köpek olarak çok bilinen tek gerçek; şıklar aynı kalıpta (Sovyet uzay köpekleri) olsa da doğru cevap en tanıdık isim olarak kalıyor ve önceki 3 çeldirici denemesi de başarısız ol,1957'de Sputnik 2 ile Dünya yörüngesine çıkan ilk canlı olan köpeğin adı nedir?,Layka,"[""Zvezdochka"",""Belka"",""Strelka"",""Layka""]",
7deea844-46de-4fbe-9efb-ec7ea100ae14,bilim,2,b,dokunulmadi_b,0.990,,"Ağırlığın bir kuvvet olduğu temel fizik bilgisidir ve şıklara bakmadan bile bilinir; çeldiriciler yeniden yazılsa da ipucu çözülmez, nitekim önceki turda 3 denemede de geçilemedi.",'Ağırlık' ile 'kütle' farkı nedir?,Ağırlık bir kuvvettir,"[""İkisi aynıdır"",""Kütle kuvvettir"",""Ağırlık bir kuvvettir"",""Ağırlık değişmez""]",
cfce80b2-68b5-47e9-ac0b-6c83efb6b482,bilim,2,b,dokunulmadi_b,0.970,,"Suyun yüksek öz ısısının geç ısınıp geç soğumaya yol açtığı çok bilinen kavramsal bir gerçek olduğundan, çeldirici ne yazılırsa yazılsın doğru şık belli kalır ve önceki turda 3 denemede çeldirici düze",Suyun öz ısısının yüksek olması neye yol açar?,Geç ısınıp geç soğumasına,"[""Renk değişimine"",""Hızlı kaynamasına"",""Hızlı donmasına"",""Geç ısınıp geç soğumasına""]",
7e66691f-5bbc-47f5-b4f2-b4892ef360fa,cografya,3,b,dokunulmadi_b,0.830,,"Radar uydularının bulutlu havada da görüntü alabilmesi bilinen tek belirgin avantajdır ve şıklara bakmadan da kavramsal olarak belli olduğundan, Sonnet'in 3 denemede çeldirici yazarak düzeltememesi de",Radar uydularının avantajı nedir?,Bulutlu havada da görüntü alması,"[""Renkli görüntü vermesi"",""Ucuz olması"",""Bulutlu havada da görüntü alması"",""Küçük olması""]",
c0f063c4-56cf-450f-bacb-95e1ec9c33a8,teknoloji,5,a,kaldi,0.740,,"Jev ipucu p=0.95 > 0.75 (seçim: ""Bağımsız küçük servislere bölünme"")",Mikroservis mimarisinin özelliği nedir?,Bağımsız küçük servislere bölünme,"[""Bağımsız küçük servislere bölünme"",""Tek büyük yapı"",""Veritabanı olmaması"",""Arayüz olmaması""]",
d6fed4ce-9b80-493a-8b59-b10727ee7544,spor,3,b,dokunulmadi_b,0.910,,"Judo puanlama terimleri küçük, kapalı bir küme; İppon en tanıdık terim olduğundan çeldirici ne yazılırsa yazılsın doğru şık öne çıkıyor ve Sonnet'in 3 denemesi de geçemedi.",Judoda tam puanlı teknik hangisidir?,İppon,"[""İppon"",""Waza-ari"",""Yuko"",""Koka""]",
c5445672-537b-45a2-9613-31edbbe9a2eb,teknoloji,4,a,kaldi,0.970,,"Jev ipucu p=0.92 > 0.75 (seçim: ""Kısa döngülerle sürekli teslim"")",Çevik (agile) yaklaşımın temel ilkesi nedir?,Kısa döngülerle sürekli teslim,"[""Uzun tek teslim"",""Belge önceliği"",""Değişime kapalılık"",""Kısa döngülerle sürekli teslim""]",
6e59e664-2ac2-499f-af4c-c15b87aac977,spor,3,b,dokunulmadi_b,0.850,,Fosbury Flop yüksek atlamanın tek ve çok bilinen modern tekniğidir; şıklar değiştirilse de doğru şık en tanıdık kalır ve Sonnet'in üç denemesi de başarısız oldu.,Yüksek atlamada hangi teknik yaygın kullanılır?,Fosbury Flop,"[""Makas"",""Fosbury Flop"",""Dalış"",""Burgu""]",
92d3d014-4500-44dc-b8bb-cdf92a672378,muzik,4,b,dokunulmadi_b,0.970,,"Ringo Starr'ın doğum adının Richard Starkey olması çok bilinen tek bir gerçektir; şıklar aynı kalıpta ve eşit uzunlukta olduğundan ipucu biçimden değil, 'Starr'a en yakın gerçek soyadı' bilgisinden ge",Ringo Starr'ın doğum adı nedir?,Richard Starkey,"[""Ronald Stark"",""Robert Starkey"",""Richard Starkey"",""Richard Starr""]",
f07d887f-eb8e-4893-a2c3-a5e5947a3c6a,sinema,3,c,dokunulmadi_c,0.800,,"ilk turda sınırda (p 0,70–0,75) diye bilerek işaretli bırakıldı",'Jaws' (1975) filminin ünlü iki notalı tema müziğini kim bestelemiştir?,John Williams,"[""Hans Zimmer"",""Jerry Goldsmith"",""John Williams"",""Danny Elfman""]",
f96555cd-8d62-4063-ab45-738c2a6ed7b7,cografya,3,a,kaldi,0.830,,"Jev ipucu p=0.91 > 0.75 (seçim: ""Halka biçiminde mercan adası"")",Atol nedir?,Halka biçiminde mercan adası,"[""Volkanik yarımada"",""Buzul gölü"",""Kum çölü"",""Halka biçiminde mercan adası""]",
625f05c0-c0f7-4701-baaa-c5fa570c9853,teknoloji,3,b,dokunulmadi_b,0.890,,Çöp toplayıcının belleği geri alması bilinen tek kavramsal tanımdır; doğru şık uzun olmasa da en tanıdık olandır ve Sonnet'in üç denemede çeldirici yazıp geçememesi şık düzeltmesinin işe yaramadığını ,'Çöp toplayıcı' ne yapar?,Kullanılmayan belleği geri alır,"[""Dosya siler"",""Kullanılmayan belleği geri alır"",""Ağ temizler"",""Kod siler""]",
a66f0382-43a8-4b76-b68c-ca2e262739c1,bilim,2,b,dokunulmadi_b,0.860,,DNA'nın çift sarmal yapısı çok bilinen tek gerçektir; soru gizli olsa bile doğru cevap kavramsal olarak belli olduğundan ve önceki turda üç denemede çeldirici düzeltmesi işe yaramadığından şık düzeltm,DNA'nın yapısı nasıl tanımlanır?,Çift sarmal,"[""Tek zincir"",""Üçgen"",""Çift sarmal"",""Halka""]",
4290fb07-e006-478b-b632-3fc66e86222a,teknoloji,4,a,gecti,0.880,0.590,,API ne işe yarar?,Yazılımların birbiriyle konuşmasını sağlar,"[""Ekran boyutunu ayarlar"",""Yazılımların birbiriyle konuşmasını sağlar"",""Ses üretir"",""Dosya siler""]","[""Kaynak kodun derlenmesini sağlar"",""Yazılımların birbiriyle konuşmasını sağlar"",""Verilerin şifrelenerek saklanmasını sağlar"",""Programların bellekte çalışmasını sağlar""]"
39ee291f-b0f5-42b3-803e-c7b5503c118e,teknoloji,4,a,gecti,0.890,0.690,,Sanal bellek ne işe yarar?,Disk alanını bellek gibi kullanmak,"[""Disk alanını bellek gibi kullanmak"",""Ekran büyütmek"",""Ağ kurmak"",""Ses artırmak""]","[""Disk alanını bellek gibi kullanmak"",""Bellek alanını disk gibi kullanmak"",""Ekran kartını işlemci gibi kullanmak"",""Bulut alanını disk gibi kullanmak""]"
0eec5397-1007-4650-b0c3-015ee18faee4,sanat,3,a,gecti,0.640,0.490,,Sanat tarihinde 'üslup' kavramı neyi anlatır?,Ortak biçim dilini,"[""Eserin fiyatını"",""Ortak biçim dilini"",""Sanatçının yaşını"",""Müze adını""]","[""Eserin sahiplik geçmişini"",""Ortak biçim dilini"",""Ortak koruma yöntemini"",""Eserin piyasa değerini""]"
4378c1bc-a3ee-44f6-ac48-f41926604aa1,cografya,3,b,dokunulmadi_b,0.870,,Aşırı sulamanın toprakta tuzlanma ve çoraklaşmaya yol açması çok bilinen kavramsal bir bilgidir ve çeldiriciler ne yazılırsa yazılsın doğru şık belli kalır; ayrıca önceki turda üç denemede çeldirici y,Aşırı ve bilinçsiz sulamanın toprağa etkisi nedir?,Tuzlanma ve çoraklaşma,"[""Humus artışı"",""Verim artışı"",""Erozyonun bitmesi"",""Tuzlanma ve çoraklaşma""]",
7e971ae9-98db-4cff-a51d-fec4352e088a,bilim,2,c,dokunulmadi_c,1.000,,"ilk turda sınırda (p 0,70–0,75) diye bilerek işaretli bırakıldı",Bir maddenin yoğunluğu neyle hesaplanır?,Kütle bölü hacim,"[""Hacim bölü kütle"",""Kütle bölü hacim"",""Kütle çarpı hacim"",""Kütle artı hacim""]",
eff47ff7-eeac-4d55-bb44-71f88dbfc3b5,teknoloji,4,a,kaldi,0.900,,"EN: sayı uyuşmuyor {""eksik"":[18],""fazla"":[]}",'Uluslararasılaştırma' (i18n) ne sağlar?,Çok dile hazır yapı,"[""Tek dil desteği"",""Renk seçimi"",""Hız artışı"",""Çok dile hazır yapı""]",
265c8c70-70cc-42fa-a3ec-2f6872b6f3f1,cografya,4,a,gecti,0.680,0.380,,Alüvyal zeminin yapı açısından riski nedir?,Deprem dalgasını büyütmesi,"[""Çok sert olması"",""Su geçirmemesi"",""Deprem dalgasını büyütmesi"",""Kayalık olması""]","[""Kaya düşmesini kolaylaştırması"",""Manyetik alanı bozması"",""Deprem dalgasını büyütmesi"",""Toprak ısısını yükseltmesi""]"
3b918058-07d5-410b-b15c-c9276bc1f08a,teknoloji,5,a,kaldi,0.790,,"Jev ipucu p=0.79 > 0.75 (seçim: ""Karşılıklı sonsuz bekleme"")",'Ölümcül kilitlenme' (deadlock) nedir?,Karşılıklı sonsuz bekleme,"[""Hızlı çalışma"",""Bellek taşması"",""Ağ kopması"",""Karşılıklı sonsuz bekleme""]",
046232e7-0010-43a5-ab0a-5848b7db8cd6,bilim,3,b,dokunulmadi_b,0.860,,"Gen havuzu bir popülasyondaki tüm genlerin toplamı olarak çok bilinen bir kavramdır; çeldiriciler (tek birey, tek hücre, tek kromozom kolu) ne yazılırsa yazılsın 'popülasyon' ifadesi doğru şık olarak ",Gen havuzu kavramı neyi ifade eder?,Bir popülasyondaki tüm genleri,"[""Tek bir bireyin genlerini"",""Bir popülasyondaki tüm genleri"",""Tek bir hücrenin çekirdeğini"",""Tek bir kromozom kolunu""]",
33527893-0e03-4ec4-bf91-d927eece1295,edebiyat,3,a,gecti,0.820,0.340,,'Tam uyak' hangi ses benzerliğine dayanır?,İki veya daha çok sesin benzerliğine,"[""İki veya daha çok sesin benzerliğine"",""Tek sese"",""Anlama"",""Vurguya""]","[""İki veya daha çok sesin benzerliğine"",""Dize sonundaki yalnız tek sesin benzerliğine"",""Dizelerin hece sayısı ve vurgusunun benzerliğine"",""Sesteş sözcüklerin farklı anlamlarının benzerliğine""]"
0b2160a3-60cc-44e5-84cc-6ef4f7bc5767,spor,3,c,dokunulmadi_c,0.630,,"ilk turda sınırda (p 0,70–0,75) diye bilerek işaretli bırakıldı",'Yükseklik kampı' neyi hedefler?,Oksijen taşıma kapasitesini,"[""Hızlıca kilo vermeyi"",""Eklem esnekliğini artırmayı"",""Teknik beceri gelişimini"",""Oksijen taşıma kapasitesini""]",
b9a13847-dfff-4b39-a5d8-27241cb5c996,spor,2,b,dokunulmadi_b,0.850,,Şampiyonlar Ligi'ni en çok kazanan kulübün Real Madrid olduğu çok bilinen tek gerçektir ve şıklar ne kadar değiştirilirse değiştirilsin model soruyu şıklara bakmadan da doğru cevaplar.,UEFA Şampiyonlar Ligi'ni en çok kazanan kulüp hangisidir?,Real Madrid,"[""Barcelona"",""Milan"",""Real Madrid"",""Bayern Münih""]",
4e8b6f26-4af7-48cc-aeb5-0553d8719350,teknoloji,4,a,sinirda,0.970,0.750,"Doğru şık tek çok kelimeli ve en uzun şık, çeldiriciler ise kısa ve alakasız olduğundan, aynı biçimde ve eşit inandırıcılıkta yeni çeldiriciler yazılarak sorun giderilebilir.",Sızma testi (pentest) ne amaçlar?,Güvenlik açıklarını izinli olarak bulmak,"[""Güvenlik açıklarını izinli olarak bulmak"",""Veri silmek"",""Sunucu satmak"",""Kod yazmak""]","[""Güvenlik açıklarını izinli olarak bulmak"",""Ağ trafiğini sürekli olarak izlemek"",""Sistem performansını yük altında ölçmek"",""Kullanıcı yetkilerini düzenli olarak denetlemek""]"
a76f57b4-fd2f-4500-9da4-7245506b2e8c,bilim,2,b,dokunulmadi_b,0.990,,Kara deliğin ışığın bile kaçamadığı çekim alanı olduğu çok bilinen kavramsal bir gerçektir; çeldiriciler zayıf yazılmasa da doğru şık belli kalır ve önceki turda 3 denemede de çeldirici düzeltmesi baş,Kara deliğin en belirgin özelliği nedir?,Işığın bile kaçamayacağı çekim,"[""Işık yayması"",""Soğuk olması"",""Küçük kütleli olması"",""Işığın bile kaçamayacağı çekim""]",
cc6bf49d-0320-44c3-893e-8393bd6bc8f6,bilim,3,a,sinirda,0.950,0.730,"Jev ipucu p=0.87 > 0.75 (seçim: ""Bir genin farklı biçimi"")",'Alel' ne demektir?,Bir genin farklı biçimi,"[""Kromozom kolu"",""Bir genin farklı biçimi"",""Hücre türü"",""Enzim""]","[""Bir kromozomun eş kopyası"",""Bir genin farklı biçimi"",""Bir proteinin farklı biçimi"",""Bir genin bulunduğu yer""]"
7e7a3d5f-38d9-4243-8e00-3b2441b118ea,cografya,5,a,gecti,0.770,0.420,,Türkiye'de doğal gaz depolama tesisi bulunan Tuz Gölü hangi yöntemi kullanır?,Yer altı tuz kubbesi,"[""Yüzey tankı"",""Deniz altı boru"",""Yer altı tuz kubbesi"",""Buz depolama""]","[""Tükenmiş gaz rezervuarı"",""Yer altı akifer katmanı"",""Yer altı tuz kubbesi"",""Terk edilmiş kömür madeni""]"
3aec3d2f-347c-4ab3-8271-a24ed63003b8,genel_kultur,3,b,dokunulmadi_b,0.890,,Chanel No. 5 bu markanın en ünlü parfümü olduğu için soru gizliyken bile en tanıdık şık olarak seçiliyor; Sonnet'in 3 denemede çeldirici yazıp geçememesi de şık düzeltmesinin işe yaramadığını gösteriy,Coco Chanel'in 1921'de piyasaya sürdüğü efsanevi parfümün adı nedir?,Chanel No. 5,"[""Chanel No. 5"",""Coco Mademoiselle"",""Arpège"",""Chanel No. 19""]",
83436f92-7dda-499d-a57c-645404bff5b8,teknoloji,3,b,dokunulmadi_b,0.920,,"GPS'in uydu sinyalleriyle çalıştığı çok bilinen bir gerçek olduğundan soru metni olmadan da doğru cevap belli ve Claude'un üç denemesi de başarısız oldu, yani şık düzeltmesi işe yaramaz.",GPS konumu nasıl hesaplanır?,Uydulardan gelen sinyallerin zamanıyla,"[""Uydulardan gelen sinyallerin zamanıyla"",""Kamerayla"",""Mikrofonla"",""Isı sensörüyle""]",
ea8e9ae9-b4c9-40c9-8865-dad35597a275,bilim,3,b,dokunulmadi_b,0.870,,Doğru cevap (serbest düşüş) şıklar olmadan da kavramsal olarak bilinen tek açıklama ve çeldirici yazma 3 denemede başarısız oldu; şık düzeltmesi işe yaramaz.,Uzayda ağırlıksızlık hissinin nedeni nedir?,Sürekli serbest düşüş hâli,"[""Yerçekiminin olmaması"",""Sürekli serbest düşüş hâli"",""Havanın olmaması"",""Sıcaklığın düşüklüğü""]",
fceaa176-ce97-4a6a-83ba-0e78deb8f69a,spor,3,b,dokunulmadi_b,0.950,,"Strateji uzun vadeli, taktik kısa vadeli ayrımı çok bilinen kavramsal bir bilgidir; şıklar gizliyken bile doğru cevap belli olduğundan ve Sonnet'in 3 denemede çeldirici düzeltmesi başarısız kaldığında",Sporda 'strateji' ile 'taktik' farkı nedir?,Stratejinin uzun vadeli olması,"[""Taktiğin uzun vadeli olması"",""İkisinin aynı olması"",""Stratejinin maç içi olması"",""Stratejinin uzun vadeli olması""]",
10d0b8a6-d1ce-4100-aee8-cf2255b9b364,teknoloji,4,a,gecti,0.800,0.670,,'Yedeklilik' (redundancy) neyi hedefler?,Tek nokta arızasını önlemeyi,"[""Tek nokta arızasını önlemeyi"",""Toplam maliyeti düşürmeyi"",""Kod satırını kısaltmayı"",""Ekran alanını büyütmeyi""]","[""Tek nokta arızasını önlemeyi"",""Gereksiz veri tekrarını önlemeyi"",""Bellek sızıntısı oluşumunu önlemeyi"",""Ağ gecikme süresini kısaltmayı""]"
30c284e7-456d-49ee-bd52-867b011939c2,teknoloji,5,a,gecti,0.760,0.270,,Denetimsiz öğrenmede amaç nedir?,Veride yapı ve kümeler bulmak,"[""Donanım testi"",""Veride yapı ve kümeler bulmak"",""Etiket tahmini"",""Ağ kurulumu""]","[""Etiketli veriden sınıf tahmin etmek"",""Veride yapı ve kümeler bulmak"",""Ödül ile en iyi politikayı öğrenmek"",""Girdiden sürekli değer tahmin etmek""]"
7a98a4bf-9cbc-4248-a984-cbdfec809507,teknoloji,5,a,gecti,0.950,0.580,,'Altyapı kod olarak' (IaC) neyi sağlar?,Altyapının kodla tanımlanmasını,"[""Elle kurulum"",""Görsel tasarım"",""Manuel yedek"",""Altyapının kodla tanımlanmasını""]","[""Altyapının sanallaştırılarak paylaşılmasını"",""Kodun sunucusuz çalıştırılmasını"",""Kodun konteynerle paketlenmesini"",""Altyapının kodla tanımlanmasını""]"
4475e408-7bb1-46fe-a7a5-af3e53760daf,sinema,4,a,gecti,0.830,0.530,,'Sinema Gerçek' (cinéma vérité) akımı neyi hedefler?,Yaşamı doğrudan kaydetmeyi,"[""Stüdyo çekimini"",""Kurgusal anlatıyı"",""Yaşamı doğrudan kaydetmeyi"",""Animasyonu""]","[""Anlamı kurguyla yaratmayı"",""Düşleri perdeye aktarmayı"",""Yaşamı doğrudan kaydetmeyi"",""Duyguları biçimle abartmayı""]"
298a98f1-c702-4e81-b7ee-b40f3ec85f07,teknoloji,3,c,dokunulmadi_c,0.990,,"ilk turda sınırda (p 0,70–0,75) diye bilerek işaretli bırakıldı",Bant genişliği neyi ifade eder?,Birim zamanda taşınabilen veri miktarını,"[""Ekran boyutunu"",""Disk boyutunu"",""Birim zamanda taşınabilen veri miktarını"",""Kablo uzunluğunu""]",
67e75520-8a7f-42b9-a3c1-f15acbc9697b,muzik,5,a,gecti,0.970,0.130,,'Orff yaklaşımı' neye dayanır?,Hareket ritim ve doğaçlamaya,"[""Yalnız notaya"",""Hareket ritim ve doğaçlamaya"",""Yalnız teoriye"",""Yalnız dinlemeye""]","[""Solfej el işareti ve deşifreye"",""Hareket ritim ve doğaçlamaya"",""Notasyon teori ve armoniye"",""Gam etüt ve teknik alıştırmaya""]"
14f45cc7-4256-4bf9-aa32-c990b6226beb,bilim,2,c,dokunulmadi_c,0.940,,"ilk turda sınırda (p 0,70–0,75) diye bilerek işaretli bırakıldı",Ay'ın hep aynı yüzünü görmemizin sebebi nedir?,Dönüş süreleri eşittir,"[""Dünya çok hızlı döner"",""Ay Dünya'dan çok uzaktır"",""Dönüş süreleri eşittir"",""Ay hiç dönmemektedir""]",
3bd3d3f9-6fd8-4c66-94c1-c755c71f2fbb,teknoloji,4,a,gecti,0.720,0.030,,"Yazılımda ""geri uyumluluk"" nedir?",Eski sürümlerle çalışabilme,"[""Yalnız yeniyle çalışma"",""Sadece test"",""Hiç çalışmama"",""Eski sürümlerle çalışabilme""]","[""Farklı platformlarda çalışabilme"",""Bağlantı olmadan çalışabilme"",""Düşük donanımda çalışabilme"",""Eski sürümlerle çalışabilme""]"
3734b8ae-2214-4b74-9408-f432856ee3f8,bilim,2,b,dokunulmadi_b,0.950,,Asteroit kuşağının Mars ile Jüpiter arasında olması çok bilinen tek bir gerçek; çeldirici ne yazılırsa yazılsın doğru şık en tanıdık kalıyor ve Sonnet'in üç denemesi de başarısız oldu.,'Asteroit kuşağı' nerede bulunur?,Mars ve Jüpiter arasında,"[""Dünya ve Ay arasında"",""Güneş içinde"",""Plüton ötesinde"",""Mars ve Jüpiter arasında""]",
71e10795-afb9-4bb5-8329-62c9eda172ea,spor,5,a,gecti,0.820,0.320,,Kriket'te rakibe hiç sayı verilmeden tamamlanan over'a ne ad verilir?,Maiden over,"[""Maiden over"",""Dead over"",""Clean over"",""Silent over""]","[""Maiden over"",""Super over"",""Golden over"",""Dead over""]"
244adf5b-a485-4207-9ee8-da73b4bf0b47,spor,4,b,dokunulmadi_b,0.770,,"Şıklar aynı türde ve eşit uzunlukta (dört büyük Avrupa kulübü), ipucu biçimden değil; Galatasaray'ın 2000 Süper Kupa rakibinin Real Madrid olduğu çok bilinen bir bilgi ve kapalı bir kümeden geldiği iç",Galatasaray'ın 2000 UEFA Süper Kupası'nı kazandığı maçta yendiği takım hangisidir?,Real Madrid,"[""Bayern Münih"",""Manchester United"",""Barcelona"",""Real Madrid""]",
fd780c2a-7fd6-403e-a07f-4647ef79972f,teknoloji,5,b,dokunulmadi_b,0.800,,Edgar Codd ilişkisel modelin bilinen tek mucidi olduğundan soru şıklara bakmadan cevaplanabiliyor ve çeldirici yazmak sonucu değiştirmez.,Veritabanlarında ilişkisel modeli 1970'te öneren IBM araştırmacısı kimdir?,Edgar Codd,"[""Jim Gray"",""Edgar Codd"",""Peter Chen"",""Larry Ellison""]",
2dda3839-ed2f-4058-99b6-6d70ccb913c5,teknoloji,3,c,dokunulmadi_c,0.690,,"ilk turda sınırda (p 0,70–0,75) diye bilerek işaretli bırakıldı",'Anakart' bilgisayarda ne işlev görür?,Bileşenleri birbirine bağlar,"[""Bileşenleri birbirine bağlar"",""Veri saklar"",""Ekran çizer"",""Ses üretir""]",
497070b2-c5aa-424a-8cf4-615a7d62cd37,bilim,2,b,dokunulmadi_b,0.980,,Fizikte işin tanımı (kuvvet yönünde yer değiştirme) çok bilinen tek kavramsal cevaptır; şıklar düzeltilse de doğru şık hep en tanıdık kalır ve üç çeldirici denemesi de geçemedi.,'İş' fizikte ne zaman yapılır?,Kuvvet yönünde yer değişince,"[""Kuvvet yönünde yer değişince"",""Kuvvet uygulanınca yeter"",""Cisim durunca"",""Isı verilince""]",
4aec1015-ce4f-4b5a-9690-ba2f7ae7fddc,teknoloji,3,b,dokunulmadi_b,0.980,,"VR ile AR farkı çok bilinen kavramsal bir bilgi olduğundan doğru şık şıklara bakmadan da belli oluyor ve Sonnet'in üç denemede çeldirici düzeltmesi başarısız kaldı, yani şık düzeltmesi işe yaramaz.",Sanal gerçeklik (VR) ile AR arasındaki fark nedir?,VR'ın tümüyle sanal ortam sunması,"[""VR'ın tümüyle sanal ortam sunması"",""AR'ın tümüyle sanal olması"",""İkisinin aynı olması"",""VR'ın ses olması""]",
4abd4ecf-e5d3-489a-b9ae-48adcfd32be6,cografya,3,c,dokunulmadi_c,0.790,,"ilk turda sınırda (p 0,70–0,75) diye bilerek işaretli bırakıldı",Deniz tabanı yayılması kuramı neyi destekler?,Levha tektoniğini,"[""Buzul kuramını"",""Karst kuramını"",""Erozyon kuramını"",""Levha tektoniğini""]",
3710ba45-7de1-49a7-9240-b0470ba2b9fc,teknoloji,3,a,gecti,0.990,0.250,,Kullanıcı deneyimi (UX) neyle ilgilenir?,Kullanımın kolaylığı ve akışı,"[""Yalnız donanımla"",""Yalnız renklerle"",""Kullanımın kolaylığı ve akışı"",""Yalnız kodla""]","[""Verinin şifrelenmesi ve yedeklenmesi"",""Donanımın üretimi ve montajı"",""Kullanımın kolaylığı ve akışı"",""Yazılımın lisanslanması ve satışı""]"
8f8dc691-287e-42e7-adae-20d78f3c567e,teknoloji,5,a,gecti,0.910,0.410,,'Konteyner' sanal makineden nasıl ayrılır?,İşletim çekirdeğini paylaşır,"[""Daha ağırdır"",""İşletim çekirdeğini paylaşır"",""Ağ kurmaz"",""Disk kullanmaz""]","[""Kendi çekirdeğini çalıştırır"",""İşletim çekirdeğini paylaşır"",""Donanımı tamamen sanallaştırır"",""Hipervizör katmanında çalışır""]"
2750c56f-272d-45d1-805f-0db5301c4443,tarih,3,a,gecti,0.900,0.690,,Osmanlı'da divan-ı hümayun neyi ifade eder?,Devlet işlerinin görüşüldüğü kurul,"[""Devlet işlerinin görüşüldüğü kurul"",""Askerî birlik"",""Vergi dairesi"",""Mahkeme binası""]","[""Devlet işlerinin görüşüldüğü kurul"",""Şehzadelerin eğitim gördüğü okul"",""Hazine gelirlerinin toplandığı daire"",""Yeniçerilerin konakladığı merkez kışla""]"
59b56693-5156-478b-af2a-551a5b16c37f,spor,3,c,dokunulmadi_c,0.760,,"ilk turda sınırda (p 0,70–0,75) diye bilerek işaretli bırakıldı",Sporda 'video yardımcı hakem' hangi kararlarda devreye girer?,Belirlenmiş kritik durumlarda,"[""Her pozisyonda"",""Yalnız faullerde"",""Belirlenmiş kritik durumlarda"",""Yalnız kartlarda""]",
5bfc641d-bb3b-4816-9f17-912f17623f95,teknoloji,5,a,gecti,0.700,0.300,,'Düzen kayması' (CLS) neyi ölçer?,Sayfa öğelerinin beklenmedik oynamasını,"[""Hızı"",""Boyutu"",""Rengi"",""Sayfa öğelerinin beklenmedik oynamasını""]","[""Ana içeriğin yüklenme süresini"",""Kullanıcı etkileşimlerine yanıt gecikmesini"",""Sunucunun ilk bayt süresini"",""Sayfa öğelerinin beklenmedik oynamasını""]"
6520d85c-be5e-47ef-b7e0-a39a202667d7,sinema,3,b,dokunulmadi_b,0.960,,"Bates Motel, Sapık filminin çok bilinen ve kavramsal olarak belli cevabı; çeldiriciler filmin diğer karakter adlarından türetilse bile (Crane, Loomis, Arbogast) doğru şık en tanıdık kalıyor ve Sonnet'",Hitchcock'un 'Sapık' filminde Norman'ın işlettiği motelin adı nedir?,Bates Motel,"[""Arbogast Inn"",""Crane Motel"",""Loomis Motel"",""Bates Motel""]",
f84df9db-b88f-480f-aa01-91e87e352fbb,muzik,4,a,gecti,0.930,0.570,,Rönesans müziğinde çok seslilik nasıl gelişmiştir?,Bağımsız ezgilerin birlikte kullanımıyla,"[""Tek sesle"",""Ritimsizlikle"",""Bağımsız ezgilerin birlikte kullanımıyla"",""Elektronikle""]","[""Paralel dörtlülerin katı kullanımıyla"",""Tek ezginin akorlarla eşlenmesiyle"",""Bağımsız ezgilerin birlikte kullanımıyla"",""Gregoryen ezgilerin tek sesli icrasıyla""]"
8f767654-c0bf-44a9-846d-83876990380d,bilim,3,b,dokunulmadi_b,0.980,,"Kuantumun enerjinin kesikli paketleri olduğu çok bilinen kavramsal bir gerçektir, çeldiriciler ne yazılırsa yazılsın doğru şık belli kalır ve Sonnet üç denemede de ipucunu gideremedi.",'Kuantum' kavramı neyi ifade eder?,Enerjinin kesikli paketlerini,"[""Sürekli enerjiyi"",""Enerjinin kesikli paketlerini"",""Sonsuz enerjiyi"",""Sıfır enerjiyi""]",
37fd09f5-aa85-411e-8d9e-a8335adb4e4a,muzik,4,a,gecti,0.790,0.420,,'Free jazz' neyi serbest bırakır?,Biçim ve armoni kurallarını,"[""Tempoyu yalnızca"",""Biçim ve armoni kurallarını"",""Enstrüman sayısını"",""Konser süresini""]","[""Sahne ve kostüm kurallarını"",""Biçim ve armoni kurallarını"",""Telif ve dağıtım kurallarını"",""Bilet ve salon kurallarını""]"
db24a0cf-37b3-4974-bc55-6afcd4d6f9f5,bilim,2,c,dokunulmadi_c,0.970,,"ilk turda sınırda (p 0,70–0,75) diye bilerek işaretli bırakıldı",Sivri uçlu cisimler neden daha kolay batar?,"Alan küçük, basınç büyük","[""Alan büyük"",""Kuvvet küçük"",""Alan küçük, basınç büyük"",""Kütle az""]",
67a85f02-7b3c-4420-b983-a1f82fa52546,cografya,2,a,kaldi,0.940,,"Jev ipucu p=0.79 > 0.75 (seçim: ""Kirlilik ve trafik yükünü azaltmak"")",Kent içinde sanayinin dışarı taşınmasının nedeni nedir?,Kirlilik ve trafik yükünü azaltmak,"[""Kirlilik ve trafik yükünü azaltmak"",""Maliyet artışı"",""İşçi azlığı"",""Enerji fazlası""]",
22ba732e-7570-4610-843b-ea300970cab0,sanat,5,a,kaldi,0.860,,"Jev ipucu p=0.95 > 0.75 (seçim: ""Kareden kubbeye geçişi"")",Bizans mimarisinde 'pandantif' ne sağlar?,Kareden kubbeye geçişi,"[""Zemin döşemesini"",""Kareden kubbeye geçişi"",""Kapı süslemesini"",""Sütun başlığını""]",
7bec4518-2ef4-47bd-acdd-09558578bfa6,teknoloji,5,a,gecti,0.660,0.650,,'Uç bilişim' (edge computing) neyi sağlar?,Veriyi kaynağa yakın işleme,"[""Merkezî işleme"",""Şifreleme"",""Veriyi kaynağa yakın işleme"",""Yedekleme""]","[""Veriyi merkezde toplu işleme"",""Veriyi şifreli biçimde saklama"",""Veriyi kaynağa yakın işleme"",""Veriyi yedek kopyalarla koruma""]"
19923f04-e4ab-4428-84bc-5c6f287f1c25,cografya,2,c,dokunulmadi_c,0.860,,"ilk turda sınırda (p 0,70–0,75) diye bilerek işaretli bırakıldı",Toprak kirliliğinin başlıca kaynağı nedir?,Sanayi atığı ve tarım kimyasalları,"[""Sanayi atığı ve tarım kimyasalları"",""Yağmur"",""Rüzgâr"",""Kar""]",
1f2ab939-e7ad-40e7-852c-95035f3681e2,teknoloji,5,b,dokunulmadi_b,0.640,,"Quicksort'un böl ve yönet yaklaşımı çok bilinen kavramsal bir gerçek olduğundan soru gizliyken bile doğru cevap belli, şıkları düzeltmek bunu değiştirmez.",'Hızlı sıralama' (quicksort) hangi yaklaşımı kullanır?,Böl ve yönet,"[""Kaba kuvvet"",""Doğrusal tarama"",""Böl ve yönet"",""Rastgele deneme""]",
9eb56e8e-23e3-4447-a0b4-436623b695d9,sanat,4,a,gecti,0.860,0.480,,Antik Yunan'da 'Dor düzeni' sütun başlığı nasıldır?,Sade ve yalın,"[""Kıvrımlı"",""Yapraklı"",""Sade ve yalın"",""Süslü""]","[""Sarmal ve kıvrımlı"",""Yapraklı ve çiçekli"",""Sade ve yalın"",""Figürlü ve kabartmalı""]"
a95ee4c1-df1f-44ad-85fa-17bd02956a9a,sanat,4,a,gecti,0.870,0.050,,Yunan tapınaklarında 'friz' neresidir?,Sütun üstündeki bezemeli şerit,"[""Zemin"",""Sütun üstündeki bezemeli şerit"",""Çatı kiremidi"",""Kapı eşiği""]","[""Sütun altındaki kademeli taban"",""Sütun üstündeki bezemeli şerit"",""Çatı altındaki üçgen alınlık"",""Sütun başındaki kıvrımlı başlık""]"
348ed1bc-8c3d-44db-9451-24e6e579832d,cografya,2,b,dokunulmadi_b,0.890,,Ülke-başkent kapalı kümesi: Santiago en tanıdık şık olduğundan çeldirici ne yazılırsa yazılsın doğru şık öne çıkar ve önceki üç deneme de geçemedi.,Şili'nin başkenti hangisidir?,Santiago,"[""Valparaiso"",""Concepción"",""Santiago"",""Antofagasta""]",
73ce999a-d633-40ec-b6d7-d7da53e02925,tarih,4,b,dokunulmadi_b,0.850,,"Şıklar aynı türde ve eşit inandırıcı Atinalı devlet adamları; Kleisthenes 'Atina demokrasisinin babası' olarak çok bilinen tek cevap olduğundan ipucu biçimden değil kavramsal tanınırlıktan geliyor, çe",MÖ 508'deki reformlarıyla 'Atina demokrasisinin babası' sayılan devlet adamı kimdir?,Kleisthenes,"[""Aristeides"",""Peisistratos"",""Kleisthenes"",""Ephialtes""]",
caefc6d9-d96f-4b59-800d-aea9b9276443,sinema,4,a,kaldi,0.880,,"Jev ipucu p=0.83 > 0.75 (seçim: ""Karakterin film boyunca değişimi"")","Bir filmde ""karakter yayı"" ne demektir?",Karakterin film boyunca değişimi,"[""Sahne süresi"",""Karakterin film boyunca değişimi"",""Kamera hareketi"",""Ses efekti""]",
a99e9745-14d3-4b2d-8f81-f6d2dc7a28a5,sinema,3,b,dokunulmadi_b,0.990,,"Pizza Planet, Oyuncak Hikâyesi'nin çok bilinen ikonik bir öğesi olduğundan model soru gizliyken bile %99 ile buldu, önceki turda 3 çeldirici denemesi de geçemedi; şık düzeltmesi işe yaramaz.",'Oyuncak Hikâyesi'nde Woody ile Buzz'ın Sid'in eline düşmeden önce gittikleri uzay temalı restoranın adı nedir?,Pizza Planet,"[""Rocket Pizza"",""Pizza Planet"",""Star Pizza"",""Pizza Galaxy""]",
15cf018d-118c-465c-9c40-cd59b5be5101,spor,3,a,kaldi,0.860,,"Jev ipucu p=0.85 > 0.75 (seçim: ""Rakibin iki omzunu mindere değdirmek"")","Güreşte ""tuş"" ne demektir?",Rakibin iki omzunu mindere değdirmek,"[""Rakibin iki omzunu mindere değdirmek"",""Puan almak"",""Çıkış yapmak"",""Ceza almak""]",
3a054208-615e-4b7f-bee7-02100a7da024,muzik,5,a,gecti,0.820,0.150,,'Musique concrète' hangi malzemeyi kullanır?,Kaydedilmiş doğal sesleri,"[""Kaydedilmiş doğal sesleri"",""Yalnız piyanoyu"",""Yalnız koroyu"",""Yalnız yaylıları""]","[""Kaydedilmiş doğal sesleri"",""Sentezlenmiş elektronik tonları"",""Hazırlanmış piyano tellerini"",""Rastlantısal matematiksel dizileri""]"
0fef7aab-1a32-4187-b998-2534e8704b12,cografya,4,a,kaldi,1.000,,"Jev ipucu p=0.89 > 0.75 (seçim: ""Hakkaniyetli ve akılcı kullanım"")",Ortak havza yönetiminde temel ilke nedir?,Hakkaniyetli ve akılcı kullanım,"[""Tek taraflı serbest kullanım"",""Hakkaniyetli ve akılcı kullanım"",""Suyu hiç kullanmama ilkesi"",""Suyun satışa çıkarılması""]",
63e166e8-34a5-48e0-9ffe-f579a2691c07,cografya,3,c,dokunulmadi_c,0.860,,"ilk turda sınırda (p 0,70–0,75) diye bilerek işaretli bırakıldı",Enerji koridoru olmak bir ülkeye ne kazandırır?,Transit gelir ve stratejik önem,"[""Rezerv artışı"",""Nüfus artışı"",""Transit gelir ve stratejik önem"",""Toprak genişlemesi""]",
41a77c87-6c5a-46ee-81d4-353914ad5862,tarih,4,a,gecti,0.840,0.550,,'Sömürge sonrası devlet' hangi sorunla karşılaştı?,Sınır ve yapı sorunlarıyla,"[""Aşırı zenginlikle"",""Sınır ve yapı sorunlarıyla"",""Nüfus azlığıyla"",""Teknoloji fazlasıyla""]","[""Sanayi ve üretim bolluğuyla"",""Sınır ve yapı sorunlarıyla"",""Nüfus ve işgücü azlığıyla"",""Sermaye ve teknoloji fazlasıyla""]"
45dc000e-3f0b-4464-ac86-d648075ada83,spor,4,a,kaldi,0.590,,"EN: sayı uyuşmuyor {""eksik"":[838,914,991,1067],""fazla"":[0.838,0.914,0.991,1.067]}",'Tenis filesinin' ortadaki yüksekliği kaç metredir?,0.914,"[""1.07"",""0.914"",""1.20"",""0.80""]",
5319d51f-24d7-4634-9d79-ce12971cdf9d,cografya,2,b,dokunulmadi_b,0.810,,Asvan Barajı–Nil ilişkisi çok bilinen tek bir coğrafi gerçektir ve şıklar hep Afrika nehirleri olduğundan çeldirici değişse de Nil en tanıdık seçenek kalır; önceki üç çeldirici denemesi de başarısız o,Asvan Barajı hangi nehir üzerindedir?,Nil,"[""Kongo"",""Nijer"",""Nil"",""Zambezi""]",
2c653944-6dae-4625-8596-719b5de6be46,teknoloji,3,a,kaldi,0.890,,"Jev ipucu p=1.00 > 0.75 (seçim: ""2,4 ve 5 GHz"")",'Wi-Fi' hangi bant aralıklarını yaygın kullanır?,"2,4 ve 5 GHz","[""900 MHz"",""AM bandı"",""Kısa dalga"",""2,4 ve 5 GHz""]",
03728bcd-eb39-42c6-93fd-fb996315aaa4,tarih,4,a,gecti,0.860,0.560,,'Höyük' arkeolojide neyi gösterir?,Üst üste yerleşim katmanlarını,"[""Üst üste yerleşim katmanlarını"",""Tek döneme ait yapı kalıntısını"",""Toplu mezarlık alanını"",""Sur içi kale yapısını""]","[""Üst üste yerleşim katmanlarını"",""Doğal tortul toprak katmanlarını"",""Yan yana konut temellerini"",""Kayaya oyulmuş yerleşim odalarını""]"
1497cafe-77ad-490b-ae43-98a7ed823b1f,sinema,5,a,gecti,0.930,0.310,,Kuleşov etkisi neyi gösterir?,Yan yana görüntülerin anlam kurması,"[""Sesin görüntüyü bozup değiştirmesini"",""Işığın renkleri değiştirmesini"",""Yan yana görüntülerin anlam kurması"",""Kameranın sürekli titremesini""]","[""Ardışık karelerin hareket yanılsaması yaratması"",""Uzun planların gerilim yaratması"",""Yan yana görüntülerin anlam kurması"",""Kesintisiz çekimlerin gerçeklik duygusu yaratması""]"
091ae603-f917-45de-a3c7-dac444b2aa1d,spor,3,a,gecti,0.960,0.530,,Doping testi ne zaman yapılabilir?,Yarışma içinde ve dışında,"[""Yalnız yarışma gününde"",""Yalnız sezon sonunda"",""Yarışma içinde ve dışında"",""Yalnız transfer sırasında""]","[""Yalnız resmi yarışma sırasında"",""Sezon içinde, tatil dönemi hariç"",""Yarışma içinde ve dışında"",""Yarışmadan önce, sonra değil""]"
ca4f409f-bde6-4099-bf9c-695132e44f1e,cografya,3,a,kaldi,0.900,,"Jev ipucu p=0.85 > 0.75 (seçim: ""Erozyona karşı toprağı korumak"")",Yangın sonrası ilk yapılması gereken çevresel önlem nedir?,Erozyona karşı toprağı korumak,"[""Erozyona karşı toprağı korumak"",""Yol açmak"",""Yapı yapmak"",""Maden aramak""]",
9fefa171-b8ed-4619-9a57-01ea3c143aaa,muzik,3,c,dokunulmadi_c,0.800,,"Şıklar aynı türde ve eşit uzunlukta (hepsi Beach Boys üyesi), yani biçim ipucu zayıf; ancak Brian Wilson en tanınan isim olduğu için ipucu kavramsal da olabilir, bu yüzden a ile b arasında kararsız ka",The Beach Boys'un 'Pet Sounds' albümünün yaratıcı beyni sayılan üyesi kimdir?,Brian Wilson,"[""Brian Wilson"",""Mike Love"",""Carl Wilson"",""Dennis Wilson""]",
39c63d96-ffae-4d02-9c46-0df573b71e36,cografya,2,b,dokunulmadi_b,0.990,,"Doğru şık, meteorolojinin kısa dönemli hava olaylarıyla ilgilendiği bilgisine dayanan tek tutarlı ifade olduğundan çeldirici ne yazılırsa yazılsın kavramsal olarak belli kalır ve önceki turda üç denem",Meteoroloji ile klimatoloji arasındaki fark nedir?,Meteorolojinin kısa dönemle ilgilenmesi,"[""Klimatolojinin günlük olması"",""Meteorolojinin kısa dönemle ilgilenmesi"",""İkisinin aynı olması"",""Meteorolojinin uzun dönem olması""]",
712c7838-135e-4aad-b166-23054247d1a3,muzik,4,a,gecti,0.820,0.680,,Gregoryen ilahilerin özelliği nedir?,Tek sesli dinî ezgi,"[""Çok sesli"",""Danslı"",""Tek sesli dinî ezgi"",""Elektronik""]","[""Çok sesli dinî ezgi"",""Tek sesli dünyevi şarkı"",""Tek sesli dinî ezgi"",""Çalgılı çok sesli koral""]"
5bee06a0-2e41-4175-a6eb-0ed8e139c7f7,bilim,3,a,kaldi,0.970,,"Jev ipucu p=0.97 > 0.75 (seçim: ""Yarısının bozunma süresini"")",Radyoaktif maddenin yarılanma süresi neyi gösterir?,Yarısının bozunma süresini,"[""Erime noktasını"",""Kaynama noktasını"",""Tamamının bozunmasını"",""Yarısının bozunma süresini""]",
1f97508b-ce5f-4f55-8dbf-9612d717ff04,teknoloji,5,b,dokunulmadi_b,0.900,,AES'in Rijndael olduğu çok bilinen tek bir gerçektir ve diğer şıklar da şifreleme algoritması adı olduğundan biçim farkı yoktur; şıklar nasıl değiştirilirse değiştirilsin Rijndael en tanıdık cevap ola,AES standardı olarak seçilen şifreleme algoritmasının özgün adı nedir?,Rijndael,"[""Rijndael"",""Twofish"",""Blowfish"",""Serpent""]",
0ffd8ab0-5278-4b1d-996d-be4a5b86e02e,sinema,4,a,kaldi,0.850,,"hakem: ""Uzak mesafeden çekilen geniş plan"" tartışmalı — ""Uzun plan"" Türkçede bazen ""long shot"" karşılığı olarak uzak mesafeden çekilen geniş plan anlamında da kullanıldığı için aday şık makul bir okumaya göre doğru s",Sinemada 'uzun plan' neyi anlatır?,Kesmeden uzun süre çeken plan,"[""Kesmeden uzun süre çeken plan"",""Uzak mesafeden yapılan çekim"",""Süresi uzun olan film"",""Uzun yazılmış senaryo""]",
1bb59c0d-c1d3-4507-9fc4-95d1ee5420cc,tarih,3,a,gecti,0.990,0.320,,'Toplumsal tarih' neyi inceler?,Gündelik yaşam ve grupları,"[""Yalnız savaşları"",""Yalnız kralları"",""Yalnız antlaşmaları"",""Gündelik yaşam ve grupları""]","[""Askeri seferler ve orduları"",""Hanedan soyları ve sarayları"",""Diplomatik yazışmalar ve antlaşmaları"",""Gündelik yaşam ve grupları""]"
1bb3604d-457e-4deb-aeb9-af45712d0f86,spor,3,b,dokunulmadi_b,0.810,,Biatlonun kayak ve atıcılık olduğu çok bilinen tek bir gerçektir; soru gizliyken bile doğru şık kavramsal olarak belli olduğundan ve Sonnet 3 denemede çeldirici düzeltmesiyle geçemediğinden şık düzelt,Biatlon hangi iki branşı birleştirir?,Kayak ve atıcılık,"[""Bisiklet ve atış"",""Kayak ve atıcılık"",""Kayak ve kürek"",""Yüzme ve koşu""]",
9a3bfefe-161d-46f0-b193-2e2622efc443,genel_kultur,4,b,dokunulmadi_b,0.940,,Esperanto'nun yaratıcısı Zamenhof çok bilinen tek gerçektir ve şıklar gizliyken bile dil-mucit eşleşmesi belli olduğundan çeldirici değişimi sorunu çözmez.,Yapay dil Esperanto'yu 1887'de yayımlayan kişi kimdir?,Ludwik Zamenhof,"[""Louis Couturat"",""Ludwik Zamenhof"",""Johann Schleyer"",""Giuseppe Peano""]",
493a9ed9-9852-4753-b686-df1be40487db,teknoloji,4,a,kaldi,0.990,,"Jev ipucu p=1.00 > 0.75 (seçim: ""Derlenmiş kodun daha hızlı çalışması"")",Derleme ile yorumlama arasındaki performans farkı nedir?,Derlenmiş kodun daha hızlı çalışması,"[""Yorumlananın hep hızlı olması"",""Farkın olmaması"",""Derlemenin hep yavaş olması"",""Derlenmiş kodun daha hızlı çalışması""]",
2cc18c4c-f420-435a-bb70-dc356bdf250b,bilim,3,b,dokunulmadi_b,0.970,,"Brown hareketi çok bilinen tek kavramdır ve şıklara bakmadan bilinir; çeldirici olarak hangi bilim insanı yazılırsa yazılsın doğru şık en tanıdık kalır, önceki turdaki 3 başarısız deneme de bunu doğru","Sıvı içindeki polen taneciklerinin rastgele titreşimli hareketi, onu 1827'de gözlemleyen botanikçinin adıyla ne diye anılır?",Brown hareketi,"[""Tyndall hareketi"",""Stokes hareketi"",""Hooke hareketi"",""Brown hareketi""]",
1a9f3d4f-27b5-4aa4-b1d8-ed4323d77909,muzik,4,a,kaldi,0.900,,"hakem: ""Melodi ve akorları gösteren nota"" tartışmalı — Melodi ve akorları gösteren nota (lead sheet) partisyon değildir, ancak bazı kullanımlarda partisyon genel olarak 'nota' anlamında kullanıldığı için ve piyano/g",Bir eserin 'partisyonu' nedir?,Tüm çalgı partilerini gösteren nota,"[""Tek çalgının notası"",""Tüm çalgı partilerini gösteren nota"",""Şarkı sözü"",""Konser afişi""]",
53363a41-b845-4717-bb59-14d088132d2a,cografya,2,b,dokunulmadi_b,0.970,,"Paris İklim Anlaşması'nın hedefi çok bilinen tek bir gerçektir ve iklimle ilgili şık her zaman en tanıdık kalacağı için, önceki turda 3 denemede çeldirici yazılıp geçilememesi de şık düzeltmesinin işe",Paris İklim Anlaşması'nın temel hedefi nedir?,Küresel sıcaklık artışını sınırlamak,"[""Küresel sıcaklık artışını sınırlamak"",""Nüfusu azaltmak"",""Ticareti artırmak"",""Orman açmak""]",
4390f93b-5cfc-4faa-8e0e-b4cfbb640dcc,cografya,4,a,gecti,0.890,0.310,,Ria tipi kıyı nasıl oluşur?,Akarsu vadisinin deniz basmasıyla,"[""Buzul vadisinin dolmasıyla"",""Akarsu vadisinin deniz basmasıyla"",""Volkan çökmesiyle"",""Kum birikmesiyle""]","[""Buzul vadisinin deniz basmasıyla"",""Akarsu vadisinin deniz basmasıyla"",""Paralel sıradağların deniz basmasıyla"",""Akarsu vadisinin alüvyonla dolmasıyla""]"
eba0084d-6442-4b8d-8deb-18b2f4fe3bc9,cografya,5,a,gecti,0.880,0.490,,Peneplen (yontukdüz) nedir?,Aşınarak düzleşmiş eski arazi,"[""Yeni oluşan dağ"",""Aşınarak düzleşmiş eski arazi"",""Volkanik plato"",""Buzul vadisi""]","[""Lavla kaplanarak düzleşmiş arazi"",""Aşınarak düzleşmiş eski arazi"",""Birikerek yükselmiş alüvyal düzlük"",""Kırılarak çökmüş genç havza""]"
4dfaf329-5832-4a13-a08b-5b55e2b5e01b,sanat,4,b,dokunulmadi_b,0.930,,"Vincenzo Peruggia, Mona Lisa hırsızlığıyla özdeşleşmiş çok bilinen tek cevap olduğundan soru metni olmadan da belli oluyor; şıklar biçim olarak eşit ve çeldiriciler (Picasso, Apollinaire şüpheli olara",1911'de Mona Lisa'yı Louvre'dan çalan kişi kimdir?,Vincenzo Peruggia,"[""Pablo Picasso"",""Louis Béroud"",""Vincenzo Peruggia"",""Guillaume Apollinaire""]",
497ee11c-52a7-4ed1-8c47-3eb37792b982,sinema,4,a,gecti,0.880,0.290,,Sinemada 'anlatı ekonomisi' ne demektir?,Gereksiz sahnelerden kaçınmak,"[""Bütçeyi kısmak"",""Kadroyu küçültmek"",""Gereksiz sahnelerden kaçınmak"",""Süreyi uzatmak""]","[""Geriye dönüşlere başvurmak"",""Açık sonlardan kaçınmak"",""Gereksiz sahnelerden kaçınmak"",""Çoklu bakış açısı kullanmak""]"
84502199-565b-454a-ae05-6c3b066f7f4b,tarih,3,b,dokunulmadi_b,0.850,,"Şıklar aynı biçimde (dörder haneli yıllar) olduğundan ipucu biçimden gelmiyor; 1683 çok bilinen tek bir tarihtir ve soru gizliyken bile model onu tanıyor, üstelik Sonnet üç denemede de yeni çeldirici ",Osmanlı'nın Avrupa'daki ilerleyişini durduran II. Viyana Kuşatması hangi yıldadır?,1683,"[""1645"",""1529"",""1683"",""1717""]",
b6f3417f-b94a-435f-9109-4bae5e6f035e,sinema,3,a,gecti,0.880,0.370,,Storyboard ne işe yarar?,Sahneleri önceden görselleştirmek,"[""Işık ölçmek"",""Kostüm dikmek"",""Sahneleri önceden görselleştirmek"",""Bilet basmak""]","[""Oyuncuları önceden belirlemek"",""Diyalogları önceden seslendirmek"",""Sahneleri önceden görselleştirmek"",""Müzikleri önceden bestelemek""]"
1e0f59cb-ac63-4b1f-b1cf-f35653490804,muzik,4,a,kaldi,0.990,,"Jev ipucu p=1.00 > 0.75 (seçim: ""Operetin hafif ve konuşmalı olması"")",Operet ile opera arasındaki fark nedir?,Operetin hafif ve konuşmalı olması,"[""Operetin daha uzun olması"",""Operanın konuşmalı olması"",""İkisinin aynı olması"",""Operetin hafif ve konuşmalı olması""]",
dd86b44c-4347-450f-a261-eeb623e9a1a8,teknoloji,5,a,gecti,0.990,0.680,,Big-O gösterimi neyi anlatır?,Algoritmanın büyüme davranışını,"[""Kod satır sayısını"",""Algoritmanın büyüme davranışını"",""Dosya boyutunu"",""Ekran çözünürlüğünü""]","[""Algoritmanın kesin adım sayısını"",""Algoritmanın büyüme davranışını"",""Algoritmanın sonuç doğruluğunu"",""Algoritmanın sonlanma garantisini""]"
c10b6272-4052-4c00-8df0-5ca03ea43b29,cografya,3,a,kaldi,0.960,,"hakem: ""Sigorta ödemesi ve tazminat"" tartışmalı — CBS verileri afet sonrası hasar tespitinde ve sigorta risk değerlendirmesi ile tazminat süreçlerinde de kullanıldığından, bu şık makul bir okumaya göre kısmen d",Coğrafi bilgi sistemlerinin afet yönetimindeki rolü nedir?,Risk haritalama ve planlama,"[""Yardım dağıtımı yalnızca"",""Bina yapımı"",""Risk haritalama ve planlama"",""Vergi toplama""]",
7d30f522-f5e6-492d-9a91-53b0d5dff6c5,sanat,4,b,dokunulmadi_b,0.810,,"Kintsugi, altın tozlu lakeyle seramik onarımının tek ve çok bilinen adıdır; çeldiriciler (Shibori, Sashiko, Mokume) Japon sanat terimleri olsa da doğru şık en tanıdık olarak kalır, bu yüzden şık düzel",Kırık seramiği altın tozlu lakeyle onararak çatlakları vurgulayan Japon tekniği hangisidir?,Kintsugi,"[""Shibori"",""Sashiko"",""Kintsugi"",""Mokume""]",
42c71580-8236-4635-8dc8-f2bc1aa03458,bilim,3,a,gecti,0.820,0.230,,'Atom modeli' geliştirmesiyle bilinen Bohr neyi öne sürmüştür?,Yörüngelerde belirli enerji düzeylerini,"[""Kütle korunumunu"",""Yörüngelerde belirli enerji düzeylerini"",""Elektron yokluğunu"",""Çekirdeksizliği""]","[""Atomun bölünemez dolu kürelerini"",""Yörüngelerde belirli enerji düzeylerini"",""Elektronların üzümlü kek dağılımını"",""Elektronların olasılık bulutu dağılımını""]"
52e8ef96-f6e8-4a52-864b-6f4f47f6f868,bilim,2,b,dokunulmadi_b,0.910,,"Kara deliğin ışığın kaçamadığı çekime sahip olması çok bilinen tek tanımdır, şıklar ne yazılırsa yazılsın doğru cevap belli kalır ve önceki üç çeldirici denemesi de başarısız oldu.",'Kara delik' hangi özelliğe sahiptir?,Işığın kaçamadığı çekim,"[""Işığın kaçamadığı çekim"",""Düşük kütle"",""Şeffaflık"",""Genişleme""]",
1e30ac1f-9d5b-468a-9171-0b0043b3b1a1,muzik,4,a,gecti,0.810,0.210,,Rondo formunun özelliği nedir?,Ana temanın tekrar tekrar dönmesi,"[""Tek bölüm"",""Serbest ritim"",""Tema yokluğu"",""Ana temanın tekrar tekrar dönmesi""]","[""Temanın sürekli varyasyonlarla işlenmesi"",""Seslerin temayı sırayla taklit etmesi"",""İki zıt temanın gelişmede çatışması"",""Ana temanın tekrar tekrar dönmesi""]"
246f3f09-254c-48f4-9618-2ec520b54b1a,sinema,4,a,kaldi,0.960,,"Jev ipucu p=0.99 > 0.75 (seçim: ""Ana, dolgu ve arka ışık"")","Sinemada ""3 nokta aydınlatma"" hangi ışıkları içerir?","Ana, dolgu ve arka ışık","[""İki flaş"",""Yalnız ana ışık"",""Ana, dolgu ve arka ışık"",""Doğal ışık""]",
2afe9668-442e-42ea-9c5f-e57f62f92945,teknoloji,2,b,dokunulmadi_b,0.990,,"HTTPS'in şifreli olması çok bilinen temel bir bilgi; çeldiriciler ne yazılırsa yazılsın doğru cevap kavramsal olarak belli kalır, şık düzeltmesi işe yaramaz.",HTTP ile HTTPS arasındaki fark nedir?,HTTPS'in şifreli olması,"[""HTTPS'in şifreli olması"",""HTTP'nin daha güvenli olması"",""HTTPS'in daha yavaş olması"",""İkisinin aynı olması""]",
68b18e87-1497-4de4-9daa-8046817da941,cografya,2,b,dokunulmadi_b,0.840,,"Kilimanjaro'nun Afrika'nın en yüksek dağı olduğu şıklara bakmadan bilinen çok tanınmış bir gerçek; Sonnet'in üç denemede de çeldirici yazıp geçememesi bunu doğruluyor, şık düzeltmesi işe yaramaz.",Afrika'nın en yüksek dağı hangisidir?,Kilimanjaro,"[""Tubkal"",""Kenya Dağı"",""Kilimanjaro"",""Atlas Dağı""]",
50453e03-e6ef-44ff-b505-3d7e14db28fe,spor,3,a,gecti,1.000,0.630,,'Yaralanma önleme programı' neye dayanır?,Güçlendirme ve denge çalışmasına,"[""Güçlendirme ve denge çalışmasına"",""Yalnız dinlenmeye"",""Yalnız masaja"",""Yalnız beslenmeye""]","[""Güçlendirme ve denge çalışmasına"",""Ağır yükleme ve tükenme çalışmasına"",""Isınmasız sprint ve sıçrama çalışmasına"",""Sürekli maç ve müsabaka temposuna""]"
bc1349c4-7f2b-43e0-b81e-9de7c43bfade,cografya,3,c,dokunulmadi_c,0.900,,"Doğru şık en uzun ve çok kelimeli olduğundan biçim ipucu var (a lehine), ancak kavram ('yoğun tarım' = dar alan, yüksek girdi/verim) şıklara bakmadan da belli ve Sonnet'in 3 denemesi hakem itirazıyla ",İntansif (yoğun) tarımın özelliği nedir?,Dar alanda yüksek girdi ve verim,"[""Dar alanda yüksek girdi ve verim"",""Geniş alanda düşük verim"",""Girdisiz üretim"",""Nadas ağırlıklı""]",
46776537-a07e-4dae-9764-fca72db06789,teknoloji,3,a,kaldi,0.930,,"Jev ipucu p=1.00 > 0.75 (seçim: ""Tüm dillerin karakterlerini tek standartta toplamak"")",Unicode neyi çözmeyi amaçlar?,Tüm dillerin karakterlerini tek standartta toplamak,"[""Ses sıkıştırma"",""Ağ hızı"",""Görüntü sıkıştırma"",""Tüm dillerin karakterlerini tek standartta toplamak""]",
4bd6af2d-3e34-4ff1-bf64-e24f487da599,sinema,4,b,dokunulmadi_b,0.930,,"Laura Palmer, Twin Peaks'in en bilinen karakteri ve dizinin çıkış noktası olduğundan soru gizliyken bile kavramsal olarak belli; diğer şıklar da aynı dizinin karakterleri olduğu için çeldirici değişti",David Lynch'in 'Twin Peaks' dizisinde öldürülen genç kızın adı nedir?,Laura Palmer,"[""Audrey Horne"",""Donna Hayward"",""Laura Palmer"",""Shelly Johnson""]",
447a6457-c1c8-4fe0-9be9-b5975e8aa7f0,edebiyat,3,b,dokunulmadi_b,0.800,,Canterbury Hikâyeleri–Chaucer ünlü eser-yazar eşleşmesi olduğundan çeldirici ne yazılırsa yazılsın en tanıdık şık Chaucer kalır ve önceki turda 3 denemede geçilememesi bunu destekler.,'Canterbury Hikâyeleri'nin yazarı kimdir?,Chaucer,"[""Chaucer"",""Malory"",""Langland"",""Gower""]",
aa66134d-2084-4029-ba71-2b9f69e9494d,cografya,3,a,sinirda,0.990,0.750,"hakem: ""Kıyı alanlarını bütüncül planlamayı"" tartışmalı — Havza yönetimi su kaynaklarının bütüncül planlanmasını hedefler, ancak kıyı alanları da havzanın bir parçası olduğundan ve entegre kıyı bölgesi yönetimi havza y",Havza yönetimi neyi hedefler?,Su kaynaklarını bütüncül planlamayı,"[""Su kaynaklarını bütüncül planlamayı"",""Tek nehri korumayı"",""Barajı yıkmayı"",""Tarımı durdurmayı""]","[""Su kaynaklarını bütüncül planlamayı"",""Ulaşım ağlarını bütüncül planlamayı"",""Maden rezervlerini planlı işletmeyi"",""Turizm bölgelerini bütüncül planlamayı""]"
a5e7c2f6-5e47-4321-afea-c41c82104388,teknoloji,4,a,gecti,0.860,0.140,,'Yük dengeleyici' ne yapar?,İstekleri sunuculara dağıtır,"[""Veri şifreler"",""Disk böler"",""Kod derler"",""İstekleri sunuculara dağıtır""]","[""Alan adlarını çözümler"",""Yanıtları önbellekte saklar"",""Paketleri ağlara yönlendirir"",""İstekleri sunuculara dağıtır""]"
1d49ac59-3746-4f23-b3c1-8201fad9b64e,sanat,3,c,dokunulmadi_c,0.750,,"ilk turda sınırda (p 0,70–0,75) diye bilerek işaretli bırakıldı",'Galerici' hangi işi yapar?,Sanatçıyı temsil edip eser satar,"[""Eser üretir"",""Sanatçıyı temsil edip eser satar"",""Restorasyon yapar"",""Müze yönetir""]",
3b96db93-65a3-41d3-8878-007aa5439204,teknoloji,3,a,gecti,0.850,0.620,,Veri madenciliğinin amacı nedir?,Veriden anlamlı örüntü çıkarmak,"[""Veri silmek"",""Veriden anlamlı örüntü çıkarmak"",""Veri şifrelemek"",""Veri yedeklemek""]","[""Veriyi tek merkezde depolamak"",""Veriden anlamlı örüntü çıkarmak"",""Veriyi tablolara düzenli aktarmak"",""Veriden gereksiz kopyaları ayıklamak""]"
836ab883-00ca-45cb-8454-8223bd827f1a,teknoloji,5,a,sinirda,0.880,0.720,"Jev ipucu p=0.77 > 0.75 (seçim: ""Esnek şema yapısı"")",NoSQL veritabanlarının ayırt edici özelliği nedir?,Esnek şema yapısı,"[""Yalnız tablo kullanması"",""SQL zorunluluğu"",""Tek kullanıcılı olması"",""Esnek şema yapısı""]","[""Normalize tablo yapısı"",""Zorunlu yabancı anahtarlar"",""Standart SQL sorgulaması"",""Esnek şema yapısı""]"
d17972ce-bd1e-4513-abf3-698e55eb99da,tarih,4,a,gecti,0.950,0.580,,Roma hukukunun modern hukuka etkisi nedir?,Temel kavramları sağlaması,"[""Yalnız ceza hukuku"",""Yalnız deniz hukuku"",""Temel kavramları sağlaması"",""Hiç etkisi yok""]","[""Kabile törelerini sağlaması"",""Feodal ayrıcalıkları sağlaması"",""Temel kavramları sağlaması"",""Kast düzenini sağlaması""]"
fca589d5-d296-4e17-9d41-2ce1ccc4aaae,spor,4,a,sinirda,0.940,0.710,"Doğru şık tek birleşik ve en uzun şık, çeldiriciler ise ""Yalnız ..."" kalıbında zayıf; eşit uzunlukta, inandırıcı çeldiriciler yazılırsa ipucu giderilebilir.",Trambolin cimnastiğinde puanlama neyi içerir?,"Zorluk, uçuş ve tekniği","[""Yalnız yüksekliği"",""Yalnız süreyi"",""Yalnız zorluğu"",""Zorluk, uçuş ve tekniği""]","[""Hız, müzik ve kostümü"",""Zorluk, müzik ve ritmi"",""Uçuş, hız ve koreografiyi"",""Zorluk, uçuş ve tekniği""]"
0c11330b-fee2-4639-a403-6289a1f51dbb,bilim,2,a,gecti,0.990,0.180,,'Elektromıknatıs' neyle güçlendirilir?,Sarım sayısı ve akımla,"[""Ortam sıcaklığıyla"",""Sarım sayısı ve akımla"",""Çekirdeğin rengiyle"",""Yalnızca uzunlukla""]","[""Tel direnci ve sıcaklıkla"",""Sarım sayısı ve akımla"",""Yalıtım kalınlığı ve frekansla"",""Gövde ağırlığı ve renkle""]"
9b668596-a40c-48b1-a7f5-682106cd4042,sinema,4,a,gecti,0.920,0.150,,Sinemada 'mizansen' neyi kapsar?,Kadraj içindeki her şeyin düzenlenmesi,"[""Yalnız kurguyu"",""Yalnız sesi"",""Kadraj içindeki her şeyin düzenlenmesi"",""Yalnız senaryoyu""]","[""Ardışık çekimler arasındaki geçişlerin düzenlenmesi"",""Görüntüye eşlik eden seslerin düzenlenmesi"",""Kadraj içindeki her şeyin düzenlenmesi"",""Çekim sonrası renk tonlarının düzenlenmesi""]"
d0c7f464-1273-40b6-b05a-f74bce10351c,sinema,4,a,gecti,0.970,0.630,,Sinema tarihi yazımında 'akım' kavramı neyi ifade eder?,Ortak estetik anlayışı paylaşan yapımlar,"[""Ortak estetik anlayışı paylaşan yapımlar"",""Aynı yıl çıkan filmler"",""Aynı ülkedeki filmler"",""Aynı süre filmler""]","[""Ortak estetik anlayışı paylaşan yapımlar"",""Ortak yapım şirketini paylaşan yapımlar"",""Ortak oyuncu kadrosunu paylaşan yapımlar"",""Ortak dağıtım ağını paylaşan yapımlar""]"
405bc4af-455e-4b3b-9062-6da7254a015f,spor,3,a,sinirda,0.860,0.720,"Doğru şık en uzun ve tek ayrıntılı ifade, çeldiriciler ise kısa ve zayıf olduğundan, aynı kalıpta eşit uzunlukta ve inandırıcı çeldiriciler yazılınca sorun giderilebilir.",Aikido hangi ilkeye dayanır?,Rakibin gücünü yönlendirmeye,"[""Sert vuruşa"",""Rakibin gücünü yönlendirmeye"",""Silah kullanımına"",""Hız yarışına""]","[""Rakibe önce saldırmaya"",""Rakibin gücünü yönlendirmeye"",""Rakibin gücüne direnmeye"",""Rakibi ringden itmeye""]"
51c8d5c3-e55f-45ad-a026-ed1a253a74cb,sinema,3,b,dokunulmadi_b,0.900,,Parazit'in yönetmeninin Bong Joon-ho olduğu çok bilinen tek bir gerçek; şıklar aynı türde Kore yönetmenleri olsa da doğru cevap şıklara bakmadan biliniyor ve önceki turda 3 denemede çeldirici düzeltme,Parazit filminin yönetmeni kimdir?,Bong Joon-ho,"[""Park Chan-wook"",""Kim Ki-duk"",""Lee Chang-dong"",""Bong Joon-ho""]",
755904c8-65d2-4493-844d-a8edf6b6d609,spor,5,a,gecti,0.580,0.560,,Yelken yarışlarında 'start hattı' nasıl belirlenir?,İki şamandıra arasındaki hayali çizgiyle,"[""İki şamandıra arasındaki hayali çizgiyle"",""Kıyı çizgisiyle"",""Rüzgâr yönüyle"",""Hakem düdüğüyle""]","[""İki şamandıra arasındaki hayali çizgiyle"",""Suya gerilmiş renkli şamandıra halatıyla"",""Kurayla çekilen sabit grid düzeniyle"",""İlk dönüş şamandırası çevresindeki daireyle""]"
4d6fa318-b486-4dd5-aba0-8d1aa6bfb011,sinema,4,a,gecti,0.900,0.680,,'Showrunner' dizide ne yapar?,Yaratıcı ve yapım sorumluluğunu üstlenir,"[""Yaratıcı ve yapım sorumluluğunu üstlenir"",""Kamera kullanır"",""Kurgu yapar"",""Oyunculuk yapar""]","[""Yaratıcı ve yapım sorumluluğunu üstlenir"",""Kamera ve ışık sorumluluğunu üstlenir"",""Kurgu ve ses sorumluluğunu üstlenir"",""Dağıtım ve pazarlama sorumluluğunu üstlenir""]"
bc1d502b-e1f5-4e6f-a3f8-4d09ff713dbc,bilim,2,b,dokunulmadi_b,0.970,,"Hücre zarının seçici geçirgen olması çok bilinen temel bir bilgidir; soru gizlenince bile bu kavram baskın kalır, şıkları yeniden yazmak işe yaramaz ve önceki üç deneme de başarısız olmuştur.",'Hücre zarı' hangi özelliğe sahiptir?,Seçici geçirgen,"[""Tam geçirgen"",""Seçici geçirgen"",""Geçirimsiz"",""Katı""]",
6daeacec-d341-44a5-b548-c192be4b1b51,spor,4,a,kaldi,0.880,,"Jev ipucu p=0.96 > 0.75 (seçim: ""Maksimum oksijen kullanım kapasitesini"")",Sporda 'VO2 maks' neyi ölçer?,Maksimum oksijen kullanım kapasitesini,"[""Kas gücünü"",""Esnekliği"",""Denge yeteneğini"",""Maksimum oksijen kullanım kapasitesini""]",
45dfbe4d-48fc-4b3f-913c-7cadd40dc300,tarih,3,c,dokunulmadi_c,0.720,,"Doğru şık tek çok kelimeli ve çeldiriciler aynı kalıpta (biçim ipucu), ancak kavram birinci el kaynağın tanımı olduğundan çeldirici yazımı zor ve önceki üç denemede başarısız olundu, bu yüzden düzeltm",'Birinci el kaynak' nedir?,Döneme ait belge,"[""Ders kitabı"",""Ansiklopedi"",""İnceleme yazısı"",""Döneme ait belge""]",
65d35a77-ce28-42eb-a0df-ef754dbb8a8c,teknoloji,5,a,sinirda,0.890,0.720,"Doğru şık tek çok kelimeli ve en uzun olan, çeldiriciler ise kısa tek kelimelik zayıf özellikler; aynı kalıpta ve eşit uzunlukta çeldiricilerle düzelir.",'Yazı tipi alt kümesi' ne sağlar?,Yalnız gerekli karakterleri yükleme,"[""Renk çeşidi"",""Yalnız gerekli karakterleri yükleme"",""Kalınlık"",""Boyut""]","[""Eksik glifleri yedek fonttan çekme"",""Yalnız gerekli karakterleri yükleme"",""Tüm ağırlıkları tek dosyada birleştirme"",""Glifleri sunucuda önceden rasterleştirme""]"
8c45ef41-4391-4bb4-a5c7-12f5639b0bf4,bilim,5,b,dokunulmadi_b,0.830,,"Beyaz cüce kütle sınırı olarak Chandrasekhar limiti tek ve çok bilinen cevaptır; şıklar aynı kalıpta ve eşit uzunlukta olduğundan ipucu biçimden değil bilgiden gelir, çeldirici değiştirmek işe yaramaz",Bir beyaz cücenin sahip olabileceği en büyük kütle sınırına ne ad verilir?,Chandrasekhar limiti,"[""Eddington limiti"",""Chandrasekhar limiti"",""Schwarzschild limiti"",""Oppenheimer limiti""]",
c7e1be1e-3c99-46cb-9727-6939dab9772a,bilim,2,a,gecti,0.960,0.600,,'Karbon 14 tarihlendirmesi' neyi ölçer?,Organik kalıntının yaşını,"[""Kayacın sertliğini"",""Toprağın nemini"",""Organik kalıntının yaşını"",""Sıcaklığı""]","[""Volkanik kayacın yaşını"",""Okyanus suyunun tuzluluğunu"",""Organik kalıntının yaşını"",""Fosil kemiğin yoğunluğunu""]"
12b65a6c-8e45-4794-a246-a613b144a533,spor,3,a,gecti,0.930,0.610,,'Binicilikte engel atlama' neyi ölçer?,Temiz geçiş ve süreyi,"[""Yalnızca koşu hızını"",""Temiz geçiş ve süreyi"",""Atın toplam ağırlığını"",""Alınan mesafe uzunluğunu""]","[""Atın cinsi ve yaşını"",""Temiz geçiş ve süreyi"",""Tur sayısı ve mesafeyi"",""Binicinin nabzı ve kilosunu""]"
51b75e36-1a5c-4317-954f-8f0560a5659f,bilim,2,a,gecti,0.960,0.540,,Sıvı basıncı neye bağlıdır?,Derinlik ve yoğunluk,"[""Kabın ağırlığı"",""Kabın rengi"",""Kabın şekli"",""Derinlik ve yoğunluk""]","[""Hacim ve kap şekli"",""Taban alanı ve genişlik"",""Viskozite ve toplam hacim"",""Derinlik ve yoğunluk""]"
aaccc68a-380d-487b-b1d3-f5f6a83742bc,cografya,3,c,dokunulmadi_c,0.880,,"ilk turda sınırda (p 0,70–0,75) diye bilerek işaretli bırakıldı",Galler'in başkenti hangisidir?,Cardiff,"[""Swansea"",""Newport"",""Cardiff"",""Bangor""]",
28723b5e-4c3e-40a7-92a8-ce91f43ede94,sanat,3,a,gecti,0.950,0.210,,Antik Yunan tiyatrosunda koro ne yapardı?,Olayı yorumlayıp aktarırdı,"[""Dans ederdi yalnızca"",""Bilet satardı"",""Olayı yorumlayıp aktarırdı"",""Dekor kurardı""]","[""Oyunu yazıp sahneye koyardı"",""Maskeleri hazırlayıp dağıtırdı"",""Olayı yorumlayıp aktarırdı"",""Baş kahramanı canlandırıp konuşurdu""]"
86b9337b-1cdb-4d0e-bbbd-4888c903bbb1,cografya,3,b,dokunulmadi_b,0.870,,Mont Blanc'ın Alpler'in en yüksek noktası olduğu çok bilinen bir gerçek; şıklar gizliyken bile Alpler en tanıdık seçenek kalır ve Sonnet 3 denemede çeldiricilerle ipucunu gideremedi.,Mont Blanc hangi sıradağın en yüksek noktasıdır?,Alpler,"[""Pireneler"",""Karpatlar"",""Apeninler"",""Alpler""]",
fef92c79-094f-41ec-a4c8-cf8560f012c1,tarih,3,b,dokunulmadi_b,0.830,,"New Deal, Roosevelt'in Büyük Buhran programı olarak çok bilinen tek cevaptır; çeldiriciler (Square Deal, Fair Deal, Great Society) zaten başka başkanlara ait ünlü programlar olduğundan şık düzeltmesi ",Büyük Buhran'a karşı Franklin D. Roosevelt'in uyguladığı reform ve kamu yatırımı programlarına ne ad verilir?,New Deal,"[""Square Deal"",""New Deal"",""Fair Deal"",""Great Society""]",
24a0ecde-9246-4a9a-b3a3-34fb4a17a3fc,spor,2,b,dokunulmadi_b,0.930,,"Maraton mesafesinin 42,195 km olduğu çok bilinen tek bir gerçektir; çeldirici ne yazılırsa yazılsın doğru şık en tanıdık sayı olarak kalır, bu yüzden şık düzeltmesi işe yaramaz.",Atletizmde maraton mesafesi kaç kilometredir?,"42,195","[""42,195"",""40"",""45"",""38""]",
05545294-d1ee-4ada-9280-189544194810,spor,3,a,gecti,0.990,0.490,,'Pilates' neyi geliştirir?,Merkez bölge kontrolünü,"[""Yalnızca kas gücünü"",""Yalnızca koşu hızını"",""Yalnızca esnekliği"",""Merkez bölge kontrolünü""]","[""Maksimal sprint hızını"",""Patlayıcı sıçrama gücünü"",""Anaerobik laktat toleransını"",""Merkez bölge kontrolünü""]"
8b3a25bd-c2ee-466d-b330-88225d3df4b2,cografya,3,a,kaldi,0.720,,"Jev ipucu p=0.98 > 0.75 (seçim: ""Adanın büyüklüğü ve anakaraya uzaklığı"")",Ada biyocoğrafyasında tür sayısını etkileyen etken nedir?,Adanın büyüklüğü ve anakaraya uzaklığı,"[""Adanın rengi"",""Adanın büyüklüğü ve anakaraya uzaklığı"",""Adanın adı"",""Adanın yaşı yalnızca""]",
5c696b1e-7b25-4620-b81e-bebdb80fa991,cografya,3,a,gecti,0.840,0.360,,Myanmar'ın başkenti hangisidir?,Nay Pyi Taw,"[""Yangon"",""Mandalay"",""Bago"",""Nay Pyi Taw""]","[""Phnom Penh"",""Kuala Lumpur"",""Bandar Seri Begawan"",""Nay Pyi Taw""]"
7ad0b0f2-7cd6-4a1e-9c18-a1cc138b2ecd,spor,3,a,kaldi,0.990,,"Jev ipucu p=0.88 > 0.75 (seçim: ""Gelişim için yükün kademeli artması"")",Antrenmanda 'aşırı yüklenme ilkesi' neyi anlatır?,Gelişim için yükün kademeli artması,"[""Yükün sabit kalması"",""Yükün azalması"",""Gelişim için yükün kademeli artması"",""Hiç yüklenmemesi""]",
205a64e1-984c-4d40-8e36-fc293a25e749,tarih,4,b,dokunulmadi_b,0.910,,"476'da Odoaker'ın tahttan indirdiği Romulus Augustulus, Batı Roma'nın sonu olarak çok bilinen tek bir gerçektir; diğer şıklar da gerçek Batı Roma imparatorları olduğundan çeldirici yazmak sorunu çözme",476'da Odoaker tarafından tahttan indirilen Batı Roma imparatoru kimdir?,Romulus Augustulus,"[""III. Valentinianus"",""Libius Severus"",""Romulus Augustulus"",""Petronius Maximus""]",
4e2c83a3-2917-4058-ba3f-47af47bbe387,cografya,2,b,dokunulmadi_b,0.930,,"Doğru cevap kavramsal olarak belli: diğer şıklar mutlak ve olumlu iddialar (her yerde artış, ihtiyacın bitmesi) olduğu için akla yatkın tek seçenek kalıyor, Sonnet da 3 denemede çeldirici yazıp geçeme",İklim değişikliğinin tarımsal etkisi ne olabilir?,Ürün kuşaklarının kayması,"[""Verimin her yerde artması"",""Toprağın zenginleşmesi"",""Ürün kuşaklarının kayması"",""Su ihtiyacının bitmesi""]",
e600492c-2639-489d-8008-5de80135a620,bilim,2,a,gecti,0.810,0.560,,Bal neden bozulmaz?,Düşük nem ve doğal yapısı,"[""Tuzlu olduğu için"",""Soğuk olduğu için"",""Şekersiz olduğu için"",""Düşük nem ve doğal yapısı""]","[""Yüksek yağ ve tuz oranı"",""Yüksek alkol ve maya oranı"",""Yoğun protein ve lif içeriği"",""Düşük nem ve doğal yapısı""]"
91443c2b-9643-419b-ade4-5c2010831946,spor,4,b,dokunulmadi_b,0.950,,"1851'den beri verilen en eski spor ödülü olarak America's Cup, yelken kupaları arasında en tanıdık ve kavramsal olarak belli olan seçenektir; şıklar değişse de doğru şık en bilinen kalacağı için şık d",1851'den beri verilen ve hâlâ düzenlenen en eski uluslararası spor ödülü sayılan yelken kupası hangisidir?,America's Cup,"[""Admiral's Cup"",""Fastnet Trophy"",""Louis Vuitton Cup"",""America's Cup""]",
bd3eca99-a781-4903-b0be-6c50dd245b29,sinema,3,a,kaldi,0.850,,"Jev ipucu p=1.00 > 0.75 (seçim: ""Dağıtımcının filmi salonlara ulaştırması"")",Yapım şirketi ile dağıtımcı arasındaki fark nedir?,Dağıtımcının filmi salonlara ulaştırması,"[""Yapımcının salon açması"",""İkisinin aynı olması"",""Dağıtımcının filmi salonlara ulaştırması"",""Dağıtımcının çekim yapması""]",
c09887ef-4358-40ab-8396-abd7fa11d2ff,teknoloji,5,a,kaldi,0.980,,"Jev ipucu p=0.97 > 0.75 (seçim: ""Temel işlevin her yerde çalışmasını"")",'Aşamalı geliştirme' (progressive enhancement) neyi savunur?,Temel işlevin her yerde çalışmasını,"[""Temel işlevin her yerde çalışmasını"",""Yalnız yeni tarayıcıyı"",""Yalnız mobili"",""Yalnız masaüstünü""]",
fb77343b-dad2-47e4-988b-fe65e8eaad0f,bilim,2,a,gecti,0.970,0.030,,Komünite (topluluk) kavramı neyi kapsar?,Bir alandaki tüm popülasyonları,"[""Tek türü"",""Cansız çevreyi"",""Bir alandaki tüm popülasyonları"",""İklim verisini""]","[""Aynı türün tüm bireylerini"",""Canlıları ve cansız çevreyi"",""Bir alandaki tüm popülasyonları"",""Yeryüzündeki tüm ekosistemlerin toplamını""]"
0ba7719f-d597-4670-9b0d-37301df4fb37,cografya,2,b,dokunulmadi_b,0.870,,"Krokide ölçek bulunmadığı bilgisi çok bilinen ve kavramsal olarak belli tek doğru cevaptır; çeldirici ne yazılırsa yazılsın şık düzeltmesi işe yaramaz, nitekim Sonnet da 3 denemede geçemedi.",Kroki ile harita arasındaki temel fark nedir?,Krokide ölçek yoktur,"[""Krokide renk yoktur"",""Krokide ölçek yoktur"",""Haritada yön yoktur"",""Fark yoktur""]",
16195fba-96a7-4ca3-9dd3-79fb864a6564,teknoloji,4,a,gecti,0.900,0.390,,Web'de 'lazy loading' ne sağlar?,İçeriği gerektiğinde yüklemeyi,"[""Hepsini önden yüklemeyi"",""Veriyi silmeyi"",""Şifrelemeyi"",""İçeriği gerektiğinde yüklemeyi""]","[""İçeriği önceden önbelleğe almayı"",""Dosyaları sıkıştırarak göndermeyi"",""Sayfayı sunucuda oluşturmayı"",""İçeriği gerektiğinde yüklemeyi""]"
1ec0027b-5f04-4e02-a7aa-9ce087aa1947,sanat,4,a,gecti,0.850,0.510,,Sanat eserinin 'provenans'ı neyi belgeler?,Eserin sahiplik geçmişini,"[""Eserin fiyatını"",""Eserin boyutunu"",""Eserin rengini"",""Eserin sahiplik geçmişini""]","[""Eserin piyasa değerini"",""Eserin restorasyon geçmişini"",""Eserin üretim tekniğini"",""Eserin sahiplik geçmişini""]"
801d54a0-1624-4cd8-891b-5e80641fa8db,sinema,5,a,gecti,0.510,0.340,,400 Darbe filminin yönetmeni kimdir?,François Truffaut,"[""Godard"",""Chabrol"",""François Truffaut"",""Rohmer""]","[""Jean-Luc Godard"",""Claude Chabrol"",""François Truffaut"",""Éric Rohmer""]"
1d53a228-56c9-48e9-a129-681ed3288150,bilim,2,a,gecti,0.910,0.680,,Manyetik alan hangi durumda oluşur?,Hareketli yük (akım) varlığında,"[""Durgun yükte"",""Hareketli yük (akım) varlığında"",""Yalnız mıknatısta"",""Yalnız boşlukta""]","[""Durgun yük (statik) varlığında"",""Hareketli yük (akım) varlığında"",""Durgun kütle (ağırlık) varlığında"",""Isı farkı (sıcaklık) varlığında""]"
6b782834-3dea-452f-b355-15621e31da20,cografya,2,a,kaldi,0.910,,"Jev ipucu p=0.94 > 0.75 (seçim: ""İş olanaklarının kentte toplanması"")",Kentleşmenin en önemli nedeni nedir?,İş olanaklarının kentte toplanması,"[""Kırsalda nüfus artışı"",""İklim değişimi"",""Yol yapımı"",""İş olanaklarının kentte toplanması""]",
b5e51127-e236-4986-9c82-12f4e0ee09fa,teknoloji,3,a,gecti,0.970,0.690,,'Web tarayıcısı motoru' ne yapar?,HTML ve CSS'i ekrana çizer,"[""HTML ve CSS'i ekrana çizer"",""Ağ kurar"",""Dosya siler"",""Kod derler yalnızca""]","[""HTML ve CSS'i ekrana çizer"",""C ve C++'ı makineye derler"",""DNS ve IP'yi sunucuya iletir"",""SQL ve JSON'u diske yazar""]"
3a67d3de-bec1-4f37-80ed-cd2d65336226,teknoloji,4,a,gecti,0.950,0.220,,Yük dengeleyici (load balancer) ne yapar?,Trafiği sunucular arasında dağıtır,"[""Veriyi siler"",""Ekran açar"",""Kod derler"",""Trafiği sunucular arasında dağıtır""]","[""Paketleri ağlar arasında yönlendirir"",""Veriyi sunucular arasında çoğaltır"",""Alan adlarını IP'lere çözümler"",""Trafiği sunucular arasında dağıtır""]"
95fed67c-6d56-4a36-9f50-06ab4a1bd483,cografya,4,a,sinirda,0.920,0.740,"Doğru şık tek ayrıntılı ve en uzun ifade, çeldiriciler kısa ve zayıf; aynı biçimde, eşit uzunlukta ve inandırıcı toprak horizonu çeldiricileri yazılınca ipucu giderilir.",Toprak profilinde 'A horizonu' neyi ifade eder?,Organik maddece zengin üst katman,"[""Organik maddece zengin üst katman"",""Ana kaya"",""Kireç birikim katı"",""Taban suyu""]","[""Organik maddece zengin üst katman"",""Kilce zenginleşmiş birikim katmanı"",""Ayrışmış ana kayadan oluşan katman"",""Kireç birikimli derin alt katman""]"
37c04db9-f1e1-497a-9e71-d30a5a60da68,tarih,3,b,dokunulmadi_b,0.790,,Marshall Yardımı'nın amacı (Avrupa'nın ekonomik onarımı) çok bilinen tek bir gerçektir ve şıklara bakmadan da bellidir; üç denemede yazılan çeldiriciler de ipucunu gidermediği için şık düzeltmesi işe ,Marshall Yardımı neyi amaçlamıştır?,Avrupa'nın ekonomik onarımını,"[""Ordu kurmayı"",""Vergi toplamayı"",""Avrupa'nın ekonomik onarımını"",""Sömürge açmayı""]",
3e7829d4-50b2-4ffb-bc60-8dca448f32d7,edebiyat,4,a,gecti,0.870,0.380,,'Alef' ve 'Ficciones' kitapları kime aittir?,Jorge Luis Borges,"[""Cortázar"",""Jorge Luis Borges"",""Onetti"",""Rulfo""]","[""Adolfo Bioy Casares"",""Jorge Luis Borges"",""Gabriel García Márquez"",""Mario Vargas Llosa""]"
1c25362e-4d2e-45b4-a700-c7fd59c0e9e0,spor,4,b,dokunulmadi_b,0.810,,"Yokozuna sumonun en bilinen rütbesi ve diğer şıklar da aynı kapalı rütbe kümesinden olduğu için çeldirici ne yazılırsa yazılsın en tanıdık şık doğru kalır, şık düzeltmesi işe yaramaz.",Sumo güreşinde ulaşılabilecek en yüksek rütbe hangisidir?,Yokozuna,"[""Yokozuna"",""Sekiwake"",""Komusubi"",""Ozeki""]",
05f8db14-35de-4ee6-8c94-01ad0d438ae1,edebiyat,3,b,dokunulmadi_b,0.790,,"Faust-Goethe eşleşmesi çok bilinen, kapalı bir ünlü eser-yazar çifti olduğundan çeldirici ne yazılırsa yazılsın doğru şık en tanıdık kalır ve Sonnet üç denemede de geçemedi.",'Faust' yapıtının yazarı kimdir?,Goethe,"[""Schiller"",""Goethe"",""Heine"",""Hölderlin""]",
9607b716-8ecc-4717-9a3f-361b6bc25272,cografya,3,a,gecti,0.670,0.570,,Türkiye'de akarsuların ulaşıma elverişsiz olmasının nedeni nedir?,Eğimin fazla ve debinin değişken olması,"[""Suyun tuzlu olması"",""Eğimin fazla ve debinin değişken olması"",""Kışın donmaları"",""Kısa olmaları""]","[""Tuzluluğun fazla ve kıyıların bataklık olması"",""Eğimin fazla ve debinin değişken olması"",""Donmanın sık ve akışın yavaş olması"",""Vadilerin geniş ve yatağın düz olması""]"
931fb3ab-2fc0-4347-be20-5946c9131630,teknoloji,3,a,gecti,0.850,0.620,,Ses kartının stüdyodaki işlevi nedir?,Analog sesi sayısala çevirmek,"[""Nota yazmak"",""Işık vermek"",""Kayıt silmek"",""Analog sesi sayısala çevirmek""]","[""Analog görüntüyü sayısala çevirmek"",""Alternatif akımı doğruya çevirmek"",""Yazılı metni sese çevirmek"",""Analog sesi sayısala çevirmek""]"
6e51d1b4-c837-4532-91ec-c7b14ea65e55,teknoloji,3,a,kaldi,0.890,,"Jev ipucu p=0.93 > 0.75 (seçim: ""Birim zamanda taşınabilen veriyi"")",'Bant genişliği' neyi ölçer?,Birim zamanda taşınabilen veriyi,"[""Gecikmeyi"",""Birim zamanda taşınabilen veriyi"",""Paket kaybını"",""Sunucu sayısını""]",
2c79e9a1-0217-4b2c-a8b7-c4be0790ad5f,edebiyat,3,b,dokunulmadi_b,0.850,,"Üç Silahşörler'in kahramanı d'Artagnan çok tanınan, kapalı bir eser-karakter kümesinin parçası olduğundan çeldirici ne yazılırsa yazılsın en tanıdık şık olarak kalır ve Sonnet'in 3 denemesi de geçemed","Dumas'nın 'Üç Silahşörler'inde Athos, Porthos ve Aramis'e katılan genç Gaskonyalı kimdir?",d'Artagnan,"[""d'Artagnan"",""de Winter"",""de Wardes"",""de Rochefort""]",
7109e5d1-4afe-4a5c-8960-46bc84ee56e0,sanat,3,b,dokunulmadi_b,0.740,,"Doğru cevap 'Op art' adındaki 'optik' kelimesinden kavramsal olarak belli olduğu için çeldirici ne yazılırsa yazılsın 'Optik yanılsama' öne çıkar, üstelik Sonnet 3 denemede de şıkları düzeltip geçemed",'Op art' izleyicide ne yaratır?,Optik yanılsama,"[""Ses etkisi"",""Koku etkisi"",""Sıcaklık"",""Optik yanılsama""]",
44a8ee25-3a4a-4e6a-9084-04186d2aff9e,bilim,2,b,dokunulmadi_b,0.930,,"Dünya'daki yerçekimi ivmesi (~10 m/s²) çok bilinen tek bir değerdir ve şıklara bakılmadan da bilinir; çeldirici ne yazılırsa yazılsın 10 en tanıdık şık kalır, ayrıca Sonnet üç denemede de ipucunu gide",Yerçekimi ivmesi Dünya'da yaklaşık kaçtır?,10 m/s²,"[""1 m/s²"",""100 m/s²"",""3 m/s²"",""10 m/s²""]",
140d9248-b870-4b84-9559-dc046ea76348,bilim,2,a,gecti,1.000,0.420,,'Verim' bir makinede neyi ölçer?,Yararlı enerjinin oranını,"[""Makinenin ağırlığını"",""Makinenin dış boyutunu"",""Yararlı enerjinin oranını"",""Toplam çalışma süresini""]","[""Yapılan işin hızını"",""Kuvvet kazancının oranını"",""Yararlı enerjinin oranını"",""Depolanan enerjinin miktarını""]"
08d54b04-1a9b-4719-afe7-ce970ce92521,teknoloji,3,c,dokunulmadi_c,0.940,,"ilk turda sınırda (p 0,70–0,75) diye bilerek işaretli bırakıldı",'Çekirdek' (kernel) ne yapar?,Sistem kaynaklarını yönetir,"[""Uygulamaları çalıştırır"",""Sistem kaynaklarını yönetir"",""Ekran arayüzü tasarlar"",""Yalnızca ağ bağlantısı kurar""]",
126d3ee9-2555-48b1-a20a-7ff05c2eb41a,edebiyat,4,b,dokunulmadi_b,0.930,,"Lu Xun, modern Çin edebiyatının kurucusu olarak en tanıdık isimdir; şıklar aynı türde Çinli yazarlardan oluştuğu için ipucu biçimden değil bilinirlikten geliyor ve çeldirici değişikliği sorunu çözmez.",'Bir Delinin Güncesi' ve 'Ah Q'nun Gerçek Öyküsü' ile modern Çin edebiyatının kurucusu sayılan yazar kimdir?,Lu Xun,"[""Ba Jin"",""Lu Xun"",""Mao Dun"",""Lao She""]",
2fc765cb-00d9-4376-b704-cc57a2816bd7,edebiyat,4,a,gecti,0.830,0.250,,'Bildungsroman' neyi anlatır?,Bir gencin oluşum sürecini,"[""Savaşı"",""Aşkı"",""Yolculuğu"",""Bir gencin oluşum sürecini""]","[""Bir ailenin çöküş sürecini"",""Bir dedektifin soruşturma sürecini"",""Bir kentin kuruluş sürecini"",""Bir gencin oluşum sürecini""]"
25a9bab6-0060-49ed-9e23-82a80797163f,cografya,2,b,dokunulmadi_b,0.870,,"Portekiz'in başkenti Lizbon, ülke-başkent gibi kapalı bir kümede en tanıdık şık olduğundan çeldirici ne yazılırsa yazılsın model onu seçer ve önceki üç denemenin başarısızlığı da bunu destekler.",Ülkelerin başkentleri arasında Portekiz'in başkenti hangisidir?,Lizbon,"[""Porto"",""Braga"",""Lizbon"",""Coimbra""]",
34396980-8081-454a-9b08-8d6af91f9de0,cografya,3,b,dokunulmadi_b,0.980,,Coğrafi izolasyonun popülasyonları ayırıp farklılaştırdığı bilgisi kavramsal olarak çok bilinen tek gerçek olduğundan şıklara bakmadan da belli ve çeldirici ne yazılırsa yazılsın doğru şık öne çıkıyor,Coğrafi izolasyonun türleşmedeki rolü nedir?,Popülasyonları ayırıp farklılaştırması,"[""Popülasyonları ayırıp farklılaştırması"",""Türleri birleştirmesi"",""Göçü artırması"",""Üremeyi durdurması""]",
268e4d85-0d5e-45f4-bd1d-93c5daec0b46,spor,3,b,dokunulmadi_b,0.800,,Modern Olimpiyatları başlatan kişi Pierre de Coubertin çok bilinen tek gerçektir; diğer şıklar IOC başkanları olduğundan çeldirici ne yazılırsa yazılsın en tanıdık isim kalır ve Sonnet'in 3 denemesi d,Modern Olimpiyat Oyunları'nı yeniden başlatan kişi kimdir?,Pierre de Coubertin,"[""Pierre de Coubertin"",""Juan Samaranch"",""Avery Brundage"",""Jacques Rogge""]",
46dc45b0-800c-4846-9f39-8427886dbba8,tarih,1,b,dokunulmadi_b,0.790,,"""Fatih"" sözcüğü fetheden anlamına geldiği için doğru cevap şıklara bakılmadan da belli; İstanbul'un fethi en tanıdık gerçektir ve hangi çeldirici yazılırsa yazılsın bu şık öne çıkar.","""Fatih"" unvanı II. Mehmed'e neden verilmiştir?",İstanbul'u fethettiği için,"[""Bilime önem verdiği için"",""İstanbul'u fethettiği için"",""Çok sefer yaptığı için"",""Genç tahta çıktığı için""]",
6eb2e655-f3fe-48c9-94d0-801d827b884a,edebiyat,3,b,dokunulmadi_b,0.860,,"Doğru şık terimin kendisini tekrarlayan bir tanım olduğu için (karşılaştırmalı → karşılaştırır) soru gizlenince bile belli oluyor ve Sonnet'in 3 denemede çeldirici düzeltmesi geçememesi, sorunun biçim",'Karşılaştırmalı edebiyat' ne yapar?,Farklı edebiyatları karşılaştırır,"[""Tek dili inceler"",""Farklı edebiyatları karşılaştırır"",""Sözlük yazar"",""Baskı yapar""]",
88f3a58b-501a-4a5d-9283-d4c7d772cfa1,spor,5,b,dokunulmadi_b,0.870,,"Lev Yaşin Ballon d'Or kazanan tek kaleci olarak çok bilinen bir gerçek; çeldirici ne yazılırsa yazılsın en tanıdık şık o kalır, bu yüzden şık düzeltmesi işe yaramaz.",1963'te Ballon d'Or'u kazanan kaleci kimdir?,Lev Yaşin,"[""Lev Yaşin"",""Gordon Banks"",""Ricardo Zamora"",""Dino Zoff""]",
b182d00b-da23-40b6-81e2-225a2eb01d6a,cografya,2,b,dokunulmadi_b,0.870,,Ülke-başkent kapalı kümesinde Belgrad en tanıdık şık olduğundan çeldirici ne yazılırsa yazılsın ipucu sürer; Sonnet'in 3 denemede geçememesi de bunu doğruluyor.,Sırbistan'ın başkenti hangisidir?,Belgrad,"[""Novi Sad"",""Niş"",""Belgrad"",""Priştine""]",
6b5d3111-d042-47d3-bf20-79a5e05d8d89,cografya,3,a,gecti,0.900,0.600,,Yeşil çatı uygulamasının kentsel yararı nedir?,Isı yalıtımı ve yağmur suyu tutma,"[""Bina yüksekliği artışı"",""Trafik azalması"",""Isı yalıtımı ve yağmur suyu tutma"",""Nüfus artışı""]","[""Güneş enerjisi üretimi ve elektrik depolama"",""Yapı yükünün hafifletilmesi ve deprem dayanımı"",""Isı yalıtımı ve yağmur suyu tutma"",""Trafik yoğunluğu azalması ve otopark kazanımı""]"
e785c50f-42b3-4c97-ac7a-098ded56a2a8,tarih,3,b,dokunulmadi_b,0.840,,"Helenizm ile Büyük İskender'in seferleri arasındaki bağ çok bilinen tek gerçek olduğundan, çeldirici ne yazılırsa yazılsın doğru şık tanıdık kalır; Sonnet'in 3 denemede geçememesi de bunu destekliyor.",'Helenizm' ne ile ortaya çıktı?,Büyük İskender'in seferleriyle,"[""Roma fetihleriyle"",""Pers yönetimiyle"",""Büyük İskender'in seferleriyle"",""Mısır ile""]",
e1d4edc6-9c31-4b3f-bab0-3d7075d33c6a,muzik,5,a,gecti,0.620,0.630,,Kompresör efekti ne yapar?,Ses düzeyi farklarını dengeler,"[""Tempoyu değiştirir"",""Tonu değiştirir"",""Yankı ekler"",""Ses düzeyi farklarını dengeler""]","[""Frekans dengesini yeniden şekillendirir"",""Stereo genişliğini yapay olarak artırır"",""Ses düzeyi farklarını büyütür"",""Ses düzeyi farklarını dengeler""]"
743e6d0d-57c9-41ba-91d9-5c0ae6b281b1,muzik,4,c,dokunulmadi_c,0.360,,"Şıklar aynı kalıpta ve eşit uzunlukta, olasılık 0.36 ile şans düzeyine yakın; yalnızca sıra farkıyla ayrılan ilk iki şık kavramsal bir çeldirici olduğundan şık düzeltmesinin getirisi belirsiz.",Majör akor hangi aralıklardan oluşur?,Büyük üçlü ve küçük üçlü,"[""Küçük üçlü ve büyük üçlü"",""Büyük üçlü ve küçük üçlü"",""İki büyük üçlü"",""İki küçük üçlü""]",
fc5c65b1-f5ba-44ab-b6c3-9d73bb92e04a,cografya,3,c,dokunulmadi_c,0.760,,"ilk turda sınırda (p 0,70–0,75) diye bilerek işaretli bırakıldı",Bir haritada 'genelleştirme' neden yapılır?,Ölçeğe uygun sadeleştirme için,"[""Ölçeğe uygun sadeleştirme için"",""Renk artırmak için"",""Başlık koymak için"",""Kâğıt seçmek için""]",
2a224e01-3d7f-4452-90b8-778c2847e726,sinema,4,a,gecti,0.800,0.230,,Bağımsız yapımlarda dağıtımın zorluğu nedir?,Salon ve tanıtım bütçesi yetersizliği,"[""Salon ve tanıtım bütçesi yetersizliği"",""Senaryo bulamamak"",""Oyuncu bulamamak"",""Kamera bulamamak""]","[""Salon ve tanıtım bütçesi yetersizliği"",""Çekim ve kurgu süresi uzunluğu"",""Oyuncu ve ekip ücreti yüksekliği"",""Senaryo ve telif hakkı karmaşıklığı""]"
32b7a137-5165-4fb3-a528-e722de0d94b9,sinema,4,a,kaldi,0.880,,"Jev ipucu p=0.78 > 0.75 (seçim: ""Karakterin film boyunca dönüşümünü"")",Bir senaryoda 'karakter yayı' neyi anlatır?,Karakterin film boyunca dönüşümünü,"[""Kostüm değişimini"",""Karakterin film boyunca dönüşümünü"",""Sahne sayısını"",""Replik uzunluğunu""]",
7eb81688-5dec-4bb6-ab9e-606f881448b0,sanat,3,b,dokunulmadi_b,0.860,,Pointilizmin nokta tekniği olduğu çok bilinen tek bir gerçek olduğundan çeldirici ne yazılırsa yazılsın doğru şık belli kalır ve önceki üç denemenin başarısız olması bunu destekler.,Pointilizm tekniğinde resim nasıl oluşur?,Küçük renk noktalarıyla,"[""Çizgilerle"",""Geniş lekelerle"",""Küçük renk noktalarıyla"",""Kolajla""]",
2f11ed5c-ab52-4ac2-92d4-d9476f557af5,bilim,2,b,dokunulmadi_b,1.000,,"Tür tanımı yaygın bilinen kavramsal bir bilgi olduğundan doğru cevap şıklara bakmadan belli oluyor ve Sonnet 3 denemede de çeldirici yazarak testi geçemedi, yani şık düzeltmesi işe yaramaz.",'Tür' biyolojide nasıl tanımlanır?,Verimli döl verebilen bireyler,"[""Aynı bölgede yaşayanlar"",""Aynı renkte olanlar"",""Verimli döl verebilen bireyler"",""Aynı boyda olanlar""]",
02446ee1-8d88-4d2b-b0cb-c4bcc6e3f220,teknoloji,5,a,gecti,0.920,0.040,,'Yarış durumu' (race condition) ne zaman oluşur?,Aynı veriye eşzamanlı erişimde,"[""Tek iş parçacığı çalışırken"",""Aynı veriye eşzamanlı erişimde"",""Ağ bağlantısı koptuğunda"",""Disk alanı dolduğunda""]","[""Kilitlerin karşılıklı döngüsel beklemesinde"",""Aynı veriye eşzamanlı erişimde"",""Ayrılan belleğin serbest bırakılmamasında"",""Özyinelemeli çağrıların yığını taşırmasında""]"
6009d67e-06de-4198-acd5-13c68fb316c5,spor,1,a,gecti,0.870,0.570,,Sporda 'rekor' hangi durumda tescillenir?,Resmi koşullarda ölçülürse,"[""Resmi koşullarda ölçülürse"",""Antrenmanda olursa"",""Seyirci varsa"",""Takım isterse""]","[""Resmi koşullarda ölçülürse"",""Antrenman ortamında ölçülürse"",""Gösteri yarışında ölçülürse"",""Denetimsiz koşullarda ölçülürse""]"
6b667770-5be8-45a4-bdb0-d5bdf516ee89,bilim,2,c,dokunulmadi_c,0.790,,"ilk turda sınırda (p 0,70–0,75) diye bilerek işaretli bırakıldı",Akciğerlerde gaz alışverişi nerede olur?,Alveollerde,"[""Soluk borusunda"",""Alveollerde"",""Gırtlakta"",""Bronşlarda""]",
3cd4103a-b781-43ca-87ca-2218278e2b0a,teknoloji,5,a,gecti,0.850,0.520,,RAID teknolojisi ne sağlar?,Birden çok diskle performans veya yedeklilik,"[""Ekran çoğaltma"",""Birden çok diskle performans veya yedeklilik"",""Ağ kurma"",""Ses artırma""]","[""Birden çok çekirdekle paralel işlem veya hız"",""Birden çok diskle performans veya yedeklilik"",""Birden çok bellekle önbellek veya hız"",""Birden çok ağ kartıyla bant genişliği birleştirme""]"
56ab00df-2795-406b-92d6-3d08f082994b,teknoloji,3,b,dokunulmadi_b,0.710,,"UPS'in elektrik kesintisinde kesintisiz güç sağlaması çok bilinen tek gerçek olup şıklara bakmadan da belli, ayrıca üç denemede yazılan çeldiriciler de ipucunu gideremedi.",Yedekli güç kaynağı (UPS) ne sağlar?,Elektrik kesintisinde kesintisiz çalışma,"[""Elektrik kesintisinde kesintisiz çalışma"",""Veri şifreleme"",""Ağ hızlandırma"",""Soğutma""]",
f52219c0-25d7-485d-b32e-7ca4db75a9c9,muzik,3,a,gecti,0.930,0.650,,"Nefesli çalgılarda ""kamış"" ne işe yarar?",Titreşerek ses üretmek,"[""Akort etmek"",""Havayı ısıtmak"",""Sesi kesmek"",""Titreşerek ses üretmek""]","[""Kapanarak perde değiştirmek"",""Süzerek nemi tutmak"",""Daralarak havayı sıkıştırmak"",""Titreşerek ses üretmek""]"
171440b1-d2fa-4f86-8644-3e5a5c827dca,teknoloji,3,b,dokunulmadi_b,0.890,,"JavaScript'in sayfaya etkileşim ve davranış kazandırdığı çok bilinen kavramsal bir gerçek olduğundan çeldirici ne yazılırsa yazılsın doğru şık belli kalır, üç başarısız çeldirici denemesi de bunu dest",JavaScript'in web sayfasındaki rolü nedir?,Etkileşim ve davranış eklemek,"[""Yalnız stil vermek"",""Yalnız içerik yazmak"",""Etkileşim ve davranış eklemek"",""Sunucu kurmak""]",
2313ea53-dd97-420b-b776-0a31f706b8a0,teknoloji,5,a,gecti,0.850,0.120,,'Tutarlılık' dağıtık sistemlerde neyi ifade eder?,Tüm düğümlerin aynı veriyi görmesini,"[""Hızı"",""Boyutu"",""Tüm düğümlerin aynı veriyi görmesini"",""Maliyeti""]","[""Her isteğin mutlaka yanıt almasını"",""Ağ bölünse de sistemin çalışmasını"",""Tüm düğümlerin aynı veriyi görmesini"",""Verinin birden çok düğüme kopyalanmasını""]"
505a4391-44e0-4bc5-b5c4-ab7e8944cf57,teknoloji,4,a,gecti,0.910,0.540,,'Sanal bellek' neyi sağlar?,Diski bellek gibi kullanmayı,"[""Diski bellek gibi kullanmayı"",""Ağ hızını"",""Ekran çözünürlüğünü"",""Pil ömrünü""]","[""Diski bellek gibi kullanmayı"",""Belleği disk gibi kullanmayı"",""Ekran kartını işlemci gibi kullanmayı"",""Ağı yerel disk gibi kullanmayı""]"
6fbea056-ada2-404d-a7c4-47d5bfa8abd0,sanat,3,a,gecti,0.850,0.330,,'Alegori' resimde ne yapar?,Soyut kavramı simgeyle anlatır,"[""Belge sunar"",""Ölçü verir"",""Renk düzenler"",""Soyut kavramı simgeyle anlatır""]","[""Mekân derinliğini perspektifle verir"",""Işık-gölge karşıtlığıyla hacim yaratır"",""Modelin yüzünü birebir yansıtır"",""Soyut kavramı simgeyle anlatır""]"
65f91191-73c3-4d7b-b595-51c2ba626276,muzik,3,b,dokunulmadi_b,0.800,,"Şıklar aynı türde ve eşit uzunlukta (hepsi Brezilyalı müzisyen adı); model 'Garota de Ipanema' ile Tom Jobim ilişkisini zaten bildiği için, çeldirici ne yazılırsa yazılsın en tanıdık doğru cevap seçil",Bossa nova klasiği 'Garota de Ipanema'nın bestecisi kimdir?,Tom Jobim,"[""Caetano Veloso"",""Joao Gilberto"",""Tom Jobim"",""Sergio Mendes""]",
3bf6086e-0f7d-47ba-bcb2-203037a24748,bilim,3,b,dokunulmadi_b,0.830,,"Soy gazların tepkimeye girmemesinin son kabuğun dolu olması olduğu çok bilinen kavramsal bir gerçektir, çeldiriciler (ağırlık, renk, sıvı olma) fen bilgisiyle doğrudan elendiği için şık düzeltmesi işe",'Soy gazlar' neden tepkimeye girmez?,Son kabukları dolu olduğu için,"[""Son kabukları dolu olduğu için"",""Ağır oldukları için"",""Renksiz oldukları için"",""Sıvı oldukları için""]",
1301df43-eb12-49fe-8add-addf48753458,edebiyat,4,a,gecti,0.780,0.320,,'Postmodern roman' hangi özelliği taşır?,Üstkurmaca ve parçalı yapı,"[""Üstkurmaca ve parçalı yapı"",""Katı ve düz gerçekçilik"",""Tek anlatıcı zorunluluğu"",""Kronolojik ve düz akış""]","[""Üstkurmaca ve parçalı yapı"",""Didaktik tez ve kapalı yapı"",""Kalıtımcılık ve deneysel gözlem"",""Ülküsel kahraman ve duygusallık""]"
39f94fb6-e9a8-4e83-91b6-6087b2ab586c,bilim,2,b,dokunulmadi_b,0.890,,"Yansıma yasası bilinen tek kavramdır ve ""gelme açısı yansıma açısına eşittir"" ifadesi şıklara bakılmadan bile bellidir; ayrıca çeldirici yazımı 3 denemede de başarısız olmuştur, şık düzeltmesi işe yar",'Yansıma yasası' neyi söyler?,Gelme açısı yansıma açısına eşittir,"[""Gelme açısı yansıma açısına eşittir"",""Işık kırılır"",""Işık soğurulur"",""Işık yavaşlar""]",
9a88b5a8-5a8e-45f9-bccc-2017cdab4c6c,cografya,3,b,dokunulmadi_b,0.990,,Kentsel ısı adası etkisinin beton ve asfaltın ısı tutmasından kaynaklandığı çok bilinen kavramsal bir gerçektir; çeldirici ne yazılırsa yazılsın doğru şık belli kalır ve önceki turda üç denemede çeldi,Kentsel ısı adası etkisi neden oluşur?,Beton ve asfaltın ısı tutmasından,"[""Beton ve asfaltın ısı tutmasından"",""Ağaç fazlalığından"",""Yağış artışından"",""Rüzgâr hızından""]",
39eb88ab-255b-428d-adf7-7480851e6430,tarih,2,b,dokunulmadi_b,0.910,,"Küba Füze Krizi'nin ABD ve SSCB arasında olduğu çok bilinen tek bir gerçektir; şıklar nasıl yazılırsa yazılsın en tanıdık ikili doğru cevap olarak kalır, bu yüzden çeldirici düzeltmesi işe yaramaz.",Küba Füze Krizi hangi iki ülke arasındaydı?,ABD ve SSCB,"[""ABD ve Küba yalnızca"",""ABD ve SSCB"",""ABD ve Çin"",""SSCB ve Çin""]",
9c115483-036b-4855-827a-6bb731f85655,sanat,4,b,dokunulmadi_b,0.830,,Calais Burjuvaları Rodin'in en ünlü eserlerinden biri olduğu için doğru cevap şıklara bakılmadan da biliniyor ve dört şık da aynı türde (Fransız heykeltıraş soyadı) olduğundan biçim düzeltmesi işe yar,Yüzüncü Yıl Savaşı'nda kenti kurtarmak için teslim olan altı kişiyi betimleyen 'Calais Burjuvaları' kimin eseridir?,Rodin,"[""Rodin"",""Carpeaux"",""Bourdelle"",""Maillol""]",
2b4711f4-f13e-4d7e-bf2d-ccc7d5f4bf96,cografya,2,b,dokunulmadi_b,1.000,,Deniz seviyesinin yükselme nedeni (buzulların erimesi ve ısınan suyun genleşmesi) çok bilinen tek bir kavramsal cevap olduğundan çeldirici ne yazılırsa yazılsın doğru şık belli kalır; üç denemenin baş,Deniz seviyesinin yükselmesinin başlıca nedeni nedir?,Buzulların erimesi ve suyun genleşmesi,"[""Yağışın azalması"",""Volkanik patlamalar"",""Depremler"",""Buzulların erimesi ve suyun genleşmesi""]",
61c1b3e5-6076-4c94-8fec-261c158049b5,sanat,3,a,sinirda,0.870,0.750,"Doğru şık tek çok kelimeli ve en uzun olduğu için biçimden ipucu veriyor; çeldiriciler tek kelimelik ve kısa, aynı uzunlukta ve inandırıcı yeni çeldiricilerle düzeltilebilir, ancak önceki üç deneme ba",'Ekspertiz raporu' neyi belirler?,Eserin gerçekliğini ve değerini,"[""Sergileme yerini"",""Nakliyeyi"",""Sigortayı"",""Eserin gerçekliğini ve değerini""]","[""Eserin sergilenmesini ve aydınlatmasını"",""Eserin nakliyesini ve ambalajını"",""Eserin sigortasını ve vergisini"",""Eserin gerçekliğini ve değerini""]"
00c4a92f-87cf-4233-8a2d-e63f88df4aaa,edebiyat,3,b,dokunulmadi_b,0.900,,"Passepartout, Fransız uşak çeldiricileri (Sganarelle, Planchet, Mousqueton) arasında da en tanıdık ve kavramsal olarak belli olan ünlü karakterdir; soru gizliyken bile kolayca seçilir ve üç denemede ş",Jules Verne'in 'Seksen Günde Devrialem' romanında Phileas Fogg'un sadık Fransız uşağının adı nedir?,Passepartout,"[""Sganarelle"",""Planchet"",""Mousqueton"",""Passepartout""]",
755be283-f5f6-4010-a634-64601e088cb7,sinema,1,a,kaldi,0.990,,"Jev ipucu p=1.00 > 0.75 (seçim: ""Dublajda ses yeniden kaydedilir"")",Sinemada 'altyazı' ile 'dublaj' arasındaki fark nedir?,Dublajda ses yeniden kaydedilir,"[""İkisi aynıdır"",""Dublajda ses yeniden kaydedilir"",""Altyazıda ses değişir"",""Dublaj yalnız belgeselde olur""]",
373043c2-323b-4173-9fe9-0edd0114f22b,cografya,2,b,dokunulmadi_b,0.760,,Doğal etken olarak su kıtlığı şıklara bakmadan da kavramsal olarak belli; diğer şıklar doğal etken bile değil ve Sonnet üç denemede çeldiriciyle düzeltemedi.,Türkiye'de tarımsal üretimi sınırlayan başlıca doğal etken nedir?,Su yetersizliği,"[""Toprak fazlalığı"",""Nüfus yoğunluğu"",""Su yetersizliği"",""Yol azlığı""]",
5c98b21b-93fb-4a2f-950d-e87d31834e9c,spor,1,b,dokunulmadi_b,0.470,,Dünya Kupası'nı FIFA'nın düzenlediği çok bilinen tek bir gerçektir ve şıklar aynı türde kısaltmalar olduğundan biçimsel ipucu yoktur; çeldirici değişse de FIFA en tanıdık seçenek olarak kalır.,Dünya Kupası hangi kurum tarafından düzenlenir?,FIFA,"[""UEFA"",""IOC"",""FIFA"",""CAF""]",
5708c916-8015-4f11-a3e7-661c1e6ceaee,sanat,4,b,dokunulmadi_b,0.910,,"Azize Teresa'nın Vecdi'nin Bernini'ye ait olduğu çok bilinen tek gerçektir; Barok heykeltıraş çeldiricileri (Duquesnoy, Algardi, Borromini) yazılsa da Bernini en tanıdık şık kalır, bu yüzden şık düzel",Roma'daki Cornaro Şapeli'nde bulunan 'Azize Teresa'nın Vecdi' heykeli kimin eseridir?,Bernini,"[""Duquesnoy"",""Bernini"",""Algardi"",""Borromini""]",
cc875b42-343f-452c-b964-5732cf649c44,teknoloji,3,b,dokunulmadi_b,0.920,,"Modem sözcüğünün modülatör-demodülatör olduğu çok bilinen tek gerçektir, şıklar olmadan da cevaplanır ve çeldirici yeniden yazımı 3 denemede işe yaramadı.",'Modem' adı neyin kısaltmasıdır?,Modülatör demodülatör,"[""Modülatör demodülatör"",""Modül merkezi"",""Mod yöneticisi"",""Model makinesi""]",
61ce6975-71d0-441e-968b-41dc39eb2a21,sanat,3,b,dokunulmadi_b,0.810,,"Şıklar aynı türde (hepsi büyük şehir) ve biçim ipucu yok; Ankara en tanıdık ve bilinen cevap olduğu için model soruyu görmeden de seçiyor, üç çeldirici denemesi de başarısız oldu, bu yüzden şık düzelt",Anadolu Medeniyetleri Müzesi hangi şehirdedir?,Ankara,"[""Ankara"",""İzmir"",""Konya"",""Antalya""]",
8ec31d95-64e1-4f25-bb7a-a5da8b211a48,tarih,3,b,dokunulmadi_b,0.770,,Preveze Deniz Savaşı'nın galibi Barbaros Hayreddin Paşa sorudan bağımsız olarak çok bilinen tek cevaptır; çeldiriciler de aynı alandan ünlü denizciler olduğu için şık düzeltmesi işe yaramaz ve önceki ,Preveze Deniz Savaşı'nı kazanan ünlü Osmanlı denizcisi kimdir?,Barbaros Hayreddin Paşa,"[""Piri Reis"",""Barbaros Hayreddin Paşa"",""Turgut Reis"",""Kılıç Ali Paşa""]",
32817d65-4a62-4639-a492-1ce9c4b24f8e,bilim,3,b,dokunulmadi_b,0.810,,Doppler etkisinin algılanan frekansı değiştirdiği bilinen tek kavramsal gerçektir; çeldiriciler (şiddet/genlik gibi) fiziksel olarak tartışmalı kaldığı için Sonnet üç denemede geçemedi ve şık düzeltme,'Doppler etkisi' neyi değiştirir?,Algılanan frekansı,"[""Genliği"",""Hızı"",""Kütleyi"",""Algılanan frekansı""]",
b3fb1aef-1c78-4da2-b6af-2b474d1aaa0b,cografya,2,b,dokunulmadi_b,0.960,,"Doğru cevap (iklim ve yer şekli çeşitliliği) coğrafya bilgisi olarak çok bilinen ve kavramsal olarak belli olduğundan şıklara bakmadan da bulunuyor, ayrıca üç denemede çeldirici düzeltmesi işe yaramad",Türkiye'de hemen her tarım ürününün yetişebilmesinin nedeni nedir?,İklim ve yer şekli çeşitliliği,"[""Toprağın tek tip olması"",""Yüzölçümünün büyüklüğü"",""İklim ve yer şekli çeşitliliği"",""Nüfusun fazlalığı""]",
3b328eb3-e94f-4474-a774-60d9bb3795c3,tarih,2,a,sinirda,0.940,0.740,"Jev ipucu p=0.76 > 0.75 (seçim: ""Hammadde ve pazar elde etmek"")",Sömürgeciliğin temel amacı neydi?,Hammadde ve pazar elde etmek,"[""Hammadde ve pazar elde etmek"",""Kültür alışverişi"",""Eğitim yaymak"",""Bilim üretmek""]","[""Hammadde ve pazar elde etmek"",""Eğitim ve sağlık hizmeti götürmek"",""Bilim ve teknoloji bilgisi aktarmak"",""Kültür ve sanat alışverişi yapmak""]"
433eaa2a-dfad-441e-b7d7-da29d26787ae,teknoloji,2,b,dokunulmadi_b,0.770,,"Walkman çok bilinen tek gerçek olduğundan soru metni olmadan da şıklar arasından en tanıdık olarak seçiliyor, yeni çeldiriciler yazmak bunu değiştirmez.",Sony'nin 1979'da tanıttığı ve müziği sokağa taşıyan taşınabilir kasetçaların adı nedir?,Walkman,"[""Soundabout"",""Watchman"",""Walkman"",""Discman""]",
9058e291-e22f-4e1a-a3c0-f1425c0b935b,bilim,3,a,kaldi,1.000,,"Jev ipucu p=0.98 > 0.75 (seçim: ""Radyoaktif maddenin yarıya inme süresi"")",Yarı ömür kavramı neyi ifade eder?,Radyoaktif maddenin yarıya inme süresi,"[""Tam bozunma süresi"",""Isınma süresi"",""Erime süresi"",""Radyoaktif maddenin yarıya inme süresi""]",
bd19f1d2-8c02-4ce4-885e-7e3927ec05f5,cografya,2,b,dokunulmadi_b,0.840,,"Avustralya'nın başkenti, ülke-başkent gibi kapalı ve çok bilinen bir bilgi olduğundan şıklar ne yazılırsa yazılsın doğru cevap tanınır; üç denemede çeldirici düzeltmesinin geçememesi de bunu destekliy",Avustralya'nın başkenti hangi şehirdir?,Kanberra,"[""Kanberra"",""Melbourne"",""Sidney"",""Brisbane""]",
7d98a4b7-0a23-4212-a0e3-6e784cf9db61,teknoloji,5,a,gecti,0.910,0.330,,Mesaj kuyruğu sistemleri ne sağlar?,Servisler arası asenkron iletişim,"[""Servisler arası asenkron iletişim"",""Senkron zorunluluk"",""Veri silme"",""Ekran açma""]","[""Servisler arası asenkron iletişim"",""İşlemciler arası ortak bellek paylaşımı"",""Tablolar arası ilişkisel sorgu birleştirme"",""Ağlar arası şifreli tünel kurulumu""]"
a96dd140-8924-4cba-b4ad-5719471dab10,bilim,3,c,dokunulmadi_c,0.900,,"ilk turda sınırda (p 0,70–0,75) diye bilerek işaretli bırakıldı",İnsan kulağında sesi ileten en küçük kemikler hangileridir?,"Çekiç, örs, üzengi","[""Kaburgalar"",""Omurlar"",""Çekiç, örs, üzengi"",""Bilek kemikleri""]",
8e134a41-dfd1-49c6-906a-910f00eaaa8e,sinema,4,a,gecti,0.920,0.190,,Sinemada 'MacGuffin' nedir?,Hikâyeyi ilerleten bahane nesne,"[""Kamera markası"",""Işık türü"",""Ses efekti"",""Hikâyeyi ilerleten bahane nesne""]","[""Seyirciyi yanıltan sahte ipucu"",""Sonu önceden sezdiren işaret"",""Sahneleri bağlayan kurgu geçişi"",""Hikâyeyi ilerleten bahane nesne""]"
b619f181-cfe7-48dd-9017-49ce6727df8e,bilim,3,b,dokunulmadi_b,0.880,,"Virüslerin konak dışında çoğalamaması iyi bilinen kavramsal gerçektir; çeldiriciler (DNA, protein, zar) biyolojik olarak yanlış olduğu için şıklara bakmadan bile doğru cevap belli olur ve önceki 3 den",Virüslerin canlı sayılmama gerekçelerinden biri nedir?,Konak dışında çoğalamaması,"[""DNA taşımaması"",""Konak dışında çoğalamaması"",""Protein içermemesi"",""Zar taşımaması""]",
71b3e53c-daff-4351-8eb2-f5f85cb2ae60,spor,4,b,dokunulmadi_b,0.840,,"Triple Crown'un üç ayağı (Kentucky Derby, Preakness, Belmont) küçük ve kapalı bir kümedir; Kentucky Derby en tanıdık olanı olduğundan soru gizliyken bile seçilir ve çeldirici değişikliği bunu çözmez.",ABD at yarışlarındaki 'Triple Crown' serisinin ilk ayağı hangi yarıştır?,Kentucky Derby,"[""Kentucky Derby"",""Preakness Stakes"",""Breeders' Cup"",""Belmont Stakes""]",
19b62228-2a73-4f7a-821e-500411f6646a,cografya,2,a,kaldi,0.880,,"Jev ipucu p=0.83 > 0.75 (seçim: ""Boğaz geçişini denetlemesi"")",Çanakkale'nin stratejik önemi nedir?,Boğaz geçişini denetlemesi,"[""Maden zenginliği"",""Tarım alanı"",""Boğaz geçişini denetlemesi"",""Kayak turizmi""]",
5838e4af-92d9-4a30-9a9e-470f06df32bb,bilim,3,b,dokunulmadi_b,0.970,,"DNA'nın açılımı çok bilinen tek bir gerçektir ve doğru şık zaten en tanıdık olandır; çeldirici yeniden yazılsa da ipucu kalkmaz, ayrıca önceki turda üç deneme başarısız olmuştur.",DNA'nın açılımındaki ilk kelime nedir?,Deoksiribonükleik,"[""Deoksiribonükleik"",""Dioksinükleik"",""Dinükleik"",""Diribonükleik""]",
70dd0e9a-7944-436a-8d80-0b3dbad6309a,cografya,1,a,kaldi,0.920,,"Jev ipucu p=0.85 > 0.75 (seçim: ""Kırdan kente göç"")",Şehirleşmenin en önemli sonuçlarından biri nedir?,Kırdan kente göç,"[""Nüfus azalması"",""Kırdan kente göç"",""Orman artışı"",""Tarım artışı""]",
ce865cc5-ce9f-48bb-862a-5b2556a7095c,spor,1,a,kaldi,0.950,,"Jev ipucu p=1.00 > 0.75 (seçim: ""Topun çizgiyi tamamen geçmesiyle"")",Futbolda kaleye atılan gol nasıl sayılır?,Topun çizgiyi tamamen geçmesiyle,"[""Hakemin düdüğüyle"",""Kalecinin düşmesiyle"",""Topun çizgiyi tamamen geçmesiyle"",""Topun direğe çarpmasıyla""]",
307437aa-f27d-46a7-bf11-aa52f4c584a6,muzik,4,a,kaldi,0.790,,"hakem: ""Tam yarım tam tam tam yarım tam"" tartışmalı — Aday şık majör gam için yanlıştır, ancak doğal minör gam dizilişi (T-Y-T-T-Y-T-T) olan Tam yarım tam tam yarım tam tam'a benzer; verilen dizi (T-Y-T-T-T-Y-T) is",Majör gam hangi aralık dizisiyle kurulur?,Tam tam yarım tam tam tam yarım,"[""Tümü tam ses"",""Tam tam yarım tam tam tam yarım"",""Tümü yarım ses"",""Yarım tam yarım tam""]",
87b7dcc2-632e-433b-84ae-9570a63c1118,bilim,3,a,gecti,0.930,0.580,,'Kromatografi' neye dayanır?,Bileşenlerin farklı hızda ilerlemesine,"[""Bileşenlerin farklı hızda ilerlemesine"",""Kaynamaya"",""Donmaya"",""Çökmeye""]","[""Bileşenlerin farklı hızda ilerlemesine"",""Bileşenlerin farklı sıcaklıkta kaynamasına"",""Bileşenlerin farklı yoğunlukta çökmesine"",""Bileşenlerin farklı sıcaklıkta donmasına""]"
c6071fb0-a2c7-487e-a6c7-88864f9d09e8,sanat,5,a,gecti,0.840,0.640,,'Savatlama' nedir?,Gümüşe siyah dolgu işleme,"[""Ahşap boyama"",""Cam kesme"",""Kumaş dokuma"",""Gümüşe siyah dolgu işleme""]","[""Bakıra altın yaldız işleme"",""Gümüşe ince tel işleme"",""Çeliğe altın tel işleme"",""Gümüşe siyah dolgu işleme""]"
dbf5fa3b-f0ac-47fb-8562-d29c3e8594c2,cografya,3,b,dokunulmadi_b,0.950,,"İklimin uzun yıllar ortalamasına dayandığı temel ve çok bilinen bir kavramdır; çeldiriciler (gün, hafta, ay) hava durumu ölçeğinde olduğundan şıklar ne yazılırsa yazılsın doğru şık kavramsal olarak be",Bir bölgenin iklim verisi kaç yıllık ortalamaya dayanır?,Uzun yıllar ortalamasına,"[""Bir günlük veriye"",""Bir haftalık veriye"",""Bir aylık veriye"",""Uzun yıllar ortalamasına""]",
b882ea22-e547-4f3b-a5e0-6c2ac48c86b2,tarih,3,b,dokunulmadi_b,0.930,,"Bağlantısızlar Hareketi'nin adı bile bloklara katılmamayı çağrıştırıyor; doğru cevap kavramsal olarak belli, çeldirici ne yazılırsa yazılsın değişmez ve önceki turda 3 denemede düzeltilemedi.",'Bağlantısızlar Hareketi' neyi savundu?,Bloklara katılmamayı,"[""Bloklara katılmamayı"",""Batı ittifakını"",""Doğu ittifakını"",""Silahlanmayı""]",
d1c3acea-2643-4962-b708-51ef5ec4e870,bilim,3,a,gecti,0.980,0.570,,'Karbon döngüsü'nde okyanuslar ne işlev görür?,Karbon deposudur,"[""Karbon üretir"",""Karbon deposudur"",""Karbonu yok eder"",""Etkisizdir""]","[""Ozon deposudur"",""Karbon deposudur"",""Azot kaynağıdır"",""Helyum deposudur""]"
b13b5990-9686-4bd0-bed3-bae386006b86,teknoloji,5,a,kaldi,0.900,,"Jev ipucu p=0.77 > 0.75 (seçim: ""Çalışmayı belirli satırda durdurur"")",'Kesme noktası' (breakpoint) ne sağlar?,Çalışmayı belirli satırda durdurur,"[""Kodu siler"",""Derler"",""Yayınlar"",""Çalışmayı belirli satırda durdurur""]",
29bef700-1284-4c93-b99b-ab40cdc138d3,sinema,3,c,dokunulmadi_c,0.830,,"Doğru şık en uzun ve tek çok kelimeli olduğundan biçim ipucu belirgin (a lehine), ancak Sonnet'in üç denemesi hakemde 'çekim/kayıt/baskı' kavramlarının örtüşmesi yüzünden takıldı ve çeldirici yazmak r",'Sinematograf' ne işlev görüyordu?,Hem çekim hem gösterim,"[""Ses kaydı"",""Hem çekim hem gösterim"",""Yalnız kurgu"",""Yalnız baskı""]",
28757fef-e73f-4ff1-b303-60eeb66f673a,spor,3,b,dokunulmadi_b,0.900,,"St Andrews, 'golfün evi' olarak bilinen çok tanınmış tek doğru cevaptır; Troon, Carnoustie ve Muirfield gibi golf mekânlarından oluşan küçük bir kümede çeldirici ne yazılırsa yazılsın doğru şık en tan",'Golfün evi' olarak anılan Old Course hangi İskoç kasabasındadır?,St Andrews,"[""Royal Troon"",""Carnoustie"",""St Andrews"",""Muirfield""]",
32d5c5c0-bb34-46ee-ac7d-c223cd3c47b9,bilim,3,c,dokunulmadi_c,0.930,,"Doğru şık en uzun ve ayrıntılı (biçim ipucu) ama ötrofikasyonun sonucu iyi bilinen tek gerçek olduğundan kavramsal ipucu da var; Sonnet'in 3 denemede başarısız olması (b) lehine, çeldiriciler zayıf ol",'Ötrofikasyon' suda neye yol açar?,Aşırı alg üremesi ve oksijen azalması,"[""Aşırı alg üremesi ve oksijen azalması"",""Su berraklaşması"",""Sıcaklık düşüşü"",""Tuzlanma""]",
7a8ed9cf-a237-4238-a67f-00a1714dcc45,muzik,3,b,dokunulmadi_b,0.890,,"Purple Rain, Prince'in en tanınan albümü ve filmiyle özdeşleştiği için şıklar nasıl yazılırsa yazılsın en tanıdık seçenek olarak kalır; şık düzeltmesi işe yaramaz.",Prince'in 1984'te aynı adlı filmle birlikte çıkan albümü hangisidir?,Purple Rain,"[""Controversy"",""Sign o' the Times"",""Purple Rain"",""Parade""]",
0819f7c4-df4c-415b-a70c-88a43097025f,teknoloji,3,b,dokunulmadi_b,1.000,,Derleyicinin kaynak kodu makine koduna çevirdiği çok bilinen tek bir gerçektir ve çeldirici ne yazılırsa yazılsın doğru şık en tanıdık olan kalır; üç denemenin başarısız olması da bunu destekliyor.,Derleyici (compiler) ne yapar?,Kaynak kodu makine koduna çevirir,"[""Kaynak kodu yazıcıya döker"",""Kaynak kodu şifreleyip saklar"",""Kaynak kodu diskten siler"",""Kaynak kodu makine koduna çevirir""]",
93f61a51-005e-4940-b1d5-171794012557,spor,3,b,dokunulmadi_b,0.830,,"Biatlonun kayaklı koşu ve atıcılık olduğu çok bilinen tek bir gerçektir; çeldiriciler (triatlon, modern pentatlon, kayakla atlama gibi) ne yazılırsa yazılsın doğru şık en tanıdık kalır ve Sonnet'in 3 ",Biatlon hangi iki dalın birleşimidir?,Kayaklı koşu ve atıcılık,"[""Yüzme ve koşu"",""Kayaklı koşu ve atıcılık"",""Bisiklet ve koşu"",""Kayak ve atlama""]",
7b015cdc-4d2c-4b57-a5ed-4aa1b58f0b46,sanat,3,a,gecti,0.860,0.440,,'Alıntı' çağdaş sanatta ne yapar?,Bilinçli göndermeyle anlam üretir,"[""Gizler"",""Siler"",""Bilinçli göndermeyle anlam üretir"",""Kopyalar""]","[""Teknik ustalıkla özgünlük kanıtlar"",""Biçimsel indirgemeyle saflık arar"",""Bilinçli göndermeyle anlam üretir"",""Kendiliğinden jestle duygu aktarır""]"
dbddf4cf-2515-45d2-bbd0-e6c3f3008484,cografya,3,b,dokunulmadi_b,0.960,,"Bosna-Hersek'in başkenti Saraybosna, ülke-başkent gibi kapalı bir kümede en tanıdık seçenek olduğundan çeldirici ne yazılırsa yazılsın şıklardan tahmin edilir; şık düzeltmesi işe yaramaz.",Bosna-Hersek'in başkenti hangisidir?,Saraybosna,"[""Saraybosna"",""Mostar"",""Banja Luka"",""Tuzla""]",
e35085ef-ebf3-450a-a860-df079ea3a42f,teknoloji,4,b,dokunulmadi_b,0.830,,"Martin Cooper'ın ilk cep telefonu aramasını yapan kişi olduğu çok bilinen tek bir gerçektir ve diğer şıklar (Rubin, Metcalfe) farklı alanlardan tanınmış isimler olduğundan, şıklar değiştirilse de doğr",1973'te el tipi bir cep telefonuyla tarihteki ilk aramayı yapan Motorola mühendisi kimdir?,Martin Cooper,"[""Joel Engel"",""Andy Rubin"",""Robert Metcalfe"",""Martin Cooper""]",
5d05879f-1bfa-41fe-95cc-fcff9e11a025,teknoloji,3,a,sinirda,0.990,0.710,"Üç çeldirici aynı 'Yalnız X' kalıbında ve zayıf, doğru şık ise tek farklı biçimli ve en uzun olduğundan ipucu biçimden geliyor; eşit uzunlukta, eşit inandırıcı çeldiricilerle düzelebilir.",'Otonom sürüş' hangi verileri birleştirir?,Çoklu sensör verisini,"[""Yalnız kamerayı"",""Yalnız haritayı"",""Yalnız radarı"",""Çoklu sensör verisini""]","[""Sosyal medya verisini"",""Yolcu sağlık verisini"",""Radyo yayın sinyalini"",""Çoklu sensör verisini""]"
b3d1304b-5c21-46ab-bf7e-ac0f3a80d9aa,sanat,4,b,dokunulmadi_b,0.890,,Arnolfini Portresi'nin van Eyck'e ait olduğu çok bilinen tek bir gerçektir ve şıklar hep Erken Flaman ressamlarından oluşan küçük bir kümedir; çeldirici ne yazılırsa yazılsın van Eyck en tanıdık şık o,Arka duvardaki dışbükey aynasıyla ünlü 'Arnolfini'nin Portresi' kimin eseridir?,van Eyck,"[""van der Weyden"",""Campin"",""van Eyck"",""Memling""]",
acf984e2-7d3f-4724-8f0a-8e76c9167581,edebiyat,3,c,dokunulmadi_c,0.930,,"ilk turda sınırda (p 0,70–0,75) diye bilerek işaretli bırakıldı",'Çerçeveleme öyküsü' nedir?,Bir hikâyenin içinde başka hikâye,"[""Kadraj tekniği"",""Işık düzeni"",""Bir hikâyenin içinde başka hikâye"",""Ses efekti""]",
42f2415b-cdc8-4b10-839d-1a1bc3a3c2ae,spor,3,a,kaldi,0.960,,"Jev ipucu p=0.78 > 0.75 (seçim: ""Yarış içi ve dışında"")",'Doping testi' ne zaman uygulanabilir?,Yarış içi ve dışında,"[""Yalnız finalde"",""Yalnız antrenmanda"",""Yarış içi ve dışında"",""Yalnız sezon sonunda""]",
a2256eb4-f019-4b00-b1ac-fcb4ed244760,teknoloji,3,b,dokunulmadi_b,0.900,,CD'yi Sony ve Philips'in geliştirdiği çok bilinen bir gerçek olduğundan soru metni olmadan da doğru şık seçiliyor ve önceki turda 3 denemede yazılan çeldiriciler de işe yaramadığı için şık düzeltmesi ,Kompakt diski (CD) birlikte geliştiren iki şirket hangisidir?,Sony ve Philips,"[""Philips ve Panasonic"",""Toshiba ve Hitachi"",""Sony ve Toshiba"",""Sony ve Philips""]",
1f7b398f-44d6-4fcc-8541-ce7834e5c0a4,cografya,2,b,dokunulmadi_b,0.970,,"Ekoturizmin doğaya zarar vermeme ilkesi kavramsal olarak belli ve tek mantıklı cevap; şıklar yeniden yazılsa da (üç denemede başarısız olundu) doğru şık en tanıdık kalır, ancak uzunluk ve çok kelimeli",Ekoturizm hangi ilkeyi esas alır?,Doğaya zarar vermeden gezmeyi,"[""Kitlesel tatili"",""Sanayileşmeyi"",""Kentleşmeyi"",""Doğaya zarar vermeden gezmeyi""]",
749602f2-d780-46a5-a684-ce36b9a8f8d1,sinema,4,a,sinirda,0.980,0.710,"Doğru şık tek çoklu ve en uzun şık, çeldiriciler ise 'Yalnız ...' kalıbında zayıf; aynı kalıpta eşit uzunlukta inandırıcı çeldiriciler yazılınca (örn. 'Oyunculuk, yapımcılık, kurgu') düzelir.",Yılmaz Güney hangi alanlarda üretmiştir?,"Oyunculuk, yönetmenlik, senaryo","[""Oyunculuk, yönetmenlik, senaryo"",""Yalnız oyunculuk"",""Yalnız yapımcılık"",""Yalnız kurgu""]","[""Oyunculuk, yönetmenlik, senaryo"",""Görüntü yönetmenliği, müzik, kurgu"",""Sanat yönetmenliği, kostüm, dekor"",""Seslendirme, dublaj, koreografi""]"
693b15b3-b1ba-4001-8b57-36462d071d2e,cografya,3,c,dokunulmadi_c,0.760,,"Doğru şık en uzun ve çok kelimeli, çeldiriciler de belirgin biçimde olumlu ya da alakasız olduğundan biçim ipucu var (a), ancak Sonnet 3 denemede geçerli çeldirici yazamadı ve hakem benzer sonuçları t",Kum ve çakıl ocaklarının dere yatağındaki riski nedir?,Yatağın bozulup taşkın artması,"[""Suyun temizlenmesi"",""Balığın çoğalması"",""Erozyonun bitmesi"",""Yatağın bozulup taşkın artması""]",
b9d690f9-ea1a-4348-9c33-8ea3f77cdf09,bilim,2,b,dokunulmadi_b,0.760,,"İyonun elektron alıp vermeyle oluştuğu temel ve çok bilinen bir kavramdır, çeldiriciler ne yazılırsa yazılsın doğru şık kavramsal olarak belli kalır ve Sonnet'in 3 denemesi de geçemedi.",'İyon' nasıl oluşur?,Elektron alıp vererek,"[""Nötron alarak"",""Proton vererek"",""Bölünerek"",""Elektron alıp vererek""]",
c771be3b-e71b-41f2-b821-28e574a38f7e,teknoloji,5,b,dokunulmadi_b,0.850,,"Şıklar aynı türde ve benzer uzunlukta; ipucu biçimden değil, 'WorldWideWeb' adının Berners-Lee ile ilk tarayıcıya zaten en belirgin biçimde bağlanmasından geliyor, bu yüzden çeldirici değişimi sorunu ",Tim Berners-Lee'nin yazdığı ilk web tarayıcısının adı neydi?,WorldWideWeb,"[""WorldWideWeb"",""MidasWWW"",""Line Mode Browser"",""ViolaWWW""]",
2ec21c17-dcf5-453c-b840-bc4f989104e6,edebiyat,3,c,dokunulmadi_c,0.760,,"ilk turda sınırda (p 0,70–0,75) diye bilerek işaretli bırakıldı",'Alice Harikalar Diyarında'nın yazarı Lewis Carroll'ın gerçek soyadı nedir?,Dodgson,"[""Tenniel"",""Dodgson"",""Liddell"",""Kingsley""]",
8308ac29-5212-445e-aa81-7140edc70c3a,teknoloji,5,a,kaldi,0.880,,"Jev ipucu p=1.00 > 0.75 (seçim: ""İş parçacığı süreç içinde çalışır"")",'Süreç' (process) ile 'iş parçacığı' farkı nedir?,İş parçacığı süreç içinde çalışır,"[""İkisi aynıdır"",""İş parçacığı süreç içinde çalışır"",""Süreç daha hafiftir"",""İş parçacığı bağımsızdır""]",
633d317d-bad4-4e64-b28c-cf6c079f57a7,teknoloji,4,a,gecti,0.760,0.690,,Yazılımda dış kütüphaneleri yenilemek neden gerekir?,Güvenlik açıklarını kapatmak,"[""Güvenlik açıklarını kapatmak"",""Kodu kısaltmak"",""Renk değiştirmek"",""Ekran açmak""]","[""Güvenlik açıklarını kapatmak"",""Lisans ücretlerini sıfırlamak"",""Kaynak kodunu şifrelemek"",""Sürüm numarasını gizlemek""]"
5f2a7418-9f18-4a34-9589-c19d7864909e,spor,4,b,dokunulmadi_b,0.800,,Jackie Robinson'ın 42 numarası çok bilinen bir gerçek olduğundan şıklara bakmadan da bilinir; ayrıca şıklar zaten ünlü beyzbolcular olduğu için çeldirici değiştirmek sorunu çözmez.,Beyzbolda 1997'de bütün MLB takımlarında emekliye ayrılan 42 numaralı forma kime aitti?,Jackie Robinson,"[""Roberto Clemente"",""Hank Aaron"",""Lou Gehrig"",""Jackie Robinson""]",
174b3850-a680-4b80-b1d6-fb88fdd903bb,sinema,3,a,gecti,0.930,0.670,,Yılmaz Güney hangi alanda tanınır?,Yönetmen ve oyuncu,"[""Yalnız besteci"",""Yalnız kurgucu"",""Yönetmen ve oyuncu"",""Yalnız yapımcı""]","[""Besteci ve şef"",""Kurgucu ve görüntücü"",""Yönetmen ve oyuncu"",""Eleştirmen ve akademisyen""]"
db135c84-8e80-448b-9cc6-281366d7e422,tarih,4,a,gecti,0.840,0.310,,Sened-i İttifak hangi konuda önemlidir?,Padişah yetkisinin ilk kez sınırlanması,"[""Padişah yetkisinin ilk kez sınırlanması"",""Toprak dağıtımı"",""Ordu kurulması"",""Vergi artışı""]","[""Padişah yetkisinin ilk kez sınırlanması"",""Gayrimüslimlere eşitliğin ilk kez tanınması"",""Meclis-i Mebusan'ın ilk kez açılması"",""Ayanlık sisteminin ilk kez kaldırılması""]"
4a88beb3-3513-4901-aa50-3417c68d26ab,cografya,2,a,kaldi,1.000,,"Jev ipucu p=0.99 > 0.75 (seçim: ""Bir akarsuyu besleyen tüm alanı"")",Akarsu havzası kavramı neyi kapsar?,Bir akarsuyu besleyen tüm alanı,"[""Yalnız yatağını"",""Yalnız ağzını"",""Bir akarsuyu besleyen tüm alanı"",""Yalnız kaynağını""]",
8ba63c9a-990b-4ef4-bc86-61f5fe512e78,muzik,3,a,kaldi,0.920,,"Jev ipucu p=0.86 > 0.75 (seçim: ""Çalabildiği en pes ve en tiz aralık"")",Bir çalgının 'ses genişliği' neyi ifade eder?,Çalabildiği en pes ve en tiz aralık,"[""Gövde boyutunu"",""Tel sayısını"",""Çalabildiği en pes ve en tiz aralık"",""Ağırlığını""]",
e109f323-55e0-4b10-bdda-70b8131b25a4,edebiyat,5,b,dokunulmadi_b,0.850,,"Pan Tadeusz'un yazarı Adam Mickiewicz çok bilinen tek gerçektir; çeldiriciler de aynı dönemin Polonyalı romantik şairleri olduğundan şık düzeltmesi işe yaramaz, doğru şık en tanıdık olan kalır.",Polonya'nın ulusal destanı sayılan 'Pan Tadeusz'un şairi kimdir?,Adam Mickiewicz,"[""Cyprian Norwid"",""Adam Mickiewicz"",""Juliusz Słowacki"",""Zygmunt Krasiński""]",
10c8ee06-6647-4b5a-8373-fb3df8ec2eec,bilim,2,b,dokunulmadi_b,0.910,,"Doğru şık, çeldirici ne yazılırsa yazılsın bilimsel teorinin bilinen tanımı olarak öne çıkıyor ve Sonnet'in 3 denemede çeldirici düzeltmesi başarısız olduğu için şık düzeltmesi işe yaramaz.",Bilimsel teori ne demektir?,Kanıtlarla desteklenmiş açıklama,"[""Geleceğe dönük bir tahmin"",""Kişisel bir görüş fikri"",""Denenmemiş bir varsayım"",""Kanıtlarla desteklenmiş açıklama""]",
af3f3ce7-1a86-471f-8b46-9a89236c5339,bilim,3,b,dokunulmadi_b,0.950,,Doğru cevap (gen ve çevre etkileşimi) çok bilinen bir kavramsal gerçek olduğundan şıklara bakmadan da seçiliyor ve Sonnet'in üç denemesi başarısız olduğu için şık düzeltmesi işe yaramaz.,'Fenotip' neyle belirlenir?,Gen ve çevre etkileşimiyle,"[""Yalnız çevreyle"",""Yalnız genle"",""Rastgele"",""Gen ve çevre etkileşimiyle""]",
c3c01af6-6222-45b0-b946-67acb843eba0,sinema,3,b,dokunulmadi_b,0.910,,Marion Cotillard'ın La Vie en Rose ile Édith Piaf rolünden Oscar kazanması çok bilinen bir gerçek; şıklar gizliyken bile en tanıdık Fransız şarkıcı Piaf seçildiği için çeldirici değişikliği işe yarama,Marion Cotillard Oscar'ı hangi şarkıcıyı canlandırarak kazanmıştır?,Édith Piaf,"[""Édith Piaf"",""Juliette Gréco"",""Dalida"",""Barbara""]",
e5ba202d-c1c6-4a1f-a967-0d373130a778,teknoloji,5,a,gecti,0.830,0.630,,Konteyner teknolojisi sanal makineden nasıl ayrılır?,İşletim sistemi çekirdeğini paylaşması,"[""Daha ağır olması"",""İşletim sistemi çekirdeğini paylaşması"",""Donanım gerektirmesi"",""Ağ kurmaması""]","[""Misafir işletim sistemini önyüklemesi"",""İşletim sistemi çekirdeğini paylaşması"",""Donanımı hipervizörle tamamen sanallaştırması"",""Kendi çekirdek kopyasını yüklemesi""]"
1cbf721b-faee-4219-852e-09b167aa015a,bilim,2,b,dokunulmadi_b,0.930,,"Virüsün konak hücreye muhtaç olması çok bilinen kavramsal bir gerçek olduğundan soru gizliyken bile doğru şık seçilir, üstelik önceki turda Sonnet 3 denemede çeldirici yazarak düzeltemedi.",'Virüs' hangi özelliğiyle ayrılır?,Konak hücreye muhtaçtır,"[""Kendi başına ürer"",""Hücrelidir"",""Enzim üretir"",""Konak hücreye muhtaçtır""]",
1677dad7-300f-4afd-a83c-6a53f06a0faf,sinema,3,a,gecti,0.970,0.390,,'Ses tasarımı' neyi kapsar?,Tüm işitsel katmanı,"[""Yalnız müziği"",""Yalnız diyalogu"",""Tüm işitsel katmanı"",""Yalnız efekti""]","[""Tüm görsel katmanı"",""Yalnız efekt katmanı"",""Tüm işitsel katmanı"",""Tüm kurgu katmanı""]"
350e9bd8-8160-4025-926d-82d5c13755ca,muzik,4,a,gecti,0.890,0.670,,Kantat türünün özelliği nedir?,"Solist, koro ve çalgı için yazılması","[""Yalnız solo piyano olması"",""Solist, koro ve çalgı için yazılması"",""Sahnelenmesi"",""Doğaçlama olması""]","[""Tek çalgı ve orkestra için yazılması"",""Solist, koro ve çalgı için yazılması"",""Sahnede kostüm ve dekorla oynanması"",""Çalgısız, yalnızca koro için yazılması""]"
345215c3-32b2-4798-8d91-e977fadb849c,cografya,2,a,kaldi,0.950,,"Jev ipucu p=0.82 > 0.75 (seçim: ""Oksijen üretimi ve karbon tutumu"")",Amazon ormanlarının küresel önemi nedir?,Oksijen üretimi ve karbon tutumu,"[""Oksijen üretimi ve karbon tutumu"",""Petrol üretimi"",""Buzul dengesi"",""Tuz üretimi""]",
07dbd3b9-e201-4928-a82b-83686e64f8ce,teknoloji,3,b,dokunulmadi_b,0.880,,"Bulut bilişimin uzak kaynağı kullandıkça ödeme modeli olduğu çok bilinen kavramsal bir gerçek; çeldiriciler (yerel disk, kâğıt arşiv, tek makine) kavramın zıttı olduğu için ne yazılırsa yazılsın doğru",'Bulut bilişim' hangi modeli sunar?,Kullandıkça ödenen uzak kaynak,"[""Yerel diskte kalıcı saklama"",""Kâğıt üzerinde arşivleme"",""Tek makinede sabit çalışma"",""Kullandıkça ödenen uzak kaynak""]",
2a5cca6b-251c-4d02-a27f-6c45303d7b4f,teknoloji,5,a,gecti,0.900,0.290,,'Kaynak haritası' (source map) ne sağlar?,Küçültülmüş kodu okunur hâle getirmeyi,"[""Küçültülmüş kodu okunur hâle getirmeyi"",""Ağ hızını"",""Şifrelemeyi"",""Depolamayı""]","[""Küçültülmüş kodu okunur hâle getirmeyi"",""Okunur kodu küçültülmüş hâle getirmeyi"",""Derlenmiş kodu yürütülebilir hâle getirmeyi"",""Açık kodu gizlenmiş hâle getirmeyi""]"
63a993a7-f85c-4c4a-b060-e946e1e8fe4a,spor,4,b,dokunulmadi_b,0.870,,"Kipchoge'un 2019 Viyana'da iki saat altı koşusu çok bilinen tek gerçek olduğundan, şıklar yeniden yazılsa da en tanıdık maraton ismi olarak doğru şık öne çıkmaya devam eder.",2019'da Viyana'da maraton mesafesini resmî olmayan bir koşuda iki saatin altında koşan atlet kimdir?,Eliud Kipchoge,"[""Haile Gebrselassie"",""Kenenisa Bekele"",""Eliud Kipchoge"",""Kelvin Kiptum""]",
bc28d429-e864-4188-9c4e-26836b02121e,teknoloji,4,a,kaldi,0.860,,"Jev ipucu p=0.80 > 0.75 (seçim: ""İşlemci zamanını paylaştırır"")",'Zamanlayıcı' (scheduler) ne yapar?,İşlemci zamanını paylaştırır,"[""Dosya açar"",""Ağ kurar"",""Şifre üretir"",""İşlemci zamanını paylaştırır""]",
145a2541-2f5d-4155-ad4c-28140448a5d5,muzik,4,a,gecti,0.750,0.530,,'Kontrpuan' neyi düzenler?,Bağımsız ezgilerin birlikteliğini,"[""Tek bir ezginin gidişini"",""Ritim kalıplarının düzenini"",""Nüans ve şiddet düzeyini"",""Bağımsız ezgilerin birlikteliğini""]","[""Çalgıların ses renklerinin karışımını"",""Bölümlerin yapısal sıralanışını"",""Ölçülerdeki vurgu düzenini"",""Bağımsız ezgilerin birlikteliğini""]"
528ce5cf-f7ce-4175-9a42-1657cb854cd0,tarih,3,c,dokunulmadi_c,0.920,,"ilk turda sınırda (p 0,70–0,75) diye bilerek işaretli bırakıldı",'Sanayi Planı' hangi amaçla hazırlanmıştır?,Devlet eliyle sanayileşmek,"[""Tarımı azaltmak"",""Devlet eliyle sanayileşmek"",""İthalatı artırmak"",""Göçü durdurmak""]",
93419796-eece-442a-91ca-7e6dadb017c2,teknoloji,4,a,gecti,0.920,0.120,,'Bellek sızıntısı' ne demektir?,Kullanılmayan belleğin geri verilmemesi,"[""Diskin dolması"",""Kullanılmayan belleğin geri verilmemesi"",""Ağ kaybı"",""Veri bozulması""]","[""Bellekteki verinin yetkisiz okunması"",""Kullanılmayan belleğin geri verilmemesi"",""Ayrılan belleğin sınırının aşılması"",""Fiziksel belleğin diske taşınması""]"
72942e10-1f47-4186-ba8a-9c220763f230,teknoloji,4,a,kaldi,0.990,,"Jev ipucu p=0.97 > 0.75 (seçim: ""Gerekli olan en düşük yetkiyi vermek"")","Yazılım güvenliğinde ""en az yetki"" ilkesi nedir?",Gerekli olan en düşük yetkiyi vermek,"[""Yetki vermemek"",""Rastgele yetki"",""Gerekli olan en düşük yetkiyi vermek"",""Herkese tam yetki""]",
f2888556-b06c-4a3f-9dda-0197c618f5c3,teknoloji,4,a,gecti,0.390,0.580,,1981 tarihli Donkey Kong oyununda Mario'nun kullanılan ilk adı neydi?,Jumpman,"[""Jumpman"",""Hopman"",""Runman"",""Climbman""]","[""Jumpman"",""Hammerman"",""Climbman"",""Ladderman""]"
67375812-8048-442b-b83f-721f802c80b6,teknoloji,5,a,kaldi,0.600,,"Jev ipucu p=0.93 > 0.75 (seçim: ""Bağımsız küçük hizmetler"")",'Mikro hizmet' mimarisinde uygulama nasıldır?,Bağımsız küçük hizmetler,"[""Tek büyük parça"",""Bağımsız küçük hizmetler"",""Yalnız istemci"",""Yalnız veritabanı""]",
30ec9fa9-58f4-41ad-bac3-a8dbacdc3dd0,muzik,4,a,sinirda,0.920,0.720,"Doğru şık tek çok kelimeli ve en uzun açıklama, çeldiriciler ise tek kelimelik kısa türler; aynı biçimde ve uzunlukta çeldiriciler yazılırsa ipucu giderilir.","""Oratoryo"" ne demektir?",Sahnesiz büyük vokal-orkestra eseri,"[""Bale"",""Marş"",""Sahnesiz büyük vokal-orkestra eseri"",""Operet""]","[""Sahneli büyük dans-orkestra eseri"",""Eşliksiz kısa dinsel koro eseri"",""Sahnesiz büyük vokal-orkestra eseri"",""Sahneli hafif konuşmalı-şarkılı eser""]"
83af0fc4-b715-45e8-848b-ba974ee85f87,sanat,3,a,kaldi,1.000,,"Jev ipucu p=1.00 > 0.75 (seçim: ""Porselenin daha ince ve saydam olması"")",Seramik ile porselen arasındaki fark nedir?,Porselenin daha ince ve saydam olması,"[""Porselenin daha ince ve saydam olması"",""Seramiğin saydam olması"",""İkisinin aynı olması"",""Porselenin pişmemesi""]",
3602d5e7-027f-450d-9c20-279813a6fe0f,edebiyat,4,a,sinirda,0.950,0.740,"Doğru şık tek olumlu ve doğal ifadeli seçenek, çeldiriciler ise olumsuz, aşırı kısıtlayıcı ('yalnızca') ve zayıf kurulmuş; aynı kalıpta, eşit inandırıcı çeldiricilerle düzelir.",Ahmet Mithat Efendi hangi yönüyle bilinir?,Halk için yazması,"[""Tiyatro yazmaması"",""Halk için yazması"",""Ağır dil kullanması"",""Şiir yazması yalnızca""]","[""Saray için yazması"",""Halk için yazması"",""Sanat için yazması"",""Aydınlar için yazması""]"
2d476c5f-1b71-4971-9f18-1a291e8b0a82,sanat,4,b,dokunulmadi_b,0.610,,Çığlık atan papa resimleri Francis Bacon'ın en ünlü işidir ve bu bilgi şıklara bakmadan da bilinir; çeldiriciler (aynı kalıpta ve aynı dönemin İngiliz ressamları) zaten güçlü olduğundan şık düzeltmesi,Velázquez'in Papa X. Innocentius portresinden esinlenerek 'çığlık atan papa' resimleri yapan ressam kimdir?,Francis Bacon,"[""Francis Bacon"",""Lucian Freud"",""Graham Sutherland"",""Frank Auerbach""]",
a7e2b297-ad62-4ad4-b30b-2b349ec8713c,cografya,3,b,dokunulmadi_b,0.930,,"Ülke-başkent gibi kapalı bir kümede Bişkek en tanıdık şık olarak kalır, çeldirici ne yazılırsa yazılsın ipucu sürer ve önceki üç deneme de başarısız oldu.",Kırgızistan'ın başkenti hangisidir?,Bişkek,"[""Bişkek"",""Oş"",""Celalabad"",""Karakol""]",
52d97857-a9e4-4710-b0d2-1c4ad56d6504,cografya,4,a,gecti,0.940,0.630,,Akiferin tanımı nedir?,Su tutan ve ileten geçirimli katman,"[""Geçirimsiz kil tabakası"",""Su tutan ve ileten geçirimli katman"",""Volkanik koni"",""Buzul yatağı""]","[""Su tutan ama iletmeyen geçirimsiz katman"",""Su tutan ve ileten geçirimli katman"",""Suyu ne tutan ne ileten katman"",""Gözenekleri havayla dolu doymamış toprak katmanı""]"
2657ee35-c8b5-4bcf-8d47-1aa59b346769,edebiyat,2,a,kaldi,0.800,,"Jev ipucu p=0.85 > 0.75 (seçim: ""Efsanenin gerçek bir yere bağlanması"")",Efsane ile masal arasındaki fark nedir?,Efsanenin gerçek bir yere bağlanması,"[""Masalın gerçek olması"",""Efsanenin kısa olması"",""Efsanenin gerçek bir yere bağlanması"",""İkisinin aynı olması""]",
6a5a2ffe-d6d5-4688-be00-512a9dd3bb4e,teknoloji,4,a,gecti,0.940,0.490,,Değişken programlamada neyi ifade eder?,Veriyi saklayan adlandırılmış alan,"[""Bir komut"",""Veriyi saklayan adlandırılmış alan"",""Bir dosya"",""Bir cihaz""]","[""Kodu tekrarlayan adlandırılmış blok"",""Veriyi saklayan adlandırılmış alan"",""Komutları çalıştıran adlandırılmış süreç"",""Dosyaları gruplayan adlandırılmış klasör""]"
c571e93d-586f-44c8-958d-835349f7e971,cografya,3,a,gecti,0.930,0.330,,Yüzeysel akış ne zaman artar?,Toprak doygunsa veya geçirimsizse,"[""Toprak kuruysa"",""Yağış azsa"",""Bitki örtüsü fazlaysa"",""Toprak doygunsa veya geçirimsizse""]","[""Toprak kumluysa veya gözenekliyse"",""Yağış hafifse veya aralıklıysa"",""Arazi düzse veya ormanlıksa"",""Toprak doygunsa veya geçirimsizse""]"
1cf64cac-e726-44a4-b175-caf181a5572c,teknoloji,3,a,sinirda,0.880,0.700,"Doğru şık tek çok kelimeli ve en uzun şık, çeldiriciler ise kısa iki kelimelik arıza kalıbında olduğundan eşit uzunlukta ve aynı ayrıntı düzeyinde inandırıcı çeldiriciler yazılınca ipucu düzelir.",'Veri sızıntısı' ne demektir?,Verinin yetkisiz ellere geçmesi,"[""Disk arızası"",""Ağ kesintisi"",""Kod hatası"",""Verinin yetkisiz ellere geçmesi""]","[""Verinin depolama kapasitesini aşması"",""Verinin yedeksiz kalıcı silinmesi"",""Verinin iletimde bozularak değişmesi"",""Verinin yetkisiz ellere geçmesi""]"
b09d1a2f-abf5-459b-bdd5-ada34259b26d,spor,4,a,gecti,0.690,0.530,,'Beklenen gol' ölçütü neyi tahmin eder?,Şutun gol olma olasılığını,"[""Skoru kesin"",""Kart sayısını"",""Pas sayısını"",""Şutun gol olma olasılığını""]","[""Maçın berabere bitme olasılığını"",""Faulün kart görme olasılığını"",""Takımın şampiyon olma olasılığını"",""Şutun gol olma olasılığını""]"
9baf3d25-a1d1-45d3-a88c-04c2bc7c261d,sanat,3,b,dokunulmadi_b,0.950,,"Vitrayın renkli camların kurşunla birleştirilmesiyle yapıldığı çok bilinen bir gerçek, şıklara bakmadan da biliniyor; önceki turda 3 çeldirici denemesi de başarısız oldu, şık düzeltmesi işe yaramaz.",'Vitray' nasıl üretilir?,Renkli camları kurşunla birleştirerek,"[""Ahşap oyarak"",""Taş yontarak"",""Renkli camları kurşunla birleştirerek"",""Metal döverek""]",
9edaa9f4-16fd-4559-ac92-a32d50ca4c99,cografya,2,a,gecti,0.970,0.610,,Çölleşmenin başlıca insan kaynaklı nedeni nedir?,Aşırı otlatma ve ormansızlaşma,"[""Baraj yapımı"",""Aşırı otlatma ve ormansızlaşma"",""Şehirleşme"",""Ulaşım""]","[""Aşırı avlanma ve balıkçılık"",""Aşırı otlatma ve ormansızlaşma"",""Kıyı turizmi ve marinalar"",""Ozon delinmesi ve ışık kirliliği""]"
2317fff0-9298-46e9-b488-04e34c9f7607,sinema,3,a,gecti,0.770,0.360,,Bağımsız sinema kavramı neyi vurgular?,Büyük stüdyo dışında üretimi,"[""Yüksek bütçeyi"",""Yıldız oyuncuları"",""Büyük stüdyo dışında üretimi"",""Geniş dağıtımı""]","[""Büyük stüdyo bünyesinde üretimi"",""Yıldız sistemine dayalı üretimi"",""Büyük stüdyo dışında üretimi"",""Gişe hedefli seri üretimi""]"
b94f72de-04d5-40d7-8591-3d1c803e4e52,muzik,3,a,kaldi,0.890,,"Jev ipucu p=0.85 > 0.75 (seçim: ""Yankı süresi ve yayılıma"")",'Konser salonu akustiği' neye göre tasarlanır?,Yankı süresi ve yayılıma,"[""Renge"",""Yankı süresi ve yayılıma"",""Koltuk rengine"",""Bilet fiyatına""]",
3cd93649-cddb-4f12-ab09-311152d3e877,sinema,3,a,gecti,0.960,0.240,,'Yaşlandırma efekti' hangi yollarla yapılır?,Protez makyaj veya sayısal işlemle,"[""Yalnız kurguyla"",""Protez makyaj veya sayısal işlemle"",""Yalnız ışıkla"",""Yalnız kostümle""]","[""Ağır çekim veya ters çekimle"",""Protez makyaj veya sayısal işlemle"",""Ses kurgusu veya dublaj kaydıyla"",""Vinç çekimi veya zoom merceğiyle""]"
38dc4633-6634-439a-a053-15c936f23e15,bilim,1,b,dokunulmadi_b,0.730,,Kanguru yavrusunun annesinin kesesinde geliştiği çok bilinen bir genel bilgidir; şıklar gizlense bile 'kese' kanguruyla özdeşleştiği için çeldirici ne yazılırsa yazılsın doğru şık en tanıdık olan kalı,Yeni doğan kanguru yavrusu gelişimini annesinin neresinde tamamlar?,Kesesinde,"[""Kuyruğunda"",""Sırtında"",""Kesesinde"",""Yuvasında""]",
20313230-ac17-46a0-affd-e3ce4e185b19,teknoloji,4,a,gecti,0.890,0.670,,Yapay zekâda 'model eğitimi' ne demektir?,Veriden parametre öğrenilmesi,"[""Veriden parametre öğrenilmesi"",""Kod yazılması"",""Sunucu kurulması"",""Test edilmesi""]","[""Veriden parametre öğrenilmesi"",""Parametrelerden çıktı üretilmesi"",""Verinin etiketlerle işaretlenmesi"",""Modelin doğruluğunun ölçülmesi""]"
6ea0168d-881d-4c35-9d9a-8a112a8e0d37,teknoloji,5,a,kaldi,0.700,,kural işareti: dogru_coklu_kelime,'GPL' lisansının ayırt edici koşulu nedir?,Türev işin de açık kalması,"[""Ücretli olması"",""Kapalı kaynak zorunluluğu"",""Reklam zorunluluğu"",""Türev işin de açık kalması""]",
06d2d84e-9314-4666-b731-873d237b7293,sanat,2,a,kaldi,0.870,,"Jev ipucu p=1.00 > 0.75 (seçim: ""Galeri genelde satış yapar"")",'Galeri' ile 'müze' farkı nedir?,Galeri genelde satış yapar,"[""Yalnızca boyutları farklıdır"",""Yalnızca konumları farklıdır"",""Yalnızca binaları farklıdır"",""Galeri genelde satış yapar""]",
22cff7a1-62cb-484e-b869-b7162385e356,teknoloji,5,a,gecti,0.970,0.190,,'RAID' yapılandırması ne sağlar?,Performans veya yedeklilik,"[""Yalnız hız"",""Yalnız şifreleme"",""Yalnız kapasite"",""Performans veya yedeklilik""]","[""Şifreleme veya sıkıştırma"",""Sanallaştırma veya izolasyon"",""Yönlendirme veya adresleme"",""Performans veya yedeklilik""]"
02068961-92cd-417c-abca-2b9310839dde,sanat,5,b,dokunulmadi_b,0.880,,"Yaşama Sevinci'nin Matisse'e ait olduğu çok bilinen tek bir gerçek ve şıklar fovizmin tanıdık isimlerinden oluşan küçük bir küme; soru gizliyken bile Matisse en tanıdık şık kalır, çeldirici değişimi i",Fovizmin anıtsal eserlerinden 'Yaşama Sevinci' (1905-06) tablosunun ressamı kimdir?,Matisse,"[""Derain"",""Matisse"",""Dufy"",""Vlaminck""]",
24b66787-9ee6-4e80-a61d-f19d6ae6318b,teknoloji,3,a,kaldi,0.960,,kural işareti: dogru_coklu_kelime,Çok çekirdekli işlemcinin avantajı nedir?,Aynı anda birden çok iş yürütmek,"[""Daha az çekirdek"",""Daha az bellek"",""Aynı anda birden çok iş yürütmek"",""Daha az güç zorunlu""]",
ae103116-f802-4b4f-8293-05d1e1d70825,muzik,3,c,dokunulmadi_c,0.870,,"Doğru şık en uzun ve tek çok kelimeli, çeldiriciler zayıf ve alakasız olduğundan biçim ipucu var; ancak 'temel frekans' kavramı armonik sesle zaten sıkı bağlı olduğu için üç denemenin başarısız olması",'Armonik ses' nasıl oluşur?,Temel frekansın katlarıyla,"[""Temel frekansın katlarıyla"",""Sessizlikle"",""Yankıyla"",""Vurmayla""]",
a70dc585-7d3f-476b-b1e7-b44fc5dc900d,teknoloji,4,a,gecti,0.750,0.500,,İlişkisel veritabanında 'birincil anahtar' ne yapar?,Satırı benzersiz tanımlar,"[""Veriyi şifreler"",""Satırı benzersiz tanımlar"",""Tabloyu sıralar"",""Yedek alır""]","[""Sütun türünü belirler"",""Satırı benzersiz tanımlar"",""Yinelenen satırları siler"",""Satırı kalıcı kilitler""]"
6aed8efa-9509-40f8-b4d6-7218953ea650,cografya,4,a,gecti,0.860,0.140,,Konya Ovası'nda obrukların artmasının nedeni nedir?,Yeraltı suyunun aşırı kullanımı,"[""Deprem sıklığı"",""Yeraltı suyunun aşırı kullanımı"",""Yağış fazlalığı"",""Volkanik etkinlik""]","[""Kimyasal gübrenin aşırı kullanımı"",""Yeraltı suyunun aşırı kullanımı"",""Orman alanlarının aşırı azalması"",""Rüzgâr erozyonunun aşırı artması""]"
cac476ac-478e-45bb-a20d-1d9b1f08dae0,bilim,1,b,dokunulmadi_b,0.780,,Çekirdeğin proton ve nötrondan oluştuğu çok bilinen temel bir bilgidir; soru gizli olsa da doğru cevap kavramsal olarak belli olduğundan çeldirici düzeltmesi işe yaramaz.,Bir atomun çekirdeğinde hangi iki parçacık bulunur?,Proton ve nötron,"[""Elektron ve foton"",""Nötron ve elektron"",""Kuark ve iyon"",""Proton ve nötron""]",
6b398080-0c89-4ba5-acf9-9fb150626961,sanat,4,b,dokunulmadi_b,0.730,,"Willendorf Venüsü, Avusturya'daki en ünlü tarih öncesi Venüs figürü olarak şıklara bakmadan da bilinir; çeldiriciler aynı kalıpta ve eşit uzunlukta olduğundan ipucu biçimden değil, doğru cevabın tanın","Avusturya'da bulunan, yaklaşık 30 bin yıllık kireçtaşı kadın figürü hangi adla bilinir?",Willendorf Venüsü,"[""Laussel Venüsü"",""Willendorf Venüsü"",""Lespugue Venüsü"",""Hohle Fels Venüsü""]",
06822b70-cd2b-4b8c-aaa9-2073d2f1b01f,cografya,5,a,sinirda,0.860,0.700,"Jev ipucu p=0.87 > 0.75 (seçim: ""Suya doygun kum zeminlerde"")",Zemin sıvılaşması hangi zeminlerde görülür?,Suya doygun kum zeminlerde,"[""Kayalık zeminlerde"",""Donmuş zeminlerde"",""Kuru killi zeminlerde"",""Suya doygun kum zeminlerde""]","[""Kuru gevşek kum zeminlerde"",""Sağlam granit kaya zeminlerde"",""Kuru sıkıştırılmış çakıl zeminlerde"",""Suya doygun kum zeminlerde""]"
793b974d-d030-4025-b1e9-994c5a2e97a6,teknoloji,5,a,gecti,0.950,0.570,,'Sıfır güven' (zero trust) yaklaşımı neyi öngörür?,Her erişimin doğrulanmasını,"[""Her erişimin doğrulanmasını"",""İç ağın güvenli sayılmasını"",""Şifresiz erişimi"",""Tek doğrulamayı""]","[""Her erişimin doğrulanmasını"",""Ağ çevresinin güçlendirilmesini"",""Doğrulananın serbestçe dolaşmasını"",""Her ağın fiziksel ayrılmasını""]"
ba86bb06-52d0-407f-a4de-63e80c0e7e24,cografya,3,b,dokunulmadi_b,0.930,,"Doğru cevap kavramsal olarak belli (coğrafi işaretli ürünler yöreyi tanıtıp turizme katkı sağlar), çeldiriciler ne yazılırsa yazılsın en makul şık aynı kalır ve önceki turda 3 denemede çeldirici yazım",Coğrafi işaretli ürünlerin turizme katkısı nedir?,Yöreyi tanıtıp ziyaretçi çekmesi,"[""Yöreyi tanıtıp ziyaretçi çekmesi"",""Fiyatı düşürmesi"",""Üretimi azaltması"",""İhracatı engellemesi""]",
260f2807-4a86-43d6-8602-01b56c8cb2b9,muzik,4,a,gecti,0.840,0.370,,'Bel canto' söyleyiş anlayışı neyi vurgular?,Güzel ve akıcı sesi,"[""Sert tonu"",""Konuşmayı"",""Bağırmayı"",""Güzel ve akıcı sesi""]","[""Yalın ve vibratosuz sesi"",""Ritmik ve konuşur sesi"",""Gür ve haykırır sesi"",""Güzel ve akıcı sesi""]"
375a0e59-f20c-4804-94dd-d2f2885799e5,sinema,3,a,kaldi,0.900,,"Jev ipucu p=0.80 > 0.75 (seçim: ""Filmin anlam ve biçim yapısını"")",'Sinema kuramı' neyi inceler?,Filmin anlam ve biçim yapısını,"[""Filmin anlam ve biçim yapısını"",""Bilet fiyatını"",""Salon sayısını"",""Reklamı""]",
3a33cb50-5a36-4ba0-a18b-a8ad0f808664,bilim,1,b,dokunulmadi_b,0.820,,"Fiziksel değişim örneği olarak buzun erimesi çok bilinen klasik bir örnek olduğundan, çeldiriciler (ekşime, yanma, paslanma) kimyasal değişimin tipik örnekleri olarak kaldığı sürece doğru şık hep en t",Hangisi fiziksel değişimdir?,Buzun erimesi,"[""Buzun erimesi"",""Sütün ekşimesi"",""Kağıdın yanması"",""Demirin paslanması""]",
4a012f4c-1b6b-416b-bbcb-aa6e54e54732,sinema,4,b,dokunulmadi_b,0.910,,"Antalya Altın Portakal, Türkiye'nin en köklü ve en tanınmış film festivali olarak şıklara bakılmadan da bilinir; şıklar dört gerçek festival olduğundan biçim sorunu yoktur, çeldirici değiştirmek de do",Türkiye'nin en uzun soluklu sinema festivali hangisidir?,Antalya Altın Portakal,"[""İstanbul Film Festivali"",""Ankara Film Festivali"",""Antalya Altın Portakal"",""Adana Altın Koza""]",
754556d9-4e0b-4c66-b359-85254e786b69,teknoloji,3,c,dokunulmadi_c,0.860,,"ilk turda sınırda (p 0,70–0,75) diye bilerek işaretli bırakıldı",'Uyarlamalı akış' ne yapar?,Bağlantıya göre kaliteyi değiştirir,"[""Sabit kalite verir"",""Videoyu indirir"",""Sesi kapatır"",""Bağlantıya göre kaliteyi değiştirir""]",
a893807c-821a-48ae-895f-29fc831ad14e,cografya,2,c,dokunulmadi_c,0.870,,"ilk turda sınırda (p 0,70–0,75) diye bilerek işaretli bırakıldı",Avusturya'nın büyük bölümü hangi dağ sisteminde yer alır?,Alpler,"[""Karpatlar"",""Pireneler"",""Apeninler"",""Alpler""]",
acc9cf09-6a97-4f55-b7da-573fb7e3afc1,teknoloji,4,a,gecti,0.830,0.690,,'Unix zaman damgası' neyi sayar?,1970'ten beri geçen saniyeyi,"[""Yılları"",""Ayları"",""Günleri"",""1970'ten beri geçen saniyeyi""]","[""1900'den beri geçen saniyeyi"",""1970'ten beri geçen günleri"",""1980'den beri geçen saniyeyi"",""1970'ten beri geçen saniyeyi""]"
7dbbf77a-3e21-4719-bc66-d9194f9a805b,sinema,3,a,gecti,0.920,0.550,,"Senaryoda ""üç perde yapısı"" neyi ifade eder?","Kuruluş, çatışma, çözüm","[""Üç mekân"",""Üç oyuncu"",""Kuruluş, çatışma, çözüm"",""Üç kamera""]","[""Yazım, çekim, kurgu"",""Sahne, sekans, bölüm"",""Kuruluş, çatışma, çözüm"",""Tez, antitez, sentez""]"
3880dde8-158b-49f1-b40d-54b4c9faaa9f,bilim,4,a,gecti,0.770,0.570,,"PCR yönteminde kullanılan, yüksek sıcaklığa dayanıklı DNA polimerazı hangi canlıdan elde edilmiştir?",Kaplıca bakterisi,"[""Kaplıca bakterisi"",""Kutup balığı"",""Çöl mantarı"",""Tropikal yosun""]","[""Kaplıca bakterisi"",""Volkan solucanı"",""Çöl akrebi"",""Çöl kertenkelesi""]"
bd714100-eac2-40ac-8675-e1651d0e9675,cografya,3,b,dokunulmadi_b,0.980,,"Doğru şık en uzun ve çok kelimeli olsa da çeldiriciler açıkça olumsuz olduğundan, gen kaynağı korumanın amacı kavramsal olarak zaten belli; çeldirici ne yazılırsa yazılsın doğru şık en makul kalır ve ",Tarımda 'gen kaynağı' korumanın amacı nedir?,Tür çeşitliliğini gelecek için saklamak,"[""Verimi düşürmek"",""Üretimi durdurmak"",""Tür çeşitliliğini gelecek için saklamak"",""İhracatı azaltmak""]",
7ea2d60d-8cf6-4b71-8042-ada16b613bb7,cografya,5,a,kaldi,0.900,,"Jev ipucu p=0.88 > 0.75 (seçim: ""Ölçütleri katman katman değerlendirerek"")",Yer seçimi analizinde CBS nasıl kullanılır?,Ölçütleri katman katman değerlendirerek,"[""Rastgele seçerek"",""Anket yaparak"",""Ölçütleri katman katman değerlendirerek"",""Tahmin ederek""]",
fc52bad7-c5f8-46ec-b7f0-3d2e37fe2bcd,tarih,3,a,gecti,0.950,0.670,,Havza Genelgesi'nin amacı neydi?,Milli mücadeleyi örgütlemek,"[""Ordu dağıtmak"",""Ticaret açmak"",""Milli mücadeleyi örgütlemek"",""Vergi toplamak""]","[""Saltanatı resmen kaldırmak"",""Manda yönetimini savunmak"",""Milli mücadeleyi örgütlemek"",""Temsil Heyeti'ni seçmek""]"
d3f5d812-5ec2-4cb0-89fa-64e2c3bf0991,muzik,4,a,kaldi,0.980,,"Jev ipucu p=0.93 > 0.75 (seçim: ""Oratoryonun sahnelenmemesi"")",Oratoryo ile opera arasındaki temel fark nedir?,Oratoryonun sahnelenmemesi,"[""Oratoryonun sahnelenmemesi"",""Oratoryonun sözsüz olması"",""Operanın korosuz olması"",""Operanın enstrümansız olması""]",
3852c1c5-e7d5-4cef-a63a-697adb14a01c,bilim,2,b,dokunulmadi_b,0.840,,Sindirim organları kapalı ve küçük bir küme; yağ sindiriminin ince bağırsakta tamamlandığı çok bilinen bir bilgi olduğundan çeldirici ne yazılırsa yazılsın doğru şık belli kalır ve önceki üç denemenin,İnsanda yağların sindirimi nerede tamamlanır?,İnce bağırsak,"[""Mide"",""Ağız"",""İnce bağırsak"",""Kalın bağırsak""]",
4521ac61-2343-4b67-9e27-78fda9f14160,edebiyat,5,b,dokunulmadi_b,0.860,,"Väinämöinen Kalevala'nın en tanınmış kahramanı ve yaşlı bilge ozan olarak bilinir; şıklar hep Kalevala karakterleri olduğundan çeldirici değişse de doğru şık en tanıdık kalır, şık düzeltmesi işe yaram",Kalevala destanının yaşlı ve bilge ozan kahramanı kimdir?,Vainamoinen,"[""Joukahainen"",""Ilmarinen"",""Lemminkainen"",""Vainamoinen""]",
bad1e548-f833-4584-b048-e84eab4f8727,teknoloji,3,a,kaldi,0.970,,"Jev ipucu p=0.80 > 0.75 (seçim: ""Büyük veriden anlamlı örüntüler çıkarır"")",Veri madenciliği ne yapar?,Büyük veriden anlamlı örüntüler çıkarır,"[""Veriyi şifreler"",""Büyük veriden anlamlı örüntüler çıkarır"",""Veriyi yazdırır"",""Veriyi siler""]",
dfd483d4-71e4-48e1-854f-738f71d82ba6,teknoloji,3,a,gecti,0.790,0.520,,Açık veri ne anlama gelir?,Herkesin erişip kullanabileceği veri,"[""Bozuk veri"",""Şifreli veri"",""Silinmiş veri"",""Herkesin erişip kullanabileceği veri""]","[""Henüz işlenmemiş ham veri"",""Şifrelenmeden ağda aktarılan veri"",""Bulutta ücretsiz saklanan veri"",""Herkesin erişip kullanabileceği veri""]"
d7851912-f85a-42ac-b59f-286f960976e0,sinema,3,c,dokunulmadi_c,0.860,,"ilk turda sınırda (p 0,70–0,75) diye bilerek işaretli bırakıldı",Ang Lee'nin 'Kaplan ve Ejderha' filmi hangi dilde çekilmiştir?,Mandarin,"[""Japonca"",""Korece"",""Kantonca"",""Mandarin""]",
47c69f74-cb73-4005-9039-f8b26252c741,sinema,4,a,gecti,0.910,0.590,,Sekans terimi neyi anlatır?,Anlamlı bütün oluşturan sahneler dizisi,"[""Tek kare"",""Anlamlı bütün oluşturan sahneler dizisi"",""Ses efekti"",""Işık düzeni""]","[""Kameranın yatay eksende dönme hareketi"",""Anlamlı bütün oluşturan sahneler dizisi"",""Çekimden önce çizilen resimli taslak"",""İki çekim arasındaki geçiş efekti""]"
315fdcf6-c40e-41f8-8c8b-5efe57a36b23,sanat,3,a,gecti,0.960,0.060,,'Konsept sanat' nerede kullanılır?,Oyun ve film ön tasarımında,"[""Yalnız müzede"",""Yalnız galeride"",""Oyun ve film ön tasarımında"",""Yalnız baskıda""]","[""Tablo ve heykel restorasyon sürecinde"",""Fotoğraf ve video renk düzenlemesinde"",""Oyun ve film ön tasarımında"",""Kitap ve dergi dizgi aşamasında""]"
acebd19b-c578-4949-b34a-543af8c30fd8,muzik,3,a,kaldi,0.950,,kural işareti: dogru_coklu_kelime,'Timbre' (tını) neyi ayırt ettirir?,Çalgı ve sesin kendine özgü rengini,"[""Yüksekliği"",""Çalgı ve sesin kendine özgü rengini"",""Süreyi"",""Tempoyu""]",
0f67c1fd-f0fd-42bf-97de-b70c0a316b4c,sanat,3,a,kaldi,0.950,,"hakem: ""Dönem, akım, bağlam"" tartışmalı — Sanat eleştirisinde ""biçim"" bazen sanat tarihi bağlamında dönem ve akım gibi stil kategorilerini de ifade edebildiği için aday şık makul bir okumayla savunulabi","Sanat eleştirisinde ""biçim"" neyi kapsar?","Çizgi, renk, kompozisyon","[""Eserin satış fiyat bilgisi"",""Sanatçının yaş bilgisi"",""Serginin açılış tarihi"",""Çizgi, renk, kompozisyon""]",
0363541a-d2b1-4c97-bca3-34a9c185721a,tarih,3,b,dokunulmadi_b,0.910,,"Güller Savaşı'nın York ve Lancaster arasında olduğu çok bilinen tek bir gerçektir, soru metni olmadan da en tanıdık çift olarak seçilir ve önceki turda 3 çeldirici denemesi başarısız olduğu için şık d",İngiltere'deki Güller Savaşı hangi iki hanedan arasında yapılmıştır?,York ve Lancaster,"[""Stuart ve Hanover"",""Tudor ve Stuart"",""York ve Lancaster"",""Plantagenet ve Tudor""]",
348db667-3b01-482b-8300-e809bee532cc,cografya,2,a,gecti,0.900,0.490,,Şehirlerde gecekondulaşmanın temel nedeni nedir?,Plansız hızlı göç,"[""Plansız hızlı göç"",""Bol konut"",""Az nüfus"",""Yüksek gelir""]","[""Plansız hızlı göç"",""Yoğun mevsimlik turizm"",""Engebeli dağlık arazi"",""Sert karasal iklim""]"
77519218-c5bf-4559-97cc-fd6020caa912,edebiyat,4,a,gecti,0.800,0.460,,Attila İlhan'ın edebiyatta öne çıkan yönü nedir?,Şiir ve roman,"[""Yalnız anı"",""Yalnız fabl"",""Şiir ve roman"",""Yalnız çeviri""]","[""Fabl ve masal"",""Tiyatro ve libretto"",""Şiir ve roman"",""Gezi ve biyografi""]"
695c7977-ba8d-468b-bc2b-c3a37b20ffca,sanat,3,a,kaldi,0.970,,"Jev ipucu p=0.94 > 0.75 (seçim: ""Toplumsal ve tarihsel koşulları"")",'Bağlamsal çözümleme' neyi dikkate alır?,Toplumsal ve tarihsel koşulları,"[""Yalnız rengi"",""Yalnız boyutu"",""Toplumsal ve tarihsel koşulları"",""Yalnız tekniği""]",
0204b92e-9d90-44e1-b034-9d61d64a14bd,cografya,3,b,dokunulmadi_b,0.970,,"Limanın doğal korunaklı ve derin bir koyda kurulması kavramsal olarak bilinen tek makul cevaptır; çeldiriciler (sığ, dalgalı, bataklık) ne yazılırsa yazılsın doğru şık belli kalır ve Sonnet 3 denemede",Liman yer seçiminde aranan özellik nedir?,Doğal korunaklı ve derin koy,"[""Sığ ve kumlu düz kıyı"",""Dalgalı açık deniz kıyısı"",""Doğal korunaklı ve derin koy"",""Bataklık ve delta ağzı""]",
0d7e57a9-21dc-4868-a529-41e4b5260088,sanat,3,b,dokunulmadi_b,0.970,,Restorasyonun özgün dokuyu koruma ilkesi kavramsal olarak herkesçe bilinen tek makul cevaptır; diğer şıklar restorasyonun tanımına aykırı olduğundan hangi çeldirici yazılırsa yazılsın doğru şık belli ,'Restorasyon ilkesi' tarihî yapıda neyi gözetir?,Özgün dokuyu korumayı,"[""Yapıyı tümden yenilemeyi"",""Yapıyı yıkıp kaldırmayı"",""Özgün dokuyu korumayı"",""Yüzeyi baştan boyamayı""]",
94285db0-5ee9-42b6-b324-bd389cf29f96,tarih,3,b,dokunulmadi_b,0.850,,"Viyana Kongresi'nin amacı (Napolyon sonrası Avrupa düzenini kurmak) şıklara bakmadan da bilinen tek gerçek olduğundan, çeldirici ne yazılırsa yazılsın doğru şık en tanıdık kalır ve önceki üç denemenin",'Viyana Kongresi' ne amaçla toplandı?,Napolyon sonrası düzeni kurmak,"[""Napolyon sonrası düzeni kurmak"",""Sanayiyi geliştirmek"",""Sömürge paylaşmak"",""Din birliği""]",
e15644f2-3d33-428a-bf88-a142694d3261,muzik,4,b,dokunulmadi_b,0.810,,"Çeldiriciler (Schmieder, Hoboken, Deutsch) de başka bestecilerin katalogcuları olduğundan şıklar biçim olarak eşit; ancak 'K.' harfi Köchel'i işaret ettiği için cevap bilinen tek gerçek ve şık düzeltm",Mozart'ın eserlerini sıraya koyan ve eser numaralarında 'K.' harfiyle anılan katalogcu kimdir?,Köchel,"[""Köchel"",""Schmieder"",""Hoboken"",""Deutsch""]",
54fc0af1-3e90-4709-ab94-5585ef4a0737,edebiyat,3,b,dokunulmadi_b,0.860,,Heidi'nin Alplerde (İsviçre) geçtiği çok bilinen bir gerçek; şıklar gizliyken bile Alpler en tanıdık dağ olarak öne çıkıyor ve çeldirici Sonnet'in 3 denemesinde de işe yaramadı.,Johanna Spyri'nin 'Heidi' romanı hangi dağlarda geçer?,Alpler,"[""Alpler"",""Apeninler"",""Karpatlar"",""Pireneler""]",
efee2f4a-69c7-4ffa-b514-231083c00421,sanat,4,b,dokunulmadi_b,0.880,,"Şıklar aynı türde ve benzer uzunlukta (hepsi tek kelimelik Barok mimar/sanatçı soyadı); ipucu biçimden değil, Bernini'nin Roma Barok sanatında ve Aziz Petrus'la en çok anılan isim olmasından geliyor, ",Vatikan'daki Aziz Petrus Meydanı'nı çevreleyen revaklı kolonatları kim tasarladı?,Bernini,"[""Cortona"",""Bernini"",""Borromini"",""Maderno""]",
ef63056e-1483-4947-b9b1-d0702701ff97,teknoloji,3,c,dokunulmadi_c,0.840,,"ilk turda sınırda (p 0,70–0,75) diye bilerek işaretli bırakıldı",Ping komutu ne ölçer?,Erişilebilirlik ve gecikmeyi,"[""Disk hızını"",""Ekran çözünürlüğünü"",""Erişilebilirlik ve gecikmeyi"",""Bellek miktarını""]",
784daa1a-4e28-425a-a920-2a9c23b5f5d2,bilim,3,b,dokunulmadi_b,0.840,,"Hücre zarının fosfolipit çift tabaka olduğu çok bilinen tek bir temel biyoloji gerçeğidir, şıklara bakmadan da bilinir ve Claude çeldirici yazmayı 3 denemede başaramadığı için şık düzeltmesi işe yaram",Hücre zarının temel yapısı nedir?,Fosfolipit çift tabaka,"[""Fosfolipit çift tabaka"",""Selüloz duvar"",""Kitin kabuk"",""Kalsiyum tabaka""]",
8787c9cf-9930-4270-9580-e886a5d4cb6a,bilim,1,b,dokunulmadi_b,0.870,,Evrim kuramı denince akla gelen en tanıdık isim Darwin olduğundan soru şıklara bakılmadan da cevaplanır ve çeldirici ne yazılırsa yazılsın doğru şık aynı kalır.,Evrim kuramını ortaya atan bilim insanı kimdir?,Darwin,"[""Mendel"",""Darwin"",""Lamarck"",""Wallace""]",
ee02943b-a9b1-48ee-915b-91c3be146523,bilim,1,a,gecti,0.930,0.690,,'Ekolokasyon' hangi canlılarda görülür?,Yarasa ve yunuslarda,"[""Kertenkelelerde"",""Karıncalarda"",""Kedilerde"",""Yarasa ve yunuslarda""]","[""Baykuş ve kartallarda"",""Köpekbalığı ve vatozlarda"",""Yılan ve kurbağalarda"",""Yarasa ve yunuslarda""]"
c9809a6a-aae6-4d3a-a212-3c1af7fcee97,teknoloji,4,a,kaldi,0.970,,"hakem: ""Yalnız gereken verinin saklanmasını"" tartışmalı — En az yetki ilkesi yalnızca gereken yetkinin verilmesini savunur; 'veri saklanması' ise veri minimizasyonu ilkesine aittir, ancak 'veri' bağlamında soru muğlaks",'En az yetki ilkesi' neyi savunur?,Yalnız gereken yetkinin verilmesini,"[""Herkese tam yetki"",""Yetkisiz erişim"",""Ortak hesap"",""Yalnız gereken yetkinin verilmesini""]",
d63c4d3f-e68b-478b-90f0-c3385dfcbe80,sanat,4,a,gecti,0.770,0.600,,Telkâri sanatı hangi malzemeyle yapılır?,İnce gümüş tel,"[""Ahşap"",""İnce gümüş tel"",""Cam"",""Deri""]","[""İnce bakır levha"",""İnce gümüş tel"",""Renkli cam boncuk"",""Sırlı çini parçası""]"
80bf2aa4-982e-49d2-8296-49d5e67ace24,spor,3,b,dokunulmadi_b,0.880,,Cruyff ile Total Futbol ve Ajax ilişkisi çok bilinen tek bir gerçek; şıklar gizliyken bile Ajax en tanıdık seçenek kalıyor ve Sonnet 3 denemede çeldirici yazarak geçemedi.,Johan Cruyff'un oyuncu olarak 'Total Futbol' anlayışıyla özdeşleştiği Hollanda kulübü hangisidir?,Ajax,"[""Feyenoord"",""PSV"",""Ajax"",""Twente""]",
ee4b5625-a73a-4f5b-b430-3a65ecd51714,teknoloji,4,a,gecti,0.840,0.630,,'Yedekleme' ile 'yansıtma' (mirror) farkı nedir?,Yansıtma anlık kopyadır,"[""İkisi aynıdır"",""Yansıtma anlık kopyadır"",""Yedek daha hızlıdır"",""Yansıtma sıkıştırır""]","[""Yedek anlık kopyadır"",""Yansıtma anlık kopyadır"",""Yansıtma şifreli kopyadır"",""Yansıtma sürüm arşividir""]"
5ad41016-051a-4a43-9a24-14663945d6c8,sanat,3,b,dokunulmadi_b,0.810,,Soyut sanatın tanımı kavramsal olarak bilinen tek gerçek olduğundan çeldirici ne yazılırsa yazılsın doğru şık belli kalır; Sonnet'in 3 denemesi de geçemedi.,Sanatta soyut anlatım ne demektir?,Gerçeği birebir yansıtmama,"[""Gerçeği birebir yansıtmama"",""Fotoğraf gibi çizme"",""Sadece portre"",""Sadece manzara""]",
17132ccb-5753-47ef-b665-3ced3efeccee,genel_kultur,1,b,dokunulmadi_b,0.620,,"Snoopy, Charlie Brown'ın köpeği olarak çok bilinen tek gerçek ve ünlü çizgi karakterler kapalı bir küme; çeldiriciler (Odie, Pluto, Scooby) de başka ünlü çizgi köpekler olduğundan şık düzeltmesi işe y",'Peanuts' çizgi dizisinde Charlie Brown'ın köpeğinin adı nedir?,Snoopy,"[""Odie"",""Pluto"",""Snoopy"",""Scooby""]",
d6a09bf7-c9ad-4491-802a-00e5f71aa1fe,teknoloji,3,a,kaldi,0.860,,kural işareti: dogru_coklu_kelime,Yazılımda 'girdi doğrulama' neden yapılır?,Hatalı ve kötü niyetli veriyi engellemek,"[""Hız artırmak"",""Renk vermek"",""Hatalı ve kötü niyetli veriyi engellemek"",""Boyut küçültmek""]",
b1d6d47a-3a0b-47e3-b4c5-30de1d70825d,sinema,5,a,sinirda,0.910,0.720,"Jev ipucu p=0.78 > 0.75 (seçim: ""Anlam üreten işaretleri"")",'Göstergebilimsel çözümleme' filmde neyi inceler?,Anlam üreten işaretleri,"[""Bütçeyi"",""Süreyi"",""Anlam üreten işaretleri"",""Kadroyu""]","[""Çekim takviminin aşamalarını"",""Dağıtım ağının işleyişini"",""Anlam üreten işaretleri"",""Gişe gelirini belirleyenleri""]"
5247abfe-5099-4d93-989e-5ca63eb7c6c5,sanat,3,c,dokunulmadi_c,0.890,,"Doğru şık en uzun ve çok kelimeli olduğundan biçim ipucu var (a), ancak Roma betonu bilgisi tanıdık ve çeldirici yazımında hakem 3 denemede tartışmalı şıklarla karşılaştığı için düzeltmenin getirisi b",Roma yapılarında 'beton' kullanımı neyi mümkün kıldı?,Geniş kubbe ve kemerleri,"[""Ahşap kubbeyi"",""Cam duvarı"",""İnce sütunu"",""Geniş kubbe ve kemerleri""]",
cac61623-6728-4428-8756-ee3960298315,spor,3,b,dokunulmadi_b,0.990,,Oxford–Cambridge ikilisi çok bilinen kapalı bir ikili olduğundan çeldirici ne yazılırsa yazılsın en tanıdık şık olarak kalır ve önceki turdaki üç başarısız deneme de bunu doğruluyor.,Londra'da Thames Nehri'nde her yıl yapılan 'The Boat Race' kürek yarışı hangi iki üniversite arasındadır?,Oxford ve Cambridge,"[""Durham ve York"",""Cambridge ve Edinburgh"",""Oxford ve Cambridge"",""Oxford ve Durham""]",
5f78a987-306e-48e5-982c-ef80d30cfb8e,spor,3,b,dokunulmadi_b,0.740,,Bannister'ın dört dakika bariyerini aşan ilk kişi olması çok bilinen tek bir gerçektir; şıklar soru gizliyken bile en tanıdık isim olarak öne çıkar ve önceki turda üç çeldirici denemesi de geçemedi.,1954'te bir mili ilk kez dört dakikanın altında koşan atlet kimdir?,Roger Bannister,"[""Chris Chataway"",""John Landy"",""Chris Brasher"",""Roger Bannister""]",
67fa4136-3ce0-40ce-9c6e-1dd94303f5c1,sinema,4,b,dokunulmadi_b,0.780,,MacGuffin kavramı Alfred Hitchcock'la o kadar özdeşleşmiş ki soru bilen için şıksız da cevaplanır ve ünlü yönetmen şıkları arasında Hitchcock en tanıdık kalacağından çeldirici düzeltmesi işe yaramaz.,MacGuffin kavramını popülerleştiren yönetmen kimdir?,Alfred Hitchcock,"[""Alfred Hitchcock"",""Stanley Kubrick"",""Fritz Lang"",""Jean Renoir""]",
92ffae89-edfd-42c3-8e73-c853100f3190,bilim,2,a,gecti,1.000,0.650,,Isı ile sıcaklık arasındaki fark nedir?,"Isı enerji, sıcaklık ölçüdür","[""Isı ölçüdür"",""Sıcaklık enerjidir"",""İkisi aynıdır"",""Isı enerji, sıcaklık ölçüdür""]","[""Sıcaklık enerji, ısı ölçüdür"",""Isı akışkan, sıcaklık ölçüdür"",""Isı enerji, sıcaklık kuvvettir"",""Isı enerji, sıcaklık ölçüdür""]"
78a8f04e-14ab-4cc1-9059-7a8f3caeb469,tarih,5,b,dokunulmadi_b,0.870,,"Lineer B'yi çözenin Michael Ventris olması çok bilinen tek gerçektir; çeldiriciler (Kober, Blegen, Evans) aynı alanın tanıdık isimleri olsa da konu kapalı bir kümedir ve şık düzeltmesi doğru şıkkı giz",Miken Yunancasını yazan 'Lineer B' yazısını 1952'de çözen İngiliz mimar kimdir?,Michael Ventris,"[""Alice Kober"",""Michael Ventris"",""Carl Blegen"",""Arthur Evans""]",
1c9c3343-ea13-40ec-89ce-86ce4953d252,sinema,3,a,kaldi,0.810,,"Jev ipucu p=0.97 > 0.75 (seçim: ""Zoom'da kamera yerinde kalır"")",Zoom ile travelling arasındaki fark nedir?,Zoom'da kamera yerinde kalır,"[""Zoom'da kamera hareket eder"",""İkisi aynıdır"",""Zoom'da kamera yerinde kalır"",""Travelling optiktir""]",
126fd8f5-8a59-4316-aaf0-fcb7f0f440bc,teknoloji,3,c,dokunulmadi_c,0.870,,"ilk turda sınırda (p 0,70–0,75) diye bilerek işaretli bırakıldı","İşletim sisteminde ""işlem"" (process) nedir?",Çalışan bir programın örneği,"[""Diskte duran bir dosya"",""Bir veri bağlantı kablosu"",""Çalışan bir programın örneği"",""Görüntüleyen bir ekran""]",
3888fead-7af7-401e-bdff-884b7ab5539a,cografya,2,b,dokunulmadi_b,0.950,,"Doğru cevap kavramsal olarak belli: ortalama sıcaklık günlük en yüksek ve en düşük değerlerden hesaplanır, 'yalnız gece/öğlen' ve 'rüzgâr' şıkları doğası gereği zayıf kalır ve Sonnet üç denemede çeldi",Sıcaklık ortalamasının hesabında hangi veriler kullanılır?,Günlük en yüksek ve en düşük,"[""Günlük en yüksek ve en düşük"",""Yalnız gece verisi"",""Yalnız öğlen verisi"",""Rüzgâr verisi""]",
4dcae754-c355-4269-a6a9-09fdbd46679d,cografya,1,a,kaldi,1.000,,"Jev ipucu p=0.99 > 0.75 (seçim: ""İklimin uzun süreli ortalama olması"")",İklim ile hava durumu arasındaki fark nedir?,İklimin uzun süreli ortalama olması,"[""Havanın uzun süreli olması"",""İklimin uzun süreli ortalama olması"",""İkisinin aynı olması"",""İklimin günlük olması""]",
91d4a15f-70d2-4610-b9e1-cba0856c341c,sinema,4,a,kaldi,0.890,,"Jev ipucu p=0.95 > 0.75 (seçim: ""Yönetmenin kişisel üslubunu"")",'Fransız yeni dalgası' neyi savundu?,Yönetmenin kişisel üslubunu,"[""Büyük bütçeyi"",""Klasik kurguyu"",""Yönetmenin kişisel üslubunu"",""Stüdyo düzenini""]",
25e4f2dc-88f5-4456-882e-3bc922c4ba11,muzik,4,a,gecti,0.410,0.170,,Müzikte 'senkop' ne anlama gelir?,Vurgunun zayıf zamana kayması,"[""Tempoyu yavaşlatmak"",""Sesi kesmek"",""Vurgunun zayıf zamana kayması"",""Akoru bozmak""]","[""Temponun son ölçülerde yavaşlaması"",""Ses gürlüğünün giderek artması"",""Vurgunun zayıf zamana kayması"",""Melodinin üst oktava taşınması""]"
32e7b9ec-e751-4ad6-a1b4-3c3c5a43617e,bilim,2,c,dokunulmadi_c,0.850,,"ilk turda sınırda (p 0,70–0,75) diye bilerek işaretli bırakıldı",'Sera etkisi' neyle oluşur?,Isıyı tutan gazlarla,"[""Rüzgarla"",""Yağışla"",""Isıyı tutan gazlarla"",""Bulutla yalnızca""]",
aa7af2e2-20e3-4e0e-96dc-bce78bfe1e78,cografya,4,a,gecti,0.950,0.570,,Sayısal yükseklik modeli neyi sunar?,Arazinin üç boyutlu yükseklik verisini,"[""Nüfus verisini"",""İklim verisini"",""Toprak verisini"",""Arazinin üç boyutlu yükseklik verisini""]","[""Arazinin çok bantlı yansıma verisini"",""Arazinin üç boyutlu jeoloji verisini"",""Arazinin iki boyutlu örtü verisini"",""Arazinin üç boyutlu yükseklik verisini""]"
d1166dd8-59e8-48d4-9356-095eff99cdea,teknoloji,4,a,gecti,0.960,0.200,,'Sertifika otoritesi' ne yapar?,Kimlik doğrulayıp sertifika verir,"[""Şifre kırar"",""Kimlik doğrulayıp sertifika verir"",""Ağ tarar"",""Veri siler""]","[""Adres çözümleyip IP verir"",""Kimlik doğrulayıp sertifika verir"",""Paketleri süzüp erişimi engeller"",""Trafiği şifreleyip tünel kurar""]"
73fa2f10-6280-4c5e-ac39-a118f57432af,muzik,5,a,gecti,0.890,0.690,,Kanon ile füg arasındaki temel fark nedir?,Fügün daha karmaşık işlenmesi,"[""Fügün daha karmaşık işlenmesi"",""Kanonun sözlü olması"",""Fügün tek sesli olması"",""İkisinin aynı olması""]","[""Fügün daha karmaşık işlenmesi"",""Kanonun daha serbest yazılması"",""Fügün daha yavaş çalınması"",""Kanonun daha uzun sürmesi""]"
4ee4d7e8-8a94-434c-b514-ffddd465492f,teknoloji,2,a,kaldi,0.860,,"Jev ipucu p=0.98 > 0.75 (seçim: ""Görüntü ve ses"")",'HDMI' hangi sinyalleri taşır?,Görüntü ve ses,"[""Yalnız ses"",""Görüntü ve ses"",""Yalnız veri"",""Yalnız güç""]",
135a7f18-5866-4ab0-a04f-9fd8410682bf,edebiyat,4,a,sinirda,0.900,0.750,"Doğru şık tek olumlu ve inandırıcı amaç olarak öne çıkıyor, çeldiriciler ise zayıf ve olumsuz kalıpta (""yalnız eğlendirmek"", ""sanatı gizlemek""); aynı türde ve eşit inandırıcılıkta çeldiriciler yazılır",Tanzimat edebiyatının birinci döneminde amaç neydi?,Halkı bilinçlendirmek,"[""Aruzu bırakmamak"",""Yalnız eğlendirmek"",""Halkı bilinçlendirmek"",""Sanatı gizlemek""]","[""Sanatı yüceltmek"",""Seçkinlere seslenmek"",""Halkı bilinçlendirmek"",""Güzelliği yansıtmak""]"
aa6b4ee3-0d38-4a7f-9a55-7da6849fc2e4,bilim,2,b,dokunulmadi_b,0.600,,"Taksonomik kategoriler küçük ve kapalı bir küme olduğundan 'tür' kavramsal olarak en küçük birim diye bilinir, çeldirici ne yazılırsa yazılsın doğru şık aynı kalır ve önceki turda üç denemede de geçil",Canlıların sınıflandırılmasında en küçük birim hangisidir?,Tür,"[""Sınıf"",""Familya"",""Cins"",""Tür""]",
03fd172c-2442-4cb5-bf02-de1240644053,muzik,3,c,dokunulmadi_c,0.870,,"ilk turda sınırda (p 0,70–0,75) diye bilerek işaretli bırakıldı","Müzikte ""transpoze"" ne demektir?",Eseri başka tona aktarmak,"[""Eseri başka tona aktarmak"",""Tempoyu değiştirmek"",""Çalgıyı değiştirmek"",""Sözü değiştirmek""]",
d3375d31-9d2b-46e1-b731-cfa35a324aa7,sinema,5,b,dokunulmadi_b,0.890,,"Gregg Toland, Yurttaş Kane'in derin odaklı çekimleriyle özdeşleşmiş çok bilinen tek gerçektir ve şıklar aynı türde (klasik Hollywood görüntü yönetmenleri) olduğundan çeldirici yeniden yazımı sorunu çö",'Yurttaş Kane' filminin derin odaklı görüntülerini hangi görüntü yönetmeni çekmiştir?,Gregg Toland,"[""Russell Metty"",""Stanley Cortez"",""Gregg Toland"",""Karl Freund""]",
0dbd1339-99a2-4635-882a-506f3b161e14,bilim,3,b,dokunulmadi_b,0.840,,"Meteor ile göktaşı farkı çok bilinen kavramsal bir bilgi olduğundan model soruyu görmeden de doğru cevabı biliyor, üstelik şıklar birbirinin tersi gibi kurulu ve Sonnet'in üç denemesi başarısız oldu; ",Meteor ile göktaşı arasındaki fark nedir?,Göktaşı yere ulaşandır,"[""İkisi tamamen aynıdır"",""Meteor yere ulaşandır"",""Göktaşı havada yanar"",""Göktaşı yere ulaşandır""]",
a3e1c61d-2d99-4b2b-a1fa-8877b30afd71,bilim,1,a,gecti,0.840,0.410,,Ekosistemde ayrıştırıcılara örnek hangisidir?,Bakteri ve mantar,"[""Çam"",""Kartal"",""Bakteri ve mantar"",""Aslan""]","[""Alg ve yosun"",""Tırtıl ve çekirge"",""Bakteri ve mantar"",""Kurbağa ve yılan""]"
391853d4-1178-49ba-9dcc-1f39f117a43b,tarih,3,a,gecti,0.990,0.050,,'Üçgen ticaret' neyi kapsıyordu?,Köle mal ve hammadde dolaşımını,"[""Yalnız baharatı"",""Yalnız kumaşı"",""Yalnız madeni"",""Köle mal ve hammadde dolaşımını""]","[""Baharat ipek ve porselen dolaşımını"",""Tuz hurma ve deve dolaşımını"",""Kehribar kürk ve bal dolaşımını"",""Köle mal ve hammadde dolaşımını""]"
d17e5ee8-c73f-4302-82d1-97bc855aeece,cografya,2,c,dokunulmadi_c,0.890,,"ilk turda sınırda (p 0,70–0,75) diye bilerek işaretli bırakıldı",Pangea neyi ifade eder?,Kıtaların birleşik olduğu eski kara,"[""Bir okyanus akıntısı"",""Bir çöl adı"",""Kıtaların birleşik olduğu eski kara"",""Bir sıradağ""]",
77bf3621-6176-45c5-80ca-93e17438856c,tarih,4,b,dokunulmadi_b,0.860,,"Mansa Musa, Mali İmparatorluğu ve 1324 hac yolculuğuyla özdeşleşmiş tek ünlü isimdir; şıklar aynı türde ve eşit uzunlukta olduğundan biçim ipucu yoktur, çeldirici ne yazılırsa yazılsın en tanıdık şık ",1324'teki görkemli hac yolculuğuyla ünlenen Mali İmparatorluğu hükümdarı kimdir?,Mansa Musa,"[""Askia Muhammed"",""Sundiata Keita"",""Mansa Musa"",""Sonni Ali""]",
e06332e4-0aae-43a6-a096-73755310f2cc,teknoloji,3,a,gecti,0.970,0.140,,'Kalıtım' (inheritance) neyi sağlar?,Sınıfın başka sınıftan özellik almasını,"[""Kod silmeyi"",""Sınıfın başka sınıftan özellik almasını"",""Bellek artışını"",""Ağ bağlantısını""]","[""Sınıfın yalnızca tek örnekle sınırlanmasını"",""Sınıfın başka sınıftan özellik almasını"",""Nesnenin bellekten otomatik olarak silinmesini"",""Verinin dış erişime karşı gizlenmesini""]"
515ae4fe-5f05-44e2-83ca-969cdb629d7d,sanat,3,b,dokunulmadi_b,0.930,,"Kemerin işlevi (açıklığı geçip yükü aktarmak) bilinen kavramsal bir gerçek olduğundan şıklara bakmadan da belli, üstelik önceki turda üç denemede inandırıcı çeldirici yazılamadı ve yük aktarımına yakı",Kemerin mimarideki işlevi nedir?,Açıklığı geçip yükü aktarmak,"[""Süsleme yalnızca"",""Açıklığı geçip yükü aktarmak"",""Isı yalıtımı"",""Su geçirmezlik""]",
530bb367-22b4-4f04-9b74-45bc8a679977,sanat,3,b,dokunulmadi_b,0.860,,"Eriyen saatler tablosu Dalí'nin en bilinen eseridir; cevap şıklara bakmadan da bilinir, çeldirici ne yazılırsa yazılsın doğru şık en tanıdık olarak kalır ve önceki üç deneme de başarısız oldu.",'Belleğin Azmi' adlı eriyen saatler tablosu kimindir?,Salvador Dalí,"[""Salvador Dalí"",""Magritte"",""Ernst"",""Miró""]",
28cc0e74-6217-4eee-b261-fe3312439c18,bilim,3,b,dokunulmadi_b,0.940,,"Süperiletkenliğin sıfır direnç olduğu temel ve çok bilinen bir kavramsal bilgidir, soru gizliyken bile doğru şık belli olur ve çeldirici yeniden yazımı 3 denemede de işe yaramadığı için şık düzeltmesi",'Süperiletken' hangi özelliği gösterir?,Sıfır dirençle iletim,"[""Yüksek direnç"",""Yalıtkanlık"",""Sıfır dirençle iletim"",""Isınma""]",
06e54827-3198-4b85-a8a7-2685f6c855e2,cografya,1,b,dokunulmadi_b,0.800,,Ekvatorun en uzun paralel olduğu çok bilinen kavramsal bir gerçektir ve şıklar yeniden yazılsa da doğru cevap en tanıdık seçenek olarak kalır.,Paralellerin en uzunu hangisidir?,Ekvator,"[""Yengeç Dönencesi"",""Ekvator"",""Oğlak Dönencesi"",""Kutup dairesi""]",
33f4ef63-0c16-4b51-94ef-0211501df118,bilim,2,b,dokunulmadi_b,0.970,,Habitat kaybı biyoçeşitlilik azalmasının çok bilinen başlıca nedenidir ve çeldirici ne yazılırsa yazılsın en tanıdık cevap olarak kalır; ayrıca Sonnet üç denemede şıkları düzeltemedi.,Biyoçeşitliliğin azalmasının başlıca nedeni nedir?,Habitat kaybı,"[""Nüfus azalması"",""İklim soğuması"",""Ormanların artması"",""Habitat kaybı""]",
93b6c445-5112-446b-9639-1feaaeb32e33,muzik,4,a,gecti,0.850,0.230,,Fügün temel özelliği nedir?,Bir temanın seslerde taklitle işlenmesi,"[""Ritimsiz olması"",""Sözlü olması"",""Tek sesli olması"",""Bir temanın seslerde taklitle işlenmesi""]","[""Bir ezginin akorlarla eşlikli sunulması"",""Bir nakaratın bölümler arasında yinelenmesi"",""Bir ezginin bölümlerde çeşitlemeyle işlenmesi"",""Bir temanın seslerde taklitle işlenmesi""]"
8db10c03-e22c-480a-a221-e4465bff0e57,cografya,3,b,dokunulmadi_b,0.940,,"Ülke-başkent gibi kapalı bir kümede doğru cevap (Tiran) en tanıdık şık olarak kalır, çeldirici ne yazılırsa yazılsın ipucu sürer ve Sonnet'in 3 denemede geçememesi bunu doğrular.",Arnavutluk'un başkenti hangisidir?,Tiran,"[""Draç"",""İşkodra"",""Vlora"",""Tiran""]",
e501c06a-15e3-4b49-8cf6-79a9b3896f29,tarih,2,b,dokunulmadi_b,0.790,,Sovyetler Birliği 1917 sonrası Rusya'nın çok bilinen tek karşılığı olduğu için doğru cevap şıklara bakmadan da belli ve çeldirici yazmak sorunu çözmez.,Rusya'da 1917 Devrimi sonrası kurulan devletin adı nedir?,Sovyetler Birliği,"[""Rusya Krallığı"",""Sovyetler Birliği"",""Doğu Birliği"",""Rus İmparatorluğu""]",
2dfb8761-72b1-4f6a-b712-4f8c9594a898,edebiyat,2,b,dokunulmadi_b,0.790,,"Türk mitolojisinde bozkurt en tanıdık ve kavramsal olarak en belirgin sembol olduğundan, çeldirici ne yazılırsa yazılsın doğru şık öne çıkar; şık düzeltmesi işe yaramaz.",'Oğuz Kağan Destanı'nda kahraman neyle özdeşleştirilir?,Bozkurtla,"[""Balıkla"",""Ağaçla"",""Bozkurtla"",""Kartalla""]",
f55fb934-3750-470c-a719-1a827df63520,tarih,3,b,dokunulmadi_b,0.920,,"""Spirit of St. Louis"" Lindbergh'in uçağı olarak çok iyi bilinen tek gerçektir, soru gizliyken bile en tanıdık şık olarak kalır ve Sonnet'in 3 çeldirici denemesi de geçemediği için şık düzeltmesi işe y",Charles Lindbergh 1927'de Atlantik'i tek başına ve aralıksız geçtiği uçağına hangi adı vermişti?,Spirit of St. Louis,"[""City of New York"",""Wings of Chicago"",""Spirit of St. Louis"",""Pride of San Diego""]",
42fc0af0-e234-41e8-b428-55feab7624e2,teknoloji,4,a,gecti,0.870,0.670,,'Ses örnekleme hızı' neyi belirler?,Saniyedeki örnek sayısını,"[""Saniyedeki örnek sayısını"",""Ses şiddetini"",""Kanal sayısını"",""Süreyi""]","[""Saniyedeki örnek sayısını"",""Örnek başına bit sayısını"",""Dakikadaki vuruş sayısını"",""Saniyedeki kare sayısını""]"
beb8eaef-6724-4368-bf16-aaf0c7e87601,cografya,3,c,dokunulmadi_c,0.950,,"Doğru şık en uzun ve çift işlevli olduğundan biçim ipucu belirgin (a), ancak ölü örtünün işlevi temel ekoloji bilgisi olduğundan (b) de savunulabilir ve Sonnet'in üç denemede inandırıcı, tartışmasız ç",Orman ekosisteminde ölü örtünün işlevi nedir?,Toprağı besleyip nemi korumak,"[""Yangını önlemek"",""Ağacı kurutmak"",""Toprağı besleyip nemi korumak"",""Erozyonu artırmak""]",
b472c67f-0baf-45cd-b2e6-f691d0b01236,bilim,1,a,kaldi,0.970,,"Jev ipucu p=0.91 > 0.75 (seçim: ""Dünyanın Güneş çevresinde döndüğünü"")",'Güneş merkezli model' neyi öne sürdü?,Dünyanın Güneş çevresinde döndüğünü,"[""Dünyanın Güneş çevresinde döndüğünü"",""Güneşin döndüğünü"",""Ayın merkez olduğunu"",""Sabit evreni""]",
a49aeae1-3508-456c-ac02-6f463f85be17,bilim,3,a,gecti,0.860,0.680,,Bir gölün ötrofikasyonu neyle ilgilidir?,Aşırı besin ve yosunlaşma,"[""Tuz azalması"",""Aşırı besin ve yosunlaşma"",""Derinlik artışı"",""Sıcaklık düşüşü""]","[""Aşırı tuz ve buharlaşma"",""Aşırı besin ve yosunlaşma"",""Asit yağmuru ve asitlenme"",""Ağır metal ve birikim""]"
e586580d-7650-47fc-8238-aa94597f9079,sanat,3,c,dokunulmadi_c,1.000,,"ilk turda sınırda (p 0,70–0,75) diye bilerek işaretli bırakıldı",'Koleksiyon yönetimi' neyi kapsar?,Kayıt bakım ve erişimi,"[""Yalnız satın almayı"",""Yalnız sergilemeyi"",""Kayıt bakım ve erişimi"",""Yalnız depolamayı""]",
ea04ae5b-58da-42e1-ae25-4880bb55229e,muzik,4,a,gecti,0.710,0.270,,'Suzuki yöntemi' neyi temel alır?,Dinleyerek ve taklitle öğrenmeyi,"[""Nota okumayı"",""Teoriyi"",""Yazmayı"",""Dinleyerek ve taklitle öğrenmeyi""]","[""Hareket ederek ve ritimle öğrenmeyi"",""Doğaçlayarak ve oyunla öğrenmeyi"",""Solfejle ve el işaretleriyle öğrenmeyi"",""Dinleyerek ve taklitle öğrenmeyi""]"
ef4c61eb-c794-450e-b4c4-30454483e4cc,teknoloji,2,b,dokunulmadi_b,1.000,,"CPU açılımı çok bilinen tek bir gerçektir ve soru görünmeden de 'Central Processing Unit' en tanıdık seçenek olarak kalır, çeldirici değişikliği sorunu çözmez.",'CPU' kısaltmasının açılımı nedir?,Central Processing Unit,"[""Central Processing Unit"",""Central Power Unit"",""Core Processing Utility"",""Computer Personal Unit""]",
d8223a64-618e-49ac-b7f6-6366798720ce,cografya,3,b,dokunulmadi_b,0.920,,"Geçmiş iklim kayıtları denince buz karotları ve tortullar kavramsal olarak tek mantıklı cevaptır; çeldiriciler (nüfus, vergi, yol kayıtları) ne yazılırsa yazılsın doğru şık belli kalır ve önceki üç çe",Bir bölgenin geçmiş iklimini incelemek için hangi kayıtlar kullanılır?,Buz karotları ve tortullar,"[""Nüfus kayıtları"",""Buz karotları ve tortullar"",""Yol haritaları"",""Vergi defterleri""]",
5f53d1f9-96e1-4c17-9e35-fcb40f6d5f52,cografya,2,b,dokunulmadi_b,1.000,,Metropoliten alan kavramı kent ve etkileşimdeki çevresi olarak bilinen tek tanımdır; çeldiriciler ne yazılırsa yazılsın kavramsal olarak belli kaldığından ve önceki üç çeldirici denemesi de başarısız ,Metropoliten alan neyi kapsar?,Kent ve etkileşimdeki çevresini,"[""Yalnız kent merkezini"",""Kent ve etkileşimdeki çevresini"",""Yalnız kırsalı"",""Yalnız sanayi bölgesini""]",
f9a6316f-bd87-4056-b7c4-b9b4786e0a7a,cografya,2,c,dokunulmadi_c,0.960,,"ilk turda sınırda (p 0,70–0,75) diye bilerek işaretli bırakıldı",Everest'in yüksekliği yaklaşık ne kadardır?,8850 metre,"[""8850 metre"",""6000 metre"",""7000 metre"",""10000 metre""]",
248b8d0f-b762-4a5e-893b-6e3da346bff5,teknoloji,3,b,dokunulmadi_b,0.860,,Büyük veri kavramı çok bilinen bir tanım olduğundan doğru şık soru olmadan da kavramsal olarak belli; çeldirici ne yazılırsa yazılsın 'çok büyük ve karmaşık veri kümeleri' en tanıdık seçenek kalır ve ,Büyük veri (big data) neyi ifade eder?,Çok büyük ve karmaşık veri kümeleri,"[""Küçük tablolar"",""Yalnız metin"",""Çok büyük ve karmaşık veri kümeleri"",""Tek dosya""]",
fc620fcb-58fb-42de-98e3-092dbf79cc7d,edebiyat,3,b,dokunulmadi_b,0.930,,"Frankenstein'ın alt başlığı ""Modern Prometheus"" çok bilinen bir gerçek; çeldirici olarak hangi mitolojik figür yazılırsa yazılsın doğru şık en tanıdık kalıyor ve önceki turda 3 denemede de düzelmedi.",Mary Shelley'nin 'Frankenstein' romanının alt başlığı nedir?,Modern Prometheus,"[""Modern İkarus"",""Zincirli Titan"",""Yeni Pygmalion"",""Modern Prometheus""]",
bc16bb2b-2d97-40bb-a9b9-d8ab38f61d0b,cografya,2,b,dokunulmadi_b,0.960,,Kıyı çizgilerinin uyması kıta kayması kuramının en bilinen kanıtıdır ve şıklar ne yazılırsa yazılsın bu şık en tanıdık kalır; ayrıca Sonnet üç denemede çeldiricilerle sorunu çözemedi.,Kıta kayması kuramının kanıtlarından biri nedir?,Kıyı çizgilerinin birbirine uyması,"[""Nüfus dağılımı"",""Dil benzerliği"",""Kıyı çizgilerinin birbirine uyması"",""İklim benzerliği yalnızca""]",
8fafb110-09e7-43d9-9407-8078227ad351,teknoloji,3,b,dokunulmadi_b,0.890,,"Saat frekansının saniyedeki çevrim sayısı olduğu çok bilinen kavramsal bir gerçektir, şıklar gizlenince bile belli olur ve Sonnet'in üç denemede çeldirici yazıp geçememesi şık düzeltmesinin işe yarama",'Saat frekansı' işlemcide neyi belirtir?,Saniyedeki çevrim sayısını,"[""Bellek boyutunu"",""Saniyedeki çevrim sayısını"",""Çekirdek sayısını"",""Sıcaklığı""]",
1e66253a-6413-4e80-ba1d-c02d5ddbc38f,bilim,2,c,dokunulmadi_c,0.940,,"ilk turda sınırda (p 0,70–0,75) diye bilerek işaretli bırakıldı",Mutasyonun evrimdeki rolü nedir?,Çeşitliliğe kaynak sağlamak,"[""Çeşitliliğe kaynak sağlamak"",""Çeşitliliği azaltmak"",""Üremeyi durdurmak"",""Beslenmeyi sağlamak""]",
761ca836-ef79-43bd-88f4-2b4cf36b7d45,teknoloji,5,a,gecti,0.880,0.650,,'Von Neumann mimarisi'nin ayırt edici yanı nedir?,Program ve verinin aynı bellekte olması,"[""Ağ bağlantısı"",""Grafik desteği"",""Çoklu ekran"",""Program ve verinin aynı bellekte olması""]","[""Program ve verinin ayrı bellekte olması"",""Komutların paralel yürütülmesi"",""Verinin akışla işlenmesi"",""Program ve verinin aynı bellekte olması""]"
0d7c3c67-3807-4b9a-a13b-bdb90bf51746,teknoloji,5,a,gecti,0.810,0.160,,'CAP teoremi' neyi söyler?,Üç özellikten ikisi seçilebilir,"[""Her şey aynı anda mümkündür"",""Hız her zaman en önemlidir"",""Veri hiçbir zaman kaybolmaz"",""Üç özellikten ikisi seçilebilir""]","[""Dört özellikten üçü seçilebilir"",""Üç özellik aynı anda sağlanır"",""Beş özellikten dördü seçilebilir"",""Üç özellikten ikisi seçilebilir""]"
20071084-7e5a-4397-a51e-606df9bd092a,sanat,3,a,gecti,0.670,0.480,,'Mozaik tesserası' nedir?,Küçük mozaik parçası,"[""Yapıştırıcı"",""Kalıp"",""Küçük mozaik parçası"",""Fırça""]","[""Kaba mozaik harcı"",""İlk mozaik çizimi"",""Küçük mozaik parçası"",""Alt mozaik tabakası""]"
507ad953-e865-4e00-a7f7-a284556b7959,teknoloji,3,a,sinirda,0.970,0.710,"Jev ipucu p=0.96 > 0.75 (seçim: ""Amaçla sınırlı ve ölçülü"")",'Kişisel veri' hangi ilkeyle işlenmelidir?,Amaçla sınırlı ve ölçülü,"[""Amaçla sınırlı ve ölçülü"",""Sınırsız"",""Gizlice"",""Süresiz""]","[""Amaçla sınırlı ve ölçülü"",""Kurumla sınırlı ve süresiz"",""Talebe açık ve kapsamlı"",""Azami, kalıcı ve geniş""]"
c2eb31ad-7ed8-459a-9a61-be8a8b2eff19,teknoloji,5,a,gecti,0.550,0.690,,'Dağıtık iz' (tracing) ne gösterir?,Bir isteğin hizmetler arası yolunu,"[""Disk kullanımını"",""Bir isteğin hizmetler arası yolunu"",""Ekran kaydını"",""Şifre gücünü""]","[""Bir sunucunun anlık bellek tüketimini"",""Bir isteğin hizmetler arası yolunu"",""Bir veritabanının tablo şemasını"",""Bir kullanıcının oturum geçmişini""]"
b2342276-5dab-43ca-b499-a0950ae79eeb,teknoloji,3,b,dokunulmadi_b,0.930,,DNS'in alan adını IP adresine çevirdiği çok bilinen tek bir gerçektir; şıklar soru gizliyken bile kavramsal olarak belli olur ve önceki turda 3 denemede çeldirici düzeltmesi işe yaramamıştır.,DNS sisteminin görevi nedir?,Alan adını IP adresine çevirmek,"[""Dosya saklamak"",""Virüs taramak"",""Sayfa tasarlamak"",""Alan adını IP adresine çevirmek""]",
b3f00614-85b8-4320-a467-5070143d1824,bilim,1,a,gecti,0.950,0.670,,'Plastiğin doğada kalma süresi' neden uzundur?,Doğal ayrışmaya dirençli olduğu için,"[""Ağır olduğu için"",""Doğal ayrışmaya dirençli olduğu için"",""Renkli olduğu için"",""Sert olduğu için""]","[""Havadaki nemi sürekli emdiği için"",""Doğal ayrışmaya dirençli olduğu için"",""Yüksek basınçla sıkıştırılarak üretildiği için"",""Isıyı uzun süre depoladığı için""]"
b2a0969b-f098-4015-add1-e10c6cd9f4cc,cografya,4,a,gecti,0.770,0.660,,Baraj yeri seçiminde aranan jeolojik özellik nedir?,Sağlam ve geçirimsiz zemin,"[""Killi gevşek zemin"",""Sağlam ve geçirimsiz zemin"",""Fay üstü"",""Karstik zemin""]","[""Gözenekli ve geçirimli zemin"",""Sağlam ve geçirimsiz zemin"",""Çatlaklı ve eriyebilir zemin"",""Esnek ve sıkışabilir zemin""]"
9c5d4cd3-1ca9-40eb-bac1-b8dafcc08cba,bilim,1,a,kaldi,0.900,,"Jev ipucu p=1.00 > 0.75 (seçim: ""Yıldız kendi ışığını üretir"")",'Gezegen' ile 'yıldız' farkı nedir?,Yıldız kendi ışığını üretir,"[""Boyut"",""Yıldız kendi ışığını üretir"",""Renk"",""Yörünge""]",
840471aa-bb7b-4864-a68c-e91f3e57101d,teknoloji,5,a,gecti,0.940,0.500,,SQL enjeksiyonu saldırısı neyi hedefler?,Sorguyu değiştirip veriye erişmeyi,"[""Ekranı kapatmayı"",""Kabloyu kesmeyi"",""Yazıcıyı bozmayı"",""Sorguyu değiştirip veriye erişmeyi""]","[""Tarayıcıya betik ekleyip çalıştırmayı"",""Sunucuyu trafikle boğup çökertmeyi"",""Belleği taşırıp kod yürütmeyi"",""Sorguyu değiştirip veriye erişmeyi""]"
f57e810a-1ed5-462a-bdf5-e1bc392e2fd9,teknoloji,5,a,gecti,0.950,0.110,,Sürüm kontrolünde 'merge' işlemi ne yapar?,Farklı dalları birleştirir,"[""Dal siler"",""Dosya siler"",""Sunucu kurar"",""Farklı dalları birleştirir""]","[""Uzak depoyu kopyalar"",""Değişiklikleri geçici saklar"",""Commitleri sunucuya gönderir"",""Farklı dalları birleştirir""]"
87cf1cb3-c3c7-41f3-889f-f53954ced7a3,teknoloji,3,a,gecti,0.960,0.480,,Yedeklilik (redundancy) neyi sağlar?,Arıza durumunda hizmetin sürmesini,"[""Arıza durumunda hizmetin sürmesini"",""Hızın artmasını"",""Maliyetin düşmesini"",""Verinin silinmesini""]","[""Arıza durumunda hizmetin sürmesini"",""Saldırı durumunda verinin şifrelenmesini"",""Erişim durumunda kimliğin doğrulanmasını"",""Yoğunluk durumunda bağlantının hızlanmasını""]"
4a9129dc-de72-405f-8f92-19bf1e5d82ec,spor,4,a,kaldi,1.000,,"Jev ipucu p=0.83 > 0.75 (seçim: ""Planlı yük ve dinlenme dengesi"")",'Antrenman periyotlaması' ne sağlar?,Planlı yük ve dinlenme dengesi,"[""Rastgele çalışmayı"",""Planlı yük ve dinlenme dengesi"",""Sadece dinlenmeyi"",""Sadece yükü""]",
506f8ab3-761a-45f2-a903-6fa6e6f93c9e,spor,2,a,kaldi,0.920,,"Jev ipucu p=0.97 > 0.75 (seçim: ""Altın madalya sayısına göre"")",Olimpiyatlarda madalya sıralaması neye göre yapılır?,Altın madalya sayısına göre,"[""Sporcu sayısına göre"",""Nüfusa göre"",""Altın madalya sayısına göre"",""Bütçeye göre""]",
5f688b73-856c-4c49-86fd-244c94ea4b52,cografya,2,b,dokunulmadi_b,0.990,,"Güneşe bakan yamacın daha sıcak olması temel ve çok bilinen bir kavram olduğundan soru gizliyken bile doğru şık belli oluyor, üstelik çeldiriciler yeniden yazılınca da önceki turdaki 3 deneme başarısı",Bakının (yamaç yönünün) sıcaklığa etkisi nedir?,Güneşe bakan yamaç daha sıcaktır,"[""Güneşe bakan yamaç daha sıcaktır"",""Kuzey yamaç daha sıcaktır"",""Etkisi yoktur"",""Yalnız yağışı etkiler""]",
a2c6e50f-a80b-4e00-a782-b50e73b23247,teknoloji,3,a,kaldi,0.910,,"Jev ipucu p=0.97 > 0.75 (seçim: ""Dağıtık ve değiştirilmesi zor kayıt"")",Blokzincir teknolojisinin temel özelliği nedir?,Dağıtık ve değiştirilmesi zor kayıt,"[""Yalnız yerel dosya"",""Dağıtık ve değiştirilmesi zor kayıt"",""Merkezî tek kopya"",""Yalnız yazıcı""]",
bd3fa0b7-d6e6-49e7-9df7-e2a36952df2f,teknoloji,2,b,dokunulmadi_b,1.000,,"USB açılımı çok bilinen tek bir gerçek olduğundan soru gizliyken bile doğru şık kolayca seçiliyor ve Sonnet 3 denemede de çeldirici düzeltmesiyle geçemedi, bu yüzden şık düzeltmesi işe yaramaz.",'USB' kısaltmasının açılımı nedir?,Universal Serial Bus,"[""United System Bus"",""Universal Serial Board"",""Ultra Speed Bus"",""Universal Serial Bus""]",
3d4f0238-aa31-4b19-8c72-6ba6c5c352b1,bilim,1,b,dokunulmadi_b,0.800,,Aşının bağışıklık belleği oluşturduğu çok bilinen kavramsal bir bilgi olduğundan çeldirici ne yazılırsa yazılsın doğru şık belli kalır ve önceki turda üç denemede çeldirici düzeltmesi başarısız oldu.,Aşının çalışma ilkesi nedir?,Bağışıklık belleği oluşturmak,"[""Bağışıklık belleği oluşturmak"",""Mikrobu doğrudan öldürmek"",""Ateşi düşürmek"",""Ağrı kesmek""]",
249bbf50-802f-4b6b-9fad-8a6c859b0f03,bilim,2,b,dokunulmadi_b,0.960,,"Eğik düzlemin kuvvetten kazanç sağladığı çok bilinen kavramsal bir gerçek; şıklar gizliyken bile doğru cevap belli, çeldirici ne yazılsa da ""gereken kuvveti azaltır"" en mantıklı kalır ve önceki turda ",'Eğik düzlem' hangi kolaylığı sağlar?,Gereken kuvveti azaltır,"[""Süre kısaltır"",""Enerji üretir"",""Gereken kuvveti azaltır"",""Kütleyi azaltır""]",
9bdc5ecd-3c67-4122-8a76-ad2fe5b5ac67,genel_kultur,3,c,dokunulmadi_c,0.870,,"ilk turda sınırda (p 0,70–0,75) diye bilerek işaretli bırakıldı",Telif hakkı süresi dolan eserler nasıl anılır?,Kamu malı,"[""Gizli eser"",""Kamu malı"",""Taslak"",""Yasak eser""]",
48cfa609-7353-4e94-8b08-29e0fe856c5b,teknoloji,4,a,gecti,0.830,0.140,,Proxy sunucusunun işlevi nedir?,İstekleri aracı olarak iletmek,"[""Dosya silmek"",""İstekleri aracı olarak iletmek"",""Kod derlemek"",""Sayfa tasarlamak""]","[""Alan adlarını IP'ye çevirmek"",""İstekleri aracı olarak iletmek"",""Cihazlara otomatik IP atamak"",""E-postaları alıcılara teslim etmek""]"
987e404d-dcc2-488c-9c45-f2a455287489,sanat,4,a,gecti,0.870,0.170,,'Litografi' neye dayanır?,Yağ ve suyun itişmesine,"[""Ahşap oymaya"",""Yağ ve suyun itişmesine"",""Metal dövmeye"",""İpek boyamaya""]","[""Mıknatıs ve demirin çekişmesine"",""Yağ ve suyun itişmesine"",""Kalıp ve kâğıdın sürtünmesine"",""Elek ve mürekkebin süzülmesine""]"
2dd03928-75b8-4fc7-80ac-d1039eea99a8,teknoloji,5,b,dokunulmadi_b,0.810,,"Şıklar aynı türde (kripto figürleri/birimleri) ve biçimce eşit; ipucu biçimden değil, Satoshi'nin Bitcoin ile en tanıdık ilişkili ad olmasından geliyor, bu yüzden hangi çeldirici yazılsa doğru şık en ",Bitcoin'in en küçük biriminin adı nedir?,Satoshi,"[""Finney"",""Satoshi"",""Szabo"",""Wei""]",
ee7b17f5-ba06-4f22-9cdd-e68eee447ea3,spor,3,b,dokunulmadi_b,0.920,,"Spiridon Luis, 1896 maratonunun çok bilinen tek galibi olduğu için soru gizliyken bile en tanıdık şık olarak seçiliyor ve önceki turda 3 çeldirici denemesi de geçemedi, bu yüzden şık düzeltmesi işe ya",1896 Atina Olimpiyatları'nda maratonu kazanan Yunan atlet kimdir?,Spiridon Luis,"[""Spiridon Belokas"",""Spiridon Luis"",""Harilaos Vasilakos"",""Yannis Persakis""]",
9d975608-6265-46b7-bc29-c61a273f4191,teknoloji,3,b,dokunulmadi_b,0.910,,"Unicorn teriminin 1 milyar dolar değerleme anlamı çok bilinen tek bir gerçektir, soru gizliyken bile şıklardan en tanıdık olan seçilir ve önceki turda çeldirici yazımı üç denemede de başarısız olmuştu",Girişim dünyasında 'unicorn' (tek boynuzlu at) terimi hangi şirketleri tanımlar?,Değeri 1 milyar doları aşan girişimleri,"[""Değeri 1 milyar doları aşan girişimleri"",""Borsaya ilk kez açılan girişimleri"",""Hiç yatırım almadan kâra geçen girişimleri"",""Kurucusu 25 yaşından genç olan girişimleri""]",
26aeeb6e-dcb9-48f0-801e-cbd819793e60,muzik,5,b,dokunulmadi_b,0.840,,"Çeldiriciler de Türk Beşleri üyesi olduğundan şıklar biçim olarak dengeli; Saygun en tanınan isim olduğu için model soru gizliyken bile seçiyor, yani sorun şık biçimi değil kapalı küçük küme ve tanını",'Köroğlu' operasının bestecisi olan Türk Beşleri üyesi kimdir?,Ahmet Adnan Saygun,"[""Ulvi Cemal Erkin"",""Necil Kazım Akses"",""Hasan Ferit Alnar"",""Ahmet Adnan Saygun""]",
0a739a91-9ad4-438e-add6-c9f3b753eb4a,cografya,2,c,dokunulmadi_c,0.860,,"ilk turda sınırda (p 0,70–0,75) diye bilerek işaretli bırakıldı",Bir kentte hava kalitesi izleme istasyonları neyi ölçer?,Kirletici madde derişimlerini,"[""Kentteki nüfus yoğunluğunu"",""Kesilen trafik cezasını"",""Yalnızca yağış miktarını"",""Kirletici madde derişimlerini""]",
6b73f88c-4cc3-438f-a126-ee7eda5f5031,genel_kultur,1,b,dokunulmadi_b,0.880,,"Halkın yöneticileri seçtiği yönetim biçiminin demokrasi olduğu şıklara bakmadan bilinen temel bir kavramdır; şıklar ne olursa olsun en tanıdık doğru şık olarak kalır, bu yüzden çeldirici düzeltmesi iş",Halkın yöneticilerini seçtiği yönetim biçimi hangisidir?,Demokrasi,"[""Monarşi"",""Oligarşi"",""Demokrasi"",""Teokrasi""]",
6fbd2ce7-0a6b-4e6e-881d-a705a0f0b371,cografya,3,a,gecti,0.870,0.430,,Diyarbakır'ın tarihi surlarının özelliği nedir?,Dünya mirası listesinde olması,"[""Dünya mirası listesinde olması"",""Yeni yapılmış olması"",""Ahşap olması"",""Yıkılmış olması""]","[""Dünya mirası listesinde olması"",""Beyaz mermerden yapılmış olması"",""Hiç kapısı bulunmamış olması"",""Ege kıyısında yer alması""]"
a4c79913-9870-431c-b7d1-99aa4790dde2,teknoloji,4,a,gecti,0.880,0.340,,DHCP protokolü ne yapar?,Cihazlara otomatik IP dağıtır,"[""Şifre üretir"",""Dosya taşır"",""Sayfa gösterir"",""Cihazlara otomatik IP dağıtır""]","[""Alan adlarını IP'ye çevirir"",""Ağlar arasında paketleri yönlendirir"",""Cihazlara saat bilgisi eşitler"",""Cihazlara otomatik IP dağıtır""]"
383dfe6b-be94-43c4-966e-f028c2f1aaba,spor,1,a,gecti,0.900,0.600,,"Sporda ""amatör"" ne anlama gelir?",Kazanç amacı gütmeden yapmak,"[""Hakem olmak"",""Antrenör olmak"",""Kazanç amacı gütmeden yapmak"",""Profesyonel olmak""]","[""Maaş karşılığı sözleşmeyle oynamak"",""Takım kurmadan bireysel yarışmak"",""Kazanç amacı gütmeden yapmak"",""Yalnızca gençler liginde yarışmak""]"
9755107d-0b88-4e16-9eef-3c51cee942b4,muzik,5,a,gecti,0.920,0.430,,'Şarkı' formu Türk müziğinde neyi içerir?,"Zemin, nakarat ve meyan","[""Yalnız saz"",""Zemin, nakarat ve meyan"",""Yalnız taksim"",""Yalnız usul""]","[""Hane, teslim ve mülazime"",""Zemin, nakarat ve meyan"",""Serhane, terennüm ve ara nağme"",""Selam, ara saz ve yürük""]"
cb30c773-499a-429b-86a7-d7759b21ac37,sinema,4,a,gecti,0.870,0.620,,Belgeselde 'sinema verite' yaklaşımı nedir?,Gözlemci ve müdahalesiz çekim,"[""Gözlemci ve müdahalesiz çekim"",""Sahneleme ağırlıklı"",""Animasyonlu"",""Yalnız arşivli""]","[""Gözlemci ve müdahalesiz çekim"",""Senaryolu ve canlandırmalı çekim"",""Stüdyolu ve ışıklandırmalı çekim"",""Anlatıcılı ve yorumlu çekim""]"
8aa50365-4981-47f6-a013-b1209748083b,cografya,3,a,gecti,0.890,0.380,,Demiryolu güzergâhında eğimin düşük tutulmasının nedeni nedir?,Tekerlek-ray sürtünmesinin azlığı,"[""Tekerlek-ray sürtünmesinin azlığı"",""Estetik kaygı"",""Hız sınırı"",""Maliyet düşüklüğü""]","[""Tekerlek-ray sürtünmesinin azlığı"",""Ray-travers bağlantısının zayıflığı"",""Sinyal-hat görüşünün kısalığı"",""Ray-balast genleşmesinin fazlalığı""]"
947ffa04-0fa0-41ba-9f89-39e7b671d285,sanat,3,a,gecti,0.930,0.320,,Sanat eserinde sahtecilik neyle tespit edilir?,Malzeme ve teknik analizle,"[""Malzeme ve teknik analizle"",""Fiyatına bakarak"",""Boyutuna bakarak"",""Adına bakarak""]","[""Malzeme ve teknik analizle"",""Fiyat ve piyasa değeriyle"",""İzleyici ve beğeni sayısıyla"",""Müze ve galeri şöhretiyle""]"
2d2faafa-219b-42ff-abb5-71c0a2b03ea5,teknoloji,3,a,gecti,0.940,0.080,,Bilişimde 'protokol' ne demektir?,İletişim kuralları bütünü,"[""İletişim kuralları bütünü"",""Donanım parçası"",""Yazılım türü"",""Dosya biçimi""]","[""İletişim kuralları bütünü"",""İşlemci komutları bütünü"",""Yazılım kütüphaneleri bütünü"",""Kod yazım kuralları bütünü""]"
e508540c-7b4b-4166-947c-e5c4ad68205a,bilim,2,b,dokunulmadi_b,0.950,,"Kuramın kanıtla desteklenmiş olması bilinen kavramsal bir ayrımdır, çeldiriciler (hipotez kesindir, ikisi aynıdır) kavramsal olarak zayıf kalır ve önceki turda 3 denemede çeldirici yazımı başarısız ol",Bilimsel kuram ile hipotez arasındaki fark nedir?,Kuramın çok kanıtla desteklenmesi,"[""Hipotezin kesin olması"",""Kuramın çok kanıtla desteklenmesi"",""İkisinin aynı olması"",""Kuramın tahmin olması""]",
1fb65cc8-4889-476a-b873-1384eb58ba95,cografya,3,b,dokunulmadi_b,0.870,,Su stresi kavramı genel kültürle bilinen tek anlamlı bir terimdir ve doğru şık en uzun olsa da çeldiriciler ne yazılırsa yazılsın kavramsal olarak belirgin kalır; Sonnet'in üç denemede başarısız olmas,Su stresi kavramı neyi ifade eder?,Kişi başına düşen suyun azlığını,"[""Kişi başına düşen suyun azlığını"",""Yağışın fazlalığını"",""Baraj sayısını"",""Nehir uzunluğunu""]",
e0b516b8-6f7c-4aba-91e1-0dcedfacf761,cografya,3,c,dokunulmadi_c,0.690,,"Doğru şık en uzun ve çok kelimeli olduğundan biçimsel ipucu var (a lehine), ancak Sonnet üç denemede inandırıcı çeldirici yazamadı ve hakem 'zemin su geçirgenliği' gibi alternatifleri doğru sayılabili",Kentte 'yoğunluk' kararının etkisi nedir?,Altyapı ve trafik yükünü belirlemesi,"[""Bina rengini"",""İklimi"",""Altyapı ve trafik yükünü belirlemesi"",""Toprak türünü""]",
d4fa02bf-8250-4c60-ae04-758261ca8baa,cografya,1,a,gecti,0.830,0.620,,Kuzey Kutbu ile Güney Kutbu arasındaki temel coğrafi fark nedir?,"Kuzeyin okyanus, güneyin kıta olması","[""İkisinin de kıta olması"",""Kuzeyin okyanus, güneyin kıta olması"",""İkisinin de okyanus olması"",""Kuzeyin kıta olması""]","[""Kuzeyin kıta, güneyin okyanus olması"",""Kuzeyin okyanus, güneyin kıta olması"",""Kuzeyin takımada, güneyin okyanus olması"",""Kuzeyin takımada, güneyin kıta olması""]"
791f42f0-e75a-418e-ac68-79dbd851f0db,sanat,3,b,dokunulmadi_b,0.850,,"Suflörün unutulan repliği fısıldadığı çok bilinen tek bir gerçektir ve cevap şıklara bakmadan belli olur; üstelik önceki turda üç denemede de geçerli çeldirici yazılamamıştır, bu da şık düzeltmesinin ",'Suflör' oyunda ne yapar?,Unutulan repliği fısıldar,"[""Işık verir"",""Ses ayarlar"",""Unutulan repliği fısıldar"",""Dekor kurar""]",
71513d2f-3e9d-48ab-9ab4-9d57a5a45527,cografya,2,b,dokunulmadi_b,0.960,,Doğru cevap (depreme dayanıklı yapı) fay hattı kavramından kendiliğinden belli ve çeldiriciler mantıksız kaldığı için şık düzeltmesi işe yaramıyor; Sonnet'in 3 denemede geçememesi de bunu destekliyor.,Fay hattı üzerindeki yerleşimlerde alınan temel önlem nedir?,Depreme dayanıklı yapı,"[""Depreme dayanıklı yapı"",""Yüksek bina yapmak"",""Zemini kazmak"",""Yol genişletmek""]",
d2e3c40b-8bb0-4fa5-8700-8b2fd57f334b,teknoloji,4,a,kaldi,0.960,,"Jev ipucu p=0.85 > 0.75 (seçim: ""Tek kod tabanıyla çok platform"")",'Çapraz platform' geliştirme ne sağlar?,Tek kod tabanıyla çok platform,"[""Tek platform"",""Tek kod tabanıyla çok platform"",""Yalnız web"",""Yalnız mobil""]",
65562b73-af89-4d4b-9464-82561df829d5,teknoloji,5,a,gecti,0.780,0.350,,Service worker teknolojisi neyi mümkün kılar?,Çevrim dışı çalışma ve önbellek,"[""Veri tabanı kurma"",""Çevrim dışı çalışma ve önbellek"",""Sunucu kiralama"",""Kod derleme""]","[""Doğrudan DOM düzenleme ve animasyon"",""Çevrim dışı çalışma ve önbellek"",""Sunucu tarafı oluşturma ve dizinleme"",""Kod derleme ve paket küçültme""]"
0746cdb8-f7ba-4e72-86fd-8fbb01bc31e7,teknoloji,3,b,dokunulmadi_b,0.970,,IPv6'nın temel avantajının çok daha geniş adres alanı olduğu iyi bilinen tek gerçektir; çeldiriciler 'avantaj' çerçevesinde doğal olarak dezavantaj gibi okunur ve Sonnet üç denemede de ipucunu giderem,IPv6'nın IPv4'e göre avantajı nedir?,Çok daha fazla adres alanı,"[""Çok daha kısa adres alanı"",""Daha az güvenlik katmanı"",""Çok daha fazla adres alanı"",""Daha az cihaz desteği""]",
5ba4d1e3-c29b-434a-8408-9d2361149c3e,sanat,3,a,gecti,0.850,0.240,,'Sütun başlığı' neyi taşır?,Kirişi ve kemeri,"[""Zemini"",""Kirişi ve kemeri"",""Duvarı"",""Çatıyı yalnızca""]","[""Kaideyi ve gövdeyi"",""Kirişi ve kemeri"",""Temeli ve zemini"",""Kontrforu ve payandayı""]"
6a8975e0-b4c8-4133-b352-d254fa8e0580,sanat,3,c,dokunulmadi_c,0.850,,"ilk turda sınırda (p 0,70–0,75) diye bilerek işaretli bırakıldı",'Karbon tarihleme' sanat eserinde ne yapar?,Organik malzemenin yaşını verir,"[""Renk ölçer"",""Sahibini bulur"",""Fiyat belirler"",""Organik malzemenin yaşını verir""]",
d83b367a-9038-41af-8020-390b36836975,teknoloji,5,a,gecti,0.880,0.300,,'Atomik tasarım' yaklaşımı neyi önerir?,Küçük parçalardan büyüğe kurmayı,"[""Tek büyük sayfa"",""Yalnız renk seçimi"",""Kod tekrarı"",""Küçük parçalardan büyüğe kurmayı""]","[""Her sayfayı sıfırdan tasarlamayı"",""Mobil ekrandan masaüstüne genişletmeyi"",""Stilleri tek dosyada toplamayı"",""Küçük parçalardan büyüğe kurmayı""]"
d25401d5-58a0-45c3-8805-4933d85a0363,muzik,4,a,gecti,0.730,0.610,,Türk müziğinde 'dizi' ne anlama gelir?,Makamı oluşturan ses sırası,"[""Makamı oluşturan ses sırası"",""Ritim kalıbı"",""Çalgı topluluğu"",""Eser formu""]","[""Makamı oluşturan ses sırası"",""Usulü oluşturan vuruş sırası"",""Faslı oluşturan eser sırası"",""Taksimde izlenen geçki sırası""]"
fe384c1b-9cfc-4eb2-9c7e-9397ba630066,cografya,2,b,dokunulmadi_b,0.940,,"Doğru cevap kavramsal olarak belli (ulaşım yollarının kesişmesi), çeldiriciler ne yazılırsa yazılsın en makul şık o kalıyor ve önceki turda Sonnet 3 denemede makul bir çeldirici üretemedi.",Bir yerleşimin ticaret merkezi olmasında en önemli etken nedir?,Ulaşım yollarının kesişmesi,"[""Yüksek rakım"",""Ormanlık olması"",""Ulaşım yollarının kesişmesi"",""Soğuk iklim""]",
9bf8721c-cf3e-4b71-ac2f-a2e61a71fd39,teknoloji,5,a,kaldi,0.950,,"Jev ipucu p=0.87 > 0.75 (seçim: ""Veri tekrarını azaltmak"")",Normalizasyonun amacı nedir?,Veri tekrarını azaltmak,"[""Veriyi çoğaltmak"",""Veri tekrarını azaltmak"",""Sorguyu yavaşlatmak"",""Tabloyu silmek""]",
fe24fd40-4170-4a3b-a78e-147aa542445a,teknoloji,3,b,dokunulmadi_b,0.880,,"SEO'nun amacı çok bilinen kavramsal bir bilgidir ve çeldiriciler (şifrelemek, sunucu kurmak, veri silmek) ne yazılırsa yazılsın doğru şık en tanıdık kalır; ayrıca Sonnet üç denemede de geçemedi.",SEO çalışmasının amacı nedir?,Arama sonuçlarında görünürlüğü artırmak,"[""Sayfayı şifrelemek"",""Sunucu kurmak"",""Veri silmek"",""Arama sonuçlarında görünürlüğü artırmak""]",
cd9cfae5-e9e1-43cc-b33e-24f60e6450c6,sanat,4,a,gecti,0.860,0.400,,Amblem ile logo arasındaki fark nedir?,"Amblem simge, logo yazı ağırlıklıdır","[""Fark yoktur"",""Amblem renklidir"",""Logo çizimdir"",""Amblem simge, logo yazı ağırlıklıdır""]","[""Amblem yazı, logo simge ağırlıklıdır"",""Amblem renk, logo çizgi ağırlıklıdır"",""Amblem fotoğraf, logo çizim ağırlıklıdır"",""Amblem simge, logo yazı ağırlıklıdır""]"
255dfd17-fd7d-4880-8f41-c53c723c7710,sanat,3,a,gecti,0.960,0.540,,Kilim dokumada motiflerin işlevi nedir?,Anlam ve kültürel simge taşımak,"[""Yalnız süsleme"",""Ağırlık artırma"",""Renk azaltma"",""Anlam ve kültürel simge taşımak""]","[""Dokuma hızı ve verimi artırmak"",""Atkı ve çözgü sayısını belirlemek"",""Isı ve nem yalıtımı sağlamak"",""Anlam ve kültürel simge taşımak""]"
c07229bf-e210-44ab-9969-2e5e94b3e331,sanat,3,b,dokunulmadi_b,0.560,,Gotik mimarinin sivri kemerle özdeşleşmesi çok bilinen kavramsal bir gerçek olduğundan çeldirici ne yazılırsa yazılsın doğru şık en tanıdık kalır ve Sonnet'in 3 denemesi de hakemden geçemedi.,Gotik mimarinin belirgin özelliği nedir?,Sivri kemerler,"[""Ahşap sütunlar"",""Sivri kemerler"",""Yuvarlak kubbeler"",""Düz çatılar""]",
a0936c2b-94a5-4fc0-b5ee-f1cb8db7bd2d,bilim,5,b,dokunulmadi_b,0.740,,Şıklar 113-118 arası süper ağır elementlerden oluşan küçük kapalı bir küme olup 118'in oganesson olduğu soru metni olmadan da en tanıdık cevap olarak öne çıktığından çeldirici değişimi sorunu çözmez.,Periyodik tablodaki 118 atom numaralı element hangisidir?,Oganesson,"[""Tennesin"",""Oganesson"",""Livermoryum"",""Moskovyum""]",
b75cb64a-cb4b-4034-af52-b8bab10ad40d,teknoloji,5,a,kaldi,0.990,,"Jev ipucu p=0.92 > 0.75 (seçim: ""İki süreç birbirinin kaynağını beklerken"")",Kilitlenme (deadlock) ne zaman oluşur?,İki süreç birbirinin kaynağını beklerken,"[""Bellek dolduğunda"",""Disk bittiğinde"",""Ağ koptuğunda"",""İki süreç birbirinin kaynağını beklerken""]",
4ee1d7e4-b9ea-4882-87dd-8df972f70b74,spor,3,b,dokunulmadi_b,0.740,,"Dartta merkezin 'Bullseye' olduğu çok bilinen tek bir gerçektir ve şıklar gizlenince de belli olur; üstelik çeldiriciler (Triple, Double, Miss) dart terimleri olsa da Bullseye en tanıdık kalır, Sonnet",Dartta tahtanın merkezine ne denir?,Bullseye,"[""Bullseye"",""Triple"",""Double"",""Miss""]",
635d9437-6dd0-479f-a106-5a3b73b6b22f,sanat,4,a,gecti,0.800,0.190,,Litografi baskı tekniği neye dayanır?,Yağ ve suyun birbirini itmesine,"[""Metal oymaya"",""Ahşap kesmeye"",""Yağ ve suyun birbirini itmesine"",""İpek eleğe""]","[""Isı ve basıncın birbirini dengelemesine"",""Işık ve gölgenin birbirini tamamlamasına"",""Yağ ve suyun birbirini itmesine"",""Kabartma ve oyuğun birbirini izlemesine""]"
37f34199-3b7d-43ba-b52b-4b196c0e3792,teknoloji,4,a,gecti,0.880,0.590,,'Tasarım sistemi' ne işe yarar?,Tutarlı bileşen ve kural bütünü sunmaya,"[""Ağ kurmaya"",""Veri saklamaya"",""Tutarlı bileşen ve kural bütünü sunmaya"",""Kod derlemeye""]","[""Otomatik test ve hata raporu üretmeye"",""Sunucu yükünü dengeli biçimde dağıtmaya"",""Tutarlı bileşen ve kural bütünü sunmaya"",""Proje görev ve süre planını yönetmeye""]"
96d9a788-663e-412d-9406-4b0849823362,cografya,2,b,dokunulmadi_b,0.780,,"Ankyra adının Ankara ile benzerliği cevabı kavramsal olarak belli kılıyor, çeldirici ne yazılırsa yazılsın en tanıdık şık Ankara kalır ve Sonnet 3 denemede geçemedi.",Ankyra hangi kentin antik adıdır?,Ankara,"[""Konya"",""Kayseri"",""Ankara"",""Sivas""]",
26fffc32-81b6-453a-9594-63e72f9608cf,bilim,3,c,dokunulmadi_c,0.960,,"ilk turda sınırda (p 0,70–0,75) diye bilerek işaretli bırakıldı",Soy gazların tepkimeye girmemesinin nedeni nedir?,Kararlı elektron dizilimi,"[""Ağır olmaları"",""Renksiz olmaları"",""Nadir olmaları"",""Kararlı elektron dizilimi""]",
bae76640-fe57-4ce9-9391-0ccc1e175c1c,teknoloji,2,a,kaldi,0.930,,kural işareti: dogru_coklu_kelime,'Barkod' ile 'QR' farkı nedir?,QR iki boyutlu veri taşır,"[""Renk"",""QR iki boyutlu veri taşır"",""Boyut"",""Malzeme""]",
6194cc84-2ae6-4170-8b23-f8bbe7b3b675,sanat,3,c,dokunulmadi_c,0.740,,"ilk turda sınırda (p 0,70–0,75) diye bilerek işaretli bırakıldı",'Guernica' tablosunu kim yapmıştır?,Picasso,"[""Dali"",""Braque"",""Miro"",""Picasso""]",
d096d5d1-0e78-4930-abad-b7f51ccae000,muzik,3,a,sinirda,0.990,0.700,"Jev ipucu p=0.82 > 0.75 (seçim: ""Klavsende tel çekilir, piyanoda vurulur"")",Klavsen ile piyano arasındaki temel fark nedir?,"Klavsende tel çekilir, piyanoda vurulur","[""Klavsen elektroniktir"",""Piyano telsizdir"",""İkisi de üflemelidir"",""Klavsende tel çekilir, piyanoda vurulur""]","[""Klavsende tel vurulur, piyanoda çekilir"",""Klavsende tel sürtülür, piyanoda vurulur"",""Klavsende tel vurulur, piyanoda sürtülür"",""Klavsende tel çekilir, piyanoda vurulur""]"
1f8de820-68b6-47bf-bf7e-ecef416d565a,muzik,5,a,gecti,0.910,0.410,,"Türk Sanat Müziği'nde ""fasıl"" nedir?",Belirli sırayla icra edilen eserler bütünü,"[""Belirli sırayla icra edilen eserler bütünü"",""Tek eser"",""Ritim kalıbı"",""Doğaçlama""]","[""Belirli sırayla icra edilen eserler bütünü"",""Belirli makamda doğaçlama çalınan giriş bölümü"",""Belirli usulde tekrarlanan vuruşlar bütünü"",""Belirli güftelerin bestelendiği şiir türü""]"
197fb2e6-9af4-4e6a-ab3e-4518c893f766,bilim,3,b,dokunulmadi_b,0.710,,Königsberg köprüleri problemi çok bilinen tek gerçek olduğundan soru gizliyken bile cevap belli; şıkları düzeltmek işe yaramaz ve önceki turda 3 denemede geçilememesi bunu destekliyor.,Euler'in 1736'da çözerek çizge kuramını başlattığı problem hangi şehrin köprüleriyle ilgilidir?,Königsberg,"[""Amsterdam"",""Venedik"",""Königsberg"",""Kopenhag""]",
73727e0d-5503-42b4-be19-75e054678d85,bilim,3,a,sinirda,0.930,0.730,"Jev ipucu p=0.89 > 0.75 (seçim: ""İstenen çeşidi çoğaltmak"")",Meyve ağaçlarında aşılamanın amacı nedir?,İstenen çeşidi çoğaltmak,"[""Yaprağı artırmak"",""İstenen çeşidi çoğaltmak"",""Kökü kesmek"",""Ağacı kısaltmak""]","[""Yeni melez çeşit oluşturmak"",""İstenen çeşidi çoğaltmak"",""Meyvenin genetiğini değiştirmek"",""Çiçek tozlaşmasını hızlandırmak""]"
1e562adc-9838-4830-8352-3a81f4b68b97,cografya,4,a,kaldi,0.920,,"Jev ipucu p=0.90 > 0.75 (seçim: ""Jeomorfolojinin süreçleri incelemesi"")",Topografya ile jeomorfoloji arasındaki fark nedir?,Jeomorfolojinin süreçleri incelemesi,"[""Topografyanın süreç incelemesi"",""İkisinin aynı olması"",""Jeomorfolojinin ölçüm yapması"",""Jeomorfolojinin süreçleri incelemesi""]",
6970dd56-a1fb-45a2-bd34-a9006197c520,cografya,4,a,gecti,0.890,0.410,,Nadas uygulaması hangi amaçla yapılır?,Toprağın nem ve verim kazanması,"[""Ürünü hızlandırmak"",""Zararlıyı çoğaltmak"",""Sulamayı artırmak"",""Toprağın nem ve verim kazanması""]","[""Ürünün hızlı ve erken olgunlaşması"",""Zararlı ve yabani otların çoğalması"",""Taban suyunun ve sulamanın artması"",""Toprağın nem ve verim kazanması""]"
7d1d93e0-4d6f-4c5f-88b0-c64785d377ac,spor,3,c,dokunulmadi_c,0.910,,"Doğru şık en uzun ve çok kelimeli, çeldiriciler zayıf (a lehine); ancak 'interval' kavramı zaten dönüşümlü şiddet demek olduğundan cevap şıksız da belli (b lehine) ve Sonnet'in 3 denemede geçememesi b",'İnterval antrenman' nasıl yapılır?,Şiddet ve dinlenme dönüşümlü,"[""Sabit tempoda"",""Şiddet ve dinlenme dönüşümlü"",""Yalnız yürüyerek"",""Yalnız ağırlıkla""]",
9130e09b-236e-4c99-9573-bffc5091629f,bilim,2,b,dokunulmadi_b,0.760,,"Tüy ve taşın boşlukta aynı anda düştüğü çok bilinen bir kavramdır; şıklar gizliyken bile doğru cevap belli olur, çeldirici ne yazılırsa yazılsın 'Aynı anda' öne çıkar ve Sonnet 3 denemede de geçememiş",Sürtünmesiz ortamda tüy ve taş nasıl düşer?,Aynı anda,"[""Tüy önce"",""Hiç düşmez"",""Aynı anda"",""Taş önce""]",
c6f91f31-a038-410a-a20a-c3dccd1eafd9,teknoloji,5,b,dokunulmadi_b,0.880,,"Kernighan ve Ritchie, C kitabının yazarları olarak çok bilinen ve şıklara bakmadan da bilinen tek gerçektir; çeldiriciler (Knuth-Wirth, Aho-Ullman, Thompson-Pike) aynı türde ve inandırıcı olsa bile en","""Hello, world"" örneğini yaygınlaştıran 1978 tarihli C kitabının yazarları kimlerdir?",Kernighan ve Ritchie,"[""Knuth ve Wirth"",""Aho ve Ullman"",""Kernighan ve Ritchie"",""Thompson ve Pike""]",
3f098067-9e2e-4860-954d-9c15d28c7f8e,genel_kultur,2,b,dokunulmadi_b,0.660,,"Doğru cevap ilk yardım bilgisine göre kavramsal olarak belli (yaralı yalnızca hayati tehlikede hareket ettirilir), 'Her zaman' ve 'Asla' gibi mutlak çeldiriciler zaten zayıf kalıyor ve önceki turda 3 ",Trafik kazasında yaralı ne zaman hareket ettirilmelidir?,Hayati tehlike varsa,"[""Her zaman"",""Hayati tehlike varsa"",""Asla"",""Kalabalık varsa""]",
486b6516-414e-4514-9cce-3bcf41ef58a0,teknoloji,3,b,dokunulmadi_b,0.980,,"Turing Testi yapay zeka alanında çok bilinen tek gerçek cevaptır, soru gizliyken bile en tanıdık şık olarak seçilir ve önceki turda üç çeldirici denemesi de geçemediği için şık düzeltmesi işe yaramaz.","Yapay zeka alanındaki ünlü test ""insan mı makine mi"" ayrımını ölçer; adı nedir?",Turing Testi,"[""Turing Testi"",""Lovelace Testi"",""Tesla Testi"",""Einstein Testi""]",
db7e2a14-50ce-47e5-8a23-b487cc2d9b0b,tarih,2,a,gecti,0.770,0.590,,Osmanlı Devleti'nin kuruluş yeri neresidir?,Söğüt ve Domaniç,"[""Söğüt ve Domaniç"",""Konya"",""Edirne"",""Sivas""]","[""Söğüt ve Domaniç"",""Ermenek ve Mut"",""Bergama ve Balıkesir"",""Kütahya ve Simav""]"
db158d00-73f2-48b6-85ef-b671ce25d835,spor,3,b,dokunulmadi_b,0.860,,"Triatlonun yüzme, bisiklet ve koşudan oluştuğu çok bilinen tek bir gerçektir, soru gizliyken bile doğru şık en tanıdık kombinasyon olarak kalır ve Sonnet'in 3 denemede çeldirici yazıp geçememesi şık d",Triatlon hangi üç dalı içerir?,"Yüzme, bisiklet, koşu","[""Koşu, atlama, atma"",""Yüzme, kürek, koşu"",""Yüzme, bisiklet, koşu"",""Bisiklet, boks, koşu""]",
aeba5d5d-d14f-462b-8291-f98c7b695cd7,teknoloji,3,a,kaldi,0.980,,"Jev ipucu p=0.96 > 0.75 (seçim: ""Veriden örüntü öğrenir"")","Yapay zekâda ""makine öğrenmesi"" ne yapar?",Veriden örüntü öğrenir,"[""Veriden örüntü öğrenir"",""Kablo döşer"",""Ekran temizler"",""Donanım üretir""]",
0df1d1e5-4c64-484a-8947-936d0e32e039,bilim,3,b,dokunulmadi_b,0.910,,"Kalp ileti sistemindeki yapılar küçük ve kapalı bir küme olduğundan sinoatriyal düğüm şıklara bakmadan da en tanıdık cevap kalır, çeldirici yazımı sorunu çözmez ve önceki üç denemenin başarısız olması",Kalbin doğal ritim merkezi olarak kalp atışını başlatan yapı hangisidir?,Sinoatriyal düğüm,"[""Purkinje lifleri"",""Atriyoventriküler düğüm"",""Sinoatriyal düğüm"",""His demeti""]",
dbd65543-c42c-4933-9e15-f2e2bc87ecd9,spor,2,b,dokunulmadi_b,0.870,,El Clásico'nun Real Madrid ve Barcelona arasında oynandığı çok bilinen tek bir gerçektir; çeldirici ne yazılırsa yazılsın en tanıdık ikili doğru kalacağı için şık düzeltmesi işe yaramaz.,İspanya'da 'El Clásico' adıyla bilinen maç hangi iki kulüp arasında oynanır?,Real Madrid ve Barcelona,"[""Barcelona ve Espanyol"",""Real Madrid ve Barcelona"",""Sevilla ve Real Betis"",""Atlético ve Real Madrid""]",
f656c283-45d9-4bb7-ab33-15c72f63b04e,bilim,2,c,dokunulmadi_c,0.860,,"ilk turda sınırda (p 0,70–0,75) diye bilerek işaretli bırakıldı",'Kök hücre'nin özelliği nedir?,Farklı hücrelere dönüşebilmesi,"[""Hiç bölünmemesi"",""Farklı hücrelere dönüşebilmesi"",""Ölü olması"",""Çekirdeksiz olması""]",
2c33d618-49de-4e78-b6ee-bd8e536fbb08,sanat,3,a,gecti,1.000,0.320,,Bauhaus neyi savunmuştur?,Sanat ile tasarım-üretim birliğini,"[""Yalnız heykeli"",""Sanat ile tasarım-üretim birliğini"",""Yalnız müziği"",""Yalnız resmi""]","[""Sanat ile makine-üretim karşıtlığını"",""Sanat ile tasarım-üretim birliğini"",""Sanat ile bilinçaltı-rüya birliğini"",""Sanat ile süsleme-bezeme zenginliğini""]"
774f5e28-8aea-4101-b06d-889e272c1f9f,bilim,1,c,dokunulmadi_c,0.790,,"ilk turda sınırda (p 0,70–0,75) diye bilerek işaretli bırakıldı",Aşının çalışma prensibi nedir?,Bağışıklığı önceden uyarmak,"[""Mikropları öldürmek doğrudan"",""Ağrıyı kesmek"",""Bağışıklığı önceden uyarmak"",""Ateşi düşürmek""]",
c47e99e0-1417-4470-a4e0-ae16e543a9e7,edebiyat,4,b,dokunulmadi_b,0.900,,"Garip akımının üç şairi (Orhan Veli, Melih Cevdet, Oktay Rifat) çok bilinen tek gerçektir; çeldirici ne yazılırsa yazılsın doğru şık en tanıdık olarak kalır, şık düzeltmesi işe yaramaz.",Garip akımının üç şairi kimlerdir?,"Orhan Veli, Melih Cevdet, Oktay Rifat","[""Attila İlhan ve ikilisi"",""Yahya Kemal, Haşim, Fikret"",""Orhan Veli, Melih Cevdet, Oktay Rifat"",""Nazım, Necip Fazıl, Cahit""]",
94993bae-2cad-4bf0-a29f-4150d9277300,sinema,4,b,dokunulmadi_b,0.810,,"Voight-Kampff testi Blade Runner'la özdeşleşmiş, bilinen tek cevaptır; şıklar soru gizliyken bile en tanıdık ve en özgün adı seçtirir, çeldirici yazmak sorunu çözmez.",'Blade Runner' filminde replikantları insanlardan ayırmak için hangi test kullanılır?,Voight-Kampff,"[""Tyrell-Holden"",""Baxter-Lang"",""Voight-Kampff"",""Rorschach""]",
6bc423c6-dbef-4603-978a-db4388b1a783,teknoloji,3,c,dokunulmadi_c,0.680,,"ilk turda sınırda (p 0,70–0,75) diye bilerek işaretli bırakıldı",'Tarayıcı robotu' (crawler) ne yapar?,Sayfaları gezip toplar,"[""Kod yazar"",""Şifre kırar"",""Ekran kaydeder"",""Sayfaları gezip toplar""]",
7eb815fa-8c2d-4668-9ed6-f911cde663bb,genel_kultur,3,a,gecti,0.860,0.630,,'UTC' neyi ifade eder?,Eşgüdümlü evrensel zamanı,"[""Yerel saati"",""Yaz saatini"",""Eşgüdümlü evrensel zamanı"",""Ülke saatini""]","[""Doğu standart zamanını"",""Merkezi standart zamanı"",""Eşgüdümlü evrensel zamanı"",""Uluslararası tarih çizgisini""]"
acda988a-a0b4-4308-8ec7-d7fe2993bbec,teknoloji,5,a,kaldi,0.920,,"Jev ipucu p=0.83 > 0.75 (seçim: ""Modelin eğitim verisine fazla uyması"")",Aşırı öğrenme (overfitting) nedir?,Modelin eğitim verisine fazla uyması,"[""Verinin azlığı"",""Ağ gecikmesi"",""Modelin eğitim verisine fazla uyması"",""Donanım hatası""]",
7747b72c-a801-4a48-b397-c806c9f1ab36,sinema,3,b,dokunulmadi_b,0.810,,"Marge Gunderson, Fargo'nun çok bilinen ikonik karakteridir ve soru gizliyken bile en tanıdık şık olarak seçilir; Sonnet 3 denemede de geçemediği için çeldirici düzeltmesi işe yaramaz.",Coen kardeşlerin 'Fargo' filminde hamile polis şefinin adı nedir?,Marge Gunderson,"[""Carla Heston"",""Norma Bergstrom"",""Marge Gunderson"",""Jean Lundegaard""]",
a3bb3c4e-9161-43f8-8713-694e8c248385,cografya,3,a,sinirda,0.840,0.750,"Jev ipucu p=0.81 > 0.75 (seçim: ""Eğimli arazide erozyonu azaltmak"")",Teraslama hangi amaçla yapılır?,Eğimli arazide erozyonu azaltmak,"[""Eğimli arazide erozyonu azaltmak"",""Yol açmak"",""Sulama yapmak"",""Gübre vermek""]","[""Eğimli arazide erozyonu azaltmak"",""Kıyı şeridinde dalga aşındırmasını önlemek"",""Akarsu yatağında taşkınları önlemek"",""Kurak ovada rüzgâr aşındırmasını azaltmak""]"
af4df535-d97c-4d0f-a6ef-21303dd9e3d4,sanat,4,a,gecti,0.910,0.300,,Bir sanat eserinin 'ikonografisi' neyi inceler?,İmge ve simgelerin anlamını,"[""İmge ve simgelerin anlamını"",""Malzeme türünü"",""Fiyatını"",""Boyutunu""]","[""İmge ve simgelerin anlamını"",""Renk ve ışığın kullanımını"",""Çizgi ve biçimlerin düzenini"",""Sahiplik ve satış geçmişini""]"
fa1756fc-34ff-4992-9ca9-f81650d29c21,spor,5,c,dokunulmadi_c,0.810,,Şıklar aynı türde sayılar ve doğru şık (40) yuvarlak ve en tanıdık değer olduğundan ipucu hem biçimden hem de ortak bilgiden gelebilir; çeldirici düzeltmesinin getirisi belirsiz.,Masa tenisi topunun çapı 2000 yılında 38 mm'den kaç milimetreye çıkarıldı?,40,"[""42"",""39"",""40"",""41""]",
7411408c-5396-4402-8edd-7615a1b8c24f,bilim,2,a,kaldi,0.810,,"Jev ipucu p=0.82 > 0.75 (seçim: ""Dairesel harekette merkeze çekmeyi"")",'Merkezcil kuvvet' neyi sağlar?,Dairesel harekette merkeze çekmeyi,"[""Dairesel harekette merkeze çekmeyi"",""Doğrusal hızlanmayı"",""Durmayı"",""Dönmeyi engellemeyi""]",
003e2733-e66c-4c32-96ed-f43b8373028f,cografya,3,a,gecti,0.990,0.360,,El Nino olayı neyi etkiler?,Küresel iklim düzenini,"[""Yalnız kutup buzullarını"",""Yalnız Akdeniz havzasını"",""Küresel iklim düzenini"",""Yalnız okyanus akıntılarını""]","[""Yerkürenin manyetik alanını"",""Güneş etkinlik döngüsünü"",""Küresel iklim düzenini"",""Küresel deprem etkinliğini""]"
22a10f3f-8bdf-4328-9371-53764625bb36,teknoloji,2,a,gecti,0.950,0.650,,Algoritma nedir?,Bir sorunu çözen adım dizisi,"[""Bir kablo"",""Bir sorunu çözen adım dizisi"",""Bir donanım"",""Bir ekran""]","[""Bir programı derleyen yazılım aracı"",""Bir sorunu çözen adım dizisi"",""Bir veriyi saklayan bellek birimi"",""Bir ağı yöneten iletişim kuralı""]"
26bdc79e-1a92-4c3f-a178-8baee4a1cc11,teknoloji,3,a,kaldi,0.970,,"Jev ipucu p=0.90 > 0.75 (seçim: ""Modemin internet sinyalini dönüştürmesi"")",Modem ile router arasındaki fark nedir?,Modemin internet sinyalini dönüştürmesi,"[""Modemin internet sinyalini dönüştürmesi"",""Router'ın kablo olması"",""Modemin yazıcı olması"",""İkisinin aynı olması""]",
bfbdf796-83ea-44ce-8ddf-37a990b07814,cografya,2,b,dokunulmadi_b,0.860,,"Filipinler'in başkenti Manila, ülke-başkent gibi kapalı bir kümede en tanıdık şık olduğu için şıklar gizlenmeden de biliniyor ve çeldirici değişikliği işe yaramıyor; Sonnet'in 3 denemede geçememesi de",Filipinler'in başkenti hangisidir?,Manila,"[""Cebu"",""Davao"",""Quezon"",""Manila""]",
747f09a2-1565-4a24-8980-4231cc3af247,tarih,2,b,dokunulmadi_b,0.960,,"Romulus ve Remus Roma'nın kurucuları olarak çok bilinen tek cevaptır ve çeldiriciler ne yazılırsa yazılsın en tanıdık şık olarak kalır, bu yüzden şık düzeltmesi işe yaramaz.",Roma'nın efsanevi kurucuları kimlerdir?,Romulus ve Remus,"[""Numa ve Tullus"",""Kastor ve Polluks"",""Aeneas ve Dido"",""Romulus ve Remus""]",
4f4bf5a2-a50b-4205-b46f-a3c9620b1d86,edebiyat,4,b,dokunulmadi_b,0.810,,"Julien Sorel, Kırmızı ve Siyah'ın kahramanı olarak çok bilinen kapalı bir eser-karakter eşleşmesi; çeldiriciler de aynı türden ünlü romantik/realist karakterler olduğundan şık düzeltmesi işe yaramaz, ",Stendhal'in 'Kırmızı ve Siyah' romanının hırslı genç kahramanı kimdir?,Julien Sorel,"[""Frédéric Moreau"",""Julien Sorel"",""Fabrice del Dongo"",""Lucien de Rubempré""]",
d0035eec-1d85-465b-bb2a-c6ae8dbe814a,tarih,3,b,dokunulmadi_b,0.840,,"1299 Osmanlı'nın kuruluş yılı olarak çok bilinen tek gerçek olduğundan soru şıksız da cevaplanıyor, üstelik 1326 gibi makul çeldiriciler tartışmalı kaldığı için üç denemede de şık düzeltmesi sonuç ver",Osmanlı Devleti'nin kuruluş yılı olarak genel kabul gören tarih hangisidir?,1299,"[""1281"",""1326"",""1354"",""1299""]",
0c360825-7f89-4537-94a1-2eb7e91851c4,edebiyat,3,b,dokunulmadi_b,0.800,,Milli Edebiyat'ın sade dil ve hece ölçüsünü savunduğu çok bilinen kavramsal bir bilgidir; çeldirici ne yazılırsa yazılsın doğru şık belli kalır ve Sonnet 3 denemede çeldirici düzeltmesini geçemedi.,'Milli Edebiyat' akımı neyi savundu?,Sade dil ve hece ölçüsünü,"[""Aruz ölçüsü kullanımını"",""Sade dil ve hece ölçüsünü"",""Süslü ve ağır dil anlayışını"",""Fransızca söz varlığını""]",
89289072-107f-4fcd-95fa-caf8439ea504,edebiyat,3,c,dokunulmadi_c,0.930,,"Doğru şık en uzun ve virgüllü tek biçimli şık olduğundan biçim ipucu var (a), ancak çeldiriciler 'yalnız' kalıbıyla zayıf ve tanım sorusunda doğru şık kavramsal olarak da en belli (b), üç denemenin ba",Büyülü gerçekçilikte ne yapılır?,"Olağanüstü, gerçekle iç içe verilir","[""Yalnız gerçek anlatılır"",""Olağanüstü, gerçekle iç içe verilir"",""Yalnız masal anlatılır"",""Bilim kurgu yazılır""]",
f9b6b318-b508-456b-af89-cbf55874a45f,cografya,3,c,dokunulmadi_c,0.810,,"Doğru şık en uzun ve çok kelimeli olduğu için biçim ipucu var (a), ancak Madagaskar'ın endemizmi çok bilinen tek gerçek olduğundan kavramsal olarak belli (b); üstelik önceki turda 3 denemede çeldirici",Madagaskar'ın biyolojik özelliği nedir?,Endemik tür oranının yüksekliği,"[""Tür çeşitliliğinin azlığı"",""Buzullarla kaplı olması"",""Endemik tür oranının yüksekliği"",""Çöl olması""]",
900f622a-905b-4b6d-a1f4-27e7b6bfee49,muzik,5,a,kaldi,0.760,,"Jev ipucu p=0.85 > 0.75 (seçim: ""Bağımsız ezgilerin birlikte işlenmesini"")",Kontrpuan tekniği neyi konu alır?,Bağımsız ezgilerin birlikte işlenmesini,"[""Akor kurulumunu"",""Ritim kalıplarını"",""Nüans yazımını"",""Bağımsız ezgilerin birlikte işlenmesini""]",
cf6176ae-05da-403f-a476-b7376afdb17f,muzik,4,a,gecti,0.940,0.440,,'Elektroakustik müzik' neyi birleştirir?,Kaydedilmiş sesle canlı icrayı,"[""Yalnız akustiği"",""Yalnız elektroniği"",""Yalnız sesi"",""Kaydedilmiş sesle canlı icrayı""]","[""Halk ezgisiyle klasik armoniyi"",""Işık gösterisiyle şiir okumayı"",""Yazılı notayla doğaçlama dansı"",""Kaydedilmiş sesle canlı icrayı""]"
8faf888f-d6d7-4f83-b5fb-1e9794f92de8,teknoloji,3,a,gecti,0.930,0.680,,'Olay sonrası inceleme' ne yapar?,Kök nedeni ve dersleri çıkarır,"[""Suçlu bulur"",""Kök nedeni ve dersleri çıkarır"",""Ceza verir"",""Kod siler""]","[""Kesintiyi anında giderip hizmeti açar"",""Kök nedeni ve dersleri çıkarır"",""Sorumlu kişiyi ve cezayı belirler"",""Kapasite ve maliyet tahminini çıkarır""]"
899400bb-95ed-4d4f-aef2-8c51fc1e5e3d,sinema,4,a,sinirda,0.930,0.750,"Jev ipucu p=0.85 > 0.75 (seçim: ""Görüntülerin ardışık algısına"")",'Zoetrop' hangi ilkeye dayanır?,Görüntülerin ardışık algısına,"[""Ses kaydına"",""Renk ayrımına"",""Görüntülerin ardışık algısına"",""Işık kırılmasına""]","[""Görüntülerin stereoskopik birleşimine"",""Işığın aynalarda yansımasına"",""Görüntülerin ardışık algısına"",""Görüntülerin mercekle yansıtılmasına""]"
0d9cda0e-904d-4858-aaef-4e4224b415b2,tarih,3,c,dokunulmadi_c,0.950,,"Doğru şık çok kelimeli ve çeldiriciler 'Yalnızca' kalıbıyla zayıf olduğundan biçimsel ipucu var (a lehine), ancak Enderun'un tanınmış işlevi şıksız da bilindiği için (b lehine) ve Sonnet'in 3 denemede",Osmanlı'da Enderun Mektebi kimleri yetiştirirdi?,Saray ve devlet görevlilerini,"[""Yalnızca asker sınıfını"",""Yalnızca tüccar sınıfını"",""Yalnızca din adamlarını"",""Saray ve devlet görevlilerini""]",
784f34c0-8779-4005-8c80-91e70286ec3d,teknoloji,3,c,dokunulmadi_c,0.780,,"ilk turda sınırda (p 0,70–0,75) diye bilerek işaretli bırakıldı",Terminal (komut satırı) ne sağlar?,Metin komutlarıyla sistem yönetimi,"[""Grafik tasarım"",""Video kurgu"",""Ses kaydı"",""Metin komutlarıyla sistem yönetimi""]",
d083d15e-59fa-42c1-b136-24776ddc2d03,sinema,4,a,gecti,0.880,0.340,,'Master plan' çekimde neyi sağlar?,Sahnenin bütününü kapsayan çekimi,"[""Detayı"",""Yakını"",""Efekti"",""Sahnenin bütününü kapsayan çekimi""]","[""Oyuncunun yüzüne odaklanan çekimi"",""Karakterin bakış açısını yansıtan çekimi"",""Sahneler arası geçişi sağlayan çekimi"",""Sahnenin bütününü kapsayan çekimi""]"
e4b4211d-515f-4a48-98eb-bbc8d3bbc62f,cografya,2,b,dokunulmadi_b,0.910,,"İlk kentlerin nehir kıyısında kurulma nedeni (su ve verimli toprak) çok bilinen kavramsal bir gerçek olduğundan şıklara bakmadan da bellidir, çeldirici ne yazılırsa yazılsın doğru şık en tanıdık kalır",İlk kentlerin nehir kıyısında kurulmasının nedeni nedir?,Su ve verimli toprak,"[""Su ve verimli toprak"",""Savunma kolaylığı yalnızca"",""Maden varlığı"",""Serin iklim""]",
ff20d13c-6f4d-4932-b013-d3529f201203,sinema,1,a,kaldi,0.920,,"Jev ipucu p=0.95 > 0.75 (seçim: ""Altyazının özgün sesi koruması"")",Altyazı ile dublaj arasındaki temel fark nedir?,Altyazının özgün sesi koruması,"[""Dublajın yazılı olması"",""İkisinin aynı olması"",""Altyazının özgün sesi koruması"",""Altyazının sesli olması""]",
374ac8bb-b3c2-4249-bc6e-74d094af4a27,teknoloji,4,a,gecti,0.760,0.640,,'Çok biçimlilik' ne sağlar?,Aynı arayüzle farklı davranış,"[""Tek davranış"",""Hız"",""Depolama"",""Aynı arayüzle farklı davranış""]","[""Tek örnekle küresel erişim"",""Gizli verilerle korunan durum"",""Üst sınıftan devralınan kod"",""Aynı arayüzle farklı davranış""]"
857adf7c-c6d5-426a-ad91-f4e68c10588c,spor,4,b,dokunulmadi_b,0.830,,"1982 Dünya Kupası'nın gol kralı Paolo Rossi, 1982 İtalya takımı şıkları arasında en tanınan isim olduğu için soru metni olmadan da bilinir; çeldirici değiştirmek bu ipucunu gidermez.",1982 Dünya Kupası'nın gol kralı olan İtalyan futbolcu kimdir?,Paolo Rossi,"[""Francesco Graziani"",""Marco Tardelli"",""Bruno Conti"",""Paolo Rossi""]",
021edc4f-a7ac-4097-9ccf-46e8866e7ead,tarih,3,b,dokunulmadi_b,0.810,,"Lübeck merkezli tüccar şehirleri birliği olarak Hansa Birliği çok tanınan tek gerçektir; şıklar soru gizliyken bile en tanıdık olanı işaret ediyor ve Sonnet'in üç denemesi de geçemedi, bu yüzden çeldi",Orta Çağ'da Lübeck merkezli olup Kuzey Avrupa ticaretine hükmeden tüccar şehirleri birliği hangisidir?,Hansa Birliği,"[""Şvabya Birliği"",""Hansa Birliği"",""Lombard Birliği"",""Kalmar Birliği""]",
7c556621-7d26-40ba-95e1-cc48de6f7669,muzik,4,a,kaldi,0.930,,"hakem: ""Tüm çalgıcıları gösteren yerleşim"" tartışmalı — Partisyon tüm partileri gösteren nota olup 'çalgıcıların yerleşimi' (orkestra oturma düzeni) farklı bir kavramdır, ancak aday şık ifadesi belirsiz olduğundan ve",'Partisyon' nedir?,Tüm partileri gösteren nota,"[""Solo nota"",""Prova planı"",""Tüm partileri gösteren nota"",""Konser afişi""]",
64793a8d-99a1-4c99-a9fe-6340d9314c24,muzik,3,c,dokunulmadi_c,0.790,,"ilk turda sınırda (p 0,70–0,75) diye bilerek işaretli bırakıldı",'Ses düzeyi normalizasyonu' ne sağlar?,Yayın düzeyinde ses tutarlılığı,"[""Tempo eşitliği"",""Yayın düzeyinde ses tutarlılığı"",""Frekans artışı"",""Süre eşitliği""]",
69eba6b4-c3a3-468f-8f75-a63f03744609,cografya,3,b,dokunulmadi_b,0.720,,"İzlanda'nın volkanik ve jeotermal etkinlikle anılması çok bilinen tek gerçektir ve soru metni olmadan bile belli olur; çeldiriciler (çöl iklimi, buzulsuzluk, deprem olmaması) açıkça yanlış olduğundan ",İzlanda'nın jeolojik olarak öne çıkan özelliği nedir?,Volkanik ve jeotermal etkinlik,"[""Çöl iklimi"",""Buzulsuzluk"",""Volkanik ve jeotermal etkinlik"",""Deprem olmaması""]",
30f19073-4d16-4dbb-a96a-129fcff65e0a,edebiyat,2,a,kaldi,0.930,,"Jev ipucu p=0.78 > 0.75 (seçim: ""Gözleme dayalı gerçeği"")",'Realizm' neyi esas alır?,Gözleme dayalı gerçeği,"[""Hayali"",""Simgeyi"",""Rüyayı"",""Gözleme dayalı gerçeği""]",
deed6efe-8e1f-4661-b762-fdd9613bb469,spor,3,c,dokunulmadi_c,0.750,,"ilk turda sınırda (p 0,70–0,75) diye bilerek işaretli bırakıldı",Wimbledon Tenis Turnuvası'nı hangi kulüp düzenler?,All England Kulübü,"[""All England Kulübü"",""Hurlingham Kulübü"",""Queen's Kulübü"",""Marylebone Kulübü""]",
46b91a41-4402-4fb4-b5a4-f566cc5eeb3c,cografya,2,b,dokunulmadi_b,0.930,,"Rüzgârın yüksek basınçtan alçak basınca estiği temel ve çok bilinen bir kavramdır; şık ne yazılırsa yazılsın doğru cevap belli kalır ve Sonnet 3 denemede inandırıcı, tartışmasız bir çeldirici yazamamı",Rüzgâr hangi yönde eser?,Yüksek basınçtan alçak basınca,"[""Alçak basınçtan yükseğe"",""Kuzeyden güneye hep"",""Yüksek basınçtan alçak basınca"",""Doğudan batıya hep""]",
6b9d39b9-6d91-4e0c-865a-03600bfae92f,teknoloji,2,b,dokunulmadi_b,0.990,,ABS'nin frenlemede tekerlek kilitlenmesini önlediği çok bilinen tek bir gerçektir; çeldiriciler yeniden yazılsa da doğru şık kavramsal olarak belli kalır ve önceki turda 3 denemede düzeltilememesi bun,Otomobilde ABS ne işe yarar?,Frende tekerlek kilitlenmesini önler,"[""Radyo açar"",""Hızı artırır"",""Klima çalıştırır"",""Frende tekerlek kilitlenmesini önler""]",
6c9b57a7-4058-4549-9d59-842b0d83ac08,sanat,3,c,dokunulmadi_c,0.850,,"ilk turda sınırda (p 0,70–0,75) diye bilerek işaretli bırakıldı","İzlenimcilik (empresyonizm) akımına adını veren ""İzlenim: Gündoğumu"" tablosu kimindir?",Claude Monet,"[""Claude Monet"",""Renoir"",""Degas"",""Manet""]",
9e46d65c-14df-4215-b228-5439fbab2441,teknoloji,5,a,kaldi,0.990,,"Jev ipucu p=0.91 > 0.75 (seçim: ""Esnek şema ve ölçeklenebilirlik gerektiğinde"")",NoSQL veri tabanları hangi durumda tercih edilir?,Esnek şema ve ölçeklenebilirlik gerektiğinde,"[""Yalnız metin dosyasında"",""Yalnız küçük veride"",""Esnek şema ve ölçeklenebilirlik gerektiğinde"",""Yalnız yazıcıda""]",
86cdc70f-fa36-46f5-98e4-9dfa85babdd8,teknoloji,5,a,gecti,0.910,0.690,,'Teknik borç' kavramı neyi anlatır?,Hızlı çözümün ileride yaratacağı yükü,"[""Donanım maliyetini"",""Hızlı çözümün ileride yaratacağı yükü"",""Lisans ücretini"",""Sunucu kirasını""]","[""Projenin bütçeyi aşmasıyla oluşan açığı"",""Hızlı çözümün ileride yaratacağı yükü"",""Bulut kullanımının ay sonu faturasını"",""Geciken teslimatın sözleşmede doğurduğu cezayı""]"
83ab60e6-99eb-434e-8f8d-d5f19d7bce4c,bilim,3,a,kaldi,0.880,,kural işareti: dogru_coklu_kelime,İlk yardımda 'ABC' sıralaması neyi ifade eder?,"Hava yolu, solunum, dolaşım","[""Hava yolu, solunum, dolaşım"",""Ateş, basınç, ciğer"",""Ağrı, baş, ciğer"",""Alt, bel, cilt""]",
be027b06-88fd-4f96-a802-20169d7d2b19,bilim,1,a,gecti,0.990,0.300,,'Su döngüsü' hangi süreçleri içerir?,Buharlaşma yoğuşma ve yağışı,"[""Yalnız yağışı"",""Yalnız buharlaşmayı"",""Buharlaşma yoğuşma ve yağışı"",""Yalnız akışı""]","[""Fotosentez solunum ve ayrışmayı"",""Erozyon taşınma ve çökelmeyi"",""Buharlaşma yoğuşma ve yağışı"",""Fiksasyon nitrifikasyon ve denitrifikasyonu""]"
96139645-80c5-42c7-a283-8646158c96f0,teknoloji,5,a,gecti,0.840,0.250,,Konteyner teknolojisi ne sağlar?,Uygulamayı bağımlılıklarıyla paketlemek,"[""Uygulamayı bağımlılıklarıyla paketlemek"",""Ekran açmak"",""Donanım üretmek"",""Kablo çekmek""]","[""Uygulamayı bağımlılıklarıyla paketlemek"",""Veritabanını tablolarıyla normalleştirmek"",""Ağ trafiğini anahtarlarla şifrelemek"",""Kaynak kodunu makine diline derlemek""]"
c9dd90e7-e188-4527-948d-ad01147c5cc3,edebiyat,3,b,dokunulmadi_b,0.880,,"Kuzgunun 'Nevermore' dediği çok bilinen bir gerçek; soru gizliyken bile doğru cevap en tanıdık şık olarak kalıyor ve önceki turda 3 denemede yazılan çeldiriciler de işe yaramadı, bu yüzden şık düzeltm",Edgar Allan Poe'nun 'Kuzgun' şiirinde kuzgunun tekrar tekrar söylediği sözcük nedir?,Nevermore,"[""Nevermore"",""Forevermore"",""No more"",""Evermore""]",
69d1207d-337f-4ffd-8ef0-d04e963dcdc5,sanat,2,a,gecti,0.910,0.240,,Sit alanı ilan edilmesi neyi sağlar?,Bölgenin koruma altına alınmasını,"[""Yapılaşmanın serbest kalmasını"",""Vergi artışını"",""Nüfus artışını"",""Bölgenin koruma altına alınmasını""]","[""Bölgenin kentsel dönüşüme alınmasını"",""Bölgenin vergiden muaf tutulmasını"",""Bölgenin serbest bölge yapılmasını"",""Bölgenin koruma altına alınmasını""]"
17d6cc39-5b6c-4206-b508-c931db0f4355,spor,3,a,gecti,0.930,0.270,,'Elektronik puanlama' hangi branşlarda kullanılır?,Eskrim ve taekwondo,"[""Eskrim ve taekwondo"",""Yalnız futbol"",""Yalnız basketbol"",""Yalnız yüzme""]","[""Eskrim ve taekwondo"",""Futbol ve ragbi"",""Voleybol ve hentbol"",""Hokey ve sutopu""]"
0f5fec72-b15b-4490-bc49-9e5adf691853,spor,1,b,dokunulmadi_b,0.810,,"Olimpiyatta birinciye altın madalya verildiği herkesin bildiği, şıklara bakmadan da belli olan ve küçük bir madalya kümesine dayanan bir bilgidir; çeldirici ne yazılırsa yazılsın altın en tanıdık şık ",Olimpiyatlarda birinciye verilen madalyanın rengi nedir?,Altın,"[""Altın"",""Gümüş"",""Bronz"",""Platin""]",
8ee713b3-c82d-4340-9129-415e68bdc0b1,cografya,2,a,sinirda,0.880,0.710,"hakem: ""Yüzölçümü ve sınır uzunluğu yoluyla"" tartışmalı — Yüzölçümü büyük ülkelerde karasallığı ve iklim çeşitliliğini dolaylı olarak etkileyebildiği için aday şık tamamen yanlış sayılamaz, oyuncu makul biçimde itiraz ",Bir ülkenin coğrafi konumu iklimini nasıl etkiler?,Enlem ve denizellik yoluyla,"[""Enlem ve denizellik yoluyla"",""Nüfus yoluyla"",""Yönetim biçimiyle"",""Para birimiyle""]","[""Enlem ve denizellik yoluyla"",""Boylam ve saat dilimi yoluyla"",""Nüfus ve yönetim biçimi yoluyla"",""Ticaret ve ulaşım ağı yoluyla""]"
042ed2c6-0aef-4ffb-aebe-5ce5ddc8688d,teknoloji,4,a,kaldi,0.930,,EN: iki şık aynı/çok benzer,'Yeniden deneme' stratejisinde 'geri çekilme' nedir?,Artan aralıklarla deneme,"[""Hemen tekrar deneme"",""Artan aralıklarla deneme"",""Denemeyi bırakma"",""Rastgele anda durma""]",
4243824d-6fa7-4d05-b13a-dfcf72d8f50f,sanat,2,a,sinirda,0.780,0.750,"Doğru şık tek çok kelimeli ve en uzun olanı, çeldiriciler ise kısa ve alakasız teknik işlemler; aynı kalıpta, eşit uzunlukta ve inandırıcı çeldiriciler yazılınca sorun giderilebilir.",Sanat eğitiminde 'desen' çalışmasının amacı nedir?,Gözlem ve çizim becerisini geliştirmek,"[""Renk karıştırmak"",""Gözlem ve çizim becerisini geliştirmek"",""Heykel dökmek"",""Baskı almak""]","[""Renk ve boya tekniğini geliştirmek"",""Gözlem ve çizim becerisini geliştirmek"",""Kalıp ve döküm becerisini geliştirmek"",""Oyma ve baskı becerisini geliştirmek""]"
572b0a2b-60d4-4f67-937a-cb11f9bd7353,cografya,2,b,dokunulmadi_b,0.890,,Doğru şık 'Geoid' yalnızca Dünya'nın şeklini tanımlayan bilinen tek teknik terim olduğundan şıklara bakmadan da belli ve çeldirici yazımı bunu değiştirmez; Sonnet'in 3 denemede geçememesi de bunu dest,Dünya'nın şekli en doğru hangi terimle tanımlanır?,Geoid,"[""Tam küre"",""Silindir"",""Geoid"",""Koni""]",
8e6c9296-d991-4d2f-a387-710ffb56ed5c,cografya,2,b,dokunulmadi_b,0.950,,"Çeldiriciler (yapılaşma, sıkıştırma, daraltma) taşkını artıran bariz yanlışlar olduğundan doğru şık kavramsal olarak belli; Sonnet üç denemede de geçemediği için şık düzeltmesi işe yaramaz.",Taşkın (sel) riskini azaltmanın en etkili yolu nedir?,Havzayı ağaçlandırmak,"[""Dere yatağına yapılaşmak"",""Toprağı sıkıştırmak"",""Havzayı ağaçlandırmak"",""Kanalı daraltmak""]",
3d973371-a581-4255-8dfd-e342eb52a3f5,spor,1,b,dokunulmadi_b,0.870,,"Fransa'daki ünlü bisiklet tur yarışının Tour de France olduğu şıklara bakmadan bilinen, çok tanıdık tek gerçektir; çeldirici ne yazılırsa yazılsın doğru şık en tanıdık olarak kalır.",Bisiklette Fransa'da düzenlenen ünlü tur yarışı hangisidir?,Tour de France,"[""Paris-Roubaix"",""Giro d'Italia"",""Vuelta"",""Tour de France""]",
726a8472-99b5-4d2e-a772-adfc0396d5a6,bilim,2,c,dokunulmadi_c,0.890,,"Doğru şık en uzun ve ayrıntılı olduğundan biçimsel ipucu var, ancak kavram (kaynamanın belirli sıcaklıkta olması) şıklar olmadan da belli ve Claude üç denemede çeldirici yazıp geçemediği için düzeltme",Buharlaşma ile kaynama arasındaki fark nedir?,Kaynamanın belirli sıcaklıkta olması,"[""Buharlaşmanın hızlı olması"",""Kaynamanın belirli sıcaklıkta olması"",""İkisinin aynı olması"",""Kaynamanın yüzeyde olması""]",
1c8783db-89b2-4a1a-ab9d-4c63e7cc22d3,teknoloji,5,a,gecti,0.600,0.600,,'Özet fonksiyonu' (hash) ne üretir?,Sabit uzunlukta özet,"[""Şifreli metin"",""Anahtar"",""Sabit uzunlukta özet"",""Sertifika""]","[""Çözülebilir şifreli metin"",""Rastgele gizli anahtar"",""Sabit uzunlukta özet"",""İmzalı dijital sertifika""]"
f71da1a5-7dcc-40d4-8c4f-05cedd55aaa3,cografya,2,a,kaldi,0.680,,"Jev ipucu p=0.95 > 0.75 (seçim: ""Eksen eğikliği ve yıllık hareket"")",Aynı anda iki farklı yarım kürede farklı mevsim yaşanmasının nedeni nedir?,Eksen eğikliği ve yıllık hareket,"[""Günlük hareket"",""Ay'ın çekimi"",""Atmosfer basıncı"",""Eksen eğikliği ve yıllık hareket""]",
c15a7eb4-3fa9-42e2-b894-75dff8c973b1,teknoloji,3,c,dokunulmadi_c,0.710,,"ilk turda sınırda (p 0,70–0,75) diye bilerek işaretli bırakıldı",SSD'nin HDD'ye göre avantajı nedir?,Daha hızlı erişim,"[""Daha hızlı erişim"",""Daha çok gürültü"",""Daha çok hareketli parça"",""Daha yavaş""]",
632994f4-7d7d-4db5-b45c-8a0631966c63,genel_kultur,5,a,gecti,0.830,0.280,,Bayrakların incelendiği bilim dalına ne ad verilir?,Vexilloloji,"[""Vexilloloji"",""Arkeoloji"",""Etnoloji"",""Sosyoloji""]","[""Vexilloloji"",""Paremioloji"",""Speleoloji"",""Pomoloji""]"
7aa09491-965a-459b-affd-6a5fd5e0e30f,edebiyat,3,a,kaldi,0.900,,"Jev ipucu p=0.85 > 0.75 (seçim: ""Edebî mektuplar tür sayılır"")",Mektup türünün edebiyattaki yeri nedir?,Edebî mektuplar tür sayılır,"[""Yalnız resmîdir"",""Edebî değeri yoktur"",""Şiirdir"",""Edebî mektuplar tür sayılır""]",
194d67e3-5394-4d50-adf1-30787fb212fc,cografya,2,b,dokunulmadi_b,0.930,,"Ülke-başkent gibi kapalı bir kümede Cakarta en tanıdık şık olarak kalır, çeldirici ne yazılırsa yazılsın ipucu sürer ve Sonnet'in üç denemede başarısız olması bunu doğrular.",Endonezya'nın başkenti hangisidir?,Cakarta,"[""Surabaya"",""Bandung"",""Cakarta"",""Medan""]",
490dd855-3d1e-48da-b412-9675f7c1caba,sinema,3,a,gecti,0.940,0.540,,'3B film' derinliği nasıl verir?,İki göze farklı görüntü sunarak,"[""Yüksek çözünürlükle"",""Yüksek kare hızıyla"",""İki göze farklı görüntü sunarak"",""Geniş perdeyle""]","[""Sesi farklı yönlerden yayarak"",""Perdeyi kavisli biçimde bükerek"",""İki göze farklı görüntü sunarak"",""Kareleri hızla üst üste bindirerek""]"
304c6a19-b0a6-47a3-8ff0-2547a15800dc,teknoloji,4,a,sinirda,0.980,0.750,"Jev ipucu p=0.91 > 0.75 (seçim: ""Kısa döngüler ve uyum"")",'Çevik' (agile) yaklaşımın vurgusu nedir?,Kısa döngüler ve uyum,"[""Uzun planlama"",""Tek teslimat"",""Kısa döngüler ve uyum"",""Sabit kapsam""]","[""Kapsamlı analiz ve öngörü"",""Standart süreç ve denetim"",""Kısa döngüler ve uyum"",""Kalite kapıları ve onay""]"
59f4aefa-ec58-4c84-a836-ad656e99bd15,teknoloji,5,a,gecti,0.620,0.680,,'Öznitelik mühendisliği' ne yapar?,Veriden anlamlı girdiler türetir,"[""Model eğitir"",""Veriden anlamlı girdiler türetir"",""Sunucu kurar"",""Ekran çizer""]","[""Model hiperparametrelerini otomatik ayarlar"",""Veriden anlamlı girdiler türetir"",""Veriyi eğitim kümelerine böler"",""Ham verileri elle etiketler""]"
98c4d5f9-bfb5-4e3e-bc77-ce4ea471e874,teknoloji,2,a,kaldi,0.890,,"Jev ipucu p=0.80 > 0.75 (seçim: ""Elektrik kesildiğinde geçici besleme"")",Kesintisiz güç kaynağı (UPS) ne sağlar?,Elektrik kesildiğinde geçici besleme,"[""İnternet"",""Elektrik kesildiğinde geçici besleme"",""Kalıcı elektrik üretimi"",""Soğutma""]",
b1957df7-fe15-46ba-8021-3de90c3a2363,sanat,3,b,dokunulmadi_b,0.740,,"Kilimin düğümsüz dokuma olduğu çok bilinen tek kavramsal gerçek olduğundan şıklara bakmadan da belli oluyor ve önceki turda üç çeldirici denemesi de geçemedi, bu yüzden şık düzeltmesi işe yaramaz.",Kilim ile halı arasındaki temel fark nedir?,Kilim düğümsüzdür,"[""Kilim düğümsüzdür"",""Fark yoktur"",""Halı düz dokumadır"",""Kilim daha ağırdır""]",
1614bf3a-7929-4703-ba50-503bc278f833,sinema,4,b,dokunulmadi_b,0.820,,"Şıklar aynı türde ve eşit uzunlukta (hepsi Sovyet yönetmen adı); Eisenstein montaj kuramıyla en tanınan isim olduğu için çeldirici ne yazılırsa yazılsın doğru şık en tanıdık kalır, şık düzeltmesi işe ",Sinemada 'montaj kuramı'nı geliştiren Sovyet yönetmen kimdir?,Sergei Eisenstein,"[""Dziga Vertov"",""Sergei Eisenstein"",""Lev Kuleşov"",""Vsevolod Pudovkin""]",
6bfa0b00-fc61-458a-aac6-b7ef8a285a04,bilim,2,a,gecti,0.980,0.530,,'İş' fiziksel olarak ne zaman yapılır?,Kuvvet yönünde yer değiştirme olunca,"[""Kuvvet varsa"",""Cisim dururken"",""Kuvvet yönünde yer değiştirme olunca"",""Isı artınca""]","[""Kuvvete dik yer değiştirme olunca"",""Kuvvet uygulanıp cisim hareketsiz kalınca"",""Kuvvet yönünde yer değiştirme olunca"",""Cisim kuvvetsiz sabit hızla gidince""]"
92db65df-d5c1-4d9f-8b57-18edccd140ae,sinema,3,a,gecti,0.890,0.570,,Sinemada 'steadicam' ne işe yarar?,Hareketli çekimi sarsıntısız yapmaya,"[""Sesi temizlemeye"",""Hareketli çekimi sarsıntısız yapmaya"",""Rengi düzeltmeye"",""Işığı yumuşatmaya""]","[""Havadan çekimi uzaktan yapmaya"",""Hareketli çekimi sarsıntısız yapmaya"",""Karanlık çekimi kumlanmasız yapmaya"",""Yakın çekimi bulanıklıksız yapmaya""]"
d9c2e47a-460b-4abc-86ab-d078e1a0e7bd,teknoloji,4,a,kaldi,0.900,,"Jev ipucu p=0.87 > 0.75 (seçim: ""Açık ve gizli anahtar"")",'Asimetrik şifreleme' hangi çifti kullanır?,Açık ve gizli anahtar,"[""İki gizli anahtar"",""Açık ve gizli anahtar"",""İki açık anahtar"",""Tek anahtar""]",
5e9ddb8f-d6e1-464a-9a9e-689fb3666671,teknoloji,5,a,kaldi,0.970,,"Jev ipucu p=0.93 > 0.75 (seçim: ""Esnek şema ve ölçeklenebilirliği"")",'NoSQL' veritabanları neyi hedefler?,Esnek şema ve ölçeklenebilirliği,"[""Yalnız tabloyu"",""Yalnız metni"",""Yalnız yedeği"",""Esnek şema ve ölçeklenebilirliği""]",
3dfcac2b-1ccf-48f2-926c-c7197b847ff2,edebiyat,3,b,dokunulmadi_b,0.820,,"Sydney Carton, İki Şehrin Hikâyesi'nin en bilinen karakterlerinden biri ve giyotin fedakârlığı romanın ünlü sonu olduğundan soru gizliyken bile doğru şık en tanıdık olarak kalır, üç çeldirici denemesi",İki Şehrin Hikâyesi'nde Charles Darnay'in yerine giyotine giden kimdir?,Sydney Carton,"[""Jarvis Lorry"",""Sydney Carton"",""Ernest Defarge"",""Jerry Cruncher""]",
cf3ad4e4-15f9-4041-8cdb-92c235dd9047,cografya,3,c,dokunulmadi_c,0.850,,"ilk turda sınırda (p 0,70–0,75) diye bilerek işaretli bırakıldı",Türkiye'de yapı denetiminin amacı nedir?,Depreme dayanıklı yapılaşma,"[""Kira artışı"",""Depreme dayanıklı yapılaşma"",""Nüfus planlaması"",""Arsa satışı""]",
59fbb7f6-1202-4813-8c39-7930a5d62d1e,sanat,3,a,gecti,0.990,0.520,,'Kurumsal kimlik' neyi kapsar?,Görsel dilin bütününü,"[""Yalnız logoyu"",""Görsel dilin bütününü"",""Yalnız rengi"",""Yalnız yazıyı""]","[""Reklam bütçesinin dağılımını"",""Görsel dilin bütününü"",""Ortaklık yapısının bütününü"",""Satış stratejisinin bütününü""]"
38916f29-c357-4754-a13c-da667cce986e,sanat,4,a,gecti,0.850,0.690,,De Stijl akımı hangi biçimlerle çalışır?,Yatay-dikey çizgiler ve ana renkler,"[""Eğrisel süslemeler"",""Doğal manzaralar"",""Portreler"",""Yatay-dikey çizgiler ve ana renkler""]","[""Eğrisel-organik çizgiler ve doğal renkler"",""Dairesel-spiral formlar ve pastel renkler"",""Kırık-çok yüzlü düzlemler ve toprak renkleri"",""Yatay-dikey çizgiler ve ana renkler""]"
dc21e0bb-b2ec-4498-8b09-2b73d3b07035,bilim,1,a,kaldi,1.000,,"Jev ipucu p=1.00 > 0.75 (seçim: ""Öne eğilip burun kanadını sıkmak"")",Burun kanamasında doğru davranış nedir?,Öne eğilip burun kanadını sıkmak,"[""Öne eğilip burun kanadını sıkmak"",""Başı geriye atmak"",""Sırtüstü yatmak"",""Su içmek""]",
d93bf512-7bd4-4005-969d-d47f7bc65dd5,muzik,4,a,gecti,0.980,0.280,,'Etnomüzikoloji' neyi inceler?,Müziği kültürel bağlamıyla,"[""Yalnız klasik müziği"",""Müziği kültürel bağlamıyla"",""Yalnız cazı"",""Yalnız notayı""]","[""Müziği akustik özellikleriyle"",""Müziği kültürel bağlamıyla"",""Müziği armonik yapısıyla"",""Müziği bilişsel etkileriyle""]"
a6fab5c4-b569-4ae1-876f-1606705f8a06,teknoloji,5,a,gecti,0.910,0.510,,'SQL enjeksiyonu' hangi zafiyettir?,Girdinin sorguya karışması,"[""Ağ zafiyeti"",""Girdinin sorguya karışması"",""Donanım hatası"",""Şifre zayıflığı""]","[""Belleğin tampondan taşması"",""Girdinin sorguya karışması"",""Sorgunun kilitte takılması"",""Betiğin sayfaya gömülmesi""]"
42fc3d67-41e8-491b-9e9b-a4f7718f6d70,bilim,3,b,dokunulmadi_b,0.840,,"Eratosthenes, Dünya'nın çevresini ölçen bilgin olarak en tanıdık isimdir; diğer şıklar da aynı türden ünlü antik isimler olduğundan çeldirici değişimi işe yaramaz ve üç denemenin başarısız olması bunu",Dünyanın yuvarlak olduğunu antik çağda hesaplayan bilgin kimdir?,Eratosthenes,"[""Batlamyus"",""Pisagor"",""Aristo"",""Eratosthenes""]",
f9f1e12c-8324-4ceb-b809-3d7097fa16cf,spor,4,b,dokunulmadi_b,0.960,,"Elo puanlama sistemi ve Arpad Elo adı çok bilinen tek bir gerçek olduğundan doğru cevap şıklara bakmadan da belli, çeldirici değiştirmek işe yaramaz.",Satrançta oyuncuların gücünü ölçen puanlama sistemine adını veren Macar asıllı Amerikalı fizikçi kimdir?,Arpad Elo,"[""Mark Glickman"",""Arpad Elo"",""Kenneth Harkness"",""John Nash""]",
3510be1d-2e52-4d7b-823c-a4233efa467d,bilim,2,c,dokunulmadi_c,0.930,,"Doğru şık en uzun ve en ayrıntılı, çeldiriciler ise zayıf ve alakasız (biçim ipucu); ancak cevap aynı zamanda iyonlaştırıcı radyasyonun DNA'ya zarar verdiği bilgisiyle kavramsal olarak belli, üstelik ",'İyonlaştırıcı radyasyon' neden zararlıdır?,Hücre ve DNA'ya zarar verdiği için,"[""Isıttığı için"",""Hücre ve DNA'ya zarar verdiği için"",""Ses çıkardığı için"",""Ağır olduğu için""]",
a3a9c588-20d5-41ff-8157-9e45118a9571,teknoloji,5,a,gecti,0.840,0.650,,Bulutta 'yatay ölçekleme' ne demektir?,Sunucu sayısını artırmak,"[""Sunucu sayısını artırmak"",""Tek sunucuyu güçlendirmek"",""Veriyi silmek"",""Ağı kapatmak""]","[""Sunucu sayısını artırmak"",""Sunucu belleğini artırmak"",""Sunucu işlemcisini yükseltmek"",""Sunucu depolamasını genişletmek""]"
95164a6b-0aab-4083-aeb4-768d4191c0c9,bilim,2,a,gecti,0.850,0.410,,Uçakta kabin basıncı neden ayarlanır?,Yolcuların rahat solunumu için,"[""Yakıt için"",""Hız için"",""Yolcuların rahat solunumu için"",""Ses için""]","[""Motorların verimli çalışması için"",""Yakıtın verimli yanması için"",""Yolcuların rahat solunumu için"",""Kanatların dengeli taşıması için""]"
f4be2f43-7616-4f2b-8e7d-38bd33493d5b,edebiyat,2,b,dokunulmadi_b,0.870,,"Smaug, Hobbit'in en bilinen ejderhası olduğundan şıklara bakılmadan da biliniyor ve çeldiriciler (Glaurung, Ancalagon, Scatha) Tolkien evreninden yazılsa bile en tanıdık şık Smaug kalır.",Tolkien'in 'Hobbit' romanında Yalnız Dağ'daki hazineyi koruyan ejderhanın adı nedir?,Smaug,"[""Smaug"",""Glaurung"",""Ancalagon"",""Scatha""]",
ddc16128-448a-44eb-8b58-9264dbb45460,sanat,4,b,dokunulmadi_b,0.960,,Şıklar aynı kalıpta ve eşit uzunlukta olduğundan biçim ipucu yok; İktinos ve Kallikrates çifti Parthenon'la o kadar özdeşleşmiş ki çeldirici ne yazılırsa yazılsın doğru şık en tanıdık olarak kalır.,Atina'daki Parthenon'un mimarları olarak kimler bilinir?,İktinos ve Kallikrates,"[""Mnesikles ve Kalamis"",""Hermogenes ve Pytheos"",""İktinos ve Kallikrates"",""Poliklet ve Skopas""]",
91cf735f-cad9-4dcb-a0d5-8428f26ee34d,spor,3,b,dokunulmadi_b,0.830,,"Dart tahtasının merkezine 'Bullseye' denmesi çok bilinen tek gerçek olduğundan şıklara bakmadan da bilinir; Double ve Treble halka adı, Outer ise genel sözcük olduğu için çeldirici ne yazılırsa yazıls",'Dart' oyununda merkez bölgeye ne denir?,Bullseye,"[""Double"",""Treble"",""Bullseye"",""Outer""]",
b495af6b-33f5-4370-bce3-4623370de477,teknoloji,3,b,dokunulmadi_b,0.950,,Mayın Tarlası'nda sayının komşu karelerdeki mayın sayısını gösterdiği çok bilinen kavramsal bir bilgidir; çeldirici ne yazılırsa yazılsın doğru şık en makul kalır ve Sonnet'in 3 denemesi de başarısız ,Windows'un Mayın Tarlası oyununda açılan bir karedeki sayı neyi gösterir?,Komşu karelerdeki mayın sayısını,"[""O satırdaki mayın sayısını"",""Komşu karelerdeki mayın sayısını"",""Oyuncunun kalan hak sayısını"",""Karenin açılma sırasını""]",
d7b682d1-dcc2-4cd4-9e77-1eb61cc7357e,muzik,5,a,kaldi,0.760,,"hakem: ""Akorun majörlüğünü belirlediği için"" tartışmalı — Majör ya da minör niteliği esasen üçlü aralıkla belirlenir ve beşli aralık akorun temelini kurar, ancak beşli aralığın azalmış ya da artmış olması akorun türünü",'Beşli aralık' armonide neden önemlidir?,Akorun temelini kurduğu için,"[""Dissonans olduğu için"",""Akorun temelini kurduğu için"",""Süs olduğu için"",""Ritim verdiği için""]",
52a24856-d9bf-4654-8591-269cdd419394,cografya,3,a,gecti,0.830,0.690,,Zemin etüdü neden yapılır?,Yapının oturacağı zemini tanımak,"[""Manzarayı ölçmek"",""Yapının oturacağı zemini tanımak"",""Yağış saymak"",""Nüfus belirlemek""]","[""Arazinin tapu sınırlarını belirlemek"",""Yapının oturacağı zemini tanımak"",""Bölgenin bitki örtüsünü tanımak"",""Yapının cephe tasarımını seçmek""]"
782f09d3-3e5d-4939-9e02-aae91692bbe8,muzik,3,c,dokunulmadi_c,0.700,,"ilk turda sınırda (p 0,70–0,75) diye bilerek işaretli bırakıldı",Senfoni genellikle kaç bölümden oluşur?,Dört,"[""İki"",""Dört"",""Altı"",""Sekiz""]",
d7e7f00d-42cb-4120-bec6-47d0fece8358,edebiyat,5,b,dokunulmadi_b,0.750,,"Oresteia, tam günümüze ulaşan tek antik Yunan tragedya üçlemesi olarak çok bilinen tek gerçektir; diğer şıklar (Prometheia, Danaidler, Oidipodeia) de aynı türde ve inandırıcı olduğundan sorun şık biçi",Günümüze tam olarak ulaşmış tek antik Yunan tragedya üçlemesi hangisidir?,Oresteia,"[""Prometheia"",""Danaidler"",""Oidipodeia"",""Oresteia""]",
05b899d3-8120-4c67-a228-8bcdd404d129,teknoloji,5,a,gecti,0.980,0.530,,'Çok biçimlilik' (polymorphism) ne demektir?,Aynı arayüzün farklı davranması,"[""Tek biçimde sabit kalması"",""Sabit tip zorunluluğu olması"",""Yalnız tek metot bulundurması"",""Aynı arayüzün farklı davranması""]","[""Sınıf verisinin dışarıdan gizlenmesi"",""Alt sınıfın özellikleri devralması"",""Birden çok sınıfın birleşmesi"",""Aynı arayüzün farklı davranması""]"
f9192d03-b190-4ff2-80de-6501abf08c80,teknoloji,4,a,kaldi,0.920,,"Jev ipucu p=0.96 > 0.75 (seçim: ""Fonksiyonun kendini çağırması"")",'Özyineleme' (recursion) nedir?,Fonksiyonun kendini çağırması,"[""Fonksiyonun kendini çağırması"",""Döngü kullanımı"",""Hata fırlatma"",""Sınıf tanımı""]",
746dfce9-54f3-4900-a9c1-86472844e3ee,teknoloji,2,b,dokunulmadi_b,0.910,,Router'ın ağlar arasında veri paketi yönlendirdiği çok bilinen tek bir gerçektir; çeldirici ne yazılırsa yazılsın doğru şık tanıdık kalır ve önceki turda 3 denemede düzeltme de başarısız olmuştur.,Yönlendirici (router) ne yapar?,Ağlar arasında veri paketi yönlendirir,"[""Veri saklar"",""Ekran görüntüsü alır"",""Ağlar arasında veri paketi yönlendirir"",""Yazıcıyı sürer""]",
7c23ffd5-fd79-4eba-8fc2-9a022b788297,spor,3,a,gecti,0.830,0.540,,'Sporcu sözleşmesi' neyi belirler?,Karşılıklı hak ve yükümlülükleri,"[""Antrenman saatini"",""Beslenmeyi"",""Karşılıklı hak ve yükümlülükleri"",""Kadroyu""]","[""Günlük beslenme ve uyku düzenini"",""Maçtaki kadro ve diziliş tercihlerini"",""Karşılıklı hak ve yükümlülükleri"",""Sezonluk maç ve deplasman takvimini""]"
1000ab93-b4dc-487d-8c1b-70cc2aa11345,bilim,1,b,dokunulmadi_b,0.990,,"Çimlenme için uygun sıcaklık ve nem çok bilinen temel bir bilgi olduğundan soru metni olmadan da doğru şık belli oluyor ve Sonnet'in üç denemede çeldirici yazıp geçememesi bunu destekliyor, bu yüzden ",Tohumun çimlenmesi için gerekli koşullardan biri nedir?,Uygun sıcaklık ve nem,"[""Tam karanlık zorunluluğu"",""Uygun sıcaklık ve nem"",""Tuzlu ortam koşulu"",""Donmuş toprak yapısı""]",
5e6de39a-20ce-465e-be17-7775bd805e58,teknoloji,3,b,dokunulmadi_b,0.970,,"Moore Yasası'nın transistör sayısının katlanmasını öngördüğü çok bilinen tek bir gerçektir; doğru şık en uzun ve en teknik olandır, çeldirici ne yazılırsa yazılsın bu şık öne çıkar ve Sonnet 3 denemed",'Moore Yasası' neyi öngörür?,Transistör sayısının katlanmasını,"[""Pil ömrünün artışını"",""Ekran boyutunu"",""İnternet hızını"",""Transistör sayısının katlanmasını""]",
91c79446-6a7b-4ab9-91f7-5949141cbf31,bilim,2,a,kaldi,0.840,,"Jev ipucu p=0.99 > 0.75 (seçim: ""Hızı değiştirir ama tükenmez"")",'Katalizör' tepkimede ne yapar?,Hızı değiştirir ama tükenmez,"[""Tüketilir"",""Ürün olur"",""Hızı değiştirir ama tükenmez"",""Isıyı emer""]",
c9b5d16d-672c-4066-a6b3-6ce4010ef75e,edebiyat,4,b,dokunulmadi_b,0.780,,"Necib Mahfuz, Nobel alan tek Arap edebiyatçı olarak çok bilinen tek gerçek; şıklara bakmadan da biliniyor ve çeldirici ne yazılırsa yazılsın en tanıdık şık olarak kalır, bu yüzden şık düzeltmesi işe y",1988'de Nobel Edebiyat Ödülü'nü kazanan ilk Arap yazar kimdir?,Necib Mahfuz,"[""Necib Mahfuz"",""Taha Hüseyin"",""Tevfik el-Hakim"",""Halil Cibran""]",
c1c688fe-73cd-4735-bacb-498d56627078,spor,4,a,gecti,0.800,0.510,,Basketbolda 'çift sayı' (double-double) ne demektir?,İki istatistikte çift haneli olmak,"[""İki istatistikte çift haneli olmak"",""İki maç kazanmak"",""İki faul"",""İki üçlük""]","[""İki istatistikte çift haneli olmak"",""İki devrede çift haneli atmak"",""İki uzatmayı üst üste kazanmak"",""Art arda iki üçlük atmak""]"
1eb8153d-ac24-44a9-b6a8-4879e592e9eb,muzik,3,a,gecti,1.000,0.150,,Müzikte 'kontrast' neyle sağlanır?,"Hız, gürlük ve doku değişimiyle","[""Hız, gürlük ve doku değişimiyle"",""Yalnız nota sayısıyla"",""Yalnız süre ile"",""Yalnız çalgı sayısıyla""]","[""Hız, gürlük ve doku değişimiyle"",""Motif, ritim ve tını tekrarıyla"",""Tempo, dinamik ve tonalite sabitliğiyle"",""Ezgi, armoni ve ölçü benzerliğiyle""]"
d1946303-bf03-427c-a257-730a56dfabd7,tarih,3,c,dokunulmadi_c,0.920,,"Doğru şık en uzun ve çok kelimeli olduğu için biçim ipucu var (a lehine), ancak Sonnet üç denemede çeldirici yazıp geçemedi ve şıklar arasında tarihsel olarak 'Türk yurdu olması' kavramsal olarak en t",Miryokefalon Savaşı'nın sonucu nedir?,Anadolu'nun Türk yurdu olması,"[""Anadolu'nun Türk yurdu olması"",""Anadolu'nun kaybı"",""Bizans'ın güçlenmesi"",""Haçlı zaferi""]",
bf7bc5ed-608b-4522-86b3-f139eb16848b,teknoloji,5,a,gecti,0.890,0.070,,Çevrimdışı çalışabilen web uygulamaları neyi kullanır?,Önbellek ve servis çalışanı,"[""Yalnız veritabanı"",""Yalnız sunucu"",""Yalnız e-posta"",""Önbellek ve servis çalışanı""]","[""WebSocket ve uzun yoklama"",""CDN ve yük dengeleyici"",""DNS ve vekil sunucu"",""Önbellek ve servis çalışanı""]"
686ef3ec-dbdb-4d7c-8a15-bc56363c0fcf,bilim,2,a,kaldi,0.960,,"Jev ipucu p=0.92 > 0.75 (seçim: ""Tek dalga boylu ve yönlü ışık"")",Lazerin özelliği nedir?,Tek dalga boylu ve yönlü ışık,"[""Tek dalga boylu ve yönlü ışık"",""Renksizlik"",""Isı yokluğu"",""Dağınık ışık""]",
508f3b86-cf4e-4051-b28a-6c3acadfd693,cografya,3,b,dokunulmadi_b,0.860,,"Termohalin teriminin kendisi (termo=sıcaklık, halin=tuzluluk) cevabı ele verdiği için soru metni olmadan da doğru şık kavramsal olarak belli, Sonnet'in 3 denemesi de başarısız oldu ve şık düzeltmesi i",Termohalin dolaşımı neye bağlıdır?,Sıcaklık ve tuzluluk farkına,"[""Rüzgâra yalnızca"",""Sıcaklık ve tuzluluk farkına"",""Aya"",""Güneş tutulmasına""]",
3eba917b-5c04-40e1-9bca-d00bf57b4a41,sinema,3,b,dokunulmadi_b,0.930,,Dublörün tehlikeli sahneleri yapması çok bilinen bir kavramsal gerçek olduğundan soru gizliyken bile doğru şık belli oluyor ve önceki turda üç denemede çeldirici düzeltmesi de işe yaramadı.,Figüran ile dublör arasındaki fark nedir?,Dublörün tehlikeli sahneleri yapması,"[""Figüranın baş rol olması"",""Dublörün tehlikeli sahneleri yapması"",""İkisinin aynı olması"",""Dublörün seslendirmesi""]",
d2682fc2-bcb2-4697-9ac8-2df271cf8d33,sinema,5,b,dokunulmadi_b,0.940,,"Ruhların Kaçışı'nın yönetmeninin Hayao Miyazaki olduğu çok bilinen tek gerçektir; şıklar aynı türde ve eşit uzunlukta olduğundan biçim ipucu yok, çeldirici ne yazılırsa yazılsın en tanıdık isim Miyaza",'Ruhların Kaçışı' animasyonunun yönetmeni kimdir?,Hayao Miyazaki,"[""Isao Takahata"",""Hayao Miyazaki"",""Mamoru Hosoda"",""Satoshi Kon""]",
2b4954da-ccb5-49ee-bdb3-dd9745edf44f,edebiyat,3,b,dokunulmadi_b,0.920,,"Soru kavramsal ve belirsiz olduğu için doğru şık, yeniden yazılan çeldiricilerle bile en makul ve en ayrıntılı seçenek olarak kalıyor; önceki turda Sonnet'in üç denemede geçememesi de şık düzeltmesini",Halk hikâyesi ile destan arasındaki fark nedir?,Halk hikâyesinin daha gerçekçi olması,"[""Destanın kısa olması"",""Halk hikâyesinin daha gerçekçi olması"",""İkisinin aynı olması"",""Hikâyenin şiir olması""]",
887b0c1b-a448-4187-9eb6-b1ae0fb26993,bilim,2,a,kaldi,0.990,,kural işareti: dogru_coklu_kelime,Enzimlerin etkinliği hangi etkenlere duyarlıdır?,Sıcaklık ve pH'a,"[""Sadece ışığa"",""Sıcaklık ve pH'a"",""Sadece basınca"",""Sadece renge""]",
5db7dbdc-102c-4813-a95b-35b306779ed4,muzik,3,b,dokunulmadi_b,0.970,,La sesinin 440 Hz olduğu çok bilinen tek bir gerçektir; şıklar gizliyken bile cevap belli olduğundan çeldirici değişikliği işe yaramaz ve Sonnet da 3 denemede geçemedi.,La sesi akort standardında kaç hertz kabul edilir?,440 Hz,"[""440 Hz"",""220 Hz"",""880 Hz"",""330 Hz""]",
cc3efdf1-071e-4c86-817f-f22339238732,tarih,3,b,dokunulmadi_b,0.870,,"Güney Kutbu'na ilk ulaşan kişi Roald Amundsen çok bilinen tek bir gerçektir ve şıklar kutup kâşiflerinden oluşan küçük bir küme olduğundan, çeldirici ne yazılırsa yazılsın doğru şık en tanıdık olan ka",Aralık 1911'de Güney Kutbu'na ilk ulaşan keşif ekibinin lideri kimdir?,Roald Amundsen,"[""Fridtjof Nansen"",""Roald Amundsen"",""Robert Falcon Scott"",""Ernest Shackleton""]",
7018301f-035b-428a-b75e-6d9f431a165d,tarih,2,b,dokunulmadi_b,0.830,,"Devşirme ve piyade ipucu Yeniçeri Ocağı'nı kavramsal olarak belirliyor, doğru cevap şıklara bakmadan da biliniyor ve Sonnet üç denemede çeldirici yazıp geçemedi.",Osmanlı'da devşirme sistemiyle oluşturulan piyade ordusu hangisidir?,Yeniçeri Ocağı,"[""Sipahiler"",""Akıncılar"",""Yeniçeri Ocağı"",""Levent Ocağı""]",
7c518fbd-89a9-4c15-bb65-833cd5ed2163,teknoloji,4,a,gecti,0.800,0.420,,"Siber güvenlikte ""sızma testi"" nedir?",İzinli olarak açıkların denenmesi,"[""İzinsiz saldırı"",""İzinli olarak açıkların denenmesi"",""Yedekleme"",""Veri silme""]","[""Otomatik olarak yamaların yüklenmesi"",""İzinli olarak açıkların denenmesi"",""Gizli olarak trafiğin izlenmesi"",""Düzenli olarak kayıtların incelenmesi""]"
043c15de-094d-45bb-a768-968ec9b805c5,spor,2,b,dokunulmadi_b,0.870,,"Olimpiyat sloganı ""Citius, Altius, Fortius"" çok bilinen tek bir gerçektir ve soru gizliyken bile en tanıdık şık seçilir; üstelik önceki turda 3 çeldirici denemesi başarısız oldu, bu yüzden şık düzeltm",Olimpiyat sloganı neyi ifade eder?,"Daha hızlı, daha yüksek, daha güçlü","[""Daha hızlı, daha yüksek, daha güçlü"",""Barış, dostluk ve kardeşlik"",""Bir arada, ileriye, daha güçlü"",""Güç, hız ve zafer için""]",
a064e252-9120-4a0e-a1c0-c3a0a53394d2,tarih,2,b,dokunulmadi_b,0.880,,"Fransız İhtilali'nin 1789'da başladığı çok bilinen tek bir gerçektir; şıklar soru gizliyken bile en tanıdık yıl olarak 1789'u işaret eder, üç denemede çeldirici yazılıp geçilememesi de şık düzeltmesin",Fransız İhtilali hangi yıl başladı?,1789,"[""1769"",""1779"",""1789"",""1799""]",
a6601d15-276d-48b7-95e6-615403aeb827,bilim,2,c,dokunulmadi_c,0.910,,"Doğru şık en uzun ve tek ayrıntılı olduğu için (a) savunulabilir, ancak kavram çok temel ve Sonnet 3 denemede çeldirici yazıp geçemediği için (b) lehine kanıt var; iki yönde de savunulabilir.",'Çekinik özellik' ne zaman görünür?,İki çekinik alel bir aradayken,"[""İki çekinik alel bir aradayken"",""Tek alelde"",""Her zaman"",""Hiç""]",
0e497c85-1a87-4892-9bc3-fdbc57693c66,muzik,4,a,gecti,0.910,0.680,,'Kanon' biçiminde ne yapılır?,Aynı ezginin gecikmeli taklidi,"[""Baştan sona tek seslilik"",""Tamamen serbest doğaçlama"",""Uzun süren tam sessizlik"",""Aynı ezginin gecikmeli taklidi""]","[""Tek ezginin akorlarla eşlenmesi"",""Ana ezginin süslemeli çeşitlemesi"",""Tek notanın sürekli uzatılması"",""Aynı ezginin gecikmeli taklidi""]"
30eccaf1-032f-4201-afb6-38f000453ad5,cografya,3,a,gecti,0.780,0.240,,Ege Denizi'ndeki adaların çokluğu neyle açıklanır?,Kıyı dağlarının sular altında kalmasıyla,"[""Volkanik püskürmelerle"",""Kıyı dağlarının sular altında kalmasıyla"",""Buzul çekilmesiyle"",""Mercan oluşumuyla""]","[""Akarsu deltalarının denize doğru ilerlemesiyle"",""Kıyı dağlarının sular altında kalmasıyla"",""Buzul vadilerinin deniz suyuyla dolmasıyla"",""Mercan resiflerinin deniz yüzeyine ulaşmasıyla""]"
75b2f685-a68d-409b-bd50-e182a18b7745,teknoloji,5,a,kaldi,0.830,,kural işareti: dogru_coklu_kelime,GPL gibi lisanslar hangi ilkeyi taşır?,Türev çalışmaların da açık kalmasını,"[""Kaynağın gizlenmesini"",""Türev çalışmaların da açık kalmasını"",""Ücretsizlik yasağını"",""Ticari kullanım yasağını""]",
fa42c734-f05f-4ab8-9bc2-c85563e8974c,teknoloji,4,a,gecti,0.990,0.520,,Yedekleme stratejisinde '3-2-1 kuralı' neyi önerir?,"Üç kopya, iki ortam, bir uzak yer","[""Üç kopya, iki ortam, bir uzak yer"",""Tek kopya"",""Yalnız bulut"",""Haftalık silme""]","[""Üç kopya, iki ortam, bir uzak yer"",""İki kopya, üç ortam, bir bulut"",""Üç kopya, bir ortam, iki uzak yer"",""Bir kopya, iki ortam, üç uzak yer""]"
ab81d5bb-977e-463d-b478-457c17df7856,bilim,1,b,dokunulmadi_b,0.930,,Dünyanın dönüş süresi çok bilinen tek bir gerçektir (24 saat) ve şıklar aynı biçimde olduğu için çeldirici ne yazılırsa yazılsın model bilgiyle doğruyu seçer; Sonnet'in 3 denemede geçememesi de bunu d,Dünya kendi ekseni etrafında bir turunu yaklaşık kaç saatte tamamlar?,24 saat,"[""48 saat"",""12 saat"",""24 saat"",""36 saat""]",
6bb65be9-7a5e-46db-b308-4a501ff89d50,bilim,3,b,dokunulmadi_b,0.520,,"Doğru şık (serbest düşüş) en uzun ve tek teknik ifade olsa da asıl sorun kavramsal: ağırlıksızlığın nedeni iyi bilinen tek fizik açıklamasıdır, çeldiriciler ('kütle yok', 'hava yok', 'soğuk') yaygın y",'Ağırlıksızlık' uzay aracında neden hissedilir?,Serbest düşüş hâlinde olduğu için,"[""Kütle yok olduğu için"",""Hava olmadığı için"",""Serbest düşüş hâlinde olduğu için"",""Soğuk olduğu için""]",
3c25f856-bf61-44ad-bf66-be7bdd8a8db1,bilim,2,c,dokunulmadi_c,0.860,,"Doğru şık hem en uzun hem tek çok kelimeli (biçim ipucu), ancak Arşimet ilkesi çok bilinen bir kavram olduğundan soru şıksız da cevaplanabiliyor ve 3 denemede çeldirici yazımının başarısız olması b yö",'Kaldırma kuvveti' neye eşittir?,Taşan sıvının ağırlığına,"[""Taşan sıvının ağırlığına"",""Cismin kütlesine"",""Hacme"",""Yoğunluğa""]",
56671fce-8a0d-42e4-b575-13f6b32b20dc,sinema,3,b,dokunulmadi_b,0.860,,"Hayao Miyazaki, ünlü yönetmen şıkları arasında en tanıdık isim olduğu için soru gizliyken bile seçiliyor; Sonnet'in üç denemesi de geçemedi, bu yüzden şık düzeltmesi işe yaramaz.",'Spirited Away' animesinin yönetmeni kimdir?,Hayao Miyazaki,"[""Makoto Shinkai"",""Isao Takahata"",""Hayao Miyazaki"",""Satoshi Kon""]",
7818d995-cee3-437a-be8e-6c594125fb18,teknoloji,5,a,gecti,0.800,0.630,,'Doğrulama kümesi' ne için ayrılır?,Model başarımını ölçmek için,"[""Eğitim için"",""Yayın için"",""Depolama için"",""Model başarımını ölçmek için""]","[""Model ağırlıklarını güncellemek için"",""Veri etiketlerini üretmek için"",""Eğitim verisini çoğaltmak için"",""Model başarımını ölçmek için""]"
a9ba5c91-2f9f-4e0e-9516-b5678cfeb62b,tarih,3,a,gecti,0.810,0.480,,Uygurların yerleşik hayata geçmesinin sonucu nedir?,Şehir ve tapınak yapımı,"[""Göçün artması"",""Şehir ve tapınak yapımı"",""Ordunun dağılması"",""Ticaretin bitmesi""]","[""Kurgan ve balbal yapımı"",""Şehir ve tapınak yapımı"",""Çadır ve otağ yaygınlaşması"",""Tarım ve ticaretin bitmesi""]"
3d859ba7-c063-45cf-b649-cf2e3ec0ca5b,teknoloji,3,a,gecti,0.930,0.620,,'Güvenlik duvarı' ne yapar?,Ağ trafiğini kurala göre süzer,"[""Veri sıkıştırır"",""Ağ trafiğini kurala göre süzer"",""Şifre üretir"",""Disk böler""]","[""Ağ trafiğini sunuculara eşit dağıtır"",""Ağ trafiğini kurala göre süzer"",""Ağ paketlerini anahtarla uçtan şifreler"",""IP adreslerini cihazlara otomatik dağıtır""]"
dfb1fde6-45ba-468e-86f7-f09aa9bc3bfe,cografya,3,a,gecti,0.980,0.640,,Balıkçılığın en verimli olduğu alanlar hangileridir?,Kıta sahanlığı ve akıntı kavşakları,"[""Derin okyanus ortası"",""Kıta sahanlığı ve akıntı kavşakları"",""Kutup buzu altı"",""Çöl gölleri""]","[""Okyanus çukurları ve abisal düzlükler"",""Kıta sahanlığı ve akıntı kavşakları"",""Subtropikal girdaplar ve durgun açık denizler"",""Okyanus ortası sırtları ve derin hendekler""]"
6bdbd857-d789-4145-94ab-0968e70e1f44,sanat,4,b,dokunulmadi_b,0.860,,Kırmızı Atölye çok bilinen bir Matisse eseridir; şıklar aynı türde dört Fransız ressam olsa da doğru cevap şıklara bakmadan da bilindiği için çeldirici değişikliği işe yaramaz.,Duvarları kırmızıya boyanmış atölyesini gösteren 'Kırmızı Atölye' (1911) kimin eseridir?,Matisse,"[""Vuillard"",""Matisse"",""Bonnard"",""Derain""]",
a417357c-d1eb-4179-ade5-9472427fd343,spor,3,c,dokunulmadi_c,0.920,,"ilk turda sınırda (p 0,70–0,75) diye bilerek işaretli bırakıldı",'Kayakla atlama'da puanlama neyi içerir?,Mesafe ve stil,"[""Yalnız mesafeyi"",""Mesafe ve stil"",""Yalnız hızı"",""Yalnız yüksekliği""]",
c89b9782-6642-4b14-b78b-15998d4c3458,cografya,3,a,gecti,0.820,0.420,,Boru hattı güzergâhında hangi risk gözetilir?,Fay hatları ve heyelan alanları,"[""Nüfus yoğunluğu yalnızca"",""Manzara"",""İklim güzelliği"",""Fay hatları ve heyelan alanları""]","[""Güneşlenme süreleri ve gölgeli alanlar"",""Manzara noktaları ve seyir terasları"",""Plaj kıyıları ve piknik alanları"",""Fay hatları ve heyelan alanları""]"
580d54ad-1654-4dfd-8fc9-188818b9367a,spor,2,b,dokunulmadi_b,0.990,,"Triatlonun yüzme, bisiklet ve koşudan oluştuğu çok bilinen tek bir gerçektir; çeldirici ne yazılırsa yazılsın doğru şık en tanıdık kalır ve önceki 3 deneme de başarısız olmuştur.",Triatlon hangi üç branşı içerir?,"Yüzme, bisiklet, koşu","[""Yüzme, bisiklet, koşu"",""Bisiklet, boks, yüzme"",""Koşu, atış, kürek"",""Yüzme, güreş, koşu""]",
e8994a91-a4f2-4e3d-9725-79395dd5510c,muzik,4,b,dokunulmadi_b,0.800,,"Ella Fitzgerald'ın 'First Lady of Song' unvanı çok bilinen bir gerçek; çeldiriciler de aynı türde ünlü caz şarkıcıları olduğundan ipucu şık biçiminden değil, doğru cevabın en tanıdık aday olmasından g",'Şarkının First Lady'si' (First Lady of Song) diye anılan caz şarkıcısı kimdir?,Ella Fitzgerald,"[""Sarah Vaughan"",""Etta James"",""Ella Fitzgerald"",""Nina Simone""]",
ba691c22-df2a-4310-8265-7d5e2b574a02,bilim,2,a,gecti,0.770,0.680,,Kırık şüphesinde bölgeye ne uygulanır?,Atel ile sabitleme,"[""Atel ile sabitleme"",""Masaj"",""Sıcak kompres"",""Çekme""]","[""Atel ile sabitleme"",""Masaj ile gevşetme"",""Sıcak kompres ile ısıtma"",""Çekerek yerine oturtma""]"
4a6ae192-e9de-44e1-8b77-1372027aef50,bilim,3,a,kaldi,0.990,,"Jev ipucu p=0.97 > 0.75 (seçim: ""Azotu bitkiye yarayışlı hâle getirmek"")",Azot döngüsünde bakterilerin rolü nedir?,Azotu bitkiye yarayışlı hâle getirmek,"[""Azotu yok etmek"",""Karbon üretmek"",""Azotu bitkiye yarayışlı hâle getirmek"",""Su bağlamak""]",
1d96ffa9-17b9-43f8-8bfe-7ae31956d1ab,edebiyat,4,a,gecti,0.750,0.260,,Adalet Ağaoğlu hangi türde eser vermiştir?,Roman ve oyun,"[""Yalnız çeviri"",""Roman ve oyun"",""Yalnız fabl"",""Yalnız şiir""]","[""Şiir ve masal"",""Roman ve oyun"",""Fabl ve destan"",""Gazel ve rubai""]"
fecfff3b-ffb3-4c21-a1e8-68478a83acc9,bilim,3,a,kaldi,0.960,,"Jev ipucu p=0.95 > 0.75 (seçim: ""Üç ısı aktarım yolunu da azaltmak"")",Termosun yalıtım ilkesi nedir?,Üç ısı aktarım yolunu da azaltmak,"[""Yalnız iletimi artırmak"",""Isı üretmek"",""Üç ısı aktarım yolunu da azaltmak"",""Soğutmak""]",
e79a6196-90f5-408c-a790-c8ed5184ae15,bilim,2,a,kaldi,0.960,,"Jev ipucu p=0.88 > 0.75 (seçim: ""Uzunluk, kesit ve cinsi"")",Bir iletkenin direnci neye bağlıdır?,"Uzunluk, kesit ve cinsi","[""Uzunluk, kesit ve cinsi"",""Rengine"",""Ağırlığına"",""Şekline yalnızca""]",
9f28226c-e2d5-44c0-a3db-16cdfa7aa4a9,edebiyat,3,a,gecti,0.630,0.650,,Tanzimat edebiyatının temel amacı neydi?,Batı edebiyatını tanıtıp toplumu eğitmek,"[""Divan geleneğini sürdürmek"",""Halk şiirini yaymak"",""Din dışı şiiri yasaklamak"",""Batı edebiyatını tanıtıp toplumu eğitmek""]","[""Divan şiirini yenileyip sarayı övmek"",""Halk şiirini derleyip heceyi yaygınlaştırmak"",""Fars edebiyatını çevirip Osmanlıcayı zenginleştirmek"",""Batı edebiyatını tanıtıp toplumu eğitmek""]"
5a832993-c25b-4bce-b69c-ab4d919a2726,teknoloji,3,b,dokunulmadi_b,0.970,,"DNS'in alan adını IP adresine çevirdiği çok bilinen tek bir gerçektir ve soru, şıklara bakılmadan da cevaplanabilir; çeldirici ne yazılırsa yazılsın doğru şık en tanıdık kalır, nitekim üç denemede de ",DNS ne yapar?,Alan adını IP adresine çevirir,"[""Veri sıkıştırır"",""Dosya şifreler"",""Alan adını IP adresine çevirir"",""Ses üretir""]",
f00d56b1-fbca-4364-8863-f9959af16561,teknoloji,5,a,gecti,0.980,0.480,,'Karmaşıklık gösterimi' neyi anlatır?,Girdi büyüdükçe maliyeti,"[""Kod uzunluğunu"",""Bellek türünü"",""Girdi büyüdükçe maliyeti"",""Dil türünü""]","[""Kod uzadıkça okunurluğu"",""Çekirdek arttıkça hızlanmayı"",""Girdi büyüdükçe maliyeti"",""Veri sıkıştıkça kaybı""]"
1feb8c8f-1e33-45d1-81d1-f3b54a802c6a,sinema,3,a,gecti,0.920,0.280,,Bir filmde 'süre' anlatıya nasıl etki eder?,Ritmi ve gerilimi belirler,"[""Ritmi ve gerilimi belirler"",""Rengi değiştirir"",""Sesi artırır"",""Afişi belirler""]","[""Ritmi ve gerilimi belirler"",""Kadrajı ve kompozisyonu belirler"",""Işığı ve renkleri belirler"",""Sesi ve müziği belirler""]"
ecc1289f-6a60-42ee-af76-58bdc9c974a0,teknoloji,5,a,gecti,0.840,0.640,,Hata yakalama (try-catch) yapısı ne sağlar?,Hata durumunda programın çökmemesini,"[""Hız artışını"",""Hata durumunda programın çökmemesini"",""Bellek artışını"",""Kod kısalmasını""]","[""Derleme aşamasında hataların engellenmesini"",""Hata durumunda programın çökmemesini"",""Hatalı satırların otomatik düzeltilmesini"",""İş parçacıklarının eşzamanlı çalışmasını""]"
98861765-6250-4f02-b3ba-4e34ca2f00e6,cografya,3,b,dokunulmadi_b,0.980,,Mariana Çukuru dünyanın en derin noktası olarak çok bilinen tek gerçektir; soru gizliyken bile doğru şık en tanıdık olan kalır ve Sonnet'in üç denemede de çeldirici yazıp geçememesi bunu doğrular.,Dünyanın en derin noktası olan çukur hangisidir?,Mariana Çukuru,"[""Tonga Çukuru"",""Java Çukuru"",""Porto Riko Çukuru"",""Mariana Çukuru""]",
546fa275-4b72-4fde-8bf2-ba739bbd553c,teknoloji,5,a,gecti,0.940,0.500,,Teknik borç kavramı neyi ifade eder?,Hızlı çözümlerin ileriki maliyetini,"[""Yazılım fiyatını"",""Sunucu kirasını"",""Hızlı çözümlerin ileriki maliyetini"",""Lisans ücretini""]","[""Yeni donanımların kurulum maliyetini"",""Bulut hizmetlerinin gizli maliyetini"",""Hızlı çözümlerin ileriki maliyetini"",""Geliştirici ekiplerin eğitim maliyetini""]"
1467e65c-a86b-469f-9bf4-dc520d66d8fd,bilim,2,c,dokunulmadi_c,0.850,,"ilk turda sınırda (p 0,70–0,75) diye bilerek işaretli bırakıldı",Bir elementin atom numarası neyi gösterir?,Proton sayısını,"[""Nötron sayısını"",""Proton sayısını"",""Kütle numarasını"",""Elektron kabuğunu""]",
c418df64-ef50-4c39-8e46-6e4fcb0cf880,spor,3,b,dokunulmadi_b,0.910,,"Tour de France'ın Champs-Élysées'de bitmesi çok bilinen tek gerçek olup şıklar gizlenince bile en tanıdık Paris caddesi olarak öne çıkıyor, ayrıca Sonnet 3 denemede çeldirici düzeltemedi.",Fransa Bisiklet Turu geleneksel olarak Paris'te hangi caddede sona erer?,Champs-Élysées,"[""Avenue Montaigne"",""Rue de Rivoli"",""Champs-Élysées"",""Boulevard Haussmann""]",
dca4ccc1-cc9b-49c7-b912-aa8ed20c7da5,cografya,3,a,kaldi,0.880,,"Jev ipucu p=0.83 > 0.75 (seçim: ""Bitki genetik kaynaklarını korumak"")",Tohum bankalarının işlevi nedir?,Bitki genetik kaynaklarını korumak,"[""Tohum satmak"",""Gübre üretmek"",""Sulama yapmak"",""Bitki genetik kaynaklarını korumak""]",
6b03d632-62f9-4544-9c95-8207ebb58af6,sinema,4,a,kaldi,0.870,,"Jev ipucu p=0.87 > 0.75 (seçim: ""Yönetmenin yaratıcı imzasını"")",'Auteur kuramı' neyi savunur?,Yönetmenin yaratıcı imzasını,"[""Yapımcının önceliğini"",""Yönetmenin yaratıcı imzasını"",""Oyuncunun gücünü"",""Kurgunun tek başına""]",
9c32df08-b91e-4ee5-a82c-153b773b2b8a,teknoloji,5,a,gecti,0.870,0.260,,'Gömme' (embedding) neyi temsil eder?,Anlamı sayısal vektörle,"[""Dosyayı"",""Ağı"",""Anlamı sayısal vektörle"",""Ekranı""]","[""Kelimeyi tek tamsayıyla"",""Sözdizimini ağaç yapısıyla"",""Anlamı sayısal vektörle"",""Sıklığı sayım tablosuyla""]"
0401298b-47ba-4dd7-b37b-f8ec08d87df6,sinema,2,c,dokunulmadi_c,0.930,,"Doğru şık 'Bubba Gump' kalıpta aynı uzunlukta ve çeldiriciler 'Shrimp' ile 'Gump' karışımı olduğundan biçim ipucu zayıf biçimde var, ancak 'Bubba Gump' çok ünlü bir marka olduğu için şık düzeltmesi on",'Forrest Gump' filminde Forrest'ın kurduğu karides şirketinin adında hangi isim geçer?,Bubba Gump,"[""Jenny Shrimp"",""Bubba Gump"",""Alabama Shrimp"",""Taylor Gump""]",
4390ebe2-7407-4625-a850-8067ae9602c6,tarih,4,a,gecti,0.750,0.630,,"Osmanlı'da ilk kez hangi padişah ""Kayser-i Rum"" unvanını kullandı?",Fatih Sultan Mehmet,"[""Yavuz Selim"",""Fatih Sultan Mehmet"",""Kanuni"",""Orhan Bey""]","[""Yavuz Sultan Selim"",""Fatih Sultan Mehmet"",""Kanuni Sultan Süleyman"",""Çelebi Sultan Mehmet""]"
4402f8e6-2479-4eaa-84a7-637457d9bbee,teknoloji,2,a,gecti,0.880,0.610,,'Alan adı uzantısı' neyi gösterir?,Adresin üst düzey grubunu,"[""Sunucu markasını"",""Dosya türünü"",""Sayfa boyutunu"",""Adresin üst düzey grubunu""]","[""Sitenin barındırıldığı sunucu konumunu"",""Bağlantının kullandığı şifreleme protokolünü"",""Adresin yönlendirildiği alt dizini"",""Adresin üst düzey grubunu""]"
f5d9d92b-5d8b-46cc-81c9-d57e58ac855e,muzik,5,a,kaldi,0.710,,"Jev ipucu p=0.94 > 0.75 (seçim: ""Ulusal müzik dili kurmak"")",'Rus Beşleri' hangi amaçla bir araya gelmiştir?,Ulusal müzik dili kurmak,"[""Opera yazmak"",""Ulusal müzik dili kurmak"",""Konser vermek"",""Okul açmak""]",
67d10358-5741-46f0-b5ad-f75db582cb00,sanat,4,a,kaldi,0.890,,"Jev ipucu p=0.96 > 0.75 (seçim: ""Yapılan işlemin izlenebilirliği için"")",'Belgeleme' restorasyonda neden gereklidir?,Yapılan işlemin izlenebilirliği için,"[""Satış için"",""Sigorta için"",""Reklam için"",""Yapılan işlemin izlenebilirliği için""]",
c39c0b55-7845-4866-84f7-0487b7ba6960,sanat,4,b,dokunulmadi_b,0.910,,"Andrey Rublev, Kutsal Üçleme ikonasıyla özdeşleşmiş çok bilinen tek cevaptır; şıklar tek kelimelik soyadlardan oluşup biçimsel bir ipucu vermiyor, çeldirici ne yazılırsa yazılsın en tanıdık isim Ruble",Rus ikona sanatının başyapıtı sayılan 'Kutsal Üçleme' (Troitsa) ikonasının ressamı kimdir?,Rublev,"[""Uşakov"",""Feofan"",""Dionisiy"",""Rublev""]",
16d9b6fc-a8bf-4772-b40d-51e86ea0c4c8,sanat,2,a,kaldi,0.950,,"Jev ipucu p=0.79 > 0.75 (seçim: ""Ayırt edicilik ve sadelik"")",'Logo tasarımında' aranan temel nitelik nedir?,Ayırt edicilik ve sadelik,"[""Ayırt edicilik ve sadelik"",""Karmaşıklık"",""Çok renklilik"",""Uzun metin""]",
6514bc7b-7b5a-458a-85df-f32fa70603fb,sinema,3,a,kaldi,0.910,,"Jev ipucu p=0.87 > 0.75 (seçim: ""Plan tek çekim, sahne bir bütün olaydır"")",Sinemada 'sahne' ile 'plan' farkı nedir?,"Plan tek çekim, sahne bir bütün olaydır","[""Plan tek çekim, sahne bir bütün olaydır"",""İkisi aynıdır"",""Sahne tek çekimdir"",""Plan senaryo bölümüdür""]",
8aae04e2-2ddb-4035-aeb1-a17a6acb79d0,cografya,3,b,dokunulmadi_b,0.920,,"Golf Akıntısı'nın Batı Avrupa'yı ılıttığı çok bilinen tek etkidir, soru gizliyken bile doğru şık kavramsal olarak belli kalır ve Sonnet'in üç denemesi de çeldirici yazarak düzeltemedi.",Gulf Stream (Golf Akıntısı) hangi etkiyi yaratır?,Batı Avrupa'yı ılıtır,"[""Sahra'yı soğutur"",""Batı Avrupa'yı ılıtır"",""Asya'ya yağmur getirir"",""Kutupları ısıtmaz""]",
cd446f9d-34c7-4bf9-8e42-1f711cb3bd49,teknoloji,4,a,gecti,0.960,0.570,,RAID teknolojisinin amacı nedir?,Performans veya veri güvenliği artırmak,"[""Ekran çözünürlüğü"",""Ağ hızı"",""Performans veya veri güvenliği artırmak"",""Ses kalitesi""]","[""Bellek kapasitesi veya önbellek hızı artırmak"",""Bağlantı hızı veya ağ güvenliği artırmak"",""Performans veya veri güvenliği artırmak"",""İşlemci hızı veya enerji verimliliği artırmak""]"
ffb71d7a-e2f4-4b49-9abc-ab7848d47f07,cografya,2,c,dokunulmadi_c,0.980,,"Doğru şık en uzun ve tek 'ile' bağlı çok kelimeli şık olduğundan biçim ipucu var (a), ancak çeldiriciler kavramsal olarak açıkça yanlış olduğundan ve Sonnet 3 denemede geçemediğinden (b) de savunulabi",Sanayileşmekte olan ülkelerin ortak özelliği nedir?,Kentleşme ve göçün hızlanması,"[""Nüfusun azalması"",""Tarımın büyümesi"",""Kentlerin küçülmesi"",""Kentleşme ve göçün hızlanması""]",
dbc2cac6-fb39-46ac-82f5-f679737ca0ce,bilim,2,a,kaldi,0.940,,"Jev ipucu p=0.77 > 0.75 (seçim: ""Kanıt talep etmeyi"")",'Bilimsel kuşkuculuk' neyi savunur?,Kanıt talep etmeyi,"[""Her şeyi reddetmeyi"",""İnanmayı"",""Susmayı"",""Kanıt talep etmeyi""]",
6e2c3121-4aa5-4e13-84c1-5c4c72e062f9,sanat,4,a,gecti,0.800,0.510,,"Resimde ""şase"" nedir?",Tuvalin gerildiği çerçeve,"[""Sergi standı"",""Boya kutusu"",""Tuvalin gerildiği çerçeve"",""Fırça sapı""]","[""Tuvalin konulduğu sehpa"",""Boyanın karıştırıldığı tabla"",""Tuvalin gerildiği çerçeve"",""Resmin çevrelendiği pervaz""]"
42267fe4-f719-40e3-b977-9528417bc4d2,cografya,3,c,dokunulmadi_c,0.790,,"ilk turda sınırda (p 0,70–0,75) diye bilerek işaretli bırakıldı",Soğuk ve sıcak akıntıların karşılaştığı yerlerde ne oluşur?,Zengin balık alanları ve sis,"[""Zengin balık alanları ve sis"",""Çöl koşulları"",""Buzul kütlesi"",""Volkanik ada""]",
b78d2100-2058-452d-9b05-52e48291dbe7,cografya,2,b,dokunulmadi_b,0.870,,"Macaristan'ın başkenti Budapeşte kapalı bir ülke-başkent kümesi olduğundan en tanıdık şık hep doğru kalır, üç denemede çeldirici yazımının başarısız olması da bunu doğruluyor.",Macaristan'ın başkenti hangisidir?,Budapeşte,"[""Debrecen"",""Szeged"",""Budapeşte"",""Pécs""]",
131f1408-fb4e-4138-a58b-0670c6ca2b0b,spor,4,b,dokunulmadi_b,0.950,,"Superclásico'nun Boca Juniors–River Plate derbisi olduğu çok bilinen tek gerçektir; şıklar ne yazılırsa yazılsın doğru cevap en tanıdık çift olarak kalır, şık düzeltmesi işe yaramaz.",Arjantin futbolunda 'Superclásico' hangi iki kulüp arasında oynanır?,Boca ve River,"[""Boca ve River"",""San Lorenzo ve Huracán"",""Racing ve Independiente"",""Rosario ve Newell's""]",
769dd522-ff13-458a-95a1-f597753c3854,tarih,3,c,dokunulmadi_c,0.870,,"ilk turda sınırda (p 0,70–0,75) diye bilerek işaretli bırakıldı",Dünyanın en eski bilinen yerleşimlerinden Göbeklitepe hangi ülkededir?,Türkiye,"[""Türkiye"",""İran"",""Suriye"",""Irak""]",
084d67f7-631d-49c0-8033-639a0edfc49f,tarih,3,a,gecti,0.960,0.310,,'Kanun-i Esasi' ne anlama gelir?,Temel yasa yani anayasa,"[""Ticaret yasa metni"",""Temel yasa yani anayasa"",""Ceza yasası metni"",""Vergi yasa metni""]","[""Örfi yasa yani töre"",""Temel yasa yani anayasa"",""Şer'i yasa yani şeriat"",""Padişah yasası yani ferman""]"
9401194b-3d4c-4da2-b2c3-8c6878e902e6,sinema,5,a,gecti,0.770,0.330,,'Alman dışavurumculuğu' sinemada neyi vurgular?,Çarpık dekor ve abartılı gölgeyi,"[""Gerçekçiliği"",""Belgeseli"",""Doğallığı"",""Çarpık dekor ve abartılı gölgeyi""]","[""Doğal mekân ve amatör oyuncuyu"",""Hızlı kurgu ve çarpışan görüntüyü"",""Uzun plan ve derin odak çekimini"",""Çarpık dekor ve abartılı gölgeyi""]"
c24c59cb-1825-4d0c-823a-fefb03ea66ae,sinema,3,c,dokunulmadi_c,0.880,,"ilk turda sınırda (p 0,70–0,75) diye bilerek işaretli bırakıldı",Sofia Coppola'nın 'Bir Konuşabilsek' (Lost in Translation) filmi hangi şehirde geçer?,Tokyo,"[""Osaka"",""Seul"",""Şanghay"",""Tokyo""]",
716ff0a9-1769-4548-973f-792febc24cdd,teknoloji,2,b,dokunulmadi_b,0.830,,Bulut bilişimin tanımı çok bilinen tek bir kavram olduğundan şıklara bakmadan da bilinir ve çeldirici ne yazılırsa yazılsın Sonnet'in 3 denemede de geçememesi şık düzeltmesinin işe yaramadığını göster,Bulut bilişim ne anlama gelir?,Verilerin uzak sunucularda tutulması,"[""Hava tahmini"",""Verilerin uzak sunucularda tutulması"",""Bulut fotoğrafı"",""Uçak seyahati""]",
2c0d8712-80b5-4a74-99c8-ca54419a3078,cografya,2,c,dokunulmadi_c,0.860,,"ilk turda sınırda (p 0,70–0,75) diye bilerek işaretli bırakıldı",Bir ülkede tarımda çalışan nüfus oranının düşmesi neyi gösterir?,Sanayi ve hizmetin geliştiğini,"[""Tarımın çöktüğünü"",""Nüfusun azaldığını"",""Toprağın verimsizleştiğini"",""Sanayi ve hizmetin geliştiğini""]",
f1aa9c7f-bb11-43f3-b66a-ebc92bd46276,cografya,3,b,dokunulmadi_b,0.900,,"Projeksiyonun küresel yüzeyi düzleme aktarmak için gerekli olduğu temel ve çok bilinen bir kavramdır; çeldirici ne yazılırsa yazılsın doğru şık belli kalır, üstelik önceki turda üç denemede şık düzelt",Projeksiyon (izdüşüm) yöntemi neden gereklidir?,Küresel yüzeyi düzleme aktarmak için,"[""Renk seçmek için"",""Ölçek büyütmek için"",""Küresel yüzeyi düzleme aktarmak için"",""Yön bulmak için""]",
7052eb21-aa4d-4553-9288-c7000373a645,sanat,4,a,gecti,0.880,0.320,,'Frotaj' tekniği neye dayanır?,Yüzey dokusunu kâğıda geçirmeye,"[""Boyayı akıtmaya"",""Yüzey dokusunu kâğıda geçirmeye"",""Kesip yapıştırmaya"",""Işık vermeye""]","[""Islak boyayı kâğıda bastırmaya"",""Yüzey dokusunu kâğıda geçirmeye"",""Boya katmanını tuvalden kazımaya"",""Kesilmiş kâğıtları tuvale yapıştırmaya""]"
69b614d9-6bee-4720-9c5d-59fe953630a4,tarih,1,b,dokunulmadi_b,0.960,,"Soğuk Savaş'ın ABD ve SSCB arasında olduğu çok bilinen tek bir gerçektir; şıklar ne yazılırsa yazılsın doğru şık en tanıdık kalır, bu yüzden çeldirici düzeltmesi işe yaramaz.",Soğuk Savaş hangi iki süper güç arasındaydı?,ABD ve SSCB,"[""İngiltere ve SSCB"",""ABD ve Çin"",""ABD ve SSCB"",""Almanya ve ABD""]",
050a6c17-c8bc-4a83-8f9a-13088a46cb99,muzik,3,a,gecti,0.990,0.120,,'Prodüktör' kayıtta hangi rolü üstlenir?,Sesin ve sürecin yönetimi,"[""Yalnızca çalgı çalması"",""Yalnızca söz yazması"",""Yalnızca akort etmesi"",""Sesin ve sürecin yönetimi""]","[""Sahnenin ve ışığın yönetimi"",""Turnenin ve ulaşımın yönetimi"",""Kostümün ve makyajın yönetimi"",""Sesin ve sürecin yönetimi""]"
922b77e1-d27e-4d2f-a103-74f9079346c4,teknoloji,3,b,dokunulmadi_b,0.940,,GPS uydularının atom saatleri kullandığı çok bilinen tek bir gerçektir ve 'son derece hassas' ifadesi cevabı kavramsal olarak belli kıldığı için hangi çeldirici yazılırsa yazılsın atom saatleri seçili,GPS uydularında konum hesabının dayandığı son derece hassas zamanı hangi tür saatler tutar?,Atom saatleri,"[""Atom saatleri"",""Kuvars saatleri"",""Sarkaçlı saatler"",""Güneş saatleri""]",
95689290-f23a-4f8a-bf9d-1223535b5b69,bilim,4,a,sinirda,0.920,0.750,"Doğru şık tek çok kelimeli ve en uzun şık, çeldiriciler ise kısa tek kelimelik; aynı kalıpta ve eşit uzunlukta çeldiriciler yazılınca ipucu giderilir.",'Süksesyon' ekolojide neyi anlatır?,Toplulukların zamanla değişimini,"[""Tür kaybını"",""Göçü"",""Çoğalmayı"",""Toplulukların zamanla değişimini""]","[""Türlerin coğrafi yayılışını"",""Popülasyonların mevsimsel dalgalanmasını"",""Besinlerin ekosistemdeki döngüsünü"",""Toplulukların zamanla değişimini""]"
b2311917-1070-4612-a385-68646dcea44c,sinema,3,b,dokunulmadi_b,0.910,,"Doğru şık, 'ortak yapım' teriminin tanımından kavramsal olarak belli; çeldiriciler ne yazılırsa yazılsın ülkeler arası kaynak birleşimi en tutarlı cevap kalır ve önceki turda 3 denemede düzeltilemedi.",'Ortak yapım' ne sağlar?,Ülkeler arası kaynak birleşimi,"[""Tek ülke bütçesi"",""Daha kısa süre"",""Daha az kadro"",""Ülkeler arası kaynak birleşimi""]",
53ec2177-a495-42b8-9c48-a71844868dd8,sinema,2,a,kaldi,0.960,,"Jev ipucu p=0.96 > 0.75 (seçim: ""İki farklı görüntünün ayrı gözlere ulaşmasıyla"")",3D sinemada derinlik etkisi nasıl sağlanır?,İki farklı görüntünün ayrı gözlere ulaşmasıyla,"[""İki farklı görüntünün ayrı gözlere ulaşmasıyla"",""Parlak renk"",""Hızlı kurgu"",""Yüksek ses""]",
b4effedf-b5b0-44a1-b7f2-a105c7f69e4f,sanat,5,a,gecti,0.860,0.640,,Mukarnas mimaride nerede kullanılır?,Taçkapı ve kubbe geçişlerinde,"[""Taçkapı ve kubbe geçişlerinde"",""Zeminde"",""Çatı örtüsünde"",""Pencere camında""]","[""Taçkapı ve kubbe geçişlerinde"",""Döşeme ve avlu zeminlerinde"",""Temel ve bodrum duvarlarında"",""Pencere ve kapı kanatlarında""]"
e2ea396f-208b-4d55-a16d-8bf8efdbd300,cografya,2,a,gecti,0.940,0.640,,Bir ülkenin coğrafi konumunun stratejik olması ne demektir?,Ticaret ve askerî yolların kesişmesi,"[""Yüzölçümünün büyüklüğü"",""Nüfusunun fazlalığı"",""İkliminin sıcaklığı"",""Ticaret ve askerî yolların kesişmesi""]","[""Doğal ve madenî kaynakların zenginliği"",""Verimli ve geniş ovaların bulunması"",""Genç ve kalabalık nüfusun yoğunlaşması"",""Ticaret ve askerî yolların kesişmesi""]"
04f9d1ec-378f-4542-9543-53e2cff2ddd8,cografya,3,c,dokunulmadi_c,0.840,,"ilk turda sınırda (p 0,70–0,75) diye bilerek işaretli bırakıldı",Gayzer nedir?,Aralıklı sıcak su fışkırması,"[""Sürekli akan soğuk pınar"",""Sönmüş bir volkan konisi"",""Buzul üstü derin çatlak"",""Aralıklı sıcak su fışkırması""]",
84644866-c2f3-49a3-8ee6-eba895afa782,sanat,3,c,dokunulmadi_c,0.930,,"ilk turda sınırda (p 0,70–0,75) diye bilerek işaretli bırakıldı",'Kültür politikası' neyi belirler?,Sanatın desteklenme ilkelerini,"[""Yalnız fiyatı"",""Sanatın desteklenme ilkelerini"",""Yalnız takvimi"",""Yalnız mekanı""]",
7c661c34-eeb0-4a5a-a860-bf3621987f08,teknoloji,4,a,gecti,0.900,0.340,,Bilgisayar biliminde 'soyutlama' ne sağlar?,Ayrıntıyı gizleyip özü öne çıkarmayı,"[""Ayrıntıyı gizleyip özü öne çıkarmayı"",""Kodu uzatmayı"",""Hız artışını"",""Bellek artışını""]","[""Ayrıntıyı gizleyip özü öne çıkarmayı"",""Veriyi şifreleyip yetkisiz erişimi engellemeyi"",""Görevleri bölüp aynı anda çalıştırmayı"",""Veriyi sıkıştırıp bellekte yer açmayı""]"
a9f3093c-406a-4ea2-8ed5-3a550dd460cb,teknoloji,5,a,kaldi,0.980,,"Jev ipucu p=0.95 > 0.75 (seçim: ""Davranışı değiştirmeden kodu iyileştirmek"")","Yazılımda ""refactoring"" ne demektir?",Davranışı değiştirmeden kodu iyileştirmek,"[""Hata eklemek"",""Davranışı değiştirmeden kodu iyileştirmek"",""Kodu silmek"",""Yeni özellik eklemek""]",
bda7b3f4-d929-4f11-8774-5327440245fb,sanat,4,b,dokunulmadi_b,0.770,,"Merdivenden İnen Çıplak'ın Duchamp'a ait olduğu çok bilinen tek bir gerçektir ve çeldiriciler (Gleizes, Picabia, Kupka) aynı çevreden gelse de doğru şık en tanıdık olan kaldığı için şık düzeltmesi işe",1913 Armory Show'da olay yaratan 'Merdivenden İnen Çıplak No. 2' kimin eseridir?,Duchamp,"[""Gleizes"",""Duchamp"",""Picabia"",""Kupka""]",
216f24a8-562e-4ca7-9a9e-e2247d05b046,spor,2,a,kaldi,0.860,,"Jev ipucu p=0.85 > 0.75 (seçim: ""Atılan ve yenilen gol farkına"")",Bir ligde 'averaj' neye göre hesaplanır?,Atılan ve yenilen gol farkına,"[""Maç sayısına"",""Seyirci sayısına"",""Kart sayısına"",""Atılan ve yenilen gol farkına""]",
458c1bf9-f798-4696-96dc-fe57e8779b15,edebiyat,3,c,dokunulmadi_c,0.840,,"ilk turda sınırda (p 0,70–0,75) diye bilerek işaretli bırakıldı",'Ekspozisyon' anlatıda ne yapar?,Gerekli bilgiyi aktarır,"[""Gerekli bilgiyi aktarır"",""Sonu gösterir"",""Müzik ekler"",""Kesme yapar""]",
646622e5-2ba6-4d18-a12d-519fe6dd651c,edebiyat,2,b,dokunulmadi_b,0.900,,"İlyada ve Odysseia'nın yazarının Homeros olması çok bilinen tek gerçek olduğundan, çeldiriciler değiştirilse de doğru şık en tanıdık kalır ve şık düzeltmesi işe yaramaz.",İlyada ve Odysseia destanlarının yazarı kabul edilen kişi kimdir?,Homeros,"[""Euripides"",""Sofokles"",""Hesiodos"",""Homeros""]",
61275a5c-5902-4902-8eab-7bec5ea35de5,muzik,4,a,kaldi,0.850,,"Jev ipucu p=0.82 > 0.75 (seçim: ""Birden çok bağımsız ezginin birlikteliği"")",Polifoni ne demektir?,Birden çok bağımsız ezginin birlikteliği,"[""Ritim kalıbı"",""Birden çok bağımsız ezginin birlikteliği"",""Sözsüzlük"",""Tek ses""]",
d2a0f824-deab-4eac-9399-05d3cfa6a3bf,bilim,2,a,kaldi,0.960,,"Jev ipucu p=0.87 > 0.75 (seçim: ""Canlının tüm genetik bilgisi"")",'Genom' ne anlama gelir?,Canlının tüm genetik bilgisi,"[""Canlının tüm genetik bilgisi"",""Tek gen"",""Kromozom sayısı"",""Protein dizisi""]",
