id,parti,migration,kategori,zorluk,dogru_cevap,eski_tr,yeni_tr,eski_en,yeni_en,jev_p_once,jev_p_sonra,sonuc
dc647a19-4e85-46bf-8647-393ef2261b4d,1,20260612000420_sik_ipucu_duzeltme_parti_1,bilim,1,1,"[""Virüsü öldürerek"",""Bağışıklığı önceden hazırlayarak"",""Ateşi düşürerek"",""Ağrıyı kesip""]","[""Virüsü doğrudan öldürerek"",""Bağışıklığı önceden hazırlayarak"",""Bağışıklığı geçici durdurarak"",""Hazır antikor aktararak""]","[""By killing the virus"",""By preparing the immune system in advance"",""By lowering a fever"",""By relieving pain""]","[""By killing the virus directly"",""By preparing the immune system in advance"",""By pausing the immune system"",""By transferring ready-made antibodies""]",0.970,0.750,duzeltildi
0720fd75-9537-47b6-9d0b-458dbbdd4ff9,1,20260612000420_sik_ipucu_duzeltme_parti_1,cografya,1,3,"[""Kiev"",""Minsk"",""St. Petersburg"",""Moskova""]","[""Prag"",""Varşova"",""Budapeşte"",""Moskova""]","[""Kyiv"",""Minsk"",""St Petersburg"",""Moscow""]","[""Prague"",""Warsaw"",""Budapest"",""Moscow""]",0.820,0.670,duzeltildi
0a6192f5-1e47-4fbd-a980-68ae68c4e58d,1,20260612000420_sik_ipucu_duzeltme_parti_1,edebiyat,1,0,"[""Bir düşünce birimini"",""Tek bir uzun cümleyi"",""Bütün bir sayfayı"",""Bir kitap bölümünü""]","[""Bir düşünce birimini"",""Bir anlatım türünü"",""Bir metin başlığını"",""Bir cümle öğesini""]","[""A unit of thought"",""A sentence"",""A page"",""A chapter""]","[""A unit of thought"",""A literary genre"",""A text heading"",""A sentence element""]",0.890,0.670,duzeltildi
7e3b0826-449b-42f3-bea9-fe8fa7256e70,1,20260612000420_sik_ipucu_duzeltme_parti_1,genel_kultur,1,3,"[""Ürün satmak"",""Yalnız eğlendirmek"",""Yarışma yapmak"",""Bilgilendirmek""]","[""Ürün tanıtmak"",""Kurgu anlatmak"",""Oy toplamak"",""Bilgilendirmek""]","[""Selling a product"",""Merely entertaining"",""Running a competition"",""Informing""]","[""Promoting a product"",""Telling fiction"",""Winning votes"",""Informing""]",0.840,0.800,duzeltildi
215a679c-9923-4f09-aefb-a7bbddcb5da6,1,20260612000420_sik_ipucu_duzeltme_parti_1,muzik,1,2,"[""Giriş çalgısını"",""Sonu"",""Tekrarlanan ana bölümü"",""Solo bölümü""]",,"[""The opening instrument"",""The ending"",""The repeated main section"",""The solo section""]",,0.810,0.860,isaretli_kaldi
07a52aa9-3aea-4077-a953-cab3b84846cd,1,20260612000420_sik_ipucu_duzeltme_parti_1,sanat,1,1,"[""Bir başkasının portresi"",""Sanatçının kendi portresi"",""Kalabalık grup resmi"",""Açık hava manzarası""]",,"[""A portrait of someone else"",""The artist's portrait of themselves"",""A group picture"",""A landscape""]",,0.870,0.870,isaretli_kaldi
4cf870fa-31a3-4ee3-860f-5c9ee40de3b2,1,20260612000420_sik_ipucu_duzeltme_parti_1,sinema,1,0,"[""Gelecek ve teknoloji"",""Sadece geçmiş"",""Sadece tarım"",""Sadece spor""]","[""Gelecek ve teknoloji"",""Geçmiş ve efsaneler"",""Aşk ve aile"",""Suç ve adalet""]","[""The future and technology"",""The past only"",""Farming only"",""Sport only""]","[""The future and technology"",""The past and legends"",""Love and family"",""Crime and justice""]",0.990,0.170,duzeltildi
305f1884-2cf8-4efc-826a-0d25c1ba5af5,1,20260612000420_sik_ipucu_duzeltme_parti_1,spor,1,3,"[""Yalnız otopark"",""Yalnız bilet indirimi"",""Yalnız tabela"",""Rampa ve uygun donanımı""]","[""Aydınlatma ve jeneratör sistemini"",""Yangın çıkışı ve söndürücüyü"",""Soyunma odası ve duşları"",""Rampa ve uygun donanımı""]","[""Only parking"",""Only a ticket discount"",""Only signage"",""Ramps and suitable equipment""]","[""Floodlights and a generator"",""Fire exits and extinguishers"",""Changing rooms and showers"",""Ramps and suitable equipment""]",1.000,0.570,duzeltildi
137dc199-d674-4d32-988a-853c85d50839,1,20260612000420_sik_ipucu_duzeltme_parti_1,tarih,1,2,"[""Saltanatın sürdürülmesini"",""Manda yönetimi kurulmasını"",""Egemenliğin millete ait olmasını"",""Federal yapıya geçilmesini""]","[""Din ve devlet işlerinin ayrılmasını"",""Toplumda sınıf ayrıcalığı olmamasını"",""Egemenliğin millete ait olmasını"",""Ekonomide devletin öncü olmasını""]","[""Keeping the sultanate"",""Establishing a mandate"",""Sovereignty belonging to the nation"",""Moving to a federal structure""]","[""Separating religion and state affairs"",""No class privilege in society"",""Sovereignty belonging to the nation"",""The state leading the economy""]",0.920,0.490,duzeltildi
56d0c81f-0271-4ec7-b1b0-b1394e4c3ff2,1,20260612000420_sik_ipucu_duzeltme_parti_1,teknoloji,1,2,"[""Sesi yükseltmeyi"",""Kanalı çoğaltmayı"",""İstenmeyen sesi azaltmayı"",""Süreyi kısaltmayı""]","[""Yankıyı yapay olarak eklemeyi"",""Bas frekanslarını artırmayı"",""İstenmeyen sesi azaltmayı"",""Sesi odanın her yanına yaymayı""]","[""Raise the volume"",""Multiply the channels"",""Reduce unwanted sound"",""Shorten the duration""]","[""Artificially adding echo"",""Boosting bass frequencies"",""Reduce unwanted sound"",""Spreading sound around the room""]",0.880,0.700,duzeltildi
046b138a-1728-49fe-8538-98e95a8147d9,1,20260612000420_sik_ipucu_duzeltme_parti_1,bilim,1,3,"[""Rengini açıp parlatmak"",""Tadını şekerle tatlandırmak"",""Kıvamını ağırlaştırmak"",""Zararlı mikropları azaltmak""]","[""Yağ damlacıklarını küçültmek"",""Suyunu buharlaştırmak"",""Laktozunu parçalamak"",""Zararlı mikropları azaltmak""]","[""To colour it"",""To sweeten it"",""To thicken it"",""To reduce harmful microbes""]","[""To break up fat droplets"",""To evaporate its water"",""To break down its lactose"",""To reduce harmful microbes""]",0.870,0.480,duzeltildi
a4797081-d2c3-4f00-bc7c-28d3ad37217b,1,20260612000420_sik_ipucu_duzeltme_parti_1,cografya,1,0,"[""Dublin"",""Cork"",""Galway"",""Belfast""]","[""Dublin"",""Edinburgh"",""Cardiff"",""Belfast""]","[""Dublin"",""Cork"",""Galway"",""Belfast""]","[""Dublin"",""Edinburgh"",""Cardiff"",""Belfast""]",0.920,0.320,duzeltildi
18116f38-5708-4a90-9fc2-d0dfc39cf0c0,1,20260612000420_sik_ipucu_duzeltme_parti_1,edebiyat,1,0,"[""Willy Wonka"",""Augustus Gloop"",""Grandpa Joe"",""Mike Teavee""]","[""Willy Wonka"",""Arthur Slugworth"",""Charlie Bucket"",""Grandpa Joe""]","[""Willy Wonka"",""Augustus Gloop"",""Grandpa Joe"",""Mike Teavee""]","[""Willy Wonka"",""Arthur Slugworth"",""Charlie Bucket"",""Grandpa Joe""]",0.810,0.430,duzeltildi
6f81034a-f090-4cd5-beb5-39ea6a5024d4,1,20260612000420_sik_ipucu_duzeltme_parti_1,genel_kultur,1,3,"[""Nefes kapasitesi"",""Duyma"",""Kas gücü"",""Görsel algı ve sabır""]","[""Denge ve esneklik"",""Ritim ve ses duyusu"",""Kas gücü ve dayanıklılık"",""Görsel algı ve sabır""]","[""Lung capacity"",""Hearing"",""Muscle strength"",""Visual perception and patience""]","[""Balance and flexibility"",""Rhythm and hearing"",""Muscle strength and stamina"",""Visual perception and patience""]",0.820,0.140,duzeltildi
4f5ae38e-1e3b-4c7b-9624-49bbff372228,1,20260612000420_sik_ipucu_duzeltme_parti_1,muzik,1,3,"[""The Who"",""The Kinks"",""The Rolling Stones"",""The Beatles""]","[""The Monkees"",""The Hollies"",""The Animals"",""The Beatles""]","[""The Who"",""The Kinks"",""The Rolling Stones"",""The Beatles""]","[""The Monkees"",""The Hollies"",""The Animals"",""The Beatles""]",0.900,0.750,duzeltildi
0951944b-ac0c-4510-915f-3c80b4c060d8,1,20260612000420_sik_ipucu_duzeltme_parti_1,sanat,1,0,"[""Kendine özgü anlatım biçimi"",""Eserinin satış fiyatı"",""Ürettiği eser sayısı"",""Doğduğu şehir ve yöre""]","[""Kendine özgü anlatım biçimi"",""Eğitim aldığı sanat okulu"",""Eserlerinin toplam değeri"",""Kullandığı temel malzeme""]","[""Their distinctive manner of expression"",""Their price"",""The number of their works"",""Their birthplace""]","[""Their distinctive manner of expression"",""The art school they attended"",""The total value of their works"",""The main material they use""]",0.850,0.720,duzeltildi
7c53921c-260c-4b72-aed7-9188fc145099,1,20260612000420_sik_ipucu_duzeltme_parti_1,sinema,1,1,"[""Sadece çizgi filmi"",""Gerçek olayları"",""Sadece reklamı"",""Sadece kurguyu""]","[""Hayali olayları"",""Gerçek olayları"",""Tarihî efsaneleri"",""Uyarlanmış romanları""]","[""Only cartoons"",""Real events"",""Only advertising"",""Only fiction""]","[""Imaginary events"",""Real events"",""Historical legends"",""Adapted novels""]",0.950,0.760,duzeltildi
26d365cf-bbae-4e9d-8f96-6eb53a2e63e7,1,20260612000420_sik_ipucu_duzeltme_parti_1,spor,1,1,"[""Süreyi uzatmak"",""Hatalı kararı düzeltmek"",""Seyirciyi eğlendirmek"",""Maçı ertelemek""]","[""Oyuncu güvenliğini sağlamak"",""Hatalı kararı düzeltmek"",""Seyirci davranışını düzenlemek"",""Maç temposunu korumak""]","[""Extending the time"",""Correcting a wrong decision"",""Entertaining the crowd"",""Postponing the match""]","[""Ensuring player safety"",""Correcting a wrong decision"",""Regulating spectator behaviour"",""Maintaining the match tempo""]",0.840,0.510,duzeltildi
c1d74827-a7d2-4855-9d19-724da9306a55,1,20260612000420_sik_ipucu_duzeltme_parti_1,tarih,1,2,"[""İngiltere ve Fransa"",""Almanya ve İtalya"",""ABD ve SSCB"",""Çin ve Japonya""]","[""Fransa ve İngiltere"",""Almanya ve Japonya"",""ABD ve SSCB"",""Çin ve Hindistan""]","[""Britain and France"",""Germany and Italy"",""the USA and the USSR"",""China and Japan""]","[""France and Britain"",""Germany and Japan"",""the USA and the USSR"",""China and India""]",0.830,0.650,duzeltildi
29a80c29-ca0c-4869-924f-3a9e877d2fff,1,20260612000420_sik_ipucu_duzeltme_parti_1,teknoloji,1,0,"[""QWERTY"",""AZERTY"",""DVORAK"",""COLEMAK""]",,"[""QWERTY"",""AZERTY"",""DVORAK"",""COLEMAK""]",,0.900,0.860,isaretli_kaldi
7bb1dd9a-c8ff-4674-a6bf-be4ea6cfc047,1,20260612000420_sik_ipucu_duzeltme_parti_1,bilim,1,0,"[""Albert Einstein"",""Isaac Newton"",""Nikola Tesla"",""Max Planck""]","[""Albert Einstein"",""Niels Bohr"",""Isaac Newton"",""Stephen Hawking""]","[""Albert Einstein"",""Isaac Newton"",""Nikola Tesla"",""Max Planck""]","[""Albert Einstein"",""Niels Bohr"",""Isaac Newton"",""Stephen Hawking""]",0.810,0.650,duzeltildi
63e221e3-3cdb-4e43-9a9c-24da445fa928,1,20260612000420_sik_ipucu_duzeltme_parti_1,cografya,1,3,"[""Yükseldikçe sıcaklık artar"",""Etkisi yoktur"",""Sadece kışın etkilidir"",""Yükseldikçe sıcaklık düşer""]","[""Enlem arttıkça sıcaklık düşer"",""Denize yakınlık sıcaklık farkını azaltır"",""Yükseldikçe hava basıncı düşer"",""Yükseldikçe sıcaklık düşer""]","[""Temperature rises with height"",""It has no effect"",""It only matters in winter"",""Temperature falls with height""]","[""Temperature falls with latitude"",""Nearness to the sea narrows temperature ranges"",""Air pressure falls with height"",""Temperature falls with height""]",0.990,0.390,duzeltildi
04a4a123-5567-49bf-ac1f-b546605eb172,1,20260612000420_sik_ipucu_duzeltme_parti_1,edebiyat,1,3,"[""Metinde verilen örnek olayı"",""Metindeki ayrıntı bilgiyi"",""Metnin başlığındaki sözü"",""Metnin verdiği temel iletiyi""]","[""Metnin ele aldığı genel konuyu"",""Ana fikri destekleyen yan fikirleri"",""Yazarın metinde kullandığı anlatım biçimini"",""Metnin verdiği temel iletiyi""]","[""The example"",""The detail"",""The title"",""The core message the text conveys""]","[""The general topic the text deals with"",""The supporting ideas behind the main one"",""The mode of narration the author uses"",""The core message the text conveys""]",0.860,0.460,duzeltildi
3a4f8efe-b089-446a-a239-246d5fd1f1d5,1,20260612000420_sik_ipucu_duzeltme_parti_1,genel_kultur,1,0,"[""2,54"",""10"",""1"",""5""]","[""2,54"",""3,54"",""2,45"",""1,54""]","[""2.54"",""10"",""1"",""5""]","[""2.54"",""3.54"",""2.45"",""1.54""]",0.870,0.480,duzeltildi
f53d3bff-231f-4902-a473-aa402344756c,1,20260612000420_sik_ipucu_duzeltme_parti_1,muzik,1,2,"[""Bilet fiyatını"",""Salon planını"",""Çalınacak eserleri ve sırayı"",""Ses düzeyini""]","[""Bilet fiyatlarını ve indirimleri"",""Salonun oturma planını"",""Çalınacak eserleri ve sırayı"",""Sanatçıların ücretlerini""]","[""The ticket price"",""The seating plan"",""The works to be played and their order"",""The volume""]","[""The ticket prices and discounts"",""The hall's seating plan"",""The works to be played and their order"",""The performers' fees""]",0.850,0.790,duzeltildi
6759c1e5-8c42-472f-ad40-0137b93513d8,1,20260612000420_sik_ipucu_duzeltme_parti_1,sanat,1,1,"[""Boyayla"",""Küçük renkli parçalarla"",""Kumaşla"",""Alçıyla""]","[""İnce boya katmanlarıyla"",""Küçük renkli parçalarla"",""Dokunmuş kumaş şeritleriyle"",""Oyulmuş ahşap bloklarla""]","[""Paint"",""Small coloured pieces"",""Fabric"",""Plaster""]","[""Thin layers of paint"",""Small coloured pieces"",""Woven strips of fabric"",""Carved wooden blocks""]",0.880,0.800,duzeltildi
755be283-f5f6-4010-a634-64601e088cb7,1,20260612000420_sik_ipucu_duzeltme_parti_1,sinema,1,1,"[""İkisi aynıdır"",""Dublajda ses yeniden kaydedilir"",""Altyazıda ses değişir"",""Dublaj yalnız belgeselde olur""]",,"[""They are the same"",""In dubbing the voices are re-recorded"",""In subtitling the voices change"",""Dubbing is only for documentaries""]",,0.990,1.000,isaretli_kaldi
1b454fb2-912e-4d11-a79a-76deb12cdfed,1,20260612000420_sik_ipucu_duzeltme_parti_1,spor,1,2,"[""Kilo almak"",""Nabzı durdurmak"",""Hareket açıklığını artırmak"",""Kas yırtmak""]","[""Kas kütlesini artırmak"",""Kalp atışını hızlandırmak"",""Hareket açıklığını artırmak"",""Kemik yoğunluğunu artırmak""]","[""Gaining weight"",""Stopping the pulse"",""Increasing range of motion"",""Tearing muscle""]","[""Increasing muscle mass"",""Speeding up the heartbeat"",""Increasing range of motion"",""Increasing bone density""]",0.850,0.130,duzeltildi
46dc45b0-800c-4846-9f39-8427886dbba8,1,20260612000420_sik_ipucu_duzeltme_parti_1,tarih,1,1,"[""Bilime önem verdiği için"",""İstanbul'u fethettiği için"",""Çok sefer yaptığı için"",""Genç tahta çıktığı için""]",,"[""He valued science"",""He conquered Istanbul"",""He led many campaigns"",""He came to the throne young""]",,0.830,0.930,isaretli_kaldi
6cf2b0fa-0a81-4de0-bb2d-a736819ce2d4,1,20260612000420_sik_ipucu_duzeltme_parti_1,teknoloji,1,1,"[""Daha çok yakıt"",""Egzoz salımı olmaması"",""Daha çok yağ"",""Daha çok gürültü""]","[""Anında yüksek tork üretmesi"",""Egzoz salımı olmaması"",""Uzaktan yazılım güncellemesi alması"",""Evde şarj edilebilmesi""]","[""More fuel"",""No exhaust emissions"",""More oil"",""More noise""]","[""Producing instant high torque"",""No exhaust emissions"",""Receiving over-the-air software updates"",""Being chargeable at home""]",0.940,0.630,duzeltildi
68a2a302-1afb-4388-a821-8017478003d4,1,20260612000420_sik_ipucu_duzeltme_parti_1,bilim,1,1,"[""Mikropları anında öldürerek"",""Bağışıklık sistemini eğiterek"",""Kanı temizleyerek"",""Ateşi düşürerek""]","[""Kanı mikroplardan arındırarak"",""Bağışıklık sistemini eğiterek"",""Sindirim sistemini güçlendirerek"",""Vücut ısısını dengeleyerek""]","[""By killing germs instantly"",""By training the immune system"",""By cleaning the blood"",""By reducing fever""]","[""By purifying the blood of germs"",""By training the immune system"",""By strengthening the digestive system"",""By balancing body temperature""]",0.890,0.750,duzeltildi
2fa004d0-73d2-4461-b2d5-654745786b7a,1,20260612000420_sik_ipucu_duzeltme_parti_1,cografya,1,2,"[""Yüksek bulut oluşumuyla"",""Kar erimesiyle"",""Yer yüzeyine yakın yoğuşmayla"",""Rüzgârın durmasıyla""]","[""Yüksek irtifada su donmasıyla"",""Rüzgârın tozu havaya kaldırmasıyla"",""Yer yüzeyine yakın yoğuşmayla"",""Kar örtüsünün hızla erimesiyle""]","[""By the formation of high cloud"",""By melting snow"",""By condensation close to the ground"",""By the wind dropping""]","[""By water freezing at high altitude"",""By the wind lifting dust into the air"",""By condensation close to the ground"",""By snow cover melting quickly""]",0.890,0.700,duzeltildi
3f16e761-1d25-4f20-a0c5-c30df20ce051,1,20260612000420_sik_ipucu_duzeltme_parti_1,edebiyat,1,1,"[""Yardımcı fikir"",""Metnin verdiği temel mesaj"",""Başlık"",""Yazarın adı""]","[""Metnin ele aldığı genel konu"",""Metnin verdiği temel mesaj"",""Ana fikri destekleyen yan fikir"",""Olayların geçtiği yer ve zaman""]","[""A supporting point"",""The central message of the text"",""The title"",""The author's name""]","[""The general topic the text deals with"",""The central message of the text"",""A side idea supporting the main one"",""The place and time of the events""]",0.830,0.530,duzeltildi
1a7da5c1-4d20-42f0-a1e4-69d7f4593337,1,20260612000420_sik_ipucu_duzeltme_parti_1,genel_kultur,1,2,"[""Farkların yok sayılmasını"",""Tek cinsiyete öncelik"",""Fırsat ve haklara eşit erişimi"",""Yasal ayrım""]","[""Farklı kültürlerin bir arada yaşamasını"",""Engelli bireylerin topluma tam katılımını"",""Fırsat ve haklara eşit erişimi"",""Kuşaklar arasında dayanışma ve saygıyı""]","[""Denying differences"",""Priority for one gender"",""Equal access to opportunities and rights"",""Legal segregation""]","[""Different cultures living side by side"",""Full inclusion of disabled people in society"",""Equal access to opportunities and rights"",""Solidarity and respect between generations""]",0.950,0.440,duzeltildi
fa1d2f54-20a4-4887-aabf-7e2683bff61e,1,20260612000420_sik_ipucu_duzeltme_parti_1,muzik,1,1,"[""James Brown"",""Michael Jackson"",""Prince"",""Justin Timberlake""]",,"[""James Brown"",""Michael Jackson"",""Prince"",""Justin Timberlake""]",,0.820,0.900,isaretli_kaldi
3a2c3be4-3f9f-43e4-bda6-434c507cbd88,1,20260612000420_sik_ipucu_duzeltme_parti_1,sanat,1,2,"[""Ürün tanıtmak"",""Soyut biçim üretmek"",""Gerçeği tanıklıkla aktarmak"",""Moda göstermek""]","[""Ürünü satışa hazırlamak"",""Kişiliği yüzde yakalamak"",""Gerçeği tanıklıkla aktarmak"",""Anı sanatsal kurgulamak""]","[""Promoting a product"",""Producing abstract form"",""Bearing witness to reality"",""Showing fashion""]","[""Preparing a product for sale"",""Capturing personality in a face"",""Bearing witness to reality"",""Artistically staging a moment""]",0.850,0.730,duzeltildi
ff20d13c-6f4d-4932-b013-d3529f201203,1,20260612000420_sik_ipucu_duzeltme_parti_1,sinema,1,2,"[""Dublajın yazılı olması"",""İkisinin aynı olması"",""Altyazının özgün sesi koruması"",""Altyazının sesli olması""]",,"[""Dubbing is written"",""They are the same"",""Subtitling keeps the original voices"",""Subtitling is spoken""]",,0.920,0.980,isaretli_kaldi
d8b64604-d506-4c38-99cb-ac945db3624a,1,20260612000420_sik_ipucu_duzeltme_parti_1,spor,1,2,"[""Daha ucuz"",""Daha kolay"",""Daha hızlı, daha yüksek, daha güçlü"",""Daha uzun""]","[""Daha uzağa, daha derine, daha öteye"",""Daha adil, daha özgür, daha eşit"",""Daha hızlı, daha yüksek, daha güçlü"",""Daha çevik, daha sabırlı, daha cesur""]","[""Cheaper"",""Easier"",""Faster, higher, stronger"",""Longer""]","[""Further, deeper, beyond"",""Fairer, freer, more equal"",""Faster, higher, stronger"",""Nimbler, more patient, braver""]",0.950,0.770,duzeltildi
809f95b4-f693-4e17-90de-e7b93f18c9ce,1,20260612000420_sik_ipucu_duzeltme_parti_1,tarih,1,3,"[""Savaş"",""Deprem"",""Sel"",""Vezüv Yanardağı patlaması""]","[""Etna Yanardağı patlaması"",""Santorini Yanardağı patlaması"",""Stromboli Yanardağı patlaması"",""Vezüv Yanardağı patlaması""]","[""A war"",""An earthquake"",""A flood"",""The eruption of Vesuvius""]","[""The eruption of Etna"",""The eruption of Santorini"",""The eruption of Stromboli"",""The eruption of Vesuvius""]",0.820,0.650,duzeltildi
142e7b46-be82-4a14-9c2f-5af0062f4fd4,1,20260612000420_sik_ipucu_duzeltme_parti_1,teknoloji,1,0,"[""Yetkisiz erişimi engeller"",""Ağın menzilini artırır"",""Bağlantı hızını artırır"",""Cihaz pil ömrünü uzatır""]","[""Yetkisiz erişimi engeller"",""Kötü amaçlı siteleri engeller"",""Virüslü dosyaları engeller"",""İstenmeyen reklamları engeller""]","[""It blocks unauthorised access"",""It increases the range"",""It increases the speed"",""It extends battery life""]","[""It blocks unauthorised access"",""It blocks malicious websites"",""It blocks infected files"",""It blocks unwanted adverts""]",0.830,0.500,duzeltildi
b07248f4-50c8-4593-a799-1a0378fdb892,1,20260612000420_sik_ipucu_duzeltme_parti_1,bilim,1,1,"[""Yerine oturtmaya çalışmak"",""Bölgeyi hareketsiz tutmak"",""Masaj yapmak"",""Sıcak uygulamak""]","[""Kemiği yerine oturtmak"",""Bölgeyi hareketsiz tutmak"",""Bölgeye masaj yapmak"",""Bölgeyi sıcakla ısıtmak""]","[""Try to set it back"",""Keep the area still"",""Massage it"",""Apply heat""]","[""Set the bone back in place"",""Keep the area still"",""Massage the area"",""Warm the area with heat""]",0.940,0.800,duzeltildi
cf118e22-7e9c-4c83-a677-38d3adc357bd,1,20260612000420_sik_ipucu_duzeltme_parti_1,cografya,1,3,"[""Harkov"",""Odessa"",""Lviv"",""Kiev""]","[""Minsk"",""Kişinev"",""Riga"",""Kiev""]","[""Kharkiv"",""Odesa"",""Lviv"",""Kyiv""]","[""Minsk"",""Chișinău"",""Riga"",""Kyiv""]",0.880,0.280,duzeltildi
41bc1d11-8b66-46ba-a68f-dcaf015e970b,1,20260612000420_sik_ipucu_duzeltme_parti_1,edebiyat,1,0,"[""Yazarın vermek istediği temel ileti"",""Yardımcı örnek"",""Başlık"",""Kaynakça""]","[""Yazarın vermek istediği temel ileti"",""Metnin ele aldığı genel konu"",""Ana fikri destekleyen yan düşünce"",""Olayların geçtiği yer ve zaman""]","[""The central message the author wants to convey"",""A supporting example"",""The title"",""The bibliography""]","[""The central message the author wants to convey"",""The general topic the text deals with"",""A side idea supporting the main one"",""The place and time of the events""]",0.890,0.420,duzeltildi
a83f6ac3-472d-402b-8132-6d1a5808996b,1,20260612000420_sik_ipucu_duzeltme_parti_1,genel_kultur,1,0,"[""Akımı kesmek"",""Dokunmak"",""Su dökmek"",""Beklemek""]","[""Akımı kesmek"",""Kişiyi yan yatırmak"",""Kalp masajı yapmak"",""Yanığı soğutmak""]","[""Cut off the current"",""Touch the person"",""Pour water"",""Wait""]","[""Cut off the current"",""Put the person in the recovery position"",""Start chest compressions"",""Cool the burn""]",0.900,0.720,duzeltildi
ec506348-fb06-483c-acc2-480fcb66e9fa,1,20260612000420_sik_ipucu_duzeltme_parti_1,muzik,1,2,"[""Lionel Richie"",""Stevie Wonder"",""Michael Jackson"",""Prince""]","[""Elvis Presley"",""George Michael"",""Michael Jackson"",""Lionel Richie""]","[""Lionel Richie"",""Stevie Wonder"",""Michael Jackson"",""Prince""]","[""Elvis Presley"",""George Michael"",""Michael Jackson"",""Lionel Richie""]",0.910,0.800,duzeltildi
70e62f88-1419-402b-9c5e-71ef7a67164f,1,20260612000420_sik_ipucu_duzeltme_parti_1,sanat,1,0,"[""Küçük renkli taş ve cam parçaları"",""Yağlı boya"",""İpek iplik"",""Alçı kalıp""]","[""Küçük renkli taş ve cam parçaları"",""Islak sıva üzerine sürülen su bazlı boyalar"",""Renkli ipek ve yün ipliklerden dokuma"",""Kurşun çıtalarla birleştirilmiş renkli camlar""]","[""Small coloured pieces of stone and glass"",""Oil paint"",""Silk thread"",""A plaster mould""]","[""Small coloured pieces of stone and glass"",""Water-based paint on wet plaster"",""Woven silk and wool threads"",""Coloured glass joined with lead strips""]",0.900,0.440,duzeltildi
7fb8d170-7df8-4868-b7b1-5d9546b8d079,1,20260612000420_sik_ipucu_duzeltme_parti_1,sinema,2,1,"[""Yapımcı"",""Baş karakterin karşısındaki güç"",""Yönetmen"",""Kurgucu""]","[""Baş karakterin yanındaki dost"",""Baş karakterin karşısındaki güç"",""Hikâyeyi anlatan dış ses"",""Filmin ana olay örgüsü""]","[""The producer"",""The force opposing the main character"",""The director"",""The editor""]","[""The ally at the main character's side"",""The force opposing the main character"",""The voice narrating the story"",""The film's main plot""]",0.820,0.530,duzeltildi
0adf570d-06a9-4e87-806a-e333cff71276,1,20260612000420_sik_ipucu_duzeltme_parti_1,spor,1,3,"[""Hızlıca kilo almak"",""Koşu hızını düşürmek"",""Kasları hızla yormak"",""Sakatlanmayı azaltmak""]","[""Kas kütlesini artırmak"",""Dayanıklılığı artırmak"",""Yağ yakımını hızlandırmak"",""Sakatlanmayı azaltmak""]","[""Gaining weight"",""Losing speed"",""Getting tired"",""Reducing injury""]","[""Increasing muscle mass"",""Building endurance"",""Speeding up fat burning"",""Reducing injury""]",0.940,0.430,duzeltildi
3cd43862-148d-47de-83e2-767dd53219ef,1,20260612000420_sik_ipucu_duzeltme_parti_1,tarih,1,1,"[""Nüfusun azalması"",""Yeni ticaret yollarının açılması"",""Bilimin durması"",""Feodalitenin güçlenmesi""]","[""Haçlı Seferlerinin başlaması"",""Yeni ticaret yollarının açılması"",""İpek Yolu'nun önem kazanması"",""Feodalitenin güçlenmesi""]","[""A fall in population"",""The opening of new trade routes"",""A halt in science"",""The strengthening of feudalism""]","[""The start of the Crusades"",""The opening of new trade routes"",""The Silk Road gaining importance"",""The strengthening of feudalism""]",0.890,0.690,duzeltildi
3a1e320c-a284-4f9c-bf4d-cd601db255de,1,20260612000420_sik_ipucu_duzeltme_parti_1,teknoloji,1,1,"[""Veriyi gizlemek"",""Veriyi anlaşılır biçimde sunmak"",""Veriyi sıkıştırmak"",""Veriyi silmek""]","[""Veriyi güvenli biçimde saklamak"",""Veriyi anlaşılır biçimde sunmak"",""Veriyi yetkisiz kişilerden gizlemek"",""Veriyi daha az yer kaplatmak""]","[""Hiding data"",""Presenting data so it can be understood"",""Compressing data"",""Deleting data""]","[""Storing data securely"",""Presenting data so it can be understood"",""Hiding data from unauthorised people"",""Making data take up less space""]",0.940,0.430,duzeltildi
c3775c53-9102-4627-8e2b-0cc706bb0211,1,20260612000420_sik_ipucu_duzeltme_parti_1,bilim,1,0,"[""Dünya, Güneş ile Ay arasına girince"",""Güneş battığında"",""Bulutlar kapatınca"",""Ay söndüğünde""]","[""Dünya, Güneş ile Ay arasına girince"",""Ay, Güneş ile Dünya arasına girince"",""Güneş, Dünya ile Ay arasına girince"",""Ay, Dünya'nın gölgesinden çıkınca""]","[""When the Earth comes between the Sun and the Moon"",""When the sun sets"",""When clouds cover it"",""When the Moon goes out""]","[""When the Earth comes between the Sun and the Moon"",""When the Moon comes between the Sun and the Earth"",""When the Sun comes between the Earth and the Moon"",""When the Moon leaves the Earth's shadow""]",0.930,0.440,duzeltildi
d679098a-b9ef-43e4-8529-23b9c4bd9bf4,1,20260612000420_sik_ipucu_duzeltme_parti_1,cografya,1,0,"[""Su varlığı"",""Rüzgâr"",""Kum"",""Sıcaklık""]","[""Su varlığı"",""Maden yatakları"",""Serin iklim"",""Kum tepeleri""]","[""The presence of water"",""The wind"",""The sand"",""The heat""]","[""The presence of water"",""Mineral deposits"",""A cool climate"",""Sand dunes""]",0.890,0.710,duzeltildi
e814a9b4-c2db-4aa2-961b-b0cf226d61c0,1,20260612000420_sik_ipucu_duzeltme_parti_1,edebiyat,1,0,"[""İngiltere"",""İrlanda"",""İskoçya"",""Galler""]","[""İngiltere"",""İrlanda"",""Fransa"",""İtalya""]","[""England"",""Ireland"",""Scotland"",""Wales""]","[""England"",""Ireland"",""France"",""Italy""]",0.810,0.470,duzeltildi
2fe581b2-97b4-46cc-8040-84f83fe58de1,1,20260612000420_sik_ipucu_duzeltme_parti_1,genel_kultur,1,0,"[""Farklı kültürlerin bir arada yaşamasını"",""Tek kültür dayatmasını"",""Göçün yasaklanmasını"",""Dil birliğini""]","[""Farklı kültürlerin bir arada yaşamasını"",""Kültürel mirasın kuşaklara aktarılmasını"",""Kadın ve erkeğin eşit haklara sahip olmasını"",""Herkesin eğitime eşit erişmesini""]","[""Different cultures living together"",""Imposing a single culture"",""Banning migration"",""Linguistic uniformity""]","[""Different cultures living together"",""Passing cultural heritage down the generations"",""Women and men having equal rights"",""Everyone having equal access to education""]",0.970,0.350,duzeltildi
4a582735-c0d8-4edb-bbf7-daeb957b4204,1,20260612000420_sik_ipucu_duzeltme_parti_1,muzik,1,2,"[""Sahne"",""Ritim aleti"",""Sesin yazıya dökülmüş hali"",""Şarkı sözü""]","[""Şarkı sözlerinin yazılı hali"",""Ritmin hızını gösteren işaret"",""Sesin yazıya dökülmüş hali"",""Sessizliği gösteren yazı işareti""]","[""A stage"",""A percussion instrument"",""A sound written down"",""Song lyrics""]","[""The written form of the lyrics"",""A mark showing the tempo"",""A sound written down"",""A written sign showing silence""]",0.850,0.270,duzeltildi
766663e8-92f8-40f4-9ede-36a16d189dc5,1,20260612000420_sik_ipucu_duzeltme_parti_1,sanat,1,1,"[""Ses düzenine"",""Karakteri görsel olarak anlatmak"",""Sahne süresine"",""Bilet fiyatına""]","[""Sahne ışığını dengeli ayarlamak"",""Karakteri görsel olarak anlatmak"",""Oyuncu kadrosunu belirlemek"",""Seyirci sayısını artırmak""]","[""The sound design"",""Expressing the character visually"",""The running time"",""The ticket price""]","[""Balancing the stage lighting"",""Expressing the character visually"",""Choosing the cast"",""Increasing the audience""]",0.830,0.800,duzeltildi
265f066d-b881-4246-ad1e-6b480b08718b,1,20260612000420_sik_ipucu_duzeltme_parti_1,sinema,2,0,"[""Kahramanlık veya karşıtlık"",""Yalnız belge"",""Yalnız mizah"",""Yalnız romantizm""]","[""Kahramanlık veya karşıtlık"",""Bilimsel buluş ve keşif"",""Sporda rekabet ve başarı"",""Modada estetik ve zarafet""]","[""Heroism or opposition to war"",""Documentary only"",""Humour only"",""Romance only""]","[""Heroism or opposition to war"",""Scientific discovery and invention"",""Sporting rivalry and success"",""Elegance and style in fashion""]",0.890,0.520,duzeltildi
21426d58-cdce-427f-a7e8-3bb0ccc474d5,1,20260612000420_sik_ipucu_duzeltme_parti_1,spor,1,1,"[""En çok gol atana"",""Sportmenlik davranışına"",""En hızlı koşana"",""En çok maç yapana""]","[""Sezonun en iyi performansına"",""Sportmenlik davranışına"",""Kariyer boyu başarıya"",""Yılın en güzel golüne""]","[""The top scorer"",""Sportsmanlike conduct"",""The fastest runner"",""The most appearances""]","[""The best performance of the season"",""Sportsmanlike conduct"",""Lifetime achievement"",""The goal of the year""]",0.830,0.440,duzeltildi
c082bad0-33f8-48fa-ba4d-888094a8b158,1,20260612000420_sik_ipucu_duzeltme_parti_1,tarih,1,1,"[""1912"",""1914"",""1916"",""1918""]","[""1939"",""1914"",""1918"",""1923""]","[""1912"",""1914"",""1916"",""1918""]","[""1939"",""1914"",""1918"",""1923""]",0.850,0.130,duzeltildi
d62cb875-384e-4df9-b392-49acf9ac5265,1,20260612000420_sik_ipucu_duzeltme_parti_1,teknoloji,2,1,"[""Rengini"",""Hangi verilere erişebileceğini"",""Boyutunu"",""Fiyatını""]","[""Hangi dillerde çalışabileceğini"",""Hangi verilere erişebileceğini"",""Hangi sürüme güncelleneceğini"",""Hangi cihazlara yüklenebileceğini""]","[""Its colour"",""Which data it can reach"",""Its size"",""Its price""]","[""Which languages it can run in"",""Which data it can reach"",""Which version it updates to"",""Which devices it can be installed on""]",0.910,0.690,duzeltildi
65a03d3c-7143-49f1-a177-d4c29a52b4d3,1,20260612000420_sik_ipucu_duzeltme_parti_1,bilim,1,1,"[""Görmeyi"",""Denge ve koordinasyonu"",""Sindirimi"",""Solunumu""]","[""Görme ve işitmeyi"",""Denge ve koordinasyonu"",""Sindirim ve boşaltımı"",""Solunum ve dolaşımı""]","[""Vision"",""Balance and coordination"",""Digestion"",""Breathing""]","[""Vision and hearing"",""Balance and coordination"",""Digestion and excretion"",""Breathing and circulation""]",0.840,0.590,duzeltildi
7c72e21e-df5a-4ef4-975b-62facbf04a83,1,20260612000420_sik_ipucu_duzeltme_parti_1,cografya,1,0,"[""Geoid"",""Tam küre"",""Koni"",""Silindir""]",,"[""A geoid"",""A perfect sphere"",""A cone"",""A cylinder""]",,0.900,0.950,isaretli_kaldi
744ceae2-7e3f-45cf-ab2e-ecff3ae952a5,1,20260612000420_sik_ipucu_duzeltme_parti_1,edebiyat,1,2,"[""İkisi aynıdır"",""Deyim öğüt verir"",""Atasözü yargı bildirir"",""Deyim uzundur""]","[""Deyim kalıplaşmamıştır"",""İkisi de kalıplaşmıştır"",""Atasözü yargı bildirir"",""Atasözü anonim değildir""]","[""They are the same"",""The idiom gives advice"",""The proverb states a judgement"",""The idiom is longer""]","[""The idiom is not a fixed phrase"",""Both are fixed phrases"",""The proverb states a judgement"",""The proverb is not anonymous""]",0.960,0.740,duzeltildi
5e3b4cba-7323-443e-aed6-913f0a872077,1,20260612000420_sik_ipucu_duzeltme_parti_1,genel_kultur,1,3,"[""Çok şeker"",""Çok tuz"",""Az su"",""Uygun saklama ve pişirme""]","[""Bol su ve lif tüketimi"",""Vitamin ve mineral takviyesi"",""Düzenli egzersiz ve uyku"",""Uygun saklama ve pişirme""]","[""Plenty of sugar"",""Plenty of salt"",""Little water"",""Proper storage and cooking""]","[""Plenty of water and fibre"",""Vitamin and mineral supplements"",""Regular exercise and sleep"",""Proper storage and cooking""]",0.970,0.690,duzeltildi
1aa8d792-3184-45af-addf-f21f2a2cc994,1,20260612000420_sik_ipucu_duzeltme_parti_1,muzik,1,2,"[""Arjantin"",""Kolombiya"",""Brezilya"",""Peru""]","[""Küba"",""Arjantin"",""Brezilya"",""Meksika""]","[""Argentina"",""Colombia"",""Brazil"",""Peru""]","[""Cuba"",""Argentina"",""Brazil"",""Mexico""]",0.850,0.700,duzeltildi
89e1b3aa-2d2a-402d-9e18-735e183874af,1,20260612000420_sik_ipucu_duzeltme_parti_1,sanat,1,2,"[""Tek kare"",""Işık patlaması"",""Ardışık karelerin hızlı gösterimi"",""Ses efekti""]","[""Uzun pozlamayla ışık izi çizilmesi"",""Tek karede çoklu pozlama yapılması"",""Ardışık karelerin hızlı gösterimi"",""Kameranın sahne boyunca kaydırılması""]","[""With a single frame"",""With a flash of light"",""By showing successive frames quickly"",""With a sound effect""]","[""By tracing light with a long exposure"",""By multiple exposures on one frame"",""By showing successive frames quickly"",""By panning the camera across the scene""]",0.940,0.620,duzeltildi
9ddadf09-7659-4ff4-a01c-c7d9ef414e03,1,20260612000420_sik_ipucu_duzeltme_parti_1,sinema,2,0,"[""Ortak evrende süren yapımlar bütünü"",""Tek film"",""Kısa film"",""Belgesel dizisi""]","[""Ortak evrende süren yapımlar bütünü"",""Tek bir yönetmenin çektiği filmler"",""Aynı yıl vizyona giren filmlerin hepsi"",""Bir stüdyonun yıllık yapım kataloğu""]","[""A body of productions continuing in a shared universe"",""A single film"",""A short film"",""A documentary series""]","[""A body of productions continuing in a shared universe"",""All films made by a single director"",""All films released in the same year"",""A studio's yearly production catalogue""]",0.900,0.750,duzeltildi
6009d67e-06de-4198-acd5-13c68fb316c5,1,20260612000420_sik_ipucu_duzeltme_parti_1,spor,1,0,"[""Resmi koşullarda ölçülürse"",""Antrenmanda olursa"",""Seyirci varsa"",""Takım isterse""]",,"[""If it is measured under official conditions"",""If it happens in training"",""If there are spectators"",""If the team asks""]",,0.950,0.890,isaretli_kaldi
56e1e98f-6a4a-49bf-8dad-902693a9e7c3,1,20260612000420_sik_ipucu_duzeltme_parti_1,tarih,1,0,"[""1945"",""1944"",""1943"",""1946""]","[""1945"",""1918"",""1939"",""1923""]","[""1945"",""1944"",""1943"",""1946""]","[""1945"",""1918"",""1939"",""1923""]",0.850,0.260,duzeltildi
ac705c5c-f598-4e35-8746-0419f118f163,1,20260612000420_sik_ipucu_duzeltme_parti_1,teknoloji,2,1,"[""Dosya sıkıştırır"",""Kullanıcı bilgisini gizlice toplar"",""Pil şarj eder"",""Ağ hızlandırır""]","[""Dosyaları şifreleyip fidye ister"",""Kullanıcı bilgisini gizlice toplar"",""Kendini ağda hızla çoğaltır"",""Ekranda sürekli reklam gösterir""]","[""Compresses files"",""Secretly collects the user's information"",""Charges the battery"",""Speeds up the network""]","[""Encrypts files and demands a ransom"",""Secretly collects the user's information"",""Rapidly copies itself across a network"",""Constantly shows adverts on screen""]",0.820,0.080,duzeltildi
760b269a-84db-4d25-ae62-b2ed9920b3a7,1,20260612000420_sik_ipucu_duzeltme_parti_1,bilim,1,1,"[""Denizin yansıması"",""Işığın saçılması"",""Ozon rengi"",""Bulut yoğunluğu""]","[""Işığın kırılması"",""Işığın saçılması"",""Işığın soğurulması"",""Denizin yansıması""]","[""The reflection of the sea"",""The scattering of light"",""The colour of ozone"",""Cloud density""]","[""The refraction of light"",""The scattering of light"",""The absorption of light"",""The reflection of the sea""]",0.930,0.310,duzeltildi
ee8d7825-e19f-42ae-b37e-e7913cc14151,1,20260612000420_sik_ipucu_duzeltme_parti_1,cografya,1,1,"[""Dağ tepesinde olması"",""Lagün üzerine kurulmuş olması"",""Çölde olması"",""Buzul üstünde olması""]","[""Delta üzerine kurulmuş olması"",""Lagün üzerine kurulmuş olması"",""Volkan üzerine kurulmuş olması"",""Fiyort kıyısına kurulmuş olması""]","[""Being on a mountain top"",""Being built on a lagoon"",""Being in a desert"",""Being on a glacier""]","[""Being built on a delta"",""Being built on a lagoon"",""Being built on a volcano"",""Being built on a fjord""]",0.840,0.700,duzeltildi
0d596711-117c-4741-8021-7803aa0379a0,1,20260612000420_sik_ipucu_duzeltme_parti_1,edebiyat,1,2,"[""İkna etmeyi"",""Duygulandırmayı"",""Bilgi vermeyi"",""Güldürmeyi""]","[""Karşıt görüşü çürütmeyi"",""Zihinde resim çizmeyi"",""Bilgi vermeyi"",""Olay aktarmayı""]","[""Persuade"",""Move emotionally"",""Inform"",""Amuse""]","[""Refute an opposing view"",""Paint a picture in the mind"",""Inform"",""Relate events""]",0.890,0.300,duzeltildi
0b633087-bb45-46a3-81ec-452c6bf1113b,1,20260612000420_sik_ipucu_duzeltme_parti_1,genel_kultur,1,1,"[""Dinin tamamen yasaklanması"",""Din ve devlet işlerinin ayrılığı"",""Tek partili yönetim biçimi"",""Her konuda halk oylaması""]","[""Din ve eğitim işlerinin birliği"",""Din ve devlet işlerinin ayrılığı"",""Devlet ve ordu işlerinin ayrılığı"",""Din ve devlet işlerinin birliği""]","[""Banning religion"",""The separation of religion and state affairs"",""One-party rule"",""A referendum""]","[""The unity of religion and education"",""The separation of religion and state affairs"",""The separation of state and military affairs"",""The unity of religion and state affairs""]",0.980,0.720,duzeltildi
035a7aed-083f-4316-92c0-1b787a800c4e,1,20260612000420_sik_ipucu_duzeltme_parti_1,muzik,2,0,"[""Bütünlük ve yorum birliğini"",""Konser bilet satışlarını"",""Sahne ışık düzenini"",""Nota basım işlerini""]","[""Bütünlük ve yorum birliğini"",""Nota ve eser yazımını"",""Bilet ve program satışını"",""Enstrüman bakım ve onarımını""]","[""Cohesion and unity of interpretation"",""Ticket sales"",""Stage lighting"",""Printing of scores""]","[""Cohesion and unity of interpretation"",""Writing the scores and works"",""Selling tickets and programmes"",""Maintaining and repairing instruments""]",0.890,0.670,duzeltildi
449f9f78-b915-44f2-a1c2-db8ee18677b9,1,20260612000420_sik_ipucu_duzeltme_parti_1,sanat,1,3,"[""Aşırı süslemeyi"",""Renk bolluğunu"",""Karmaşayı"",""Sadeliği""]","[""Süslemeyi"",""Çokluğu"",""Gerçekçiliği"",""Sadeliği""]","[""Lavish ornament"",""An abundance of colour"",""Complexity"",""Simplicity""]","[""Ornament"",""Abundance"",""Realism"",""Simplicity""]",0.970,0.700,duzeltildi
0a21f6f8-489a-43f1-8735-e174a7b7d597,1,20260612000420_sik_ipucu_duzeltme_parti_1,sinema,2,3,"[""Yüksek ses tonu kullanımıyla"",""Renk düzenlemesi yoluyla"",""Hızlı kurgu tekniği ile"",""Beklenen ile olan karşıtlığıyla""]","[""Görüntü ile sesin uyumuyla"",""Sahneler arası hızlı geçişle"",""Oyuncunun abartılı mimikleriyle"",""Beklenen ile olan karşıtlığıyla""]","[""Through loudness"",""Through colour"",""Through fast editing"",""Through the contrast between what is expected and what happens""]","[""Through harmony between image and sound"",""Through fast cuts between scenes"",""Through an actor's exaggerated expressions"",""Through the contrast between what is expected and what happens""]",0.870,0.590,duzeltildi
5c98b21b-93fb-4a2f-950d-e87d31834e9c,1,20260612000420_sik_ipucu_duzeltme_parti_1,spor,1,2,"[""UEFA"",""IOC"",""FIFA"",""CAF""]",,"[""UEFA"",""The IOC"",""FIFA"",""CAF""]",,0.860,0.860,isaretli_kaldi
69b614d9-6bee-4720-9c5d-59fe953630a4,1,20260612000420_sik_ipucu_duzeltme_parti_1,tarih,1,2,"[""İngiltere ve SSCB"",""ABD ve Çin"",""ABD ve SSCB"",""Almanya ve ABD""]",,"[""Britain and the USSR"",""The USA and China"",""The USA and the USSR"",""Germany and the USA""]",,0.980,0.960,isaretli_kaldi
6bb0d0af-2334-4874-bfa5-513add6a8579,1,20260612000420_sik_ipucu_duzeltme_parti_1,teknoloji,2,0,"[""Çalışan işlemleri ve kaynak kullanımını"",""Ağ şifresini"",""Ekran çözünürlüğünü"",""Dosya listesini""]","[""Çalışan işlemleri ve kaynak kullanımını"",""Yüklü programları ve lisans durumunu"",""Ağ bağlantılarını ve şifreleri"",""Takvimi ve yapılacaklar listesini""]","[""Running processes and resource use"",""The network password"",""The screen resolution"",""A file list""]","[""Running processes and resource use"",""Installed programs and licence status"",""Network connections and passwords"",""The calendar and to-do list""]",0.860,0.730,duzeltildi
01b2e965-5dbe-4fe0-b685-26e7ff60804a,1,20260612000420_sik_ipucu_duzeltme_parti_1,bilim,1,2,"[""Asidik"",""Bazik"",""Nötr"",""Doymuş""]","[""Asidik"",""Bazik"",""Nötr"",""Amfoter""]","[""Acidic"",""Basic"",""Neutral"",""Saturated""]","[""Acidic"",""Basic"",""Neutral"",""Amphoteric""]",0.810,0.410,duzeltildi
32b4b9f2-787f-422d-94a7-fd9bf7519d6f,1,20260612000420_sik_ipucu_duzeltme_parti_1,cografya,1,1,"[""Chiang Mai"",""Bangkok"",""Phuket"",""Pattaya""]","[""Hanoi"",""Bangkok"",""Manila"",""Jakarta""]","[""Chiang Mai"",""Bangkok"",""Phuket"",""Pattaya""]","[""Hanoi"",""Bangkok"",""Manila"",""Jakarta""]",0.860,0.370,duzeltildi
21c10ce5-57f8-45fa-b76e-e38210ea22ba,1,20260612000420_sik_ipucu_duzeltme_parti_1,edebiyat,1,3,"[""Uzunluğu"",""Sözcük sayısını"",""Yazı tipini"",""Düşüncelerin çelişmemesini""]","[""Gereksiz sözcük olmamasını"",""Kolayca anlaşılmasını"",""Rahat okunmasını"",""Düşüncelerin çelişmemesini""]","[""Its length"",""The number of words"",""The typeface"",""That the ideas do not contradict each other""]","[""Having no unnecessary words"",""Being easy to understand"",""Reading smoothly"",""That the ideas do not contradict each other""]",0.860,0.340,duzeltildi
0e8e7e43-8cdd-4510-8234-0e7b96f189b8,1,20260612000420_sik_ipucu_duzeltme_parti_1,genel_kultur,1,2,"[""Argo ve teklifsiz"",""Şakacı ve esprili"",""Resmî ve nesnel"",""Şiirsel ve imgeli""]",,"[""Slang"",""Jokey"",""Formal and objective"",""Poetic""]",,0.930,0.950,isaretli_kaldi
65ccdb32-acbc-4a96-9185-303790d7c9d2,1,20260612000420_sik_ipucu_duzeltme_parti_1,muzik,2,2,"[""Işığı artırmak"",""Koltuk artırmak"",""Sesin dengeli yayılmasını sağlamak"",""Isıyı ayarlamak""]","[""Seyircinin sahneyi rahat görmesini sağlamak"",""Acil durumda hızlı tahliyeyi sağlamak"",""Sesin dengeli yayılmasını sağlamak"",""Salonun ısısını dengede tutmak""]","[""Increasing the light"",""Adding seats"",""Making the sound spread evenly"",""Regulating the temperature""]","[""Ensuring everyone can see the stage"",""Ensuring quick evacuation in emergencies"",""Making the sound spread evenly"",""Keeping the hall temperature steady""]",0.950,0.240,duzeltildi
fa75cef6-4230-4f3a-9ae2-4fda98ae15f2,1,20260612000420_sik_ipucu_duzeltme_parti_1,sanat,1,1,"[""Çok renk zorunluluğu"",""Akılda kalıcılık ve sadelik"",""Uzun metin"",""Karmaşıklık""]","[""Ayrıntı zenginliği ve derinlik"",""Akılda kalıcılık ve sadelik"",""Gerçekçilik ve doğallık"",""Hareketlilik ve dinamizm""]","[""A requirement for many colours"",""Memorability and simplicity"",""Long text"",""Complexity""]","[""Rich detail and depth"",""Memorability and simplicity"",""Realism and naturalness"",""Movement and dynamism""]",0.930,0.780,duzeltildi
96460747-8a7f-4028-b90d-465b1667f3cc,1,20260612000420_sik_ipucu_duzeltme_parti_1,sinema,2,1,"[""Renk artırımıyla"",""İki görüntünün gözlere ayrı verilmesiyle"",""Ses yükseltimiyle"",""Kare hızıyla""]","[""Kare hızının iki katına çıkarılmasıyla"",""İki görüntünün gözlere ayrı verilmesiyle"",""İki hoparlörün sesi kulaklara ayrı vermesiyle"",""Perdenin görüş alanını kaplamasıyla""]","[""By boosting colour"",""By feeding two images separately to the eyes"",""By raising the volume"",""By the frame rate""]","[""By doubling the frame rate"",""By feeding two images separately to the eyes"",""By two speakers feeding sound to each ear"",""By the screen filling the field of view""]",0.910,0.790,duzeltildi
ce865cc5-ce9f-48bb-862a-5b2556a7095c,1,20260612000420_sik_ipucu_duzeltme_parti_1,spor,1,2,"[""Hakemin düdüğüyle"",""Kalecinin düşmesiyle"",""Topun çizgiyi tamamen geçmesiyle"",""Topun direğe çarpmasıyla""]",,"[""By the referee's whistle"",""By the goalkeeper falling"",""By the ball wholly crossing the line"",""By the ball hitting the post""]",,0.980,0.960,isaretli_kaldi
052f6554-51d4-48aa-a497-616933814e1c,1,20260612000420_sik_ipucu_duzeltme_parti_1,tarih,2,0,"[""1945"",""1944"",""1946"",""1943""]","[""1945"",""1939"",""1918"",""1941""]","[""1945"",""1944"",""1946"",""1943""]","[""1945"",""1939"",""1918"",""1941""]",0.840,0.480,duzeltildi
48e6bdc4-e185-4e59-92aa-4eee739c0f91,1,20260612000420_sik_ipucu_duzeltme_parti_1,teknoloji,2,0,"[""İnternette bıraktığımız veri izi"",""Pil ömrü"",""Ayakkabı numarası"",""Ekran boyutu""]","[""İnternette bıraktığımız veri izi"",""Çevrim içi geçirdiğimiz toplam süre"",""Cihazımızın ağdaki adresi"",""Sosyal medyadaki takipçi sayımız""]","[""The trail of data we leave online"",""Battery life"",""Shoe size"",""Screen size""]","[""The trail of data we leave online"",""The total time we spend online"",""Our device's address on the network"",""Our follower count on social media""]",0.880,0.680,duzeltildi
6c72f4ec-7106-4c2d-90a4-af4fb937b828,1,20260612000420_sik_ipucu_duzeltme_parti_1,bilim,1,3,"[""110"",""120"",""90"",""100""]","[""4"",""0"",""37"",""100""]","[""110"",""120"",""90"",""100""]","[""4"",""0"",""37"",""100""]",0.910,0.430,duzeltildi
440af05f-09ac-4838-9691-2ae72561a12b,1,20260612000420_sik_ipucu_duzeltme_parti_1,cografya,1,3,"[""Yağış azalması"",""Deniz alçalması"",""Kuraklık artışı"",""Deniz yükselmesi""]","[""Deniz tuzlanması"",""Deniz çekilmesi"",""Akıntı hızlanması"",""Deniz yükselmesi""]","[""Less rainfall"",""Falling sea level"",""More drought"",""Rising sea level""]","[""The sea becoming saltier"",""The sea retreating"",""Faster ocean currents"",""Rising sea level""]",0.850,0.630,duzeltildi
49aa11c4-9c6c-454c-b1a7-924773abe70a,1,20260612000420_sik_ipucu_duzeltme_parti_1,edebiyat,2,2,"[""Duygu aktarmak"",""Öykü anlatmak"",""Bir savı kanıtlarla savunmak"",""Sahne kurmak""]","[""Bir olayı sırayla anlatmak"",""Bir duyguyu imgelerle aktarmak"",""Bir savı kanıtlarla savunmak"",""Bir yeri ayrıntılarla betimlemek""]","[""Conveying emotion"",""Telling a story"",""Defending a claim with evidence"",""Setting a scene""]","[""Narrating an event in order"",""Conveying a feeling through images"",""Defending a claim with evidence"",""Describing a place in detail""]",0.880,0.390,duzeltildi
05719bd9-4fea-4aaa-b16f-bf255bf1a2f9,1,20260612000420_sik_ipucu_duzeltme_parti_1,genel_kultur,1,1,"[""Yönetmelik"",""Anayasa"",""Tüzük"",""Genelge""]","[""Kanun"",""Anayasa"",""Tüzük"",""Yönetmelik""]","[""A regulation"",""The constitution"",""A statute"",""A circular""]","[""A statute"",""The constitution"",""A bylaw"",""A regulation""]",0.830,0.780,duzeltildi
41d65ab3-223f-4bd0-920b-1e2dc36fe58c,1,20260612000420_sik_ipucu_duzeltme_parti_1,muzik,2,2,"[""Solo çalar"",""Bas çalar"",""Akor ve ritim eşliği verir"",""Davul çalar""]","[""Melodiyi ve soloları çalar"",""Bas hatlarını ve kökleri çalar"",""Akor ve ritim eşliği verir"",""Vurmalı efektleri üretir""]","[""Plays solos"",""Plays bass lines"",""Provides chordal and rhythmic accompaniment"",""Plays the drums""]","[""Plays the melody and solos"",""Plays the bass lines and roots"",""Provides chordal and rhythmic accompaniment"",""Produces percussive effects""]",0.840,0.530,duzeltildi
2867aae5-d440-40d2-ba74-225c855da281,1,20260612000420_sik_ipucu_duzeltme_parti_1,sanat,1,0,"[""Asimetride eşitliğin bozulması"",""Simetride renk olmaması"",""Asimetride boşluk olmaması"",""İkisinin aynı olması""]","[""Asimetride eşitliğin bozulması"",""Simetride eşitliğin bozulması"",""Asimetride rengin kullanılmaması"",""Simetride boşluğun bulunmaması""]","[""In asymmetry the balance of equality is broken"",""In symmetry there is no colour"",""In asymmetry there is no empty space"",""They are the same""]","[""In asymmetry the balance of equality is broken"",""In symmetry the balance of equality is broken"",""In asymmetry colour is not used"",""In symmetry there is no empty space""]",0.850,0.200,duzeltildi
74c24233-056b-49a9-a0bd-abbff2619bc2,1,20260612000420_sik_ipucu_duzeltme_parti_1,sinema,2,1,"[""Bilet satmak"",""Yapıtı çözümleyip değerlendirmek"",""Fragman yapmak"",""Afiş basmak""]","[""Yapıtı tanıtıp pazarlamak"",""Yapıtı çözümleyip değerlendirmek"",""Yapıtı kurgulayıp düzenlemek"",""Yapıtı çevirip altyazılamak""]","[""Selling tickets"",""Analysing and evaluating the work"",""Making trailers"",""Printing posters""]","[""Promoting and marketing the work"",""Analysing and evaluating the work"",""Editing and assembling the work"",""Translating and subtitling the work""]",0.950,0.730,duzeltildi
f2aabf0d-1eab-4ed4-abd1-8ec489d931c6,1,20260612000420_sik_ipucu_duzeltme_parti_1,spor,1,1,"[""Kask yalnızca"",""Emniyet ipi ve kemer"",""Eldiven yalnızca"",""Gözlük""]","[""Dizlik ve dirseklik"",""Emniyet ipi ve kemer"",""Tebeşir ve toz torbası"",""Eldiven ve bileklik""]","[""A helmet alone"",""A safety rope and harness"",""Gloves alone"",""Goggles""]","[""Knee and elbow pads"",""A safety rope and harness"",""Chalk and a chalk bag"",""Gloves and wristbands""]",0.960,0.510,duzeltildi
d25fdb90-adee-4cea-8487-20279a3f10f4,1,20260612000420_sik_ipucu_duzeltme_parti_1,tarih,2,0,"[""İkinci Dünya Savaşı"",""Birinci Dünya Savaşı"",""Kore Savaşı"",""Vietnam Savaşı""]","[""İkinci Dünya Savaşı"",""Birinci Dünya Savaşı"",""Kırım Savaşı"",""Körfez Savaşı""]","[""The Second World War"",""The First World War"",""The Korean War"",""The Vietnam War""]","[""The Second World War"",""The First World War"",""The Crimean War"",""The Gulf War""]",0.830,0.570,duzeltildi
c97538ff-e56c-4c19-90e3-4f7a51bfbf97,1,20260612000420_sik_ipucu_duzeltme_parti_1,teknoloji,2,1,"[""Yalnız reklam gösterir"",""Zararsız görünüp zarar verir"",""Yalnız yavaşlatır"",""Yalnız kopyalanır""]","[""Dosyaları şifreleyip fidye ister"",""Zararsız görünüp zarar verir"",""Kendini ağda kopyalayıp yayar"",""Ekranda sürekli reklam açar""]","[""Only shows adverts"",""Looks harmless and does damage"",""Only slows things down"",""Only copies itself""]","[""Encrypts files and demands a ransom"",""Looks harmless and does damage"",""Copies itself across a network"",""Keeps opening adverts on screen""]",0.990,0.130,duzeltildi
2201afce-43ce-46ef-8202-01f0db44ee54,2,20260612000421_sik_ipucu_duzeltme_parti_2,bilim,1,0,"[""Çekirdek"",""Sitoplazma"",""Zar"",""Koful""]","[""Çekirdek"",""Ribozom"",""Golgi cisimciği"",""Lizozom""]","[""Nucleus"",""Cytoplasm"",""Membrane"",""Vacuole""]","[""Nucleus"",""Ribosome"",""Golgi apparatus"",""Lysosome""]",0.860,0.700,duzeltildi
9f95b8fb-c9e2-47d0-a26a-772031bb3b31,2,20260612000421_sik_ipucu_duzeltme_parti_2,cografya,1,3,"[""Günlük hareket"",""Rüzgârlar"",""Ay'ın hareketi"",""Eksen eğikliği ve yıllık hareket""]","[""Günlük dönüş ve yerel saat farkı"",""Ay'ın çekimi ve gelgit etkisi"",""Güneş lekeleri ve güneş rüzgârı"",""Eksen eğikliği ve yıllık hareket""]","[""The daily rotation"",""The winds"",""The Moon's motion"",""The tilt of the axis and the yearly orbit""]","[""Daily rotation and local time differences"",""The Moon's pull and the tides"",""Sunspots and the solar wind"",""The tilt of the axis and the yearly orbit""]",0.910,0.570,duzeltildi
652f67b6-287e-441c-9816-bca4e9c67850,2,20260612000421_sik_ipucu_duzeltme_parti_2,edebiyat,2,3,"[""Belgeler"",""Ciddileştirir"",""Kısaltır"",""Bir yapıtı güldürüyle taklit eder""]","[""Bir yapıtı başka dile aktarır"",""Bir yapıtı kısaltarak özetler"",""Bir yapıtı eleştirel olarak inceler"",""Bir yapıtı güldürüyle taklit eder""]","[""Documents"",""Makes serious"",""Shortens"",""Imitates a work comically""]","[""Carries a work into another language"",""Summarises a work by shortening it"",""Examines a work critically"",""Imitates a work comically""]",0.940,0.260,duzeltildi
1516c00b-b3d7-45d8-afb2-528dd17ec412,2,20260612000421_sik_ipucu_duzeltme_parti_2,genel_kultur,1,1,"[""Saat farklarını kaldırmak"",""Gün ışığından çok yararlanmak"",""Ek elektrik enerjisi üretmek"",""Takvim düzenini değiştirmek""]","[""Uluslararası saat dilimlerini eşitlemek"",""Gün ışığından çok yararlanmak"",""Güneş panellerinden daha çok enerji almak"",""Artık yıl kaymasını telafi etmek""]","[""To abolish time differences"",""To make more use of daylight"",""To generate energy"",""To change the calendar""]","[""To align international time zones"",""To make more use of daylight"",""To get more energy from solar panels"",""To compensate for leap-year drift""]",0.960,0.240,duzeltildi
acc2a772-d754-43b2-9bcd-d902a7ea0b98,2,20260612000421_sik_ipucu_duzeltme_parti_2,muzik,2,0,"[""Diyez ve bemolleri"",""Es işaretlerini"",""Sadece re'yi"",""Sadece doları""]","[""Diyez ve bemolleri"",""Oktavların başlangıç notalarını"",""Değiştirici işareti olmayan notaları"",""Pedalla uzatılan notaları""]","[""Sharps and flats"",""Rest signs"",""Only D"",""Only C""]","[""Sharps and flats"",""The first note of each octave"",""Notes without accidentals"",""Notes sustained with the pedal""]",0.890,0.450,duzeltildi
44517e8f-a3b8-4de6-befe-d583147a7ec0,2,20260612000421_sik_ipucu_duzeltme_parti_2,sanat,1,0,"[""Abartılı çizgi ve eleştiriyi"",""Gerçekçiliği"",""Belgeselliği"",""Perspektifi""]","[""Abartılı çizgi ve eleştiriyi"",""Ayrıntılı gölge ve derinliği"",""Işık ve renk izlenimini"",""Geometrik biçim ve düzeni""]","[""Exaggerated line and criticism"",""Realism"",""Documentation"",""Perspective""]","[""Exaggerated line and criticism"",""Detailed shading and depth"",""Impressions of light and colour"",""Geometric form and order""]",0.830,0.410,duzeltildi
2bd5fe33-d68f-4830-b28a-e1f32c639e2d,2,20260612000421_sik_ipucu_duzeltme_parti_2,sinema,2,3,"[""Kurgu hızını"",""Renk dengesini"",""Ses efektini"",""Geçmişe dair kanıt ve bağlam""]","[""Sahnenin oyuncularla gerçek zamanlı canlandırmasını"",""Olayların uzmanlarca yorumlanmasını"",""Konunun anlatıcı sesle özetlenmesini"",""Geçmişe dair kanıt ve bağlam""]","[""The pace of the edit"",""Colour balance"",""A sound effect"",""Evidence and context about the past""]","[""A real-time dramatisation of the scene by actors"",""Interpretation of the events by experts"",""A narrator summarising the subject"",""Evidence and context about the past""]",0.910,0.480,duzeltildi
29bdde39-8e29-4132-8ac0-178ba239e9ea,2,20260612000421_sik_ipucu_duzeltme_parti_2,spor,1,3,"[""Bireysel skoru"",""Fiziksel gücü"",""Hızı"",""Ortak hedefe bağlılığı""]","[""Teknik beceri ve ustalığı"",""Dayanıklılık ve kondisyonu"",""Taktik bilgi ve analizi"",""Ortak hedefe bağlılığı""]","[""Individual scoring"",""Physical strength"",""Speed"",""Commitment to a shared goal""]","[""Technical skill and mastery"",""Stamina and fitness"",""Tactical knowledge and analysis"",""Commitment to a shared goal""]",0.890,0.730,duzeltildi
98fa3907-d799-4924-8cd3-cf3af8b6679c,2,20260612000421_sik_ipucu_duzeltme_parti_2,tarih,2,1,"[""İnönü"",""Atatürk"",""Celal Bayar"",""Fevzi Çakmak""]",,"[""İnönü"",""Atatürk"",""Celal Bayar"",""Fevzi Çakmak""]",,0.870,0.870,isaretli_kaldi
e6e372b0-e1d1-4d7d-bb45-2234c92bc80d,2,20260612000421_sik_ipucu_duzeltme_parti_2,teknoloji,2,3,"[""Ağ kurmak"",""Virüs yaymak"",""Dosya silmek"",""Tarayıcıda küçük veri saklamak""]","[""Ağ trafiğini şifrelemek"",""Alan adını IP adresine çevirmek"",""Açılır pencereleri engellemek"",""Tarayıcıda küçük veri saklamak""]","[""Setting up a network"",""Spreading viruses"",""Deleting files"",""Storing small data in the browser""]","[""Encrypting network traffic"",""Translating domain names into IP addresses"",""Blocking pop-up windows"",""Storing small data in the browser""]",0.910,0.260,duzeltildi
8b019f2a-afc1-44cb-b1ac-686ab71d3b64,2,20260612000421_sik_ipucu_duzeltme_parti_2,bilim,1,3,"[""90"",""120"",""80"",""100""]","[""37"",""0"",""4"",""100""]","[""90"",""120"",""80"",""100""]","[""37"",""0"",""4"",""100""]",0.850,0.320,duzeltildi
93d49d75-2935-4739-a18c-ca1c12bf631c,2,20260612000421_sik_ipucu_duzeltme_parti_2,cografya,1,0,"[""Berlin"",""Münih"",""Frankfurt"",""Hamburg""]","[""Berlin"",""Viyana"",""Bern"",""Varşova""]","[""Berlin"",""Munich"",""Frankfurt"",""Hamburg""]","[""Berlin"",""Vienna"",""Bern"",""Warsaw""]",0.830,0.420,duzeltildi
84e35851-58bd-45a1-b47b-53d863232edf,2,20260612000421_sik_ipucu_duzeltme_parti_2,edebiyat,2,0,"[""Ölçü, kafiye ve ses yinelemeleriyle"",""Sayfa sayısıyla"",""Başlıkla"",""Yazı tipiyle""]","[""Ölçü, kafiye ve ses yinelemeleriyle"",""İmge, mecaz ve benzetmelerle"",""Tema, konu ve ana duyguyla"",""Kıta düzeni ve dize sayısıyla""]","[""Metre, rhyme and repeated sounds"",""The page count"",""The title"",""The typeface""]","[""Metre, rhyme and repeated sounds"",""Imagery, metaphor and simile"",""Theme, subject and main feeling"",""Stanza layout and line count""]",0.960,0.680,duzeltildi
8fac266e-43db-4726-a6d4-1c2bca36c25a,2,20260612000421_sik_ipucu_duzeltme_parti_2,genel_kultur,1,0,"[""Kavram ve adların yerini bulmaya"",""Kapak tasarımına"",""Baskıya"",""Fiyata""]","[""Kavram ve adların yerini bulmaya"",""Bölümlerin sırasını ve sayfalarını göstermeye"",""Kullanılan kaynakları alfabetik listelemeye"",""Terimlerin anlamını kısaca açıklamaya""]","[""Finding where terms and names appear"",""The cover design"",""Printing"",""The price""]","[""Finding where terms and names appear"",""Showing the order and pages of chapters"",""Listing the sources used alphabetically"",""Briefly explaining the meaning of terms""]",0.880,0.400,duzeltildi
783c60e8-6355-4a66-affd-0d20f7b81838,2,20260612000421_sik_ipucu_duzeltme_parti_2,muzik,2,1,"[""Ritimle"",""Seslerin birlikte kullanımıyla"",""Tempoyla"",""Şiddetle""]","[""Seslerin süre ilişkisiyle"",""Seslerin birlikte kullanımıyla"",""Seslerin art arda dizilişiyle"",""Seslerin şiddet değişimiyle""]","[""Rhythm"",""How notes are used together"",""Tempo"",""Loudness""]","[""How long notes last relative to each other"",""How notes are used together"",""How notes follow one another"",""How loudness changes""]",0.890,0.290,duzeltildi
03c5f568-128a-4d9e-8623-22f3f42a4de6,2,20260612000421_sik_ipucu_duzeltme_parti_2,sanat,1,1,"[""Yalnızca ses efektini"",""Canlandırılan nesneleri"",""Yalnızca sahne ışığını"",""Yalnızca yazılı metni""]","[""Maskeli oyuncuları"",""Canlandırılan nesneleri"",""Sessiz jestleri"",""Doğaçlama diyalogları""]","[""Only sound"",""Objects brought to life"",""Only light"",""Only the text""]","[""Masked actors"",""Objects brought to life"",""Silent gestures"",""Improvised dialogue""]",0.870,0.220,duzeltildi
714e8bd1-7bc8-44bb-828f-46caaf9ef68b,2,20260612000421_sik_ipucu_duzeltme_parti_2,sinema,2,1,"[""Şarkı"",""Görüntü dışından duyulan anlatım"",""Efekt"",""Diyalog""]","[""Oyuncuların sahnedeki konuşması"",""Görüntü dışından duyulan anlatım"",""Sahneye sonradan eklenen efekt"",""Filme eşlik eden özgün müzik""]","[""A song"",""Narration heard from outside the image"",""An effect"",""Dialogue""]","[""The actors' on-screen speech"",""Narration heard from outside the image"",""An effect added to the scene later"",""The original score accompanying the film""]",0.830,0.600,duzeltildi
1b234866-578e-4ae6-b154-7e20613b9110,2,20260612000421_sik_ipucu_duzeltme_parti_2,spor,1,1,"[""Forma satmak"",""Branşı düzenlemek ve yönetmek"",""Bilet basmak"",""Stadyum işletmek""]","[""Stadyumu işletmek ve kiralamak"",""Branşı düzenlemek ve yönetmek"",""Takım formasını üretmek ve satmak"",""Kulüp kadrosunu kurmak ve yönetmek""]","[""Selling shirts"",""Regulating and governing the sport"",""Printing tickets"",""Running the stadium""]","[""Running and renting out stadiums"",""Regulating and governing the sport"",""Making and selling team kits"",""Building and managing a club squad""]",0.950,0.580,duzeltildi
bf8e420d-d4b9-4695-85d6-2a5b33814875,2,20260612000421_sik_ipucu_duzeltme_parti_2,tarih,2,3,"[""Yalnız yükü"",""Yalnız rotayı"",""Yalnız mürettebatı"",""Rüzgara bağımlılığı""]","[""Pusula kullanımını"",""Harita kullanımını"",""Bayrak kullanımını"",""Rüzgara bağımlılığı""]","[""Only the cargo"",""Only the route"",""Only the crew"",""Dependence on the wind""]","[""Use of the compass"",""Use of charts"",""Use of flags"",""Dependence on the wind""]",0.840,0.240,duzeltildi
00dea4dc-9d81-42ff-bd83-7f82364c1362,2,20260612000421_sik_ipucu_duzeltme_parti_2,teknoloji,2,2,"[""Yalnız yerel diskte"",""Yalnız telefonda"",""Uzak sunucularda"",""Yalnız USB'de""]","[""Yerel sabit diskte"",""Taşınabilir bellekte"",""Uzak sunucularda"",""Cihazın RAM'inde""]","[""Only on the local disk"",""Only on the phone"",""On remote servers"",""Only on a USB stick""]","[""On the local hard disk"",""On a portable memory stick"",""On remote servers"",""In the device's RAM""]",0.890,0.290,duzeltildi
12871e4e-22cb-4bb9-9764-e564e32cd9a9,2,20260612000421_sik_ipucu_duzeltme_parti_2,bilim,1,3,"[""50"",""80"",""120"",""100""]","[""0"",""37"",""4"",""100""]","[""50"",""80"",""120"",""100""]","[""0"",""37"",""4"",""100""]",0.810,0.230,duzeltildi
c864e6a9-59ed-4ffa-b4b1-a89069fccf50,2,20260612000421_sik_ipucu_duzeltme_parti_2,cografya,1,3,"[""%50-50"",""%10 deniz"",""%71 kara"",""%29 kara, %71 deniz""]",,"[""50-50"",""10% sea"",""71% land"",""29% land, 71% sea""]",,0.960,0.970,isaretli_kaldi
7927b9a5-08e7-4838-9185-56322788840b,2,20260612000421_sik_ipucu_duzeltme_parti_2,edebiyat,2,0,"[""Açıklama ve kaynak vermek"",""Başlık atmak"",""Fiyat yazmak"",""Kapak yapmak""]","[""Açıklama ve kaynak vermek"",""Konuyu ve amacı tanıtmak"",""Bölümleri ve sayfaları listelemek"",""Terimleri ve anlamları sıralamak""]","[""Giving an explanation and a source"",""Setting a heading"",""Writing the price"",""Making the cover""]","[""Giving an explanation and a source"",""Introducing the subject and aim"",""Listing chapters and pages"",""Listing terms and meanings""]",0.820,0.090,duzeltildi
a10f7bbe-7584-4dcb-b33d-486198851f2b,2,20260612000421_sik_ipucu_duzeltme_parti_2,genel_kultur,1,0,"[""Anayasa"",""Tüzük"",""Genelge"",""Bildiri""]","[""Anayasa"",""Kanun"",""Yönetmelik"",""Tüzük""]","[""Constitution"",""Regulation"",""Circular"",""Declaration""]","[""Constitution"",""Statute"",""Regulation"",""Bylaw""]",0.870,0.600,duzeltildi
ec5593a9-b4bb-49b8-93a4-e7f5c9e6d99b,2,20260612000421_sik_ipucu_duzeltme_parti_2,muzik,3,0,"[""Sesi gecikmeli yineler"",""Sesi kısar"",""Perdeyi değiştirir"",""Tempoyu artırır""]","[""Sesi gecikmeli yineler"",""Sesi mekânda yansıtır"",""Sesi dalgalandırır"",""Sesi bozarak sertleştirir""]","[""Repeats the sound after a lag"",""Turns the sound down"",""Changes the pitch"",""Increases the tempo""]","[""Repeats the sound after a lag"",""Makes the sound reverberate in a space"",""Makes the sound waver"",""Roughens the sound by distorting it""]",0.820,0.440,duzeltildi
7dc17d36-94da-44d8-9742-7924dbf74490,2,20260612000421_sik_ipucu_duzeltme_parti_2,sanat,1,0,"[""Yaratıcı ve eleştirel gelişimi"",""Yalnız tekniği"",""Yalnız tarihi"",""Yalnız satışı""]","[""Yaratıcı ve eleştirel gelişimi"",""Müze ve galeri yönetimini"",""Eser koruma ve onarımını"",""Sanat piyasası ve satışını""]","[""Creative and critical development"",""Technique alone"",""History alone"",""Sales alone""]","[""Creative and critical development"",""Museum and gallery management"",""Conservation and repair of works"",""The art market and sales""]",1.000,0.530,duzeltildi
6818bc4e-f79d-4776-91ef-eabe4299f54e,2,20260612000421_sik_ipucu_duzeltme_parti_2,sinema,2,2,"[""Bilet satmak"",""Ödül vermek"",""Filmleri koruyup geleceğe aktarmak"",""Fragman çekmek""]","[""Filmleri sınıflandırıp yaş sınırı koymak"",""Filmleri dağıtıp salonlara ulaştırmak"",""Filmleri koruyup geleceğe aktarmak"",""Filmleri tanıtıp izleyici çekmek""]","[""Selling tickets"",""Giving awards"",""Preserving films for the future"",""Shooting trailers""]","[""Classifying films and setting age ratings"",""Distributing films to cinemas"",""Preserving films for the future"",""Promoting films and drawing audiences""]",0.910,0.580,duzeltildi
6c8cabde-7c4a-4f98-9526-e1fb25abdbdd,2,20260612000421_sik_ipucu_duzeltme_parti_2,spor,1,3,"[""Ortalama derece"",""Antrenman süresi"",""Katılım sayısı"",""Resmî olarak ölçülmüş en iyi derece""]","[""Resmî olarak ölçülmüş en düşük baraj derecesi"",""Resmî olarak ölçülmüş ortalama derece"",""Resmî olarak ölçülmüş ilk derece"",""Resmî olarak ölçülmüş en iyi derece""]","[""An average mark"",""Training time"",""The number of entrants"",""The best mark officially measured""]","[""The lowest qualifying mark officially measured"",""The average mark officially measured"",""The first mark officially measured"",""The best mark officially measured""]",0.920,0.440,duzeltildi
0c26afe8-71a2-46e0-b805-e235c85d442e,2,20260612000421_sik_ipucu_duzeltme_parti_2,tarih,2,3,"[""Tarımsal üretimi azaltmak"",""Kırsaldan göçü artırmak"",""Daha çok vergi toplamak"",""Planlı üretim ve istihdam""]","[""Kırsal kalkınma ve tarım"",""Turizm ve kültür tanıtımı"",""Konut ve kentsel dönüşüm"",""Planlı üretim ve istihdam""]","[""Reducing agriculture"",""Increasing migration"",""Collecting taxes"",""Planned production and employment""]","[""Rural development and farming"",""Tourism and cultural promotion"",""Housing and urban renewal"",""Planned production and employment""]",0.950,0.480,duzeltildi
4cfd8db0-e086-44ff-a6b0-d97c015643be,2,20260612000421_sik_ipucu_duzeltme_parti_2,teknoloji,2,2,"[""Tek boyutlu olması"",""Renkli olması zorunluluğu"",""İki boyutlu olup daha çok veri taşıması"",""Okunamaması""]","[""Tek boyutlu olup daha az yer kaplaması"",""Manyetik olup kart okuyucuyla okunması"",""İki boyutlu olup daha çok veri taşıması"",""Radyo dalgasıyla temassız okunabilmesi""]","[""It is one-dimensional"",""It must be in colour"",""It is two-dimensional and carries more data"",""It cannot be read""]","[""It is one-dimensional and takes less space"",""It is magnetic and read by a card reader"",""It is two-dimensional and carries more data"",""It can be read contactlessly by radio""]",0.850,0.500,duzeltildi
2f26059b-c2dd-464d-97bc-1bf53ce02c2c,2,20260612000421_sik_ipucu_duzeltme_parti_2,bilim,1,1,"[""Koklayarak"",""Ses dalgalarıyla (ekolokasyon)"",""Görerek"",""Isıyla""]","[""Isı algısıyla (termoresepsiyon)"",""Ses dalgalarıyla (ekolokasyon)"",""Koku izleriyle (kemoresepsiyon)"",""Elektrik alanıyla (elektroresepsiyon)""]","[""By smell"",""By sound waves (echolocation)"",""By sight"",""By heat""]","[""By heat sensing (thermoreception)"",""By sound waves (echolocation)"",""By scent trails (chemoreception)"",""By electric fields (electroreception)""]",0.870,0.550,duzeltildi
70dd0e9a-7944-436a-8d80-0b3dbad6309a,2,20260612000421_sik_ipucu_duzeltme_parti_2,cografya,1,1,"[""Nüfus azalması"",""Kırdan kente göç"",""Orman artışı"",""Tarım artışı""]",,"[""A falling population"",""Migration from country to city"",""Forest growth"",""More farming""]",,0.950,0.970,isaretli_kaldi
20efc089-c01d-475b-b4a3-6c0333432e6b,2,20260612000421_sik_ipucu_duzeltme_parti_2,edebiyat,2,1,"[""Açılışı"",""Çatışmanın en yoğun anını"",""Ara sahneyi"",""Kapanış yazısını""]","[""Çatışmanın ilk ortaya çıkışını"",""Çatışmanın en yoğun anını"",""Çatışmanın çözüme kavuşmasını"",""Olayların geçtiği ortamın tanıtımını""]","[""The opening"",""The most intense moment of the conflict"",""An interlude"",""The closing title""]","[""The first appearance of the conflict"",""The most intense moment of the conflict"",""The resolution of the conflict"",""The introduction of the setting""]",0.850,0.440,duzeltildi
fdf10b30-5514-4831-aa3c-dd0532fa1c04,2,20260612000421_sik_ipucu_duzeltme_parti_2,genel_kultur,1,0,"[""Küllerinden yeniden doğması"",""Konuşması"",""Su altında yaşaması"",""Uçamaması""]","[""Küllerinden yeniden doğması"",""Bakışıyla insanları taşa çevirmesi"",""Yedi başlı bir ejderha olması"",""Kanatlı bir at olarak uçması""]","[""Being reborn from its ashes"",""Speaking"",""Living underwater"",""Being unable to fly""]","[""Being reborn from its ashes"",""A gaze that turns people to stone"",""Being a seven-headed dragon"",""Flying as a winged horse""]",0.910,0.430,duzeltildi
66f0faec-30dd-4904-a8fe-f212127ece61,2,20260612000421_sik_ipucu_duzeltme_parti_2,muzik,3,1,"[""Operet daha uzundur"",""Operette konuşmalı bölümler ve hafif konu"",""Opera dansızdır"",""Fark yoktur""]",,"[""Operetta is longer"",""Operetta has spoken passages and a lighter subject"",""Opera has no dance"",""There is no difference""]",,1.000,1.000,isaretli_kaldi
f6bc5719-ed27-468e-928c-08e8a4e66ae3,2,20260612000421_sik_ipucu_duzeltme_parti_2,sanat,1,2,"[""Aynayla"",""Boyayla"",""Perde arkası ışık ve figürlerle"",""Kameraya""]","[""Sahnede ip ile oynatılan bebeklerle"",""Yüze takılan maske ve kostümle"",""Perde arkası ışık ve figürlerle"",""Karanlık odada iğne deliğiyle""]","[""With a mirror"",""With paint"",""With a light and figures behind a screen"",""With a camera""]","[""With puppets worked on strings on stage"",""With masks and costumes worn by actors"",""With a light and figures behind a screen"",""With a pinhole in a dark room""]",0.810,0.320,duzeltildi
0a714bd0-3b18-437a-9182-8cdeee15c820,2,20260612000421_sik_ipucu_duzeltme_parti_2,sinema,2,1,"[""Cannes Festival Kurulu"",""Sinema Sanatları Akademisi"",""BAFTA İngiliz Akademisi"",""Altın Küre Basın Derneği""]","[""Avrupa Film Akademisi"",""Sinema Sanatları Akademisi"",""İngiliz Film Akademisi"",""Hollywood Yabancı Basın Derneği""]","[""The Cannes board"",""The Academy of Motion Picture Arts and Sciences"",""BAFTA"",""The Golden Globe association""]","[""The European Film Academy"",""The Academy of Motion Picture Arts and Sciences"",""The British Film Academy"",""The Hollywood Foreign Press Association""]",0.880,0.790,duzeltildi
383dfe6b-be94-43c4-966e-f028c2f1aaba,2,20260612000421_sik_ipucu_duzeltme_parti_2,spor,1,2,"[""Hakem olmak"",""Antrenör olmak"",""Kazanç amacı gütmeden yapmak"",""Profesyonel olmak""]",,"[""Being a referee"",""Being a coach"",""Taking part without seeking financial gain"",""Being a professional""]",,0.820,0.910,isaretli_kaldi
7e973915-623d-4800-9004-eccf773e8e7c,2,20260612000421_sik_ipucu_duzeltme_parti_2,tarih,2,2,"[""Ticaret tercihini"",""İklim tercihini"",""Güvenlik ve merkezîlik tercihini"",""Nüfus tercihini""]","[""Liman ve ticaret tercihini"",""Tarih ve miras tercihini"",""Güvenlik ve merkezîlik tercihini"",""Sanayi ve nüfus tercihini""]","[""A preference for trade"",""A preference for climate"",""A preference for security and centrality"",""A preference for population""]","[""A preference for ports and trade"",""A preference for history and heritage"",""A preference for security and centrality"",""A preference for industry and population""]",0.810,0.600,duzeltildi
6a17a980-e413-4ee2-895f-4438f0ce610f,2,20260612000421_sik_ipucu_duzeltme_parti_2,teknoloji,2,0,"[""Sinyalleri dönüştürerek internet bağlantısı sağlar"",""Ses üretir"",""Görüntü işler"",""Yazı yazar""]","[""Sinyalleri dönüştürerek internet bağlantısı sağlar"",""Paketleri yönlendirerek yerel ağ trafiğini düzenler"",""Verileri sıkıştırarak diskte daha az yer kaplatır"",""Görüntüleri işleyerek ekranda grafik oluşturur""]","[""Converts signals to provide an internet connection"",""Produces sound"",""Processes images"",""Writes text""]","[""Converts signals to provide an internet connection"",""Routes packets to manage local network traffic"",""Compresses data so it takes less disk space"",""Processes images to produce graphics on screen""]",0.880,0.450,duzeltildi
2f28a0a9-6742-4674-b2d6-4458be5adaa5,2,20260612000421_sik_ipucu_duzeltme_parti_2,bilim,1,2,"[""Bulutlar sesi tutar"",""Işık sesten yavaştır"",""Ses ışıktan yavaştır"",""Kulağımız geç algılar""]","[""Işık sesten yavaştır"",""Ses suda daha hızlıdır"",""Ses ışıktan yavaştır"",""Ses boşlukta yayılmaz""]","[""The clouds hold the sound"",""Light is slower than sound"",""Sound is slower than light"",""Our ears perceive it late""]","[""Light is slower than sound"",""Sound travels faster in water"",""Sound is slower than light"",""Sound cannot travel in a vacuum""]",1.000,0.440,duzeltildi
dd9c4170-d341-4def-b8c9-6e7c25d22c84,2,20260612000421_sik_ipucu_duzeltme_parti_2,cografya,1,2,"[""Tadını değiştirmek"",""Sertliği artırmak"",""Mikroorganizmaları etkisizleştirmek"",""Renk vermek""]","[""Kireç ve sertlik oranını düşürmek"",""Askıdaki tortuları dibe çöktürmek"",""Mikroorganizmaları etkisizleştirmek"",""Florür ekleyerek diş sağlığını korumak""]","[""Changing its taste"",""Increasing its hardness"",""Killing micro-organisms"",""Adding colour""]","[""Lowering the lime and hardness"",""Settling suspended sediment"",""Killing micro-organisms"",""Adding fluoride to protect teeth""]",0.930,0.660,duzeltildi
57a31a7b-0b08-4037-b83b-2c3978129d16,2,20260612000421_sik_ipucu_duzeltme_parti_2,edebiyat,2,2,"[""Dış engellere"",""Doğaya"",""Kendi içindeki çelişkiye"",""Topluma""]","[""Başka bir karakterle çekişmeye"",""Toplumun kurallarıyla çatışmaya"",""Kendi içindeki çelişkiye"",""Doğanın zorluklarıyla mücadeleye""]","[""External obstacles"",""Nature"",""A contradiction within themselves"",""Society""]","[""A clash with another character"",""A conflict with society's rules"",""A contradiction within themselves"",""A struggle against nature's hardships""]",0.820,0.770,duzeltildi
b5505fb6-bfc0-468e-80e8-71992cccbe8b,2,20260612000421_sik_ipucu_duzeltme_parti_2,genel_kultur,1,2,"[""Hızlanmak"",""Tünelde durmak"",""Güvenli yerde durmak"",""Köprüye girmek""]",,"[""Accelerate"",""Stop in a tunnel"",""Stop in a safe place"",""Drive onto a bridge""]",,0.990,0.990,isaretli_kaldi
5fd472dd-5985-49a1-a97e-f82f612161e3,2,20260612000421_sik_ipucu_duzeltme_parti_2,muzik,3,0,"[""Yinelenen kısa ezgi kalıbı"",""Şarkı sözü"",""Davul solosu"",""Konser adı""]","[""Yinelenen kısa ezgi kalıbı"",""Tek notanın uzun titreşimi"",""Doğaçlama uzun gitar solosu"",""Şarkıyı açan davul girişi""]","[""A short repeated melodic figure"",""The lyrics"",""A drum solo"",""A concert name""]","[""A short repeated melodic figure"",""A long vibrato on one note"",""A long improvised guitar solo"",""A drum intro opening the song""]",0.830,0.700,duzeltildi
581399d3-0328-4312-97fb-9cb80442986c,2,20260612000421_sik_ipucu_duzeltme_parti_2,sanat,2,1,"[""Eseri yeniden yapmak"",""Eseri özgün hâline yaklaştırarak onarmak"",""Eseri satmak"",""Eseri kopyalamak""]",,"[""Remaking the work"",""Repairing it to bring it closer to its original state"",""Selling the work"",""Copying the work""]",,0.970,0.880,isaretli_kaldi
0bcc81ec-69db-4537-b61e-e8a40f3236e2,2,20260612000421_sik_ipucu_duzeltme_parti_2,sinema,2,1,"[""Ses kalitesinin tümden kaybı"",""Film şeridi yerine dosya kullanımı"",""Film sürelerinin uzaması"",""Renk doygunluğunun kaybı""]","[""Ses yerine altyazı kullanımı"",""Film şeridi yerine dosya kullanımı"",""Renkli yerine siyah-beyaz kullanımı"",""Stüdyo yerine doğal mekân kullanımı""]","[""Loss of sound"",""Files replacing the film strip"",""Longer running times"",""Loss of colour""]","[""Subtitles replacing sound"",""Files replacing the film strip"",""Black-and-white replacing colour"",""Natural locations replacing studios""]",0.880,0.290,duzeltildi
2b35aeea-745f-456d-8468-11d8921f0999,2,20260612000421_sik_ipucu_duzeltme_parti_2,spor,1,3,"[""Isınma"",""Süslenme"",""Ağırlık"",""Koruma ve destek""]","[""Isınma ve esneme"",""Hız ve çeviklik"",""Denge ve ağırlık"",""Koruma ve destek""]","[""Warming up"",""Decoration"",""Weight"",""Protection and support""]","[""Warming up and stretching"",""Speed and agility"",""Balance and weight"",""Protection and support""]",0.890,0.330,duzeltildi
39eb88ab-255b-428d-adf7-7480851e6430,2,20260612000421_sik_ipucu_duzeltme_parti_2,tarih,2,1,"[""ABD ve Küba yalnızca"",""ABD ve SSCB"",""ABD ve Çin"",""SSCB ve Çin""]",,"[""The USA and Cuba only"",""The USA and the USSR"",""The USA and China"",""The USSR and China""]",,0.870,0.940,isaretli_kaldi
02d9938f-a89c-4385-a424-f5c1e6c68628,2,20260612000421_sik_ipucu_duzeltme_parti_2,teknoloji,2,0,"[""Sahte iletiyle bilgi çalarak"",""Sunucuyu zorla kırarak"",""Ağ kablosunu keserek"",""Diski uzaktan silerek""]","[""Sahte iletiyle bilgi çalarak"",""Sunucuyu sahte istekle boğarak"",""Dosyaları şifreleyip fidye isteyerek"",""Klavye vuruşlarını gizlice kaydederek""]","[""By stealing information with a fake message"",""By hacking a server"",""By cutting cables"",""By wiping disks""]","[""By stealing information with a fake message"",""By flooding a server with fake requests"",""By encrypting files and demanding a ransom"",""By secretly logging keystrokes""]",0.960,0.370,duzeltildi
5d599b0a-38ac-4590-85d0-c3dd7c03f3f0,2,20260612000421_sik_ipucu_duzeltme_parti_2,bilim,1,0,"[""Yeşil bitkiler"",""Mantarlar"",""Otçullar"",""Etçiller""]",,"[""Green plants"",""Fungi"",""Herbivores"",""Carnivores""]",,0.870,0.860,isaretli_kaldi
7e3cf80a-db51-40e2-af3e-8743daad321d,2,20260612000421_sik_ipucu_duzeltme_parti_2,cografya,1,0,"[""İklimi ve uzun dönem değişimini"",""Günlük havayı"",""Kayaçları"",""Nüfusu""]","[""İklimi ve uzun dönem değişimini"",""Havayı ve günlük kısa dönem değişimini"",""Kayaçları ve oluşum süreçlerini"",""Nüfusu ve dağılış özelliklerini""]","[""Climate and its long-term change"",""The daily weather"",""Rocks"",""Population""]","[""Climate and its long-term change"",""The weather and its short-term daily changes"",""Rocks and how they form"",""Population and its distribution""]",0.900,0.480,duzeltildi
346764e0-1d36-4374-8bff-e7af9165c206,2,20260612000421_sik_ipucu_duzeltme_parti_2,edebiyat,2,0,"[""Başkasının eserini sahiplenme"",""Alıntı yapma"",""Özet"",""Çeviri""]","[""Başkasının eserini sahiplenme"",""Başkasının eserinden kaynak göstererek alıntı"",""Bir eseri başka dile aktarma"",""Bir eseri kısaltarak özetleme""]","[""Passing off someone else's work as one's own"",""Quoting"",""Summarising"",""Translating""]","[""Passing off someone else's work as one's own"",""Quoting someone else's work with a citation"",""Rendering a work in another language"",""Summarising a work by shortening it""]",0.830,0.720,duzeltildi
58bd94bc-e4a8-4c86-9c44-0890a23ea94f,2,20260612000421_sik_ipucu_duzeltme_parti_2,genel_kultur,1,2,"[""Rahatlık"",""Görüş açısı"",""Çocuğun bedenine uygun koruma"",""Estetik""]",,"[""Comfort"",""The field of view"",""Protection suited to a child's body"",""Appearance""]",,0.900,0.990,isaretli_kaldi
821894ad-be86-4382-9fe8-f51bb4af0bf3,2,20260612000421_sik_ipucu_duzeltme_parti_2,muzik,3,3,"[""Şarkı bestelenir"",""Nota yazılır"",""Konser verilir"",""Kanallar dengelenip birleştirilir""]","[""Enstrümanlar tek tek kaydedilir"",""Şarkının sözleri yazılır"",""Kayıt plağa ya da dosyaya basılır"",""Kanallar dengelenip birleştirilir""]","[""The song is composed"",""The score is written"",""A concert is given"",""The channels are balanced and combined""]","[""The instruments are recorded one by one"",""The lyrics are written"",""The recording is pressed to vinyl or file"",""The channels are balanced and combined""]",0.840,0.620,duzeltildi
f8a33cf2-3ac0-478b-918f-d91912a5c3e5,2,20260612000421_sik_ipucu_duzeltme_parti_2,sanat,2,1,"[""Yalnız estetiği"",""Koruma ve iletişimi"",""Yalnız maliyeti"",""Yalnız rengi""]","[""Tat ve kokuyu"",""Koruma ve iletişimi"",""Hız ve performansı"",""Ses ve ritmi""]","[""Aesthetics only"",""Protection and communication"",""Cost only"",""Colour only""]","[""Taste and smell"",""Protection and communication"",""Speed and performance"",""Sound and rhythm""]",1.000,0.550,duzeltildi
39b4e276-65c1-432d-aa57-b6341f94af3a,2,20260612000421_sik_ipucu_duzeltme_parti_2,sinema,2,3,"[""Tek kanal"",""Sessizlik"",""Mono ses"",""Çevresel ses alanı""]","[""Tek kanallı ses alanı"",""Keskin görüntü alanı"",""Derin renk alanı"",""Çevresel ses alanı""]","[""A single channel"",""Silence"",""Mono sound"",""An enveloping sound field""]","[""A single-channel sound field"",""A sharp image field"",""A deep colour field"",""An enveloping sound field""]",0.810,0.460,duzeltildi
0f5fec72-b15b-4490-bc49-9e5adf691853,2,20260612000421_sik_ipucu_duzeltme_parti_2,spor,1,0,"[""Altın"",""Gümüş"",""Bronz"",""Platin""]",,"[""Gold"",""Silver"",""Bronze"",""Platinum""]",,0.850,,yazilmadi
3b328eb3-e94f-4474-a774-60d9bb3795c3,2,20260612000421_sik_ipucu_duzeltme_parti_2,tarih,2,0,"[""Hammadde ve pazar elde etmek"",""Kültür alışverişi"",""Eğitim yaymak"",""Bilim üretmek""]",,"[""Obtaining raw materials and markets"",""Cultural exchange"",""Spreading education"",""Producing science""]",,0.850,0.990,isaretli_kaldi
2afe9668-442e-42ea-9c5f-e57f62f92945,2,20260612000421_sik_ipucu_duzeltme_parti_2,teknoloji,2,0,"[""HTTPS'in şifreli olması"",""HTTP'nin daha güvenli olması"",""HTTPS'in daha yavaş olması"",""İkisinin aynı olması""]",,"[""HTTPS is encrypted"",""HTTP is more secure"",""HTTPS is slower"",""They are the same""]",,1.000,1.000,isaretli_kaldi
4ba03a48-a553-4d0f-8d17-e15293b53ffd,2,20260612000421_sik_ipucu_duzeltme_parti_2,bilim,1,3,"[""Kürek kemiği"",""Pazu kemiği"",""Kaval kemiği"",""Uyluk kemiği (femur)""]","[""Kaval kemiği (tibia)"",""Pazu kemiği (humerus)"",""Köprücük kemiği (klavikula)"",""Uyluk kemiği (femur)""]","[""The shoulder blade"",""The humerus"",""The tibia"",""The thigh bone (femur)""]","[""The shin bone (tibia)"",""The upper arm bone (humerus)"",""The collarbone (clavicle)"",""The thigh bone (femur)""]",0.860,0.450,duzeltildi
02a58ee6-b919-4d9e-aa8c-4e4dbfa725c7,2,20260612000421_sik_ipucu_duzeltme_parti_2,cografya,1,3,"[""Miami"",""Chicago"",""Los Angeles"",""New York""]","[""Los Angeles"",""Hong Kong"",""San Francisco"",""New York""]","[""Miami"",""Chicago"",""Los Angeles"",""New York""]","[""Los Angeles"",""Hong Kong"",""San Francisco"",""New York""]",0.860,0.600,duzeltildi
7926c5c9-3253-4cf9-bd0e-a6e4a85f867d,2,20260612000421_sik_ipucu_duzeltme_parti_2,edebiyat,2,3,"[""Ağdalı olması"",""Uzun cümleli olması"",""İmgeli olması"",""Süssüz ve açık olması""]","[""İmgeli ve çok anlamlı olması"",""Ahenkli ve ölçülü olması"",""Ayrıntılı ve betimleyici olması"",""Süssüz ve açık olması""]","[""Being ornate"",""Having long sentences"",""Being full of imagery"",""Being unadorned and clear""]","[""Being full of images and meanings"",""Being rhythmic and metrical"",""Being detailed and descriptive"",""Being unadorned and clear""]",0.900,0.590,duzeltildi
e5205974-591f-4bdb-9d71-96d8a9b60429,2,20260612000421_sik_ipucu_duzeltme_parti_2,genel_kultur,1,1,"[""Sözlüğün resimli olması"",""Ansiklopedinin konuyu açıklaması"",""Ansiklopedinin küçük olması"",""Sözlüğün yıllık çıkması""]","[""Sözlüğün konuyu açıklaması"",""Ansiklopedinin konuyu açıklaması"",""Ansiklopedinin kök bilgisi vermesi"",""Sözlüğün çok ciltli olması""]","[""The dictionary has pictures"",""The encyclopaedia explains the subject"",""The encyclopaedia is smaller"",""The dictionary comes out yearly""]","[""The dictionary explains the subject"",""The encyclopaedia explains the subject"",""The encyclopaedia gives word origins"",""The dictionary runs to many volumes""]",0.950,0.730,duzeltildi
ea7d9bbc-0c4b-47db-b87e-dac26d66f349,2,20260612000421_sik_ipucu_duzeltme_parti_2,muzik,3,0,"[""Belirli sırayla sunulan eserler bütünü"",""Tek şarkı"",""Doğaçlama"",""Enstrüman""]","[""Belirli sırayla sunulan eserler bütünü"",""Tek çalgıyla yapılan doğaçlama"",""Bir makamın dizisini gösteren nota"",""Şarkı içinde çalınan ara nağme""]","[""A set of pieces presented in a set order"",""A single song"",""Improvisation"",""An instrument""]","[""A set of pieces presented in a set order"",""An improvisation on a single instrument"",""The written scale of a makam"",""An instrumental interlude within a song""]",0.960,0.610,duzeltildi
4cef6c10-83ca-43e3-8201-474025b63f93,2,20260612000421_sik_ipucu_duzeltme_parti_2,sanat,2,2,"[""Giriş kapısını"",""Minare yerini"",""Kıble yönünü"",""Avlu sınırını""]","[""Vaaz verilen yeri"",""Müezzinin okuduğu yeri"",""Kıble yönünü"",""Abdest alınan yeri""]","[""The entrance"",""The place of the minaret"",""The direction of Mecca"",""The edge of the courtyard""]","[""Where sermons are preached"",""Where the muezzin recites"",""The direction of Mecca"",""Where ablutions are made""]",0.920,0.260,duzeltildi
691c85b9-f955-44cd-8990-1f6725d7c96a,2,20260612000421_sik_ipucu_duzeltme_parti_2,sinema,2,2,"[""Sesin hızlanmasını"",""Renklerin doygunlaşmasını"",""Uzun sürecin kısa gösterilmesini"",""Görüntünün donmasını""]","[""Kısa anın uzun gösterilmesini"",""Anın tek karede dondurulmasını"",""Uzun sürecin kısa gösterilmesini"",""Sahnenin tersten oynatılmasını""]","[""Speeding up the sound"",""Saturating the colours"",""Showing a long process briefly"",""Freezing the image""]","[""Showing a brief moment at length"",""Freezing a moment in a single frame"",""Showing a long process briefly"",""Playing the scene backwards""]",0.860,0.500,duzeltildi
3d973371-a581-4255-8dfd-e342eb52a3f5,2,20260612000421_sik_ipucu_duzeltme_parti_2,spor,1,3,"[""Paris-Roubaix"",""Giro d'Italia"",""Vuelta"",""Tour de France""]",,"[""Paris-Roubaix"",""Giro d'Italia"",""Vuelta"",""Tour de France""]",,0.820,0.950,isaretli_kaldi
8dd96c61-edd1-4aa5-b810-21daa3d6c60a,2,20260612000421_sik_ipucu_duzeltme_parti_2,tarih,2,0,"[""Apartheid"",""Segregasyon yalnızca"",""Kolonyalizm"",""Feodalite""]","[""Apartheid"",""Jim Crow"",""Kast sistemi"",""Getto politikası""]","[""Apartheid"",""Segregation only"",""Colonialism"",""Feudalism""]","[""Apartheid"",""Jim Crow"",""The caste system"",""Ghettoisation""]",0.880,0.790,duzeltildi
bd76ab59-7606-406b-b3f6-b5d6a7d73b85,2,20260612000421_sik_ipucu_duzeltme_parti_2,teknoloji,2,1,"[""Veri yedekleme"",""Sahte mesajla bilgi çalma girişimi"",""Ağ hızlandırma"",""Yazılım güncelleme""]","[""Sunucuyu sahte istekle çökertme girişimi"",""Sahte mesajla bilgi çalma girişimi"",""Dosyaları şifreleyip fidye isteme girişimi"",""Ağ trafiğini gizlice dinleme girişimi""]","[""Backing up data"",""An attempt to steal information with a fake message"",""Speeding up the network"",""Updating software""]","[""An attempt to crash a server with fake requests"",""An attempt to steal information with a fake message"",""An attempt to encrypt files for ransom"",""An attempt to secretly eavesdrop on network traffic""]",0.860,0.310,duzeltildi
c10c98ea-9555-469a-921c-22c2943c97d3,2,20260612000421_sik_ipucu_duzeltme_parti_2,bilim,1,2,"[""400 gün"",""350 gün"",""365 gün"",""360 gün""]","[""687 gün"",""225 gün"",""365 gün"",""88 gün""]","[""400 days"",""350 days"",""365 days"",""360 days""]","[""687 days"",""225 days"",""365 days"",""88 days""]",0.950,0.290,duzeltildi
30a95561-1573-4aee-99fb-e148e7cfd460,2,20260612000421_sik_ipucu_duzeltme_parti_2,cografya,1,3,"[""Rüzgârlar"",""Deprem"",""Volkanizma"",""Ay ve Güneş'in çekim etkisi""]","[""Yer kabuğundaki levhaların yavaş hareketi"",""Okyanus suyundaki tuzluluk ve sıcaklık farkı"",""Atmosferdeki hava basıncı farkları"",""Ay ve Güneş'in çekim etkisi""]","[""Winds"",""Earthquakes"",""Volcanism"",""The gravitational pull of the Moon and the Sun""]","[""Slow movement of the crust's plates"",""Salinity and temperature differences in ocean water"",""Pressure differences in the atmosphere"",""The gravitational pull of the Moon and the Sun""]",0.840,0.670,duzeltildi
2657ee35-c8b5-4bcf-8d47-1aa59b346769,2,20260612000421_sik_ipucu_duzeltme_parti_2,edebiyat,2,2,"[""Masalın gerçek olması"",""Efsanenin kısa olması"",""Efsanenin gerçek bir yere bağlanması"",""İkisinin aynı olması""]",,"[""The fairy tale is true"",""The legend is short"",""The legend is tied to a real place"",""They are the same""]",,0.980,0.860,isaretli_kaldi
9c9fa247-ab20-44eb-adbd-9d195cd3b00c,2,20260612000421_sik_ipucu_duzeltme_parti_2,genel_kultur,1,1,"[""Kesin tedavi uygulamak"",""Yardım gelene dek durumu korumak"",""İlaç yazmak"",""Ameliyat yapmak""]",,"[""Applying definitive treatment"",""Keeping the person stable until help arrives"",""Prescribing medicine"",""Operating""]",,0.990,0.940,isaretli_kaldi
849ee9c3-9f5d-4a78-877c-d33c6ff89aa4,2,20260612000421_sik_ipucu_duzeltme_parti_2,muzik,3,1,"[""Akor dizisini"",""Kendine özgü ritmik salınımı"",""Solistin adını"",""Enstrüman sayısını""]","[""Kendine özgü akor dizisini"",""Kendine özgü ritmik salınımı"",""Solistin doğaçlama bölümünü"",""Kontrbasın yürüyen hattını""]","[""The chord sequence"",""Its distinctive rhythmic lilt"",""The soloist's name"",""The number of instruments""]","[""Its distinctive chord progression"",""Its distinctive rhythmic lilt"",""The soloist's improvised section"",""The double bass's walking line""]",0.860,0.460,duzeltildi
65e973ca-c89d-4613-9eb1-d19f66ba1e23,2,20260612000421_sik_ipucu_duzeltme_parti_2,sanat,2,2,"[""Eser satmayı"",""Sergi açmayı"",""İyileşme ve ifadeyi desteklemeyi"",""Teknik öğretmeyi""]","[""Eserlerin piyasa değerini belirlemeyi"",""Yıpranmış eserleri onarmayı"",""İyileşme ve ifadeyi desteklemeyi"",""Sanat tarihini öğretmeyi""]","[""Selling work"",""Mounting exhibitions"",""Supporting healing and expression"",""Teaching technique""]","[""Appraising the market value of works"",""Repairing worn artworks"",""Supporting healing and expression"",""Teaching art history""]",0.930,0.380,duzeltildi
dc63a8c9-f9f2-4250-b67f-f2e0f5a330f6,2,20260612000421_sik_ipucu_duzeltme_parti_2,sinema,2,2,"[""Süreyi uzatır"",""Kadrajı büyütür"",""Gerilim ve vurgu yaratır"",""Rengi değiştirir""]","[""Tempo ve hareket katar"",""Derinlik ve perspektif verir"",""Gerilim ve vurgu yaratır"",""Renk ve doku katar""]","[""It lengthens the running time"",""It widens the frame"",""It creates tension and emphasis"",""It changes the colour""]","[""It adds pace and movement"",""It gives depth and perspective"",""It creates tension and emphasis"",""It adds colour and texture""]",0.930,0.240,duzeltildi
1f101dcc-c6a6-44e2-8dff-f96790588f86,2,20260612000421_sik_ipucu_duzeltme_parti_2,spor,1,1,"[""Hiçbir sebeple"",""Performans ve sakatlık"",""Sadece hakem isteğiyle"",""Sadece seyirci isteğiyle""]","[""Seyirci ve medya baskısı"",""Performans ve sakatlık"",""Sponsor ve reklam anlaşması"",""Forma ve ekipman sorunu""]","[""For no reason"",""Performance and injury"",""Only at the referee's request"",""Only at the crowd's request""]","[""Crowd and media pressure"",""Performance and injury"",""Sponsorship and advertising deals"",""Kit and equipment problems""]",0.920,0.470,duzeltildi
64c76727-3866-40ee-8170-33b218f0cae6,2,20260612000421_sik_ipucu_duzeltme_parti_2,tarih,2,0,"[""Üretim ve fiyat kayıtlarını"",""Yalnız savaş raporlarını"",""Yalnız mimariyi"",""Yalnız edebiyatı""]","[""Üretim ve fiyat kayıtlarını"",""Savaş ve antlaşma metinlerini"",""Sanat ve mimari eserlerini"",""Dil ve edebiyat metinlerini""]","[""Production and price records"",""War reports only"",""Architecture only"",""Literature only""]","[""Production and price records"",""Treaties and war records"",""Works of art and architecture"",""Literary and linguistic texts""]",0.970,0.540,duzeltildi
6a1b0fb0-b580-4a60-94ce-a34de81de149,2,20260612000421_sik_ipucu_duzeltme_parti_2,teknoloji,2,3,"[""Diske yazılır"",""Kalıcı olur"",""Şifrelenir"",""Silinir""]","[""Önbelleğe alınır"",""Buluta yedeklenir"",""Sıkıştırılır"",""Silinir""]","[""It is written to disk"",""It becomes permanent"",""It is encrypted"",""It is lost""]","[""It is cached"",""It is backed up to the cloud"",""It is compressed"",""It is lost""]",0.840,0.360,duzeltildi
0117c539-60e1-4012-8c8f-083ec59b5d00,2,20260612000421_sik_ipucu_duzeltme_parti_2,bilim,1,3,"[""90°C"",""110°C"",""120°C"",""100°C""]","[""0°C"",""4°C"",""37°C"",""100°C""]","[""90°C"",""110°C"",""120°C"",""100°C""]","[""0°C"",""4°C"",""37°C"",""100°C""]",0.940,0.130,duzeltildi
4dcae754-c355-4269-a6a9-09fdbd46679d,2,20260612000421_sik_ipucu_duzeltme_parti_2,cografya,1,1,"[""Havanın uzun süreli olması"",""İklimin uzun süreli ortalama olması"",""İkisinin aynı olması"",""İklimin günlük olması""]",,"[""Weather is long-term"",""Climate is a long-term average"",""They are the same"",""Climate is daily""]",,1.000,0.910,isaretli_kaldi
1609a497-0d94-425b-8d6a-4c01bdde486c,2,20260612000421_sik_ipucu_duzeltme_parti_2,edebiyat,2,1,"[""Görünümü"",""Olayların akışını"",""Düşünceyi"",""Duyguyu yalnızca""]","[""Varlıkların görünümünü"",""Olayların akışını"",""Görüşlerin tartışmasını"",""Bilgilerin açıklanmasını""]","[""Appearance"",""The flow of events"",""Thought"",""Only emotion""]","[""What things look like"",""The flow of events"",""A debate between views"",""The explanation of information""]",0.820,0.290,duzeltildi
2dc86cb7-39d8-4a69-95c4-f3bc66641702,2,20260612000421_sik_ipucu_duzeltme_parti_2,genel_kultur,1,2,"[""Sadece konu"",""Sadece adres"",""Ad, soyad ve imza"",""Sadece tarih""]","[""Meslek ve maaş bilgisi"",""Doğum yeri ve medeni hal"",""Ad, soyad ve imza"",""Eğitim ve iş geçmişi""]","[""Only the subject"",""Only the address"",""Name, surname and signature"",""Only the date""]","[""Occupation and salary"",""Place of birth and marital status"",""Name, surname and signature"",""Education and work history""]",0.930,0.690,duzeltildi
d858e16d-2edf-40ae-836d-effb27e524cd,2,20260612000421_sik_ipucu_duzeltme_parti_2,muzik,3,3,"[""Renk için"",""Ağırlık için"",""Görünüm için"",""Tını ve akort kararlılığı için""]","[""Sapın düz kalmasını sağlamak için"",""Gövdenin ahşabını nemden korumak için"",""Perdelerin aşınmasını önlemek için"",""Tını ve akort kararlılığı için""]","[""For the colour"",""For the weight"",""For appearance"",""For tone and stable tuning""]","[""To keep the neck straight"",""To protect the body's wood from damp"",""To prevent fret wear"",""For tone and stable tuning""]",0.860,0.520,duzeltildi
a08d81e1-e105-4918-a917-3d226430d596,2,20260612000421_sik_ipucu_duzeltme_parti_2,sanat,2,2,"[""Renkle yalnızca"",""Boyutla yalnızca"",""Yön çizgi ve bulanıklıkla"",""Çerçeveyle""]","[""Işık, gölge ve hacimle"",""Ufuk çizgisi ve kaçış noktasıyla"",""Yön çizgi ve bulanıklıkla"",""Sıcak soğuk renk karşıtlığıyla""]","[""By colour alone"",""By size alone"",""By directional lines and blur"",""By the frame""]","[""By light, shadow and volume"",""By horizon line and vanishing point"",""By directional lines and blur"",""By warm-cool colour contrast""]",0.910,0.050,duzeltildi
183e764e-31ac-4ca1-ae4d-e71e5d50a605,2,20260612000421_sik_ipucu_duzeltme_parti_2,sinema,2,3,"[""Tek film"",""Kısa süre"",""Düşük bütçe"",""Filmlerin ortak dünyada geçmesi""]",,"[""A single film"",""A short running time"",""A low budget"",""Films set in a shared world""]",,0.940,0.980,isaretli_kaldi
26b701ec-e114-4b0d-a507-f224baf2f8d5,2,20260612000421_sik_ipucu_duzeltme_parti_2,spor,1,1,"[""Maç oynar"",""Branşı düzenler ve yönetir"",""Bilet basar"",""Saha yapar""]","[""Kulübü kurar ve yönetir"",""Branşı düzenler ve yönetir"",""Stadı işletir ve kiralar"",""Formayı üretir ve satar""]","[""Plays matches"",""Regulates and governs the sport"",""Prints tickets"",""Builds grounds""]","[""Founds and runs a club"",""Regulates and governs the sport"",""Operates and rents out the stadium"",""Makes and sells the kit""]",0.930,0.400,duzeltildi
6526e06e-078c-4f1d-9c31-93ecaf231f3c,2,20260612000421_sik_ipucu_duzeltme_parti_2,tarih,2,0,"[""Hristiyan tebaanın çocuklarından"",""Müslüman tebaadan"",""Yabancı paralı askerlerden"",""Göçebe aşiretlerden""]","[""Hristiyan tebaanın çocuklarından"",""Savaş esirlerinden ve kölelerden"",""Tımarlı sipahi ailelerinden"",""Türkmen aşiretlerinin gençlerinden""]","[""Children of Christian subjects"",""Muslim subjects"",""Foreign mercenaries"",""Nomadic tribes""]","[""Children of Christian subjects"",""Prisoners of war and slaves"",""Families of timariot cavalry"",""Young men of Turkmen tribes""]",0.880,0.710,duzeltildi
f5b40b80-a674-484c-8db8-2d6b51da5f04,2,20260612000421_sik_ipucu_duzeltme_parti_2,teknoloji,2,0,"[""Belgeyi biçimi bozulmadan taşımak"",""Ağ kurmak"",""Kod derlemek"",""Video oynatmak""]","[""Belgeyi biçimi bozulmadan taşımak"",""Görüntüyü kayıplı olarak sıkıştırmak"",""Tablodaki verileri formülle hesaplamak"",""Metni hiçbir biçim olmadan saklamak""]","[""Carrying a document without its layout breaking"",""Setting up a network"",""Compiling code"",""Playing video""]","[""Carrying a document without its layout breaking"",""Compressing an image lossily"",""Calculating table data with formulas"",""Storing text without any formatting""]",0.920,0.680,duzeltildi
38dc4633-6634-439a-a053-15c936f23e15,2,20260612000421_sik_ipucu_duzeltme_parti_2,bilim,1,2,"[""Kuyruğunda"",""Sırtında"",""Kesesinde"",""Yuvasında""]",,"[""On her tail"",""On her back"",""In her pouch"",""In her nest""]",,0.840,,yazilmadi
06e54827-3198-4b85-a8a7-2685f6c855e2,2,20260612000421_sik_ipucu_duzeltme_parti_2,cografya,1,1,"[""Yengeç Dönencesi"",""Ekvator"",""Oğlak Dönencesi"",""Kutup dairesi""]",,"[""The Tropic of Cancer"",""The Equator"",""The Tropic of Capricorn"",""The polar circle""]",,0.830,,yazilmadi
2c6e4f28-582c-4b6c-9f39-6d08052b77e3,2,20260612000421_sik_ipucu_duzeltme_parti_2,edebiyat,2,0,"[""Yapıt ve akımların gelişimini"",""Yalnız dilbilgisini"",""Yalnız ölçüyü"",""Yalnız yazımı""]","[""Yapıt ve akımların gelişimini"",""Sözcüklerin köken ve gelişimini"",""Dilin ses ve yapı kurallarını"",""Metnin ölçü ve uyak düzenini""]","[""The development of works and movements"",""Only grammar"",""Only metre"",""Only spelling""]","[""The development of works and movements"",""The origin and development of words"",""The sound and structure rules of language"",""A text's metre and rhyme scheme""]",0.950,0.090,duzeltildi
cf91b22a-033f-4f00-9d72-9d7eb5275099,2,20260612000421_sik_ipucu_duzeltme_parti_2,genel_kultur,1,3,"[""Erken kalkmayı"",""Uzun yürümeyi"",""Çok uyumayı"",""Ölçülü harcamayı""]","[""Sabırlı olmayı"",""Çok çalışmayı"",""Büyüklere saygıyı"",""Ölçülü harcamayı""]",,,0.810,0.270,duzeltildi
9fefa171-b8ed-4619-9a57-01ea3c143aaa,2,20260612000421_sik_ipucu_duzeltme_parti_2,muzik,3,0,"[""Brian Wilson"",""Mike Love"",""Carl Wilson"",""Dennis Wilson""]",,"[""Brian Wilson"",""Mike Love"",""Carl Wilson"",""Dennis Wilson""]",,0.810,,yazilmadi
29ba991e-fcdd-4974-8eed-290472efef2d,2,20260612000421_sik_ipucu_duzeltme_parti_2,sanat,2,1,"[""Bol renk"",""Az öğeyle yalın anlatım"",""Aşırı süsleme"",""Anlatısal karmaşa""]","[""Işığın anlık ve renkli izlenimi"",""Az öğeyle yalın anlatım"",""Bilinçaltının rüya imgesi"",""Nesnenin geometrik parçalanması""]","[""Abundant colour"",""Plain expression with few elements"",""Excessive ornament"",""Narrative complexity""]","[""The fleeting, colourful impression of light"",""Plain expression with few elements"",""Dream images of the unconscious"",""Geometric fragmentation of the object""]",0.970,0.090,duzeltildi
c2d09587-6957-48a2-8bee-8dc98ba26414,2,20260612000421_sik_ipucu_duzeltme_parti_2,sinema,2,1,"[""Aksiyon ve romantizmi"",""Karanlık konuyu gülünç anlatımla"",""Belgesel ve animasyonu"",""Müzikal ve korkuyu""]","[""Gerçek olayları kurgu anlatımla"",""Karanlık konuyu gülünç anlatımla"",""Aşk konusunu gülünç anlatımla"",""Suç konusunu karamsar anlatımla""]","[""Action and romance"",""A dark subject with comic treatment"",""Documentary and animation"",""The musical and horror""]","[""Real events with fictional treatment"",""A dark subject with comic treatment"",""A love story with comic treatment"",""A crime story with bleak treatment""]",0.900,0.660,duzeltildi
eed50884-15c4-40dd-8e43-aa3e5cf4b38b,2,20260612000421_sik_ipucu_duzeltme_parti_2,spor,2,1,"[""Tyson Gay"",""Usain Bolt"",""Carl Lewis"",""Asafa Powell""]",,"[""Tyson Gay"",""Usain Bolt"",""Carl Lewis"",""Asafa Powell""]",,0.940,,yazilmadi
7f79ac23-d7e6-4f58-b2a8-8ac353371d1a,2,20260612000421_sik_ipucu_duzeltme_parti_2,tarih,2,0,"[""James Watt"",""Newcomen"",""Stephenson"",""Fulton""]","[""James Watt"",""Thomas Newcomen"",""George Stephenson"",""Robert Fulton""]","[""James Watt"",""Newcomen"",""Stephenson"",""Fulton""]","[""James Watt"",""Thomas Newcomen"",""George Stephenson"",""Robert Fulton""]",0.850,0.650,duzeltildi
4eb4fb54-d980-4d16-8db7-27d450325f1f,2,20260612000421_sik_ipucu_duzeltme_parti_2,teknoloji,2,2,"[""Yalnız yazıcı"",""Yalnız oyun çalıştırmak"",""Donanım ve yazılım arasında yönetim"",""Yalnız internet""]","[""Kaynak kodu makine diline çevirme"",""Web sayfalarını görüntüleme ve gezinme"",""Donanım ve yazılım arasında yönetim"",""Verileri tablo halinde düzenleme""]","[""Only the printer"",""Only running games"",""Managing between hardware and software"",""Only the internet""]","[""Translating source code into machine code"",""Displaying and browsing web pages"",""Managing between hardware and software"",""Organising data in tables""]",0.990,0.570,duzeltildi
cac476ac-478e-45bb-a20d-1d9b1f08dae0,3,20260612000422_sik_ipucu_duzeltme_parti_3,bilim,1,3,"[""Elektron ve foton"",""Nötron ve elektron"",""Kuark ve iyon"",""Proton ve nötron""]",,"[""Electron and photon"",""Neutron and electron"",""Quark and ion"",""Proton and neutron""]",,0.830,0.920,isaretli_kaldi
3cd2c88a-dd90-4065-8f99-21fd38d2ba68,3,20260612000422_sik_ipucu_duzeltme_parti_3,cografya,1,2,"[""Nice"",""Marsilya"",""Paris"",""Lyon""]","[""Roma"",""Madrid"",""Paris"",""Brüksel""]","[""Nice"",""Marseille"",""Paris"",""Lyon""]","[""Rome"",""Madrid"",""Paris"",""Brussels""]",0.860,0.630,duzeltildi
2dfb8761-72b1-4f6a-b712-4f8c9594a898,3,20260612000422_sik_ipucu_duzeltme_parti_3,edebiyat,2,2,"[""Balıkla"",""Ağaçla"",""Bozkurtla"",""Kartalla""]",,"[""A fish"",""A tree"",""A grey wolf"",""An eagle""]",,0.810,0.870,isaretli_kaldi
07ef6ff0-d7b3-4405-a3f2-f2cafa160133,3,20260612000422_sik_ipucu_duzeltme_parti_3,genel_kultur,1,2,"[""Ürün satışını artırıp yaymak"",""Şirketi tanıtıp yüceltmek"",""Toplum yararına bilgilendirmek"",""Etkinlik bileti satmak""]","[""Seçmeni bir partiye yöneltmek"",""Markaya bağlılık oluşturmak"",""Toplum yararına bilgilendirmek"",""Dizinin reytingini artırmak""]","[""Selling a product"",""Promoting a company"",""Informing for the public good"",""Selling tickets""]","[""Steering voters towards a party"",""Building brand loyalty"",""Informing for the public good"",""Boosting a series' ratings""]",0.860,0.670,duzeltildi
b9f88581-f937-49bc-97b5-c3a14b68f11d,3,20260612000422_sik_ipucu_duzeltme_parti_3,muzik,3,1,"[""Kesin nota"",""Rastlantıya"",""Tek tempoya"",""Tek çalgıya""]","[""Tekrara"",""Rastlantıya"",""Elektronik sese"",""Halk ezgisine""]","[""Exact notation"",""Chance"",""A single tempo"",""A single instrument""]","[""Repetition"",""Chance"",""Electronic sound"",""Folk melody""]",0.840,0.250,duzeltildi
32e46a0a-c0ed-44c5-93da-65c97f8c81dc,3,20260612000422_sik_ipucu_duzeltme_parti_3,sanat,2,3,"[""Satışı"",""Eleştiriyi"",""Üretimi engeller"",""Sürdürülebilir kaynak sağlar""]","[""Telif hakkı güvencesi sağlar"",""Sansür muafiyeti sağlar"",""Eserin satış fiyatını belirler"",""Sürdürülebilir kaynak sağlar""]","[""Sales"",""Criticism"",""Block production"",""Provide a sustainable source of funding""]","[""Guarantees copyright"",""Grants exemption from censorship"",""Sets the work's sale price"",""Provide a sustainable source of funding""]",0.820,0.060,duzeltildi
d1198f0e-13e9-49c2-9166-3cc19f9c9eb2,3,20260612000422_sik_ipucu_duzeltme_parti_3,sinema,2,3,"[""Sadece süs"",""Sadece jenerik"",""Sadece fon"",""Anlatıyı ilerletme""]","[""Oyuncu değişimini gizleme"",""Reklam arasına hazırlama"",""Jenerik yazılarını taşıma"",""Anlatıyı ilerletme""]","[""Mere decoration"",""Only the credits"",""Only background"",""Advancing the story""]","[""Hiding cast changes"",""Leading into an ad break"",""Carrying the credits"",""Advancing the story""]",0.960,0.340,duzeltildi
a8955360-0910-4753-b876-33afe744b581,3,20260612000422_sik_ipucu_duzeltme_parti_3,spor,2,1,"[""Dinlenmek"",""Lastik değişimi ve bakım"",""Yemek"",""Seyirci selamlamak""]","[""Sürücü değişimi ve dinlenme"",""Lastik değişimi ve bakım"",""Hakem kontrolü ve tartı"",""Seyirci selamı ve onur turu""]","[""Resting"",""Changing tyres and servicing"",""Eating"",""Greeting the crowd""]","[""Swapping drivers and resting"",""Changing tyres and servicing"",""Stewards' checks and weighing"",""Greeting the crowd and a lap of honour""]",0.840,0.270,duzeltildi
1a88c007-f00f-440d-9241-0792a589c20b,3,20260612000422_sik_ipucu_duzeltme_parti_3,tarih,2,0,"[""Alpleri fillerle aşmasıyla"",""Donanmasıyla"",""Surlarıyla"",""Kanunlarıyla""]","[""Alpleri fillerle aşmasıyla"",""Rubicon'u ordusuyla geçmesiyle"",""Galya'yı baştan fethetmesiyle"",""Kartaca'yı yerle bir etmesiyle""]","[""Crossing the Alps with elephants"",""His fleet"",""His walls"",""His laws""]","[""Crossing the Alps with elephants"",""Crossing the Rubicon with his army"",""Conquering the whole of Gaul"",""Razing Carthage to the ground""]",0.890,0.260,duzeltildi
67336186-3830-4b9d-a72d-1938e33fc826,3,20260612000422_sik_ipucu_duzeltme_parti_3,teknoloji,2,2,"[""Ekranı büyütmek"",""Pil ömrü"",""Güvenli ve gizli bağlantı"",""Ses kalitesi""]","[""Hızlı ve kesintisiz bağlantı"",""Ücretsiz ve sınırsız bağlantı"",""Güvenli ve gizli bağlantı"",""Kablosuz ve uzun menzilli bağlantı""]","[""Enlarging the screen"",""Battery life"",""A secure and private connection"",""Sound quality""]","[""A fast and uninterrupted connection"",""A free and unlimited connection"",""A secure and private connection"",""A wireless long-range connection""]",0.860,0.340,duzeltildi
3a33cb50-5a36-4ba0-a18b-a8ad0f808664,3,20260612000422_sik_ipucu_duzeltme_parti_3,bilim,1,0,"[""Buzun erimesi"",""Sütün ekşimesi"",""Kağıdın yanması"",""Demirin paslanması""]",,"[""Ice melting"",""Milk turning sour"",""Paper burning"",""Iron rusting""]",,0.810,,yazilmadi
e24daffa-965d-4daa-9acc-83cd40c4d411,3,20260612000422_sik_ipucu_duzeltme_parti_3,cografya,1,0,"[""Emisyonun azalması"",""Trafiğin artması"",""Gürültünün artması"",""Enerji tüketiminin artması""]","[""Emisyonun azalması"",""Yağışın artması"",""Yeraltı suyunun artması"",""Orman alanının genişlemesi""]","[""Lower emissions"",""More traffic"",""More noise"",""More energy use""]","[""Lower emissions"",""More rainfall"",""Higher groundwater"",""Forests expanding""]",0.920,0.600,duzeltildi
4fbf9145-07ff-4952-9b1c-96202b1dce2d,3,20260612000422_sik_ipucu_duzeltme_parti_3,edebiyat,2,3,"[""Sayfa sayısını"",""Bölüm başlığını"",""Yayınevini"",""Olayın kimin gözünden anlatıldığını""]","[""Olayın hangi zamanda geçtiğini"",""Olayın hangi mekânda yaşandığını"",""Olayın hangi sırayla aktarıldığını"",""Olayın kimin gözünden anlatıldığını""]","[""The number of pages"",""The chapter title"",""The publisher"",""Whose eyes the story is told through""]","[""When the story takes place"",""Where the events happen"",""In what order the events are told"",""Whose eyes the story is told through""]",0.890,0.580,duzeltildi
17132ccb-5753-47ef-b665-3ced3efeccee,3,20260612000422_sik_ipucu_duzeltme_parti_3,genel_kultur,1,2,"[""Odie"",""Pluto"",""Snoopy"",""Scooby""]",,"[""Odie"",""Pluto"",""Snoopy"",""Scooby""]",,0.810,,yazilmadi
c29f755a-a003-4939-8478-dec1bc92e347,3,20260612000422_sik_ipucu_duzeltme_parti_3,muzik,3,2,"[""Yalnız biçimi"",""Yalnız ritmi"",""Müzik dışı bir öyküyü"",""Yalnız armoniyi""]","[""Salt müziksel biçim ve yapıyı"",""Dansın ritmik kalıbını"",""Müzik dışı bir öyküyü"",""Şarkı sözünün anlamını""]","[""Form alone"",""Rhythm alone"",""A story outside the music"",""Harmony alone""]","[""Pure musical form and structure"",""The rhythmic pattern of a dance"",""A story outside the music"",""The meaning of song lyrics""]",0.920,0.120,duzeltildi
bd00c994-2990-4d5a-94da-afc5f0d16a56,3,20260612000422_sik_ipucu_duzeltme_parti_3,sanat,2,3,"[""Öğlen"",""Gece yarısı"",""Sabah erken"",""Gün doğumu ve batımı çevresi""]","[""Güneşin tepede olduğu öğle saati"",""Gün batımından sonraki mavi saat"",""Ay ışığının en güçlü olduğu gece"",""Gün doğumu ve batımı çevresi""]","[""Midday"",""Midnight"",""Early morning"",""Around sunrise and sunset""]","[""Midday, when the sun is highest"",""The blue hour after sunset"",""The night when moonlight is strongest"",""Around sunrise and sunset""]",0.910,0.710,duzeltildi
68539bd2-3ab7-4ac4-9816-987a7a1726fe,3,20260612000422_sik_ipucu_duzeltme_parti_3,sinema,2,2,"[""Yalnız senaryoyla"",""Yalnız oyuncuyla"",""Görüntü, ses ve mekân bütünlüğüyle"",""Yalnız afişle""]","[""Oyuncu kadrosu ve yıldız gücüyle"",""Bütçe, takvim ve yapım planıyla"",""Görüntü, ses ve mekân bütünlüğüyle"",""Afiş, fragman ve tanıtımla""]","[""By the screenplay alone"",""By the actors alone"",""By image, sound and setting together"",""By the poster alone""]","[""By the cast and star power"",""By budget, schedule and production plan"",""By image, sound and setting together"",""By poster, trailer and promotion""]",0.990,0.650,duzeltildi
debccd72-1abd-4d7a-9668-068c60268bb3,3,20260612000422_sik_ipucu_duzeltme_parti_3,spor,2,2,"[""Yalnız hızı"",""Yalnız mesafeyi"",""Teknik öğeler ve sanatsal sunum"",""Yalnız süreyi""]","[""Bitiş süresi ve atlama yüksekliği"",""Kat edilen mesafe ve hız"",""Teknik öğeler ve sanatsal sunum"",""Buz yüzeyi ve pist ölçüsü""]","[""Speed alone"",""Distance alone"",""Technical elements and artistic presentation"",""Time alone""]","[""Finishing time and jump height"",""Distance covered and speed"",""Technical elements and artistic presentation"",""Ice surface and rink size""]",0.980,0.760,duzeltildi
f9d72ff9-874f-4641-a3ac-50523d19acd4,3,20260612000422_sik_ipucu_duzeltme_parti_3,tarih,2,0,"[""Doğu güney ve batı"",""Yalnız batı"",""Yalnız doğu"",""Yalnız güney""]","[""Doğu güney ve batı"",""Doğu batı ve kuzey"",""Güney batı ve Irak"",""Doğu Irak ve Filistin""]","[""East, south and west"",""Only the west"",""Only the east"",""Only the south""]","[""East, south and west"",""East, west and north"",""South, west and Iraq"",""East, Iraq and Palestine""]",0.810,0.340,duzeltildi
433eaa2a-dfad-441e-b7d7-da29d26787ae,3,20260612000422_sik_ipucu_duzeltme_parti_3,teknoloji,2,2,"[""Soundabout"",""Watchman"",""Walkman"",""Discman""]",,"[""Soundabout"",""Watchman"",""Walkman"",""Discman""]",,0.930,,yazilmadi
8787c9cf-9930-4270-9580-e886a5d4cb6a,3,20260612000422_sik_ipucu_duzeltme_parti_3,bilim,1,1,"[""Mendel"",""Darwin"",""Lamarck"",""Wallace""]",,"[""Mendel"",""Darwin"",""Lamarck"",""Wallace""]",,0.930,,yazilmadi
328cae26-d4eb-4356-a7dc-25935b22746b,3,20260612000422_sik_ipucu_duzeltme_parti_3,cografya,1,1,"[""Tijuana"",""Meksiko"",""Cancún"",""Guadalajara""]","[""Bogota"",""Meksiko"",""Lima"",""Havana""]","[""Tijuana"",""Mexico City"",""Cancún"",""Guadalajara""]","[""Bogotá"",""Mexico City"",""Lima"",""Havana""]",0.860,0.500,duzeltildi
7e115937-6c7a-485e-b2d3-0fb3e205a615,3,20260612000422_sik_ipucu_duzeltme_parti_3,edebiyat,2,3,"[""Konu seçimini"",""Yayın biçimini"",""Sayfa sayısını"",""Yazarın kendine özgü anlatım biçimini""]","[""Yazarın eserinde işlediği ana konuyu"",""Yazarın eserini yayımladığı türü"",""Yazarın hayatını anlatan eseri"",""Yazarın kendine özgü anlatım biçimini""]","[""The choice of subject"",""The form of publication"",""The number of pages"",""A writer's distinctive way of expression""]","[""The main theme the author treats"",""The genre in which the author publishes"",""A work telling the author's life"",""A writer's distinctive way of expression""]",0.900,0.190,duzeltildi
72c9909b-2d13-489d-b6a3-467fec1f2ea2,3,20260612000422_sik_ipucu_duzeltme_parti_3,genel_kultur,1,0,"[""İddianın kanıtla sınanmasını"",""Haberi yaymayı"",""Yorum eklemeyi"",""Metni kısaltmayı""]","[""İddianın kanıtla sınanmasını"",""Haberin okura en hızlı ulaşmasını"",""Metnin yazım kurallarına uymasını"",""Yorumun haberden ayrılmasını""]","[""Testing a claim against evidence"",""Spreading the story"",""Adding commentary"",""Shortening the text""]","[""Testing a claim against evidence"",""The story reaching readers fastest"",""The text following spelling rules"",""Keeping comment separate from news""]",0.950,0.460,duzeltildi
da1d6b40-7f15-4762-b94d-bbee3441788d,3,20260612000422_sik_ipucu_duzeltme_parti_3,muzik,3,0,"[""Ezgi ve icra üslubunu belirlemesi"",""Nota sayısını"",""Tempoyu yalnızca"",""Çalgı fiyatını""]","[""Ezgi ve icra üslubunu belirlemesi"",""Telif ve lisans hakkını belirlemesi"",""Sanatçının ücretini belirlemesi"",""Konser takvimini belirlemesi""]","[""It determines the melody and performing style"",""The number of notes"",""The tempo alone"",""The price of the instrument""]","[""It determines the melody and performing style"",""It determines copyright and licensing"",""It determines the performer's fee"",""It determines the concert schedule""]",0.960,0.270,duzeltildi
fc09a085-2f9d-4580-9de1-e0c4b0e197fc,3,20260612000422_sik_ipucu_duzeltme_parti_3,sanat,2,2,"[""Barok usta"",""Gotik mimar"",""Rönesans insanı"",""Modern tasarımcı""]","[""Aydınlanma filozofu"",""Romantik deha"",""Rönesans insanı"",""Maniyerist usta""]","[""A Baroque master"",""A Gothic architect"",""A Renaissance man"",""A modern designer""]","[""An Enlightenment philosopher"",""A Romantic genius"",""A Renaissance man"",""A Mannerist master""]",0.890,0.770,duzeltildi
0401298b-47ba-4dd7-b37b-f8ec08d87df6,3,20260612000422_sik_ipucu_duzeltme_parti_3,sinema,2,1,"[""Jenny Shrimp"",""Bubba Gump"",""Alabama Shrimp"",""Taylor Gump""]",,"[""Jenny Shrimp"",""Bubba Gump"",""Alabama Shrimp"",""Taylor Gump""]",,0.860,,yazilmadi
282c28d1-def0-48d0-8686-8c802b6008cf,3,20260612000422_sik_ipucu_duzeltme_parti_3,spor,2,1,"[""21 kilometre"",""42 kilometre"",""10 kilometre"",""50 kilometre""]",,"[""21 kilometres"",""42 kilometres"",""10 kilometres"",""50 kilometres""]",,0.870,,yazilmadi
e277b968-af01-4a0b-b4d0-845619723839,3,20260612000422_sik_ipucu_duzeltme_parti_3,tarih,2,1,"[""Bütçeyi"",""Özgün belgeyi yıpranmadan"",""Personeli"",""Binayı""]","[""Arşiv binasını yangından"",""Özgün belgeyi yıpranmadan"",""Belgenin telif hakkını"",""Belgenin gizliliğini sızıntıdan""]","[""The budget"",""The original document from wear"",""The staff"",""The building""]","[""The archive building from fire"",""The original document from wear"",""The document's copyright"",""The document's confidentiality from leaks""]",0.930,0.790,duzeltildi
4a752d40-3102-4abb-8e1c-4fbbd62dfd82,3,20260612000422_sik_ipucu_duzeltme_parti_3,teknoloji,2,0,"[""Hizmet sunan bilgisayar"",""Yalnız klavye"",""Yalnız yazıcı"",""Yalnız monitör""]","[""Hizmet sunan bilgisayar"",""Paketleri yönlendiren cihaz"",""Kullanıcının çalıştığı istemci"",""Veriyi saklayan sabit disk""]","[""A computer that provides services"",""Only a keyboard"",""Only a printer"",""Only a monitor""]","[""A computer that provides services"",""A device that routes packets"",""The client a user works on"",""A hard disk that stores data""]",0.970,0.460,duzeltildi
ee02943b-a9b1-48ee-915b-91c3be146523,3,20260612000422_sik_ipucu_duzeltme_parti_3,bilim,1,3,"[""Kertenkelelerde"",""Karıncalarda"",""Kedilerde"",""Yarasa ve yunuslarda""]",,"[""Lizards"",""Ants"",""Cats"",""Bats and dolphins""]",,0.910,,yazilmadi
d4fa02bf-8250-4c60-ae04-758261ca8baa,3,20260612000422_sik_ipucu_duzeltme_parti_3,cografya,1,1,"[""İkisinin de kıta olması"",""Kuzeyin okyanus, güneyin kıta olması"",""İkisinin de okyanus olması"",""Kuzeyin kıta olması""]",,"[""Both are continents"",""The north is ocean, the south is a continent"",""Both are ocean"",""The north is a continent""]",,0.960,0.940,isaretli_kaldi
30f19073-4d16-4dbb-a96a-129fcff65e0a,3,20260612000422_sik_ipucu_duzeltme_parti_3,edebiyat,2,3,"[""Hayali"",""Simgeyi"",""Rüyayı"",""Gözleme dayalı gerçeği""]",,"[""The imaginary"",""The symbol"",""The dream"",""Reality based on observation""]",,0.860,0.910,isaretli_kaldi
49292a24-8bd2-4393-a714-f861e785ec70,3,20260612000422_sik_ipucu_duzeltme_parti_3,genel_kultur,1,3,"[""Sürücü belgesi"",""Sağlık kartı"",""Vergi kaydı"",""Uluslararası kimlik ve seyahat belgesi""]",,"[""A driving licence"",""A health card"",""A tax record"",""An international identity and travel document""]",,0.850,0.870,isaretli_kaldi
5773d6ca-1036-4475-a598-d6cb19e0729d,3,20260612000422_sik_ipucu_duzeltme_parti_3,muzik,3,2,"[""Orkestra ile"",""Piyano ile"",""Çalgısız"",""Elektronik ile""]","[""Orkestra eşliğinde"",""Doğaçlamayla"",""Çalgısız"",""Fısıltıyla""]","[""With an orchestra"",""With a piano"",""Without instruments"",""With electronics""]","[""With orchestral accompaniment"",""Improvised"",""Without instruments"",""Whispered""]",0.810,0.380,duzeltildi
242dd6a8-0dda-45e3-a2c3-5073b95a836f,3,20260612000422_sik_ipucu_duzeltme_parti_3,sanat,2,0,"[""Hareket rahatlığı ve görünürlüğü"",""Yalnız modayı"",""Yalnız maliyeti"",""Yalnız rengi""]","[""Hareket rahatlığı ve görünürlüğü"",""Moda trendi ve marka değerini"",""Satış fiyatı ve kâr payını"",""Tarihî orijinallik ve el dikişini""]","[""Freedom of movement and visibility"",""Only fashion"",""Only cost"",""Only colour""]","[""Freedom of movement and visibility"",""Fashion trends and brand value"",""Retail price and profit margin"",""Historical authenticity and hand stitching""]",0.990,0.500,duzeltildi
53ec2177-a495-42b8-9c48-a71844868dd8,3,20260612000422_sik_ipucu_duzeltme_parti_3,sinema,2,0,"[""İki farklı görüntünün ayrı gözlere ulaşmasıyla"",""Parlak renk"",""Hızlı kurgu"",""Yüksek ses""]",,"[""By each eye receiving a different image"",""Bright colour"",""Fast editing"",""Loud sound""]",,0.990,0.880,isaretli_kaldi
b9a13847-dfff-4b39-a5d8-27241cb5c996,3,20260612000422_sik_ipucu_duzeltme_parti_3,spor,2,2,"[""Barcelona"",""Milan"",""Real Madrid"",""Bayern Münih""]",,"[""Barcelona"",""Milan"",""Real Madrid"",""Bayern Munich""]",,0.870,,yazilmadi
e9bf1b43-e552-4680-836d-c1202e04421b,3,20260612000422_sik_ipucu_duzeltme_parti_3,tarih,2,1,"[""Roma ve Pers"",""Yunan şehir devletleri ve Persler"",""Mısır ve Pers"",""Hitit ve Pers""]","[""Roma Cumhuriyeti ve Kartacalılar"",""Yunan şehir devletleri ve Persler"",""Atina ve Sparta şehir devletleri"",""Mısır Krallığı ve Hititler""]","[""Rome and Persia"",""The Greek city-states and the Persians"",""Egypt and Persia"",""The Hittites and Persia""]","[""The Roman Republic and the Carthaginians"",""The Greek city-states and the Persians"",""Athens and Sparta"",""Egypt and the Hittites""]",0.910,0.150,duzeltildi
5b8bfe2c-9a81-4730-99d2-a450f07f65d2,3,20260612000422_sik_ipucu_duzeltme_parti_3,teknoloji,2,1,"[""Elle kurulması"",""Kendi kendine yayılması"",""Zararsız olması"",""Yalnız yazıcıyı etkilemesi""]","[""Zararsız görünüp aldatması"",""Kendi kendine yayılması"",""Dosyaları şifrelemesi"",""Reklam göstermesi""]","[""Being installed by hand"",""Spreading by itself"",""Being harmless"",""Only affecting printers""]","[""Posing as something harmless"",""Spreading by itself"",""Encrypting files"",""Showing adverts""]",0.930,0.360,duzeltildi
71dd23f8-abe9-4db6-957e-e605c326429c,3,20260612000422_sik_ipucu_duzeltme_parti_3,bilim,1,2,"[""Markayı"",""Boyutu"",""Artı kutbu"",""Ağırlığı""]","[""Şarj edilebilirliği"",""Eksi kutbu"",""Artı kutbu"",""Voltaj değerini""]","[""The brand"",""The size"",""The positive terminal"",""The weight""]","[""That it is rechargeable"",""The negative terminal"",""The positive terminal"",""The voltage""]",0.820,0.310,duzeltildi
990ede4a-0c1b-49b1-b2fc-d738fc982f40,3,20260612000422_sik_ipucu_duzeltme_parti_3,cografya,1,1,"[""Seul"",""Tokyo"",""Kyoto"",""Osaka""]","[""Seul"",""Tokyo"",""Pekin"",""Taipei""]","[""Seoul"",""Tokyo"",""Kyoto"",""Osaka""]","[""Seoul"",""Tokyo"",""Beijing"",""Taipei""]",0.840,0.430,duzeltildi
f4be2f43-7616-4f2b-8e7d-38bd33493d5b,3,20260612000422_sik_ipucu_duzeltme_parti_3,edebiyat,2,0,"[""Smaug"",""Glaurung"",""Ancalagon"",""Scatha""]",,"[""Smaug"",""Glaurung"",""Ancalagon"",""Scatha""]",,0.880,,yazilmadi
05a49262-66bf-4d20-9188-15b0e5975267,3,20260612000422_sik_ipucu_duzeltme_parti_3,genel_kultur,1,1,"[""Yalnız sürücüde"",""Tüm koltuklarda"",""Yalnız ön koltukta"",""Yalnız arkada""]","[""Ön koltuklarda"",""Tüm koltuklarda"",""Sürücü koltuğunda"",""Çocuk koltuklarında""]","[""Only the driver's"",""All seats"",""Only the front seat"",""Only the back""]","[""In the front seats"",""All seats"",""In the driver's seat"",""In child seats""]",0.900,0.540,duzeltildi
2673cc3b-31bd-4f8a-9b87-dd4136462980,3,20260612000422_sik_ipucu_duzeltme_parti_3,muzik,3,0,"[""Ses ve çalgı topluluğu"",""Yalnız piyano"",""Yalnız bando"",""Yalnız yaylı""]","[""Ses ve çalgı topluluğu"",""Yaylı dörtlü topluluğu"",""Nefesli bando topluluğu"",""Solo piyano ve orkestra""]","[""Voices and instruments"",""Piano alone"",""A brass band alone"",""Strings alone""]","[""Voices and instruments"",""A string quartet"",""A wind band"",""Solo piano and orchestra""]",0.900,0.250,duzeltildi
7c1f43c0-f5fc-46ee-b31b-f8570ceef0ef,3,20260612000422_sik_ipucu_duzeltme_parti_3,sanat,2,3,"[""Bina cephesini"",""Mobilyayı"",""Afişi"",""Açık alan ve yeşil düzenlemeleri""]","[""İç mekân ve mobilya düzenlerini"",""Yol ve köprü projelerini"",""Kentin imar ve yoğunluk planını"",""Açık alan ve yeşil düzenlemeleri""]","[""A building façade"",""Furniture"",""A poster"",""Open spaces and green settings""]","[""Interiors and furniture layouts"",""Road and bridge projects"",""A city's zoning and density plan"",""Open spaces and green settings""]",0.830,0.140,duzeltildi
1f64a3de-5ad2-4e92-a280-670c97fc9f87,3,20260612000422_sik_ipucu_duzeltme_parti_3,sinema,3,3,"[""Yalnız diyalog"",""Yalnız süre"",""Yalnız afiş"",""Işık, ses ve mekân birlikte""]","[""Bütçe, takvim ve yapım birlikte"",""Afiş, fragman ve tanıtım birlikte"",""Kurgu süresi ve gişe birlikte"",""Işık, ses ve mekân birlikte""]","[""Only by dialogue"",""Only by duration"",""Only by the poster"",""By light, sound and setting together""]","[""Budget, schedule and production together"",""Poster, trailer and publicity together"",""Running time and box office together"",""By light, sound and setting together""]",0.960,0.550,duzeltildi
24a0ecde-9246-4a9a-b3a3-34fb4a17a3fc,3,20260612000422_sik_ipucu_duzeltme_parti_3,spor,2,0,"[""42,195"",""40"",""45"",""38""]",,"[""42.195"",""40"",""45"",""38""]",,0.930,,yazilmadi
4f080dd5-e436-46f5-a78d-04b4a0e97083,3,20260612000422_sik_ipucu_duzeltme_parti_3,tarih,2,1,"[""Gelenek"",""Akıl ve bilim"",""Otorite"",""Mistisizm""]","[""Gelenek ve otorite"",""Akıl ve bilim"",""Sanat ve estetik"",""İnanç ve vahiy""]","[""Tradition"",""Reason and science"",""Authority"",""Mysticism""]","[""Tradition and authority"",""Reason and science"",""Art and aesthetics"",""Faith and revelation""]",0.950,0.710,duzeltildi
276388ca-2956-4316-83b7-586f41b97b96,3,20260612000422_sik_ipucu_duzeltme_parti_3,teknoloji,2,3,"[""Daha ağır olması"",""Daha büyük olması"",""Daha gürültülü olması"",""Daha hızlı olması""]","[""Daha ucuz olması"",""Daha büyük kapasiteli olması"",""Daha kolay onarılması"",""Daha hızlı olması""]","[""Being heavier"",""Being larger"",""Being noisier"",""Being faster""]","[""Being cheaper"",""Having greater capacity"",""Being easier to repair"",""Being faster""]",0.820,0.430,duzeltildi
a3e1c61d-2d99-4b2b-a1fa-8877b30afd71,3,20260612000422_sik_ipucu_duzeltme_parti_3,bilim,1,2,"[""Çam"",""Kartal"",""Bakteri ve mantar"",""Aslan""]",,"[""A pine"",""An eagle"",""Bacteria and fungi"",""A lion""]",,0.880,,yazilmadi
b06d174d-5c3c-4ec8-80f8-e88ce1f1e4d2,3,20260612000422_sik_ipucu_duzeltme_parti_3,cografya,1,0,"[""Londra"",""Birmingham"",""Manchester"",""Liverpool""]","[""Londra"",""Dublin"",""Edinburgh"",""Cardiff""]","[""London"",""Birmingham"",""Manchester"",""Liverpool""]","[""London"",""Dublin"",""Edinburgh"",""Cardiff""]",0.860,0.800,duzeltildi
201e6a79-6c32-4926-9322-a14d7c90bf13,3,20260612000422_sik_ipucu_duzeltme_parti_3,edebiyat,2,3,"[""Fabl"",""Günlük komik olaylar"",""Belgesel"",""Soylu kişilerin acıklı sonu""]","[""Sıradan kişilerin gülünç hâli"",""Hayvanların öğretici öyküsü"",""Tanrıların yaratılış öyküsü"",""Soylu kişilerin acıklı sonu""]","[""The fable"",""Everyday comic incidents"",""Documentary"",""The sorrowful end of noble figures""]","[""The comic plight of ordinary people"",""Instructive animal stories"",""The gods' creation stories"",""The sorrowful end of noble figures""]",0.820,0.260,duzeltildi
7a071912-ce6c-4471-8940-7c2dd4276a74,3,20260612000422_sik_ipucu_duzeltme_parti_3,genel_kultur,1,3,"[""Sadece fotoğraf"",""Sadece başlık"",""Sadece yorum"",""Ne, nerede, ne zaman""]","[""Serim, düğüm ve çözüm"",""Olay örgüsü, kişi ve çatışma"",""Ölçü, uyak ve redif"",""Ne, nerede, ne zaman""]","[""A photograph alone"",""A headline alone"",""Comment alone"",""What, where and when""]","[""Exposition, complication and resolution"",""Plot, character and conflict"",""Metre, rhyme and redif"",""What, where and when""]",0.950,0.180,duzeltildi
7962cf24-5426-4655-9c85-91b62f32e924,3,20260612000422_sik_ipucu_duzeltme_parti_3,muzik,3,3,"[""Yüksek sesle söylemek"",""Hızlı çalmak"",""Nota yazmak"",""Bir sesi referanssız tanıyabilmek""]","[""Bir ezgiyi kulaktan duyup çalabilmek"",""İki ses arasındaki aralığı tanımak"",""Ritmi hiç şaşmadan tutabilmek"",""Bir sesi referanssız tanıyabilmek""]","[""Singing loudly"",""Playing fast"",""Writing notation"",""Recognising a note without a reference""]","[""Being able to play a tune by ear"",""Recognising the interval between two notes"",""Keeping time without ever slipping"",""Recognising a note without a reference""]",0.990,0.780,duzeltildi
5b2c44bb-dd48-477c-8eed-cbd7debf7edf,3,20260612000422_sik_ipucu_duzeltme_parti_3,sanat,2,3,"[""Sergilemek için"",""Satmak için"",""Arşiv için"",""Hızlı ön çalışma için""]","[""Eserin son kopyası için"",""Eserin baskı kalıbı için"",""Eserin restorasyonu için"",""Hızlı ön çalışma için""]","[""To exhibit"",""To sell"",""For the archive"",""As quick preparatory work""]","[""As the final copy of the work"",""As a printing plate for the work"",""For restoring the work"",""As quick preparatory work""]",0.810,0.380,duzeltildi
762d9e39-d17a-4aee-abda-19d89651b80d,3,20260612000422_sik_ipucu_duzeltme_parti_3,sinema,3,1,"[""Kısaltılmış filmi"",""Onarılmış görüntü ve sesi"",""Yeni çekimi"",""Farklı kadroyu""]","[""Yeniden çekilmiş sahne ve sesi"",""Onarılmış görüntü ve sesi"",""Yönetmenin uzatılmış kurgusunu"",""Dublajlı görüntü ve sesi""]","[""A shortened film"",""Repaired picture and sound"",""New footage"",""A different cast""]","[""Reshot scenes and sound"",""Repaired picture and sound"",""The director's extended cut"",""A dubbed picture and soundtrack""]",0.850,0.310,duzeltildi
851e0c3b-cb02-47f7-a087-77dc6099f0f0,3,20260612000422_sik_ipucu_duzeltme_parti_3,spor,2,1,"[""Kas geliştirme"",""Odaklanma ve baskıyla başa çıkma"",""Esneklik çalışması"",""Kilo verme""]","[""Kas gücü ve dayanıklılık geliştirme"",""Odaklanma ve baskıyla başa çıkma"",""Esneklik ve hareket açıklığı çalışması"",""Beslenme ve kilo kontrolü yapma""]","[""Building muscle"",""Focus and coping with pressure"",""Flexibility work"",""Losing weight""]","[""Building muscle strength and endurance"",""Focus and coping with pressure"",""Flexibility and range-of-motion work"",""Nutrition and weight control""]",0.810,0.570,duzeltildi
e501c06a-15e3-4b49-8cf6-79a9b3896f29,3,20260612000422_sik_ipucu_duzeltme_parti_3,tarih,2,1,"[""Rusya Krallığı"",""Sovyetler Birliği"",""Doğu Birliği"",""Rus İmparatorluğu""]",,"[""The Kingdom of Russia"",""The Soviet Union"",""The Eastern Union"",""The Russian Empire""]",,0.850,,yazilmadi
1da6da91-a6cd-42b0-90d9-d3ff7a2289f3,3,20260612000422_sik_ipucu_duzeltme_parti_3,teknoloji,2,2,"[""Disk hızını"",""Ses seviyesini"",""Görüntüdeki piksel sayısını"",""Ağ gecikmesini""]","[""Saniyedeki kare sayısını"",""Ekrandaki renk derinliğini"",""Görüntüdeki piksel sayısını"",""Ekranın yenileme hızını""]","[""Disk speed"",""The volume"",""The number of pixels in an image"",""Network latency""]","[""The number of frames per second"",""The colour depth on screen"",""The number of pixels in an image"",""The screen refresh rate""]",0.870,0.540,duzeltildi
b472c67f-0baf-45cd-b2e6-f691d0b01236,3,20260612000422_sik_ipucu_duzeltme_parti_3,bilim,1,0,"[""Dünyanın Güneş çevresinde döndüğünü"",""Güneşin döndüğünü"",""Ayın merkez olduğunu"",""Sabit evreni""]",,"[""That the Earth goes round the Sun"",""That the Sun goes round"",""That the Moon is at the centre"",""A fixed universe""]",,0.970,,yazilmadi
de9c6540-17c4-4d5e-9938-59d33d188ddd,3,20260612000422_sik_ipucu_duzeltme_parti_3,cografya,1,1,"[""Araç sayısını artırmak"",""Toplu ve raylı sisteme geçiş"",""Yol genişletmek"",""Hız artırmak""]",,"[""Increasing the number of vehicles"",""Shifting to public transport and rail"",""Widening roads"",""Raising speeds""]",,0.980,0.970,isaretli_kaldi
64e4adef-4830-4131-9f57-051d9e2c7ea5,3,20260612000422_sik_ipucu_duzeltme_parti_3,edebiyat,2,0,"[""Ölçü, kafiye ve redif"",""Kapak"",""Yazı tipi"",""Sayfa sayısı""]","[""Ölçü, kafiye ve redif"",""İmge, mecaz ve benzetme"",""Tema, konu ve ana fikir"",""Nazım birimi ve kıta""]","[""Metre, rhyme and redif"",""The cover"",""The typeface"",""The page count""]","[""Metre, rhyme and redif"",""Imagery, metaphor and simile"",""Theme, subject and main idea"",""Stanza form and verse unit""]",0.940,0.420,duzeltildi
811c6a78-70f2-4d3f-9650-0b94a486d931,3,20260612000422_sik_ipucu_duzeltme_parti_3,genel_kultur,1,0,"[""Su"",""Yağ"",""Alkol"",""Benzin""]",,"[""Water"",""Oil"",""Alcohol"",""Petrol""]",,0.830,,yazilmadi
aa49a927-1561-4551-b643-a19e15effc89,3,20260612000422_sik_ipucu_duzeltme_parti_3,muzik,3,1,"[""Sesin kesilmesi"",""Sesin hafifçe titreşerek zenginleşmesi"",""Tempo artışı"",""Ton değişimi""]","[""Sesin kısa kesilerek vurgulanması"",""Sesin hafifçe titreşerek zenginleşmesi"",""Sesin iki nota arasında kayması"",""Sesin giderek yükselmesi""]","[""Cutting the sound off"",""Enriching the note with a slight oscillation"",""An increase in tempo"",""A change of key""]","[""Accenting notes by cutting them short"",""Enriching the note with a slight oscillation"",""Sliding between two notes"",""The sound gradually getting louder""]",0.840,0.540,duzeltildi
06d2d84e-9314-4666-b731-873d237b7293,3,20260612000422_sik_ipucu_duzeltme_parti_3,sanat,2,3,"[""Yalnızca boyutları farklıdır"",""Yalnızca konumları farklıdır"",""Yalnızca binaları farklıdır"",""Galeri genelde satış yapar""]",,"[""Size"",""Location"",""The building"",""A gallery usually sells works""]",,0.870,0.990,isaretli_kaldi
09f6db66-8788-4452-b05a-35428ee201eb,3,20260612000422_sik_ipucu_duzeltme_parti_3,sinema,3,0,"[""Saniyedeki görüntü sayısını"",""Kaydın ses kalitesini"",""Ekran çözünürlüğünü"",""Filmin toplam süresini""]","[""Saniyedeki görüntü sayısını"",""Karedeki piksel sayısını"",""Saniyedeki bit sayısını"",""Pikseldeki renk sayısını""]","[""The number of images per second"",""The sound quality"",""The resolution"",""The film's length""]","[""The number of images per second"",""The number of pixels in a frame"",""The number of bits per second"",""The number of colours per pixel""]",0.930,0.370,duzeltildi
5d08fdc1-3be0-4927-a090-b062da29ca45,3,20260612000422_sik_ipucu_duzeltme_parti_3,spor,2,0,"[""Genelde 6 ile 8"",""11"",""15"",""4""]","[""Genelde 6 ile 8"",""Genelde 3 ile 4"",""Genelde 9 ile 10"",""Genelde 11 ile 13""]","[""Usually 6 to 8"",""11"",""15"",""4""]","[""Usually 6 to 8"",""Usually 3 to 4"",""Usually 9 to 10"",""Usually 11 to 13""]",0.860,0.530,duzeltildi
0200a1b0-aed3-47c6-8f42-e024372eaae2,3,20260612000422_sik_ipucu_duzeltme_parti_3,tarih,2,3,"[""Feodalitenin güçlenmesi"",""Ticaretin durması"",""Köylerin büyümesi"",""İşçi sınıfının doğuşu""]","[""Toprak ağalığının doğuşu"",""Lonca düzeninin doğuşu"",""Şövalye sınıfının doğuşu"",""İşçi sınıfının doğuşu""]","[""The strengthening of feudalism"",""The halt of trade"",""The growth of villages"",""The birth of the working class""]","[""The rise of the landed gentry"",""The rise of the guild system"",""The rise of the knightly class"",""The birth of the working class""]",0.860,0.440,duzeltildi
4ee4d7e8-8a94-434c-b514-ffddd465492f,3,20260612000422_sik_ipucu_duzeltme_parti_3,teknoloji,2,1,"[""Yalnız ses"",""Görüntü ve ses"",""Yalnız veri"",""Yalnız güç""]",,"[""Audio only"",""Video and audio"",""Data only"",""Power only""]",,0.940,,yazilmadi
6a8bae98-9159-4f52-943a-862968cf4694,3,20260612000422_sik_ipucu_duzeltme_parti_3,bilim,1,1,"[""Yalnız sıcaklık"",""Kütle ve yer çekimi"",""Yalnız hacim"",""Yalnız renk""]","[""Sıcaklık ve hava basıncı"",""Kütle ve yer çekimi"",""Renk ve yüzey parlaklığı"",""Hız ve hareket yönü""]","[""Temperature alone"",""Mass and gravity"",""Volume alone"",""Colour alone""]","[""Temperature and air pressure"",""Mass and gravity"",""Colour and surface brightness"",""Speed and direction of motion""]",0.910,0.430,duzeltildi
7aae9c9f-05e5-4fa6-9859-a81d7ce45da1,3,20260612000422_sik_ipucu_duzeltme_parti_3,cografya,1,0,"[""İş ve eğitim olanakları"",""Temiz hava"",""Ucuz arazi"",""Sessizlik""]","[""İş ve eğitim olanakları"",""Temiz hava ve sessizlik"",""Ucuz arazi ve konut"",""Doğal ve tarımsal alanlar""]","[""Work and education"",""Clean air"",""Cheap land"",""Quiet""]","[""Work and education"",""Clean air and quiet"",""Cheap land and housing"",""Natural and farming areas""]",0.810,0.520,duzeltildi
646622e5-2ba6-4d18-a12d-519fe6dd651c,3,20260612000422_sik_ipucu_duzeltme_parti_3,edebiyat,2,3,"[""Euripides"",""Sofokles"",""Hesiodos"",""Homeros""]",,"[""Euripides"",""Sophocles"",""Hesiod"",""Homer""]",,0.910,,yazilmadi
6b73f88c-4cc3-438f-a126-ee7eda5f5031,3,20260612000422_sik_ipucu_duzeltme_parti_3,genel_kultur,1,2,"[""Monarşi"",""Oligarşi"",""Demokrasi"",""Teokrasi""]",,"[""Monarchy"",""Oligarchy"",""Democracy"",""Theocracy""]",,0.870,,yazilmadi
f52219c0-25d7-485d-b32e-7ca4db75a9c9,3,20260612000422_sik_ipucu_duzeltme_parti_3,muzik,3,3,"[""Akort etmek"",""Havayı ısıtmak"",""Sesi kesmek"",""Titreşerek ses üretmek""]",,"[""Tunes it"",""Warms the air"",""Cuts the sound off"",""Vibrates to produce the sound""]",,0.950,0.870,isaretli_kaldi
4ae5186c-a4de-445a-9be7-452bc3671a40,3,20260612000422_sik_ipucu_duzeltme_parti_3,sanat,2,0,"[""Gerekçelendirilmiş değerlendirmeye"",""Yalnız beğeniye"",""Yalnız fiyata"",""Yalnız üne""]",,"[""Reasoned judgement"",""Taste alone"",""Price alone"",""Fame alone""]",,0.970,0.950,isaretli_kaldi
cccaec8c-a799-4454-b70d-a4eeecb4f75a,3,20260612000422_sik_ipucu_duzeltme_parti_3,sinema,3,1,"[""Yalnız dile"",""Ülkeye özgü anlatı ve üretim koşullarına"",""Yalnız bütçeye"",""Yalnız salon sayısına""]","[""Uluslararası ortak yapım ve dağıtım anlaşmalarına"",""Ülkeye özgü anlatı ve üretim koşullarına"",""Hollywood tarzı yüksek bütçeli yapım koşullarına"",""Festival ödülleri ve eleştirmen puanlarına""]","[""Language alone"",""A country's distinctive narratives and conditions of production"",""The budget alone"",""The number of cinemas alone""]","[""International co-production and distribution deals"",""A country's distinctive narratives and conditions of production"",""Hollywood-style big-budget production"",""Festival awards and critics' scores""]",0.990,0.710,duzeltildi
506f8ab3-761a-45f2-a903-6fa6e6f93c9e,3,20260612000422_sik_ipucu_duzeltme_parti_3,spor,2,2,"[""Sporcu sayısına göre"",""Nüfusa göre"",""Altın madalya sayısına göre"",""Bütçeye göre""]",,"[""By number of athletes"",""By population"",""By number of gold medals"",""By budget""]",,0.820,0.940,isaretli_kaldi
76f5d165-1e3c-410f-b00b-0b91b7098466,3,20260612000422_sik_ipucu_duzeltme_parti_3,tarih,2,3,"[""Geleneği"",""İnancı"",""Soyluluğu"",""Akıl ve bilimi""]","[""Gelenek ve otoriteyi"",""Sanat ve estetiği"",""İnanç ve vahyi"",""Akıl ve bilimi""]","[""Tradition"",""Faith"",""Nobility"",""Reason and science""]","[""Tradition and authority"",""Art and aesthetics"",""Faith and revelation"",""Reason and science""]",0.920,0.800,duzeltildi
ef4c61eb-c794-450e-b4c4-30454483e4cc,3,20260612000422_sik_ipucu_duzeltme_parti_3,teknoloji,2,0,"[""Central Processing Unit"",""Central Power Unit"",""Core Processing Utility"",""Computer Personal Unit""]",,"[""Central Processing Unit"",""Central Power Unit"",""Core Processing Utility"",""Computer Personal Unit""]",,1.000,,yazilmadi
b3f00614-85b8-4320-a467-5070143d1824,3,20260612000422_sik_ipucu_duzeltme_parti_3,bilim,1,1,"[""Ağır olduğu için"",""Doğal ayrışmaya dirençli olduğu için"",""Renkli olduğu için"",""Sert olduğu için""]",,"[""Because it is heavy"",""Because it resists natural breakdown"",""Because it is coloured"",""Because it is hard""]",,0.930,0.940,isaretli_kaldi
4af370a1-557f-4db7-b5d3-21974f17e7cf,3,20260612000422_sik_ipucu_duzeltme_parti_3,cografya,1,0,"[""Bağdat"",""Basra"",""Musul"",""Erbil""]","[""Bağdat"",""Şam"",""Tahran"",""Amman""]","[""Baghdad"",""Basra"",""Mosul"",""Erbil""]","[""Baghdad"",""Damascus"",""Tehran"",""Amman""]",0.850,0.230,duzeltildi
24bc2683-223f-4c93-9c05-276e2c4ff7d9,3,20260612000422_sik_ipucu_duzeltme_parti_3,edebiyat,3,1,"[""Schiller"",""Goethe"",""Heine"",""Lessing""]",,"[""Schiller"",""Goethe"",""Heine"",""Lessing""]",,0.820,,yazilmadi
27f7e270-909e-41b0-b660-3795bf79817a,3,20260612000422_sik_ipucu_duzeltme_parti_3,genel_kultur,1,0,"[""Çapraz bulaşmayı önlemek"",""Yer kazanmak"",""Renk için"",""Koku için""]","[""Çapraz bulaşmayı önlemek"",""Vitamin kaybını önlemek"",""Nem kaybını önlemek"",""Donmayı önlemek""]","[""To prevent cross-contamination"",""To save space"",""For colour"",""For smell""]","[""To prevent cross-contamination"",""To prevent vitamin loss"",""To prevent moisture loss"",""To prevent freezing""]",0.880,0.590,duzeltildi
65f91191-73c3-4d7b-b595-51c2ba626276,3,20260612000422_sik_ipucu_duzeltme_parti_3,muzik,3,2,"[""Caetano Veloso"",""Joao Gilberto"",""Tom Jobim"",""Sergio Mendes""]",,"[""Caetano Veloso"",""Joao Gilberto"",""Tom Jobim"",""Sergio Mendes""]",,0.860,,yazilmadi
f17e64f3-890c-4a46-b7d6-139a26ecb0da,3,20260612000422_sik_ipucu_duzeltme_parti_3,sanat,2,2,"[""Rengi soldurmayı"",""Boyutu büyütmeyi"",""Bakışı belirli noktaya çekmeyi"",""Dokuyu silmeyi""]","[""Yüzeyde doku etkisi yaratmayı"",""Uzaklık ve derinlik hissi vermeyi"",""Bakışı belirli noktaya çekmeyi"",""Parçalar arasında denge kurmayı""]","[""Fading the colour"",""Enlarging the size"",""Drawing the eye to a particular point"",""Erasing the texture""]","[""Creating a sense of texture"",""Giving a sense of distance and depth"",""Drawing the eye to a particular point"",""Balancing the parts""]",0.830,0.390,duzeltildi
40cef15f-9121-4452-b180-45d47587591b,3,20260612000422_sik_ipucu_duzeltme_parti_3,sinema,3,2,"[""Parlak renkler"",""Geniş açık mekânlar"",""Sert gölgeler ve karanlık atmosfer"",""Yumuşak pastel tonlar""]","[""Parlak renkler ve müzikal numaralar"",""Geniş çöl manzaraları ve ufuk"",""Sert gölgeler ve karanlık atmosfer"",""Pastel tonlar ve simetrik kadraj""]","[""Bright colours"",""Wide open spaces"",""Hard shadows and a dark atmosphere"",""Soft pastel tones""]","[""Bright colours and musical numbers"",""Wide desert landscapes and horizons"",""Hard shadows and a dark atmosphere"",""Pastel tones and symmetrical framing""]",0.870,0.120,duzeltildi
dbd65543-c42c-4933-9e15-f2e2bc87ecd9,3,20260612000422_sik_ipucu_duzeltme_parti_3,spor,2,1,"[""Barcelona ve Espanyol"",""Real Madrid ve Barcelona"",""Sevilla ve Real Betis"",""Atlético ve Real Madrid""]",,"[""Barcelona and Espanyol"",""Real Madrid and Barcelona"",""Sevilla and Real Betis"",""Atlético and Real Madrid""]",,0.850,,yazilmadi
db7e2a14-50ce-47e5-8a23-b487cc2d9b0b,3,20260612000422_sik_ipucu_duzeltme_parti_3,tarih,2,0,"[""Söğüt ve Domaniç"",""Konya"",""Edirne"",""Sivas""]",,"[""Söğüt and Domaniç"",""Konya"",""Edirne"",""Sivas""]",,0.890,,yazilmadi
c3214e83-4eae-4726-b2d3-8b4c14e5e956,3,20260612000422_sik_ipucu_duzeltme_parti_3,teknoloji,2,0,"[""Donanım ve yazılım arasında aracılık"",""Yalnız dosya saklama"",""Yalnız ağ kurma"",""Yalnız ekran çizme""]","[""Donanım ve yazılım arasında aracılık"",""Kaynak kodu makine diline çevirme"",""Web sayfalarını görüntüleme"",""Verileri tablo halinde düzenleme""]","[""Mediating between hardware and software"",""Storing files only"",""Networking only"",""Drawing on screen only""]","[""Mediating between hardware and software"",""Translating source code into machine code"",""Displaying web pages"",""Organising data in tables""]",1.000,0.690,duzeltildi
9c5d4cd3-1ca9-40eb-bac1-b8dafcc08cba,3,20260612000422_sik_ipucu_duzeltme_parti_3,bilim,1,1,"[""Boyut"",""Yıldız kendi ışığını üretir"",""Renk"",""Yörünge""]",,"[""Size"",""A star produces its own light"",""Colour"",""Orbit""]",,0.940,1.000,isaretli_kaldi
05d350fd-0554-4324-b650-6ff8035966a3,3,20260612000422_sik_ipucu_duzeltme_parti_3,cografya,1,3,"[""Bol güneş ışığı"",""Zengin kömür yatağı"",""Sürekli rüzgâr"",""Su ve eğim""]","[""Güneş ve açıklık"",""Kömür ve maden"",""Rüzgâr ve yükselti"",""Su ve eğim""]","[""Sunshine"",""Coal"",""Wind"",""Water and a gradient""]","[""Sunshine and open land"",""Coal and mines"",""Wind and altitude"",""Water and a gradient""]",0.900,0.720,duzeltildi
2a7f0f9d-e7c4-4fde-b225-4c2e392c2acc,3,20260612000422_sik_ipucu_duzeltme_parti_3,edebiyat,3,2,"[""Okuma süresini"",""Sayfa sayısını"",""Olay ve anlatım süresi ilişkisini"",""Diyalog sayısını""]","[""Anlatıcı ve okur arasındaki mesafeyi"",""Kişi ve mekân arasındaki uyumu"",""Olay ve anlatım süresi ilişkisini"",""Bölüm ve sayfa sayısı ilişkisini""]","[""The reading time"",""The number of pages"",""The relation between story time and telling time"",""The number of dialogues""]","[""The distance between narrator and reader"",""The harmony between character and setting"",""The relation between story time and telling time"",""The ratio of chapters to pages""]",0.910,0.540,duzeltildi
146a8139-ba9e-4af1-b78e-aeb370e5a240,3,20260612000422_sik_ipucu_duzeltme_parti_3,genel_kultur,1,3,"[""Ürünün teslim edildiği günü"",""Ürünün satışa çıktığı günü"",""Ürünün üretilme gününü"",""Güvenle tüketilebilecek son günü""]",,"[""The delivery day"",""The day of sale"",""The day of production"",""The last day it can be safely consumed""]",,0.980,0.980,isaretli_kaldi
7a8ed9cf-a237-4238-a67f-00a1714dcc45,3,20260612000422_sik_ipucu_duzeltme_parti_3,muzik,3,2,"[""Controversy"",""Sign o' the Times"",""Purple Rain"",""Parade""]",,"[""Controversy"",""Sign o' the Times"",""Purple Rain"",""Parade""]",,0.820,,yazilmadi
69d1207d-337f-4ffd-8ef0-d04e963dcdc5,3,20260612000422_sik_ipucu_duzeltme_parti_3,sanat,2,3,"[""Yapılaşmanın serbest kalmasını"",""Vergi artışını"",""Nüfus artışını"",""Bölgenin koruma altına alınmasını""]",,"[""Freeing up development"",""Higher taxes"",""Population growth"",""Bringing the area under protection""]",,0.920,0.940,isaretli_kaldi
ec19416c-866a-4ec6-82d1-33dead7e38d6,3,20260612000422_sik_ipucu_duzeltme_parti_3,sinema,3,2,"[""Anlatıcı sesi"",""Canlandırmayı"",""Olaya müdahale etmeden kaydetmeyi"",""Röportajı""]","[""Olayı anlatıcı sesle yorumlamayı"",""Olayı oyuncularla yeniden canlandırmayı"",""Olaya müdahale etmeden kaydetmeyi"",""Olayı röportajlarla aktarmayı""]","[""Narration"",""Reenactment"",""Recording without intervening"",""The interview""]","[""Interpreting events with a narrator"",""Re-enacting events with actors"",""Recording without intervening"",""Relating events through interviews""]",0.840,0.790,duzeltildi
3a5037db-33a9-4314-a084-2633db94704a,3,20260612000422_sik_ipucu_duzeltme_parti_3,spor,2,0,"[""Duruş nefes ve odaklanmayı"",""Yalnız duruşu"",""Yalnız nefesi"",""Yalnız meditasyonu""]","[""Duruş nefes ve odaklanmayı"",""Sürat kuvvet ve dayanıklılığı"",""Top kontrolü ve pas oyununu"",""Ritim müzik ve koreografiyi""]","[""Posture, breath and focus"",""Posture alone"",""Breath alone"",""Meditation alone""]","[""Posture, breath and focus"",""Speed, strength and stamina"",""Ball control and passing"",""Rhythm, music and choreography""]",0.980,0.330,duzeltildi
747f09a2-1565-4a24-8980-4231cc3af247,3,20260612000422_sik_ipucu_duzeltme_parti_3,tarih,2,3,"[""Numa ve Tullus"",""Kastor ve Polluks"",""Aeneas ve Dido"",""Romulus ve Remus""]",,"[""Numa and Tullus"",""Castor and Pollux"",""Aeneas and Dido"",""Romulus and Remus""]",,0.910,,yazilmadi
52e3181a-8526-4c6e-a107-9d1dd4fbe851,3,20260612000422_sik_ipucu_duzeltme_parti_3,teknoloji,2,2,"[""Nüfusu artırmak"",""Yapılaşmayı artırmak"",""Kaynakları verimli yönetmek"",""Trafiği artırmak""]",,"[""Increasing the population"",""Increasing construction"",""Managing resources efficiently"",""Increasing traffic""]",,0.980,0.940,isaretli_kaldi
6f44a03f-bcf1-4d62-8649-50c1275a2bc9,4,20260612000997_sik_ipucu_duzeltme_parti_4,teknoloji,3,2,"[""Yalnız masaüstü uyum"",""Renk azaltma"",""Farklı ekranlarda uyumlu görünüm"",""Ses eklemek""]","[""Yalnız yazıcı çıktısı uyumu"",""Sayfa yükleme süresini kısaltma"",""Farklı ekranlarda uyumlu görünüm"",""Veritabanı yedekleme""]","[""Desktop-only fit"",""Reducing colours"",""A layout that works on different screens"",""Adding sound""]","[""Print-only formatting"",""Shortening page load time"",""A layout that works on different screens"",""Backing up databases""]",0.950,0.730,duzeltildi
2b2d5c5c-80ed-41c5-9f51-cbbbb43a5472,4,,bilim,2,2,"[""Sesin yüksekliğini"",""Sesin süresini"",""Sesin kendine özgü niteliğini"",""Sesin şiddetini""]",,"[""The pitch of a sound"",""The duration of a sound"",""The distinctive quality of a sound"",""The loudness of a sound""]",,0.800,,isaretli_kaldi
421e4ae9-067b-45a2-a56c-05f6f8bb29b9,4,,cografya,3,2,"[""Rüzgâr hızı"",""Nem"",""Enlem ve ışınım açısı"",""Toprak türü""]",,"[""Wind speed"",""Humidity"",""Latitude and the angle of radiation"",""Soil type""]",,0.930,,isaretli_kaldi
439acb72-a143-4abd-9ccb-0b043d16b10c,4,20260612000997_sik_ipucu_duzeltme_parti_4,tarih,3,3,"[""İkincil yorum sunması"",""Kurgu içermesi"",""Sadece harita içermesi"",""Birincil kaynak sunması""]","[""Modern yorum sunması"",""Edebî eser içermesi"",""Yalnızca vergi tahriri içermesi"",""Birincil kaynak sunması""]","[""They offer secondary interpretation"",""They contain fiction"",""They only contain maps"",""They offer primary sources""]","[""They offer modern interpretation"",""They contain literary works"",""They only contain tax registers"",""They offer primary sources""]",0.850,0.660,duzeltildi
32199470-c435-4486-9cb0-af6b88f20a93,4,20260612000997_sik_ipucu_duzeltme_parti_4,spor,3,2,"[""Popülariteyi"",""Bilet satışını"",""Tarafsızlık ve seviyeyi"",""Yaş sınırını""]","[""Kulüp bütçesini ve gelirini"",""Forma sponsorluğunu ve reklamı"",""Tarafsızlık ve seviyeyi"",""Maç tarihini ve saatini""]","[""Popularity"",""Ticket sales"",""Impartiality and level"",""The age limit""]","[""Club budget and revenue"",""Jersey sponsorship and advertising"",""Impartiality and level"",""Match date and time""]",0.840,0.400,duzeltildi
6bc281fe-aec2-458a-b2d8-a4f16ee370d0,4,,sanat,3,3,"[""Oyuncu, dekor, ışık"",""Ses, ışık, kostüm"",""Perde, sahne, koro"",""Yer, zaman ve olay birliği""]",,"[""Actor, set, light"",""Sound, light, costume"",""Curtain, stage, chorus"",""Unity of place, time and action""]",,0.910,,isaretli_kaldi
c48c831c-0420-49b3-9dc8-8039eca3ef82,4,,genel_kultur,2,3,"[""Köln"",""Münih"",""Hamburg"",""Berlin""]",,"[""Cologne"",""Munich"",""Hamburg"",""Berlin""]",,0.850,,isaretli_kaldi
add467d2-2f81-45b4-b3c9-5389e82e6a55,4,20260612000997_sik_ipucu_duzeltme_parti_4,edebiyat,3,1,"[""Attila İlhan"",""Nâzım Hikmet"",""Rıfat Ilgaz"",""Ahmed Arif""]","[""Orhan Veli Kanık"",""Nâzım Hikmet"",""Cemal Süreya"",""Can Yücel""]","[""Attila İlhan"",""Nâzım Hikmet"",""Rıfat Ilgaz"",""Ahmed Arif""]","[""Orhan Veli Kanık"",""Nâzım Hikmet"",""Cemal Süreya"",""Can Yücel""]",0.700,0.460,duzeltildi
f07d887f-eb8e-4893-a2c3-a5e5947a3c6a,4,20260612000997_sik_ipucu_duzeltme_parti_4,sinema,3,2,"[""Hans Zimmer"",""Jerry Goldsmith"",""John Williams"",""Danny Elfman""]","[""Ennio Morricone"",""Jerry Goldsmith"",""John Williams"",""Bernard Herrmann""]","[""Hans Zimmer"",""Jerry Goldsmith"",""John Williams"",""Danny Elfman""]","[""Ennio Morricone"",""Jerry Goldsmith"",""John Williams"",""Bernard Herrmann""]",0.800,0.700,duzeltildi
51445e39-b8b0-49cd-8901-5c2c485f5fad,4,20260612000997_sik_ipucu_duzeltme_parti_4,muzik,3,0,"[""George Martin"",""Brian Epstein"",""Joe Meek"",""Glyn Johns""]","[""George Martin"",""Phil Spector"",""Tony Visconti"",""Glyn Johns""]","[""George Martin"",""Brian Epstein"",""Joe Meek"",""Glyn Johns""]","[""George Martin"",""Phil Spector"",""Tony Visconti"",""Glyn Johns""]",0.930,0.600,duzeltildi
d38e9df6-b76f-4eaa-baa9-0493bbc48cd3,4,20260612000997_sik_ipucu_duzeltme_parti_4,teknoloji,3,0,"[""Kaynakların ihtiyaca göre artırılabilmesi"",""Donanım azlığı"",""Sabit kapasite"",""Ağ kesintisi""]","[""Kaynakların ihtiyaca göre artırılabilmesi"",""Verilerin şifrelenerek saklanması"",""Sunucuların fiziksel olarak taşınması"",""Yazılımların otomatik güncellenmesi""]","[""Resources can be increased as needed"",""A shortage of hardware"",""Fixed capacity"",""A network outage""]","[""Resources can be increased as needed"",""Data being stored in encrypted form"",""Servers being physically relocated"",""Software being updated automatically""]",0.940,0.620,duzeltildi
57dc74ef-5105-4fae-be79-3f30862740d0,4,,bilim,2,3,"[""Soğuk yıldız"",""Gaz bulutu"",""Boş uzay"",""Çekimi ışığı bile bırakmayan cisim""]",,"[""A cold star"",""A gas cloud"",""Empty space"",""A body whose gravity lets not even light escape""]",,0.980,,isaretli_kaldi
f13ae585-a08a-4500-933a-56ea70c5174b,4,,cografya,2,0,"[""Levha tektoniği"",""İklim kuramı"",""Deniz kuramı"",""Erozyon kuramı""]",,"[""Plate tectonics"",""Climate theory"",""Ocean theory"",""Erosion theory""]",,0.820,,isaretli_kaldi
9324d208-f86a-4098-b8c2-faa1b30479bd,4,20260612000997_sik_ipucu_duzeltme_parti_4,tarih,3,0,"[""Ellis Adası"",""Staten Adası"",""Roosevelt Adası"",""Governors Adası""]","[""Ellis Adası"",""Staten Adası"",""Roosevelt Adası"",""Governors Adası""]","[""Ellis Island"",""Staten Island"",""Roosevelt Island"",""Governors Island""]","[""Ellis Island"",""Staten Island"",""Roosevelt Island"",""Governors Island""]",0.730,0.720,duzeltildi
6995e259-b89d-4906-adbf-f1c049a73ce3,4,20260612000997_sik_ipucu_duzeltme_parti_4,spor,3,2,"[""Uzunluğa"",""Renge"",""Oturuş ve kürek biçimine"",""Ağırlığa""]","[""Gövde malzemesine ve üretim yöntemine"",""Su akıntısına ve rota uzunluğuna"",""Oturuş ve kürek biçimine"",""Kullanılan yelken ve dümen tipine""]","[""Length"",""Colour"",""The seating position and the paddle"",""Weight""]","[""The hull material and the manufacturing method"",""The water current and the route length"",""The seating position and the paddle"",""The sail and the rudder type used""]",0.870,0.260,duzeltildi
977861f6-a962-40fc-bc23-6c945ecf501f,4,,sanat,3,1,"[""Ricardo Bofill"",""Antoni Gaudí"",""Josep Puig i Cadafalch"",""Lluís Domènech i Montaner""]",,"[""Ricardo Bofill"",""Antoni Gaudí"",""Josep Puig i Cadafalch"",""Lluís Domènech i Montaner""]",,0.930,,isaretli_kaldi
1a72a20a-95e0-42c5-a6b9-2d8438830847,4,20260612000997_sik_ipucu_duzeltme_parti_4,genel_kultur,3,1,"[""Ev taşımak"",""Gözden düşmek"",""Ayakkabı almak"",""Çatı yapmak""]","[""Borcunu ödemek"",""Gözden düşmek"",""Yolculuğa çıkmak"",""Başarıyı kutlamak""]",,,0.790,0.330,duzeltildi
b0ecdf77-af94-4508-9a08-1a5e1e7cf083,4,20260612000997_sik_ipucu_duzeltme_parti_4,edebiyat,3,3,"[""Dan Brown"",""Conan Doyle"",""Simenon"",""Agatha Christie""]","[""Dorothy L. Sayers"",""Arthur Conan Doyle"",""Georges Simenon"",""Agatha Christie""]","[""Dan Brown"",""Conan Doyle"",""Simenon"",""Agatha Christie""]","[""Dorothy L. Sayers"",""Arthur Conan Doyle"",""Georges Simenon"",""Agatha Christie""]",0.620,0.720,duzeltildi
6520d85c-be5e-47ef-b7e0-a39a202667d7,4,,sinema,3,3,"[""Arbogast Inn"",""Crane Motel"",""Loomis Motel"",""Bates Motel""]",,"[""Arbogast Inn"",""Crane Motel"",""Loomis Motel"",""Bates Motel""]",,0.970,,isaretli_kaldi
ca729cb5-0349-457e-84f0-973c41155f02,4,20260612000997_sik_ipucu_duzeltme_parti_4,muzik,3,0,"[""Bir sesi referanssız tanıyabilme"",""Yüksek sesle söyleme"",""Nota yazma"",""Hızlı çalma""]","[""Bir sesi referanssız tanıyabilme"",""İki sesin arasındaki aralığı bulabilme"",""Duyduğu ezgiyi ritmiyle tekrar edebilme"",""Bir şarkının tonunu yarım perde değiştirebilme""]","[""Being able to name a note without a reference"",""Singing loudly"",""Writing notation"",""Playing fast""]","[""Being able to name a note without a reference"",""Being able to find the interval between two notes"",""Being able to repeat a heard melody with its rhythm"",""Being able to shift a song's key by a semitone""]",0.930,0.610,duzeltildi
9e05f57a-e17a-4259-b988-717b0736aef5,4,,teknoloji,3,2,"[""Ses üretir"",""Veri şifreler"",""Web sayfasının yapısını tanımlar"",""Sunucu yönetir""]",,"[""Producing sound"",""Encrypting data"",""Defining the structure of a web page"",""Managing servers""]",,0.890,,isaretli_kaldi
c913b456-fe9b-447b-a855-e68ce6121c17,4,,bilim,2,0,"[""Sonucun güvenilirliğini göstermesi"",""Maliyeti düşürmesi"",""Süreyi kısaltması"",""Yayını kolaylaştırması""]",,"[""It shows the result is reliable"",""It lowers the cost"",""It shortens the time"",""It makes publication easier""]",,0.810,,isaretli_kaldi
b3df4a91-0155-4667-a3d0-83999771f0b9,4,,cografya,3,3,"[""Kuraklığın kalıcı olması"",""İkisinin aynı olması"",""Çölleşmenin geçici olması"",""Çölleşmenin kalıcı bozulma olması""]",,"[""Drought is permanent"",""They are the same"",""Desertification is temporary"",""Desertification is permanent degradation""]",,0.930,,isaretli_kaldi
d9342cf8-2223-4c77-86fa-84545a4daef8,4,,tarih,3,1,"[""Cheyenne Pass"",""Promontory Summit"",""Council Bluffs"",""Sacramento Junction""]",,"[""Cheyenne Pass"",""Promontory Summit"",""Council Bluffs"",""Sacramento Junction""]",,0.970,,isaretli_kaldi
ee03439d-6862-4b59-af84-3f6668496db0,4,20260612000997_sik_ipucu_duzeltme_parti_4,spor,3,3,"[""Kaleye şut atmayı"",""Taç atmayı"",""Korner kullanmayı"",""Kalecinin ayakla gelen geri pası elle almasını""]","[""Oyuncunun kaleciye sözlü talimat vermesini"",""Savunmacının topu kendi ceza sahasında kafayla oynamasını"",""Hakemin oyunu avantaj için devam ettirmesini"",""Kalecinin ayakla gelen geri pası elle almasını""]","[""Shooting at goal"",""Taking a throw-in"",""Taking a corner"",""The keeper handling a deliberate pass from a team-mate's foot""]","[""A player giving verbal instructions to the keeper"",""A defender heading the ball inside his own penalty area"",""The referee letting play continue for an advantage"",""The keeper handling a deliberate pass from a team-mate's foot""]",0.830,0.660,duzeltildi
54882261-79e1-47d3-a5a6-3fb87c1a7da1,4,20260612000997_sik_ipucu_duzeltme_parti_4,sanat,3,3,"[""Mauritshuis"",""Van Gogh Müzesi"",""Stedelijk"",""Rijksmuseum""]","[""Frans Hals Müzesi"",""Van Gogh Müzesi"",""Boijmans Müzesi"",""Rijksmuseum""]","[""Mauritshuis"",""Van Gogh Museum"",""Stedelijk"",""Rijksmuseum""]","[""Frans Hals Museum"",""Van Gogh Museum"",""Boijmans Museum"",""Rijksmuseum""]",0.770,0.640,duzeltildi
3aec3d2f-347c-4ab3-8271-a24ed63003b8,4,,genel_kultur,3,0,"[""Chanel No. 5"",""Coco Mademoiselle"",""Arpège"",""Chanel No. 19""]",,"[""Chanel No. 5"",""Coco Mademoiselle"",""Arpège"",""Chanel No. 19""]",,0.910,,isaretli_kaldi
c9a981b2-d8ac-4bbb-9278-f601a0165e68,4,20260612000997_sik_ipucu_duzeltme_parti_4,edebiyat,3,1,"[""Uzun destanlar"",""Sade dil ve gündelik konular"",""Aruz ölçüsü"",""Ağır dil""]","[""Divan edebiyatı nazım biçimleri"",""Sade dil ve gündelik konular"",""Hece ölçüsü ve dörtlük düzeni"",""Mitolojik ve dinî temalar""]","[""Long epics"",""Plain language and everyday subjects"",""The aruz metre"",""Heavy language""]","[""Divan literature verse forms"",""Plain language and everyday subjects"",""Syllabic metre and quatrain structure"",""Mythological and religious themes""]",0.850,0.200,duzeltildi
a99e9745-14d3-4b2d-8f81-f6d2dc7a28a5,4,,sinema,3,1,"[""Rocket Pizza"",""Pizza Planet"",""Star Pizza"",""Pizza Galaxy""]",,"[""Rocket Pizza"",""Pizza Planet"",""Star Pizza"",""Pizza Galaxy""]",,0.990,,isaretli_kaldi
8ba63c9a-990b-4ef4-bc86-61f5fe512e78,4,,muzik,3,2,"[""Gövde boyutunu"",""Tel sayısını"",""Çalabildiği en pes ve en tiz aralık"",""Ağırlığını""]",,"[""The size of its body"",""The number of strings"",""The range from its lowest to its highest note"",""Its weight""]",,0.900,,isaretli_kaldi
5316a8a7-9979-4ee5-843f-f41cf53d61a3,4,,teknoloji,3,2,"[""Sürekli silinmesi"",""Sonsuz kapasiteli olması"",""Kalıcı ve genelde salt okunur olması"",""Ağ üzerinden çalışması""]",,"[""Being erased constantly"",""Having infinite capacity"",""Being permanent and generally read-only"",""Working over a network""]",,0.870,,isaretli_kaldi
a9db0385-7c11-46d2-89a2-e8b2af76e615,4,,bilim,3,1,"[""Metil salisilat"",""Asetilsalisilik asit"",""Askorbik asit"",""Asetik anhidrit""]",,"[""Methyl salicylate"",""Acetylsalicylic acid"",""Ascorbic acid"",""Acetic anhydride""]",,0.730,,isaretli_kaldi
856faf98-9751-4a84-b11b-a8a1e42992e9,4,,cografya,2,1,"[""Ulaşımın azalması"",""Mekânsal etkileşimin artması"",""İletişimin azalması"",""Ticaretin bitmesi""]",,"[""Less transport"",""More interaction across space"",""Less communication"",""The end of trade""]",,0.930,,isaretli_kaldi
2721eb1b-0b29-4c4a-83f6-fdca5bd9adfd,4,,tarih,3,0,"[""Sabiha Gökçen"",""Edibe Subaşı"",""Leman Bozkurt"",""Bedriye Tahir""]",,"[""Sabiha Gökçen"",""Edibe Subaşı"",""Leman Bozkurt"",""Bedriye Tahir""]",,0.900,,isaretli_kaldi
97514cec-6084-463c-a960-46c685e0b0da,4,,spor,3,3,"[""John Naber"",""Matt Biondi"",""Don Schollander"",""Mark Spitz""]",,"[""John Naber"",""Matt Biondi"",""Don Schollander"",""Mark Spitz""]",,0.870,,isaretli_kaldi
2bd40f64-e6ef-4ac5-ba4d-4897868cabf3,4,20260612000997_sik_ipucu_duzeltme_parti_4,sanat,3,2,"[""Geniş fırça darbesine"",""Spatula kullanımına"",""Küçük renk noktalarına"",""Sprey boyaya""]","[""Kısa çapraz çizgilere"",""Yarı saydam sır katmanlarına"",""Küçük renk noktalarına"",""Keskin siyah konturlara""]","[""Broad brushstrokes"",""The use of a palette knife"",""Small dots of colour"",""Spray paint""]","[""Short diagonal hatching strokes"",""Layers of translucent glaze"",""Small dots of colour"",""Sharp black outlines""]",0.890,0.620,duzeltildi
5df2592b-fb06-4379-9f9f-3c29209c2379,4,20260612000997_sik_ipucu_duzeltme_parti_4,genel_kultur,3,2,"[""Galata Köprüsü"",""Haliç Köprüsü"",""Boğaziçi Köprüsü"",""Fatih Köprüsü""]","[""Yavuz Sultan Selim Köprüsü"",""Osmangazi Köprüsü"",""Boğaziçi Köprüsü"",""Fatih Sultan Mehmet Köprüsü""]","[""Galata Bridge"",""Golden Horn Bridge"",""Bosphorus Bridge"",""Fatih Bridge""]","[""Yavuz Sultan Selim Bridge"",""Osmangazi Bridge"",""Bosphorus Bridge"",""Fatih Sultan Mehmet Bridge""]",0.810,0.580,duzeltildi
bb7da62a-f8a6-49d9-a32c-1a642aaa7682,4,20260612000997_sik_ipucu_duzeltme_parti_4,edebiyat,3,0,"[""Acıklı ve gülünç yanları birlikte vermesi"",""Yalnız acıklı"",""Ölçülü olması"",""Yalnız gülünç""]","[""Acıklı ve gülünç yanları birlikte vermesi"",""Kahramanın soylu kişilerden seçilmesi"",""Yalnızca nazım biçiminde yazılması"",""Üç birlik kuralına sıkı sıkıya uyması""]","[""Giving the sorrowful and the comic together"",""Only the sorrowful"",""Being measured"",""Only the comic""]","[""Giving the sorrowful and the comic together"",""Choosing its hero from among noble figures"",""Being written only in verse form"",""Strictly obeying the rule of three unities""]",0.920,0.700,duzeltildi
b6f3417f-b94a-435f-9109-4bae5e6f035e,4,,sinema,3,2,"[""Işık ölçmek"",""Kostüm dikmek"",""Sahneleri önceden görselleştirmek"",""Bilet basmak""]",,"[""Metering light"",""Sewing costumes"",""Visualising the scenes in advance"",""Printing tickets""]",,0.890,,isaretli_kaldi
b94f72de-04d5-40d7-8591-3d1c803e4e52,4,,muzik,3,1,"[""Renge"",""Yankı süresi ve yayılıma"",""Koltuk rengine"",""Bilet fiyatına""]",,"[""Colour"",""Reverberation time and diffusion"",""The colour of the seats"",""The ticket price""]",,0.870,,isaretli_kaldi
b77c4fd6-5402-4df7-aecc-829a9a7e09e1,4,,teknoloji,3,1,"[""Yeni ürün geliştirmeyi"",""Büyük kesintide sistemi geri getirmeyi"",""Pazarlama planını"",""İşe alımı""]",,"[""Developing a new product"",""Bringing the system back after a major outage"",""The marketing plan"",""Recruitment""]",,0.810,,isaretli_kaldi
f9651604-8c3e-4cad-b01f-86d71013c7e1,4,20260612000997_sik_ipucu_duzeltme_parti_4,bilim,3,2,"[""Metalleri"",""Gazları yalnızca"",""Karışımdaki bileşenleri"",""Tuzları yalnızca""]","[""Çözeltideki iyonların yükünü"",""Sıvıların kaynama noktalarını"",""Karışımdaki bileşenleri"",""Atomların çekirdek parçacıklarını""]","[""Metals"",""Gases only"",""The components of a mixture"",""Salts only""]","[""The ionic charges in a solution"",""The boiling points of liquids"",""The components of a mixture"",""The nuclear particles of atoms""]",0.890,0.340,duzeltildi
af156f9b-a3e3-415f-848b-563f91bb8957,4,20260612000997_sik_ipucu_duzeltme_parti_4,cografya,2,1,"[""Kuraklık"",""Aşırı yağış ve eğim"",""Rüzgâr"",""Yüksek sıcaklık""]","[""Düşük hava basıncı ve sis"",""Aşırı yağış ve eğim"",""Kutup rüzgârlarının şiddeti"",""Gelgit hareketleri ve tuzluluk""]","[""Drought"",""Heavy rainfall and a steep slope"",""Wind"",""High temperature""]","[""Low air pressure and fog"",""Heavy rainfall and a steep slope"",""Intensity of polar winds"",""Tidal movements and salinity""]",0.800,0.120,duzeltildi
2750c56f-272d-45d1-805f-0db5301c4443,4,,tarih,3,0,"[""Devlet işlerinin görüşüldüğü kurul"",""Askerî birlik"",""Vergi dairesi"",""Mahkeme binası""]",,"[""The council where state affairs were discussed"",""A military unit"",""A tax office"",""A courthouse""]",,0.900,,isaretli_kaldi
b9b3d4c7-ece8-4bfc-9136-db15390e5fb3,4,,spor,3,2,"[""Yarış için"",""Ölçüm için"",""Yükseklik uyumu ve dinlenme için"",""Eğitim için""]",,"[""For racing"",""For measurement"",""For acclimatisation and rest"",""For training""]",,0.650,,isaretli_kaldi
8a48a58d-10b4-4229-9a16-bf0b788174b9,4,,sanat,3,2,"[""Sharaku"",""Hiroshige"",""Hokusai"",""Utamaro""]",,"[""Sharaku"",""Hiroshige"",""Hokusai"",""Utamaro""]",,0.820,,isaretli_kaldi
731e635b-14cf-450b-81db-7d16ac28484d,4,20260612000997_sik_ipucu_duzeltme_parti_4,genel_kultur,2,0,"[""İşlemleri resmen onaylamak"",""Ceza vermek"",""Vergi toplamak"",""Dava açmak""]","[""İşlemleri resmen onaylamak"",""Davaları karara bağlamak"",""Kimlik belgelerini düzenlemek"",""Tapu kayıtlarını tutmak""]","[""Certifying transactions officially"",""Imposing penalties"",""Collecting taxes"",""Bringing lawsuits""]","[""Certifying transactions officially"",""Deciding court cases"",""Issuing identity documents"",""Keeping land registry records""]",0.720,0.190,duzeltildi
33527893-0e03-4ec4-bf91-d927eece1295,4,,edebiyat,3,0,"[""İki veya daha çok sesin benzerliğine"",""Tek sese"",""Anlama"",""Vurguya""]",,"[""Two or more matching sounds"",""A single sound"",""Meaning"",""Stress""]",,0.840,,isaretli_kaldi
06a64086-5099-4a4b-9a28-6eabf23c19f3,4,20260612000997_sik_ipucu_duzeltme_parti_4,sinema,3,0,"[""1,21 gigavat"",""2,42 gigavat"",""1,21 megavat"",""0,88 gigavat""]","[""1,21 gigavat"",""1,88 gigavat"",""2,21 gigavat"",""0,88 gigavat""]","[""1.21 gigawatts"",""2.42 gigawatts"",""1.21 megawatts"",""0.88 gigawatts""]","[""1.21 gigawatts"",""1.88 gigawatts"",""2.21 gigawatts"",""0.88 gigawatts""]",0.790,0.490,duzeltildi
ae103116-f802-4b4f-8293-05d1e1d70825,4,,muzik,3,0,"[""Temel frekansın katlarıyla"",""Sessizlikle"",""Yankıyla"",""Vurmayla""]",,"[""From multiples of the fundamental frequency"",""From silence"",""From an echo"",""From striking""]",,0.890,,isaretli_kaldi
57a24725-ebb5-4eb2-b3e5-471462bd4c44,4,20260612000997_sik_ipucu_duzeltme_parti_4,teknoloji,3,0,"[""Sistemin erişilebilir kaldığı süreyi"",""Kod uzunluğunu"",""Kullanıcı sayısını"",""Veri boyutunu""]","[""Sistemin erişilebilir kaldığı süreyi"",""Sistemin yanıt verme hızını"",""Sistemin işlem yapabildiği kullanıcı kapasitesini"",""Sistemin ağ üzerinden aktarabildiği veri miktarını""]","[""How long a system stays reachable"",""The length of the code"",""The number of users"",""The size of the data""]","[""How long a system stays reachable"",""How fast a system responds to requests"",""How many users a system can handle"",""How much data a system can transfer over a network""]",0.910,0.650,duzeltildi
a9cf0d63-2bc4-4f40-abcc-65b7d64a7ae1,4,20260612000997_sik_ipucu_duzeltme_parti_4,bilim,3,0,"[""Ağaç halkalarına"",""Kemik yoğunluğuna"",""Toprak rengine"",""Sikke ağırlığına""]","[""Ağaç halkalarına"",""Kaya katmanlarına"",""Buzul çökellerine"",""Mercan kabuklarına""]","[""Tree rings"",""Bone density"",""Soil colour"",""The weight of coins""]","[""Tree rings"",""Rock layers"",""Glacial sediments"",""Coral shells""]",0.870,0.750,duzeltildi
f3253ba7-7ce3-44ed-ba7c-30a1a781d62d,4,20260612000997_sik_ipucu_duzeltme_parti_4,cografya,3,3,"[""Akabe"",""İrbid"",""Zerka"",""Amman""]","[""Akabe"",""Kerek"",""Zerka"",""Amman""]","[""Aqaba"",""Irbid"",""Zarqa"",""Amman""]","[""Aqaba"",""Karak"",""Zarqa"",""Amman""]",0.910,0.730,duzeltildi
1bb59c0d-c1d3-4507-9fc4-95d1ee5420cc,4,,tarih,3,3,"[""Yalnız savaşları"",""Yalnız kralları"",""Yalnız antlaşmaları"",""Gündelik yaşam ve grupları""]",,"[""Only wars"",""Only kings"",""Only treaties"",""Everyday life and social groups""]",,0.990,,isaretli_kaldi
9050520b-1681-4e86-b687-fb6268cd5661,4,20260612000997_sik_ipucu_duzeltme_parti_4,spor,3,0,"[""Liverpool"",""Leeds United"",""Aston Villa"",""Everton""]","[""Liverpool"",""Newcastle United"",""Manchester City"",""Tottenham Hotspur""]","[""Liverpool"",""Leeds United"",""Aston Villa"",""Everton""]","[""Liverpool"",""Newcastle United"",""Manchester City"",""Tottenham Hotspur""]",0.860,0.360,duzeltildi
198bc500-a569-46b5-bff7-6ccc7b9a5dc0,4,20260612000997_sik_ipucu_duzeltme_parti_4,sanat,3,0,"[""Sanatçı teknik ve tarih"",""Bilet fiyatı"",""Sponsor"",""Salon adı""]","[""Sanatçı teknik ve tarih"",""Sigorta bedeli ve nakliye firması"",""Koleksiyoncunun adres bilgisi"",""Sergi kürsüsü ve ışık düzeni""]","[""Artist, technique and date"",""The ticket price"",""The sponsor"",""The name of the hall""]","[""Artist, technique and date"",""Insurance value and shipping company"",""The collector's home address"",""The display stand and lighting layout""]",0.930,0.630,duzeltildi
9bdc5ecd-3c67-4122-8a76-ad2fe5b5ac67,4,20260612000997_sik_ipucu_duzeltme_parti_4,genel_kultur,3,1,"[""Gizli eser"",""Kamu malı"",""Taslak"",""Yasak eser""]","[""Özel mülk"",""Kamu malı"",""Lisanslı eser"",""Koruma altı eser""]","[""Secret works"",""Public domain"",""Drafts"",""Banned works""]","[""Private property"",""Public domain"",""Licensed works"",""Protected works""]",0.870,0.700,duzeltildi
3f5a222a-df08-4442-bd1f-72fe81b90fb8,4,20260612000997_sik_ipucu_duzeltme_parti_4,edebiyat,3,0,"[""Oscar Wilde"",""Shaw"",""Stevenson"",""Conrad""]","[""Oscar Wilde"",""Thomas Hardy"",""Bram Stoker"",""Henry James""]","[""Oscar Wilde"",""Shaw"",""Stevenson"",""Conrad""]","[""Oscar Wilde"",""Thomas Hardy"",""Bram Stoker"",""Henry James""]",0.830,0.250,duzeltildi
51c8d5c3-e55f-45ad-a026-ed1a253a74cb,4,,sinema,3,3,"[""Park Chan-wook"",""Kim Ki-duk"",""Lee Chang-dong"",""Bong Joon-ho""]",,"[""Park Chan-wook"",""Kim Ki-duk"",""Lee Chang-dong"",""Bong Joon-ho""]",,0.880,,isaretli_kaldi
acebd19b-c578-4949-b34a-543af8c30fd8,4,,muzik,3,1,"[""Yüksekliği"",""Çalgı ve sesin kendine özgü rengini"",""Süreyi"",""Tempoyu""]",,"[""The pitch"",""The distinctive colour of an instrument or voice"",""The duration"",""The tempo""]",,0.950,,isaretli_kaldi
c4876fa1-73e4-45e7-beb0-8e94a644b080,4,,teknoloji,3,3,"[""Kullanıcı adı"",""E-posta adresi"",""Doğum tarihi"",""Tek kullanımlık kod""]",,"[""The user name"",""The email address"",""The date of birth"",""A one-time code""]",,0.690,,isaretli_kaldi
e4e528a2-72c1-403a-8468-9b694935cdea,4,20260612000997_sik_ipucu_duzeltme_parti_4,bilim,3,3,"[""Günleri"",""Yılları"",""Mevsimleri"",""Yer tarihini dönemlere""]","[""Kayaçları sertliğine göre sınıflara"",""Fosilleri boyutlarına göre gruplara"",""Depremleri şiddetine göre dereceler"",""Yer tarihini dönemlere""]","[""Days"",""Years"",""Seasons"",""The Earth's history into periods""]","[""Rocks into classes by hardness"",""Fossils into groups by size"",""Earthquakes into levels by intensity"",""The Earth's history into periods""]",0.890,0.540,duzeltildi
46f38914-35f6-404e-ba7a-9114f4c113b1,4,20260612000997_sik_ipucu_duzeltme_parti_4,cografya,2,2,"[""Toplam su miktarı"",""Yağış miktarı"",""Havanın taşıyabileceği neme oranı"",""Basınç""]","[""Havadaki toplam su buharı miktarı"",""Bulutlardan düşen su miktarı"",""Havanın taşıyabileceği neme oranı"",""Havanın yüzeye uyguladığı basınç oranı""]","[""The total amount of water"",""The amount of rainfall"",""The ratio to the moisture the air can hold"",""The pressure""]","[""The total amount of water vapor in the air"",""The amount of water falling from clouds"",""The ratio to the moisture the air can hold"",""The ratio of air pressure exerted on the surface""]",0.910,0.730,duzeltildi
84502199-565b-454a-ae05-6c3b066f7f4b,4,,tarih,3,2,"[""1645"",""1529"",""1683"",""1717""]",,"[""1645"",""1529"",""1683"",""1717""]",,0.870,,isaretli_kaldi
d6fed4ce-9b80-493a-8b59-b10727ee7544,4,,spor,3,0,"[""İppon"",""Waza-ari"",""Yuko"",""Koka""]",,"[""Ippon"",""Waza-ari"",""Yuko"",""Koka""]",,0.920,,isaretli_kaldi
2dbb9936-7635-4f0d-96b7-682a72689b17,4,20260612000997_sik_ipucu_duzeltme_parti_4,sanat,3,0,"[""Sanatçının bedeni ve eylemi"",""Tuval"",""Mermer"",""Bronz""]","[""Sanatçının bedeni ve eylemi"",""Boyalı tuval ve fırça"",""Oyulmuş mermer blok"",""Dökümlü bronz heykel""]","[""The artist's body and actions"",""Canvas"",""Marble"",""Bronze""]","[""The artist's body and actions"",""Painted canvas and brush"",""Carved marble block"",""Cast bronze sculpture""]",0.800,0.620,duzeltildi
3f098067-9e2e-4860-954d-9c15d28c7f8e,4,,genel_kultur,2,1,"[""Her zaman"",""Hayati tehlike varsa"",""Asla"",""Kalabalık varsa""]",,"[""Always"",""If there is a threat to life"",""Never"",""If there is a crowd""]",,0.690,,isaretli_kaldi
54ed9d7d-8c71-4ca8-84b9-750cc59e0ea2,4,20260612000997_sik_ipucu_duzeltme_parti_4,edebiyat,3,3,"[""Kent yaşamını"",""Sarayı"",""Denizi"",""Anadolu insanını ve coğrafyasını""]","[""İstanbul beyefendilerinin salon hayatını"",""Osmanlı divan geleneğinin aşk temalarını"",""Doğu Avrupa göçmenlerinin gurbet hikâyelerini"",""Anadolu insanını ve coğrafyasını""]","[""City life"",""The palace"",""The sea"",""The people and landscape of Anatolia""]","[""The salon life of Istanbul gentlemen"",""The love themes of the Ottoman divan tradition"",""The homesickness stories of Eastern European immigrants"",""The people and landscape of Anatolia""]",0.800,0.610,duzeltildi
361d5d6f-0a90-44d6-a657-7507dfaa768e,4,20260612000997_sik_ipucu_duzeltme_parti_4,sinema,3,3,"[""Film çekmek"",""Oyuncu yetiştirmek"",""Bilet dağıtmak"",""Sinema mirasını göstermek ve korumak""]","[""Filmleri yurt dışına satmak ve dağıtmak"",""Sinema oyuncularına ödül vermek ve tanıtmak"",""Yeni çıkan filmleri vizyona sokmak ve yaymak"",""Sinema mirasını göstermek ve korumak""]","[""Making films"",""Training actors"",""Distributing tickets"",""Showing and preserving the heritage of cinema""]","[""Selling films abroad and distributing them"",""Awarding and promoting film actors"",""Releasing new films to theaters widely"",""Showing and preserving the heritage of cinema""]",0.870,0.670,duzeltildi
03fd172c-2442-4cb5-bf02-de1240644053,4,20260612000997_sik_ipucu_duzeltme_parti_4,muzik,3,0,"[""Eseri başka tona aktarmak"",""Tempoyu değiştirmek"",""Çalgıyı değiştirmek"",""Sözü değiştirmek""]","[""Eseri başka tona aktarmak"",""Eseri daha yavaş tempoda çalmak"",""Eseri farklı bir çalgı için düzenlemek"",""Eseri iki sesli hale getirmek""]","[""Moving a piece to another key"",""Changing the tempo"",""Changing the instrument"",""Changing the lyrics""]","[""Moving a piece to another key"",""Playing a piece at a slower tempo"",""Arranging a piece for a different instrument"",""Turning a piece into two-part harmony""]",0.870,0.730,duzeltildi
39ac9b7e-5a4d-42e1-aa47-5080cf0671fb,4,,teknoloji,3,2,"[""Her zaman aynı işi yapar"",""Kodu derler"",""Duruma göre farklı kod çalıştırır"",""Kodu siler""]",,"[""Always does the same thing"",""Compiles the code"",""Runs different code depending on the situation"",""Deletes the code""]",,0.670,,isaretli_kaldi
6081ebde-7da0-4179-98fd-cf16edb6cae6,4,,bilim,2,2,"[""Suda tek başına"",""Havada tek başına"",""Canlı hücre içinde"",""Toprakta""]",,"[""In water on their own"",""In air on their own"",""Inside a living cell"",""In soil""]",,0.950,,isaretli_kaldi
c1545673-877c-413d-a51a-58facadce18e,4,,cografya,2,3,"[""Nüfusu artırmak"",""Yapılaşmayı artırmak"",""Vergi toplamak"",""Can ve mal kaybını en aza indirmek""]",,"[""Increasing the population"",""Increasing building"",""Collecting taxes"",""Minimising loss of life and property""]",,0.980,,isaretli_kaldi
148c9a31-1863-4ca2-94dd-46787249e960,4,20260612000997_sik_ipucu_duzeltme_parti_4,tarih,3,0,"[""Yunan ve Doğu kültürlerinin"",""Roma ve Kelt kültürlerinin"",""Mısır ve Nubya kültürlerinin"",""Çin ve Hint kültürlerinin""]","[""Yunan ve Doğu kültürlerinin"",""Roma ve Kelt kültürlerinin"",""Mısır ve Nubya kültürlerinin"",""Çin ve Hint kültürlerinin""]","[""Greek and Eastern cultures"",""Roman and Celtic"",""Egyptian and Nubian"",""Chinese and Indian""]","[""Greek and Eastern cultures"",""Roman and Celtic"",""Egyptian and Nubian"",""Chinese and Indian""]",0.650,0.630,duzeltildi
6e59e664-2ac2-499f-af4c-c15b87aac977,4,,spor,3,1,"[""Makas"",""Fosbury Flop"",""Dalış"",""Burgu""]",,"[""The scissors"",""The Fosbury Flop"",""The dive"",""The twist""]",,0.850,,isaretli_kaldi
0eec5397-1007-4650-b0c3-015ee18faee4,4,,sanat,3,1,"[""Eserin fiyatını"",""Ortak biçim dilini"",""Sanatçının yaşını"",""Müze adını""]",,"[""The price of a work"",""A shared formal language"",""The artist's age"",""The name of the museum""]",,0.600,,isaretli_kaldi
7eb815fa-8c2d-4668-9ed6-f911cde663bb,4,,genel_kultur,3,2,"[""Yerel saati"",""Yaz saatini"",""Eşgüdümlü evrensel zamanı"",""Ülke saatini""]",,"[""Local time"",""Summer time"",""Coordinated Universal Time"",""National time""]",,0.870,,isaretli_kaldi
447a6457-c1c8-4fe0-9be9-b5975e8aa7f0,4,,edebiyat,3,0,"[""Chaucer"",""Malory"",""Langland"",""Gower""]",,"[""Chaucer"",""Malory"",""Langland"",""Gower""]",,0.820,,isaretli_kaldi
bd3eca99-a781-4903-b0be-6c50dd245b29,4,,sinema,3,2,"[""Yapımcının salon açması"",""İkisinin aynı olması"",""Dağıtımcının filmi salonlara ulaştırması"",""Dağıtımcının çekim yapması""]",,"[""The producer opens cinemas"",""They are the same"",""The distributor gets the film into cinemas"",""The distributor shoots the film""]",,0.880,,isaretli_kaldi
d096d5d1-0e78-4930-abad-b7f51ccae000,4,,muzik,3,3,"[""Klavsen elektroniktir"",""Piyano telsizdir"",""İkisi de üflemelidir"",""Klavsende tel çekilir, piyanoda vurulur""]",,"[""The harpsichord is electronic"",""The piano has no strings"",""Both are wind instruments"",""The harpsichord plucks the string, the piano strikes it""]",,0.990,,isaretli_kaldi
6f6c3aaa-0b6c-4254-8fa7-51e178beefc6,4,20260612000997_sik_ipucu_duzeltme_parti_4,teknoloji,3,1,"[""Belgenin uzunluğunu"",""Belgenin kaynağını ve bütünlüğünü"",""Belgenin rengini"",""Belgenin tarihini yalnızca""]","[""Belgenin dil ve yazım doğruluğunu"",""Belgenin kaynağını ve bütünlüğünü"",""Belgenin gizliliğini ve okunmazlığını"",""Belgenin yazdırılma sayısını""]","[""The length of the document"",""The document's origin and integrity"",""The document's colour"",""The document's date only""]","[""The document's language and spelling accuracy"",""The document's origin and integrity"",""The document's secrecy and unreadability"",""The document's number of printouts""]",1.000,0.660,duzeltildi
8add4a0d-82a1-4d78-afe4-6bb9b8568c3f,4,20260612000997_sik_ipucu_duzeltme_parti_4,bilim,3,1,"[""Doğrusal hızı"",""Birim zamandaki dönme miktarını"",""Kütleyi"",""Kuvveti""]","[""Birim zamandaki yer değiştirme miktarını"",""Birim zamandaki dönme miktarını"",""Birim zamandaki enerji değişimini"",""Birim zamandaki ivme değişimini""]","[""Linear speed"",""How much something turns per unit of time"",""Mass"",""Force""]","[""How much something is displaced per unit of time"",""How much something turns per unit of time"",""How much energy changes per unit of time"",""How much acceleration changes per unit of time""]",0.900,0.130,duzeltildi
5719c78e-8011-4ae3-8afa-640835c878c7,4,,cografya,2,0,"[""Toprağı dondan koruyup su sağlaması"",""Toprağı kurutması"",""Ürünü yakması"",""Erozyonu artırması""]",,"[""It protects the soil from frost and supplies water"",""It dries the soil"",""It burns the crop"",""It increases erosion""]",,0.970,,isaretli_kaldi
45dfbe4d-48fc-4b3f-913c-7cadd40dc300,4,,tarih,3,3,"[""Ders kitabı"",""Ansiklopedi"",""İnceleme yazısı"",""Döneme ait belge""]",,"[""A textbook"",""An encyclopaedia"",""A review article"",""A document from the period""]",,0.720,,isaretli_kaldi
0b2160a3-60cc-44e5-84cc-6ef4f7bc5767,4,20260612000997_sik_ipucu_duzeltme_parti_4,spor,3,3,"[""Hızlıca kilo vermeyi"",""Eklem esnekliğini artırmayı"",""Teknik beceri gelişimini"",""Oksijen taşıma kapasitesini""]","[""Kas hacmini hızla artırmayı"",""Eklem esnekliğini artırmayı"",""Teknik beceri gelişimini"",""Oksijen taşıma kapasitesini""]","[""Losing weight"",""Flexibility"",""Technique"",""Oxygen-carrying capacity""]","[""Rapid muscle growth"",""Flexibility"",""Technique"",""Oxygen-carrying capacity""]",0.630,0.700,duzeltildi
1d49ac59-3746-4f23-b3c1-8201fad9b64e,4,20260612000997_sik_ipucu_duzeltme_parti_4,sanat,3,1,"[""Eser üretir"",""Sanatçıyı temsil edip eser satar"",""Restorasyon yapar"",""Müze yönetir""]","[""Eserlere sigorta poliçesi düzenler"",""Sanatçıyı temsil edip eser satar"",""Eserlerin sahteliğini laboratuvarda inceler"",""Sanat dersleri verip öğrenci yetiştirir""]","[""Makes works"",""Represents artists and sells works"",""Carries out restoration"",""Runs a museum""]","[""Issues insurance policies for works"",""Represents artists and sells works"",""Examines works for forgery in a laboratory"",""Gives art lessons and trains students""]",0.750,0.710,duzeltildi
59616def-ca7b-434d-84b7-f62d604e1d1c,4,20260612000997_sik_ipucu_duzeltme_parti_4,edebiyat,3,2,"[""Karakterin basit olması"",""Tipin karmaşık olması"",""Tipin tek özelliği temsil etmesi"",""İkisinin aynı olması""]","[""Karakterin yalnızca yan rollerde yer alması"",""Tipin zamanla köklü biçimde değişmesi"",""Tipin tek özelliği temsil etmesi"",""Karakterin yalnızca bir toplumu temsil etmesi""]","[""The character is simple"",""The type is complex"",""The type represents a single trait"",""They are the same""]","[""The character appears only in minor roles"",""The type changes radically over time"",""The type represents a single trait"",""The character represents only a society""]",0.730,0.590,duzeltildi
d76a373f-f6cc-473a-9079-3131b3d66967,4,20260612000997_sik_ipucu_duzeltme_parti_4,sinema,3,1,"[""Film müziği"",""Aynı mekân ve zamandaki planlar bütünü"",""Tek kare"",""Jenerik""]","[""Filmin başında ve sonunda yer alan yazılar bütünü"",""Aynı mekân ve zamandaki planlar bütünü"",""Çekimde kullanılan ışık ve ses düzeni"",""Bir filmin tamamının kısa özeti""]","[""The film music"",""The shots in one place and time taken together"",""A single frame"",""The credits""]","[""The text sequence at the beginning and end of a film"",""The shots in one place and time taken together"",""The lighting and sound setup used during filming"",""A short summary of an entire film""]",0.830,0.520,duzeltildi
64793a8d-99a1-4c99-a9fe-6340d9314c24,4,20260612000997_sik_ipucu_duzeltme_parti_4,muzik,3,1,"[""Tempo eşitliği"",""Yayın düzeyinde ses tutarlılığı"",""Frekans artışı"",""Süre eşitliği""]","[""Parçalar arası tempo uyumu"",""Yayın düzeyinde ses tutarlılığı"",""Stereo kanal dengesi"",""Parçalar arası tonalite uyumu""]","[""Equal tempo"",""Consistent volume across a broadcast"",""A rise in frequency"",""Equal duration""]","[""Tempo matching between tracks"",""Consistent volume across a broadcast"",""Stereo channel balance"",""Key matching between tracks""]",0.790,0.700,duzeltildi
370c0262-6859-4ab2-8e27-234562a81cfc,4,20260612000997_sik_ipucu_duzeltme_parti_4,teknoloji,3,3,"[""Sıkıştırmayı"",""Şifrelemeyi"",""Hızı"",""Dünya yazılarının ortak kodlanmasını""]","[""Dosya boyutlarının küçültülmesini sağlayan ortak yöntemi"",""Verilerin yetkisiz erişime karşı korunmasını sağlayan yöntemi"",""Ağ üzerinden veri aktarımının hızlandırılmasını"",""Dünya yazılarının ortak kodlanmasını""]","[""Compression"",""Encryption"",""Speed"",""A common encoding for the world's writing systems""]","[""A shared method for reducing file sizes"",""A method for protecting data from unauthorized access"",""Faster data transfer across networks"",""A common encoding for the world's writing systems""]",0.860,0.730,duzeltildi
4fe974cd-f484-49c4-9c45-c9954fdd9396,4,,bilim,2,0,"[""Tek dalga boylu ve düzenli"",""Dağınık"",""Renksiz"",""Zayıf""]",,"[""Single-wavelength and coherent"",""Scattered"",""Colourless"",""Weak""]",,0.950,,isaretli_kaldi
bf0fa86a-5f71-490f-9288-fada7221160f,4,20260612000997_sik_ipucu_duzeltme_parti_4,cografya,3,0,"[""Güvenli geçiş hızını"",""Yol rengini"",""Yol uzunluğunu"",""Yol genişliğini yalnızca""]","[""Güvenli geçiş hızını"",""Gerekli şerit sayısını"",""Asfaltın kalınlığını"",""Trafik yoğunluğunu""]","[""The safe speed through it"",""The colour of the road"",""The length of the road"",""Only the width of the road""]","[""The safe speed through it"",""The number of lanes needed"",""The thickness of the asphalt"",""The density of the traffic""]",0.840,0.470,duzeltildi
fef92c79-094f-41ec-a4c8-cf8560f012c1,4,,tarih,3,1,"[""Square Deal"",""New Deal"",""Fair Deal"",""Great Society""]",,"[""The Square Deal"",""The New Deal"",""The Fair Deal"",""The Great Society""]",,0.840,,isaretli_kaldi
fceaa176-ce97-4a6a-83ba-0e78deb8f69a,4,,spor,3,3,"[""Taktiğin uzun vadeli olması"",""İkisinin aynı olması"",""Stratejinin maç içi olması"",""Stratejinin uzun vadeli olması""]",,"[""Tactics are long-term"",""They are the same"",""Strategy is within the match"",""Strategy is long-term""]",,0.960,,isaretli_kaldi
28723b5e-4c3e-40a7-92a8-ce91f43ede94,4,,sanat,3,2,"[""Dans ederdi yalnızca"",""Bilet satardı"",""Olayı yorumlayıp aktarırdı"",""Dekor kurardı""]",,"[""Only danced"",""Sold tickets"",""Commented on and relayed the action"",""Built the set""]",,0.950,,isaretli_kaldi
42874d3a-05ab-48ed-a05f-1f42a5975cc1,4,20260612000997_sik_ipucu_duzeltme_parti_4,edebiyat,3,2,"[""Demyan Bedni"",""Saşa Çorni"",""Maksim Gorki"",""Andrey Beli""]","[""Anton Çehov"",""Saşa Çorni"",""Maksim Gorki"",""Andrey Beli""]","[""Demyan Bedny"",""Sasha Chorny"",""Maxim Gorky"",""Andrei Bely""]","[""Anton Chekhov"",""Sasha Chorny"",""Maxim Gorky"",""Andrei Bely""]",0.810,0.450,duzeltildi
7f12fa40-ce4d-4923-9ac2-8de31bfb31ec,4,20260612000997_sik_ipucu_duzeltme_parti_4,sinema,3,0,"[""Tüm işitsel öğelerin kurgulanması"",""Yalnız diyalogu"",""Yalnız müziği"",""Yalnız efekti""]","[""Tüm işitsel öğelerin kurgulanması"",""Sahne ışığı ile renk uyumunun düzenlenmesi"",""Oyuncuların kostüm ve makyaj seçimlerinin belirlenmesi"",""Kamera hareketlerinin ve çekim açılarının planlanması""]","[""Shaping every audible element"",""Dialogue only"",""Music only"",""Effects only""]","[""Shaping every audible element"",""Coordinating stage lighting with color balance"",""Choosing the actors' costumes and makeup"",""Planning camera movements and shot angles""]",1.000,0.200,duzeltildi
6daa04d0-92e4-4335-acfa-a47f826075b5,4,20260612000997_sik_ipucu_duzeltme_parti_4,muzik,3,3,"[""Keman, flüt, obua, çello"",""Piyano, keman, çello, arp"",""Dört keman"",""İki keman, viyola, çello""]","[""Keman, viyola, çello, kontrbas"",""Üç keman, çello"",""Keman, viyola, çello, arp"",""İki keman, viyola, çello""]","[""Violin, flute, oboe, cello"",""Piano, violin, cello, harp"",""Four violins"",""Two violins, viola, cello""]","[""Violin, viola, cello, double bass"",""Three violins, cello"",""Violin, viola, cello, harp"",""Two violins, viola, cello""]",0.850,0.540,duzeltildi
5619d693-97ac-40d4-a0f8-98e265abea06,4,20260612000997_sik_ipucu_duzeltme_parti_4,teknoloji,3,1,"[""Yalnız video"",""Kayıpsız ve saydamlık desteği"",""Yalnız metin"",""Yalnız ses""]","[""Kayıplı ve animasyon zorunluluğu"",""Kayıpsız ve saydamlık desteği"",""Vektörel ve sonsuz ölçeklenebilirlik"",""Yalnız 256 renk ve sıkıştırmasız""]","[""Video only"",""Lossless with transparency support"",""Text only"",""Audio only""]","[""Lossy with mandatory animation"",""Lossless with transparency support"",""Vector-based with infinite scalability"",""Only 256 colors and uncompressed""]",0.950,0.640,duzeltildi
2d8d8b9c-2279-40f1-b480-ce00bc64e366,4,20260612000997_sik_ipucu_duzeltme_parti_4,bilim,3,3,"[""Aynıdır"",""İkisi de yankı içindir"",""İkisi de yalıtımdır"",""Biri dışarıyı biri içeriyi düzenler""]","[""Biri sesi emer, diğeri sesi yansıtır"",""Biri yalnızca tavana, diğeri yalnızca zemine uygulanır"",""Biri sesi güçlendirir, diğeri sesi kısar"",""Biri dışarıyı biri içeriyi düzenler""]","[""They are the same"",""Both are for echo"",""Both are insulation"",""One deals with the outside, the other with the inside""]","[""One absorbs sound, one reflects it"",""One is for ceilings only, one for floors only"",""One amplifies sound, one reduces it"",""One deals with the outside, the other with the inside""]",0.890,0.120,duzeltildi
1eb498df-c500-45fb-8181-4da35c5f9d49,5,,cografya,3,1,"[""Nehir sınırı"",""Enlem veya boylam boyunca çizilen sınır"",""Dağ sınırı"",""Göl sınırı""]",,"[""A river border"",""A border drawn along a parallel or meridian"",""A mountain border"",""A lake border""]",,0.850,,isaretli_kaldi
37c04db9-f1e1-497a-9e71-d30a5a60da68,5,,tarih,3,2,"[""Ordu kurmayı"",""Vergi toplamayı"",""Avrupa'nın ekonomik onarımını"",""Sömürge açmayı""]",,"[""Building an army"",""Collecting taxes"",""The economic recovery of Europe"",""Founding colonies""]",,0.810,,isaretli_kaldi
59b56693-5156-478b-af2a-551a5b16c37f,5,20260612001001_sik_ipucu_duzeltme_parti_5,spor,3,2,"[""Her pozisyonda"",""Yalnız faullerde"",""Belirlenmiş kritik durumlarda"",""Yalnız kartlarda""]","[""Her pozisyonda"",""Yalnız oyuncu değişikliklerinde"",""Belirlenmiş kritik durumlarda"",""Yalnız taç atışlarında""]","[""On every incident"",""Only on fouls"",""Only in defined critical situations"",""Only on cards""]","[""On every incident"",""Only on substitutions"",""Only in defined critical situations"",""Only on throw-ins""]",0.760,0.730,duzeltildi
f7e0d0d5-77f2-4537-a595-5dec85524b0c,5,20260612001001_sik_ipucu_duzeltme_parti_5,sanat,3,2,"[""Düz görüntü"",""Basılı eser"",""Çevreleyen deneyim"",""Ses yalnızca""]","[""Hareketsiz tablo"",""Dokunsal heykel"",""Çevreleyen deneyim"",""Canlı sahne gösterisi""]","[""A flat image"",""A printed work"",""An enveloping experience"",""Sound only""]","[""A motionless painting"",""A tactile sculpture"",""An enveloping experience"",""A live stage show""]",0.850,0.420,duzeltildi
05f8db14-35de-4ee6-8c94-01ad0d438ae1,5,,edebiyat,3,1,"[""Schiller"",""Goethe"",""Heine"",""Hölderlin""]",,"[""Schiller"",""Goethe"",""Heine"",""Hölderlin""]",,0.790,,isaretli_kaldi
1c615d49-c408-4a3a-81f9-db1758fe57d2,5,20260612001001_sik_ipucu_duzeltme_parti_5,sinema,3,1,"[""Jenerik yazısı"",""Söylenmeyen ama sezilen anlam"",""Altyazı"",""Dipnot""]","[""Diyaloglardaki açık anlatım"",""Söylenmeyen ama sezilen anlam"",""Sahnenin görsel kompozisyonu"",""Karakterin iç sesle yaptığı anlatım""]","[""The credit titles"",""Meaning that is unspoken but sensed"",""Subtitles"",""A footnote""]","[""Explicit explanation in the dialogue"",""Meaning that is unspoken but sensed"",""The visual composition of a scene"",""A character's narration in voice-over""]",0.800,0.650,duzeltildi
782f09d3-3e5d-4939-9e02-aae91692bbe8,5,20260612001001_sik_ipucu_duzeltme_parti_5,muzik,3,1,"[""İki"",""Dört"",""Altı"",""Sekiz""]","[""İki"",""Dört"",""Yedi"",""On""]","[""Two"",""Four"",""Six"",""Eight""]","[""Two"",""Four"",""Seven"",""Ten""]",0.700,0.700,duzeltildi
23da29c3-2838-4776-81f7-fd283c58457a,5,,teknoloji,3,3,"[""Renk sayısını"",""Görüntü boyutunu"",""Uydu hızını"",""Ayırt edilebilen en küçük ayrıntıyı""]",,"[""The number of colours"",""The image size"",""The satellite's speed"",""The smallest detail that can be distinguished""]",,0.920,,isaretli_kaldi
65af8dd7-4c73-4f69-81b3-374e09d04941,5,,bilim,2,2,"[""Rastgele üremeye"",""Boyut büyüklüğüne"",""Uyum sağlayanın daha çok üremesine"",""Yaşa""]",,"[""Random breeding"",""Sheer size"",""Better-adapted individuals reproducing more"",""Age""]",,0.990,,isaretli_kaldi
926a006d-6731-42fc-bf92-6d70da8009e2,5,,cografya,2,0,"[""Üretimin iklime bağımlılığını azaltır"",""Ekili alanı küçültür"",""Verimi düşürür"",""Ürün çeşidini azaltır""]",,"[""It makes output less dependent on the climate"",""It shrinks the cultivated area"",""It lowers yields"",""It reduces crop variety""]",,0.950,,isaretli_kaldi
e785c50f-42b3-4c97-ac7a-098ded56a2a8,5,,tarih,3,2,"[""Roma fetihleriyle"",""Pers yönetimiyle"",""Büyük İskender'in seferleriyle"",""Mısır ile""]",,"[""The Roman conquests"",""Persian rule"",""The campaigns of Alexander the Great"",""Egypt""]",,0.880,,isaretli_kaldi
15cf018d-118c-465c-9c40-cd59b5be5101,5,,spor,3,0,"[""Rakibin iki omzunu mindere değdirmek"",""Puan almak"",""Çıkış yapmak"",""Ceza almak""]",,"[""Touching both of the opponent's shoulders to the mat"",""Scoring a point"",""Making an escape"",""Receiving a penalty""]",,0.880,,isaretli_kaldi
03f438d1-e7b0-49ee-9120-6ba07e0ac129,5,20260612001001_sik_ipucu_duzeltme_parti_5,sanat,3,3,"[""Doğa manzarası"",""Reklam imgeleri"",""Belgesel fotoğraf"",""Optik yanılsama""]","[""Soyut duygu dışavurumu"",""Gündelik tüketim nesneleri"",""Geometrik kübik parçalanma"",""Optik yanılsama""]","[""Landscapes of nature"",""Advertising imagery"",""Documentary photography"",""Optical illusion""]","[""Abstract emotional expression"",""Everyday consumer objects"",""Geometric cubist fragmentation"",""Optical illusion""]",0.760,0.140,duzeltildi
2c79e9a1-0217-4b2c-a8b7-c4be0790ad5f,5,,edebiyat,3,0,"[""d'Artagnan"",""de Winter"",""de Wardes"",""de Rochefort""]",,"[""d'Artagnan"",""de Winter"",""de Wardes"",""de Rochefort""]",,0.850,,isaretli_kaldi
850bcdb3-e241-4a46-92b9-d0888212cf28,5,20260612001001_sik_ipucu_duzeltme_parti_5,sinema,3,0,"[""Büyük yapıları küçük modelle göstermek"",""Ses eklemek"",""Renk düzenlemek"",""Kurgu yapmak""]","[""Büyük yapıları küçük modelle göstermek"",""Oyuncu sahnelerini mekân dışında kaydetmek"",""Karakterleri bilgisayarda canlandırmak"",""Sahne geçişlerini görüntü üzerinde birleştirmek""]","[""Showing large structures with a small model"",""Adding sound"",""Grading colour"",""Editing""]","[""Showing large structures with a small model"",""Recording actor scenes outside the studio"",""Animating characters on a computer"",""Joining scene transitions in post-production""]",0.890,0.210,duzeltildi
1eb8153d-ac24-44a9-b6a8-4879e592e9eb,5,,muzik,3,0,"[""Hız, gürlük ve doku değişimiyle"",""Yalnız nota sayısıyla"",""Yalnız süre ile"",""Yalnız çalgı sayısıyla""]",,"[""By changes of speed, loudness and texture"",""Only by the number of notes"",""Only by duration"",""Only by the number of instruments""]",,1.000,,isaretli_kaldi
e422ddd3-256e-4d20-897e-5fbc3b5a57ba,5,20260612001001_sik_ipucu_duzeltme_parti_5,teknoloji,3,2,"[""Sunucu da"",""Herkes"",""Yalnız gönderen ve alan"",""Servis sağlayıcı""]","[""Gönderen ile sunucu yöneticisi"",""Alıcının tüm kişi listesi"",""Yalnız gönderen ve alan"",""Gönderenle birlikte servis sağlayıcı""]","[""The server too"",""Everyone"",""Only the sender and the recipient"",""The service provider""]","[""The sender and the server administrator"",""The recipient's entire contact list"",""Only the sender and the recipient"",""The sender along with the service provider""]",0.870,0.710,duzeltildi
db64de8b-7e45-4cb6-b9fa-76e591b67b4a,5,20260612001001_sik_ipucu_duzeltme_parti_5,bilim,2,2,"[""Bronşta"",""Soluk borusunda"",""Alveollerde"",""Gırtlakta""]","[""Bronşiyollerde"",""Plevra zarında"",""Alveollerde"",""Diyaframda""]","[""In the bronchus"",""In the windpipe"",""In the alveoli"",""In the larynx""]","[""In the bronchioles"",""In the pleural membrane"",""In the alveoli"",""In the diaphragm""]",0.740,0.670,duzeltildi
20860c11-8b8b-40d9-b2d6-43e3d387a040,5,,cografya,2,1,"[""Yağış kuşağı"",""Deprem ve volkan kuşağı"",""Sıcak akıntı"",""Rüzgâr kuşağı""]",,"[""A rainfall belt"",""A belt of earthquakes and volcanoes"",""A warm current"",""A wind belt""]",,0.940,,isaretli_kaldi
77b32477-ad8f-463b-8f32-c291b9724424,5,20260612001001_sik_ipucu_duzeltme_parti_5,tarih,3,3,"[""Vergi sınırını"",""Ordu sayısını"",""Meclis düzenini"",""Ulusal sınır ve bağımsızlık ilkelerini""]","[""Dış borç ödemelerini ve takvimini"",""Ticaret yollarını ve gümrük ilkelerini"",""Anayasal yönetim biçimini ve ilkelerini"",""Ulusal sınır ve bağımsızlık ilkelerini""]","[""Tax limits"",""Army size"",""Parliamentary order"",""Principles of national borders and independence""]","[""Foreign debt payments and schedules"",""Trade routes and customs principles"",""Constitutional form of government and its principles"",""Principles of national borders and independence""]",0.870,0.360,duzeltildi
091ae603-f917-45de-a3c7-dac444b2aa1d,5,,spor,3,2,"[""Yalnız yarışma gününde"",""Yalnız sezon sonunda"",""Yarışma içinde ve dışında"",""Yalnız transfer sırasında""]",,"[""Only on competition day"",""Only at the end of the season"",""Both in and out of competition"",""Only during a transfer""]",,0.980,,isaretli_kaldi
414b54c1-ad50-48d5-af3a-8cd2bca01edb,5,20260612001001_sik_ipucu_duzeltme_parti_5,sanat,3,3,"[""Yan yana duran renk"",""Aynı tonun açığı"",""Tek renk ailesi"",""Çemberde karşıt renk""]","[""Çemberde komşu renk"",""Aynı tonun koyusu"",""Üç renkli uyum"",""Çemberde karşıt renk""]","[""A colour placed next to it"",""A lighter shade of the same tone"",""A single colour family"",""The opposite colour on the wheel""]","[""A neighbouring colour on the wheel"",""A darker shade of the same tone"",""A three-colour harmony"",""The opposite colour on the wheel""]",0.830,0.680,duzeltildi
6eb2e655-f3fe-48c9-94d0-801d827b884a,5,,edebiyat,3,1,"[""Tek dili inceler"",""Farklı edebiyatları karşılaştırır"",""Sözlük yazar"",""Baskı yapar""]",,"[""Studies one language"",""Compares different literatures"",""Writes dictionaries"",""Prints books""]",,0.840,,isaretli_kaldi
29bef700-1284-4c93-b99b-ab40cdc138d3,5,,sinema,3,1,"[""Ses kaydı"",""Hem çekim hem gösterim"",""Yalnız kurgu"",""Yalnız baskı""]",,"[""Recorded sound"",""Both filmed and projected"",""Only edited"",""Only printed""]",,0.840,,isaretli_kaldi
5db7dbdc-102c-4813-a95b-35b306779ed4,5,,muzik,3,0,"[""440 Hz"",""220 Hz"",""880 Hz"",""330 Hz""]",,"[""440 Hz"",""220 Hz"",""880 Hz"",""330 Hz""]",,0.980,,isaretli_kaldi
6ab1516e-1e8b-413b-8338-c32072d6069c,5,,teknoloji,3,2,"[""Tamamen sanal dünya kurar"",""Gerçeği gizler"",""Gerçek görüntüye içerik ekler"",""Ses üretir""]",,"[""Builds a wholly virtual world"",""Hides reality"",""Adds content to the real view"",""Produces sound""]",,0.870,,isaretli_kaldi
0f972905-6b4e-4d9f-b6e8-026c0ca9bb7e,5,,bilim,3,3,"[""Renk değişimine"",""Yoğunluk azalmasına"",""Kaynama noktasının düşmesine"",""Donma noktasının düşmesine""]",,"[""A change in colour"",""A decrease in density"",""A lower boiling point"",""A lower freezing point""]",,0.840,,isaretli_kaldi
6d5d8ac1-7aab-4e10-b404-03114bf0b01b,5,20260612001001_sik_ipucu_duzeltme_parti_5,cografya,3,1,"[""Volkan riski"",""Fay hattı üzerinde olması"",""Buzul riski"",""Tsunami riski""]","[""Heyelanlı ova üzerinde olması"",""Fay hattı üzerinde olması"",""Tuz domu üzerinde olması"",""Karstik çöküntü alanında olması""]","[""Volcanic risk"",""Lying on a fault line"",""Glacial risk"",""Tsunami risk""]","[""Sitting on a landslide-prone plain"",""Lying on a fault line"",""Sitting on a salt dome"",""Lying in a karst sinkhole area""]",0.910,0.460,duzeltildi
8ec31d95-64e1-4f25-bb7a-a5da8b211a48,5,,tarih,3,1,"[""Piri Reis"",""Barbaros Hayreddin Paşa"",""Turgut Reis"",""Kılıç Ali Paşa""]",,"[""Piri Reis"",""Barbaros Hayreddin Pasha"",""Turgut Reis"",""Kılıç Ali Pasha""]",,0.750,,isaretli_kaldi
1bb3604d-457e-4deb-aeb9-af45712d0f86,5,,spor,3,1,"[""Bisiklet ve atış"",""Kayak ve atıcılık"",""Kayak ve kürek"",""Yüzme ve koşu""]",,"[""Cycling and shooting"",""Skiing and shooting"",""Skiing and rowing"",""Swimming and running""]",,0.830,,isaretli_kaldi
7109e5d1-4afe-4a5c-8960-46bc84ee56e0,5,,sanat,3,3,"[""Ses etkisi"",""Koku etkisi"",""Sıcaklık"",""Optik yanılsama""]",,"[""A sound effect"",""A smell"",""Warmth"",""An optical illusion""]",,0.750,,isaretli_kaldi
540991f1-43a0-4c11-bf7d-520ffe33b4e1,5,20260612001001_sik_ipucu_duzeltme_parti_5,edebiyat,3,0,"[""Varoluş ve seçim sorumluluğunu"",""Doğa betimlemesini"",""Tarihî olayı"",""Halk masalını""]","[""Varoluş ve seçim sorumluluğunu"",""Toplumsal sınıf çatışmasını"",""Bilinçaltı arzuların çözümlenmesini"",""Ahlaki değerlerin mutlak üstünlüğünü""]","[""Existence and the responsibility of choice"",""Descriptions of nature"",""Historical events"",""Folk tales""]","[""Existence and the responsibility of choice"",""Conflict between social classes"",""The analysis of unconscious desires"",""The absolute supremacy of moral values""]",0.760,0.520,duzeltildi
174b3850-a680-4b80-b1d6-fb88fdd903bb,5,,sinema,3,2,"[""Yalnız besteci"",""Yalnız kurgucu"",""Yönetmen ve oyuncu"",""Yalnız yapımcı""]",,"[""Only composing"",""Only editing"",""Director and actor"",""Only producing""]",,0.940,,isaretli_kaldi
f856f9c7-2dab-479d-ae7c-9ceeed9fd03a,5,20260612001001_sik_ipucu_duzeltme_parti_5,muzik,3,2,"[""Tema hiç duyulmaz"",""Ritim sabit kalır"",""Tema çeşitlenerek işlenir"",""Söz eklenir""]","[""Tema tek kez çalınıp biter"",""Tema her bölümde aynen tekrarlanır"",""Tema çeşitlenerek işlenir"",""İki zıt tema karşılıklı işlenir""]","[""The theme is never heard"",""The rhythm stays fixed"",""The theme is worked in varied forms"",""Words are added""]","[""The theme is played once and ends"",""The theme is repeated unchanged in every section"",""The theme is worked in varied forms"",""Two contrasting themes are developed in turn""]",0.870,0.620,duzeltildi
625f05c0-c0f7-4701-baaa-c5fa570c9853,5,,teknoloji,3,1,"[""Dosya siler"",""Kullanılmayan belleği geri alır"",""Ağ temizler"",""Kod siler""]",,"[""Deletes files"",""Reclaims unused memory"",""Cleans the network"",""Deletes code""]",,0.880,,isaretli_kaldi
844d840e-be23-4428-a0e7-81ac87140a2a,5,,bilim,3,3,"[""Zamanı"",""Uzunluğu"",""Kütleyi"",""Işık hızını""]",,"[""Time"",""Length"",""Mass"",""The speed of light""]",,0.830,,isaretli_kaldi
6e6820c9-c7aa-48ad-85dc-00675284e730,5,,cografya,3,2,"[""Maliyeti düşürmek"",""İnşaatı hızlandırmak"",""Projenin çevreye etkisini önceden ölçmek"",""Vergi almak""]",,"[""Cutting costs"",""Speeding up construction"",""Gauging a project's environmental effect in advance"",""Levying tax""]",,0.950,,isaretli_kaldi
b882ea22-e547-4f3b-a5e0-6c2ac48c86b2,5,,tarih,3,0,"[""Bloklara katılmamayı"",""Batı ittifakını"",""Doğu ittifakını"",""Silahlanmayı""]",,"[""Not joining either bloc"",""The Western alliance"",""The Eastern alliance"",""Rearmament""]",,0.930,,isaretli_kaldi
50453e03-e6ef-44ff-b505-3d7e14db28fe,5,,spor,3,0,"[""Güçlendirme ve denge çalışmasına"",""Yalnız dinlenmeye"",""Yalnız masaja"",""Yalnız beslenmeye""]",,"[""Strengthening and balance work"",""Rest alone"",""Massage alone"",""Nutrition alone""]",,0.990,,isaretli_kaldi
7eb81688-5dec-4bb6-ab9e-606f881448b0,5,,sanat,3,2,"[""Çizgilerle"",""Geniş lekelerle"",""Küçük renk noktalarıyla"",""Kolajla""]",,"[""With lines"",""With broad patches"",""With small dots of colour"",""With collage""]",,0.870,,isaretli_kaldi
00c4a92f-87cf-4233-8a2d-e63f88df4aaa,5,,edebiyat,3,3,"[""Sganarelle"",""Planchet"",""Mousqueton"",""Passepartout""]",,"[""Sganarelle"",""Planchet"",""Mousqueton"",""Passepartout""]",,0.860,,isaretli_kaldi
c3c01af6-6222-45b0-b946-67acb843eba0,5,,sinema,3,0,"[""Édith Piaf"",""Juliette Gréco"",""Dalida"",""Barbara""]",,"[""Édith Piaf"",""Juliette Gréco"",""Dalida"",""Barbara""]",,0.910,,isaretli_kaldi
73943626-c83d-49e6-bd21-1c18fe744d44,5,20260612001001_sik_ipucu_duzeltme_parti_5,muzik,3,3,"[""Parmak gücünü"",""Nefes kapasitesini"",""Ritim tutmayı yalnızca"",""Nota okuma ve işitmeyi""]","[""Enstrüman tanıma ve akort bilgisini"",""Ses telini güçlendirmeyi yalnızca"",""Beste ve armoni yazmayı"",""Nota okuma ve işitmeyi""]","[""Finger strength"",""Lung capacity"",""Keeping time only"",""Sight-reading and aural skill""]","[""Instrument recognition and tuning knowledge"",""Strengthening the vocal cords only"",""Composing and harmonizing music"",""Sight-reading and aural skill""]",0.940,0.370,duzeltildi
83436f92-7dda-499d-a57c-645404bff5b8,5,,teknoloji,3,0,"[""Uydulardan gelen sinyallerin zamanıyla"",""Kamerayla"",""Mikrofonla"",""Isı sensörüyle""]",,"[""From the timing of signals from satellites"",""With a camera"",""With a microphone"",""With a heat sensor""]",,0.930,,isaretli_kaldi
9196ed4b-1502-4675-ae2d-53d74aadef19,5,20260612001001_sik_ipucu_duzeltme_parti_5,bilim,2,2,"[""Kırmızı olduğu için"",""Kokulu olduğu için"",""Renksiz ve kokusuz olduğu için"",""Ağır olduğu için""]","[""Çok yanıcı bir sıvı olduğu için"",""Kolayca görülebilen yoğun duman çıkardığı için"",""Renksiz ve kokusuz olduğu için"",""Suda hızla çözünüp zehir bıraktığı için""]","[""Because it is red"",""Because it smells"",""Because it is colourless and odourless"",""Because it is heavy""]","[""Because it is a highly flammable liquid"",""Because it gives off thick, easily visible smoke"",""Because it is colourless and odourless"",""Because it dissolves quickly in water and leaves poison""]",0.920,0.500,duzeltildi
2609c35c-1aa9-4c9f-a400-6bf1eb5b7ec2,5,20260612001001_sik_ipucu_duzeltme_parti_5,cografya,2,3,"[""Burgaz"",""Varna"",""Filibe"",""Sofya""]","[""Burgaz"",""Varna"",""Filibe"",""Sofya""]","[""Burgas"",""Varna"",""Plovdiv"",""Sofia""]","[""Burgas"",""Varna"",""Plovdiv"",""Sofia""]",0.790,0.750,duzeltildi
528ce5cf-f7ce-4175-9a42-1657cb854cd0,5,20260612001001_sik_ipucu_duzeltme_parti_5,tarih,3,1,"[""Tarımı azaltmak"",""Devlet eliyle sanayileşmek"",""İthalatı artırmak"",""Göçü durdurmak""]","[""Tarımı azaltmak"",""Devlet eliyle sanayileşmek"",""Dış borçları kapatmak"",""Eğitimi yaygınlaştırmak""]","[""Reducing agriculture"",""State-led industrialisation"",""Increasing imports"",""Stopping migration""]","[""Reducing agriculture"",""State-led industrialisation"",""Paying off foreign debts"",""Expanding education""]",0.920,0.700,duzeltildi
4cc1b732-9283-4b6f-93ff-9253011253ab,5,20260612001001_sik_ipucu_duzeltme_parti_5,spor,3,2,"[""Bobby Charlton"",""Roger Hunt"",""Geoff Hurst"",""Martin Peters""]","[""Gordon Banks"",""Nobby Stiles"",""Geoff Hurst"",""Jimmy Greaves""]","[""Bobby Charlton"",""Roger Hunt"",""Geoff Hurst"",""Martin Peters""]","[""Gordon Banks"",""Nobby Stiles"",""Geoff Hurst"",""Jimmy Greaves""]",0.790,0.650,duzeltildi
6fbea056-ada2-404d-a7c4-47d5bfa8abd0,5,,sanat,3,3,"[""Belge sunar"",""Ölçü verir"",""Renk düzenler"",""Soyut kavramı simgeyle anlatır""]",,"[""Presents a document"",""Provides measurement"",""Arranges the colours"",""Expresses an abstract idea through a symbol""]",,0.860,,isaretli_kaldi
edb66b39-3d2a-41e0-9f3f-4919939573bb,5,20260612001001_sik_ipucu_duzeltme_parti_5,edebiyat,3,0,"[""Olay aktaran metin türlerini"",""Yalnız şiiri"",""Yalnız tiyatroyu"",""Yalnız denemeyi""]","[""Olay aktaran metin türlerini"",""Duygu ve coşkuyu dile getiren metinleri"",""Sahnede oynanmak için yazılan eserleri"",""Düşünce ve görüşleri savunan yazıları""]","[""Forms that recount events"",""Poetry only"",""Theatre only"",""The essay only""]","[""Forms that recount events"",""Texts that express emotion and enthusiasm"",""Works written to be performed on stage"",""Writings that argue thoughts and opinions""]",0.960,0.120,duzeltildi
1677dad7-300f-4afd-a83c-6a53f06a0faf,5,,sinema,3,2,"[""Yalnız müziği"",""Yalnız diyalogu"",""Tüm işitsel katmanı"",""Yalnız efekti""]",,"[""Only the music"",""Only the dialogue"",""The entire audio layer"",""Only the effects""]",,0.970,,isaretli_kaldi
6b369ea3-4cf2-435e-8f4c-0a657f220f58,5,20260612001001_sik_ipucu_duzeltme_parti_5,muzik,3,1,"[""Nota yazar"",""Kanalları dengeler ve birleştirir"",""Enstrüman akort eder"",""Konser düzenler""]","[""Sesleri kayda alır"",""Kanalları dengeler ve birleştirir"",""Kayıtları son kez masteringler"",""Mikrofonları yerleştirir""]","[""Writes the notation"",""Balances and combines the channels"",""Tunes the instruments"",""Organises the concert""]","[""Records the sounds"",""Balances and combines the channels"",""Finalizes the recordings for release"",""Positions the microphones""]",0.900,0.670,duzeltildi
298a98f1-c702-4e81-b7ee-b40f3ec85f07,5,20260612001001_sik_ipucu_duzeltme_parti_5,teknoloji,3,2,"[""Ekran boyutunu"",""Disk boyutunu"",""Birim zamanda taşınabilen veri miktarını"",""Kablo uzunluğunu""]","[""İşlemcinin saniyedeki işlem sayısını"",""Verinin kaynaktan hedefe ulaşma süresini"",""Birim zamanda taşınabilen veri miktarını"",""Bellekte aynı anda tutulabilen veri miktarını""]","[""The screen size"",""The disk size"",""The amount of data that can be carried per unit of time"",""The cable length""]","[""The number of operations a processor performs per second"",""The time it takes for data to travel from source to destination"",""The amount of data that can be carried per unit of time"",""The amount of data that can be held in memory at once""]",0.990,0.700,duzeltildi
d9e3af68-2bff-4cf8-8c38-f1879e697a45,5,,bilim,3,3,"[""Baharatlı"",""Kekremsi"",""Metalik"",""Umami""]",,"[""Spicy"",""Astringent"",""Metallic"",""Umami""]",,0.800,,isaretli_kaldi
fe7cff4e-d06e-447f-bf64-466aa123f398,5,,cografya,3,1,"[""Darhan"",""Ulan Batur"",""Erdenet"",""Hovd""]",,"[""Darkhan"",""Ulaanbaatar"",""Erdenet"",""Khovd""]",,0.960,,isaretli_kaldi
1e5c22a3-b351-435f-aa19-d026dc9f03e9,5,20260612001001_sik_ipucu_duzeltme_parti_5,tarih,3,2,"[""Vergi toplamayı"",""Toprak dağıtmayı"",""Devlet hizmetine eleman yetiştirmeyi"",""Ticaret kurmayı""]","[""Orduya sefer erzağı sağlamayı"",""Mahkemelerde hüküm vermeyi"",""Devlet hizmetine eleman yetiştirmeyi"",""Şehirlerde imar işlerini yürütmeyi""]","[""Tax collection"",""Land distribution"",""Training personnel for state service"",""Establishing trade""]","[""Supplying provisions to the army on campaign"",""Delivering judgments in courts"",""Training personnel for state service"",""Carrying out urban construction works""]",0.560,0.500,duzeltildi
405bc4af-455e-4b3b-9062-6da7254a015f,5,,spor,3,1,"[""Sert vuruşa"",""Rakibin gücünü yönlendirmeye"",""Silah kullanımına"",""Hız yarışına""]",,"[""Hard striking"",""Redirecting the opponent's force"",""The use of weapons"",""A race for speed""]",,0.850,,isaretli_kaldi
61c1b3e5-6076-4c94-8fec-261c158049b5,5,,sanat,3,3,"[""Sergileme yerini"",""Nakliyeyi"",""Sigortayı"",""Eserin gerçekliğini ve değerini""]",,"[""Where it will be shown"",""Its transport"",""Its insurance"",""The work's authenticity and value""]",,0.850,,isaretli_kaldi
acf984e2-7d3f-4724-8f0a-8e76c9167581,5,20260612001001_sik_ipucu_duzeltme_parti_5,edebiyat,3,2,"[""Kadraj tekniği"",""Işık düzeni"",""Bir hikâyenin içinde başka hikâye"",""Ses efekti""]","[""Bir öyküyü baştan sona tek bir mektupla anlatma"",""Bir öyküyü ters sırayla anlatma"",""Bir hikâyenin içinde başka hikâye"",""Bir öyküyü yalnızca diyaloglarla anlatma""]","[""A framing technique"",""A lighting set-up"",""One story told inside another"",""A sound effect""]","[""Telling a story entirely through a single letter"",""Telling a story in reverse order"",""One story told inside another"",""Telling a story only through dialogue""]",0.930,0.740,duzeltildi
2317fff0-9298-46e9-b488-04e34c9f7607,5,,sinema,3,2,"[""Yüksek bütçeyi"",""Yıldız oyuncuları"",""Büyük stüdyo dışında üretimi"",""Geniş dağıtımı""]",,"[""A high budget"",""Star actors"",""Production outside the big studios"",""Wide distribution""]",,0.800,,isaretli_kaldi
050a6c17-c8bc-4a83-8f9a-13088a46cb99,5,,muzik,3,3,"[""Yalnızca çalgı çalması"",""Yalnızca söz yazması"",""Yalnızca akort etmesi"",""Sesin ve sürecin yönetimi""]",,"[""Only playing"",""Only writing lyrics"",""Only tuning"",""Guiding the sound and the process""]",,0.990,,isaretli_kaldi
235f8375-cf29-4f8e-8f8a-f7f69a6653a0,5,20260612001001_sik_ipucu_duzeltme_parti_5,teknoloji,3,0,"[""Bağlantıyı şifreli tünelden geçirmek"",""İnterneti hızlandırmak"",""Bellek artırmak"",""Disk temizlemek""]","[""Bağlantıyı şifreli tünelden geçirmek"",""Bağlantıyı önbellek sunucusuna yönlendirmek"",""Ağ cihazlarının sinyalini güçlendirmek"",""Dosyaları sıkıştırarak depolamak""]","[""Routing the connection through an encrypted tunnel"",""Speeding up the internet"",""Increasing memory"",""Cleaning the disk""]","[""Routing the connection through an encrypted tunnel"",""Redirecting the connection to a cache server"",""Boosting the signal of network devices"",""Compressing files for storage""]",0.900,0.640,duzeltildi
8425be93-40fd-472c-b850-47a505cc2ecf,5,20260612001001_sik_ipucu_duzeltme_parti_5,bilim,3,2,"[""Yağmuru"",""Bulutu"",""Radyo dalgası yansımasını"",""Rüzgarı""]","[""Asit yağmuru oluşumunu"",""Ozon tabakasının oluşmasını"",""Radyo dalgası yansımasını"",""Okyanus akıntılarını""]","[""Rain"",""Cloud"",""The reflection of radio waves"",""Wind""]","[""The formation of acid rain"",""The formation of the ozone layer"",""The reflection of radio waves"",""Ocean currents""]",0.820,0.560,duzeltildi
e6abf677-ef55-4ae0-a1cc-a715f71dea4b,5,20260612001001_sik_ipucu_duzeltme_parti_5,cografya,3,2,"[""Pompa gücüyle"",""Yağmurla dolarak"",""Basınçlı yeraltı suyunun yükselmesiyle"",""Buhar basıncıyla""]","[""Motorlu pompanın emmesiyle"",""Yağmur suyunun birikmesiyle"",""Basınçlı yeraltı suyunun yükselmesiyle"",""Kılcal borularla suyun çekilmesiyle""]","[""By pump power"",""By filling with rain"",""By pressurised groundwater rising"",""By steam pressure""]","[""By motorised pump suction"",""By rainwater collecting"",""By pressurised groundwater rising"",""By water drawn through capillary tubes""]",0.920,0.660,duzeltildi
114ced14-abf2-4e33-af5c-6331408da9d5,5,20260612001001_sik_ipucu_duzeltme_parti_5,tarih,3,0,"[""Toplumsal hatırlamayı taşıyan yer"",""Yalnızca müze yapılarını"",""Yalnızca arşiv birimlerini"",""Yalnızca okul binalarını""]","[""Toplumsal hatırlamayı taşıyan yer"",""Bir ülkenin resmî sınırlarını belirleyen çizgi"",""Bir şehrin nüfus kayıtlarının tutulduğu merkez"",""Bir devletin vergi gelirlerini topladığı bölge""]","[""A place that carries collective remembrance"",""Only a museum"",""An archive"",""A school""]","[""A place that carries collective remembrance"",""A line that sets a country's official borders"",""A center where a city's population records are kept"",""A region where a state collects its tax revenue""]",1.000,0.490,duzeltildi
12b65a6c-8e45-4794-a246-a613b144a533,5,,spor,3,1,"[""Yalnızca koşu hızını"",""Temiz geçiş ve süreyi"",""Atın toplam ağırlığını"",""Alınan mesafe uzunluğunu""]",,"[""Only speed"",""A clear round and the time"",""Weight"",""Distance""]",,0.950,,isaretli_kaldi
61ce6975-71d0-441e-968b-41dc39eb2a21,5,,sanat,3,0,"[""Ankara"",""İzmir"",""Konya"",""Antalya""]",,"[""Ankara"",""İzmir"",""Konya"",""Antalya""]",,0.800,,isaretli_kaldi
2ec21c17-dcf5-453c-b840-bc4f989104e6,5,20260612001001_sik_ipucu_duzeltme_parti_5,edebiyat,3,1,"[""Tenniel"",""Dodgson"",""Liddell"",""Kingsley""]","[""Thackeray"",""Dodgson"",""Brontë"",""Hargreaves""]","[""Tenniel"",""Dodgson"",""Liddell"",""Kingsley""]","[""Thackeray"",""Dodgson"",""Brontë"",""Hargreaves""]",0.760,0.750,duzeltildi
3cd93649-cddb-4f12-ab09-311152d3e877,5,,sinema,3,1,"[""Yalnız kurguyla"",""Protez makyaj veya sayısal işlemle"",""Yalnız ışıkla"",""Yalnız kostümle""]",,"[""By editing alone"",""With prosthetic make-up or digital work"",""With lighting alone"",""With costume alone""]",,0.960,,isaretli_kaldi
1829a753-86f7-4cbd-90d7-39a58fa69a32,5,20260612001001_sik_ipucu_duzeltme_parti_5,teknoloji,3,0,"[""Ekran boyutuna uyum sağlaması"",""Yalnız mobil"",""Yalnız masaüstü"",""Sabit genişlik""]","[""Ekran boyutuna uyum sağlaması"",""Sayfanın çok hızlı yüklenmesi"",""Kullanıcı tıklamalarına ses ile yanıt vermesi"",""Sunucu yükünü otomatik dengelemesi""]","[""That it adapts to the screen size"",""Mobile only"",""Desktop only"",""Fixed width""]","[""That it adapts to the screen size"",""That the page loads very quickly"",""That it responds to user clicks with sound"",""That it balances server load automatically""]",0.990,0.180,duzeltildi
c7ac24b2-1ec0-45fc-a4c8-3d172dcf3192,5,20260612001001_sik_ipucu_duzeltme_parti_5,bilim,3,0,"[""Kinetik enerji ve momentum"",""Yalnız kütle"",""Yalnız hız"",""Yalnız ısı""]","[""Kinetik enerji ve momentum"",""Yalnız potansiyel enerji ve sıcaklık"",""Yalnız kinetik enerji ve ısı"",""Yalnız kütle ve elektrik yükü""]","[""Kinetic energy and momentum"",""Mass only"",""Speed only"",""Heat only""]","[""Kinetic energy and momentum"",""Potential energy and temperature only"",""Kinetic energy and heat only"",""Mass and electric charge only""]",0.900,0.430,duzeltildi
a5887584-1278-4125-97a5-27ad2efba102,5,,cografya,3,3,"[""Okyanus ortası sırt"",""Derin deniz çukuru"",""Volkanik ada"",""Kıtanın deniz altındaki sığ uzantısı""]",,"[""A mid-ocean ridge"",""A deep-sea trench"",""A volcanic island"",""The shallow underwater extension of a continent""]",,0.790,,isaretli_kaldi
fc52bad7-c5f8-46ec-b7f0-3d2e37fe2bcd,5,,tarih,3,2,"[""Ordu dağıtmak"",""Ticaret açmak"",""Milli mücadeleyi örgütlemek"",""Vergi toplamak""]",,"[""Disbanding the army"",""Opening up trade"",""Organising the national struggle"",""Collecting taxes""]",,0.950,,isaretli_kaldi
05545294-d1ee-4ada-9280-189544194810,5,,spor,3,3,"[""Yalnızca kas gücünü"",""Yalnızca koşu hızını"",""Yalnızca esnekliği"",""Merkez bölge kontrolünü""]",,"[""Only strength"",""Only speed"",""Only flexibility"",""Control of the core""]",,0.990,,isaretli_kaldi
31bfeca0-a1aa-4341-b8f3-364625073bfa,5,20260612001001_sik_ipucu_duzeltme_parti_5,sanat,3,0,"[""Sivri kemer ve uçan payanda"",""Yuvarlak kemer"",""Düz çatı"",""Kubbe zorunluluğu""]","[""Sivri kemer ve uçan payanda"",""Yuvarlak kemer ve kalın duvar"",""Sütunlu portiko ve alınlık"",""Kubbe ve yarım kubbe sistemi""]","[""The pointed arch and the flying buttress"",""The round arch"",""The flat roof"",""A compulsory dome""]","[""The pointed arch and the flying buttress"",""The round arch and the thick wall"",""The columned portico and pediment"",""The dome and semi-dome system""]",0.910,0.410,duzeltildi
54fc0af1-3e90-4709-ab94-5585ef4a0737,5,,edebiyat,3,0,"[""Alpler"",""Apeninler"",""Karpatlar"",""Pireneler""]",,"[""The Alps"",""The Apennines"",""The Carpathians"",""The Pyrenees""]",,0.870,,isaretli_kaldi
2bb5ac23-ca37-43a0-a572-cf780c08bb07,5,20260612001001_sik_ipucu_duzeltme_parti_5,sinema,3,1,"[""Kurgu ritmini"",""Mekân, dekor ve genel görsel dünyayı"",""Ses miksini"",""Dağıtımı""]","[""Oyuncu seçimi, rol dağılımı ve set kadrosunun yönetimi"",""Mekân, dekor ve genel görsel dünyayı"",""Müzik bestesi, ses efekti ve diyalog kaydının düzenlenmesi"",""Senaryo geliştirme, bütçe planı ve yapımcı anlaşmaları""]","[""The rhythm of the edit"",""Locations, sets and the overall visual world"",""The sound mix"",""Distribution""]","[""Casting, role assignment and management of the crew"",""Locations, sets and the overall visual world"",""Music composition, sound effects and dialogue recording"",""Script development, budget planning and producer deals""]",0.570,0.220,duzeltildi
2dda3839-ed2f-4058-99b6-6d70ccb913c5,5,20260612001001_sik_ipucu_duzeltme_parti_5,teknoloji,3,0,"[""Bileşenleri birbirine bağlar"",""Veri saklar"",""Ekran çizer"",""Ses üretir""]","[""Bileşenleri birbirine bağlar"",""Bileşenleri soğutur"",""Elektrik şebekesini dönüştürür"",""Ağ trafiğini yönlendirir""]","[""Connects the components to each other"",""Stores data"",""Draws the screen"",""Produces sound""]","[""Connects the components to each other"",""Cools the components"",""Converts the mains electricity"",""Routes network traffic""]",0.690,0.710,duzeltildi
4491e08c-4b3e-4b45-8fa4-c1841679f1cd,5,20260612001001_sik_ipucu_duzeltme_parti_5,bilim,2,1,"[""Yalnız katıda"",""Boşlukta bile"",""Yalnız sıvıda"",""Yalnız gazda""]","[""Yalnız katılarda"",""Boşlukta bile"",""Yalnız metallerde"",""Yalnız akışkanlarda""]","[""In solids only"",""Even in a vacuum"",""In liquids only"",""In gases only""]","[""In solids only"",""Even in a vacuum"",""In metals only"",""In fluids only""]",0.910,0.660,duzeltildi
810188af-51ca-4dc9-bff2-86f37ea049d6,5,20260612001001_sik_ipucu_duzeltme_parti_5,cografya,3,1,"[""Kuzey Nil ve Güney Nil"",""Beyaz Nil ve Mavi Nil"",""Doğu Nil ve Batı Nil"",""Sarı Nil ve Kızıl Nil""]","[""Beyaz Nil ve Kara Nil"",""Beyaz Nil ve Mavi Nil"",""Yeşil Nil ve Mavi Nil"",""Kızıl Nil ve Sarı Nil""]","[""The North Nile and the South Nile"",""The White Nile and the Blue Nile"",""The East Nile and the West Nile"",""The Yellow Nile and the Red Nile""]","[""The White Nile and the Black Nile"",""The White Nile and the Blue Nile"",""The Green Nile and the Blue Nile"",""The Red Nile and the Yellow Nile""]",1.000,0.380,duzeltildi
0363541a-d2b1-4c97-bca3-34a9c185721a,5,,tarih,3,2,"[""Stuart ve Hanover"",""Tudor ve Stuart"",""York ve Lancaster"",""Plantagenet ve Tudor""]",,"[""Stuart and Hanover"",""Tudor and Stuart"",""York and Lancaster"",""Plantagenet and Tudor""]",,0.890,,isaretli_kaldi
7ad0b0f2-7cd6-4a1e-9c18-a1cc138b2ecd,5,,spor,3,2,"[""Yükün sabit kalması"",""Yükün azalması"",""Gelişim için yükün kademeli artması"",""Hiç yüklenmemesi""]",,"[""The load staying the same"",""The load decreasing"",""Increasing the load gradually to make gains"",""Never loading at all""]",,1.000,,isaretli_kaldi
7b015cdc-4d2c-4b57-a5ed-4aa1b58f0b46,5,,sanat,3,2,"[""Gizler"",""Siler"",""Bilinçli göndermeyle anlam üretir"",""Kopyalar""]",,"[""Conceals"",""Erases"",""Creates meaning through a deliberate reference"",""Copies""]",,0.900,,isaretli_kaldi
96a61ba1-8e91-4de1-95d3-ca03aa79afb2,5,20260612001001_sik_ipucu_duzeltme_parti_5,edebiyat,3,3,"[""Petrarca"",""Boccaccio"",""Vergilius"",""Dante""]","[""Ariosto"",""Tasso"",""Vergilius"",""Dante""]","[""Petrarch"",""Boccaccio"",""Virgil"",""Dante""]","[""Ariosto"",""Tasso"",""Virgil"",""Dante""]",0.640,0.690,duzeltildi
375a0e59-f20c-4804-94dd-d2f2885799e5,5,,sinema,3,0,"[""Filmin anlam ve biçim yapısını"",""Bilet fiyatını"",""Salon sayısını"",""Reklamı""]",,"[""The structure of meaning and form in film"",""The ticket price"",""The number of screens"",""Advertising""]",,0.890,,isaretli_kaldi
4aec1015-ce4f-4b5a-9690-ba2f7ae7fddc,5,,teknoloji,3,0,"[""VR'ın tümüyle sanal ortam sunması"",""AR'ın tümüyle sanal olması"",""İkisinin aynı olması"",""VR'ın ses olması""]",,"[""VR presents a wholly virtual environment"",""AR is wholly virtual"",""They are the same thing"",""VR is audio""]",,0.980,,isaretli_kaldi
cb6656b0-276a-4a06-9f01-48025097859e,5,20260612001001_sik_ipucu_duzeltme_parti_5,bilim,3,3,"[""Aracı büyütür"",""Aracı temizler"",""Aracı boyar"",""Aracı standarda göre ayarlar""]","[""Aracı standarda göre sökerek parçalara ayırır"",""Aracı kullanım sonrası steril hale getirir"",""Aracı yeni bir model ile değiştirir"",""Aracı standarda göre ayarlar""]","[""Enlarges the instrument"",""Cleans the instrument"",""Paints the instrument"",""Sets the instrument against a standard""]","[""Takes the instrument apart into its components"",""Sterilizes the instrument after use"",""Replaces the instrument with a newer model"",""Sets the instrument against a standard""]",0.820,0.220,duzeltildi
4180e69e-6fd9-47c9-b6fa-f20287b9115e,5,,cografya,2,2,"[""Sumgayıt"",""Nahçıvan"",""Bakü"",""Gence""]",,"[""Sumqayit"",""Nakhchivan"",""Baku"",""Ganja""]",,0.880,,isaretli_kaldi
94285db0-5ee9-42b6-b324-bd389cf29f96,5,,tarih,3,0,"[""Napolyon sonrası düzeni kurmak"",""Sanayiyi geliştirmek"",""Sömürge paylaşmak"",""Din birliği""]",,"[""To build the post-Napoleonic order"",""To develop industry"",""To divide colonies"",""Religious unity""]",,0.820,,isaretli_kaldi
d93c7408-061a-411e-b728-a3bb57cd40fb,5,20260612001001_sik_ipucu_duzeltme_parti_5,spor,3,2,"[""Uzun süre kaldırma"",""Hızlı kaldırma"",""Tek tekrarda kaldırılan en yüksek yük"",""Hafif yük""]","[""Yükü uzun süre taşıyabilme kapasitesi"",""Yükü en kısa sürede kaldırabilme hızı"",""Tek tekrarda kaldırılan en yüksek yük"",""Kasın birim sürede ürettiği güç miktarı""]","[""Lifting for a long time"",""Lifting quickly"",""The heaviest load lifted in one repetition"",""A light load""]","[""The capacity to carry a load for a long time"",""The speed of lifting a load in the shortest time"",""The heaviest load lifted in one repetition"",""The amount of power a muscle produces per unit of time""]",0.920,0.640,duzeltildi
43d8fa78-15a8-43f0-adaa-e335127b88cd,5,20260612001001_sik_ipucu_duzeltme_parti_5,sanat,3,3,"[""Tek yapı"",""Sur sistemi"",""Saray bahçesi"",""Cami çevresinde yapılar bütünü""]","[""Tek bir kubbeli yapı"",""Şehir surları ve kapıları"",""Saray çevresinde bahçeler bütünü"",""Cami çevresinde yapılar bütünü""]","[""A single building"",""A system of walls"",""A palace garden"",""A complex of buildings around a mosque""]","[""A single domed building"",""A city's walls and gates"",""A set of gardens around a palace"",""A complex of buildings around a mosque""]",0.850,0.610,duzeltildi
fc620fcb-58fb-42de-98e3-092dbf79cc7d,5,,edebiyat,3,3,"[""Modern İkarus"",""Zincirli Titan"",""Yeni Pygmalion"",""Modern Prometheus""]",,"[""The Modern Icarus"",""The Chained Titan"",""The New Pygmalion"",""The Modern Prometheus""]",,0.920,,isaretli_kaldi
7dbbf77a-3e21-4719-bc66-d9194f9a805b,5,,sinema,3,2,"[""Üç mekân"",""Üç oyuncu"",""Kuruluş, çatışma, çözüm"",""Üç kamera""]",,"[""Three locations"",""Three actors"",""Set-up, confrontation, resolution"",""Three cameras""]",,0.930,,isaretli_kaldi
3710ba45-7de1-49a7-9240-b0470ba2b9fc,5,,teknoloji,3,2,"[""Yalnız donanımla"",""Yalnız renklerle"",""Kullanımın kolaylığı ve akışı"",""Yalnız kodla""]",,"[""Hardware only"",""Colours only"",""The ease and flow of use"",""Code only""]",,0.990,,isaretli_kaldi
6c856d79-a592-4add-9eab-ee845dbf286a,5,,bilim,3,3,"[""Zvezdochka"",""Belka"",""Strelka"",""Layka""]",,"[""Zvezdochka"",""Belka"",""Strelka"",""Laika""]",,0.880,,isaretli_kaldi
3aa3afa3-4e13-420e-ae99-3a8177d6aa57,5,20260612001001_sik_ipucu_duzeltme_parti_5,cografya,3,0,"[""Farklı hava kütlelerinin karşılaşmasıyla"",""Yükseltiyle"",""Isınmayla yalnızca"",""Basınçla""]","[""Farklı hava kütlelerinin karşılaşmasıyla"",""Havanın dağ yamacında yükselmesiyle"",""Yerin aşırı ısınıp hava akımı oluşmasıyla"",""Havanın alçalıp sıkışarak ısınmasıyla""]","[""When different air masses meet"",""Through elevation"",""Through heating alone"",""Through pressure""]","[""When different air masses meet"",""When air rises up a mountain slope"",""When the ground overheats and creates updrafts"",""When air descends and warms by compression""]",0.930,0.520,duzeltildi
1764f3b0-00ec-4110-ae54-f41d7107280e,5,20260612001001_sik_ipucu_duzeltme_parti_5,tarih,3,0,"[""Hızlı ve birleşik saldırı"",""Siper savunması"",""Kuşatma"",""Deniz ablukası""]","[""Hızlı ve birleşik saldırı"",""Uzun süreli siper savaşı"",""Gerilla pusu taktiği"",""Yıpratma savaşı""]","[""A rapid, combined assault"",""Trench defence"",""A siege"",""A naval blockade""]","[""A rapid, combined assault"",""Prolonged trench warfare"",""Guerrilla ambush tactics"",""A war of attrition""]",0.570,0.430,duzeltildi
268e4d85-0d5e-45f4-bd1d-93c5daec0b46,5,,spor,3,0,"[""Pierre de Coubertin"",""Juan Samaranch"",""Avery Brundage"",""Jacques Rogge""]",,"[""Pierre de Coubertin"",""Juan Samaranch"",""Avery Brundage"",""Jacques Rogge""]",,0.790,,isaretli_kaldi
2c2d7823-84bd-4bc2-a197-779c682986be,5,20260612001001_sik_ipucu_duzeltme_parti_5,sanat,3,1,"[""Carpeaux"",""Bartholdi"",""Dalou"",""Falguière""]","[""Rodin"",""Bartholdi"",""Dalou"",""Falguière""]","[""Carpeaux"",""Bartholdi"",""Dalou"",""Falguière""]","[""Rodin"",""Bartholdi"",""Dalou"",""Falguière""]",0.860,0.570,duzeltildi
3cedeb16-edbf-4b17-9afd-bc309298f118,5,20260612001001_sik_ipucu_duzeltme_parti_5,edebiyat,3,3,"[""Ahmet Ümit"",""Elif Şafak"",""Hakan Günday"",""Orhan Pamuk""]","[""Yaşar Kemal"",""Latife Tekin"",""Orhan Kemal"",""Orhan Pamuk""]","[""Ahmet Ümit"",""Elif Şafak"",""Hakan Günday"",""Orhan Pamuk""]","[""Yaşar Kemal"",""Latife Tekin"",""Orhan Kemal"",""Orhan Pamuk""]",0.920,0.520,duzeltildi
d7851912-f85a-42ac-b59f-286f960976e0,6,20260612001002_sik_ipucu_duzeltme_parti_6,sinema,3,3,"[""Japonca"",""Korece"",""Kantonca"",""Mandarin""]","[""Tayca"",""Vietnamca"",""Tibetçe"",""Mandarin""]","[""Japanese"",""Korean"",""Cantonese"",""Mandarin""]","[""Thai"",""Vietnamese"",""Tibetan"",""Mandarin""]",0.860,0.740,duzeltildi
49c6af2b-e8a8-4ad2-8332-25601890cace,6,20260612001002_sik_ipucu_duzeltme_parti_6,teknoloji,3,1,"[""Veri miktarını"",""Verinin gidiş-dönüş süresini"",""Kablo kalınlığını"",""Cihaz sayısını""]","[""Verinin saniyedeki aktarım hızını"",""Verinin gidiş-dönüş süresini"",""Verinin sıkıştırma oranını"",""Verinin depolama süresini""]","[""The amount of data"",""The round-trip time of data"",""Cable thickness"",""The number of devices""]","[""The data transfer rate per second"",""The round-trip time of data"",""The compression ratio of data"",""The storage duration of data""]",0.810,0.310,duzeltildi
7deea844-46de-4fbe-9efb-ec7ea100ae14,6,,bilim,2,2,"[""İkisi aynıdır"",""Kütle kuvvettir"",""Ağırlık bir kuvvettir"",""Ağırlık değişmez""]",,"[""They are the same"",""Mass is a force"",""Weight is a force"",""Weight does not change""]",,0.990,,isaretli_kaldi
ceb720e3-82a7-40c7-a9cb-a83745ebcd1d,6,,cografya,2,2,"[""İklim ortalamasını"",""Nüfus sayısını"",""Ekosistemdeki karşılıklı düzeni"",""Ürün fiyatını""]",,"[""The average climate"",""The size of the population"",""The mutual order within an ecosystem"",""The price of produce""]",,0.900,,isaretli_kaldi
391853d4-1178-49ba-9dcc-1f39f117a43b,6,,tarih,3,3,"[""Yalnız baharatı"",""Yalnız kumaşı"",""Yalnız madeni"",""Köle mal ve hammadde dolaşımını""]",,"[""Spices only"",""Cloth only"",""Metals only"",""The circulation of enslaved people, goods and raw materials""]",,0.970,,isaretli_kaldi
d7a7ccdb-9cb8-4d9c-ae14-49c42fc1e1ee,6,20260612001002_sik_ipucu_duzeltme_parti_6,spor,3,3,"[""Olga Korbut"",""Nellie Kim"",""Ludmilla Turischeva"",""Nadia Comaneci""]","[""Věra Čáslavská"",""Larisa Latynina"",""Svetlana Khorkina"",""Nadia Comaneci""]","[""Olga Korbut"",""Nellie Kim"",""Ludmilla Turischeva"",""Nadia Comaneci""]","[""Věra Čáslavská"",""Larisa Latynina"",""Svetlana Khorkina"",""Nadia Comaneci""]",0.850,0.260,duzeltildi
83af0fc4-b715-45e8-848b-ba974ee85f87,6,,sanat,3,0,"[""Porselenin daha ince ve saydam olması"",""Seramiğin saydam olması"",""İkisinin aynı olması"",""Porselenin pişmemesi""]",,"[""Porcelain is finer and translucent"",""Earthenware is translucent"",""They are the same"",""Porcelain is not fired""]",,0.990,,isaretli_kaldi
0c360825-7f89-4537-94a1-2eb7e91851c4,6,,edebiyat,3,1,"[""Aruz ölçüsü kullanımını"",""Sade dil ve hece ölçüsünü"",""Süslü ve ağır dil anlayışını"",""Fransızca söz varlığını""]",,"[""Using the aruz metre"",""Plain language and syllabic metre"",""An ornate, heavy style"",""French vocabulary""]",,0.810,,isaretli_kaldi
1c9c3343-ea13-40ec-89ce-86ce4953d252,6,,sinema,3,2,"[""Zoom'da kamera hareket eder"",""İkisi aynıdır"",""Zoom'da kamera yerinde kalır"",""Travelling optiktir""]",,"[""In a zoom the camera moves"",""They are the same"",""In a zoom the camera stays put"",""A tracking shot is optical""]",,0.880,,isaretli_kaldi
2c653944-6dae-4625-8596-719b5de6be46,6,,teknoloji,3,3,"[""900 MHz"",""AM bandı"",""Kısa dalga"",""2,4 ve 5 GHz""]",,"[""900 MHz"",""The AM band"",""Short wave"",""2.4 and 5 GHz""]",,0.890,,isaretli_kaldi
cfce80b2-68b5-47e9-ac0b-6c83efb6b482,6,,bilim,2,3,"[""Renk değişimine"",""Hızlı kaynamasına"",""Hızlı donmasına"",""Geç ısınıp geç soğumasına""]",,"[""A change of colour"",""Boiling quickly"",""Freezing quickly"",""Warming slowly and cooling slowly""]",,0.970,,isaretli_kaldi
b7f4fdd5-c250-420b-b8df-a3ddce255b0d,6,20260612001002_sik_ipucu_duzeltme_parti_6,cografya,2,2,"[""Aarhus"",""Odense"",""Kopenhag"",""Aalborg""]","[""Stockholm"",""Odense"",""Kopenhag"",""Oslo""]","[""Aarhus"",""Odense"",""Copenhagen"",""Aalborg""]","[""Stockholm"",""Odense"",""Copenhagen"",""Oslo""]",0.910,0.730,duzeltildi
f55fb934-3750-470c-a719-1a827df63520,6,,tarih,3,2,"[""City of New York"",""Wings of Chicago"",""Spirit of St. Louis"",""Pride of San Diego""]",,"[""City of New York"",""Wings of Chicago"",""Spirit of St. Louis"",""Pride of San Diego""]",,0.900,,isaretli_kaldi
28757fef-e73f-4ff1-b303-60eeb66f673a,6,,spor,3,2,"[""Royal Troon"",""Carnoustie"",""St Andrews"",""Muirfield""]",,"[""Royal Troon"",""Carnoustie"",""St Andrews"",""Muirfield""]",,0.910,,isaretli_kaldi
9baf3d25-a1d1-45d3-a88c-04c2bc7c261d,6,,sanat,3,2,"[""Ahşap oyarak"",""Taş yontarak"",""Renkli camları kurşunla birleştirerek"",""Metal döverek""]",,"[""By carving wood"",""By cutting stone"",""By joining coloured glass with lead"",""By beating metal""]",,0.950,,isaretli_kaldi
89289072-107f-4fcd-95fa-caf8439ea504,6,,edebiyat,3,1,"[""Yalnız gerçek anlatılır"",""Olağanüstü, gerçekle iç içe verilir"",""Yalnız masal anlatılır"",""Bilim kurgu yazılır""]",,"[""Only reality is described"",""The extraordinary is woven into the real"",""Only fairy tales are told"",""Science fiction is written""]",,0.930,,isaretli_kaldi
f31fc661-e519-436e-b5ec-5dc47415f9c1,6,20260612001002_sik_ipucu_duzeltme_parti_6,sinema,3,3,"[""Bilet saymaya"",""Ödül vermeye"",""Salon açmaya"",""Gelişimi evrelere ayırmaya""]","[""Yönetmenleri sıralamaya"",""Filmleri türlerine göre raflamaya"",""Yapım bütçelerini karşılaştırmaya"",""Gelişimi evrelere ayırmaya""]","[""Counting tickets"",""Awarding prizes"",""Opening cinemas"",""Dividing the development into phases""]","[""Ranking the directors"",""Shelving films by genre"",""Comparing production budgets"",""Dividing the development into phases""]",0.830,0.640,duzeltildi
79b1bc66-ff72-4221-94fa-c962dae1f0bf,6,20260612001002_sik_ipucu_duzeltme_parti_6,teknoloji,3,3,"[""Hızlı kodu"",""Küçük dosyayı"",""Ucuz donanımı"",""Arıza durumunda çalışmayı sürdürmeyi""]","[""Verilerin gizli kalmasını"",""Kodun daha hızlı derlenmesini"",""Donanım maliyetinin düşmesini"",""Arıza durumunda çalışmayı sürdürmeyi""]","[""Fast code"",""A small file"",""Cheap hardware"",""Continued operation when something fails""]","[""Keeping data confidential"",""Faster compilation of code"",""Lower hardware costs"",""Continued operation when something fails""]",0.890,0.600,duzeltildi
53773e97-13e9-4146-8720-dd6a7968ee1d,6,20260612001002_sik_ipucu_duzeltme_parti_6,bilim,2,2,"[""Çözeltinin rengini"",""Çözeltinin sıcaklığını"",""Birim çözeltideki çözünen miktarını"",""Kabın hacmini""]","[""Çözeltideki çözücünün kaynama noktasını"",""Çözeltinin yoğunluğunun sıcaklıkla değişimini"",""Birim çözeltideki çözünen miktarını"",""Çözünen maddenin molekül kütlesini""]","[""The colour of the solution"",""The temperature of the solution"",""The amount of solute per unit of solution"",""The volume of the container""]","[""The boiling point of the solvent in the solution"",""The change of the solution's density with temperature"",""The amount of solute per unit of solution"",""The molecular mass of the dissolved substance""]",0.860,0.330,duzeltildi
f6349bb6-ab62-4414-bb6a-6dcaae115033,6,20260612001002_sik_ipucu_duzeltme_parti_6,cografya,3,0,"[""Dağ yamacından sıcak ve kuru inmesi"",""Soğuk ve nemli olması"",""Yağış getirmesi"",""Kutuplardan gelmesi""]","[""Dağ yamacından sıcak ve kuru inmesi"",""Deniz üzerinden ılık ve nemli esmesi"",""Çöl ovasından toz taşıyarak esmesi"",""Mevsimlik yön değiştirerek esmesi""]","[""Coming down a mountain slope warm and dry"",""Being cold and damp"",""Bringing rain"",""Coming from the poles""]","[""Coming down a mountain slope warm and dry"",""Blowing mild and humid across the sea"",""Blowing across a desert plain carrying dust"",""Changing direction with the seasons""]",0.860,0.150,duzeltildi
4c1518d3-975b-4fba-ab4b-1bbc26a0542e,6,20260612001002_sik_ipucu_duzeltme_parti_6,tarih,3,3,"[""Kara sınırını"",""Hava sahasını"",""Ticareti"",""Boğazların yönetimini""]","[""Sömürge topraklarının paylaşımını"",""Savaş tazminatlarının ödenmesini"",""Azınlıkların haklarını"",""Boğazların yönetimini""]","[""Land borders"",""Airspace"",""Trade"",""Administration of the Straits""]","[""Division of colonial territories"",""Payment of war reparations"",""Rights of minorities"",""Administration of the Straits""]",0.890,0.340,duzeltildi
93f61a51-005e-4940-b1d5-171794012557,6,,spor,3,1,"[""Yüzme ve koşu"",""Kayaklı koşu ve atıcılık"",""Bisiklet ve koşu"",""Kayak ve atlama""]",,"[""Swimming and running"",""Cross-country skiing and shooting"",""Cycling and running"",""Skiing and jumping""]",,0.850,,isaretli_kaldi
1a67fc51-6a9e-4e5d-a821-213094b0c5bd,6,20260612001002_sik_ipucu_duzeltme_parti_6,sanat,3,1,"[""Süsleme"",""Kubbe yükünü zemine aktarmak"",""Aydınlatma"",""Havalandırma""]","[""Kubbe geçişini üçgen yüzeylerle sağlamak"",""Kubbe yükünü zemine aktarmak"",""Avlu girişini gölgeli bir revakla çevirmek"",""Minare gövdesini yan duvara bağlamak""]","[""Decoration"",""Transferring the dome's load to the ground"",""Lighting"",""Ventilation""]","[""Providing the dome transition with triangular surfaces"",""Transferring the dome's load to the ground"",""Surrounding the courtyard entrance with a shaded portico"",""Connecting the minaret shaft to the side wall""]",0.950,0.350,duzeltildi
d9b5fd5e-ad40-4b7f-80fc-ed16579b001c,6,20260612001002_sik_ipucu_duzeltme_parti_6,edebiyat,3,1,"[""Conan Doyle"",""Agatha Christie"",""Simenon"",""Highsmith""]","[""Conan Doyle"",""Agatha Christie"",""Dorothy Sayers"",""Raymond Chandler""]","[""Conan Doyle"",""Agatha Christie"",""Simenon"",""Highsmith""]","[""Conan Doyle"",""Agatha Christie"",""Dorothy Sayers"",""Raymond Chandler""]",0.730,0.650,duzeltildi
56e6a987-9da6-44f2-b818-776a9847cdc3,6,20260612001002_sik_ipucu_duzeltme_parti_6,sinema,3,3,"[""Bütçe hazırlamak"",""Bilet satmak"",""Ses kaydetmek"",""Çekimleri önceden çizerek planlamak""]","[""Oyuncuları önceden seçerek kadroyu belirlemek"",""Çekim mekanlarını önceden izinle kiralamak"",""Müzikleri önceden besteleyerek kaydetmek"",""Çekimleri önceden çizerek planlamak""]","[""Preparing the budget"",""Selling tickets"",""Recording sound"",""Planning the shots by drawing them in advance""]","[""Choosing the cast in advance to form the ensemble"",""Renting filming locations in advance with permits"",""Composing and recording the music in advance"",""Planning the shots by drawing them in advance""]",0.870,0.630,duzeltildi
a6d57331-71b6-4e6b-94c4-4913460d382c,6,20260612001002_sik_ipucu_duzeltme_parti_6,teknoloji,3,1,"[""Kalite artışı"",""Önden veri tutup kesintiyi önlemeyi"",""Dosya küçültme"",""Ses eşitleme""]","[""Görüntüyü yüksek çözünürlüğe yükseltmeyi"",""Önden veri tutup kesintiyi önlemeyi"",""Verileri şifreleyerek korumayı"",""Yayını birden fazla cihaza kopyalamayı""]","[""Higher quality"",""Holding data ahead to prevent interruption"",""Shrinking the file"",""Syncing the audio""]","[""Upscaling the picture to a higher resolution"",""Holding data ahead to prevent interruption"",""Protecting the data by encrypting it"",""Copying the stream to multiple devices""]",0.820,0.510,duzeltildi
a66f0382-43a8-4b76-b68c-ca2e262739c1,6,,bilim,2,2,"[""Tek zincir"",""Üçgen"",""Çift sarmal"",""Halka""]",,"[""A single strand"",""A triangle"",""A double helix"",""A ring""]",,0.860,,isaretli_kaldi
2416da4a-05de-4d31-9c57-be0c5dfcc33d,6,20260612001002_sik_ipucu_duzeltme_parti_6,cografya,2,2,"[""Tarımsal"",""İklimsel"",""Jeopolitik ve ticari"",""Madensel""]","[""Tarımsal ve hayvancılık"",""İklimsel ve bitki örtüsüne dair"",""Jeopolitik ve ticari"",""Jeotermal ve volkanik""]","[""Agricultural"",""Climatic"",""Geopolitical and commercial"",""Mineral""]","[""Agricultural and livestock-related"",""Climatic and vegetation-related"",""Geopolitical and commercial"",""Geothermal and volcanic""]",0.700,0.300,duzeltildi
8a53834b-3a68-449e-8de0-8a3533ad8edc,6,20260612001002_sik_ipucu_duzeltme_parti_6,tarih,3,3,"[""Denizcilikle"",""Sanayiyle"",""Sömürgecilikle"",""İlk Müslüman Türk devletlerinden olmakla""]","[""Hint Okyanusu'ndaki deniz ticaret ağıyla bilinen bir devlet olmakla"",""Anadolu'daki ilk Türk beyliklerinden biri olmakla"",""Orta Asya'da Budist bir Türk devleti olmakla"",""İlk Müslüman Türk devletlerinden olmakla""]","[""Seafaring"",""Industry"",""Colonialism"",""Being one of the first Muslim Turkic states""]","[""Being a state known for its Indian Ocean maritime trade network"",""Being one of the first Turkic principalities in Anatolia"",""Being a Buddhist Turkic state in Central Asia"",""Being one of the first Muslim Turkic states""]",0.830,0.640,duzeltildi
42f2415b-cdc8-4b10-839d-1a1bc3a3c2ae,6,,spor,3,2,"[""Yalnız finalde"",""Yalnız antrenmanda"",""Yarış içi ve dışında"",""Yalnız sezon sonunda""]",,"[""Only in the final"",""Only in training"",""Both in and out of competition"",""Only at the end of the season""]",,0.950,,isaretli_kaldi
315fdcf6-c40e-41f8-8c8b-5efe57a36b23,6,,sanat,3,2,"[""Yalnız müzede"",""Yalnız galeride"",""Oyun ve film ön tasarımında"",""Yalnız baskıda""]",,"[""Only in museums"",""Only in galleries"",""In the pre-design of games and films"",""Only in printing""]",,0.950,,isaretli_kaldi
310ad36e-5353-4c35-9533-f4fc35dfe530,6,20260612001002_sik_ipucu_duzeltme_parti_6,edebiyat,3,1,"[""Sınırlı bilgi"",""Her şeyi bilen anlatıcı"",""Yalnız diyalog"",""Yalnız betimleme""]","[""Yalnızca bir kahramanın gözünden anlatım"",""Her şeyi bilen anlatıcı"",""Okurun hiçbir şey öğrenmemesi"",""Karakterlerin kendi mektuplarıyla anlatım""]","[""Limited knowledge"",""A narrator who knows everything"",""Only dialogue"",""Only description""]","[""Narration only through one character's eyes"",""A narrator who knows everything"",""The reader learning nothing"",""Narration through the characters' own letters""]",0.830,0.520,duzeltildi
79686e00-80d8-46ad-bea0-3bd201c76831,6,20260612001002_sik_ipucu_duzeltme_parti_6,sinema,3,3,"[""Rastgele müzik"",""Sessizlik"",""Doğal ses"",""Karaktere bağlı yinelenen ezgi""]","[""Sahneler arasında geçişi sağlayan ses efekti"",""Diyalogların arka planda kısılması tekniği"",""Görüntüyle eş zamanlı çalınan gerçek ses"",""Karaktere bağlı yinelenen ezgi""]","[""Random music"",""Silence"",""Natural sound"",""A recurring theme tied to a character""]","[""A sound effect that links transitions between scenes"",""A technique of lowering dialogue in the background"",""A real sound played in sync with the image"",""A recurring theme tied to a character""]",0.920,0.680,duzeltildi
46776537-a07e-4dae-9764-fca72db06789,6,,teknoloji,3,3,"[""Ses sıkıştırma"",""Ağ hızı"",""Görüntü sıkıştırma"",""Tüm dillerin karakterlerini tek standartta toplamak""]",,"[""Audio compression"",""Network speed"",""Image compression"",""Bringing every language's characters into one standard""]",,0.930,,isaretli_kaldi
7e971ae9-98db-4cff-a51d-fec4352e088a,6,20260612001002_sik_ipucu_duzeltme_parti_6,bilim,2,1,"[""Hacim bölü kütle"",""Kütle bölü hacim"",""Kütle çarpı hacim"",""Kütle artı hacim""]","[""Kuvvet bölü alan"",""Kütle bölü hacim"",""Hacim bölü sıcaklık"",""Ağırlık çarpı yükseklik""]","[""Volume divided by mass"",""Mass divided by volume"",""Mass times volume"",""Mass plus volume""]","[""Force divided by area"",""Mass divided by volume"",""Volume divided by temperature"",""Weight times height""]",1.000,0.720,duzeltildi
1a27b68f-8244-458e-aff4-760e346e5fa7,6,20260612001002_sik_ipucu_duzeltme_parti_6,cografya,2,0,"[""Yeni ortamda dengeyi bozan yabancı tür"",""Yerli tür"",""Nesli tükenen tür"",""Evcil tür""]","[""Yeni ortamda dengeyi bozan yabancı tür"",""Yalnızca tek bir adada yaşayan, yayılımı sınırlı tür"",""Besin zincirinde en üst basamakta yer alan tür"",""Göç yollarında mevsimlik olarak yer değiştiren tür""]","[""A foreign species that upsets the balance in a new environment"",""A native species"",""An extinct species"",""A domesticated species""]","[""A foreign species that upsets the balance in a new environment"",""A species living on only one island with a limited range"",""A species at the top level of the food chain"",""A species that moves seasonally along migration routes""]",0.760,0.450,duzeltildi
dd953682-b9ca-4fbf-bf92-44da0895a895,6,20260612001002_sik_ipucu_duzeltme_parti_6,tarih,3,3,"[""Onaylamak"",""Yargılamak"",""Yüceltmek"",""Dönemin koşullarını anlamaya çalışmak""]","[""Geçmiş olayları bugünün ölçütleriyle değerlendirmek"",""Tarihsel olaylardan ders çıkarmaya çalışmak"",""Geçmişteki kişilere hayranlık duymak"",""Dönemin koşullarını anlamaya çalışmak""]","[""Approving"",""Judging"",""Glorifying"",""Trying to understand the conditions of the period""]","[""Evaluating past events by today's standards"",""Trying to draw lessons from historical events"",""Admiring the people of the past"",""Trying to understand the conditions of the period""]",0.950,0.640,duzeltildi
80bf2aa4-982e-49d2-8296-49d5e67ace24,6,,spor,3,2,"[""Feyenoord"",""PSV"",""Ajax"",""Twente""]",,"[""Feyenoord"",""PSV"",""Ajax"",""Twente""]",,0.890,,isaretli_kaldi
0f67c1fd-f0fd-42bf-97de-b70c0a316b4c,6,,sanat,3,3,"[""Eserin satış fiyat bilgisi"",""Sanatçının yaş bilgisi"",""Serginin açılış tarihi"",""Çizgi, renk, kompozisyon""]",,"[""Price"",""The artist's age"",""The exhibition date"",""Line, colour and composition""]",,0.950,,isaretli_kaldi
c9dd90e7-e188-4527-948d-ad01147c5cc3,6,,edebiyat,3,0,"[""Nevermore"",""Forevermore"",""No more"",""Evermore""]",,"[""Nevermore"",""Forevermore"",""No more"",""Evermore""]",,0.880,,isaretli_kaldi
1a388151-84aa-4548-a7bf-c477391c831d,6,20260612001002_sik_ipucu_duzeltme_parti_6,sinema,3,0,"[""Yolculuk boyunca dönüşüme"",""Tek mekânda kalmaya"",""Savaş sahnelerine"",""Dans gösterisine""]","[""Yolculuk boyunca dönüşüme"",""Cinayet soruşturmasının çözülmesine"",""Mahkeme salonundaki tartışmalara"",""Zaman atlamalı aşk hikâyesine""]","[""Transformation over the course of a journey"",""Staying in one place"",""Battle scenes"",""A dance show""]","[""Transformation over the course of a journey"",""Solving a murder investigation"",""Courtroom debates"",""A time-jumping love story""]",0.790,0.560,duzeltildi
3b96db93-65a3-41d3-8878-007aa5439204,6,,teknoloji,3,1,"[""Veri silmek"",""Veriden anlamlı örüntü çıkarmak"",""Veri şifrelemek"",""Veri yedeklemek""]",,"[""Deleting data"",""Extracting meaningful patterns from data"",""Encrypting data"",""Backing up data""]",,0.850,,isaretli_kaldi
4d64bab6-5327-4003-90e4-f3d4c7872c4f,6,20260612001002_sik_ipucu_duzeltme_parti_6,bilim,2,3,"[""Toplam enerjiyi"",""Kuvveti"",""Kütleyi"",""Birim zamandaki işi""]","[""Birim yüzeydeki kuvveti"",""Birim zamandaki hız değişimini"",""Birim hacimdeki kütleyi"",""Birim zamandaki işi""]","[""Total energy"",""Force"",""Mass"",""Work done per unit of time""]","[""Force per unit of area"",""Change in velocity per unit of time"",""Mass per unit of volume"",""Work done per unit of time""]",0.960,0.490,duzeltildi
7e66691f-5bbc-47f5-b4f2-b4892ef360fa,6,,cografya,3,2,"[""Renkli görüntü vermesi"",""Ucuz olması"",""Bulutlu havada da görüntü alması"",""Küçük olması""]",,"[""They give colour images"",""They are cheap"",""They can image through cloud"",""They are small""]",,0.780,,isaretli_kaldi
8d892e4b-b743-4cd4-8d08-a719be3dff50,6,20260612001002_sik_ipucu_duzeltme_parti_6,tarih,3,2,"[""Ticaret"",""Vergi"",""Yazısız hukuk kuralları"",""Ordu""]","[""Devlet hazinesi"",""Askerî birlik düzeni"",""Yazısız hukuk kuralları"",""Hanedan soyağacı""]","[""Trade"",""Tax"",""Unwritten customary law"",""Army""]","[""State treasury"",""Military unit order"",""Unwritten customary law"",""Dynastic genealogy""]",0.710,0.550,duzeltildi
cac61623-6728-4428-8756-ee3960298315,6,,spor,3,2,"[""Durham ve York"",""Cambridge ve Edinburgh"",""Oxford ve Cambridge"",""Oxford ve Durham""]",,"[""Durham and York"",""Cambridge and Edinburgh"",""Oxford and Cambridge"",""Oxford and Durham""]",,0.980,,isaretli_kaldi
695c7977-ba8d-468b-bc2b-c3a37b20ffca,6,,sanat,3,2,"[""Yalnız rengi"",""Yalnız boyutu"",""Toplumsal ve tarihsel koşulları"",""Yalnız tekniği""]",,"[""Colour only"",""Size only"",""Social and historical conditions"",""Technique only""]",,0.970,,isaretli_kaldi
7aa09491-965a-459b-affd-6a5fd5e0e30f,6,,edebiyat,3,3,"[""Yalnız resmîdir"",""Edebî değeri yoktur"",""Şiirdir"",""Edebî mektuplar tür sayılır""]",,"[""It is only official"",""It has no literary value"",""It is poetry"",""Literary letters count as a genre""]",,0.910,,isaretli_kaldi
7747b72c-a801-4a48-b397-c806c9f1ab36,6,,sinema,3,2,"[""Carla Heston"",""Norma Bergstrom"",""Marge Gunderson"",""Jean Lundegaard""]",,"[""Carla Heston"",""Norma Bergstrom"",""Marge Gunderson"",""Jean Lundegaard""]",,0.810,,isaretli_kaldi
21a397db-d5b9-454e-8816-d4bc294ff845,6,20260612001002_sik_ipucu_duzeltme_parti_6,teknoloji,3,0,"[""Görevleri otomatikleştirmek"",""Donanım üretmek"",""Kablo döşemek"",""Ekran yapmak""]","[""Görevleri otomatikleştirmek"",""Cihaz sürücüsü yazmak"",""Veri kablosu test etmek"",""Ağ trafiğini yönlendirmek""]","[""Automating tasks"",""Manufacturing hardware"",""Laying cable"",""Making screens""]","[""Automating tasks"",""Writing device drivers"",""Testing data cables"",""Routing network traffic""]",0.890,0.410,duzeltildi
046232e7-0010-43a5-ab0a-5848b7db8cd6,6,,bilim,3,1,"[""Tek bir bireyin genlerini"",""Bir popülasyondaki tüm genleri"",""Tek bir hücrenin çekirdeğini"",""Tek bir kromozom kolunu""]",,"[""The genes of one individual"",""All the genes in a population"",""One cell"",""One chromosome""]",,0.870,,isaretli_kaldi
f96555cd-8d62-4063-ab45-738c2a6ed7b7,6,,cografya,3,3,"[""Volkanik yarımada"",""Buzul gölü"",""Kum çölü"",""Halka biçiminde mercan adası""]",,"[""A volcanic peninsula"",""A glacial lake"",""A sand desert"",""A ring-shaped coral island""]",,0.840,,isaretli_kaldi
d0035eec-1d85-465b-bb2a-c6ae8dbe814a,6,,tarih,3,3,"[""1281"",""1326"",""1354"",""1299""]",,"[""1281"",""1326"",""1354"",""1299""]",,0.740,,isaretli_kaldi
5f78a987-306e-48e5-982c-ef80d30cfb8e,6,,spor,3,3,"[""Chris Chataway"",""John Landy"",""Chris Brasher"",""Roger Bannister""]",,"[""Chris Chataway"",""John Landy"",""Chris Brasher"",""Roger Bannister""]",,0.680,,isaretli_kaldi
0d7e57a9-21dc-4868-a529-41e4b5260088,6,,sanat,3,2,"[""Yapıyı tümden yenilemeyi"",""Yapıyı yıkıp kaldırmayı"",""Özgün dokuyu korumayı"",""Yüzeyi baştan boyamayı""]",,"[""Complete renewal"",""Demolition"",""Preserving the original fabric"",""Painting""]",,0.970,,isaretli_kaldi
3dfcac2b-1ccf-48f2-926c-c7197b847ff2,6,,edebiyat,3,1,"[""Jarvis Lorry"",""Sydney Carton"",""Ernest Defarge"",""Jerry Cruncher""]",,"[""Jarvis Lorry"",""Sydney Carton"",""Ernest Defarge"",""Jerry Cruncher""]",,0.810,,isaretli_kaldi
490dd855-3d1e-48da-b412-9675f7c1caba,6,,sinema,3,2,"[""Yüksek çözünürlükle"",""Yüksek kare hızıyla"",""İki göze farklı görüntü sunarak"",""Geniş perdeyle""]",,"[""With high resolution"",""With a high frame rate"",""By showing each eye a different image"",""With a wide screen""]",,0.920,,isaretli_kaldi
99d689e2-f40e-49e8-8be3-6f89e493e9e3,6,20260612001002_sik_ipucu_duzeltme_parti_6,teknoloji,3,2,"[""Yalnız depolama"",""Yalnız ses"",""Grafik ve paralel hesaplama"",""Yalnız ağ""]","[""Veri depolama ve yedekleme"",""Ses işleme ve kayıt"",""Grafik ve paralel hesaplama"",""Ağ trafiği yönlendirme""]","[""Storage only"",""Sound only"",""Graphics and parallel computation"",""Networking only""]","[""Data storage and backup"",""Sound processing and recording"",""Graphics and parallel computation"",""Network traffic routing""]",0.900,0.300,duzeltildi
a76f57b4-fd2f-4500-9da4-7245506b2e8c,6,,bilim,2,3,"[""Işık yayması"",""Soğuk olması"",""Küçük kütleli olması"",""Işığın bile kaçamayacağı çekim""]",,"[""It emits light"",""It is cold"",""It has a small mass"",""A pull not even light can escape""]",,0.990,,isaretli_kaldi
4378c1bc-a3ee-44f6-ac48-f41926604aa1,6,,cografya,3,3,"[""Humus artışı"",""Verim artışı"",""Erozyonun bitmesi"",""Tuzlanma ve çoraklaşma""]",,"[""An increase in humus"",""An increase in yield"",""The end of erosion"",""Salinisation and barrenness""]",,0.890,,isaretli_kaldi
0d9cda0e-904d-4858-aaef-4e4224b415b2,6,,tarih,3,3,"[""Yalnızca asker sınıfını"",""Yalnızca tüccar sınıfını"",""Yalnızca din adamlarını"",""Saray ve devlet görevlilerini""]",,"[""Only soldiers"",""Only merchants"",""Only clerics"",""Palace and state officials""]",,0.950,,isaretli_kaldi
ee7b17f5-ba06-4f22-9cdd-e68eee447ea3,6,,spor,3,1,"[""Spiridon Belokas"",""Spiridon Luis"",""Harilaos Vasilakos"",""Yannis Persakis""]",,"[""Spyridon Belokas"",""Spyridon Louis"",""Charilaos Vasilakos"",""Ioannis Persakis""]",,0.920,,isaretli_kaldi
5ad41016-051a-4a43-9a24-14663945d6c8,6,,sanat,3,0,"[""Gerçeği birebir yansıtmama"",""Fotoğraf gibi çizme"",""Sadece portre"",""Sadece manzara""]",,"[""Not reproducing reality exactly"",""Drawing like a photograph"",""Portraits only"",""Landscapes only""]",,0.760,,isaretli_kaldi
2b4954da-ccb5-49ee-bdb3-dd9745edf44f,6,,edebiyat,3,1,"[""Destanın kısa olması"",""Halk hikâyesinin daha gerçekçi olması"",""İkisinin aynı olması"",""Hikâyenin şiir olması""]",,"[""The epic is short"",""The folk tale is more realistic"",""They are the same"",""The tale is in verse""]",,0.910,,isaretli_kaldi
92db65df-d5c1-4d9f-8b57-18edccd140ae,6,,sinema,3,1,"[""Sesi temizlemeye"",""Hareketli çekimi sarsıntısız yapmaya"",""Rengi düzeltmeye"",""Işığı yumuşatmaya""]",,"[""Cleaning up sound"",""Making a moving shot free of shake"",""Correcting colour"",""Softening light""]",,0.880,,isaretli_kaldi
7e47d1ad-a631-413c-bc2f-0315dd86e7f3,6,20260612001002_sik_ipucu_duzeltme_parti_6,teknoloji,3,3,"[""Ağ hızı"",""Renk düzeltme"",""Ses kaydı"",""Kimlik doğrulama ve bütünlük""]","[""Veri sıkıştırma ve hız"",""Gizlilik ve anonimlik"",""Yedekleme ve kurtarma"",""Kimlik doğrulama ve bütünlük""]","[""Network speed"",""Colour correction"",""Sound recording"",""Authentication and integrity""]","[""Data compression and speed"",""Secrecy and anonymity"",""Backup and recovery"",""Authentication and integrity""]",0.880,0.450,duzeltildi
cc6bf49d-0320-44c3-893e-8393bd6bc8f6,6,,bilim,3,1,"[""Kromozom kolu"",""Bir genin farklı biçimi"",""Hücre türü"",""Enzim""]",,"[""A chromosome arm"",""A different form of a gene"",""A type of cell"",""An enzyme""]",,0.960,,isaretli_kaldi
9b54127f-e59c-45a7-b083-9e989305d4e4,6,20260612001002_sik_ipucu_duzeltme_parti_6,cografya,2,1,"[""Sıcaklık eşitliği"",""Basınç farkı"",""Nem"",""Yükseklik yok""]","[""Bulut miktarı"",""Basınç farkı"",""Nem oranı"",""Yağış miktarı""]","[""Equal temperature"",""A pressure difference"",""Humidity"",""No effect from altitude""]","[""Cloud amount"",""A pressure difference"",""Humidity level"",""Amount of precipitation""]",0.730,0.680,duzeltildi
021edc4f-a7ac-4097-9ccf-46e8866e7ead,6,,tarih,3,1,"[""Şvabya Birliği"",""Hansa Birliği"",""Lombard Birliği"",""Kalmar Birliği""]",,"[""The Swabian League"",""The Hanseatic League"",""The Lombard League"",""The Kalmar Union""]",,0.810,,isaretli_kaldi
4ee1d7e4-b9ea-4882-87dd-8df972f70b74,6,,spor,3,0,"[""Bullseye"",""Triple"",""Double"",""Miss""]",,"[""The bullseye"",""The triple"",""The double"",""A miss""]",,0.750,,isaretli_kaldi
5247abfe-5099-4d93-989e-5ca63eb7c6c5,6,,sanat,3,3,"[""Ahşap kubbeyi"",""Cam duvarı"",""İnce sütunu"",""Geniş kubbe ve kemerleri""]",,"[""Wooden domes"",""Glass walls"",""Slender columns"",""Wide domes and arches""]",,0.890,,isaretli_kaldi
9f28226c-e2d5-44c0-a3db-16cdfa7aa4a9,6,,edebiyat,3,3,"[""Divan geleneğini sürdürmek"",""Halk şiirini yaymak"",""Din dışı şiiri yasaklamak"",""Batı edebiyatını tanıtıp toplumu eğitmek""]",,"[""To continue the Divan tradition"",""To spread folk poetry"",""To ban secular poetry"",""To introduce Western literature and educate society""]",,0.590,,isaretli_kaldi
3eba917b-5c04-40e1-9bca-d00bf57b4a41,6,,sinema,3,1,"[""Figüranın baş rol olması"",""Dublörün tehlikeli sahneleri yapması"",""İkisinin aynı olması"",""Dublörün seslendirmesi""]",,"[""The extra plays the lead"",""The stunt double performs the dangerous scenes"",""They are the same thing"",""The stunt double does the dubbing""]",,0.920,,isaretli_kaldi
29a043b5-585a-42a3-bfc9-a432078df38d,6,20260612001002_sik_ipucu_duzeltme_parti_6,teknoloji,3,0,"[""İnsan davranışını manipüle etmeye"",""Şifre kırma yazılımına"",""Donanım sökmeye"",""Ağ kablosuna""]","[""İnsan davranışını manipüle etmeye"",""Yazılım güvenlik açığı sömürmeye"",""Sunucu sistemini aşırı yüklemeye"",""Şifreli trafiği çözmeye""]","[""Manipulating human behaviour"",""Password-cracking software"",""Dismantling hardware"",""The network cable""]","[""Manipulating human behaviour"",""Exploiting software vulnerabilities"",""Overloading the server system"",""Decrypting encrypted traffic""]",0.890,0.580,duzeltildi
ea8e9ae9-b4c9-40c9-8865-dad35597a275,6,,bilim,3,1,"[""Yerçekiminin olmaması"",""Sürekli serbest düşüş hâli"",""Havanın olmaması"",""Sıcaklığın düşüklüğü""]",,"[""The absence of gravity"",""Being in continuous free fall"",""The absence of air"",""The low temperature""]",,0.870,,isaretli_kaldi
6ee4556d-7194-41bf-a6d5-b5ae83b1bca6,6,20260612001002_sik_ipucu_duzeltme_parti_6,cografya,2,1,"[""Dağ zirvelerinde"",""Akarsu taşkın ovalarında"",""Çöl ortasında"",""Buzul üstünde""]","[""Dağ yamaçlarında"",""Akarsu taşkın ovalarında"",""Kıyı kumullarında"",""Volkanik koniler üzerinde""]","[""On mountain summits"",""On river floodplains"",""In the middle of the desert"",""On top of a glacier""]","[""On mountain slopes"",""On river floodplains"",""On coastal sand dunes"",""On volcanic cones""]",0.740,0.670,duzeltildi
d1946303-bf03-427c-a257-730a56dfabd7,6,,tarih,3,0,"[""Anadolu'nun Türk yurdu olması"",""Anadolu'nun kaybı"",""Bizans'ın güçlenmesi"",""Haçlı zaferi""]",,"[""Anatolia became a Turkish homeland"",""Anatolia was lost"",""Byzantium grew stronger"",""A Crusader victory""]",,0.930,,isaretli_kaldi
7d1d93e0-4d6f-4c5f-88b0-c64785d377ac,6,,spor,3,1,"[""Sabit tempoda"",""Şiddet ve dinlenme dönüşümlü"",""Yalnız yürüyerek"",""Yalnız ağırlıkla""]",,"[""At a steady pace"",""Alternating effort and recovery"",""By walking only"",""With weights only""]",,0.920,,isaretli_kaldi
515ae4fe-5f05-44e2-83ca-969cdb629d7d,6,,sanat,3,1,"[""Süsleme yalnızca"",""Açıklığı geçip yükü aktarmak"",""Isı yalıtımı"",""Su geçirmezlik""]",,"[""Decoration only"",""Spanning an opening and transferring load"",""Thermal insulation"",""Waterproofing""]",,0.930,,isaretli_kaldi
458c1bf9-f798-4696-96dc-fe57e8779b15,6,20260612001002_sik_ipucu_duzeltme_parti_6,edebiyat,3,0,"[""Gerekli bilgiyi aktarır"",""Sonu gösterir"",""Müzik ekler"",""Kesme yapar""]","[""Gerekli bilgiyi aktarır"",""Çatışmayı çözüme bağlar"",""Karakterin adını değiştirir"",""Olayları tersten anlatır""]","[""Delivers the necessary information"",""Shows the ending"",""Adds music"",""Makes a cut""]","[""Delivers the necessary information"",""Ties the conflict to a resolution"",""Changes the character's name"",""Tells the events in reverse""]",0.840,0.750,duzeltildi
56671fce-8a0d-42e4-b575-13f6b32b20dc,6,,sinema,3,2,"[""Makoto Shinkai"",""Isao Takahata"",""Hayao Miyazaki"",""Satoshi Kon""]",,"[""Makoto Shinkai"",""Isao Takahata"",""Hayao Miyazaki"",""Satoshi Kon""]",,0.880,,isaretli_kaldi
b5e51127-e236-4986-9c82-12f4e0ee09fa,6,,teknoloji,3,0,"[""HTML ve CSS'i ekrana çizer"",""Ağ kurar"",""Dosya siler"",""Kod derler yalnızca""]",,"[""Renders HTML and CSS on screen"",""Sets up a network"",""Deletes files"",""Only compiles code""]",,0.970,,isaretli_kaldi
3856cf67-a99b-4fd7-a768-534a7cc2600e,6,20260612001002_sik_ipucu_duzeltme_parti_6,bilim,3,2,"[""Pallas"",""Juno"",""Ceres"",""Vesta""]","[""Hygiea"",""Astraea"",""Ceres"",""Eros""]","[""Pallas"",""Juno"",""Ceres"",""Vesta""]","[""Hygiea"",""Astraea"",""Ceres"",""Eros""]",0.830,0.680,duzeltildi
50980c01-29f9-4128-9e63-f0443f77dfae,6,20260612001002_sik_ipucu_duzeltme_parti_6,cografya,2,0,"[""Suyun mineralli katmanlardan geçmesine"",""Deniz suyunun süzülmesine"",""Buzul erimesine"",""Yağmurun donmasına""]","[""Suyun mineralli katmanlardan geçmesine"",""Suyun güneş ışığıyla buharlaşıp yoğuşmasına"",""Suyun yüzeyde nehir yatağında hızlı akmasına"",""Suyun yüksek dağlarda kar olarak birikmesine""]","[""Water passing through mineral-rich layers"",""Seawater being filtered"",""Glacial melt"",""Rain freezing""]","[""Water passing through mineral-rich layers"",""Water evaporating and condensing under sunlight"",""Water flowing quickly along a surface riverbed"",""Water accumulating as snow on high mountains""]",0.830,0.050,duzeltildi
791f452e-f719-4f7d-94d9-7511a28a20fe,6,20260612001002_sik_ipucu_duzeltme_parti_6,tarih,3,2,"[""Askerî talim"",""Ticaret eğitimi"",""Saray görevlisi yetiştirme"",""Din eğitimi yalnızca""]","[""Donanma subayı yetiştirme"",""Vakıf yönetimi eğitimi"",""Saray görevlisi yetiştirme"",""Kadı ve müderris yetiştirme""]","[""Military drill"",""Commercial training"",""Training palace officials"",""Only religious education""]","[""Training naval officers"",""Endowment management training"",""Training palace officials"",""Training judges and scholars""]",0.510,0.340,duzeltildi
db158d00-73f2-48b6-85ef-b671ce25d835,6,,spor,3,2,"[""Koşu, atlama, atma"",""Yüzme, kürek, koşu"",""Yüzme, bisiklet, koşu"",""Bisiklet, boks, koşu""]",,"[""Running, jumping, throwing"",""Swimming, rowing, running"",""Swimming, cycling, running"",""Cycling, boxing, running""]",,0.880,,isaretli_kaldi
530bb367-22b4-4f04-9b74-45bc8a679977,6,,sanat,3,0,"[""Salvador Dalí"",""Magritte"",""Ernst"",""Miró""]",,"[""Salvador Dalí"",""Magritte"",""Ernst"",""Miró""]",,0.850,,isaretli_kaldi
1feb8c8f-1e33-45d1-81d1-f3b54a802c6a,6,,sinema,3,0,"[""Ritmi ve gerilimi belirler"",""Rengi değiştirir"",""Sesi artırır"",""Afişi belirler""]",,"[""It sets the rhythm and tension"",""It changes the colour"",""It raises the volume"",""It determines the poster""]",,0.920,,isaretli_kaldi
931fb3ab-2fc0-4347-be20-5946c9131630,6,,teknoloji,3,3,"[""Nota yazmak"",""Işık vermek"",""Kayıt silmek"",""Analog sesi sayısala çevirmek""]",,"[""Writes notation"",""Provides light"",""Erases recordings"",""Converts analogue sound to digital""]",,0.810,,isaretli_kaldi
14f45cc7-4256-4bf9-aa32-c990b6226beb,6,20260612001002_sik_ipucu_duzeltme_parti_6,bilim,2,2,"[""Dünya çok hızlı döner"",""Ay Dünya'dan çok uzaktır"",""Dönüş süreleri eşittir"",""Ay hiç dönmemektedir""]","[""Ay'ın kütle çekimi çok zayıftır"",""Ay'ın yörüngesi tam bir daire olmuştur"",""Dönüş süreleri eşittir"",""Dünya'nın manyetik alanı Ay'ı sabitler""]","[""The Earth spins fast"",""The Moon is very far away"",""Its rotation and orbital periods are equal"",""The Moon does not rotate""]","[""The Moon's gravity is very weak"",""The Moon's orbit is a perfect circle"",""Its rotation and orbital periods are equal"",""Earth's magnetic field holds the Moon fixed""]",0.940,0.750,duzeltildi
4abd4ecf-e5d3-489a-b9ae-48adcfd32be6,6,20260612001002_sik_ipucu_duzeltme_parti_6,cografya,3,3,"[""Buzul kuramını"",""Karst kuramını"",""Erozyon kuramını"",""Levha tektoniğini""]","[""Volkanizma kuramını"",""Izostazi kuramını"",""Aşınım döngüsü kuramını"",""Levha tektoniğini""]","[""Glacial theory"",""Karst theory"",""Erosion theory"",""Plate tectonics""]","[""Volcanism theory"",""Isostasy theory"",""Cycle of erosion theory"",""Plate tectonics""]",0.790,0.700,duzeltildi
cc3efdf1-071e-4c86-817f-f22339238732,6,,tarih,3,1,"[""Fridtjof Nansen"",""Roald Amundsen"",""Robert Falcon Scott"",""Ernest Shackleton""]",,"[""Fridtjof Nansen"",""Roald Amundsen"",""Robert Falcon Scott"",""Ernest Shackleton""]",,0.860,,isaretli_kaldi
deed6efe-8e1f-4661-b762-fdd9613bb469,6,20260612001002_sik_ipucu_duzeltme_parti_6,spor,3,0,"[""All England Kulübü"",""Hurlingham Kulübü"",""Queen's Kulübü"",""Marylebone Kulübü""]","[""All England Kulübü"",""Hurlingham Kulübü"",""Queen's Kulübü"",""Marylebone Kulübü""]","[""The All England Club"",""The Hurlingham Club"",""The Queen's Club"",""The Marylebone Club""]","[""The All England Club"",""The Hurlingham Club"",""The Queen's Club"",""The Marylebone Club""]",0.750,0.710,duzeltildi
75671524-4685-463c-b3b6-4569f5455fda,6,20260612001002_sik_ipucu_duzeltme_parti_6,sanat,3,3,"[""Gece yarısı"",""Öğle güneşi"",""Sabah 10"",""Gün doğumu ve batımına yakın ışık""]","[""Alacakaranlık sonrası mavi gökyüzü ışığı"",""Bulutlu havanın yumuşak yayılmış ışığı"",""Gün ortasında tepeden gelen sert ışık"",""Gün doğumu ve batımına yakın ışık""]","[""Midnight"",""Midday sun"",""Ten in the morning"",""The light near sunrise and sunset""]","[""The blue sky light after twilight"",""The soft diffused light of an overcast sky"",""The harsh overhead light at midday"",""The light near sunrise and sunset""]",0.650,0.450,duzeltildi
356e9be0-b7f2-45f0-9777-1caaf092de21,6,20260612001002_sik_ipucu_duzeltme_parti_6,sinema,3,3,"[""Tritone"",""Najadlar"",""Barcaccia"",""Trevi""]","[""Tritone"",""Najadlar"",""Barcaccia"",""Trevi""]","[""Triton Fountain"",""Fountain of the Naiads"",""Barcaccia Fountain"",""Trevi Fountain""]","[""Triton Fountain"",""Fountain of the Naiads"",""Barcaccia Fountain"",""Trevi Fountain""]",0.630,0.650,duzeltildi
6e51d1b4-c837-4532-91ec-c7b14ea65e55,6,,teknoloji,3,1,"[""Gecikmeyi"",""Birim zamanda taşınabilen veriyi"",""Paket kaybını"",""Sunucu sayısını""]",,"[""Latency"",""The data that can be carried per unit of time"",""Packet loss"",""The number of servers""]",,0.900,,isaretli_kaldi
3734b8ae-2214-4b74-9408-f432856ee3f8,6,,bilim,2,3,"[""Dünya ve Ay arasında"",""Güneş içinde"",""Plüton ötesinde"",""Mars ve Jüpiter arasında""]",,"[""Between the Earth and the Moon"",""Inside the Sun"",""Beyond Pluto"",""Between Mars and Jupiter""]",,0.950,,isaretli_kaldi
67a85f02-7b3c-4420-b983-a1f82fa52546,6,,cografya,2,0,"[""Kirlilik ve trafik yükünü azaltmak"",""Maliyet artışı"",""İşçi azlığı"",""Enerji fazlası""]",,"[""To reduce pollution and traffic"",""Rising costs"",""A shortage of workers"",""Surplus energy""]",,0.930,,isaretli_kaldi
7018301f-035b-428a-b75e-6d9f431a165d,6,,tarih,2,2,"[""Sipahiler"",""Akıncılar"",""Yeniçeri Ocağı"",""Levent Ocağı""]",,"[""Sipahis"",""Akıncılar"",""The Janissary Corps"",""The Levend Corps""]",,0.830,,isaretli_kaldi
17d6cc39-5b6c-4206-b508-c931db0f4355,6,,spor,3,0,"[""Eskrim ve taekwondo"",""Yalnız futbol"",""Yalnız basketbol"",""Yalnız yüzme""]",,"[""Fencing and taekwondo"",""Only football"",""Only basketball"",""Only swimming""]",,0.900,,isaretli_kaldi
e586580d-7650-47fc-8238-aa94597f9079,7,20260612001003_sik_ipucu_duzeltme_parti_7,sanat,3,2,"[""Yalnız satın almayı"",""Yalnız sergilemeyi"",""Kayıt bakım ve erişimi"",""Yalnız depolamayı""]","[""Kayıt, bakım ve erişimin dışında kalan her şeyi"",""Yalnız sergilemeyi"",""Kayıt bakım ve erişimi"",""Yalnız fiyatlandırmayı""]","[""Acquisition only"",""Display only"",""Records, care and access"",""Storage only""]","[""Everything outside records, care and access"",""Display only"",""Records, care and access"",""Pricing only""]",1.000,0.730,duzeltildi
6514bc7b-7b5a-458a-85df-f32fa70603fb,7,,sinema,3,0,"[""Plan tek çekim, sahne bir bütün olaydır"",""İkisi aynıdır"",""Sahne tek çekimdir"",""Plan senaryo bölümüdür""]",,"[""A shot is one take, a scene is a whole action"",""They are the same"",""A scene is one take"",""A shot is a section of the script""]",,0.950,,isaretli_kaldi
cd97ac21-d7e2-4c30-81eb-1cd8f4beabc9,7,20260612001003_sik_ipucu_duzeltme_parti_7,teknoloji,3,2,"[""Ucuz üretim yalnızca"",""Düşük kapasite"",""Yüksek enerji yoğunluğu"",""Ağırlık""]","[""Yüksek erime noktası"",""Düşük kapasite"",""Yüksek enerji yoğunluğu"",""Kolay geri dönüştürülebilmesi""]","[""Cheap production alone"",""Low capacity"",""High energy density"",""Their weight""]","[""High melting point"",""Low capacity"",""High energy density"",""Easy recyclability""]",0.900,0.680,duzeltildi
497070b2-c5aa-424a-8cf4-615a7d62cd37,7,,bilim,2,0,"[""Kuvvet yönünde yer değişince"",""Kuvvet uygulanınca yeter"",""Cisim durunca"",""Isı verilince""]",,"[""When there is displacement in the direction of the force"",""Applying a force is enough"",""When the object stops"",""When heat is supplied""]",,0.970,,isaretli_kaldi
19923f04-e4ab-4428-84bc-5c6f287f1c25,7,20260612001003_sik_ipucu_duzeltme_parti_7,cografya,2,0,"[""Sanayi atığı ve tarım kimyasalları"",""Yağmur"",""Rüzgâr"",""Kar""]","[""Sanayi atığı ve tarım kimyasalları"",""Güneş ışığı ve ultraviyole ışınları"",""Gelgit hareketleri ve deniz akıntıları"",""Volkanik olmayan kaya aşınması""]","[""Industrial waste and agricultural chemicals"",""Rain"",""Wind"",""Snow""]","[""Industrial waste and agricultural chemicals"",""Sunlight and ultraviolet rays"",""Tidal movements and ocean currents"",""Non-volcanic rock weathering""]",0.860,0.740,duzeltildi
a064e252-9120-4a0e-a1c0-c3a0a53394d2,7,,tarih,2,2,"[""1769"",""1779"",""1789"",""1799""]",,"[""1769"",""1779"",""1789"",""1799""]",,0.890,,isaretli_kaldi
91cf735f-cad9-4dcb-a0d5-8428f26ee34d,7,,spor,3,2,"[""Double"",""Treble"",""Bullseye"",""Outer""]",,"[""The double"",""The treble"",""The bullseye"",""The outer""]",,0.810,,isaretli_kaldi
5f8a14a8-19fc-46af-a9aa-0a0306822977,7,20260612001003_sik_ipucu_duzeltme_parti_7,sanat,3,0,"[""Tessera"",""Kalıp"",""Palet"",""Fırça""]","[""Tessera"",""Fresko"",""Kartuş"",""Vitray""]","[""Tesserae"",""Moulds"",""Palettes"",""Brushes""]","[""Tesserae"",""Frescoes"",""Cartouches"",""Vitraux""]",0.700,0.480,duzeltildi
c24c59cb-1825-4d0c-823a-fefb03ea66ae,7,20260612001003_sik_ipucu_duzeltme_parti_7,sinema,3,3,"[""Osaka"",""Seul"",""Şanghay"",""Tokyo""]","[""Hong Kong"",""Seul"",""Bangkok"",""Tokyo""]","[""Osaka"",""Seoul"",""Shanghai"",""Tokyo""]","[""Hong Kong"",""Seoul"",""Bangkok"",""Tokyo""]",0.880,0.720,duzeltildi
08d54b04-1a9b-4719-afe7-ce970ce92521,7,20260612001003_sik_ipucu_duzeltme_parti_7,teknoloji,3,1,"[""Uygulamaları çalıştırır"",""Sistem kaynaklarını yönetir"",""Ekran arayüzü tasarlar"",""Yalnızca ağ bağlantısı kurar""]","[""Kullanıcı dosyalarını yedekler"",""Sistem kaynaklarını yönetir"",""Web sayfalarını görüntüler"",""Virüs tehditlerini engeller""]","[""Runs applications"",""Manages system resources"",""Designs the screen"",""Only sets up the network""]","[""Backs up user files"",""Manages system resources"",""Displays web pages"",""Blocks virus threats""]",0.940,0.700,duzeltildi
8f767654-c0bf-44a9-846d-83876990380d,7,,bilim,3,1,"[""Sürekli enerjiyi"",""Enerjinin kesikli paketlerini"",""Sonsuz enerjiyi"",""Sıfır enerjiyi""]",,"[""Continuous energy"",""Discrete packets of energy"",""Infinite energy"",""Zero energy""]",,0.980,,isaretli_kaldi
348ed1bc-8c3d-44db-9451-24e6e579832d,7,,cografya,2,2,"[""Valparaiso"",""Concepción"",""Santiago"",""Antofagasta""]",,"[""Valparaiso"",""Concepción"",""Santiago"",""Antofagasta""]",,0.890,,isaretli_kaldi
a9ba5c91-2f9f-4e0e-9516-b5678cfeb62b,7,,tarih,3,1,"[""Göçün artması"",""Şehir ve tapınak yapımı"",""Ordunun dağılması"",""Ticaretin bitmesi""]",,"[""More migration"",""Building cities and temples"",""The army disbanding"",""The end of trade""]",,0.830,,isaretli_kaldi
7c23ffd5-fd79-4eba-8fc2-9a022b788297,7,,spor,3,2,"[""Antrenman saatini"",""Beslenmeyi"",""Karşılıklı hak ve yükümlülükleri"",""Kadroyu""]",,"[""Training hours"",""Nutrition"",""The rights and obligations of both sides"",""The squad""]",,0.820,,isaretli_kaldi
20071084-7e5a-4397-a51e-606df9bd092a,7,,sanat,3,2,"[""Yapıştırıcı"",""Kalıp"",""Küçük mozaik parçası"",""Fırça""]",,"[""An adhesive"",""A mould"",""A small piece of mosaic"",""A brush""]",,0.680,,isaretli_kaldi
b2311917-1070-4612-a385-68646dcea44c,7,,sinema,3,3,"[""Tek ülke bütçesi"",""Daha kısa süre"",""Daha az kadro"",""Ülkeler arası kaynak birleşimi""]",,"[""A single country's budget"",""A shorter schedule"",""A smaller crew"",""Pooled resources across countries""]",,0.920,,isaretli_kaldi
8d3aebfb-d7d3-4fd6-817b-67a2395f8617,7,20260612001003_sik_ipucu_duzeltme_parti_7,teknoloji,3,1,"[""İşlemci hızını"",""Makinenin insanca yanıt verebilmesini"",""Bellek boyutunu"",""Ağ gecikmesini""]","[""Makinenin karmaşık işlemleri hızlı yapabilmesini"",""Makinenin insanca yanıt verebilmesini"",""Makinenin veriyi güvenle saklayabilmesini"",""Makinenin kendi kendini onarabilmesini""]","[""Processor speed"",""Whether a machine can respond like a human"",""Memory size"",""Network latency""]","[""Whether a machine can perform complex operations quickly"",""Whether a machine can respond like a human"",""Whether a machine can store data securely"",""Whether a machine can repair itself""]",0.990,0.470,duzeltildi
db24a0cf-37b3-4974-bc55-6afcd4d6f9f5,7,20260612001003_sik_ipucu_duzeltme_parti_7,bilim,2,2,"[""Alan büyük"",""Kuvvet küçük"",""Alan küçük, basınç büyük"",""Kütle az""]","[""Alan büyük, basınç küçük"",""Kuvvet küçük, sürtünme büyük"",""Alan küçük, basınç büyük"",""Kütle az, hız küçük""]","[""The area is large"",""The force is small"",""The area is small, so the pressure is high"",""The mass is low""]","[""The area is large, so the pressure is low"",""The force is small, so the friction is high"",""The area is small, so the pressure is high"",""The mass is low, so the speed is small""]",0.970,0.710,duzeltildi
63e166e8-34a5-48e0-9ffe-f579a2691c07,7,20260612001003_sik_ipucu_duzeltme_parti_7,cografya,3,2,"[""Rezerv artışı"",""Nüfus artışı"",""Transit gelir ve stratejik önem"",""Toprak genişlemesi""]","[""Yerli üretim kapasitesi ve rezerv payı"",""İthalat bağımlılığında tam kurtuluş"",""Transit gelir ve stratejik önem"",""Enerji fiyatlarında sabit düşük tarife""]","[""Larger reserves"",""Population growth"",""Transit revenue and strategic importance"",""More territory""]","[""Domestic production capacity and reserve share"",""Complete freedom from import dependence"",""Transit revenue and strategic importance"",""A fixed low tariff on energy prices""]",0.860,0.750,duzeltildi
769dd522-ff13-458a-95a1-f597753c3854,7,20260612001003_sik_ipucu_duzeltme_parti_7,tarih,3,0,"[""Türkiye"",""İran"",""Suriye"",""Irak""]","[""Türkiye"",""Ürdün"",""Lübnan"",""Mısır""]","[""Turkey"",""Iran"",""Syria"",""Iraq""]","[""Turkey"",""Jordan"",""Lebanon"",""Egypt""]",0.870,0.700,duzeltildi
043c15de-094d-45bb-a768-968ec9b805c5,7,,spor,2,0,"[""Daha hızlı, daha yüksek, daha güçlü"",""Barış, dostluk ve kardeşlik"",""Bir arada, ileriye, daha güçlü"",""Güç, hız ve zafer için""]",,"[""Faster, higher, stronger"",""Peace, friendship, love"",""Together, forward, strong"",""Strength, speed, victory""]",,0.870,,isaretli_kaldi
947ffa04-0fa0-41ba-9f89-39e7b671d285,7,,sanat,3,0,"[""Malzeme ve teknik analizle"",""Fiyatına bakarak"",""Boyutuna bakarak"",""Adına bakarak""]",,"[""By analysing materials and technique"",""By looking at its price"",""By looking at its size"",""By looking at its title""]",,0.920,,isaretli_kaldi
56ab00df-2795-406b-92d6-3d08f082994b,7,,teknoloji,3,0,"[""Elektrik kesintisinde kesintisiz çalışma"",""Veri şifreleme"",""Ağ hızlandırma"",""Soğutma""]",,"[""Continued operation during a power cut"",""Data encryption"",""Network acceleration"",""Cooling""]",,0.740,,isaretli_kaldi
21e84a8d-d75d-4f34-8931-4343c7b9014a,7,20260612001003_sik_ipucu_duzeltme_parti_7,bilim,2,0,"[""Zararlı mikropları azaltmak"",""Renk vermek"",""Yağ artırmak"",""Şeker eklemek""]","[""Zararlı mikropları azaltmak"",""Besinin vitamin oranını artırmak"",""Besindeki suyu uzaklaştırmak"",""Besinin asitliğini yükseltmek""]","[""Reducing harmful microbes"",""Adding colour"",""Increasing fat"",""Adding sugar""]","[""Reducing harmful microbes"",""Raising the food's vitamin content"",""Removing water from the food"",""Increasing the food's acidity""]",0.970,0.420,duzeltildi
5319d51f-24d7-4634-9d79-ce12971cdf9d,7,,cografya,2,2,"[""Kongo"",""Nijer"",""Nil"",""Zambezi""]",,"[""The Congo"",""The Niger"",""The Nile"",""The Zambezi""]",,0.800,,isaretli_kaldi
084d67f7-631d-49c0-8033-639a0edfc49f,7,,tarih,3,1,"[""Ticaret yasa metni"",""Temel yasa yani anayasa"",""Ceza yasası metni"",""Vergi yasa metni""]",,"[""A commercial code"",""Basic law, i.e. constitution"",""A penal code"",""A tax law""]",,0.960,,isaretli_kaldi
a417357c-d1eb-4179-ade5-9472427fd343,7,20260612001003_sik_ipucu_duzeltme_parti_7,spor,3,1,"[""Yalnız mesafeyi"",""Mesafe ve stil"",""Yalnız hızı"",""Yalnız yüksekliği""]","[""Mesafe ve takım sayısı"",""Mesafe ve stil"",""Stil ve ekipman ağırlığı"",""Yükseklik ve kayak uzunluğu""]","[""Distance only"",""Distance and style"",""Speed only"",""Height only""]","[""Distance and team size"",""Distance and style"",""Style and equipment weight"",""Height and ski length""]",0.920,0.700,duzeltildi
791f42f0-e75a-418e-ac68-79dbd851f0db,7,,sanat,3,2,"[""Işık verir"",""Ses ayarlar"",""Unutulan repliği fısıldar"",""Dekor kurar""]",,"[""Provides the lighting"",""Adjusts the sound"",""Whispers the forgotten line"",""Builds the set""]",,0.840,,isaretli_kaldi
171440b1-d2fa-4f86-8644-3e5a5c827dca,7,,teknoloji,3,2,"[""Yalnız stil vermek"",""Yalnız içerik yazmak"",""Etkileşim ve davranış eklemek"",""Sunucu kurmak""]",,"[""Only styling"",""Only writing content"",""Adding interaction and behaviour"",""Setting up a server""]",,0.830,,isaretli_kaldi
5bee06a0-2e41-4175-a6eb-0ed8e139c7f7,7,,bilim,3,3,"[""Erime noktasını"",""Kaynama noktasını"",""Tamamının bozunmasını"",""Yarısının bozunma süresini""]",,"[""Its melting point"",""Its boiling point"",""The decay of all of it"",""The time for half of it to decay""]",,0.970,,isaretli_kaldi
759e4ba7-4c50-4208-aa29-1225bfe300c5,7,,cografya,2,3,"[""Ürünü hızlandırmak"",""Su gerektirmemek"",""Zararlıyı çoğaltmak"",""Doğru gübreleme yapabilmek""]",,"[""Speeding up the crop"",""Removing the need for water"",""Multiplying pests"",""Allowing correct fertilising""]",,0.760,,isaretli_kaldi
3e5afef9-92de-446b-8de5-39a2188cb9a8,7,20260612001003_sik_ipucu_duzeltme_parti_7,tarih,3,2,"[""Askerî düzeni"",""Vergi artışını"",""Hukuki güvence ve eşitlik ilkelerini"",""Toprak dağıtımını""]","[""Padişahın yetkilerinin kaldırılmasını"",""Vergi artışını"",""Hukuki güvence ve eşitlik ilkelerini"",""Yabancı sermayeye ticari tekel hakkını""]","[""Military order"",""Tax increases"",""Legal guarantees and the principle of equality"",""Land distribution""]","[""Abolition of the sultan's powers"",""Tax increases"",""Legal guarantees and the principle of equality"",""Commercial monopoly rights for foreign capital""]",0.650,0.690,duzeltildi
580d54ad-1654-4dfd-8fc9-188818b9367a,7,,spor,2,0,"[""Yüzme, bisiklet, koşu"",""Bisiklet, boks, yüzme"",""Koşu, atış, kürek"",""Yüzme, güreş, koşu""]",,"[""Swimming, cycling, running"",""Cycling, boxing, swimming"",""Running, shooting, rowing"",""Swimming, wrestling, running""]",,0.990,,isaretli_kaldi
5ba4d1e3-c29b-434a-8408-9d2361149c3e,7,,sanat,3,1,"[""Zemini"",""Kirişi ve kemeri"",""Duvarı"",""Çatıyı yalnızca""]",,"[""The floor"",""The beam and the arch"",""The wall"",""The roof only""]",,0.850,,isaretli_kaldi
cc875b42-343f-452c-b964-5732cf649c44,7,,teknoloji,3,0,"[""Modülatör demodülatör"",""Modül merkezi"",""Mod yöneticisi"",""Model makinesi""]",,"[""Modulator-demodulator"",""Module centre"",""Mode manager"",""Model machine""]",,0.910,,isaretli_kaldi
2c46a8d8-ca28-413f-a7fb-a1828c3c2641,7,20260612001003_sik_ipucu_duzeltme_parti_7,bilim,2,3,"[""Buharlaşma"",""Erime"",""Donma"",""Su damlasının küresel olması""]","[""Sıvının kaynama noktasında gaza dönüşmesi"",""Tuzun suda çözünmesi"",""Buzun yoğunluğunun sudan az olması"",""Su damlasının küresel olması""]","[""Evaporation"",""Melting"",""Freezing"",""A drop of water becoming spherical""]","[""A liquid turning into gas at its boiling point"",""Salt dissolving in water"",""Ice being less dense than water"",""A drop of water becoming spherical""]",0.810,0.230,duzeltildi
ca4f409f-bde6-4099-bf9c-695132e44f1e,7,,cografya,3,0,"[""Erozyona karşı toprağı korumak"",""Yol açmak"",""Yapı yapmak"",""Maden aramak""]",,"[""Protecting the soil against erosion"",""Building a road"",""Constructing buildings"",""Prospecting for minerals""]",,0.900,,isaretli_kaldi
eafc5da1-1ac3-49e6-a52b-102088fd516e,7,20260612001003_sik_ipucu_duzeltme_parti_7,tarih,3,2,"[""Ma Huan"",""Koxinga"",""Zheng He"",""Wang Zhi""]","[""Yi Sun-sin"",""Koxinga"",""Zheng He"",""Qi Jiguang""]","[""Ma Huan"",""Koxinga"",""Zheng He"",""Wang Zhi""]","[""Yi Sun-sin"",""Koxinga"",""Zheng He"",""Qi Jiguang""]",0.870,0.440,duzeltildi
c418df64-ef50-4c39-8e46-6e4fcb0cf880,7,,spor,3,2,"[""Avenue Montaigne"",""Rue de Rivoli"",""Champs-Élysées"",""Boulevard Haussmann""]",,"[""Avenue Montaigne"",""Rue de Rivoli"",""Champs-Élysées"",""Boulevard Haussmann""]",,0.880,,isaretli_kaldi
6a8975e0-b4c8-4133-b352-d254fa8e0580,7,20260612001003_sik_ipucu_duzeltme_parti_7,sanat,3,3,"[""Renk ölçer"",""Sahibini bulur"",""Fiyat belirler"",""Organik malzemenin yaşını verir""]","[""Pigmentin kimyasal bileşimini çözer"",""Eserin sahte olup olmadığını imzadan anlar"",""Boyanın katman sayısını sayar"",""Organik malzemenin yaşını verir""]","[""Measures colour"",""Finds the owner"",""Sets the price"",""Gives the age of organic material""]","[""Decodes the chemical composition of pigment"",""Tells if a work is fake from its signature"",""Counts the number of paint layers"",""Gives the age of organic material""]",0.850,0.730,duzeltildi
0819f7c4-df4c-415b-a70c-88a43097025f,7,,teknoloji,3,3,"[""Kaynak kodu yazıcıya döker"",""Kaynak kodu şifreleyip saklar"",""Kaynak kodu diskten siler"",""Kaynak kodu makine koduna çevirir""]",,"[""Prints the code"",""Encrypts the code"",""Deletes the code"",""Translates source code into machine code""]",,1.000,,isaretli_kaldi
2cc18c4c-f420-435a-bb70-dc356bdf250b,7,,bilim,3,3,"[""Tyndall hareketi"",""Stokes hareketi"",""Hooke hareketi"",""Brown hareketi""]",,"[""Tyndall motion"",""Stokesian motion"",""Hookean motion"",""Brownian motion""]",,0.950,,isaretli_kaldi
39c63d96-ffae-4d02-9c46-0df573b71e36,7,,cografya,2,1,"[""Klimatolojinin günlük olması"",""Meteorolojinin kısa dönemle ilgilenmesi"",""İkisinin aynı olması"",""Meteorolojinin uzun dönem olması""]",,"[""Climatology deals with the daily"",""Meteorology deals with the short term"",""They are the same thing"",""Meteorology deals with the long term""]",,0.990,,isaretli_kaldi
ece3b65b-5cec-4080-856c-3dc9e1a67891,7,20260612001003_sik_ipucu_duzeltme_parti_7,tarih,3,3,"[""Geleneğe dönüşü"",""Durağanlığı"",""Muhafazayı"",""Sürekli yenileşmeyi""]","[""Siyasal kurumların tek elde toplanmasını"",""Toplumsal yapının korunmasını"",""Eski kurumların sürdürülmesini"",""Sürekli yenileşmeyi""]","[""A return to tradition"",""Stagnation"",""Conservation"",""Continuous renewal""]","[""Concentration of political institutions in a single hand"",""Preservation of the social structure"",""Continuation of old institutions"",""Continuous renewal""]",0.870,0.520,duzeltildi
15933bf4-d8a2-4c51-afa0-f9afeab7dc87,7,20260612001003_sik_ipucu_duzeltme_parti_7,spor,2,3,"[""Yavaş oyun"",""Faul yapmak"",""Zaman harcamak"",""Savunmadan hızla hücuma geçmek""]","[""Hücumdan savunmaya dönüp pozisyonu kapatmak"",""Topu sürekli ribaunt kovalayarak çevirmek"",""Rakibin hücumunu yarı sahada durdurmak"",""Savunmadan hızla hücuma geçmek""]","[""Slow play"",""Committing fouls"",""Wasting time"",""Switching quickly from defence to attack""]","[""Falling back from attack to defence to close the play"",""Keeping the ball moving by chasing rebounds"",""Stopping the opponent's attack at half court"",""Switching quickly from defence to attack""]",0.880,0.220,duzeltildi
255dfd17-fd7d-4880-8f41-c53c723c7710,7,,sanat,3,3,"[""Yalnız süsleme"",""Ağırlık artırma"",""Renk azaltma"",""Anlam ve kültürel simge taşımak""]",,"[""Only decoration"",""Adding weight"",""Reducing colour"",""Carrying meaning and cultural symbolism""]",,0.970,,isaretli_kaldi
09df7b99-bc53-476e-b9b9-d0e46038b018,7,20260612001003_sik_ipucu_duzeltme_parti_7,teknoloji,3,3,"[""Sistemin uyku moduna geçişi"",""Diskin biçimlendirilmesi"",""Sistemin kapatılma süreci"",""Sistemin başlatılma süreci""]","[""Sistemin yedeklenme süreci"",""Verilerin şifrelenme süreci"",""Sistemin güncellenme süreci"",""Sistemin başlatılma süreci""]","[""Sleep mode"",""Formatting"",""Shutting down"",""The process of starting the system""]","[""The process of backing up the system"",""The process of encrypting the data"",""The process of updating the system"",""The process of starting the system""]",0.500,0.560,duzeltildi
42c71580-8236-4635-8dc8-f2bc1aa03458,7,,bilim,3,1,"[""Kütle korunumunu"",""Yörüngelerde belirli enerji düzeylerini"",""Elektron yokluğunu"",""Çekirdeksizliği""]",,"[""Conservation of mass"",""Fixed energy levels in orbits"",""The absence of electrons"",""The absence of a nucleus""]",,0.840,,isaretli_kaldi
029f0d92-fe88-4f88-89c8-bebd279771c2,7,20260612001003_sik_ipucu_duzeltme_parti_7,cografya,2,0,"[""Enlem ve boylam"",""Deniz yüksekliği"",""Komşu ülkeler"",""İklim tipi""]","[""Enlem ve boylam"",""Yer şekilleri ve akarsular"",""Sınır komşuları ve denizler"",""Yıllık yağış miktarı""]","[""Latitude and longitude"",""Height above sea level"",""Neighbouring countries"",""Climate type""]","[""Latitude and longitude"",""Landforms and rivers"",""Border neighbours and seas"",""Annual precipitation amount""]",0.840,0.340,duzeltildi
a7f38015-0350-47c9-b074-715afcc10204,7,20260612001003_sik_ipucu_duzeltme_parti_7,spor,3,3,"[""Stoke City"",""West Ham United"",""Aston Villa"",""Leicester City""]","[""Southampton"",""West Ham United"",""Crystal Palace"",""Leicester City""]","[""Stoke City"",""West Ham United"",""Aston Villa"",""Leicester City""]","[""Southampton"",""West Ham United"",""Crystal Palace"",""Leicester City""]",0.790,0.650,duzeltildi
c07229bf-e210-44ab-9969-2e5e94b3e331,7,,sanat,3,1,"[""Ahşap sütunlar"",""Sivri kemerler"",""Yuvarlak kubbeler"",""Düz çatılar""]",,"[""Wooden columns"",""Pointed arches"",""Round domes"",""Flat roofs""]",,0.500,,isaretli_kaldi
5d05879f-1bfa-41fe-95cc-fcff9e11a025,7,,teknoloji,3,3,"[""Yalnız kamerayı"",""Yalnız haritayı"",""Yalnız radarı"",""Çoklu sensör verisini""]",,"[""The camera only"",""The map only"",""The radar only"",""Data from multiple sensors""]",,1.000,,isaretli_kaldi
52e8ef96-f6e8-4a52-864b-6f4f47f6f868,7,,bilim,2,0,"[""Işığın kaçamadığı çekim"",""Düşük kütle"",""Şeffaflık"",""Genişleme""]",,"[""Gravity that light cannot escape"",""Low mass"",""Transparency"",""Expansion""]",,0.920,,isaretli_kaldi
53363a41-b845-4717-bb59-14d088132d2a,7,,cografya,2,0,"[""Küresel sıcaklık artışını sınırlamak"",""Nüfusu azaltmak"",""Ticareti artırmak"",""Orman açmak""]",,"[""Limiting the rise in global temperature"",""Reducing the population"",""Increasing trade"",""Clearing forests""]",,0.970,,isaretli_kaldi
216f24a8-562e-4ca7-9a9e-e2247d05b046,7,,spor,2,3,"[""Maç sayısına"",""Seyirci sayısına"",""Kart sayısına"",""Atılan ve yenilen gol farkına""]",,"[""By the number of matches"",""By the number of spectators"",""By the number of cards"",""By the difference between goals scored and conceded""]",,0.860,,isaretli_kaldi
6194cc84-2ae6-4170-8b23-f8bbe7b3b675,7,20260612001003_sik_ipucu_duzeltme_parti_7,sanat,3,3,"[""Dali"",""Braque"",""Miro"",""Picasso""]","[""Dali"",""Braque"",""Miro"",""Picasso""]","[""Dali"",""Braque"",""Miro"",""Picasso""]","[""Dali"",""Braque"",""Miro"",""Picasso""]",0.740,0.740,duzeltildi
a2256eb4-f019-4b00-b1ac-fcb4ed244760,7,,teknoloji,3,3,"[""Philips ve Panasonic"",""Toshiba ve Hitachi"",""Sony ve Toshiba"",""Sony ve Philips""]",,"[""Philips and Panasonic"",""Toshiba and Hitachi"",""Sony and Toshiba"",""Sony and Philips""]",,0.880,,isaretli_kaldi
0c11330b-fee2-4639-a403-6289a1f51dbb,7,,bilim,2,1,"[""Ortam sıcaklığıyla"",""Sarım sayısı ve akımla"",""Çekirdeğin rengiyle"",""Yalnızca uzunlukla""]",,"[""By temperature"",""By the number of turns and the current"",""By colour"",""By length alone""]",,0.990,,isaretli_kaldi
08a70e98-b7d9-4a2e-a7d5-1c956506fb8b,7,20260612001003_sik_ipucu_duzeltme_parti_7,cografya,3,3,"[""Barajdaki suyun rengini"",""Sudaki sıcaklık düzeyini"",""Göldeki balık sayısını"",""Üretilecek enerji miktarını""]","[""Barajdaki su seviyesinin mevsimlik değişimini"",""Türbin kanatlarının dönüş yönünü"",""Rezervuardaki tortu birikimi miktarını"",""Üretilecek enerji miktarını""]","[""The colour of the water"",""The temperature of the water"",""The number of fish"",""The amount of energy that can be produced""]","[""The seasonal variation of the reservoir water level"",""The direction in which the turbine blades rotate"",""The amount of sediment build-up in the reservoir"",""The amount of energy that can be produced""]",0.790,0.570,duzeltildi
7489b7f7-16b1-40bf-9561-d0a91cd3a8f2,7,20260612001003_sik_ipucu_duzeltme_parti_7,sanat,3,3,"[""Geniş fırça darbeleriyle"",""Kazıyarak"",""Sıvayarak"",""Küçük renk noktalarıyla""]","[""İnce çizgi taramalarıyla"",""Mozaik taşlarıyla"",""Baskı kalıplarıyla"",""Küçük renk noktalarıyla""]","[""With broad brushstrokes"",""By scraping"",""By plastering"",""With small dots of colour""]","[""With fine hatching lines"",""With mosaic tiles"",""With printing blocks"",""With small dots of colour""]",0.840,0.660,duzeltildi
8719303a-4d85-499c-bba9-450c47a0b4ac,7,20260612001003_sik_ipucu_duzeltme_parti_7,teknoloji,3,2,"[""Sayfa hızı"",""Renk düzeni"",""Şifreli bağlantı ve kimlik doğrulama"",""Veri yedeği""]","[""Sunucu yük dengeleme ve hız optimizasyonu"",""Alan adı kaydı ve DNS yönlendirme"",""Şifreli bağlantı ve kimlik doğrulama"",""Güvenlik duvarı ve sızma tespiti""]","[""Page speed"",""A colour scheme"",""An encrypted connection and authentication"",""A data backup""]","[""Server load balancing and speed optimisation"",""Domain name registration and DNS routing"",""An encrypted connection and authentication"",""A firewall and intrusion detection""]",0.730,0.290,duzeltildi
bc1d502b-e1f5-4e6f-a3f8-4d09ff713dbc,7,,bilim,2,1,"[""Tam geçirgen"",""Seçici geçirgen"",""Geçirimsiz"",""Katı""]",,"[""Fully permeable"",""Selectively permeable"",""Impermeable"",""Solid""]",,0.970,,isaretli_kaldi
c10b6272-4052-4c00-8df0-5ca03ea43b29,7,,cografya,3,2,"[""Yardım dağıtımı yalnızca"",""Bina yapımı"",""Risk haritalama ve planlama"",""Vergi toplama""]",,"[""Distributing aid only"",""Constructing buildings"",""Risk mapping and planning"",""Collecting taxes""]",,0.970,,isaretli_kaldi
2c33d618-49de-4e78-b6ee-bd8e536fbb08,7,,sanat,3,1,"[""Yalnız heykeli"",""Sanat ile tasarım-üretim birliğini"",""Yalnız müziği"",""Yalnız resmi""]",,"[""Sculpture alone"",""The unity of art with design and production"",""Music alone"",""Painting alone""]",,1.000,,isaretli_kaldi
07dbd3b9-e201-4928-a82b-83686e64f8ce,7,,teknoloji,3,3,"[""Yerel diskte kalıcı saklama"",""Kâğıt üzerinde arşivleme"",""Tek makinede sabit çalışma"",""Kullandıkça ödenen uzak kaynak""]",,"[""A local disk"",""A paper archive"",""A single machine"",""Pay-as-you-go remote resources""]",,0.860,,isaretli_kaldi
c7e1be1e-3c99-46cb-9727-6939dab9772a,7,,bilim,2,2,"[""Kayacın sertliğini"",""Toprağın nemini"",""Organik kalıntının yaşını"",""Sıcaklığı""]",,"[""The hardness of rock"",""The moisture of soil"",""The age of organic remains"",""The temperature""]",,0.960,,isaretli_kaldi
68b18e87-1497-4de4-9daa-8046817da941,7,,cografya,2,2,"[""Tubkal"",""Kenya Dağı"",""Kilimanjaro"",""Atlas Dağı""]",,"[""Toubkal"",""Mount Kenya"",""Kilimanjaro"",""The Atlas""]",,0.830,,isaretli_kaldi
64713ae1-cdc4-4a7c-83b1-5ba08bc2216a,7,20260612001003_sik_ipucu_duzeltme_parti_7,sanat,3,2,"[""Geleneği"",""Klasiği"",""Öncü ve yenilikçi tavrı"",""Akademiyi""]","[""Eski ustaların taklidini"",""Doğaya sadık gerçekçi tavrı"",""Öncü ve yenilikçi tavrı"",""Süsleme ve gösterişe düşkünlüğü""]","[""Tradition"",""The classical"",""A pioneering, innovative stance"",""The academy""]","[""Imitation of the old masters"",""A faithful, realistic approach to nature"",""A pioneering, innovative stance"",""A fondness for ornament and show""]",0.760,0.360,duzeltildi
342e051d-8bcf-42f2-a5f9-e3cd93e32444,7,20260612001003_sik_ipucu_duzeltme_parti_7,teknoloji,3,0,"[""İşlemci ve bellek kullanımını"",""Boyutunu yalnızca"",""Fiyatını"",""Rengini""]","[""İşlemci ve bellek kullanımını"",""Ağ ve yazılım lisansı sayısını"",""Kod satırı ve dosya sayısını"",""Ekran çözünürlüğü ve renk derinliğini""]","[""Its processor and memory use"",""Only its size"",""Its price"",""Its colour""]","[""Its processor and memory use"",""Its network and software licence count"",""Its lines of code and file count"",""Its screen resolution and colour depth""]",0.850,0.460,duzeltildi
51b75e36-1a5c-4317-954f-8f0560a5659f,7,,bilim,2,3,"[""Kabın ağırlığı"",""Kabın rengi"",""Kabın şekli"",""Derinlik ve yoğunluk""]",,"[""The weight of the container"",""The colour of the container"",""The shape of the container"",""Depth and density""]",,0.970,,isaretli_kaldi
bc1349c4-7f2b-43e0-b81e-9de7c43bfade,7,,cografya,3,0,"[""Dar alanda yüksek girdi ve verim"",""Geniş alanda düşük verim"",""Girdisiz üretim"",""Nadas ağırlıklı""]",,"[""High inputs and yields on a small area"",""Low yields over a wide area"",""Production without inputs"",""Mostly fallow""]",,0.890,,isaretli_kaldi
6c9b57a7-4058-4549-9d59-842b0d83ac08,7,20260612001003_sik_ipucu_duzeltme_parti_7,sanat,3,0,"[""Claude Monet"",""Renoir"",""Degas"",""Manet""]","[""Claude Monet"",""Camille Pissarro"",""Edgar Degas"",""Paul Cézanne""]","[""Claude Monet"",""Renoir"",""Degas"",""Manet""]","[""Claude Monet"",""Camille Pissarro"",""Edgar Degas"",""Paul Cézanne""]",0.850,0.740,duzeltildi
1cf64cac-e726-44a4-b175-caf181a5572c,7,,teknoloji,3,3,"[""Disk arızası"",""Ağ kesintisi"",""Kod hatası"",""Verinin yetkisiz ellere geçmesi""]",,"[""A disk failure"",""A network outage"",""A coding error"",""Data falling into unauthorised hands""]",,0.850,,isaretli_kaldi
73c850ea-4921-41b2-91ce-fdce98010611,7,20260612001003_sik_ipucu_duzeltme_parti_7,bilim,2,0,"[""Bağışıklık belleği oluşturarak"",""Doğrudan antikor vererek"",""Virüsü öldürerek"",""Kanı temizleyerek""]","[""Bağışıklık belleği oluşturarak"",""Kana hazır antikor aktararak"",""Vücuttaki mikropları doğrudan yok ederek"",""Alyuvar üretimini hızlandırarak""]","[""By building immune memory"",""By supplying antibodies directly"",""By killing the virus"",""By cleaning the blood""]","[""By building immune memory"",""By transferring ready-made antibodies"",""By directly destroying germs in the body"",""By speeding up red blood cell production""]",0.980,0.630,duzeltildi
d26e8b24-7c34-4f6b-8cb1-a6c6e542eec6,7,,cografya,2,0,"[""Biyolojik çeşitliliği sürdürmek"",""Tarımı artırmak"",""Turizmi kısıtlamak"",""Su tüketimini artırmak""]",,"[""Sustaining biological diversity"",""Increasing farming"",""Restricting tourism"",""Increasing water use""]",,0.990,,isaretli_kaldi
4243824d-6fa7-4d05-b13a-dfcf72d8f50f,7,,sanat,2,1,"[""Renk karıştırmak"",""Gözlem ve çizim becerisini geliştirmek"",""Heykel dökmek"",""Baskı almak""]",,"[""Mixing colours"",""Developing observation and drawing skill"",""Casting sculpture"",""Making prints""]",,0.750,,isaretli_kaldi
24b66787-9ee6-4e80-a61d-f19d6ae6318b,7,,teknoloji,3,2,"[""Daha az çekirdek"",""Daha az bellek"",""Aynı anda birden çok iş yürütmek"",""Daha az güç zorunlu""]",,"[""Fewer cores"",""Less memory"",""Running several tasks at once"",""Necessarily less power""]",,0.970,,isaretli_kaldi
e600492c-2639-489d-8008-5de80135a620,7,,bilim,2,3,"[""Tuzlu olduğu için"",""Soğuk olduğu için"",""Şekersiz olduğu için"",""Düşük nem ve doğal yapısı""]",,"[""Because it is salty"",""Because it is cold"",""Because it has no sugar"",""Its low moisture and natural composition""]",,0.840,,isaretli_kaldi
aa66134d-2084-4029-ba71-2b9f69e9494d,7,,cografya,3,0,"[""Su kaynaklarını bütüncül planlamayı"",""Tek nehri korumayı"",""Barajı yıkmayı"",""Tarımı durdurmayı""]",,"[""Planning water resources as a whole"",""Protecting a single river"",""Demolishing a dam"",""Halting farming""]",,0.990,,isaretli_kaldi
b1957df7-fe15-46ba-8021-3de90c3a2363,7,,sanat,3,0,"[""Kilim düğümsüzdür"",""Fark yoktur"",""Halı düz dokumadır"",""Kilim daha ağırdır""]",,"[""A kilim has no knots"",""There is no difference"",""A carpet is flat-woven"",""A kilim is heavier""]",,0.750,,isaretli_kaldi
9caa3a10-4c39-4ab7-9b79-fd9c9618e88a,7,20260612001003_sik_ipucu_duzeltme_parti_7,teknoloji,3,1,"[""Arka aydınlatma zorunlu"",""Pikseller kendi ışığını üretir"",""Kalın olması"",""Renksiz olması""]","[""Sıvı kristal katman kullanır"",""Pikseller kendi ışığını üretir"",""Yalnızca dokunmatik çalışır"",""Sadece siyah beyaz gösterir""]","[""Backlighting is required"",""The pixels produce their own light"",""It is thick"",""It is colourless""]","[""It uses a liquid crystal layer"",""The pixels produce their own light"",""It works only by touch"",""It displays only black and white""]",0.890,0.230,duzeltildi
c8a83f82-dd39-453b-89e0-e615f9416549,7,20260612001003_sik_ipucu_duzeltme_parti_7,bilim,3,1,"[""Joseph Lister"",""John Snow"",""Edward Jenner"",""William Farr""]","[""Thomas Sydenham"",""John Snow"",""Florence Nightingale"",""Robert Koch""]","[""Joseph Lister"",""John Snow"",""Edward Jenner"",""William Farr""]","[""Thomas Sydenham"",""John Snow"",""Florence Nightingale"",""Robert Koch""]",0.640,0.450,duzeltildi
1c7a77f9-3403-4ee6-8363-2ed6276eea37,7,20260612001003_sik_ipucu_duzeltme_parti_7,cografya,3,0,"[""Gemilere yön ve itki sağlaması"",""Yolu kapatması"",""Fırtına yaratması yalnızca"",""Etkisiz olması""]","[""Gemilere yön ve itki sağlaması"",""Okyanus akıntılarının hızını kesmesi"",""Kıyı limanlarında tuz üretimini artırması"",""Pusula iğnesinin sapmasına yol açması""]","[""They gave ships direction and propulsion"",""They blocked the route"",""Only that they caused storms"",""They had no effect""]","[""They gave ships direction and propulsion"",""They slowed down ocean currents"",""They increased salt production in coastal ports"",""They caused compass needles to deviate""]",0.930,0.290,duzeltildi
59fbb7f6-1202-4813-8c39-7930a5d62d1e,7,,sanat,3,1,"[""Yalnız logoyu"",""Görsel dilin bütününü"",""Yalnız rengi"",""Yalnız yazıyı""]",,"[""The logo only"",""The whole visual language"",""The colour only"",""The typeface only""]",,0.990,,isaretli_kaldi
754556d9-4e0b-4c66-b359-85254e786b69,7,20260612001003_sik_ipucu_duzeltme_parti_7,teknoloji,3,3,"[""Sabit kalite verir"",""Videoyu indirir"",""Sesi kapatır"",""Bağlantıya göre kaliteyi değiştirir""]","[""Görüntüyü sıkıştırarak saklar"",""Yayını kayıttan sonra başlatır"",""Reklamları otomatik atlar"",""Bağlantıya göre kaliteyi değiştirir""]","[""Gives a fixed quality"",""Downloads the video"",""Mutes the sound"",""Changes the quality to suit the connection""]","[""Compresses the video for storage"",""Starts the stream after recording"",""Skips ads automatically"",""Changes the quality to suit the connection""]",0.860,0.740,duzeltildi
fb77343b-dad2-47e4-988b-fe65e8eaad0f,7,,bilim,2,2,"[""Tek türü"",""Cansız çevreyi"",""Bir alandaki tüm popülasyonları"",""İklim verisini""]",,"[""A single species"",""The non-living environment"",""All the populations in an area"",""Climate data""]",,0.970,,isaretli_kaldi
aaccc68a-380d-487b-b1d3-f5f6a83742bc,7,20260612001003_sik_ipucu_duzeltme_parti_7,cografya,3,2,"[""Swansea"",""Newport"",""Cardiff"",""Bangor""]","[""Swansea"",""Newport"",""Cardiff"",""Wrexham""]","[""Swansea"",""Newport"",""Cardiff"",""Bangor""]","[""Swansea"",""Newport"",""Cardiff"",""Wrexham""]",0.880,0.730,duzeltildi
fc346ba3-9b60-462a-8eb2-89e0f7bd89ed,7,20260612001003_sik_ipucu_duzeltme_parti_7,sanat,2,0,"[""Belirli bir temayı süreli sunmak"",""Koleksiyonu satmak"",""Bilet artırmak yalnızca"",""Depoyu boşaltmak""]","[""Belirli bir temayı süreli sunmak"",""Kalıcı koleksiyonu sürekli sergilemek"",""Eserleri yalnızca restore etmek"",""Müze binasını yeniden inşa etmek""]","[""Presenting a particular theme for a limited time"",""Selling the collection"",""Only boosting ticket sales"",""Emptying the store""]","[""Presenting a particular theme for a limited time"",""Displaying the permanent collection indefinitely"",""Only restoring the artworks"",""Rebuilding the museum building""]",0.910,0.710,duzeltildi
bad1e548-f833-4584-b048-e84eab4f8727,7,,teknoloji,3,1,"[""Veriyi şifreler"",""Büyük veriden anlamlı örüntüler çıkarır"",""Veriyi yazdırır"",""Veriyi siler""]",,"[""Encrypts data"",""Extracts meaningful patterns from large data"",""Prints data"",""Deletes data""]",,0.970,,isaretli_kaldi
1d53a228-56c9-48e9-a129-681ed3288150,7,,bilim,2,1,"[""Durgun yükte"",""Hareketli yük (akım) varlığında"",""Yalnız mıknatısta"",""Yalnız boşlukta""]",,"[""With a static charge"",""In the presence of moving charge (a current)"",""Only in a magnet"",""Only in a vacuum""]",,0.910,,isaretli_kaldi
4325dd17-5ba7-40dd-8c1a-f832c75e9bba,7,20260612001003_sik_ipucu_duzeltme_parti_7,cografya,2,0,"[""Sıcak ve sığ deniz suyu"",""Soğuk derin su"",""Tatlı su"",""Tuzsuz su""]","[""Sıcak ve sığ deniz suyu"",""Soğuk ve derin okyanus suyu"",""Ilık ve tuzsuz nehir suyu"",""Serin ve çamurlu göl suyu""]","[""Warm, shallow sea water"",""Cold deep water"",""Fresh water"",""Water without salt""]","[""Warm, shallow sea water"",""Cold, deep ocean water"",""Lukewarm, salt-free river water"",""Cool, muddy lake water""]",0.860,0.540,duzeltildi
30a2f3c9-cf99-4b74-91ce-aa2d2aed64ec,7,20260612001003_sik_ipucu_duzeltme_parti_7,sanat,2,2,"[""Eseri değiştirmek"",""Eseri boyamak"",""Eserin bozulmasını yavaşlatmak"",""Eseri taşımak""]","[""Eserin değerini artırmak"",""Eserin kopyasını üretmek"",""Eserin bozulmasını yavaşlatmak"",""Eserin sahibini belirlemek""]","[""Altering the work"",""Painting the work"",""Slowing the work's deterioration"",""Moving the work""]","[""Raising the work's value"",""Making copies of the work"",""Slowing the work's deterioration"",""Identifying the work's owner""]",0.940,0.630,duzeltildi
dfd483d4-71e4-48e1-854f-738f71d82ba6,7,,teknoloji,3,3,"[""Bozuk veri"",""Şifreli veri"",""Silinmiş veri"",""Herkesin erişip kullanabileceği veri""]",,"[""Corrupted data"",""Encrypted data"",""Deleted data"",""Data anyone can access and use""]",,0.810,,isaretli_kaldi
6723db83-a6ff-4df5-944b-4fb418e92654,7,20260612001003_sik_ipucu_duzeltme_parti_7,bilim,3,2,"[""Boyutu"",""Ağırlığı"",""Algılayabildiği en küçük değişimi"",""Fiyatı""]","[""Ölçebildiği en yüksek değeri"",""Ölçüm sonucunun gerçek değere yakınlığını"",""Algılayabildiği en küçük değişimi"",""Tekrarlı ölçümlerde aynı sonucu verme düzeyini""]","[""Its size"",""Its weight"",""The smallest change it can detect"",""Its price""]","[""The highest value it can measure"",""How close its reading is to the true value"",""The smallest change it can detect"",""How consistently it gives the same result in repeated measurements""]",0.960,0.350,duzeltildi
86b9337b-1cdb-4d0e-bbbd-4888c903bbb1,7,,cografya,3,3,"[""Pireneler"",""Karpatlar"",""Apeninler"",""Alpler""]",,"[""The Pyrenees"",""The Carpathians"",""The Apennines"",""The Alps""]",,0.880,,isaretli_kaldi
194717e6-e661-4eaf-99a6-4c8131865100,7,20260612001003_sik_ipucu_duzeltme_parti_7,sanat,3,2,"[""Konya"",""Edirne"",""İstanbul"",""Bursa""]","[""Ankara"",""Edirne"",""İstanbul"",""Manisa""]","[""Konya"",""Edirne"",""Istanbul"",""Bursa""]","[""Ankara"",""Edirne"",""Istanbul"",""Manisa""]",0.840,0.430,duzeltildi
ef63056e-1483-4947-b9b1-d0702701ff97,7,20260612001003_sik_ipucu_duzeltme_parti_7,teknoloji,3,2,"[""Disk hızını"",""Ekran çözünürlüğünü"",""Erişilebilirlik ve gecikmeyi"",""Bellek miktarını""]","[""Bant genişliği kapasitesini"",""Paket şifreleme düzeyini"",""Erişilebilirlik ve gecikmeyi"",""Sunucu işlemci yükünü""]","[""Disk speed"",""Screen resolution"",""Reachability and latency"",""The amount of memory""]","[""Bandwidth capacity"",""Packet encryption level"",""Reachability and latency"",""Server CPU load""]",0.840,0.730,duzeltildi
44a8ee25-3a4a-4e6a-9084-04186d2aff9e,7,,bilim,2,3,"[""1 m/s²"",""100 m/s²"",""3 m/s²"",""10 m/s²""]",,"[""1 m/s²"",""100 m/s²"",""3 m/s²"",""10 m/s²""]",,0.920,,isaretli_kaldi
8b3a25bd-c2ee-466d-b330-88225d3df4b2,7,,cografya,3,1,"[""Adanın rengi"",""Adanın büyüklüğü ve anakaraya uzaklığı"",""Adanın adı"",""Adanın yaşı yalnızca""]",,"[""The island's colour"",""The island's size and distance from the mainland"",""The island's name"",""The island's age alone""]",,0.770,,isaretli_kaldi
93d2a40c-1fd7-4905-9d9f-b9c560485e88,7,20260612001003_sik_ipucu_duzeltme_parti_7,sanat,3,2,"[""Doğa resmi yaparak"",""Portre yaparak"",""Tüketim imgelerini yineleyerek"",""Heykel dökerek""]","[""Manzara resmi yaparak"",""Soyut formlar çizerek"",""Tüketim imgelerini yineleyerek"",""Dini sahneler resmederek""]","[""By painting nature"",""By painting portraits"",""By repeating images of consumption"",""By casting sculpture""]","[""By painting landscapes"",""By drawing abstract forms"",""By repeating images of consumption"",""By depicting religious scenes""]",0.860,0.250,duzeltildi
3906177c-d196-4f5d-a73d-eb5f16e7fc6c,8,20260612001004_sik_ipucu_duzeltme_parti_8,teknoloji,3,3,"[""Tek pil"",""Tek ekran"",""Tek kablo"",""Tek gövdede toplanmış devre elemanları""]","[""Tek gövdede toplanmış pil hücreleri"",""Tek levhada birleştirilmiş ekran panelleri"",""Tek kılıfta toplanmış iletken kablolar"",""Tek gövdede toplanmış devre elemanları""]","[""A single battery"",""A single screen"",""A single cable"",""Circuit elements gathered in one body""]","[""Battery cells gathered in one body"",""Display panels joined on a single sheet"",""Conductive cables bundled in one sheath"",""Circuit elements gathered in one body""]",0.930,0.550,duzeltildi
140d9248-b870-4b84-9559-dc046ea76348,8,,bilim,2,2,"[""Makinenin ağırlığını"",""Makinenin dış boyutunu"",""Yararlı enerjinin oranını"",""Toplam çalışma süresini""]",,"[""Its weight"",""Its size"",""The proportion of useful energy"",""Its lifetime""]",,1.000,,isaretli_kaldi
5c696b1e-7b25-4620-b81e-bebdb80fa991,8,,cografya,3,3,"[""Yangon"",""Mandalay"",""Bago"",""Nay Pyi Taw""]",,"[""Yangon"",""Mandalay"",""Bago"",""Naypyidaw""]",,0.850,,isaretli_kaldi
16d9b6fc-a8bf-4772-b40d-51e86ea0c4c8,8,,sanat,2,0,"[""Ayırt edicilik ve sadelik"",""Karmaşıklık"",""Çok renklilik"",""Uzun metin""]",,"[""Distinctiveness and simplicity"",""Complexity"",""Many colours"",""Long text""]",,0.970,,isaretli_kaldi
d6a09bf7-c9ad-4491-802a-00e5f71aa1fe,8,,teknoloji,3,2,"[""Hız artırmak"",""Renk vermek"",""Hatalı ve kötü niyetli veriyi engellemek"",""Boyut küçültmek""]",,"[""To increase speed"",""To add colour"",""To block faulty and malicious data"",""To reduce the size""]",,0.880,,isaretli_kaldi
2f11ed5c-ab52-4ac2-92d4-d9476f557af5,8,,bilim,2,2,"[""Aynı bölgede yaşayanlar"",""Aynı renkte olanlar"",""Verimli döl verebilen bireyler"",""Aynı boyda olanlar""]",,"[""Those living in the same area"",""Those of the same colour"",""Individuals that can produce fertile offspring"",""Those of the same size""]",,1.000,,isaretli_kaldi
4e2c83a3-2917-4058-ba3f-47af47bbe387,8,,cografya,2,2,"[""Verimin her yerde artması"",""Toprağın zenginleşmesi"",""Ürün kuşaklarının kayması"",""Su ihtiyacının bitmesi""]",,"[""Yields rising everywhere"",""The soil becoming richer"",""Crop belts shifting"",""The need for water disappearing""]",,0.930,,isaretli_kaldi
3a679775-200c-4da9-b405-e48a186d2a95,8,20260612001004_sik_ipucu_duzeltme_parti_8,sanat,3,0,"[""Gündelik nesnenin sanat olarak sunulması"",""El yapımı eser"",""Kopya"",""Baskı""]","[""Gündelik nesnenin sanat olarak sunulması"",""Sanatçının ürettiği tek nüsha heykel"",""Ünlü bir tablonun sonradan yapılan taklidi"",""Doğadan toplanan malzemelerle yapılan düzenleme""]","[""Presenting an everyday object as art"",""A handmade work"",""A copy"",""A print""]","[""Presenting an everyday object as art"",""A one-of-a-kind sculpture made by the artist"",""A later imitation of a famous painting"",""An arrangement made from materials gathered in nature""]",0.900,0.650,duzeltildi
126fd8f5-8a59-4316-aaf0-fcb7f0f440bc,8,20260612001004_sik_ipucu_duzeltme_parti_8,teknoloji,3,2,"[""Diskte duran bir dosya"",""Bir veri bağlantı kablosu"",""Çalışan bir programın örneği"",""Görüntüleyen bir ekran""]","[""Diskte saklanan bir veri kümesi"",""Ağdaki bir cihazın adresi"",""Çalışan bir programın örneği"",""Bellekteki bir sürücü bölümü""]","[""A file"",""A cable"",""An instance of a running program"",""A screen""]","[""A set of data stored on disk"",""The address of a device on a network"",""An instance of a running program"",""A drive partition in memory""]",0.870,0.700,duzeltildi
6b667770-5be8-45a4-bdb0-d5bdf516ee89,8,20260612001004_sik_ipucu_duzeltme_parti_8,bilim,2,1,"[""Soluk borusunda"",""Alveollerde"",""Gırtlakta"",""Bronşlarda""]","[""Bronşiyollerde"",""Alveollerde"",""Plevra zarında"",""Diyaframda""]","[""In the windpipe"",""In the alveoli"",""In the larynx"",""In the bronchi""]","[""In the bronchioles"",""In the alveoli"",""In the pleural membrane"",""In the diaphragm""]",0.790,0.710,duzeltildi
0ba7719f-d597-4670-9b0d-37301df4fb37,8,,cografya,2,1,"[""Krokide renk yoktur"",""Krokide ölçek yoktur"",""Haritada yön yoktur"",""Fark yoktur""]",,"[""A sketch map has no colour"",""A sketch map has no scale"",""A map has no orientation"",""There is no difference""]",,0.860,,isaretli_kaldi
84644866-c2f3-49a3-8ee6-eba895afa782,8,20260612001004_sik_ipucu_duzeltme_parti_8,sanat,3,1,"[""Yalnız fiyatı"",""Sanatın desteklenme ilkelerini"",""Yalnız takvimi"",""Yalnız mekanı""]","[""Bilet satışlarının vergi oranlarını"",""Sanatın desteklenme ilkelerini"",""Sanatçıların kişisel üslup tercihlerini"",""Eserlerin piyasa değerlerinin dalgalanmasını""]","[""Prices only"",""The principles on which art is supported"",""The calendar only"",""The venue only""]","[""The tax rates on ticket sales"",""The principles on which art is supported"",""The personal style choices of artists"",""The fluctuation of artworks' market values""]",0.930,0.700,duzeltildi
e06332e4-0aae-43a6-a096-73755310f2cc,8,,teknoloji,3,1,"[""Kod silmeyi"",""Sınıfın başka sınıftan özellik almasını"",""Bellek artışını"",""Ağ bağlantısını""]",,"[""Deleting code"",""A class taking properties from another class"",""More memory"",""A network connection""]",,0.960,,isaretli_kaldi
3bf6086e-0f7d-47ba-bcb2-203037a24748,8,,bilim,3,0,"[""Son kabukları dolu olduğu için"",""Ağır oldukları için"",""Renksiz oldukları için"",""Sıvı oldukları için""]",,"[""Their outer shells are full"",""They are heavy"",""They are colourless"",""They are liquid""]",,0.810,,isaretli_kaldi
f21670d4-031b-4bbf-b8ec-05954154802f,8,20260612001004_sik_ipucu_duzeltme_parti_8,cografya,2,3,"[""Aşırı soğuk"",""Çöl iklimi"",""Kuraklık"",""Bol yağış ve ılıman sıcaklık""]","[""Az yağış ve sert kışlar"",""Kurak ve yarı kurak step koşulları"",""Çok sıcak ve yağışsız yazlar"",""Bol yağış ve ılıman sıcaklık""]","[""Extreme cold"",""Desert climate"",""Drought"",""Plenty of rain and mild temperatures""]","[""Low rainfall and harsh winters"",""Dry and semi-arid steppe conditions"",""Very hot and rainless summers"",""Plenty of rain and mild temperatures""]",0.810,0.390,duzeltildi
248b8d0f-b762-4a5e-893b-6e3da346bff5,8,,teknoloji,3,2,"[""Küçük tablolar"",""Yalnız metin"",""Çok büyük ve karmaşık veri kümeleri"",""Tek dosya""]",,"[""Small tables"",""Only text"",""Very large and complex data sets"",""A single file""]",,0.870,,isaretli_kaldi
39f94fb6-e9a8-4e83-91b6-6087b2ab586c,8,,bilim,2,0,"[""Gelme açısı yansıma açısına eşittir"",""Işık kırılır"",""Işık soğurulur"",""Işık yavaşlar""]",,"[""The angle of incidence equals the angle of reflection"",""Light refracts"",""Light is absorbed"",""Light slows down""]",,0.890,,isaretli_kaldi
6b782834-3dea-452f-b355-15621e31da20,8,,cografya,2,3,"[""Kırsalda nüfus artışı"",""İklim değişimi"",""Yol yapımı"",""İş olanaklarının kentte toplanması""]",,"[""Rural population growth"",""Climate change"",""Road building"",""Job opportunities concentrating in cities""]",,0.920,,isaretli_kaldi
ec71147d-552f-4959-bfa1-e07ab1c010fb,8,20260612001004_sik_ipucu_duzeltme_parti_8,teknoloji,3,1,"[""Belge"",""İstenmeyen davranışa yol açan hata"",""Test"",""Yeni özellik""]","[""Kodun çalışma hızını artıran iyileştirme"",""İstenmeyen davranışa yol açan hata"",""Kullanıcıya gösterilen uyarı mesajı"",""Sistemin yetkisiz erişime karşı korunması""]","[""A document"",""A fault causing unwanted behaviour"",""A test"",""A new feature""]","[""An improvement that boosts code speed"",""A fault causing unwanted behaviour"",""A warning message shown to the user"",""Protection of a system against unauthorised access""]",0.850,0.660,duzeltildi
888de49b-b39f-42e1-8784-f4f25a807278,8,20260612001004_sik_ipucu_duzeltme_parti_8,bilim,3,3,"[""Kasta"",""Kemikte"",""Damarda"",""İki nöron arasında""]","[""Kas lifleri içinde"",""İki kemik arasında"",""Kan damarı çeperinde"",""İki nöron arasında""]","[""In muscle"",""In bone"",""In a blood vessel"",""Between two neurons""]","[""Inside muscle fibers"",""Between two bones"",""In a blood vessel wall"",""Between two neurons""]",0.940,0.650,duzeltildi
9607b716-8ecc-4717-9a3f-361b6bc25272,8,,cografya,3,1,"[""Suyun tuzlu olması"",""Eğimin fazla ve debinin değişken olması"",""Kışın donmaları"",""Kısa olmaları""]",,"[""Their water is salty"",""Steep gradients and variable flow"",""They freeze in winter"",""They are short""]",,0.690,,isaretli_kaldi
71807dcb-4b77-4efd-825c-5cac51c46d55,8,20260612001004_sik_ipucu_duzeltme_parti_8,teknoloji,3,1,"[""Veri saklar"",""İstekleri aracı olarak iletir"",""Kod derler"",""Ekran kaydeder""]","[""Verileri şifreleyerek yedekler"",""İstekleri aracı olarak iletir"",""Ağ cihazlarına IP adresi atar"",""Alan adlarını IP adreslerine çevirir""]","[""Stores data"",""Relays requests as an intermediary"",""Compiles code"",""Records the screen""]","[""Encrypts and backs up data"",""Relays requests as an intermediary"",""Assigns IP addresses to network devices"",""Translates domain names into IP addresses""]",0.760,0.190,duzeltildi
32817d65-4a62-4639-a492-1ce9c4b24f8e,8,,bilim,3,3,"[""Genliği"",""Hızı"",""Kütleyi"",""Algılanan frekansı""]",,"[""The amplitude"",""The speed"",""The mass"",""The perceived frequency""]",,0.850,,isaretli_kaldi
4ac56261-cfe3-4402-af22-74f15c6f5879,8,20260612001004_sik_ipucu_duzeltme_parti_8,cografya,3,0,"[""Eğim ve kar birikimi"",""Yağmur"",""Sıcaklık artışı yalnızca"",""Rüzgâr yokluğu""]","[""Eğim ve kar birikimi"",""Deniz seviyesine uzaklık"",""Yer altı su seviyesi"",""Ay'ın evreleri""]","[""Slope and accumulated snow"",""Rain"",""A rise in temperature alone"",""The absence of wind""]","[""Slope and accumulated snow"",""Distance from sea level"",""Groundwater level"",""Phases of the Moon""]",0.900,0.580,duzeltildi
8fafb110-09e7-43d9-9407-8078227ad351,8,,teknoloji,3,1,"[""Bellek boyutunu"",""Saniyedeki çevrim sayısını"",""Çekirdek sayısını"",""Sıcaklığı""]",,"[""Memory size"",""Cycles per second"",""The number of cores"",""The temperature""]",,0.880,,isaretli_kaldi
9058e291-e22f-4e1a-a3c0-f1425c0b935b,8,,bilim,3,3,"[""Tam bozunma süresi"",""Isınma süresi"",""Erime süresi"",""Radyoaktif maddenin yarıya inme süresi""]",,"[""The time for complete decay"",""Heating time"",""Melting time"",""The time for a radioactive substance to fall by half""]",,1.000,,isaretli_kaldi
5a905f92-d1d7-4390-8108-f351fdb6f206,8,20260612001004_sik_ipucu_duzeltme_parti_8,cografya,2,1,"[""Brno"",""Prag"",""Ostrava"",""Bratislava""]","[""Viyana"",""Prag"",""Budapeşte"",""Varşova""]","[""Brno"",""Prague"",""Ostrava"",""Bratislava""]","[""Vienna"",""Prague"",""Budapest"",""Warsaw""]",0.900,0.330,duzeltildi
0a5e9518-8cfd-4d10-b03d-8bdc78646544,8,20260612001004_sik_ipucu_duzeltme_parti_8,teknoloji,3,2,"[""Sonsuz döngüde tekrarlamayı"",""Bellekteki veriyi silmeyi"",""Duruma göre farklı yol izlemeyi"",""İşlem hızını yükseltmeyi""]","[""Kod bloğunu tekrar tekrar çalıştırmayı"",""Verileri sıralı biçimde saklamayı"",""Duruma göre farklı yol izlemeyi"",""Programı farklı dillere çevirmeyi""]","[""Infinite repetition"",""Deleting data"",""Following different paths depending on the situation"",""An increase in speed""]","[""Running a code block repeatedly"",""Storing data in an ordered form"",""Following different paths depending on the situation"",""Translating a program into other languages""]",0.740,0.650,duzeltildi
a96dd140-8924-4cba-b4ad-5719471dab10,8,20260612001004_sik_ipucu_duzeltme_parti_8,bilim,3,2,"[""Kaburgalar"",""Omurlar"",""Çekiç, örs, üzengi"",""Bilek kemikleri""]","[""Çekiç, koç, kement"",""Kaval, tokmak, zil"",""Çekiç, örs, üzengi"",""Örs, yelken, saban""]","[""The ribs"",""The vertebrae"",""The hammer, anvil and stirrup"",""The wrist bones""]","[""The hammer, ram and lasso"",""The flute, mallet and cymbal"",""The hammer, anvil and stirrup"",""The anvil, sail and plow""]",0.900,0.730,duzeltildi
f1a9ed3d-1888-497e-be90-b478282fccb9,8,20260612001004_sik_ipucu_duzeltme_parti_8,cografya,2,3,"[""Atığı yakmak"",""Atığı denize dökmek"",""Atığı gömmemek"",""Çevreye sızıntıyı engellemek""]","[""Atığı geri dönüştürmek"",""Atığı açık havada bırakmak"",""Atığı enerjiye dönüştürmek"",""Çevreye sızıntıyı engellemek""]","[""Burning the waste"",""Dumping the waste at sea"",""Not burying the waste"",""Preventing leakage into the environment""]","[""Recycling the waste"",""Leaving the waste in the open air"",""Converting the waste into energy"",""Preventing leakage into the environment""]",0.950,0.550,duzeltildi
1e02a2fe-e2a3-4eb9-ba43-cc17e1c2c72a,8,20260612001004_sik_ipucu_duzeltme_parti_8,teknoloji,2,2,"[""Page Down"",""Pause Break"",""Print Screen"",""Scroll Lock""]","[""Page Down"",""Pause Break"",""Print Screen"",""Scroll Lock""]","[""Page Down"",""Pause Break"",""Print Screen"",""Scroll Lock""]","[""Page Down"",""Pause Break"",""Print Screen"",""Scroll Lock""]",0.520,0.490,duzeltildi
b619f181-cfe7-48dd-9017-49ce6727df8e,8,,bilim,3,1,"[""DNA taşımaması"",""Konak dışında çoğalamaması"",""Protein içermemesi"",""Zar taşımaması""]",,"[""They carry no DNA"",""They cannot reproduce outside a host"",""They contain no protein"",""They have no membrane""]",,0.880,,isaretli_kaldi
25a9bab6-0060-49ed-9e23-82a80797163f,8,,cografya,2,2,"[""Porto"",""Braga"",""Lizbon"",""Coimbra""]",,"[""Porto"",""Braga"",""Lisbon"",""Coimbra""]",,0.850,,isaretli_kaldi
507ad953-e865-4e00-a7f7-a284556b7959,8,,teknoloji,3,0,"[""Amaçla sınırlı ve ölçülü"",""Sınırsız"",""Gizlice"",""Süresiz""]",,"[""Limited to the purpose and proportionate"",""Without limit"",""Secretly"",""Indefinitely""]",,0.970,,isaretli_kaldi
5838e4af-92d9-4a30-9a9e-470f06df32bb,8,,bilim,3,0,"[""Deoksiribonükleik"",""Dioksinükleik"",""Dinükleik"",""Diribonükleik""]",,"[""Deoxyribonucleic"",""Dioxynucleic"",""Dinucleic"",""Diribonucleic""]",,0.980,,isaretli_kaldi
34396980-8081-454a-9b08-8d6af91f9de0,8,,cografya,3,0,"[""Popülasyonları ayırıp farklılaştırması"",""Türleri birleştirmesi"",""Göçü artırması"",""Üremeyi durdurması""]",,"[""Separating populations so they diverge"",""Merging species"",""Increasing migration"",""Halting reproduction""]",,0.980,,isaretli_kaldi
b2342276-5dab-43ca-b499-a0950ae79eeb,8,,teknoloji,3,3,"[""Dosya saklamak"",""Virüs taramak"",""Sayfa tasarlamak"",""Alan adını IP adresine çevirmek""]",,"[""Storing files"",""Scanning for viruses"",""Designing pages"",""Translating a domain name into an IP address""]",,0.910,,isaretli_kaldi
87b7dcc2-632e-433b-84ae-9570a63c1118,8,,bilim,3,0,"[""Bileşenlerin farklı hızda ilerlemesine"",""Kaynamaya"",""Donmaya"",""Çökmeye""]",,"[""Components travelling at different rates"",""Boiling"",""Freezing"",""Settling""]",,0.930,,isaretli_kaldi
d89afc33-fd08-4eaf-9284-39844b4880a9,8,20260612001004_sik_ipucu_duzeltme_parti_8,cografya,3,1,"[""Toprağı kurutması"",""Erozyonu azaltıp organik madde katması"",""Tuzu artırması"",""Verimi düşürmesi""]","[""Toprak sıcaklığını sürekli yükseltip nemi azaltması"",""Erozyonu azaltıp organik madde katması"",""Toprak asitliğini artırıp mineralleri tüketmesi"",""Su tutma kapasitesini düşürüp çoraklaşmayı hızlandırması""]","[""It dries the soil"",""It reduces erosion and adds organic matter"",""It raises salinity"",""It lowers yields""]","[""It constantly raises soil temperature and reduces moisture"",""It reduces erosion and adds organic matter"",""It increases soil acidity and depletes minerals"",""It lowers water retention and speeds up desertification""]",0.970,0.660,duzeltildi
87cf1cb3-c3c7-41f3-889f-f53954ced7a3,8,,teknoloji,3,0,"[""Arıza durumunda hizmetin sürmesini"",""Hızın artmasını"",""Maliyetin düşmesini"",""Verinin silinmesini""]",,"[""Service continuing when something fails"",""Higher speed"",""Lower cost"",""Deleting data""]",,0.950,,isaretli_kaldi
001b9805-7f4e-4375-b17a-fb11fd8feacf,8,20260612001004_sik_ipucu_duzeltme_parti_8,bilim,2,0,"[""Tek dalga boylu ve düzenli"",""Çok dalga boylu ve dağınık"",""Geniş bantlı ve zayıf"",""Değişken boylu ve sönük""]","[""Tek dalga boylu ve düzenli"",""Çok dalga boylu ve dağınık"",""Geniş bantlı ve kararsız"",""Değişken boylu ve yönsüz""]","[""A single wavelength and coherent"",""Multicoloured"",""Scattered"",""Weak""]","[""A single wavelength and coherent"",""Many wavelengths and scattered"",""Broadband and unstable"",""Variable wavelength and directionless""]",0.840,0.680,duzeltildi
b182d00b-da23-40b6-81e2-225a2eb01d6a,8,,cografya,2,2,"[""Novi Sad"",""Niş"",""Belgrad"",""Priştine""]",,"[""Novi Sad"",""Niš"",""Belgrade"",""Pristina""]",,0.900,,isaretli_kaldi
401b2446-25ea-4bf9-a902-e4db0e2b9d88,8,20260612001004_sik_ipucu_duzeltme_parti_8,teknoloji,3,3,"[""Bakım maliyetini"",""Kullanıcı sayısını"",""Veri boyutunu"",""Hizmet veremediği süreyi""]","[""Sunucunun çalışma süresini"",""Sunucunun yanıt hızını"",""Yedekleme sıklığını"",""Hizmet veremediği süreyi""]","[""The maintenance cost"",""The number of users"",""The size of the data"",""The period when it cannot serve""]","[""The server's running time"",""The server's response speed"",""The backup frequency"",""The period when it cannot serve""]",0.890,0.610,duzeltildi
d1c3acea-2643-4962-b708-51ef5ec4e870,8,,bilim,3,1,"[""Karbon üretir"",""Karbon deposudur"",""Karbonu yok eder"",""Etkisizdir""]",,"[""They produce carbon"",""They are a carbon store"",""They destroy carbon"",""They have no effect""]",,0.970,,isaretli_kaldi
6b5d3111-d042-47d3-bf20-79a5e05d8d89,8,,cografya,3,2,"[""Bina yüksekliği artışı"",""Trafik azalması"",""Isı yalıtımı ve yağmur suyu tutma"",""Nüfus artışı""]",,"[""Taller buildings"",""Less traffic"",""Insulation and rainwater retention"",""Population growth""]",,0.900,,isaretli_kaldi
a2c6e50f-a80b-4e00-a782-b50e73b23247,8,,teknoloji,3,1,"[""Yalnız yerel dosya"",""Dağıtık ve değiştirilmesi zor kayıt"",""Merkezî tek kopya"",""Yalnız yazıcı""]",,"[""A local file only"",""A distributed record that is hard to alter"",""A single central copy"",""Printers only""]",,0.920,,isaretli_kaldi
73f83b7e-b00a-4369-97f3-3dd1f0e2024d,8,20260612001004_sik_ipucu_duzeltme_parti_8,bilim,2,3,"[""Bir protein türü"",""Bir hücre organeli"",""Bir hormon"",""Kalıtsal bilgi taşıyan DNA parçası""]","[""Hücre zarını oluşturan lipit tabakası"",""Protein sentezi yapan hücre yapısı"",""Kanda taşınan kimyasal haberci"",""Kalıtsal bilgi taşıyan DNA parçası""]","[""A kind of protein"",""A cell organelle"",""A hormone"",""A stretch of DNA carrying hereditary information""]","[""A lipid layer forming the cell membrane"",""A cell structure that makes proteins"",""A chemical messenger carried in the blood"",""A stretch of DNA carrying hereditary information""]",0.890,0.550,duzeltildi
1517ae79-9e8c-494c-8be1-1518779b947c,8,20260612001004_sik_ipucu_duzeltme_parti_8,cografya,2,0,"[""Sağlık ve refah düzeyini"",""Yalnızca eğitim düzeyini"",""Yıllık ihracat hacmini"",""Ulaşım ağının düzeyini""]","[""Sağlık ve refah düzeyini"",""Tarımsal üretim düzeyini"",""Enerji tüketim düzeyini"",""Kentleşme ve ulaşım düzeyini""]","[""The level of health and welfare"",""Only the level of education"",""Exports"",""Transport""]","[""The level of health and welfare"",""The level of agricultural production"",""The level of energy consumption"",""The level of urbanization and transport""]",0.810,0.680,duzeltildi
bd3fa0b7-d6e6-49e7-9df7-e2a36952df2f,8,,teknoloji,2,3,"[""United System Bus"",""Universal Serial Board"",""Ultra Speed Bus"",""Universal Serial Bus""]",,"[""United System Bus"",""Universal Serial Board"",""Ultra Speed Bus"",""Universal Serial Bus""]",,1.000,,isaretli_kaldi
d01bc8f0-04c8-4e55-9d23-47efc41d5dbd,8,20260612001004_sik_ipucu_duzeltme_parti_8,bilim,3,2,"[""Kuvvet olarak"",""Manyetik alanla"",""Uzay zamanın bükülmesiyle"",""Isı akışıyla""]","[""Kütlelerin birbirini çekmesiyle"",""Elektrik yüklerinin etkileşimiyle"",""Uzay zamanın bükülmesiyle"",""Atom çekirdeğinin güçlü etkileşimiyle""]","[""As a force"",""Through a magnetic field"",""Through the curvature of spacetime"",""Through the flow of heat""]","[""Through the mutual attraction of masses"",""Through the interaction of electric charges"",""Through the curvature of spacetime"",""Through the strong nuclear interaction""]",0.870,0.480,duzeltildi
014d42fc-f76d-4402-a3f3-ec41188a9c3a,8,20260612001004_sik_ipucu_duzeltme_parti_8,cografya,3,1,"[""Batum"",""Tiflis"",""Kutaisi"",""Gori""]","[""Erivan"",""Tiflis"",""Bakü"",""Trabzon""]","[""Batumi"",""Tbilisi"",""Kutaisi"",""Gori""]","[""Yerevan"",""Tbilisi"",""Baku"",""Trabzon""]",0.880,0.340,duzeltildi
f2d92f35-2800-443c-a84d-84f65e476aed,8,20260612001004_sik_ipucu_duzeltme_parti_8,teknoloji,3,3,"[""Dosyaya bulaşmasıyla"",""Zarar vermemesiyle"",""Donanım olmasıyla"",""Kendi başına yayılabilmesiyle""]","[""Dosyaya bulaşmasıyla"",""Yalnızca e-postayla çalışmasıyla"",""Yalnızca internet tarayıcısında çalışmasıyla"",""Kendi başına yayılabilmesiyle""]","[""It infects a file"",""It does no harm"",""It is hardware"",""It can spread on its own""]","[""It infects a file"",""It only works through email"",""It only runs inside a web browser"",""It can spread on its own""]",0.730,0.590,duzeltildi
32d5c5c0-bb34-46ee-ac7d-c223cd3c47b9,8,,bilim,3,0,"[""Aşırı alg üremesi ve oksijen azalması"",""Su berraklaşması"",""Sıcaklık düşüşü"",""Tuzlanma""]",,"[""Excessive algal growth and reduced oxygen"",""Clearer water"",""A drop in temperature"",""Salinisation""]",,0.950,,isaretli_kaldi
fc5c65b1-f5ba-44ab-b6c3-9d73bb92e04a,8,20260612001004_sik_ipucu_duzeltme_parti_8,cografya,3,0,"[""Ölçeğe uygun sadeleştirme için"",""Renk artırmak için"",""Başlık koymak için"",""Kâğıt seçmek için""]","[""Ölçeğe uygun sadeleştirme için"",""Konumları kesin doğrulamak için"",""Yer adlarını çoğaltmak için"",""Ayrıntıları artırmak için""]","[""To simplify to suit the scale"",""To add colour"",""To place the title"",""To choose the paper""]","[""To simplify to suit the scale"",""To verify exact locations"",""To multiply place names"",""To increase the detail""]",0.760,0.720,duzeltildi
33523ec8-6312-47c8-bbf5-fc91734bf934,8,20260612001004_sik_ipucu_duzeltme_parti_8,teknoloji,2,0,"[""Cihazların ağa bağlanmasını"",""Yalnız telefonları"",""Yalnız bilgisayarları"",""Yalnız sunucuları""]","[""Cihazların ağa bağlanmasını"",""Verilerin yalnızca bulutta saklanmasını"",""Web sitelerinin birbirine bağlanmasını"",""Yazılımların otomatik güncellenmesini""]","[""Devices being connected to the network"",""Only phones"",""Only computers"",""Only servers""]","[""Devices being connected to the network"",""Data being stored only in the cloud"",""Websites being linked to each other"",""Software being updated automatically""]",1.000,0.440,duzeltildi
a0523806-3167-471d-b1d4-df16028a9c7b,8,20260612001004_sik_ipucu_duzeltme_parti_8,bilim,3,2,"[""Mantarlar"",""Ormanlardaki kuşlar"",""Deniz yosunları ve fitoplanktonlar"",""Bakteriler""]","[""Mercan kayalıkları ve süngerler"",""Tropikal yağmur ormanı böcekleri"",""Deniz yosunları ve fitoplanktonlar"",""Kutup bölgesi deniz memelileri""]","[""Fungi"",""Forest birds"",""Seaweed and phytoplankton"",""Bacteria""]","[""Coral reefs and sponges"",""Rainforest insects"",""Seaweed and phytoplankton"",""Polar marine mammals""]",0.810,0.690,duzeltildi
e1b676b3-a143-4375-949f-7af7b99153e7,8,20260612001004_sik_ipucu_duzeltme_parti_8,cografya,3,0,"[""Toprağın verimini korumak için"",""Ürünü hızlandırmak için"",""Zararlıyı çoğaltmak için"",""Suyu artırmak için""]","[""Toprağın verimini korumak için"",""Tarım ürünlerini kurutmak için"",""Toprağı tuzlandırmak için"",""Tarlada rüzgarı kesmek için""]","[""To keep the soil fertile"",""To speed up the crop"",""To increase pests"",""To increase the water""]","[""To keep the soil fertile"",""To dry out the harvested crops"",""To make the soil salty"",""To block the wind in the field""]",0.910,0.420,duzeltildi
9d975608-6265-46b7-bc29-c61a273f4191,8,,teknoloji,3,0,"[""Değeri 1 milyar doları aşan girişimleri"",""Borsaya ilk kez açılan girişimleri"",""Hiç yatırım almadan kâra geçen girişimleri"",""Kurucusu 25 yaşından genç olan girişimleri""]",,"[""A start-up valued at over $1 billion"",""A start-up going public for the first time"",""A start-up profitable without any funding"",""A start-up whose founder is under 25""]",,0.920,,isaretli_kaldi
9c45f636-85e2-4095-8de4-cb5c29c9ac8f,8,20260612001004_sik_ipucu_duzeltme_parti_8,bilim,2,0,"[""Tepkimeleri hızlandırması"",""Tepkimeyi durdurması"",""Enerji üretmesi"",""Hücre bölmesi""]","[""Tepkimeleri hızlandırması"",""Tepkimelerde tükenmesi"",""Hücreye şekil vermesi"",""Genetik bilgiyi saklaması""]","[""Speeding up reactions"",""Stopping reactions"",""Producing energy"",""Dividing the cell""]","[""Speeding up reactions"",""Being used up in reactions"",""Giving the cell its shape"",""Storing genetic information""]",0.890,0.690,duzeltildi
9a88b5a8-5a8e-45f9-bccc-2017cdab4c6c,8,,cografya,3,0,"[""Beton ve asfaltın ısı tutmasından"",""Ağaç fazlalığından"",""Yağış artışından"",""Rüzgâr hızından""]",,"[""Because concrete and asphalt retain heat"",""Because of too many trees"",""Because of increased rainfall"",""Because of wind speed""]",,0.990,,isaretli_kaldi
2d2faafa-219b-42ff-abb5-71c0a2b03ea5,8,,teknoloji,3,0,"[""İletişim kuralları bütünü"",""Donanım parçası"",""Yazılım türü"",""Dosya biçimi""]",,"[""A set of communication rules"",""A piece of hardware"",""A type of software"",""A file format""]",,0.920,,isaretli_kaldi
b9d690f9-ea1a-4348-9c33-8ea3f77cdf09,8,,bilim,2,3,"[""Nötron alarak"",""Proton vererek"",""Bölünerek"",""Elektron alıp vererek""]",,"[""By gaining a neutron"",""By giving up a proton"",""By splitting"",""By gaining or losing electrons""]",,0.750,,isaretli_kaldi
2b4711f4-f13e-4d7e-bf2d-ccc7d5f4bf96,8,,cografya,2,3,"[""Yağışın azalması"",""Volkanik patlamalar"",""Depremler"",""Buzulların erimesi ve suyun genleşmesi""]",,"[""Less rainfall"",""Volcanic eruptions"",""Earthquakes"",""Melting glaciers and the expansion of water""]",,0.980,,isaretli_kaldi
0746cdb8-f7ba-4e72-86fd-8fbb01bc31e7,8,,teknoloji,3,2,"[""Çok daha kısa adres alanı"",""Daha az güvenlik katmanı"",""Çok daha fazla adres alanı"",""Daha az cihaz desteği""]",,"[""Shorter addresses"",""Less security"",""A far larger address space"",""Fewer devices""]",,0.970,,isaretli_kaldi
936e03e4-c669-42ae-9afb-d1d08db9ea2b,8,20260612001004_sik_ipucu_duzeltme_parti_8,bilim,2,0,"[""Katıdan sıvıya geçiş için gereken ısı"",""Sıcaklık artışı"",""Hacim artışı"",""Kütle kaybı""]","[""Katıdan sıvıya geçiş için gereken ısı"",""Sıvıdan gaza geçiş için gereken ısı"",""Gazdan sıvıya geçerken açığa çıkan ısı"",""Maddenin sıcaklığını 1°C artıran ısı""]","[""The heat needed to go from solid to liquid"",""A rise in temperature"",""An increase in volume"",""A loss of mass""]","[""The heat needed to go from solid to liquid"",""The heat needed to go from liquid to gas"",""The heat released when going from gas to liquid"",""The heat that raises a substance's temperature by 1°C""]",0.860,0.050,duzeltildi
373043c2-323b-4173-9fe9-0edd0114f22b,8,,cografya,2,2,"[""Toprak fazlalığı"",""Nüfus yoğunluğu"",""Su yetersizliği"",""Yol azlığı""]",,"[""Too much soil"",""Population density"",""Water shortage"",""Too few roads""]",,0.750,,isaretli_kaldi
d2a12914-7dec-41f8-9eb9-5d6b044311d6,8,20260612001004_sik_ipucu_duzeltme_parti_8,teknoloji,3,1,"[""Ağır olması"",""Yüksek hız ve düşük kayıp"",""Ucuz olması yalnızca"",""Kısa mesafe""]","[""Elektrik akımıyla çalışması"",""Yüksek hız ve düşük kayıp"",""Bakır kabloya göre daha kalın olması"",""Yalnızca kısa mesafede çalışması""]","[""Being heavy"",""High speed and low loss"",""Being cheap alone"",""Short range""]","[""Running on electric current"",""High speed and low loss"",""Being thicker than copper cable"",""Working only over short distances""]",0.960,0.690,duzeltildi
10c8ee06-6647-4b5a-8373-fb3df8ec2eec,8,,bilim,2,3,"[""Geleceğe dönük bir tahmin"",""Kişisel bir görüş fikri"",""Denenmemiş bir varsayım"",""Kanıtlarla desteklenmiş açıklama""]",,"[""A guess"",""An idea"",""An assumption"",""An explanation supported by evidence""]",,0.940,,isaretli_kaldi
b3fb1aef-1c78-4da2-b6af-2b474d1aaa0b,8,,cografya,2,2,"[""Toprağın tek tip olması"",""Yüzölçümünün büyüklüğü"",""İklim ve yer şekli çeşitliliği"",""Nüfusun fazlalığı""]",,"[""Uniform soil"",""Its large area"",""Varied climate and landforms"",""Its large population""]",,0.950,,isaretli_kaldi
fe24fd40-4170-4a3b-a78e-147aa542445a,8,,teknoloji,3,3,"[""Sayfayı şifrelemek"",""Sunucu kurmak"",""Veri silmek"",""Arama sonuçlarında görünürlüğü artırmak""]",,"[""Encrypting the page"",""Setting up a server"",""Deleting data"",""Improving visibility in search results""]",,0.830,,isaretli_kaldi
af3f3ce7-1a86-471f-8b46-9a89236c5339,8,,bilim,3,3,"[""Yalnız çevreyle"",""Yalnız genle"",""Rastgele"",""Gen ve çevre etkileşimiyle""]",,"[""The environment alone"",""The genes alone"",""Chance"",""The interaction of genes and environment""]",,0.970,,isaretli_kaldi
bd19f1d2-8c02-4ce4-885e-7e3927ec05f5,8,,cografya,2,0,"[""Kanberra"",""Melbourne"",""Sidney"",""Brisbane""]",,"[""Canberra"",""Melbourne"",""Sydney"",""Brisbane""]",,0.820,,isaretli_kaldi
bae76640-fe57-4ce9-9391-0ccc1e175c1c,8,,teknoloji,2,1,"[""Renk"",""QR iki boyutlu veri taşır"",""Boyut"",""Malzeme""]",,"[""Colour"",""A QR code carries data in two dimensions"",""Size"",""Material""]",,0.950,,isaretli_kaldi
1cbf721b-faee-4219-852e-09b167aa015a,8,,bilim,2,3,"[""Kendi başına ürer"",""Hücrelidir"",""Enzim üretir"",""Konak hücreye muhtaçtır""]",,"[""It reproduces on its own"",""It is cellular"",""It produces enzymes"",""It depends on a host cell""]",,0.940,,isaretli_kaldi
19b62228-2a73-4f7a-821e-500411f6646a,8,,cografya,2,2,"[""Maden zenginliği"",""Tarım alanı"",""Boğaz geçişini denetlemesi"",""Kayak turizmi""]",,"[""Mineral wealth"",""Farmland"",""Controlling passage through the strait"",""Ski tourism""]",,0.900,,isaretli_kaldi
486b6516-414e-4514-9cce-3bcf41ef58a0,8,,teknoloji,3,0,"[""Turing Testi"",""Lovelace Testi"",""Tesla Testi"",""Einstein Testi""]",,"[""The Turing Test"",""The Lovelace Test"",""The Tesla Test"",""The Einstein Test""]",,0.990,,isaretli_kaldi
07bc0aea-2a94-4a66-b43a-5d005ce6f047,8,20260612001004_sik_ipucu_duzeltme_parti_8,bilim,2,0,"[""Hipokrat"",""Avicenna"",""Galen"",""Asklepios""]","[""Hipokrat"",""Herofilos"",""Dioskorides"",""Erasistratos""]","[""Hippocrates"",""Avicenna"",""Galen"",""Asclepius""]","[""Hippocrates"",""Herophilus"",""Dioscorides"",""Erasistratus""]",0.670,0.680,duzeltildi
dbf5fa3b-f0ac-47fb-8562-d29c3e8594c2,8,,cografya,3,3,"[""Bir günlük veriye"",""Bir haftalık veriye"",""Bir aylık veriye"",""Uzun yıllar ortalamasına""]",,"[""One day's data"",""One week's data"",""One month's data"",""An average over many years""]",,0.940,,isaretli_kaldi
aeba5d5d-d14f-462b-8291-f98c7b695cd7,8,,teknoloji,3,0,"[""Veriden örüntü öğrenir"",""Kablo döşer"",""Ekran temizler"",""Donanım üretir""]",,"[""Learns patterns from data"",""Lays cable"",""Cleans the screen"",""Manufactures hardware""]",,0.980,,isaretli_kaldi
3852c1c5-e7d5-4cef-a63a-697adb14a01c,8,,bilim,2,2,"[""Mide"",""Ağız"",""İnce bağırsak"",""Kalın bağırsak""]",,"[""The stomach"",""The mouth"",""The small intestine"",""The large intestine""]",,0.860,,isaretli_kaldi
dbddf4cf-2515-45d2-bbd0-e6c3f3008484,8,,cografya,3,0,"[""Saraybosna"",""Mostar"",""Banja Luka"",""Tuzla""]",,"[""Sarajevo"",""Mostar"",""Banja Luka"",""Tuzla""]",,0.940,,isaretli_kaldi
6bc423c6-dbef-4603-978a-db4388b1a783,8,20260612001004_sik_ipucu_duzeltme_parti_8,teknoloji,3,3,"[""Kod yazar"",""Şifre kırar"",""Ekran kaydeder"",""Sayfaları gezip toplar""]","[""Verileri şifreleyip saklar"",""Sunucu trafiğini yönlendirir"",""Bağlantıları sıkıştırıp kısaltır"",""Sayfaları gezip toplar""]","[""Writes code"",""Cracks passwords"",""Records the screen"",""Visits pages and gathers them""]","[""Encrypts and stores data"",""Routes server traffic"",""Compresses and shortens links"",""Visits pages and gathers them""]",0.680,0.730,duzeltildi
b18da7b6-a985-4c09-af14-383161c53ffe,8,20260612001004_sik_ipucu_duzeltme_parti_8,bilim,3,1,"[""Çözücü miktarını"",""Birim hacimdeki çözünen miktarını"",""Sıcaklığı"",""Basıncı""]","[""Birim kütledeki çözücü miktarını"",""Birim hacimdeki çözünen miktarını"",""Birim sıcaklıktaki ısı miktarını"",""Birim alandaki kuvvet miktarını""]","[""The amount of solvent"",""The amount of solute per unit volume"",""The temperature"",""The pressure""]","[""The amount of solvent per unit mass"",""The amount of solute per unit volume"",""The amount of heat per unit temperature"",""The amount of force per unit area""]",0.800,0.590,duzeltildi
1f7b398f-44d6-4fcc-8541-ce7834e5c0a4,8,,cografya,2,3,"[""Kitlesel tatili"",""Sanayileşmeyi"",""Kentleşmeyi"",""Doğaya zarar vermeden gezmeyi""]",,"[""Mass holidays"",""Industrialisation"",""Urbanisation"",""Travelling without harming nature""]",,0.970,,isaretli_kaldi
22a10f3f-8bdf-4328-9371-53764625bb36,8,,teknoloji,2,1,"[""Bir kablo"",""Bir sorunu çözen adım dizisi"",""Bir donanım"",""Bir ekran""]",,"[""A cable"",""A sequence of steps that solves a problem"",""A piece of hardware"",""A screen""]",,0.960,,isaretli_kaldi
2d8f97da-881b-461b-a5da-6b86300ce376,8,20260612001004_sik_ipucu_duzeltme_parti_8,bilim,2,2,"[""Fazla uykuyla"",""Soğuk havayla yalnızca"",""Sıvı ve mineral kaybıyla"",""Yüksek rakımla""]","[""Aşırı D vitamini alımıyla"",""Kemik yoğunluğu artışıyla"",""Sıvı ve mineral kaybıyla"",""Gözlerin yorulmasıyla""]","[""Too much sleep"",""Cold weather alone"",""Loss of fluid and minerals"",""High altitude""]","[""Excess vitamin D intake"",""Increased bone density"",""Loss of fluid and minerals"",""Tired eyes""]",0.780,0.660,duzeltildi
693b15b3-b1ba-4001-8b57-36462d071d2e,8,,cografya,3,3,"[""Suyun temizlenmesi"",""Balığın çoğalması"",""Erozyonun bitmesi"",""Yatağın bozulup taşkın artması""]",,"[""The water becoming cleaner"",""More fish"",""The end of erosion"",""The bed being damaged and flooding increasing""]",,0.740,,isaretli_kaldi
26bdc79e-1a92-4c3f-a178-8baee4a1cc11,8,,teknoloji,3,0,"[""Modemin internet sinyalini dönüştürmesi"",""Router'ın kablo olması"",""Modemin yazıcı olması"",""İkisinin aynı olması""]",,"[""The modem converts the internet signal"",""The router is a cable"",""The modem is a printer"",""They are the same""]",,0.970,,isaretli_kaldi
784daa1a-4e28-425a-a920-2a9c23b5f5d2,8,,bilim,3,0,"[""Fosfolipit çift tabaka"",""Selüloz duvar"",""Kitin kabuk"",""Kalsiyum tabaka""]",,"[""A phospholipid bilayer"",""A cellulose wall"",""A chitin shell"",""A calcium layer""]",,0.830,,isaretli_kaldi
2ca2acba-d71a-4276-920c-7e005f72e315,8,20260612001004_sik_ipucu_duzeltme_parti_8,cografya,2,3,"[""Yağış miktarını"",""Rüzgâr hızını"",""Nüfus hareketini"",""Deniz altı deprem ve dalga verilerini""]","[""Atmosfer basıncı ve bulut hareketlerini"",""Yer altı suyu seviyesi ve nehir akışlarını"",""Okyanus tuzluluğu ve su sıcaklığı verilerini"",""Deniz altı deprem ve dalga verilerini""]","[""Rainfall amounts"",""Wind speed"",""Population movement"",""Undersea earthquake and wave data""]","[""Atmospheric pressure and cloud movements"",""Groundwater levels and river flows"",""Ocean salinity and water temperature data"",""Undersea earthquake and wave data""]",0.840,0.530,duzeltildi
8faf888f-d6d7-4f83-b5fb-1e9794f92de8,8,,teknoloji,3,1,"[""Suçlu bulur"",""Kök nedeni ve dersleri çıkarır"",""Ceza verir"",""Kod siler""]",,"[""Finds the culprit"",""Draws out the root cause and the lessons"",""Imposes penalties"",""Deletes code""]",,0.950,,isaretli_kaldi
92ffae89-edfd-42c3-8e73-c853100f3190,8,,bilim,2,3,"[""Isı ölçüdür"",""Sıcaklık enerjidir"",""İkisi aynıdır"",""Isı enerji, sıcaklık ölçüdür""]",,"[""Heat is a measure"",""Temperature is energy"",""They are the same"",""Heat is energy, temperature is a measure""]",,1.000,,isaretli_kaldi
4a88beb3-3513-4901-aa50-3417c68d26ab,8,,cografya,2,2,"[""Yalnız yatağını"",""Yalnız ağzını"",""Bir akarsuyu besleyen tüm alanı"",""Yalnız kaynağını""]",,"[""Only its channel"",""Only its mouth"",""The whole area that feeds a river"",""Only its source""]",,1.000,,isaretli_kaldi
00a20e91-ffae-4f83-b8e2-470df21e55f9,8,20260612001004_sik_ipucu_duzeltme_parti_8,teknoloji,3,1,"[""Donanım modellerini"",""İki farklı sürümün etkisini"",""Renk paletlerini yalnızca"",""Sunucu markalarını""]","[""Yazılım lisans türlerinin maliyetini"",""İki farklı sürümün etkisini"",""Ağ bağlantı hızlarının farkını"",""Bulut depolama planlarının kapasitesini""]","[""Hardware models"",""The impact of two different versions"",""Colour palettes only"",""Server brands""]","[""The cost of software license types"",""The impact of two different versions"",""The difference in network connection speeds"",""The capacity of cloud storage plans""]",0.890,0.340,duzeltildi
82caee88-8660-4b36-9b65-a5fe15a10cc6,8,20260612001004_sik_ipucu_duzeltme_parti_8,bilim,2,3,"[""Kütle çarpı hacim"",""Hacim bölü kütle"",""Kuvvet bölü alan"",""Kütle bölü hacim""]","[""Kuvvet bölü kütle"",""Yol bölü zaman"",""İş bölü zaman"",""Kütle bölü hacim""]","[""Mass times volume"",""Volume divided by mass"",""Force divided by area"",""Mass divided by volume""]","[""Force divided by mass"",""Distance divided by time"",""Work divided by time"",""Mass divided by volume""]",0.920,0.250,duzeltildi
edbde11c-5c3b-449d-97cb-52dfa73674c9,8,20260612001004_sik_ipucu_duzeltme_parti_8,cografya,2,2,"[""Denize yakın"",""Yıl boyu yağışlı"",""Denizden uzak, sıcaklık farkı yüksek"",""Sıcaklık farkı düşük""]","[""Denize yakın, sıcaklık farkı düşük"",""Yıl boyu ılık, yağış bol"",""Denizden uzak, sıcaklık farkı yüksek"",""Denize komşu, kışlar ılık""]","[""Close to the sea"",""Rainy all year"",""Far from the sea, with a large temperature range"",""A small temperature range""]","[""Close to the sea, with a small temperature range"",""Warm all year, with heavy rainfall"",""Far from the sea, with a large temperature range"",""Next to the sea, with mild winters""]",0.870,0.280,duzeltildi
67eb73f1-ed7b-489a-9759-59757ce76e03,8,20260612001004_sik_ipucu_duzeltme_parti_8,teknoloji,3,0,"[""Kodun kullanım ve dağıtım koşullarını"",""Sunucu ücretini"",""Ağ hızını"",""Tasarımı""]","[""Kodun kullanım ve dağıtım koşullarını"",""Yazılımın donanım gereksinimlerini"",""Geliştiricilerin çalışma saatlerini"",""Programın arayüz dilini ve çevirilerini""]","[""The terms of use and distribution of the code"",""The server fee"",""Network speed"",""The design""]","[""The terms of use and distribution of the code"",""The hardware requirements of the software"",""The working hours of the developers"",""The interface language and translations of the program""]",0.830,0.670,duzeltildi
bbe849bd-7d6b-4e02-8613-65d3312a5434,8,20260612001004_sik_ipucu_duzeltme_parti_8,bilim,2,3,"[""Bulutlardan"",""Yağıştan"",""Sıcaklıktan"",""Güneş parçacıkları ve manyetik alandan""]","[""Atmosferdeki su buharı ve rüzgârlardan"",""Okyanus akıntıları ve tuzluluktan"",""Yer kabuğundaki volkanik gazlardan"",""Güneş parçacıkları ve manyetik alandan""]","[""Clouds"",""Precipitation"",""Temperature"",""Solar particles and the magnetic field""]","[""Water vapor and winds in the atmosphere"",""Ocean currents and salinity"",""Volcanic gases in the Earth's crust"",""Solar particles and the magnetic field""]",0.960,0.540,duzeltildi
345215c3-32b2-4798-8d91-e977fadb849c,8,,cografya,2,0,"[""Oksijen üretimi ve karbon tutumu"",""Petrol üretimi"",""Buzul dengesi"",""Tuz üretimi""]",,"[""Oxygen production and carbon storage"",""Oil production"",""Glacial balance"",""Salt production""]",,0.930,,isaretli_kaldi
784f34c0-8779-4005-8c80-91e70286ec3d,8,20260612001004_sik_ipucu_duzeltme_parti_8,teknoloji,3,3,"[""Grafik tasarım"",""Video kurgu"",""Ses kaydı"",""Metin komutlarıyla sistem yönetimi""]","[""Fare hareketleriyle dosya yönetimi"",""Otomatik sürücü güncellemesi"",""Görsel arayüzle ekran tasarımı"",""Metin komutlarıyla sistem yönetimi""]","[""Graphic design"",""Video editing"",""Sound recording"",""Managing the system with text commands""]","[""Managing files with mouse movements"",""Automatic driver updating"",""Designing screens with a visual interface"",""Managing the system with text commands""]",0.780,0.750,duzeltildi
32e7b9ec-e751-4ad6-a1b4-3c3c5a43617e,9,20260612001005_sik_ipucu_duzeltme_parti_9,bilim,2,2,"[""Rüzgarla"",""Yağışla"",""Isıyı tutan gazlarla"",""Bulutla yalnızca""]","[""Okyanus akıntılarıyla"",""Güneş lekelerinin artmasıyla"",""Isıyı tutan gazlarla"",""Dünyanın eksen eğikliğiyle""]","[""Wind"",""Rainfall"",""Gases that trap heat"",""Clouds alone""]","[""Ocean currents"",""Increased sunspots"",""Gases that trap heat"",""Earth's axial tilt""]",0.850,0.700,duzeltildi
1441c3ee-72bb-4476-a33a-3833c728ceec,9,20260612001005_sik_ipucu_duzeltme_parti_9,cografya,3,3,"[""Kentleri genelde küçültmüştür"",""Yerleşmeleri hiç etkilememiştir"",""Yalnız kırsalı büyütmüştür"",""Hat boyunca kentleri büyütmüştür""]","[""Hat boyunca kentleri kalıcı biçimde küçültmüştür"",""Nüfusu tamamen kıyı limanlarına yöneltmiştir"",""Yerleşmeleri nehir vadilerine hapsetmiştir"",""Hat boyunca kentleri büyütmüştür""]","[""It shrank cities"",""It had no effect"",""It grew the countryside"",""It grew towns along the line""]","[""It permanently shrank towns along the line"",""It drew the population entirely to coastal ports"",""It confined settlements to river valleys"",""It grew towns along the line""]",0.990,0.560,duzeltildi
134fa573-39d0-49b1-aa67-bbafe3475e31,9,20260612001005_sik_ipucu_duzeltme_parti_9,teknoloji,3,3,"[""Dosyaları sıkıştırıp küçültmeyi"",""Ekran parlaklığını ayarlamayı"",""Ses düzeyini yükseltmeyi"",""İstenmeyen ağ trafiğini kesmeyi""]","[""Verileri şifreleyerek yedeklemeyi"",""Ağ bağlantı hızını artırmayı"",""Sabit disk alanını genişletmeyi"",""İstenmeyen ağ trafiğini kesmeyi""]","[""File compression"",""Screen brightness"",""Louder sound"",""Blocking unwanted network traffic""]","[""Encrypted data backup"",""Faster network speed"",""Larger hard disk space"",""Blocking unwanted network traffic""]",0.730,0.650,duzeltildi
83a2a381-2ecf-47c2-8708-d09c5b62fd2e,9,20260612001005_sik_ipucu_duzeltme_parti_9,bilim,3,3,"[""Yalnız yaşam alanını"",""Yalnız besinini"",""Yalnız düşmanını"",""Türün ekosistemdeki rolünü""]","[""Türün coğrafi dağılım sınırlarını"",""Türün popülasyon büyüklüğünü"",""Türün evrimsel geçmişini"",""Türün ekosistemdeki rolünü""]","[""Only the habitat"",""Only the food"",""Only the predators"",""The species' role in the ecosystem""]","[""The species' geographic range limits"",""The species' population size"",""The species' evolutionary history"",""The species' role in the ecosystem""]",0.930,0.370,duzeltildi
3a9ef9ca-9558-4e15-b6fe-400075ed3004,9,,cografya,2,3,"[""Hızlı büyümeye yalnızca"",""Fiyata"",""Görünüşe"",""Yörenin iklim ve toprağına""]",,"[""Fast growth alone"",""Price"",""Appearance"",""The local climate and soil""]",,0.930,,isaretli_kaldi
6b9d39b9-6d91-4e0c-865a-03600bfae92f,9,,teknoloji,2,3,"[""Radyo açar"",""Hızı artırır"",""Klima çalıştırır"",""Frende tekerlek kilitlenmesini önler""]",,"[""Turning on the radio"",""Increasing speed"",""Running the air conditioning"",""Stopping the wheels locking under braking""]",,0.990,,isaretli_kaldi
aa6b4ee3-0d38-4a7f-9a55-7da6849fc2e4,9,,bilim,2,3,"[""Sınıf"",""Familya"",""Cins"",""Tür""]",,"[""Class"",""Family"",""Genus"",""Species""]",,0.560,,isaretli_kaldi
a7e2b297-ad62-4ad4-b30b-2b349ec8713c,9,,cografya,3,0,"[""Bişkek"",""Oş"",""Celalabad"",""Karakol""]",,"[""Bishkek"",""Osh"",""Jalal-Abad"",""Karakol""]",,0.930,,isaretli_kaldi
b2be4f72-1c9f-45d8-8e14-1397bf11bf39,9,20260612001005_sik_ipucu_duzeltme_parti_9,teknoloji,3,3,"[""Ekran boyutunu"",""Renk sayısını"",""Parlaklığı"",""Birim uzunluktaki nokta sayısını""]","[""Birim alandaki renk tonu sayısını"",""Saniyedeki görüntü yenileme sayısını"",""Ekranın piksel başına ışık şiddetini"",""Birim uzunluktaki nokta sayısını""]","[""The screen size"",""The number of colours"",""The brightness"",""The number of dots per unit of length""]","[""The number of colour shades per unit of area"",""The number of image refreshes per second"",""The light intensity per pixel of the screen"",""The number of dots per unit of length""]",0.940,0.610,duzeltildi
0dbd1339-99a2-4635-882a-506f3b161e14,9,,bilim,3,3,"[""İkisi tamamen aynıdır"",""Meteor yere ulaşandır"",""Göktaşı havada yanar"",""Göktaşı yere ulaşandır""]",,"[""They are the same"",""A meteor reaches the ground"",""A meteorite burns up"",""A meteorite is the one that reaches the ground""]",,0.880,,isaretli_kaldi
c571e93d-586f-44c8-958d-835349f7e971,9,,cografya,3,3,"[""Toprak kuruysa"",""Yağış azsa"",""Bitki örtüsü fazlaysa"",""Toprak doygunsa veya geçirimsizse""]",,"[""When the soil is dry"",""When rainfall is low"",""When vegetation is dense"",""When the soil is saturated or impermeable""]",,0.920,,isaretli_kaldi
c15a7eb4-3fa9-42e2-b894-75dff8c973b1,9,20260612001005_sik_ipucu_duzeltme_parti_9,teknoloji,3,0,"[""Daha hızlı erişim"",""Daha çok gürültü"",""Daha çok hareketli parça"",""Daha yavaş""]","[""Daha hızlı erişim"",""Daha yüksek ısınma"",""Daha fazla titreşim"",""Daha kısa kablo""]","[""Faster access"",""More noise"",""More moving parts"",""Being slower""]","[""Faster access"",""Higher heat output"",""More vibration"",""Shorter cables""]",0.710,0.700,duzeltildi
28cc0e74-6217-4eee-b261-fe3312439c18,9,,bilim,3,2,"[""Yüksek direnç"",""Yalıtkanlık"",""Sıfır dirençle iletim"",""Isınma""]",,"[""High resistance"",""Insulation"",""Conduction with zero resistance"",""Heating up""]",,0.940,,isaretli_kaldi
9edaa9f4-16fd-4559-ac92-a32d50ca4c99,9,,cografya,2,1,"[""Baraj yapımı"",""Aşırı otlatma ve ormansızlaşma"",""Şehirleşme"",""Ulaşım""]",,"[""Dam building"",""Overgrazing and deforestation"",""Urbanisation"",""Transport""]",,0.970,,isaretli_kaldi
98c4d5f9-bfb5-4e3e-bc77-ce4ea471e874,9,,teknoloji,2,1,"[""İnternet"",""Elektrik kesildiğinde geçici besleme"",""Kalıcı elektrik üretimi"",""Soğutma""]",,"[""Internet"",""Temporary power when the mains fails"",""Permanent electricity generation"",""Cooling""]",,0.870,,isaretli_kaldi
33f4ef63-0c16-4b51-94ef-0211501df118,9,,bilim,2,3,"[""Nüfus azalması"",""İklim soğuması"",""Ormanların artması"",""Habitat kaybı""]",,"[""Falling population"",""A cooling climate"",""More forests"",""Habitat loss""]",,0.960,,isaretli_kaldi
58dcbc2f-b5d2-4d90-8122-09bcc2fbbd7e,9,,cografya,2,3,"[""Faylar depremi engeller"",""İlgisizdirler"",""Faylar yalnız volkan yapar"",""Depremler genelde faylarda olur""]",,"[""Faults prevent earthquakes"",""They are unrelated"",""Faults only cause volcanoes"",""Earthquakes generally occur along faults""]",,1.000,,isaretli_kaldi
15c77a4e-7fa6-4f36-b18f-9523185a41b3,9,20260612001005_sik_ipucu_duzeltme_parti_9,teknoloji,2,3,"[""İşlemci saatlerinin çok yavaşlaması"",""Saat dilimlerinin birbirine karışması"",""Bellek kartlarının hızla eskimesi"",""Yılın iki haneyle kaydedilmesi""]","[""Tarihlerin ay ve gün sırasıyla yazılması"",""Saat dilimlerinin birbirine karışması"",""Gün sayacının sınırına ulaşması"",""Yılın iki haneyle kaydedilmesi""]","[""Processor clocks running too slowly"",""Time zones getting mixed together"",""Memory cards wearing out quickly"",""Years stored with two digits""]","[""Dates being written in month-day order"",""Time zones getting mixed together"",""Day counter reaching its limit"",""Years stored with two digits""]",0.910,0.210,duzeltildi
101dcf9d-d583-41e2-af45-694dadb88d54,9,20260612001005_sik_ipucu_duzeltme_parti_9,bilim,3,0,"[""Doğal frekansta zorlama olunca"",""Ortam sıcaklığı yükselince"",""Dış basınç iyice düşünce"",""Toplam kütle çoğalınca""]","[""Doğal frekansta zorlama olunca"",""İki dalga zıt fazda birleşince"",""Titreşim genliği sürekli azalınca"",""Sistemin sönümü sıfıra inince""]","[""When forcing occurs at the natural frequency"",""When the temperature rises"",""When the pressure drops"",""When the mass increases""]","[""When forcing occurs at the natural frequency"",""When two waves combine in opposite phase"",""When vibration amplitude keeps decreasing"",""When the system's damping drops to zero""]",0.950,0.640,duzeltildi
ba86bb06-52d0-407f-a4de-63e80c0e7e24,9,,cografya,3,0,"[""Yöreyi tanıtıp ziyaretçi çekmesi"",""Fiyatı düşürmesi"",""Üretimi azaltması"",""İhracatı engellemesi""]",,"[""They publicise the area and draw visitors"",""They lower prices"",""They reduce production"",""They hinder exports""]",,0.930,,isaretli_kaldi
b495af6b-33f5-4370-bce3-4623370de477,9,,teknoloji,3,1,"[""O satırdaki mayın sayısını"",""Komşu karelerdeki mayın sayısını"",""Oyuncunun kalan hak sayısını"",""Karenin açılma sırasını""]",,"[""The number of mines in that row"",""The number of mines in adjacent squares"",""The number of lives the player has left"",""The order in which the square was opened""]",,0.950,,isaretli_kaldi
a49aeae1-3508-456c-ac02-6f463f85be17,9,,bilim,3,1,"[""Tuz azalması"",""Aşırı besin ve yosunlaşma"",""Derinlik artışı"",""Sıcaklık düşüşü""]",,"[""A fall in salinity"",""Excess nutrients and algal growth"",""An increase in depth"",""A drop in temperature""]",,0.890,,isaretli_kaldi
a893807c-821a-48ae-895f-29fc831ad14e,9,20260612001005_sik_ipucu_duzeltme_parti_9,cografya,2,3,"[""Karpatlar"",""Pireneler"",""Apeninler"",""Alpler""]","[""Karpatlar"",""Dinarik Alpler"",""Apeninler"",""Alpler""]","[""The Carpathians"",""The Pyrenees"",""The Apennines"",""The Alps""]","[""The Carpathians"",""The Dinaric Alps"",""The Apennines"",""The Alps""]",0.870,0.700,duzeltildi
746dfce9-54f3-4900-a9c1-86472844e3ee,9,,teknoloji,2,2,"[""Veri saklar"",""Ekran görüntüsü alır"",""Ağlar arasında veri paketi yönlendirir"",""Yazıcıyı sürer""]",,"[""Stores data"",""Takes screenshots"",""Forwards data packets between networks"",""Drives the printer""]",,0.930,,isaretli_kaldi
1e66253a-6413-4e80-ba1d-c02d5ddbc38f,9,20260612001005_sik_ipucu_duzeltme_parti_9,bilim,2,0,"[""Çeşitliliğe kaynak sağlamak"",""Çeşitliliği azaltmak"",""Üremeyi durdurmak"",""Beslenmeyi sağlamak""]","[""Çeşitliliğe kaynak sağlamak"",""Çevreye uyumu sabitlemek"",""Genetik bilgiyi aktarmak"",""Popülasyonu bölmek""]","[""Providing a source of variation"",""Reducing variation"",""Stopping reproduction"",""Providing nutrition""]","[""Providing a source of variation"",""Fixing adaptation to the environment"",""Transmitting genetic information"",""Splitting the population""]",0.940,0.720,duzeltildi
bd714100-eac2-40ac-8675-e1651d0e9675,9,,cografya,3,2,"[""Verimi düşürmek"",""Üretimi durdurmak"",""Tür çeşitliliğini gelecek için saklamak"",""İhracatı azaltmak""]",,"[""Lowering yields"",""Halting production"",""Keeping species diversity for the future"",""Reducing exports""]",,0.980,,isaretli_kaldi
5e6de39a-20ce-465e-be17-7775bd805e58,9,,teknoloji,3,3,"[""Pil ömrünün artışını"",""Ekran boyutunu"",""İnternet hızını"",""Transistör sayısının katlanmasını""]",,"[""Increasing battery life"",""Screen size"",""Internet speed"",""The doubling of transistor counts""]",,0.970,,isaretli_kaldi
3d4f0238-aa31-4b19-8c72-6ba6c5c352b1,9,,bilim,1,0,"[""Bağışıklık belleği oluşturmak"",""Mikrobu doğrudan öldürmek"",""Ateşi düşürmek"",""Ağrı kesmek""]",,"[""By building immune memory"",""By killing the germ directly"",""By reducing fever"",""By relieving pain""]",,0.800,,isaretli_kaldi
348db667-3b01-482b-8300-e809bee532cc,9,,cografya,2,0,"[""Plansız hızlı göç"",""Bol konut"",""Az nüfus"",""Yüksek gelir""]",,"[""Unplanned rapid migration"",""Plentiful housing"",""A small population"",""High income""]",,0.910,,isaretli_kaldi
d3659cdc-656f-49d1-8f1a-002abb628997,9,20260612001005_sik_ipucu_duzeltme_parti_9,teknoloji,3,2,"[""Yedeği hızlandırmak"",""Boyut küçültmek"",""Yedek çalınırsa veriyi korumak"",""Renk vermek""]","[""Yedek alma süresini kısaltmak"",""Yedeğin depolama maliyetini düşürmek"",""Yedek çalınırsa veriyi korumak"",""Yedekten geri yüklemeyi kolaylaştırmak""]","[""To speed up the backup"",""To reduce the size"",""To protect the data if the backup is stolen"",""To add colour""]","[""To shorten the backup time"",""To lower the storage cost of the backup"",""To protect the data if the backup is stolen"",""To make restoring from the backup easier""]",0.950,0.450,duzeltildi
249bbf50-802f-4b6b-9fad-8a6c859b0f03,9,,bilim,2,2,"[""Süre kısaltır"",""Enerji üretir"",""Gereken kuvveti azaltır"",""Kütleyi azaltır""]",,"[""It shortens the time"",""It produces energy"",""It reduces the force needed"",""It reduces the mass""]",,0.960,,isaretli_kaldi
0204b92e-9d90-44e1-b034-9d61d64a14bd,9,,cografya,3,2,"[""Sığ ve kumlu düz kıyı"",""Dalgalı açık deniz kıyısı"",""Doğal korunaklı ve derin koy"",""Bataklık ve delta ağzı""]",,"[""A shallow shore"",""Rough open sea"",""A naturally sheltered, deep bay"",""A marsh""]",,0.960,,isaretli_kaldi
6a26d3b0-4874-4b61-902a-f7b5c352cfbf,9,20260612001005_sik_ipucu_duzeltme_parti_9,teknoloji,3,3,"[""Ekran büyütme"",""Ses iyileştirme"",""Kablo azaltma"",""Tek donanımda çok sistem çalıştırma""]","[""Verileri otomatik yedekleme"",""Ağ hızını iki katına çıkarma"",""Disk alanını sıkıştırma"",""Tek donanımda çok sistem çalıştırma""]","[""A bigger screen"",""Better sound"",""Fewer cables"",""Running many systems on one machine""]","[""Backing up data automatically"",""Doubling network speed"",""Compressing disk space"",""Running many systems on one machine""]",0.800,0.520,duzeltildi
1a919dec-a419-4ae0-86d1-0eef81870dba,9,20260612001005_sik_ipucu_duzeltme_parti_9,bilim,3,2,"[""Yakından bakmak"",""Karanlıkta bakmak"",""20-20-20 kuralı"",""Sürekli bakmak""]","[""30-30-30 kuralı"",""10-10-10 kuralı"",""20-20-20 kuralı"",""40-20-40 kuralı""]","[""Looking from close up"",""Looking in the dark"",""The 20-20-20 rule"",""Looking constantly""]","[""The 30-30-30 rule"",""The 10-10-10 rule"",""The 20-20-20 rule"",""The 40-20-40 rule""]",0.990,0.490,duzeltildi
3888fead-7af7-401e-bdff-884b7ab5539a,9,,cografya,2,0,"[""Günlük en yüksek ve en düşük"",""Yalnız gece verisi"",""Yalnız öğlen verisi"",""Rüzgâr verisi""]",,"[""The daily high and low"",""Only night readings"",""Only midday readings"",""Wind readings""]",,0.950,,isaretli_kaldi
a2aed7c6-315e-4d61-9461-866f9eb7944d,9,20260612001005_sik_ipucu_duzeltme_parti_9,teknoloji,3,1,"[""Klavye tuşu"",""İnternette bıraktığımız veri izleri"",""Disk bölümü"",""Ekran görüntüsü""]","[""Cihazların ekranda bıraktığı parmak izleri"",""İnternette bıraktığımız veri izleri"",""Bilgisayarın açılış sürecinde kaydedilen kayıtlar"",""Kullanıcının cihaz için belirlediği giriş şifresi""]","[""A keyboard key"",""The traces of data we leave online"",""A disk partition"",""A screenshot""]","[""The fingerprints devices leave on the screen"",""The traces of data we leave online"",""The records saved during a computer's startup"",""The login password a user sets for a device""]",0.770,0.610,duzeltildi
1a26fba0-3aff-4172-ae4d-c1486d1952a9,9,20260612001005_sik_ipucu_duzeltme_parti_9,bilim,2,2,"[""Isı yayılımı"",""Işık saçılması"",""Kararsız çekirdeğin ışıma yapması"",""Elektron kaybı""]","[""Kararlı atomun elektron alması"",""Ağır çekirdeğin ikiye bölünmesi"",""Kararsız çekirdeğin ışıma yapması"",""Atomlar arası bağ kurulması""]","[""The spread of heat"",""The scattering of light"",""An unstable nucleus emitting radiation"",""The loss of an electron""]","[""A stable atom gaining an electron"",""A heavy nucleus splitting in two"",""An unstable nucleus emitting radiation"",""The forming of bonds between atoms""]",0.960,0.670,duzeltildi
d17e5ee8-c73f-4302-82d1-97bc855aeece,9,20260612001005_sik_ipucu_duzeltme_parti_9,cografya,2,2,"[""Bir okyanus akıntısı"",""Bir çöl adı"",""Kıtaların birleşik olduğu eski kara"",""Bir sıradağ""]","[""Kıtaları ayıran derin bir okyanus çukuru"",""Kuzey yarım kürede yer alan büyük bir takımada"",""Kıtaların birleşik olduğu eski kara"",""Buzul çağında oluşmuş geniş bir buz örtüsü""]","[""An ocean current"",""The name of a desert"",""The ancient landmass in which the continents were joined"",""A mountain range""]","[""A deep ocean trench separating the continents"",""A large archipelago in the northern hemisphere"",""The ancient landmass in which the continents were joined"",""A vast ice sheet formed during the Ice Age""]",0.890,0.700,duzeltildi
3d859ba7-c063-45cf-b649-cf2e3ec0ca5b,9,,teknoloji,3,1,"[""Veri sıkıştırır"",""Ağ trafiğini kurala göre süzer"",""Şifre üretir"",""Disk böler""]",,"[""Compresses data"",""Filters network traffic by rules"",""Generates passwords"",""Partitions disks""]",,0.940,,isaretli_kaldi
1f8484f1-f7d3-4680-b7ff-4fa14a9f5c4f,9,20260612001005_sik_ipucu_duzeltme_parti_9,bilim,2,1,"[""Tohum oluşumu"",""Polenin dişi organa taşınması"",""Meyve olgunlaşması"",""Kök gelişimi""]","[""Çiçeğin tohum bırakması"",""Polenin dişi organa taşınması"",""Bitkinin topraktan su emmesi"",""Yaprakların renk değiştirmesi""]","[""Seed formation"",""The transfer of pollen to the female organ"",""Fruit ripening"",""Root growth""]","[""A flower releasing its seeds"",""The transfer of pollen to the female organ"",""A plant absorbing water from the soil"",""Leaves changing color""]",0.820,0.620,duzeltildi
7d39b76b-1902-49ec-b501-9da92e5c23dd,9,20260612001005_sik_ipucu_duzeltme_parti_9,cografya,3,3,"[""Yıl boyu sabit"",""Yalnız yazın yüksek"",""Hiç değişmez"",""Yağış dönemine bağlı düzensiz""]","[""Kış boyunca donarak kesilir"",""Kar erimesine bağlı düzenli"",""Buzulların erimesine bağlı sabit"",""Yağış dönemine bağlı düzensiz""]","[""Constant all year"",""High only in summer"",""Never changing"",""Irregular, tied to the rainy season""]","[""Freezes and stops flowing all winter"",""Regular, tied to snowmelt"",""Constant, tied to glacier melt"",""Irregular, tied to the rainy season""]",0.720,0.350,duzeltildi
5a832993-c25b-4bce-b69c-ab4d919a2726,9,,teknoloji,3,2,"[""Veri sıkıştırır"",""Dosya şifreler"",""Alan adını IP adresine çevirir"",""Ses üretir""]",,"[""Compresses data"",""Encrypts files"",""Translates a domain name into an IP address"",""Produces sound""]",,0.980,,isaretli_kaldi
e508540c-7b4b-4166-947c-e5c4ad68205a,9,,bilim,2,1,"[""Hipotezin kesin olması"",""Kuramın çok kanıtla desteklenmesi"",""İkisinin aynı olması"",""Kuramın tahmin olması""]",,"[""A hypothesis is certain"",""A theory is supported by a great deal of evidence"",""They are the same"",""A theory is a guess""]",,0.950,,isaretli_kaldi
8db10c03-e22c-480a-a221-e4465bff0e57,9,,cografya,3,3,"[""Draç"",""İşkodra"",""Vlora"",""Tiran""]",,"[""Durrës"",""Shkodër"",""Vlorë"",""Tirana""]",,0.930,,isaretli_kaldi
4402f8e6-2479-4eaa-84a7-637457d9bbee,9,,teknoloji,2,3,"[""Sunucu markasını"",""Dosya türünü"",""Sayfa boyutunu"",""Adresin üst düzey grubunu""]",,"[""The server's brand"",""The file type"",""The page size"",""The address's top-level group""]",,0.890,,isaretli_kaldi
26fffc32-81b6-453a-9594-63e72f9608cf,9,20260612001005_sik_ipucu_duzeltme_parti_9,bilim,3,3,"[""Ağır olmaları"",""Renksiz olmaları"",""Nadir olmaları"",""Kararlı elektron dizilimi""]","[""Atom çekirdeklerinin çok kararsız olması"",""Yalnızca tek atomlu gaz hâlinde bulunmaları"",""Dış kabuklarında yalnızca tek elektron bulunması"",""Kararlı elektron dizilimi""]","[""They are heavy"",""They are colourless"",""They are rare"",""They have a stable electron configuration""]","[""Their atomic nuclei are highly unstable"",""They exist only as single-atom gases"",""They have only one electron in their outer shell"",""They have a stable electron configuration""]",0.960,0.740,duzeltildi
beb8eaef-6724-4368-bf16-aaf0c7e87601,9,,cografya,3,2,"[""Yangını önlemek"",""Ağacı kurutmak"",""Toprağı besleyip nemi korumak"",""Erozyonu artırmak""]",,"[""Preventing fire"",""Drying out the trees"",""Feeding the soil and holding moisture"",""Increasing erosion""]",,0.940,,isaretli_kaldi
2f99e8a5-a7fa-413b-859f-f5368599b35c,9,20260612001005_sik_ipucu_duzeltme_parti_9,teknoloji,3,3,"[""Ekranı büyütmek"",""Dosya silmek"",""Yazı yazmak"",""Şifreli bir ağ tüneli kurmak""]","[""Bilgisayarın işlemci hızını artırmak"",""Ağdaki cihazlara otomatik IP dağıtmak"",""Gelen e-postalardaki virüsleri temizlemek"",""Şifreli bir ağ tüneli kurmak""]","[""Enlarging the screen"",""Deleting files"",""Writing text"",""Setting up an encrypted network tunnel""]","[""Increasing the computer's processor speed"",""Automatically assigning IP addresses to network devices"",""Cleaning viruses from incoming emails"",""Setting up an encrypted network tunnel""]",0.860,0.110,duzeltildi
197fb2e6-9af4-4e6a-ab3e-4518c893f766,9,,bilim,3,2,"[""Amsterdam"",""Venedik"",""Königsberg"",""Kopenhag""]",,"[""Amsterdam"",""Venice"",""Königsberg"",""Copenhagen""]",,0.670,,isaretli_kaldi
d8223a64-618e-49ac-b7f6-6366798720ce,9,,cografya,3,1,"[""Nüfus kayıtları"",""Buz karotları ve tortullar"",""Yol haritaları"",""Vergi defterleri""]",,"[""Population registers"",""Ice cores and sediments"",""Road maps"",""Tax ledgers""]",,0.910,,isaretli_kaldi
716ff0a9-1769-4548-973f-792febc24cdd,9,,teknoloji,2,1,"[""Hava tahmini"",""Verilerin uzak sunucularda tutulması"",""Bulut fotoğrafı"",""Uçak seyahati""]",,"[""Weather forecasting"",""Keeping data on remote servers"",""Photographing clouds"",""Air travel""]",,0.810,,isaretli_kaldi
73727e0d-5503-42b4-be19-75e054678d85,9,,bilim,3,1,"[""Yaprağı artırmak"",""İstenen çeşidi çoğaltmak"",""Kökü kesmek"",""Ağacı kısaltmak""]",,"[""Increasing the foliage"",""Propagating a desired variety"",""Cutting the root"",""Shortening the tree""]",,0.950,,isaretli_kaldi
5f53d1f9-96e1-4c17-9e35-fcb40f6d5f52,9,,cografya,2,1,"[""Yalnız kent merkezini"",""Kent ve etkileşimdeki çevresini"",""Yalnız kırsalı"",""Yalnız sanayi bölgesini""]",,"[""The city centre only"",""The city and the surroundings it interacts with"",""The countryside only"",""The industrial zone only""]",,1.000,,isaretli_kaldi
922b77e1-d27e-4d2f-a103-74f9079346c4,9,,teknoloji,3,0,"[""Atom saatleri"",""Kuvars saatleri"",""Sarkaçlı saatler"",""Güneş saatleri""]",,"[""Atomic clocks"",""Quartz clocks"",""Pendulum clocks"",""Sundials""]",,0.950,,isaretli_kaldi
9130e09b-236e-4c99-9573-bffc5091629f,9,,bilim,2,2,"[""Tüy önce"",""Hiç düşmez"",""Aynı anda"",""Taş önce""]",,"[""The feather first"",""They do not fall"",""At the same time"",""The stone first""]",,0.690,,isaretli_kaldi
f9a6316f-bd87-4056-b7c4-b9b4786e0a7a,9,20260612001005_sik_ipucu_duzeltme_parti_9,cografya,2,0,"[""8850 metre"",""6000 metre"",""7000 metre"",""10000 metre""]","[""8850 metre"",""8420 metre"",""8610 metre"",""9150 metre""]","[""8,850 metres"",""6,000 metres"",""7,000 metres"",""10,000 metres""]","[""8,850 metres"",""8,420 metres"",""8,610 metres"",""9,150 metres""]",0.960,0.740,duzeltildi
e293113f-e907-4674-8031-5d31068240c6,9,20260612001005_sik_ipucu_duzeltme_parti_9,bilim,3,0,"[""5, 12, 13"",""4, 6, 8"",""7, 10, 13"",""6, 9, 12""]","[""5, 12, 13"",""6, 9, 11"",""7, 10, 13"",""9, 14, 16""]","[""5, 12, 13"",""4, 6, 8"",""7, 10, 13"",""6, 9, 12""]","[""5, 12, 13"",""6, 9, 11"",""7, 10, 13"",""9, 14, 16""]",0.290,0.170,duzeltildi
bc16bb2b-2d97-40bb-a9b9-d8ab38f61d0b,9,,cografya,2,2,"[""Nüfus dağılımı"",""Dil benzerliği"",""Kıyı çizgilerinin birbirine uyması"",""İklim benzerliği yalnızca""]",,"[""The distribution of population"",""Similarity of language"",""Coastlines fitting together"",""Similarity of climate alone""]",,0.970,,isaretli_kaldi
0df1d1e5-4c64-484a-8947-936d0e32e039,9,,bilim,3,2,"[""Purkinje lifleri"",""Atriyoventriküler düğüm"",""Sinoatriyal düğüm"",""His demeti""]",,"[""Purkinje fibres"",""Atrioventricular node"",""Sinoatrial node"",""Bundle of His""]",,0.910,,isaretli_kaldi
f87d9f7d-5c39-4824-8ea3-8490b3003722,9,20260612001005_sik_ipucu_duzeltme_parti_9,cografya,2,2,"[""Kültürün yok olması"",""Nüfusun artması"",""Kültür öğelerinin başka alanlara geçmesi"",""İklimin değişmesi""]","[""Kültür öğelerinin tek bölgede kalması"",""Kültür öğelerinin yeniden üretilmesi"",""Kültür öğelerinin başka alanlara geçmesi"",""Kültür öğelerinin yasalarla korunması""]","[""A culture dying out"",""The population rising"",""Cultural elements passing into other areas"",""The climate changing""]","[""Cultural elements staying in one region"",""Cultural elements being reproduced anew"",""Cultural elements passing into other areas"",""Cultural elements being protected by laws""]",0.780,0.380,duzeltildi
f656c283-45d9-4bb7-ab33-15c72f63b04e,9,20260612001005_sik_ipucu_duzeltme_parti_9,bilim,2,1,"[""Hiç bölünmemesi"",""Farklı hücrelere dönüşebilmesi"",""Ölü olması"",""Çekirdeksiz olması""]","[""Yalnızca sinir dokusunda bulunması"",""Farklı hücrelere dönüşebilmesi"",""Yalnızca bir kez bölünebilmesi"",""Hücre zarının bulunmaması""]","[""It never divides"",""It can turn into different cells"",""It is dead"",""It has no nucleus""]","[""It is found only in nerve tissue"",""It can turn into different cells"",""It can divide only once"",""It has no cell membrane""]",0.860,0.730,duzeltildi
b439870b-6f3d-41f1-b6ba-f680ce14a477,9,20260612001005_sik_ipucu_duzeltme_parti_9,cografya,2,3,"[""İklim yalnızca"",""Manzara"",""Dil"",""Hammadde ve ulaşım""]","[""Yalnızca yerel festivaller ve etkinlikler"",""Bölgenin turistik çekiciliği"",""Çevredeki tarihî yapıların sayısı"",""Hammadde ve ulaşım""]","[""Climate alone"",""The view"",""The language"",""Raw materials and transport""]","[""Only local festivals and events"",""The region's tourist appeal"",""The number of historic buildings nearby"",""Raw materials and transport""]",0.830,0.560,duzeltildi
774f5e28-8aea-4101-b06d-889e272c1f9f,9,20260612001005_sik_ipucu_duzeltme_parti_9,bilim,1,2,"[""Mikropları öldürmek doğrudan"",""Ağrıyı kesmek"",""Bağışıklığı önceden uyarmak"",""Ateşi düşürmek""]","[""Vücuttaki mikropları doğrudan yok etmek"",""Ağrı sinyallerini baskılamak"",""Bağışıklığı önceden uyarmak"",""Vücut ısısını düzenlemek""]","[""Killing germs directly"",""Relieving pain"",""Priming the immune system in advance"",""Reducing fever""]","[""Destroying germs in the body directly"",""Suppressing pain signals"",""Priming the immune system in advance"",""Regulating body temperature""]",0.790,0.730,duzeltildi
917b70ed-43e3-41ce-bdf4-38935f825715,9,,cografya,2,1,"[""Nüfusun etkisini"",""Coğrafyanın uygarlığa etkisini"",""Dilin etkisini"",""Dinin etkisini""]",,"[""The effect of population"",""The effect of geography on civilisation"",""The effect of language"",""The effect of religion""]",,0.850,,isaretli_kaldi
9c936245-c809-4172-afd3-3a311f41b07b,9,20260612001005_sik_ipucu_duzeltme_parti_9,bilim,2,0,"[""-273"",""-300"",""-200"",""-100""]","[""-273"",""-269"",""-253"",""-283""]","[""-273"",""-300"",""-200"",""-100""]","[""-273"",""-269"",""-253"",""-283""]",0.990,0.440,duzeltildi
270cd3c9-73f4-41d6-a817-32c43c9c3eb2,9,20260612001005_sik_ipucu_duzeltme_parti_9,cografya,3,2,"[""Ticaret yapmak"",""Turizm için"",""Çatışmayı önlemek için ayırıcı alan"",""Tarım için""]","[""Gümrük vergisini azaltmak için serbest alan"",""Nüfus yoğunluğunu artırmak için yerleşim alanı"",""Çatışmayı önlemek için ayırıcı alan"",""Sanayi tesislerini toplamak için üretim alanı""]","[""For trade"",""For tourism"",""As a separating area to prevent conflict"",""For farming""]","[""A free area to reduce customs duties"",""A residential area to increase population density"",""As a separating area to prevent conflict"",""A production area to gather industrial facilities""]",0.930,0.510,duzeltildi
7411408c-5396-4402-8edd-7615a1b8c24f,9,,bilim,2,0,"[""Dairesel harekette merkeze çekmeyi"",""Doğrusal hızlanmayı"",""Durmayı"",""Dönmeyi engellemeyi""]",,"[""Pulls towards the centre in circular motion"",""Produces linear acceleration"",""Brings things to a stop"",""Prevents rotation""]",,0.840,,isaretli_kaldi
5f688b73-856c-4c49-86fd-244c94ea4b52,9,,cografya,2,0,"[""Güneşe bakan yamaç daha sıcaktır"",""Kuzey yamaç daha sıcaktır"",""Etkisi yoktur"",""Yalnız yağışı etkiler""]",,"[""The sun-facing slope is warmer"",""The north-facing slope is warmer"",""It has no effect"",""It only affects rainfall""]",,0.990,,isaretli_kaldi
57e8ba48-6b6b-4a25-8c79-3cbdf56a2bd1,9,20260612001005_sik_ipucu_duzeltme_parti_9,bilim,2,2,"[""Renk farkına"",""Kütle farkına"",""Kaynama noktası farkına"",""Sertlik farkına""]","[""Erime noktası farkına"",""Yoğunluk farkına"",""Kaynama noktası farkına"",""Çözünürlük farkına""]","[""A difference in colour"",""A difference in mass"",""A difference in boiling point"",""A difference in hardness""]","[""A difference in melting point"",""A difference in density"",""A difference in boiling point"",""A difference in solubility""]",0.800,0.510,duzeltildi
0a739a91-9ad4-438e-add6-c9f3b753eb4a,9,20260612001005_sik_ipucu_duzeltme_parti_9,cografya,2,3,"[""Kentteki nüfus yoğunluğunu"",""Kesilen trafik cezasını"",""Yalnızca yağış miktarını"",""Kirletici madde derişimlerini""]","[""Kentteki bina yüksekliklerini ölçmeyi"",""Kentteki toplu taşıma yolcu sayısını"",""Kentteki yeşil alan oranını"",""Kirletici madde derişimlerini""]","[""The population"",""Traffic fines"",""Only rainfall"",""The concentration of pollutants""]","[""The heights of buildings"",""The number of public transport passengers"",""The proportion of green space"",""The concentration of pollutants""]",0.860,0.720,duzeltildi
83ab60e6-99eb-434e-8f8d-d5f19d7bce4c,9,,bilim,3,0,"[""Hava yolu, solunum, dolaşım"",""Ateş, basınç, ciğer"",""Ağrı, baş, ciğer"",""Alt, bel, cilt""]",,"[""Airway, breathing, circulation"",""Fire, pressure, lung"",""Pain, head, lung"",""Lower, waist, skin""]",,0.880,,isaretli_kaldi
0325ecc8-dced-4940-abe4-64dacc37c09e,9,20260612001005_sik_ipucu_duzeltme_parti_9,cografya,3,1,"[""Oral"",""Almatı"",""Aktau"",""Şımkent""]","[""Karaganda"",""Almatı"",""Astana"",""Şımkent""]","[""Oral"",""Almaty"",""Aktau"",""Shymkent""]","[""Karaganda"",""Almaty"",""Astana"",""Shymkent""]",0.860,0.230,duzeltildi
be027b06-88fd-4f96-a802-20169d7d2b19,9,,bilim,1,2,"[""Yalnız yağışı"",""Yalnız buharlaşmayı"",""Buharlaşma yoğuşma ve yağışı"",""Yalnız akışı""]",,"[""Precipitation only"",""Evaporation only"",""Evaporation, condensation and precipitation"",""Runoff only""]",,0.990,,isaretli_kaldi
6fbd2ce7-0a6b-4e6e-881d-a705a0f0b371,9,,cografya,3,0,"[""Dünya mirası listesinde olması"",""Yeni yapılmış olması"",""Ahşap olması"",""Yıkılmış olması""]",,"[""They are on the World Heritage List"",""They were recently built"",""They are wooden"",""They have been demolished""]",,0.870,,isaretli_kaldi
726a8472-99b5-4d2e-a772-adfc0396d5a6,9,,bilim,2,1,"[""Buharlaşmanın hızlı olması"",""Kaynamanın belirli sıcaklıkta olması"",""İkisinin aynı olması"",""Kaynamanın yüzeyde olması""]",,"[""Evaporation is faster"",""Boiling happens at a specific temperature"",""They are the same"",""Boiling happens at the surface""]",,0.870,,isaretli_kaldi
8aa50365-4981-47f6-a013-b1209748083b,9,,cografya,3,0,"[""Tekerlek-ray sürtünmesinin azlığı"",""Estetik kaygı"",""Hız sınırı"",""Maliyet düşüklüğü""]",,"[""Because there is little friction between wheel and rail"",""Aesthetic concerns"",""The speed limit"",""Low cost""]",,0.890,,isaretli_kaldi
37e18d95-5a5a-4b8b-9091-3ec8b47d55d2,9,20260612001005_sik_ipucu_duzeltme_parti_9,bilim,1,1,"[""Karına"",""Göğüs kemiğinin ortasına"",""Sırta"",""Boyna""]","[""Kaburgaların alt kenarına"",""Göğüs kemiğinin ortasına"",""Sol köprücük kemiğinin altına"",""Göğsün sol yanına, koltuk altına yakın""]","[""The abdomen"",""The centre of the breastbone"",""The back"",""The neck""]","[""The lower edge of the ribcage"",""The centre of the breastbone"",""Just below the left collarbone"",""The left side of the chest, near the armpit""]",0.830,0.260,duzeltildi
1fb65cc8-4889-476a-b873-1384eb58ba95,9,,cografya,3,0,"[""Kişi başına düşen suyun azlığını"",""Yağışın fazlalığını"",""Baraj sayısını"",""Nehir uzunluğunu""]",,"[""A shortage of water per person"",""Excess rainfall"",""The number of dams"",""The length of rivers""]",,0.880,,isaretli_kaldi
c6572a6d-aca0-4976-ac9d-f7bb40c87c5d,9,20260612001005_sik_ipucu_duzeltme_parti_9,bilim,2,1,"[""Yalnız gaz"",""Tuz ve su"",""Yalnız asit"",""Yalnız baz""]","[""Hidrojen ve oksijen"",""Tuz ve su"",""Asit ve metal"",""Baz ve karbondioksit""]","[""Gas only"",""Salt and water"",""Acid only"",""Base only""]","[""Hydrogen and oxygen"",""Salt and water"",""Acid and metal"",""Base and carbon dioxide""]",0.970,0.490,duzeltildi
a24674e8-5037-40d8-9b0c-42c1c33b80e4,9,20260612001005_sik_ipucu_duzeltme_parti_9,cografya,2,1,"[""Çöl alanlarıyla"",""Binlerce göle sahip olması"",""Volkanlarıyla"",""Yüksek dağlarıyla""]","[""Geniş mercan resifleriyle"",""Binlerce göle sahip olması"",""Büyük tropik yağmur ormanlarıyla"",""Uçsuz bucaksız bozkırlarıyla""]","[""Its deserts"",""Having thousands of lakes"",""Its volcanoes"",""Its high mountains""]","[""Its vast coral reefs"",""Having thousands of lakes"",""Its large tropical rainforests"",""Its endless steppes""]",0.850,0.590,duzeltildi
6bfa0b00-fc61-458a-aac6-b7ef8a285a04,9,,bilim,2,2,"[""Kuvvet varsa"",""Cisim dururken"",""Kuvvet yönünde yer değiştirme olunca"",""Isı artınca""]",,"[""If there is a force"",""While the object is at rest"",""When there is displacement along the force"",""When the heat rises""]",,0.980,,isaretli_kaldi
e0b516b8-6f7c-4aba-91e1-0dcedfacf761,9,,cografya,3,2,"[""Bina rengini"",""İklimi"",""Altyapı ve trafik yükünü belirlemesi"",""Toprak türünü""]",,"[""The colour of buildings"",""The climate"",""Determining the load on infrastructure and traffic"",""The soil type""]",,0.720,,isaretli_kaldi
dc21e0bb-b2ec-4498-8b09-2b73d3b07035,9,,bilim,1,0,"[""Öne eğilip burun kanadını sıkmak"",""Başı geriye atmak"",""Sırtüstü yatmak"",""Su içmek""]",,"[""Lean forward and pinch the soft part of the nose"",""Tip the head back"",""Lie on your back"",""Drink water""]",,1.000,,isaretli_kaldi
71513d2f-3e9d-48ab-9ab4-9d57a5a45527,9,,cografya,2,0,"[""Depreme dayanıklı yapı"",""Yüksek bina yapmak"",""Zemini kazmak"",""Yol genişletmek""]",,"[""Earthquake-resistant construction"",""Building high"",""Digging out the ground"",""Widening the roads""]",,0.950,,isaretli_kaldi
7525a8fc-47b8-4fa7-8808-31611e1c9335,9,20260612001005_sik_ipucu_duzeltme_parti_9,bilim,3,1,"[""Dalga durur"",""Dalgalar üst üste binerek etkileşir"",""Dalga kaybolur"",""Dalga yön değiştirir""]","[""Dalgalar birbirinden yansıyarak geri döner"",""Dalgalar üst üste binerek etkileşir"",""Dalgalar ortam değiştirip hız kazanır"",""Dalgalar engelin kenarında kırılarak yayılır""]","[""The wave stops"",""Waves superpose and interact"",""The wave disappears"",""The wave changes direction""]","[""Waves reflect off each other and return"",""Waves superpose and interact"",""Waves enter a new medium and gain speed"",""Waves bend around an obstacle's edge and spread""]",0.930,0.330,duzeltildi
fe384c1b-9cfc-4eb2-9c7e-9397ba630066,9,,cografya,2,2,"[""Yüksek rakım"",""Ormanlık olması"",""Ulaşım yollarının kesişmesi"",""Soğuk iklim""]",,"[""High altitude"",""Being wooded"",""Transport routes crossing there"",""A cold climate""]",,0.930,,isaretli_kaldi
42fc3d67-41e8-491b-9e9b-a4f7718f6d70,9,,bilim,3,3,"[""Batlamyus"",""Pisagor"",""Aristo"",""Eratosthenes""]",,"[""Ptolemy"",""Pythagoras"",""Aristotle"",""Eratosthenes""]",,0.840,,isaretli_kaldi
96d9a788-663e-412d-9406-4b0849823362,9,,cografya,2,2,"[""Konya"",""Kayseri"",""Ankara"",""Sivas""]",,"[""Konya"",""Kayseri"",""Ankara"",""Sivas""]",,0.800,,isaretli_kaldi
b51ecae3-da35-4d80-bf3e-18390107f118,9,20260612001005_sik_ipucu_duzeltme_parti_9,bilim,2,0,"[""Proton ve nötron"",""Elektron ve nötron"",""Proton ve elektron"",""Sadece proton""]","[""Proton ve nötron"",""Elektron ve nötron"",""Proton ve elektron"",""Elektron ve pozitron""]","[""Protons and neutrons"",""Electrons and neutrons"",""Protons and electrons"",""Protons only""]","[""Protons and neutrons"",""Electrons and neutrons"",""Protons and electrons"",""Electrons and positrons""]",0.920,0.620,duzeltildi
57ec3851-0e6c-460f-a0dd-e17aa5fd92b8,9,20260612001005_sik_ipucu_duzeltme_parti_9,cografya,3,2,"[""Kurak düzlüklerde"",""Çöllerde"",""Su ve arazinin bol olduğu engebede"",""Kutuplarda""]","[""Su kaynaklarının kıt olduğu ova tabanında"",""Verimli arazinin dar olduğu vadi içinde"",""Su ve arazinin bol olduğu engebede"",""Ulaşım yollarının kesiştiği düzlükte""]","[""On arid plains"",""In deserts"",""On broken ground with plenty of water and land"",""At the poles""]","[""On a plain floor where water sources are scarce"",""Inside a valley where fertile land is limited"",""On broken ground with plenty of water and land"",""On flatland where transport routes intersect""]",0.900,0.120,duzeltildi
c7471777-bcd1-4e41-9a6a-c630e9e5f4de,9,20260612001005_sik_ipucu_duzeltme_parti_9,bilim,2,0,"[""Işığı elektriğe"",""Isıyı harekete"",""Sesi ışığa"",""Rüzgârı ısıya""]","[""Işığı elektriğe"",""Isıyı elektriğe"",""Sesi elektriğe"",""Rüzgârı elektriğe""]","[""Light into electricity"",""Heat into motion"",""Sound into light"",""Wind into heat""]","[""Light into electricity"",""Heat into electricity"",""Sound into electricity"",""Wind into electricity""]",0.910,0.330,duzeltildi
b788647e-bbb2-48b0-ace0-8ebadb9fa35e,9,20260612001005_sik_ipucu_duzeltme_parti_9,cografya,3,0,"[""Mezopotamya ve çevresi"",""Nil deltası yalnızca"",""İndus vadisi"",""Sarı Irmak havzası""]","[""Mezopotamya ve çevresi"",""Anadolu platosu ve çevresi"",""Hint Yarımadası ve çevresi"",""Orta Asya bozkırları ve çevresi""]","[""Mesopotamia and its surroundings"",""The Nile delta only"",""The Indus valley"",""The Yellow River basin""]","[""Mesopotamia and its surroundings"",""The Anatolian plateau and its surroundings"",""The Indian subcontinent and its surroundings"",""The Central Asian steppes and their surroundings""]",0.610,0.590,duzeltildi
3510be1d-2e52-4d7b-823c-a4233efa467d,9,,bilim,2,1,"[""Isıttığı için"",""Hücre ve DNA'ya zarar verdiği için"",""Ses çıkardığı için"",""Ağır olduğu için""]",,"[""Because it heats"",""Because it damages cells and DNA"",""Because it makes noise"",""Because it is heavy""]",,0.920,,isaretli_kaldi
ba2aa038-b5cb-4295-bd2a-c684abe2c64a,9,20260612001005_sik_ipucu_duzeltme_parti_9,cografya,3,3,"[""Küçük kasaba"",""Köy yerleşimi"",""Sanayi sitesi"",""Geniş etki alanı olan büyük kent""]","[""Çevresine hizmet veren orta ölçekli ilçe merkezi"",""Yalnızca ticaret yapılan liman kenti"",""Nüfusu azalan eski tarım kasabası"",""Geniş etki alanı olan büyük kent""]","[""A small town"",""A village settlement"",""An industrial estate"",""A large city with a wide sphere of influence""]","[""A mid-sized district center serving its surroundings"",""A port town used only for trade"",""An old farming town with a declining population"",""A large city with a wide sphere of influence""]",0.900,0.620,duzeltildi
95164a6b-0aab-4083-aeb4-768d4191c0c9,9,,bilim,2,2,"[""Yakıt için"",""Hız için"",""Yolcuların rahat solunumu için"",""Ses için""]",,"[""For the fuel"",""For speed"",""So passengers can breathe comfortably"",""For sound""]",,0.850,,isaretli_kaldi
a3bb3c4e-9161-43f8-8713-694e8c248385,9,,cografya,3,0,"[""Eğimli arazide erozyonu azaltmak"",""Yol açmak"",""Sulama yapmak"",""Gübre vermek""]",,"[""Reducing erosion on sloping land"",""Building a road"",""Irrigating"",""Fertilising""]",,0.880,,isaretli_kaldi
0803b55a-8fa8-4719-92d6-ea068f42ab93,9,20260612001005_sik_ipucu_duzeltme_parti_9,bilim,2,1,"[""Maddenin rengine"",""Sıcaklığa ve basınca"",""Tanenin şekline"",""Toplam kütleye""]","[""Işık şiddetine ve rengine"",""Sıcaklığa ve basınca"",""Kabın hacmine ve şekline"",""Havadaki nem oranına""]","[""Colour"",""Temperature"",""Shape"",""Mass""]","[""Light intensity"",""Temperature"",""Container volume"",""Air humidity""]",0.860,0.670,duzeltildi
003e2733-e66c-4c32-96ed-f43b8373028f,9,,cografya,3,2,"[""Yalnız kutup buzullarını"",""Yalnız Akdeniz havzasını"",""Küresel iklim düzenini"",""Yalnız okyanus akıntılarını""]",,"[""Only the polar ice"",""Only the Mediterranean basin"",""The global climate system"",""Only ocean currents""]",,0.990,,isaretli_kaldi
7a0b7c56-5741-411a-844d-fb8da1485f35,9,20260612001005_sik_ipucu_duzeltme_parti_9,bilim,3,3,"[""24000"",""12000"",""1600"",""5730""]","[""8300"",""11460"",""1600"",""5730""]","[""24000"",""12000"",""1600"",""5730""]","[""8300"",""11460"",""1600"",""5730""]",0.960,0.220,duzeltildi
bfbdf796-83ea-44ce-8ddf-37a990b07814,9,,cografya,2,3,"[""Cebu"",""Davao"",""Quezon"",""Manila""]",,"[""Cebu"",""Davao"",""Quezon"",""Manila""]",,0.840,,isaretli_kaldi
1000ab93-b4dc-487d-8c1b-70cc2aa11345,10,,bilim,1,1,"[""Tam karanlık zorunluluğu"",""Uygun sıcaklık ve nem"",""Tuzlu ortam koşulu"",""Donmuş toprak yapısı""]",,"[""Darkness is essential"",""Suitable temperature and moisture"",""A salty medium"",""Frozen soil""]",,0.990,,isaretli_kaldi
fbab201a-99ea-4893-8d0c-f7487f156af7,10,,cografya,2,2,"[""Nüfus fazlalığına"",""Yüzölçümüne"",""Konum, altyapı ve ulaşım ağına"",""İklimine""]",,"[""A large population"",""Its area"",""Location, infrastructure and transport networks"",""Its climate""]",,0.780,,isaretli_kaldi
91c79446-6a7b-4ab9-91f7-5949141cbf31,10,,bilim,2,2,"[""Tüketilir"",""Ürün olur"",""Hızı değiştirir ama tükenmez"",""Isıyı emer""]",,"[""It is consumed"",""It becomes the product"",""It changes the rate but is not used up"",""It absorbs heat""]",,0.840,,isaretli_kaldi
98d625c2-6fce-4e84-97fe-2a067c6adc90,10,20260612001006_sik_ipucu_duzeltme_parti_10,cografya,3,1,"[""Yükselen hava"",""Alçalıcı hava ve yüksek basınç"",""Bol yağış"",""Soğuk akıntı yokluğu""]","[""Yükselen sıcak hava ve alçak basınç"",""Alçalıcı hava ve yüksek basınç"",""Yoğun nem taşıyan muson rüzgârları"",""Güçlü okyanus akıntıları ve bulutluluk""]","[""Rising air"",""Subsiding air and high pressure"",""Abundant rainfall"",""The absence of cold currents""]","[""Rising warm air and low pressure"",""Subsiding air and high pressure"",""Moisture-laden monsoon winds"",""Strong ocean currents and heavy cloud cover""]",0.710,0.410,duzeltildi
30b36388-e58a-400d-a45e-c1fd6d03bfe8,10,20260612001006_sik_ipucu_duzeltme_parti_10,bilim,2,3,"[""Enerji üretir"",""Sindirim yapar"",""Kemik yapar"",""Yabancı maddeyi tanıyıp etkisizleştirir""]","[""Oksijeni dokulara taşır"",""Kanın pıhtılaşmasını sağlar"",""Hormon salgılayıp büyümeyi düzenler"",""Yabancı maddeyi tanıyıp etkisizleştirir""]","[""Produces energy"",""Digests"",""Builds bone"",""Recognises and neutralises a foreign substance""]","[""Carries oxygen to tissues"",""Makes the blood clot"",""Secretes hormones to regulate growth"",""Recognises and neutralises a foreign substance""]",0.960,0.350,duzeltildi
f9b6b318-b508-456b-af89-cbf55874a45f,10,,cografya,3,2,"[""Tür çeşitliliğinin azlığı"",""Buzullarla kaplı olması"",""Endemik tür oranının yüksekliği"",""Çöl olması""]",,"[""Its low species diversity"",""Being covered in glaciers"",""Its high proportion of endemic species"",""Being a desert""]",,0.840,,isaretli_kaldi
686ef3ec-dbdb-4d7c-8a15-bc56363c0fcf,10,,bilim,2,0,"[""Tek dalga boylu ve yönlü ışık"",""Renksizlik"",""Isı yokluğu"",""Dağınık ışık""]",,"[""Light of one wavelength and one direction"",""Colourlessness"",""An absence of heat"",""Scattered light""]",,0.960,,isaretli_kaldi
e4b4211d-515f-4a48-98eb-bbc8d3bbc62f,10,,cografya,2,0,"[""Su ve verimli toprak"",""Savunma kolaylığı yalnızca"",""Maden varlığı"",""Serin iklim""]",,"[""Water and fertile soil"",""Ease of defence alone"",""Mineral deposits"",""A cool climate""]",,0.920,,isaretli_kaldi
887b0c1b-a448-4187-9eb6-b1ae0fb26993,10,,bilim,2,1,"[""Sadece ışığa"",""Sıcaklık ve pH'a"",""Sadece basınca"",""Sadece renge""]",,"[""Light only"",""Temperature and pH"",""Pressure only"",""Colour only""]",,0.990,,isaretli_kaldi
69eba6b4-c3a3-468f-8f75-a63f03744609,10,,cografya,3,2,"[""Çöl iklimi"",""Buzulsuzluk"",""Volkanik ve jeotermal etkinlik"",""Deprem olmaması""]",,"[""A desert climate"",""Having no glaciers"",""Volcanic and geothermal activity"",""Having no earthquakes""]",,0.770,,isaretli_kaldi
8378ac91-fe3f-48d5-a069-81f4e97dcb2e,10,20260612001006_sik_ipucu_duzeltme_parti_10,bilim,1,0,"[""Kalıtım bilgisini taşımak"",""Madde depolamak"",""Enerji üretmek"",""Hareket sağlamak""]","[""Kalıtım bilgisini taşımak"",""Proteinleri sentezlemek"",""Hücreyi dış etkenlerden korumak"",""Atıkları parçalamak""]","[""Carrying the hereditary information"",""Storing substances"",""Producing energy"",""Providing movement""]","[""Carrying the hereditary information"",""Synthesizing proteins"",""Protecting the cell from external factors"",""Breaking down waste""]",0.780,0.590,duzeltildi
46b91a41-4402-4fb4-b5a4-f566cc5eeb3c,10,,cografya,2,2,"[""Alçak basınçtan yükseğe"",""Kuzeyden güneye hep"",""Yüksek basınçtan alçak basınca"",""Doğudan batıya hep""]",,"[""From low pressure to high"",""Always from north to south"",""From high pressure to low pressure"",""Always from east to west""]",,0.940,,isaretli_kaldi
a6601d15-276d-48b7-95e6-615403aeb827,10,,bilim,2,0,"[""İki çekinik alel bir aradayken"",""Tek alelde"",""Her zaman"",""Hiç""]",,"[""When two recessive alleles are together"",""With a single allele"",""Always"",""Never""]",,0.910,,isaretli_kaldi
175acbaa-815c-4ed3-b8c1-267bff8c5ea9,10,,cografya,2,1,"[""Kâğıt türü"",""Başlık, ölçek ve lejant"",""Basım yeri"",""Yazı tipi""]",,"[""The type of paper"",""The title, scale and legend"",""The place of printing"",""The typeface""]",,0.970,,isaretli_kaldi
5c388bd8-912d-40af-8c64-85ef042a1109,10,20260612001006_sik_ipucu_duzeltme_parti_10,bilim,3,1,"[""İki ametal"",""Zıt yüklü iyonlar"",""İki metal"",""Nötr atomlar""]","[""İki ametal atomu"",""Zıt yüklü iyonlar"",""İki soygaz atomu"",""Nötr moleküller""]","[""Two non-metals"",""Oppositely charged ions"",""Two metals"",""Neutral atoms""]","[""Two non-metal atoms"",""Oppositely charged ions"",""Two noble gas atoms"",""Neutral molecules""]",0.880,0.530,duzeltildi
8ee713b3-c82d-4340-9129-415e68bdc0b1,10,,cografya,2,0,"[""Enlem ve denizellik yoluyla"",""Nüfus yoluyla"",""Yönetim biçimiyle"",""Para birimiyle""]",,"[""Through latitude and proximity to the sea"",""Through population"",""Through its form of government"",""Through its currency""]",,0.860,,isaretli_kaldi
ab81d5bb-977e-463d-b478-457c17df7856,10,,bilim,1,2,"[""48 saat"",""12 saat"",""24 saat"",""36 saat""]",,"[""48 hours"",""12 hours"",""24 hours"",""36 hours""]",,0.940,,isaretli_kaldi
572b0a2b-60d4-4f67-937a-cb11f9bd7353,10,,cografya,2,2,"[""Tam küre"",""Silindir"",""Geoid"",""Koni""]",,"[""A perfect sphere"",""A cylinder"",""A geoid"",""A cone""]",,0.890,,isaretli_kaldi
6bb65be9-7a5e-46db-b308-4a501ff89d50,10,,bilim,3,2,"[""Kütle yok olduğu için"",""Hava olmadığı için"",""Serbest düşüş hâlinde olduğu için"",""Soğuk olduğu için""]",,"[""Because mass disappears"",""Because there is no air"",""Because it is in free fall"",""Because it is cold""]",,0.540,,isaretli_kaldi
8e6c9296-d991-4d2f-a387-710ffb56ed5c,10,,cografya,2,2,"[""Dere yatağına yapılaşmak"",""Toprağı sıkıştırmak"",""Havzayı ağaçlandırmak"",""Kanalı daraltmak""]",,"[""Building in the stream bed"",""Compacting the soil"",""Afforesting the basin"",""Narrowing the channel""]",,0.950,,isaretli_kaldi
68b55ef0-d00b-45d9-9254-cb6794417303,10,20260612001006_sik_ipucu_duzeltme_parti_10,bilim,1,2,"[""Işık"",""Tuz"",""Oksijen ve nem"",""Sadece sıcaklık""]","[""Karbondioksit ve kuru hava"",""Azot ve ışık"",""Oksijen ve nem"",""Hidrojen ve soğuk""]","[""Light"",""Salt"",""Oxygen and moisture"",""Heat alone""]","[""Carbon dioxide and dry air"",""Nitrogen and light"",""Oxygen and moisture"",""Hydrogen and cold""]",0.920,0.670,duzeltildi
f71da1a5-7dcc-40d4-8c4f-05cedd55aaa3,10,,cografya,2,3,"[""Günlük hareket"",""Ay'ın çekimi"",""Atmosfer basıncı"",""Eksen eğikliği ve yıllık hareket""]",,"[""The daily rotation"",""The Moon's pull"",""Atmospheric pressure"",""The tilt of the axis and the yearly orbit""]",,0.710,,isaretli_kaldi
3c25f856-bf61-44ad-bf66-be7bdd8a8db1,10,,bilim,2,0,"[""Taşan sıvının ağırlığına"",""Cismin kütlesine"",""Hacme"",""Yoğunluğa""]",,"[""The weight of the displaced fluid"",""The mass of the object"",""The volume"",""The density""]",,0.900,,isaretli_kaldi
542b1393-e0fb-4fbd-b959-a2167d44fce0,10,20260612001006_sik_ipucu_duzeltme_parti_10,cografya,2,1,"[""Kır nüfusunun artışını"",""Kent nüfusunun payının artışını"",""Ölüm oranını"",""Doğum oranını""]","[""Tarım arazilerinin payının artışını"",""Kent nüfusunun payının artışını"",""Kişi başına düşen gelirin artışını"",""Sanayi üretiminin payının artışını""]","[""A rise in the rural population"",""A rise in the share of the urban population"",""The death rate"",""The birth rate""]","[""A rise in the share of farmland"",""A rise in the share of the urban population"",""A rise in per capita income"",""A rise in the share of industrial output""]",0.910,0.570,duzeltildi
ba691c22-df2a-4310-8265-7d5e2b574a02,10,,bilim,2,0,"[""Atel ile sabitleme"",""Masaj"",""Sıcak kompres"",""Çekme""]",,"[""Immobilising it with a splint"",""Massage"",""A hot compress"",""Traction""]",,0.730,,isaretli_kaldi
194d67e3-5394-4d50-adf1-30787fb212fc,10,,cografya,2,2,"[""Surabaya"",""Bandung"",""Cakarta"",""Medan""]",,"[""Surabaya"",""Bandung"",""Jakarta"",""Medan""]",,0.930,,isaretli_kaldi
4a6ae192-e9de-44e1-8b77-1372027aef50,10,,bilim,3,2,"[""Azotu yok etmek"",""Karbon üretmek"",""Azotu bitkiye yarayışlı hâle getirmek"",""Su bağlamak""]",,"[""Destroying nitrogen"",""Producing carbon"",""Making nitrogen usable by plants"",""Binding water""]",,0.990,,isaretli_kaldi
cf3ad4e4-15f9-4041-8cdb-92c235dd9047,10,20260612001006_sik_ipucu_duzeltme_parti_10,cografya,3,1,"[""Kira artışı"",""Depreme dayanıklı yapılaşma"",""Nüfus planlaması"",""Arsa satışı""]","[""Kentsel dönüşüm finansmanı"",""Depreme dayanıklı yapılaşma"",""Yangına karşı sigorta güvencesi"",""Su kaynaklarının korunması""]","[""Rent increases"",""Earthquake-resistant construction"",""Population planning"",""Land sales""]","[""Urban renewal financing"",""Earthquake-resistant construction"",""Fire insurance coverage"",""Protection of water resources""]",0.850,0.750,duzeltildi
fecfff3b-ffb3-4c21-a1e8-68478a83acc9,10,,bilim,3,2,"[""Yalnız iletimi artırmak"",""Isı üretmek"",""Üç ısı aktarım yolunu da azaltmak"",""Soğutmak""]",,"[""Only increasing conduction"",""Producing heat"",""Reducing all three ways heat moves"",""Cooling""]",,0.950,,isaretli_kaldi
935aa019-5de0-4ab0-9d70-8ad1e8e05eb6,10,20260612001006_sik_ipucu_duzeltme_parti_10,cografya,3,2,"[""Tarıma"",""Turizme"",""Kaynak ve yeni deniz yollarına"",""Sanayiye""]","[""Verimli tarım arazilerine ve sulama kaynaklarına"",""Yoğun nüfus ve büyük kentlere"",""Kaynak ve yeni deniz yollarına"",""Gelişmiş sanayi ve imalat merkezlerine""]","[""Farming"",""Tourism"",""Resources and new sea routes"",""Industry""]","[""Fertile farmland and irrigation sources"",""Dense population and large cities"",""Resources and new sea routes"",""Advanced industry and manufacturing centers""]",0.770,0.660,duzeltildi
e79a6196-90f5-408c-a790-c8ed5184ae15,10,,bilim,2,0,"[""Uzunluk, kesit ve cinsi"",""Rengine"",""Ağırlığına"",""Şekline yalnızca""]",,"[""Length, cross-section and material"",""Its colour"",""Its weight"",""Its shape alone""]",,0.950,,isaretli_kaldi
33b1274a-18d2-49e4-8977-4c79e2426251,10,20260612001006_sik_ipucu_duzeltme_parti_10,cografya,2,0,"[""Fırat ve Dicle"",""Nil ve Kongo"",""Ganj ve İndus"",""Tuna ve Ren""]","[""Fırat ve Dicle"",""Amu Derya ve Sir Derya"",""Ganj ve İndus"",""Tuna ve Ren""]","[""The Euphrates and the Tigris"",""The Nile and the Congo"",""The Ganges and the Indus"",""The Danube and the Rhine""]","[""The Euphrates and the Tigris"",""The Amu Darya and the Syr Darya"",""The Ganges and the Indus"",""The Danube and the Rhine""]",0.310,0.590,duzeltildi
1467e65c-a86b-469f-9bf4-dc520d66d8fd,10,20260612001006_sik_ipucu_duzeltme_parti_10,bilim,2,1,"[""Nötron sayısını"",""Proton sayısını"",""Kütle numarasını"",""Elektron kabuğunu""]","[""Nötron sayısını"",""Proton sayısını"",""Atom yarıçapını"",""Değerlik enerjisini""]","[""The number of neutrons"",""The number of protons"",""The mass number"",""The electron shell""]","[""The number of neutrons"",""The number of protons"",""The atomic radius"",""The valence energy""]",0.850,0.750,duzeltildi
52a24856-d9bf-4654-8591-269cdd419394,10,,cografya,3,1,"[""Manzarayı ölçmek"",""Yapının oturacağı zemini tanımak"",""Yağış saymak"",""Nüfus belirlemek""]",,"[""To measure the view"",""To understand the ground a building will sit on"",""To count rainfall"",""To determine the population""]",,0.820,,isaretli_kaldi
399062ec-28cc-49a2-8bee-d405771d8ba7,10,,bilim,1,0,"[""Suda ve karada yaşayabilmeleri"",""Yalnız suda yaşamaları"",""Yalnız karada yaşamaları"",""Uçabilmeleri""]",,"[""They can live in water and on land"",""They live only in water"",""They live only on land"",""They can fly""]",,0.940,,isaretli_kaldi
508f3b86-cf4e-4051-b28a-6c3acadfd693,10,,cografya,3,1,"[""Rüzgâra yalnızca"",""Sıcaklık ve tuzluluk farkına"",""Aya"",""Güneş tutulmasına""]",,"[""Wind alone"",""Differences in temperature and salinity"",""The Moon"",""Solar eclipses""]",,0.830,,isaretli_kaldi
dbc2cac6-fb39-46ac-82f5-f679737ca0ce,10,,bilim,2,3,"[""Her şeyi reddetmeyi"",""İnanmayı"",""Susmayı"",""Kanıt talep etmeyi""]",,"[""Rejecting everything"",""Believing"",""Staying silent"",""Demanding evidence""]",,0.960,,isaretli_kaldi
a8a6c5ac-0587-4bce-8e73-f53419ced9d6,10,20260612001006_sik_ipucu_duzeltme_parti_10,cografya,2,3,"[""Yağmurun donmasıyla"",""Karın erimesiyle"",""Sisin dağılmasıyla"",""Su buharının doğrudan buza dönüşmesiyle""]","[""Soğuk havada yağmur damlalarının yere düşerken donmasıyla"",""Kar tanelerinin güneşte erimesiyle"",""Bulutlardaki su damlacıklarının sürekli yükselmesiyle"",""Su buharının doğrudan buza dönüşmesiyle""]","[""Rain freezing"",""Snow melting"",""Fog dispersing"",""Water vapour turning directly into ice""]","[""Raindrops freezing as they fall through cold air"",""Snowflakes melting in the sunshine"",""Water droplets in clouds rising continuously"",""Water vapour turning directly into ice""]",0.800,0.330,duzeltildi
83ab453f-8ab0-47b7-a703-92531f87e0bb,10,20260612001006_sik_ipucu_duzeltme_parti_10,bilim,2,2,"[""Kuvvet çarpı alan"",""Kütle çarpı hız"",""Kuvvet bölü alan"",""Alan bölü kuvvet""]","[""Kuvvet çarpı mesafe"",""Kütle çarpı hız"",""Kuvvet bölü alan"",""Kütle bölü hacim""]","[""Force times area"",""Mass times speed"",""Force divided by area"",""Area divided by force""]","[""Force times distance"",""Mass times speed"",""Force divided by area"",""Mass divided by volume""]",0.960,0.300,duzeltildi
87157843-e246-498a-b88c-072714b96a6f,10,20260612001006_sik_ipucu_duzeltme_parti_10,cografya,3,3,"[""Tamamen kumlu olması"",""Tamamen killi olması"",""Taşlı olması"",""Su tutma ve havalanma dengesi""]","[""Yüksek tuz oranı ve kuraklığa dayanımı"",""Organik madde ve kireç içermemesi"",""Rüzgar erozyonuna tamamen kapalı olması"",""Su tutma ve havalanma dengesi""]","[""It is entirely sandy"",""It is entirely clay"",""It is stony"",""It balances water retention and aeration""]","[""Its high salt content and drought resistance"",""Its lack of organic matter and lime"",""Its complete immunity to wind erosion"",""It balances water retention and aeration""]",1.000,0.650,duzeltildi
d2a0f824-deab-4eac-9399-05d3cfa6a3bf,10,,bilim,2,0,"[""Canlının tüm genetik bilgisi"",""Tek gen"",""Kromozom sayısı"",""Protein dizisi""]",,"[""All of an organism's genetic information"",""A single gene"",""The number of chromosomes"",""A protein sequence""]",,0.970,,isaretli_kaldi
30eccaf1-032f-4201-afb6-38f000453ad5,10,,cografya,3,1,"[""Volkanik püskürmelerle"",""Kıyı dağlarının sular altında kalmasıyla"",""Buzul çekilmesiyle"",""Mercan oluşumuyla""]",,"[""Volcanic eruptions"",""Coastal mountains being submerged"",""Glacial retreat"",""Coral formation""]",,0.770,,isaretli_kaldi
7a2121a1-7a9d-4dec-a9a5-09fcf7bd7a28,10,20260612001006_sik_ipucu_duzeltme_parti_10,cografya,3,1,"[""Estetik"",""Araç güvenliği ve tırmanma kapasitesi"",""Maliyet yalnızca"",""Manzara""]","[""Trafik yoğunluğunun azaltılması"",""Araç güvenliği ve tırmanma kapasitesi"",""Yol çizgilerinin daha net görünmesi"",""Sürücülerin yolculuk süresini uzatması""]","[""Aesthetics"",""Vehicle safety and climbing ability"",""Cost alone"",""The view""]","[""Reducing traffic density"",""Vehicle safety and climbing ability"",""Making road markings more visible"",""Lengthening drivers' travel time""]",0.800,0.570,duzeltildi
4810ad81-e305-40b8-bb38-22223444b58d,10,20260612001006_sik_ipucu_duzeltme_parti_10,cografya,1,1,"[""Daha çok atık"",""Daha az sera gazı"",""Daha çok kirlilik"",""Daha çok kömür""]","[""Daha çok su tüketimi"",""Daha az sera gazı"",""Daha çok toprak erozyonu"",""Daha çok ses kirliliği""]","[""More waste"",""Fewer greenhouse gases"",""More pollution"",""More coal""]","[""More water consumption"",""Fewer greenhouse gases"",""More soil erosion"",""More noise pollution""]",0.970,0.670,duzeltildi
dfb1fde6-45ba-468e-86f7-f09aa9bc3bfe,10,,cografya,3,1,"[""Derin okyanus ortası"",""Kıta sahanlığı ve akıntı kavşakları"",""Kutup buzu altı"",""Çöl gölleri""]",,"[""The middle of the deep ocean"",""Continental shelves and where currents meet"",""Under polar ice"",""Desert lakes""]",,0.980,,isaretli_kaldi
c89b9782-6642-4b14-b78b-15998d4c3458,10,,cografya,3,3,"[""Nüfus yoğunluğu yalnızca"",""Manzara"",""İklim güzelliği"",""Fay hatları ve heyelan alanları""]",,"[""Population density alone"",""The view"",""The pleasantness of the climate"",""Fault lines and landslide areas""]",,0.800,,isaretli_kaldi
98861765-6250-4f02-b3ba-4e34ca2f00e6,10,,cografya,3,3,"[""Tonga Çukuru"",""Java Çukuru"",""Porto Riko Çukuru"",""Mariana Çukuru""]",,"[""The Tonga Trench"",""The Java Trench"",""The Puerto Rico Trench"",""The Mariana Trench""]",,0.980,,isaretli_kaldi
dca4ccc1-cc9b-49c7-b912-aa8ed20c7da5,10,,cografya,3,3,"[""Tohum satmak"",""Gübre üretmek"",""Sulama yapmak"",""Bitki genetik kaynaklarını korumak""]",,"[""Selling seed"",""Producing fertiliser"",""Irrigating"",""Conserving plant genetic resources""]",,0.920,,isaretli_kaldi
fbf516eb-b8fb-4b3d-b69d-26c60b414bef,10,20260612001006_sik_ipucu_duzeltme_parti_10,cografya,2,0,"[""Kuala Lumpur"",""Penang"",""Johor Bahru"",""Ipoh""]","[""Kuala Lumpur"",""Kuching"",""Putrajaya Limanı"",""Malakka""]","[""Kuala Lumpur"",""Penang"",""Johor Bahru"",""Ipoh""]","[""Kuala Lumpur"",""Kuching"",""Port Putrajaya"",""Malacca""]",0.900,0.500,duzeltildi
63c4c7e9-d428-453f-96fa-be2c9e9690d7,10,20260612001006_sik_ipucu_duzeltme_parti_10,cografya,3,2,"[""Suyun sıcaklığını"",""Yatağın genişliğini"",""Debinin yıl içindeki değişimini"",""Kaynağın yüksekliğini""]","[""Suyun yıllık toplam taşıdığı tortu miktarını"",""Yatağın denize doğru eğim değişimini"",""Debinin yıl içindeki değişimini"",""Havzanın yıllık yağış miktarındaki değişimi""]","[""The temperature of the water"",""The width of the channel"",""The variation in discharge through the year"",""The height of the source""]","[""The total amount of sediment it carries per year"",""The change in slope of the channel toward the sea"",""The variation in discharge through the year"",""The variation in annual precipitation of the basin""]",0.790,0.390,duzeltildi
f812d3e2-f458-4879-b491-17af5ebcc3ed,10,20260612001006_sik_ipucu_duzeltme_parti_10,cografya,2,3,"[""Erozyonun bitmesi"",""Verimin artması"",""Depremin azalması"",""Sel riskinin artması""]","[""Kuraklığın azalması"",""Toprağın verimlenmesi"",""Rüzgâr hızının düşmesi"",""Sel riskinin artması""]","[""Erosion stops"",""Yields rise"",""Earthquakes lessen"",""Flood risk rises""]","[""Drought decreases"",""Soil becomes fertile"",""Wind speed drops"",""Flood risk rises""]",0.870,0.670,duzeltildi
4164202b-68a7-4c31-9af3-9cc16762fe8a,10,20260612001006_sik_ipucu_duzeltme_parti_10,cografya,2,0,"[""Su kaynaklarının kirlenmesi"",""Toprağın zenginleşmesi"",""Verimin sürekli artması"",""Erozyonun bitmesi""]","[""Su kaynaklarının kirlenmesi"",""Yağış miktarının azalması"",""Rüzgâr hızının artması"",""Deniz seviyesinin yükselmesi""]","[""Pollution of water sources"",""Enrichment of the soil"",""A permanent rise in yield"",""The end of erosion""]","[""Pollution of water sources"",""A decrease in rainfall"",""An increase in wind speed"",""A rise in sea level""]",0.950,0.100,duzeltildi
8aae04e2-2ddb-4035-aeb1-a17a6acb79d0,10,,cografya,3,1,"[""Sahra'yı soğutur"",""Batı Avrupa'yı ılıtır"",""Asya'ya yağmur getirir"",""Kutupları ısıtmaz""]",,"[""It cools the Sahara"",""It warms Western Europe"",""It brings rain to Asia"",""It does not warm the poles""]",,0.920,,isaretli_kaldi
ffb71d7a-e2f4-4b49-9abc-ab7848d47f07,10,,cografya,2,3,"[""Nüfusun azalması"",""Tarımın büyümesi"",""Kentlerin küçülmesi"",""Kentleşme ve göçün hızlanması""]",,"[""A falling population"",""Growing agriculture"",""Shrinking cities"",""Accelerating urbanisation and migration""]",,0.980,,isaretli_kaldi
42267fe4-f719-40e3-b977-9528417bc4d2,10,20260612001006_sik_ipucu_duzeltme_parti_10,cografya,3,0,"[""Zengin balık alanları ve sis"",""Çöl koşulları"",""Buzul kütlesi"",""Volkanik ada""]","[""Zengin balık alanları ve sis"",""Kuvvetli kasırga ve kuraklık"",""Kalın buz örtüsü ve don"",""Geniş mercan resifleri ve lagünler""]","[""Rich fishing grounds and fog"",""Desert conditions"",""An ice sheet"",""A volcanic island""]","[""Rich fishing grounds and fog"",""Strong hurricanes and drought"",""Thick ice cover and frost"",""Wide coral reefs and lagoons""]",0.790,0.700,duzeltildi
b78d2100-2058-452d-9b05-52e48291dbe7,10,,cografya,2,2,"[""Debrecen"",""Szeged"",""Budapeşte"",""Pécs""]",,"[""Debrecen"",""Szeged"",""Budapest"",""Pécs""]",,0.890,,isaretli_kaldi
80649baa-33fa-4e51-985b-9e614789f7bb,10,20260612001006_sik_ipucu_duzeltme_parti_10,cografya,3,0,"[""Kıyı yapılaşması ve plastik"",""Soğuk hava"",""Yağış"",""Rüzgâr""]","[""Kıyı yapılaşması ve plastik"",""Mercan resiflerinin doğal beyazlaması"",""Gelgit saatlerinin değişmesi"",""Deniz suyunun tuzluluk farkı""]","[""Coastal development and plastic"",""Cold weather"",""Rainfall"",""Wind""]","[""Coastal development and plastic"",""Natural bleaching of coral reefs"",""Changing tide times"",""Differences in sea water salinity""]",0.900,0.680,duzeltildi
2c0d8712-80b5-4a74-99c8-ca54419a3078,10,20260612001006_sik_ipucu_duzeltme_parti_10,cografya,2,3,"[""Tarımın çöktüğünü"",""Nüfusun azaldığını"",""Toprağın verimsizleştiğini"",""Sanayi ve hizmetin geliştiğini""]","[""Nüfusun hızla yaşlandığını"",""Dış ticaretin azaldığını"",""Kentlerden köylere göçün arttığını"",""Sanayi ve hizmetin geliştiğini""]","[""That agriculture has collapsed"",""That the population has fallen"",""That the soil has become infertile"",""That industry and services have developed""]","[""That the population is ageing rapidly"",""That foreign trade has declined"",""That migration from cities to villages has increased"",""That industry and services have developed""]",0.860,0.750,duzeltildi
f1aa9c7f-bb11-43f3-b66a-ebc92bd46276,10,,cografya,3,2,"[""Renk seçmek için"",""Ölçek büyütmek için"",""Küresel yüzeyi düzleme aktarmak için"",""Yön bulmak için""]",,"[""To choose colours"",""To enlarge the scale"",""To transfer a spherical surface onto a flat one"",""To find direction""]",,0.910,,isaretli_kaldi
e2ea396f-208b-4d55-a16d-8bf8efdbd300,10,,cografya,2,3,"[""Yüzölçümünün büyüklüğü"",""Nüfusunun fazlalığı"",""İkliminin sıcaklığı"",""Ticaret ve askerî yolların kesişmesi""]",,"[""A large area"",""A large population"",""A warm climate"",""Trade and military routes crossing there""]",,0.960,,isaretli_kaldi
04f9d1ec-378f-4542-9543-53e2cff2ddd8,10,20260612001006_sik_ipucu_duzeltme_parti_10,cografya,3,3,"[""Sürekli akan soğuk pınar"",""Sönmüş bir volkan konisi"",""Buzul üstü derin çatlak"",""Aralıklı sıcak su fışkırması""]","[""Sürekli akan soğuk pınar"",""Yeraltındaki geniş kireçtaşı mağarası"",""Buzul üstü derin çatlak"",""Aralıklı sıcak su fışkırması""]","[""A permanently cold spring"",""A volcanic cone"",""A glacial crevasse"",""An intermittent eruption of hot water""]","[""A permanently cold spring"",""A large underground limestone cave"",""A glacial crevasse"",""An intermittent eruption of hot water""]",0.840,0.720,duzeltildi
2b3079f1-5668-4c5b-af8c-7731e464e1ae,10,,cografya,1,2,"[""Avlanmayı artırmak"",""Turizm geliri"",""Türlerin yaşam alanını güvenceye almak"",""Maden çıkarmak""]",,"[""Increasing hunting"",""Tourism revenue"",""Securing species' habitats"",""Extracting minerals""]",,0.970,,isaretli_kaldi
11dc8bd6-af5e-44be-8b1b-74af64c95bae,10,20260612001006_sik_ipucu_duzeltme_parti_10,cografya,3,3,"[""Geri dönüşüm yapma"",""Fırında yakıp yok etme"",""Düzenli depolama"",""Önleme ve azaltma""]","[""Geri dönüşüm ve ayrıştırma"",""Enerji geri kazanımı"",""Düzenli depolama"",""Önleme ve azaltma""]","[""Recycling"",""Incineration"",""Landfill"",""Prevention and reduction""]","[""Recycling and sorting"",""Energy recovery"",""Landfill"",""Prevention and reduction""]",0.760,0.610,duzeltildi
8e9ec970-c2f2-4d24-91f2-063230934769,10,20260612001006_sik_ipucu_duzeltme_parti_10,cografya,2,1,"[""Yağışlı"",""Açık ve durgun"",""Sisli hep"",""Fırtınalı""]","[""Bulutlu ve nemli"",""Açık ve durgun"",""Rüzgârlı ve sağanaklı"",""Kapalı ve serin""]","[""Rainy"",""Clear and settled"",""Always foggy"",""Stormy""]","[""Cloudy and damp"",""Clear and settled"",""Windy and showery"",""Overcast and cool""]",0.770,0.640,duzeltildi
