id,kategori,sinif,karar,guven,dogruluk,soru,siklar,isaretli,gerekce
0596f062-6311-41d4-9a7e-ab1a239ee7f8,cografya,DOGRULUK_SORUNU,tut,0.60,cift,Erozyonu artıran başlıca insan etkinliği nedir?,Bitki örtüsünün yok edilmesi | Geniş ağaçlandırma çalışması | Eğimli arazide teraslama | Toprağın nadasa bırakılması,Bitki örtüsünün yok edilmesi,"Ders kitaplarında nadas uygulaması da erozyonu artıran bir etkinlik olarak geçiyor, bu yüzden D de savunulabilir; asıl beklenen cevap A (bitki örtüsünün yok edilmesi)."
73b11e97-0c24-48a3-bc67-0aea2a27cbc4,spor,DOGRULUK_SORUNU,supheli,0.55,cift,'Yüksek atlamada' başarısızlık ne zaman olur?,Süre dolunca | Rüzgar esince | Ayak kayınca | Çıta düşünce,Çıta düşünce,"Yüksek atlamada deneme süresinin aşılması da başarısız deneme sayılır, bu yüzden 'Süre dolunca' şıkkı da savunulabilir; 'Çıta düşünce' ise en yaygın ve beklenen cevaptır."
d1a7c671-a8a9-4020-8b64-1f4b82b23726,teknoloji,DOGRULUK_SORUNU,kapat,0.70,cift,'Klavye ile gezinme' neden önemlidir?,Hız için | Tasarım için | Depolama için | Fare kullanamayanlar için,Fare kullanamayanlar için,Genel bir işlev soruluyor; erişilebilirlik doğru olsa da klavye kısayolları hız da sağladığı için 'Hız için' şıkkı da savunulabilir.
f9a16bcd-f271-41f4-b5f0-285f2cbace6e,bilim,KAPAT,kapat,0.90,tamam,Röntgen ışınlarını keşfeden bilim insanı kimdir?,Marie Curie | Wilhelm Röntgen | Rutherford | Becquerel,Wilhelm Röntgen,Keşfedenin adı ışınların adında geçtiği için Röntgen şıkkı sorudan doğrudan okunuyor.
5c13746a-d197-4509-9f56-db5e70198852,bilim,KAPAT,kapat,0.85,tamam,Nükleer santrallerde enerji nasıl elde edilir?,Çekirdek tepkimesiyle | Rüzgârla | Güneşle | Dalgayla,Çekirdek tepkimesiyle,'Nükleer' sözcüğü zaten çekirdek demek; cevap soru metninden çıkıyor.
05b7cadd-3d72-43a6-bb8a-6010824f6a98,bilim,KAPAT,kapat,0.90,tamam,Bir maddenin ısıyı iletme özelliğine ne denir?,Isı iletkenliği | Sertlik derecesi | Esneklik katsayısı | Özkütle yoğunluğu,Isı iletkenliği,Cevap soru metnindeki 'ısıyı iletme' ifadesinin tekrarı.
c913b456-fe9b-447b-a855-e68ce6121c17,bilim,KAPAT,kapat,0.85,tamam,Deneyin tekrarlanabilir olması neden önemlidir?,Sonucun güvenilirliğini göstermesi | Maliyeti düşürmesi | Süreyi kısaltması | Yayını kolaylaştırması,Sonucun güvenilirliğini göstermesi,Genel bir kavramın yararı soruluyor; tekrarlanabilirliğin güvenilirlikle ilişkisi sağduyuyla bulunuyor.
c6440598-77ca-4980-bdb5-7499c5d1f27c,bilim,KAPAT,kapat,0.95,tamam,'Nanoteknoloji' hangi ölçekte çalışır?,Metre | Milimetre | Mikrometre | Nanometre,Nanometre,Cevap terimin adında geçiyor (nano-nanometre).
1acd0bb7-8ad3-4ca2-bf01-b76fab953568,bilim,KAPAT,kapat,0.85,tamam,Biyoçeşitliliğin azalması neye yol açar?,Toprağın zenginleşmesine | Yağışın artmasına | Verimin artmasına | Ekosistemin zayıflamasına,Ekosistemin zayıflamasına,Cevap sağduyudan belli; çeldiriciler olumlu sonuçlar olduğu için açıkça saçma.
e03c8dfc-4627-4f78-b55a-9f5babf6cd0b,bilim,KAPAT,kapat,0.90,tamam,'Teleskop türlerinden biri' hangisidir?,Mikroskop | Yansıtmalı teleskop | Barometre | Termometre,Yansıtmalı teleskop,"Doğru şık 'teleskop' sözcüğünü içeren tek seçenek, diğerleri apayrı alet türleri."
cfc9dfcd-2d29-4619-bab6-d5731b2eac78,bilim,KAPAT,kapat,0.85,tamam,Alerjiye yol açan maddelere ne denir?,Hormon | Alerjen | Antikor | Enzim,Alerjen,"'Alerjen' sözcüğü doğrudan 'alerji'den türüyor, cevap sorunun içinde."
2d498cc0-cf0c-4268-a32e-5080d2be27c3,cografya,KAPAT,kapat,0.85,tamam,Anadolu'nun kuzeyindeki dağ sırasına ne ad verilir?,Toroslar | Menteşe Dağları | Nur Dağları | Kuzey Anadolu Dağları,Kuzey Anadolu Dağları,Cevap soru metninde geçiyor; 'Anadolu'nun kuzeyi' ifadesi doğrudan 'Kuzey Anadolu Dağları'nı veriyor.
1db4254c-d3aa-4ad2-a97e-9381fdfddf2d,cografya,KAPAT,kapat,0.90,tamam,Organize sanayi bölgelerinin amacı nedir?,Tarımı artırmak | Sanayiyi planlı bir alanda toplamak | Turizmi geliştirmek | Ormanı korumak,Sanayiyi planlı bir alanda toplamak,Cevap kavramın adından anlaşılıyor; çeldiriciler konu dışı.
e2f73848-8992-4cf6-8dc2-2b3704554b07,cografya,KAPAT,kapat,0.90,tamam,Arı popülasyonunun azalmasının tarımsal sonucu nedir?,Verimin artması | Ürün veriminin düşmesi | Su tüketiminin artması | Toprağın zenginleşmesi,Ürün veriminin düşmesi,Sağduyuyla bulunuyor; diğer şıklar açıkça saçma.
0c65cbdc-5362-4c38-91ef-f88bb4826ef8,cografya,KAPAT,kapat,0.85,tamam,Türkiye'nin transit ticarette avantajı nereden gelir?,Yüksek dağ sıralarının varlığından | Geniş çöl alanlarının varlığından | Asya-Avrupa arasında olmasından | Buzul örtülerinin varlığından,Asya-Avrupa arasında olmasından,"Transit ticaretle ilgili tek mantıklı şık konum; dağ, çöl ve buzul çeldiricileri saçma."
62102760-115f-46f4-8c9c-338ca15f7ca1,cografya,KAPAT,kapat,0.85,tamam,Kültür bölgesi kavramı neyi ifade eder?,Aynı iklimli alanı | Ortak kültürel özellik gösteren alanı | Aynı toprak türünü | Aynı yüksekliği,Ortak kültürel özellik gösteren alanı,'Kültür bölgesi' teriminin anlamı doğrudan doğru şıkkı veriyor.
4eeb5804-4468-4f58-a44d-a7fad986cbb5,cografya,KAPAT,kapat,0.90,tamam,Bir kıyının turizme uygunluğunu belirleyen temel etken nedir?,Nüfus yoğunluğu | Maden varlığı | Sanayi tesisi | İklim ve kıyı yapısı,İklim ve kıyı yapısı,"Kıyı turizmi için iklim ve kıyı yapısı açıkça tek mantıklı şık, çeldiriciler konu dışı."
bca46d45-a6e6-49f5-811e-8f7ae22abd34,cografya,KAPAT,kapat,0.90,tamam,Tropikal siklonlar hangi kuşakta oluşur?,Tropikal denizler | Çöller | Dağlar | Kutuplar,Tropikal denizler,Cevap soru metnindeki 'tropikal' sözcüğünde geçiyor.
1d315c34-74b6-43c4-a4aa-5ec477e4953f,cografya,KAPAT,kapat,0.90,tamam,Av yasağı dönemlerinin gerekçesi nedir?,Turizmi artırmak | Silah satışını azaltmak | Yolları boşaltmak | Üreme dönemini korumak,Üreme dönemini korumak,Sağduyuyla bulunuyor; çeldiriciler saçma.
5636c63e-7835-4382-b382-fe9d3ef2207f,cografya,KAPAT,kapat,0.88,tamam,Drenaj sisteminin tarımsal işlevi nedir?,Su tutmak | Gübre vermek | Tohum ekmek | Fazla suyu uzaklaştırmak,Fazla suyu uzaklaştırmak,Drenaj sözcüğü suyu boşaltmayı anlatıyor; gübre vermek ve tohum ekmek ise açıkça konu dışı çeldiriciler.
35ecfff8-57c2-4d25-bd47-126cd6caa12e,cografya,KAPAT,kapat,0.85,tamam,Rüzgâr perdesi (ağaç şeridi) hangi amaçla dikilir?,Gölge yapmak | Yakacak sağlamak | Rüzgâr erozyonunu azaltmak | Meyve almak,Rüzgâr erozyonunu azaltmak,Rüzgâr perdesi adı amacını açıkça veriyor; rüzgârla ilgili tek şık doğru cevap.
4a88beb3-3513-4901-aa50-3417c68d26ab,cografya,KAPAT,kapat,0.85,tamam,Akarsu havzası kavramı neyi kapsar?,Yalnız yatağını | Yalnız ağzını | Bir akarsuyu besleyen tüm alanı | Yalnız kaynağını,Bir akarsuyu besleyen tüm alanı,"Üç şık 'yalnız' ile daraltılmış, 'havza' kavramının kapsayıcılığına uyan tek şık açıkça doğru olan."
8ee713b3-c82d-4340-9129-415e68bdc0b1,cografya,KAPAT,kapat,0.90,tamam,Bir ülkenin coğrafi konumu iklimini nasıl etkiler?,Enlem ve denizellik yoluyla | Nüfus yoluyla | Yönetim biçimiyle | Para birimiyle,Enlem ve denizellik yoluyla,"Nüfus, yönetim ve para birimi açıkça konu dışı; doğru şık sağduyuyla bulunuyor."
856faf98-9751-4a84-b11b-a8a1e42992e9,cografya,KAPAT,kapat,0.90,tamam,Küreselleşmenin coğrafi sonucu nedir?,Ulaşımın azalması | Mekânsal etkileşimin artması | İletişimin azalması | Ticaretin bitmesi,Mekânsal etkileşimin artması,Diğer şıklar küreselleşmenin anlamına açıkça ters; tek ciddi seçenek doğru şık.
69013ce9-0fdf-4ddc-b593-13bf8c93d9ad,cografya,KAPAT,kapat,0.90,tamam,Anız yakmanın zararı nedir?,Toprak canlılarını yok etmesi | Toprağı zenginleştirmesi | Suyu artırması | Verimi artırması,Toprak canlılarını yok etmesi,Zararı sorulan bir uygulamada tek olumsuz şık doğru şık; diğerleri yarar olarak verilmiş.
2f2ae679-fde5-4f01-9c77-019eb1d802da,cografya,KAPAT,kapat,0.90,tamam,Sulak alanların ekolojik önemi nedir?,Yol güzergâhı | Kuş ve canlı yaşam alanı | Konut alanı | Maden kaynağı,Kuş ve canlı yaşam alanı,Ekolojik önem sorusunda tek ekolojik şık doğru şık; diğerleri konu dışı.
2439b88d-c0fc-4f7f-9ea5-3d3fcc354e1d,cografya,KAPAT,kapat,0.90,tamam,Türkiye'nin dağlık ve engebeli olmasının ulaşıma etkisi nedir?,Yolları kısaltması | Ulaşımı hızlandırması | Etkisi olmaması | Yol maliyetini artırması,Yol maliyetini artırması,Engebeli arazinin yol maliyetini artırdığı sağduyuyla bilinir; diğer şıklar açıkça mantıksız.
fe384c1b-9cfc-4eb2-9c7e-9397ba630066,cografya,KAPAT,kapat,0.85,tamam,Bir yerleşimin ticaret merkezi olmasında en önemli etken nedir?,Yüksek rakım | Ormanlık olması | Ulaşım yollarının kesişmesi | Soğuk iklim,Ulaşım yollarının kesişmesi,"Ticaret için ulaşım kesişiminin önemi sağduyuyla bulunuyor, çeldiriciler ise saçma."
6c55cbee-1f85-4015-a18e-0d8b3dc678b8,cografya,KAPAT,kapat,0.85,tamam,Türkiye'de sulak alanların azalmasının başlıca nedeni nedir?,Yağış artışı | Kurutma ve aşırı su çekimi | Deprem | Volkan,Kurutma ve aşırı su çekimi,"Yağış artışı, deprem ve volkan gibi çeldiriciler absürt olduğundan doğru cevap kendiliğinden belli."
cd43ebf9-2762-4eae-b265-30f9f775864a,cografya,KAPAT,kapat,0.95,tamam,Mikroplastik kirliliğinin ana kaynaklarından biri nedir?,Kum | Kaya | Parçalanan plastik atıklar | Odun,Parçalanan plastik atıklar,Cevap soru metnindeki 'plastik' sözcüğünde geçiyor; çeldiriciler konu dışı.
65e5cb79-9d13-4fb9-aee3-6bbcc16a6831,cografya,KAPAT,kapat,0.85,tamam,Deniz kirliliğinin en yaygın nedeni nedir?,Gelgit | Akıntı | Atık ve petrol deşarjı | Dalga,Atık ve petrol deşarjı,Çeldiriciler doğal olaylar; kirlilik nedeni olarak atık deşarjı sağduyuyla belli.
23111079-2f23-4bb8-8a70-79781a283bb8,cografya,KAPAT,kapat,0.85,tamam,Sıcak su akıntılarının kıyılara etkisi nedir?,Sıcaklığı düşürür | Rüzgârı durdurur | Sıcaklığı artırır | Yağışı keser,Sıcaklığı artırır,'Sıcak' sözcüğü cevabı veriyor; sıcaklığı artırır şıkı kendiliğinden belli.
a373cd4f-7b42-48d4-bb56-d854410e272f,cografya,KAPAT,kapat,0.85,tamam,Işık kirliliği hangi alanı olumsuz etkiler?,Toprak verimini | Su kalitesini | Gökyüzü gözlemi ve gece canlıları | Rüzgâr hızını,Gökyüzü gözlemi ve gece canlıları,Işık kirliliğinin geceyi ve gökyüzünü etkilediği sağduyudan belli; diğer şıklar konu dışı.
1517ae79-9e8c-494c-8be1-1518779b947c,cografya,KAPAT,kapat,0.85,tamam,Bebek ölüm hızı hangi alanı yansıtır?,Sağlık ve refah düzeyini | Tarımsal üretim düzeyini | Enerji tüketim düzeyini | Kentleşme ve ulaşım düzeyini,Sağlık ve refah düzeyini,Bebek ölümünün sağlıkla ilişkisi sağduyudan belli; diğer şıklar konu dışı.
b439870b-6f3d-41f1-b6ba-f680ce14a477,cografya,KAPAT,kapat,0.90,tamam,Bir sanayi tesisinin kurulacağı yer seçilirken en önemli etken nedir?,Yalnızca yerel festivaller ve etkinlikler | Bölgenin turistik çekiciliği | Çevredeki tarihî yapıların sayısı | Hammadde ve ulaşım,Hammadde ve ulaşım,Festivaller ve tarihî yapılar saçma; hammadde ve ulaşım sağduyuyla bulunuyor.
a59ae69d-5582-4901-a908-62c4107de40a,cografya,KAPAT,kapat,0.85,tamam,Sulama suyunda tuzluluk artarsa ne olur?,Verim artar | Toprak zenginleşir | Bitki gelişimi engellenir | Su tasarrufu olur,Bitki gelişimi engellenir,"Tuzlu suyun bitkiye zarar verdiği sağduyudan belli, diğer şıklar olumlu ve saçma."
b80585e7-e0b4-4c4a-8d59-f7e8dd1b1b46,cografya,KAPAT,kapat,0.85,tamam,Güneş panellerinin verimini en çok ne etkiler?,Işınım süresi ve açısı | Rüzgâr hızı | Nem oranı | Toprak türü,Işınım süresi ve açısı,"Güneş panelinin güneş ışığına bağlı olduğu sağduyudan belli; rüzgâr, nem ve toprak türü çeldiricileri konu dışı."
71513d2f-3e9d-48ab-9ab4-9d57a5a45527,cografya,KAPAT,kapat,0.90,tamam,Fay hattı üzerindeki yerleşimlerde alınan temel önlem nedir?,Depreme dayanıklı yapı | Yüksek bina yapmak | Zemini kazmak | Yol genişletmek,Depreme dayanıklı yapı,Fay hattında depreme dayanıklı yapı gerektiği sağduyuyla bulunur; diğer şıklar konu dışıdır.
00c4c96b-0c19-4cc4-b76d-255f3aaeb720,cografya,KAPAT,kapat,0.85,tamam,Doğal sit alanı ile arkeolojik sit alanı arasındaki fark nedir?,Alanın toplam büyüklüğü | Bölgedeki nüfus sayısı | Bölgenin iklim tipi | Korunan değerin türü,Korunan değerin türü,'Doğal' ve 'arkeolojik' nitelemeleri farkın korunan değerin türü olduğunu soru içinde veriyor.
4164202b-68a7-4c31-9af3-9cc16762fe8a,cografya,KAPAT,kapat,0.88,tamam,Aşırı gübrelemenin çevresel sonucu nedir?,Su kaynaklarının kirlenmesi | Yağış miktarının azalması | Rüzgâr hızının artması | Deniz seviyesinin yükselmesi,Su kaynaklarının kirlenmesi,Çeldiriciler gübrelemeyle ilgisiz olduğundan doğru cevap sağduyuyla bulunur.
1f7b398f-44d6-4fcc-8541-ce7834e5c0a4,cografya,KAPAT,kapat,0.85,tamam,Ekoturizm hangi ilkeyi esas alır?,Kitlesel tatili | Sanayileşmeyi | Kentleşmeyi | Doğaya zarar vermeden gezmeyi,Doğaya zarar vermeden gezmeyi,'Eko' öneki ve saçma çeldiriciler cevabı açık ediyor.
a84e19d1-8a22-431b-aac3-472baa4f3a35,cografya,KAPAT,kapat,0.88,tamam,Yağış rejimi düzensiz olan bir bölgede tarımın riski nedir?,Verimin sabitlenmesi | Sulamanın gereksizliği | Toprağın zenginleşmesi | Verimin yıldan yıla değişmesi,Verimin yıldan yıla değişmesi,"Düzensiz yağışın verimi değiştirdiği sağduyudan belli, çeldiriciler mantıksız."
2416da4a-05de-4d31-9c57-be0c5dfcc33d,cografya,KAPAT,kapat,0.85,tamam,Boğazların Türkiye için önemi öncelikle nedir?,Tarımsal ve hayvancılık | İklimsel ve bitki örtüsüne dair | Jeopolitik ve ticari | Jeotermal ve volkanik,Jeopolitik ve ticari,"Boğazların önemi sağduyuyla bulunuyor; tarım, jeotermal gibi çeldiriciler konu dışı."
345215c3-32b2-4798-8d91-e977fadb849c,cografya,KAPAT,kapat,0.85,tamam,Amazon ormanlarının küresel önemi nedir?,Oksijen üretimi ve karbon tutumu | Petrol üretimi | Buzul dengesi | Tuz üretimi,Oksijen üretimi ve karbon tutumu,"Petrol, buzul ve tuz çeldiricileri açıkça konu dışı; doğru şık tek ciddi seçenek."
b264fc3a-3c50-4c27-a9e5-5f1e42b68a01,cografya,KAPAT,kapat,0.85,tamam,Kutup gecesinin görüldüğü bölge neresidir?,Kutup daireleri içi | Ekvator | Dönenceler arası | Orta kuşak,Kutup daireleri içi,Sorudaki 'kutup' sözcüğü cevabı doğrudan veriyor.
5000bb83-be64-4197-84a7-c98834c55d1f,cografya,KAPAT,kapat,0.95,tamam,Rüzgâr santralleri için en uygun alanlar nerelerdir?,Vadi tabanları | Ormanlar | Mağaralar | Sürekli rüzgâr alan kıyı ve tepeler,Sürekli rüzgâr alan kıyı ve tepeler,"Rüzgâr santralinin rüzgârlı yere kurulacağı sağduyudan belli, çeldiriciler ise saçma."
13881cd2-6944-4bf8-b04b-97b2aa4f2940,cografya,KAPAT,kapat,0.85,tamam,Süveyş ve Panama kanallarının ortak sonucu nedir?,Deniz ticaretini kısaltması | Ticaret hacmini azaltması | Tarım üretimini geliştirmesi | Bölge nüfusunu azaltması,Deniz ticaretini kısaltması,Kanalların deniz yolunu kısalttığı sağduyuyla bulunuyor; diğer şıklar saçma.
20df9a12-79cd-4fb2-9ace-c45c8939445c,cografya,KAPAT,kapat,0.85,tamam,Türkiye'de karaca ve yaban keçisi hangi ortamda yaşar?,Dağlık ve ormanlık alanlarda | Çöllerde | Bataklıklarda | Kutupta,Dağlık ve ormanlık alanlarda,"Çöl, bataklık ve kutup Türkiye bağlamında saçma çeldiriciler olduğundan tek ciddi seçenek kalıyor."
65143b5c-1bbd-4206-b76f-8a46858ebc6b,cografya,KAPAT,kapat,0.85,tamam,Küçükbaş hayvancılık hangi arazi tipinde yaygındır?,Bataklık | Bozkır ve dağlık meralar | Yağmur ormanı | Kutup buzu,Bozkır ve dağlık meralar,"Bataklık, yağmur ormanı ve kutup buzu saçma çeldiriciler olduğundan tek mantıklı şık mera kalıyor."
53363a41-b845-4717-bb59-14d088132d2a,cografya,KAPAT,kapat,0.85,tamam,Paris İklim Anlaşması'nın temel hedefi nedir?,Küresel sıcaklık artışını sınırlamak | Nüfusu azaltmak | Ticareti artırmak | Orman açmak,Küresel sıcaklık artışını sınırlamak,Anlaşmanın adındaki 'iklim' sözcüğü cevabı veriyor; diğer şıklar saçma.
648d4892-0929-4a5a-9d4c-021101635944,cografya,KAPAT,kapat,0.85,tamam,Aşırı turizmin (overtourism) sonucu nedir?,Gelirin azalması | Ziyaretçi azalması | Doğal ve kültürel dokunun yıpranması | Altyapının bozulmaması,Doğal ve kültürel dokunun yıpranması,'Aşırı' sözcüğü olumsuz bir sonucu ima ediyor ve diğer şıklar mantıksız olduğu için cevap kendiliğinden belli.
6c270c8f-42df-4515-ae41-55603920bd3e,cografya,KAPAT,kapat,0.90,tamam,Buzulların aşındırmasıyla oluşan U şekilli vadiye ne denir?,Akarsu vadisi | Boğaz | Kanyon | Buzul vadisi,Buzul vadisi,Soru metnindeki 'buzulların aşındırmasıyla' ifadesi cevabı doğrudan veriyor.
0647aaeb-6428-4f6d-a2eb-8fa3185873a3,cografya,KAPAT,kapat,0.90,tamam,Sanayide baca filtrelerinin işlevi nedir?,Fazla ısı üretmek | Kirleticileri tutmak | Enerji geri kazanmak | Su buharı vermek,Kirleticileri tutmak,Filtre sözcüğünün anlamı cevabı doğrudan veriyor; çeldiriciler konu dışı.
7bbd4253-27b8-41a5-a80f-0eebb4ca2f75,cografya,KAPAT,kapat,0.92,tamam,Deprem yönetmeliğinin amacı nedir?,Kira belirlemek | Arsa satmak | Nüfus saymak | Yapıların dayanımını güvenceye almak,Yapıların dayanımını güvenceye almak,"Cevap sağduyudan belli; çeldiriciler (kira, arsa, nüfus) tamamen konu dışı."
19b62228-2a73-4f7a-821e-500411f6646a,cografya,KAPAT,kapat,0.85,tamam,Çanakkale'nin stratejik önemi nedir?,Maden zenginliği | Tarım alanı | Boğaz geçişini denetlemesi | Kayak turizmi,Boğaz geçişini denetlemesi,Çanakkale Boğazı herkesçe bilinir; çeldiriciler konu dışı olduğundan cevap kendiliğinden çıkar.
d98051ec-8a87-4f48-84e8-edd8df1e7860,cografya,KAPAT,kapat,0.90,tamam,Bir havzada baraj yapımının olumsuz etkisi ne olabilir?,Enerji üretimi | Yerleşim alanlarının su altında kalması | Sulama olanağı | Taşkın kontrolü,Yerleşim alanlarının su altında kalması,Diğer üç şık açıkça olumlu etki olduğundan olumsuz etki olarak tek seçenek kalıyor.
8e6c9296-d991-4d2f-a387-710ffb56ed5c,cografya,KAPAT,kapat,0.85,tamam,Taşkın (sel) riskini azaltmanın en etkili yolu nedir?,Dere yatağına yapılaşmak | Toprağı sıkıştırmak | Havzayı ağaçlandırmak | Kanalı daraltmak,Havzayı ağaçlandırmak,Diğer şıklar seli açıkça artıran uygulamalar; ağaçlandırma sağduyuyla bulunuyor.
7f7ebd16-78e3-4d64-b4b1-2326cb46da9d,cografya,KAPAT,kapat,0.85,tamam,Bir kentin 'nüfus çekim gücü' neye bağlıdır?,"İklimine yalnızca | Yüzölçümüne | Rakımına | İş, eğitim ve hizmet olanaklarına","İş, eğitim ve hizmet olanaklarına","Cevap sağduyuyla bulunuyor; çeldiriciler zayıf, doğru şık açıkça en mantıklısı."
ac75001c-2942-4a20-9c40-b278df8b0c4d,cografya,KAPAT,kapat,0.85,tamam,Süveyş Kanalı'nın kapanması neyi etkiler?,Deniz ticaret yollarını | Hava trafiğini | Demiryollarını | Tarımı,Deniz ticaret yollarını,Bir kanalın kapanmasının deniz ticaretini etkileyeceği sağduyudan belli.
7c3cf6b1-f100-4b37-9f47-fad65b14ff95,cografya,KAPAT,kapat,0.90,tamam,Sera gazı salımı en yüksek sektörlerden biri hangisidir?,Enerji üretimi | Kütüphanecilik | Turizm rehberliği | Grafik tasarım,Enerji üretimi,Kütüphanecilik ve grafik tasarım gibi çeldiriciler saçma olduğundan tek ciddi şık enerji üretimi.
4e2c83a3-2917-4058-ba3f-47af47bbe387,cografya,KAPAT,kapat,0.85,tamam,İklim değişikliğinin tarımsal etkisi ne olabilir?,Verimin her yerde artması | Toprağın zenginleşmesi | Ürün kuşaklarının kayması | Su ihtiyacının bitmesi,Ürün kuşaklarının kayması,"Diğer şıklar açıkça saçma, tek makul seçenek doğru cevap."
3784e2a8-c62a-40ac-9670-91d6fd28c89a,cografya,KAPAT,kapat,0.90,tamam,Türkiye'de tuz üretiminde öne çıkan göl hangisidir?,Tuz Gölü | Van Gölü | Beyşehir Gölü | Sapanca Gölü,Tuz Gölü,Cevap soru metnindeki 'tuz' sözcüğüyle göl adında açıkça veriliyor.
9e2e4ea8-01a4-4ebc-b4ac-99a4921b4dc9,cografya,KAPAT,kapat,0.85,tamam,Yerel tohum kullanımının avantajı nedir?,Yöre koşullarına uyumlu olması | Her yerde aynı verimi vermesi | Su gerektirmemesi | Hastalanmaması,Yöre koşullarına uyumlu olması,Genel bir yarar soruluyor ve çeldiriciler açıkça abartılı ya da saçma.
0a739a91-9ad4-438e-add6-c9f3b753eb4a,cografya,KAPAT,kapat,0.90,tamam,Bir kentte hava kalitesi izleme istasyonları neyi ölçer?,Kentteki nüfus yoğunluğunu | Kesilen trafik cezasını | Yalnızca yağış miktarını | Kirletici madde derişimlerini,Kirletici madde derişimlerini,Hava kalitesi izlemenin kirletici ölçmek olduğu soru metninden anlaşılıyor.
6b748573-8748-411b-914e-a67cdf5e0890,cografya,KAPAT,kapat,0.85,tamam,Doğal sınır kavramına örnek hangisidir?,Nehir veya dağ | Enlem çizgisi | Yol | Duvar,Nehir veya dağ,'Doğal' sözcüğü yeterli; diğer şıkların hepsi yapay.
4a2f0b65-c3d0-45fa-9efc-86ecf7058a0d,cografya,KAPAT,kapat,0.85,tamam,Hava kirliliğinin kışın artmasının nedeni nedir?,Yağışın artması | Isınma amaçlı yakıt kullanımı | Rüzgârın güçlenmesi | Gündüz süresinin uzaması,Isınma amaçlı yakıt kullanımı,"Kışın ısınma için yakıt yakılması sağduyuyla bilinir, diğer şıklar açıkça ilgisizdir."
f812d3e2-f458-4879-b491-17af5ebcc3ed,cografya,KAPAT,kapat,0.90,tamam,Dere yataklarına yapılaşmanın sonucu nedir?,Kuraklığın azalması | Toprağın verimlenmesi | Rüzgâr hızının düşmesi | Sel riskinin artması,Sel riskinin artması,"Dere yatağına yapılaşmanın sel riskini artırdığı sağduyudan belli, çeldiriciler saçma."
c1828904-6df5-4f15-902e-73578bdcb70c,cografya,KAPAT,kapat,0.90,tamam,Bir bölgenin doğal bitki örtüsünü bozan insan etkinliği hangisidir?,Sulak alan koruma | Aşırı otlatma | Ağaçlandırma | Erozyon önleme,Aşırı otlatma,Diğer üç şık açıkça koruyucu etkinlikler olduğundan tek olumsuz seçenek kendini belli ediyor.
753dae39-c259-4c0f-9abd-4a3b0220c3c4,cografya,KAPAT,kapat,0.90,tamam,Deniz çöplerinin ekosisteme etkisi nedir?,Besin sağlaması | Suyu temizlemesi | Oksijen üretmesi | Canlıların yutması ve dolanması,Canlıların yutması ve dolanması,"Cevap sağduyudan belli, çeldiriciler çöplere olumlu etkiler yüklüyor ve açıkça saçma."
c712e199-2e5e-4d11-8060-133f8e99bee5,cografya,KAPAT,kapat,0.85,tamam,Radar meteorolojide neyi ölçer?,Yağış yoğunluğu ve hareketini | Toprak nemini | Deniz derinliğini | Nüfusu,Yağış yoğunluğu ve hareketini,"Soruda geçen 'meteorolojide' ifadesi ve nüfus, deniz derinliği gibi konu dışı çeldiriciler cevabı tek ciddi seçenek yapıyor."
19923f04-e4ab-4428-84bc-5c6f287f1c25,cografya,KAPAT,kapat,0.92,tamam,Toprak kirliliğinin başlıca kaynağı nedir?,Sanayi atığı ve tarım kimyasalları | Yağmur | Rüzgâr | Kar,Sanayi atığı ve tarım kimyasalları,"Yağmur, rüzgâr ve kar kirlilik kaynağı olarak saçma olduğundan sanayi ve tarım kimyasalları tek ciddi seçenektir."
dbf6fb2f-7655-4125-a169-10ddcd6f9e0e,edebiyat,KAPAT,kapat,0.95,tamam,Peri masalları hangi kitap türüne girer?,Anı | Gezi | Deneme | Masal,Masal,Cevap olan 'masal' sözcüğü soru metninde zaten geçiyor.
1b1540b9-81df-465f-ae70-ee0f72f617f6,edebiyat,KAPAT,kapat,0.90,tamam,'Gezi yazısı' neyi aktarır?,Görülen yerleri ve izlenimleri | Kurguyu | Savı | Şiiri,Görülen yerleri ve izlenimleri,Cevap 'gezi yazısı' adından doğrudan anlaşılıyor.
7ca77966-9d4e-4e89-bc57-f3bc9f7ee6ad,edebiyat,KAPAT,kapat,0.85,tamam,'Diyalog' metinde ne sağlar?,Betimlemeyi | Ölçüyü | Karakterleri konuşturarak canlılık | Uyağı,Karakterleri konuşturarak canlılık,Diyalog sözcüğünün anlamı cevabı veriyor; diğer şıklar ilgisiz.
6d6bcdd7-d585-47f0-af67-76920de04cdf,edebiyat,KAPAT,kapat,0.85,tamam,Anlatıda 'zaman' öğesi neyi belirler?,Yazarın yaşını | Olayların akış düzenini | Baskı sayısını | Yayın yerini,Olayların akış düzenini,"Diğer şıklar (yazarın yaşı, baskı sayısı, yayın yeri) saçma olduğundan tek ciddi seçenek doğru cevap."
5943e4de-4694-45f7-90e5-10089a2ba5c0,edebiyat,KAPAT,kapat,0.85,tamam,Geriye dönüş tekniği neyi sağlar?,Geleceği anlatmayı | Ölçüyü | Geçmiş olayları aktarmayı | Betimlemeyi,Geçmiş olayları aktarmayı,'Geriye dönüş' adı geçmişi anlatmayı açıkça ima ediyor.
bff54e93-a44d-452f-bc0f-66f1320f4a37,edebiyat,KAPAT,kapat,0.90,tamam,Destanların ortak özelliği nedir?,İstatistik | Bilimsel kanıt | Deney | Olağanüstü olaylar ve kahramanlık,Olağanüstü olaylar ve kahramanlık,"İstatistik, deney ve bilimsel kanıt gibi çeldiriciler destanla ilgisiz; cevap kendini belli ediyor."
32d394c3-91de-4e1e-9ab1-3daab1915417,edebiyat,KAPAT,kapat,0.90,tamam,Eleştiri türünün ölçütü ne olmalıdır?,Nesnel değerlendirme | Satış | Kişisel düşmanlık | Reklam,Nesnel değerlendirme,"Çeldiriciler (satış, düşmanlık, reklam) saçmadır; tek ciddi seçenek nesnel değerlendirmedir."
1a3193c3-653d-4c1b-871e-6e563e899cf0,edebiyat,KAPAT,kapat,0.85,tamam,'Olay örgüsü' neyi düzenler?,Dili | Kişileri | Zamanı | Olayların birbirine bağlanışını,Olayların birbirine bağlanışını,Terimdeki 'olay' sözcüğü doğrudan cevabı veriyor.
ebdcb4d8-c0e9-44dc-9fe4-fac83a936988,edebiyat,KAPAT,kapat,0.90,tamam,'Doruk noktası' öyküde nerededir?,Çatışmanın zirvesinde | Girişte | Jenerikte | Fragmanda,Çatışmanın zirvesinde,'Doruk' sözcüğü zirveyi anlatıyor; jenerik ve fragman gibi şıklar konu dışı.
08421ab9-d93b-407f-81c5-71559c73edcb,edebiyat,KAPAT,kapat,0.90,tamam,'Hece ölçüsü' neyi sayar?,Dizedeki sözcükleri | Dizedeki hece sayısını | Şiirdeki uyakları | Şiirdeki beyitleri,Dizedeki hece sayısını,Terimin kendisi 'hece' sözcüğünü içerdiği için cevap sorudan belli.
4ec64789-8fd9-43bb-be51-7ba5d8a17842,genel_kultur,KAPAT,kapat,0.95,tamam,Beyaz eşyada enerji sınıfı neyi gösterir?,Enerji verimliliğini | Gürültü düzeyini | Garanti süresini | Azami yük kapasitesini,Enerji verimliliğini,'Enerji sınıfı' ifadesi cevabı doğrudan veriyor.
006a05a9-e876-49eb-b453-a2936fa42063,genel_kultur,KAPAT,kapat,0.85,tamam,Bir ürünün garanti süresi neyi ifade eder?,Ürünün raf ömrünü | Kargo taşıma süresini | Fabrika üretim süresini | Ücretsiz onarım süresini,Ücretsiz onarım süresini,Garanti süresinin anlamı gündelik sağduyuyla biliniyor.
b48cb8b2-4345-4611-bce3-c15113c3c888,genel_kultur,KAPAT,kapat,0.90,tamam,Miras hukuku neyi düzenler?,Kiracı ile ev sahibi ilişkisini | Trafik cezalarının tahsilini | Ölen kişinin mal paylaşımını | Şirketlerin vergi oranını,Ölen kişinin mal paylaşımını,'Miras' sözcüğünün anlamı cevabı veriyor; diğer şıklar açıkça konu dışı.
af6d6517-ebde-4c4c-a230-99d9d5153a79,genel_kultur,KAPAT,kapat,0.85,tamam,Buharda pişirmenin avantajı nedir?,Yemeği çıtır yapar | Kabuğu kızartır | Şekeri karamelize eder | Besin değerini korur,Besin değerini korur,"Buharda pişirmenin çıtırlaştırma, kızartma ya da karamelize etme yapamayacağı sağduyuyla belli; tek mantıklı şık besin değerini korumak."
087eaaa4-df37-4ffa-ac0d-057df8f25820,genel_kultur,KAPAT,kapat,0.85,tamam,Sigortanın atmasının yaygın nedeni nedir?,Soğuk hava | Nem eksikliği | Aşırı yüklenme | Az kullanım,Aşırı yüklenme,Aşırı yüklenme sağduyuyla bulunuyor; diğer şıklar saçma.
1d3b005f-ed81-4084-bd4e-dfbb7d85d06c,genel_kultur,KAPAT,kapat,0.85,tamam,Asansörün güvenliğini artıran fren sistemi neyi önler?,Isınmayı | Ses kirliliğini | Elektrik kesintisini | Serbest düşüşü,Serbest düşüşü,Asansör freninin düşmeyi önlediği sağduyuyla belli; diğer şıklar konu dışı.
0a46d4aa-37a1-4752-af2f-1c95796ad80e,genel_kultur,KAPAT,kapat,0.90,tamam,Sıfır atık yaklaşımının amacı nedir?,Enerjiyi daha verimli kullanmak | Su kaynaklarını korumak | Hava kirliliğini azaltmak | Atığı en aza indirmek,Atığı en aza indirmek,"Cevap, 'sıfır atık' adından doğrudan anlaşılıyor."
63843f4c-11df-4a3f-bec0-015e29aa8418,genel_kultur,KAPAT,kapat,0.85,tamam,Bilgi edinme hakkı neyi sağlar?,Özel yazışmalara erişebilmeyi | Ticari sırlara erişebilmeyi | Kamu bilgilerine erişebilmeyi | Sınav sorularına önceden erişebilmeyi,Kamu bilgilerine erişebilmeyi,Çeldiriciler açıkça yasa dışı erişimler olduğundan tek ciddi seçenek kamu bilgileridir.
7bc21bcf-dcf3-4c3b-b957-056e90e6a268,genel_kultur,KAPAT,kapat,0.85,tamam,Bisiklet yollarının kentsel yararı nedir?,Sel ve taşkını önlemesi | Gürültü ve tozu perdelemesi | Konut ve kira fiyatını düşürmesi | Emisyon ve trafiği azaltması,Emisyon ve trafiği azaltması,"Genel bir kavramın yararı soruluyor; doğru şık sağduyuyla bulunuyor, diğer şıklar konu dışı."
2a7bddb9-676c-4354-9e87-54d5404a8a22,genel_kultur,KAPAT,kapat,0.90,tamam,"Kredi kartında ""limit"" ne anlama gelir?",Puan miktarı | Faiz oranı | Kart ücreti | Harcanabilecek üst sınır,Harcanabilecek üst sınır,'Limit' sözcüğü zaten 'sınır' anlamına geliyor; cevap soruda saklı.
5c85adfb-ef3c-4c81-b979-431d31e96f60,genel_kultur,KAPAT,kapat,0.85,tamam,'Planlı ekonomi' hangi ilkeye dayanır?,Serbest piyasaya | Merkezî üretim planına | Özelleştirmeye | Rekabete,Merkezî üretim planına,"'Planlı' sözcüğü cevabı veriyor, çeldiriciler planlamanın zıttı."
6d39dfb1-f5e1-41c6-8e24-0686c7a52fc3,muzik,KAPAT,kapat,0.85,tamam,Elektro gitarda ses nasıl güçlendirilir?,Çekiçle | Nefesle | Amfi ile | Yayla,Amfi ile,"Çekiç, nefes ve yay gibi çeldiriciler saçma olduğundan amfi tek ciddi seçenek."
65ccdb32-acbc-4a96-9185-303790d7c9d2,muzik,KAPAT,kapat,0.85,tamam,Konser salonlarında akustik tasarımın amacı nedir?,Seyircinin sahneyi rahat görmesini sağlamak | Acil durumda hızlı tahliyeyi sağlamak | Sesin dengeli yayılmasını sağlamak | Salonun ısısını dengede tutmak,Sesin dengeli yayılmasını sağlamak,'Akustik' sözcüğü sesle ilgili olduğundan cevap terimin kendisinden belli.
c555fab8-b373-4cd6-bff7-83dc4c44141b,muzik,KAPAT,kapat,0.85,tamam,Rapçi Snoop Dogg'un adındaki hayvan hangisidir?,Kedi | Köpek | Kurt | Kaplan,Köpek,Cevap sanatçının adındaki 'Dogg' sözcüğünden doğrudan çıkarılıyor.
93022673-6d0e-4606-b2d5-4a9cd685fbd8,muzik,KAPAT,kapat,0.85,tamam,Bir müzik eserinin ilk bölümüne ne ad verilir?,Giriş | Köprü | Final | Nakarat,Giriş,"İlk bölümün 'giriş' olduğu sözcük anlamından belli, soru kendi kendini cevaplıyor."
49921498-fd21-4dbb-bc34-c05bca0c0312,muzik,KAPAT,kapat,0.85,tamam,'Elektronik dans müziği' neyi merkeze alır?,Akustik çalgıyı | Sentetik ritim ve döngüyü | Koroyu | Yaylıyı,Sentetik ritim ve döngüyü,'Elektronik' sözcüğü sentetik ritmi doğrudan çağrıştırıyor; diğer şıklar akustik öğeler.
3ac586b5-5543-4cfd-83a5-6ca1eb043701,muzik,KAPAT,kapat,0.90,tamam,Metallica hangi müzik türüyle anılır?,Metal | Disko | Country | Reggae,Metal,Grubun adı cevabı içeriyor; diğer şıklar açıkça uzak.
6afa2d87-8b41-4787-9d00-169850c23779,muzik,KAPAT,kapat,0.85,tamam,Türkiye'de Devlet Opera ve Balesi hangi alanda hizmet verir?,Sinema | Sahne sanatları | Resim | Edebiyat,Sahne sanatları,Opera ve balenin sahne sanatı olduğu kurumun adından belli.
b7c2208f-bcb4-4f43-846c-9a66a7077b78,muzik,KAPAT,kapat,0.85,tamam,Vokal 'ikinci ses' (back vokal) ne yapar?,Ana ezgiyi taşır | Ritim tutar | Solo çalar | Ana sese eşlik eder,Ana sese eşlik eder,'İkinci ses' ve 'back vokal' ifadeleri ana sese eşlik etmeyi zaten anlatıyor.
89604e24-2308-4e49-b8f3-5c7732cb0c66,muzik,KAPAT,kapat,0.95,tamam,'Müslüm Baba' lakabıyla bilinen arabesk sanatçı kimdir?,Orhan Gencebay | İbrahim Tatlıses | Ferdi Tayfur | Müslüm Gürses,Müslüm Gürses,Lakaptaki 'Müslüm' adı cevabı doğrudan veriyor.
3ba34f53-e2be-4a94-9ff7-c7ef7de4b183,sanat,KAPAT,kapat,0.90,tamam,'Peruk ve saç tasarımı' ne sağlar?,Ses | Işık | Karakter ve dönem görünümü | Dekor,Karakter ve dönem görünümü,"Ses, ışık ve dekor çeldiricileri açıkça konu dışı, cevap sağduyudan belli."
5e70fee5-a67d-4693-82b9-3a4c89166822,sanat,KAPAT,kapat,0.85,tamam,'Sanat sponsorluğu' ne sağlar?,Eleştiri | Küratörlük | Kaynak desteği | Restorasyon,Kaynak desteği,Sponsorluk sözcüğünün anlamı cevabı doğrudan veriyor; alan bilgisi gerekmiyor.
f8a33cf2-3ac0-478b-918f-d91912a5c3e5,sanat,KAPAT,kapat,0.85,tamam,'Ambalaj tasarımı' hangi işlevleri dengeler?,Tat ve kokuyu | Koruma ve iletişimi | Hız ve performansı | Ses ve ritmi,Koruma ve iletişimi,Ambalaj için tek mantıklı şık koruma ve iletişim; diğer şıklar konu dışı.
1274af71-7e37-41a0-837d-3534c15f2ca3,sanat,KAPAT,kapat,0.90,tamam,Bir afişte en önemli unsur nedir?,Kâğıdın ağırlık değeri | Mesajın hızlı anlaşılması | Yazı karakteri sayısı | Basım fiyatının düzeyi,Mesajın hızlı anlaşılması,Cevap sağduyudan belli; diğer şıklar saçma.
4f465775-f3d4-4dd3-b785-1eb739e83024,sanat,KAPAT,kapat,0.90,tamam,"Sanatta ""içerik"" ne demektir?",Çerçeve | Ölçü | Eserin anlattığı anlam | Boya markası,Eserin anlattığı anlam,"'İçerik' sözcüğünün anlamı cevabı veriyor, çeldiriciler saçma."
35b6f1a5-f22b-46b6-913f-f9f444ac5504,sanat,KAPAT,kapat,0.85,tamam,Bir yapının iç mekân düzenlemesine ne denir?,İç mimari | Peyzaj | Grafik | Heykel,İç mimari,Sorudaki 'iç mekân' ifadesi doğrudan 'iç mimari' cevabını veriyor.
16d9b6fc-a8bf-4772-b40d-51e86ea0c4c8,sanat,KAPAT,kapat,0.85,tamam,'Logo tasarımında' aranan temel nitelik nedir?,Ayırt edicilik ve sadelik | Karmaşıklık | Çok renklilik | Uzun metin,Ayırt edicilik ve sadelik,Genel bir kavramın amacı soruluyor; karmaşıklık ve uzun metin gibi çeldiriciler açıkça saçma.
6810cfb8-c387-4680-a25b-917ba85204aa,sanat,KAPAT,kapat,0.85,tamam,'Rölyef harita' ile 'kabartma' arasındaki ortak yan nedir?,Renk kullanımı | Yüzeyden yükselen biçim | Metal olması | Boyalı olması,Yüzeyden yükselen biçim,Rölyef zaten kabartma demek; cevap soruda geçen sözcükten belli.
6265cb34-7d85-4dc0-b21e-5d8e8fc07100,sanat,KAPAT,kapat,0.90,tamam,'Atölye' geleneğinde 'usta-çırak' ilişkisi neyi sağlar?,Tekniğin aktarımını | Satışı | Sergilemeyi | Restorasyonu,Tekniğin aktarımını,Usta-çırak ilişkisinin bilgi aktarımı olduğu kavramın kendisinden belli.
30a2f3c9-cf99-4b74-91ce-aa2d2aed64ec,sanat,KAPAT,kapat,0.85,tamam,Konservasyon (koruma) çalışmasının amacı nedir?,Eserin değerini artırmak | Eserin kopyasını üretmek | Eserin bozulmasını yavaşlatmak | Eserin sahibini belirlemek,Eserin bozulmasını yavaşlatmak,Parantezdeki 'koruma' sözcüğü cevabı doğrudan veriyor.
35868d9e-2327-4ffe-9508-f6592d12bdf7,sanat,KAPAT,kapat,0.85,tamam,'Anıt' hangi işlevi taşır?,Belleği canlı tutmayı | Depolamayı | Barınmayı | Üretimi,Belleği canlı tutmayı,"Anıtın belleği canlı tuttuğu sağduyudan belli, çeldiriciler ise saçma."
198d453d-65fd-42b9-b403-c605b37ac71d,sanat,KAPAT,kapat,0.85,tamam,Siyah-beyaz fotoğrafta neye dikkat edilir?,Renk doygunluğu | Ton ve kontrast | Renk profili | Beyaz dengesi yalnızca,Ton ve kontrast,"Siyah-beyaz fotoğrafta renkle ilgili şıkların geçersiz olduğu açık, geriye tek mantıklı şık olarak ton ve kontrast kalıyor."
0225b140-381d-4cce-9810-f3c0bf260086,sanat,KAPAT,kapat,0.85,tamam,Video art hangi araçla üretilir?,Yağlı boya ve tuval | Mermer ve taş | Hareketli görüntü | Alçı ve kalıp,Hareketli görüntü,"Sorudaki 'video' sözcüğü hareketli görüntüyü doğrudan ele veriyor, diğer şıklar ise geleneksel sanat malzemeleri."
b25da678-6444-413f-a499-ecb20adab6f0,sanat,KAPAT,kapat,0.90,tamam,'Etkileşimli sanat' neyi gerektirir?,Sessizliği | Karanlığı | Uzaklığı | İzleyici katılımını,İzleyici katılımını,'Etkileşimli' sözcüğü katılımı gerektirdiği için cevap sorudan çıkıyor.
4f747f1a-2d85-45a7-a53b-690f5552c1d2,sanat,KAPAT,kapat,0.90,tamam,'Bronz döküm' hangi yöntemle yapılır?,Oyma | Presleme | Kalıba erimiş metal dökme | Yapıştırma,Kalıba erimiş metal dökme,'Döküm' sözcüğü doğru şıktaki 'dökme' ile aynı; cevap soru metninde geçiyor.
76300cb4-adbf-487c-a1d8-5759f75caa70,sanat,KAPAT,kapat,0.85,tamam,'Sürdürülebilir tasarım' neyi önceler?,Hızı | Çevresel etkiyi azaltmayı | Maliyeti yalnızca | Süslemeyi,Çevresel etkiyi azaltmayı,"Sürdürülebilirlik kavramının anlamından cevap doğrudan çıkıyor, çeldiriciler zayıf."
5692e644-bcf2-4f92-9153-ebf4534432e3,sinema,KAPAT,kapat,0.85,tamam,'Afiş tasarımı' neyi hedefler?,Kurguyu | Sesi | Filmi tek görselle anlatmayı | Süreyi,Filmi tek görselle anlatmayı,Afişin işlevi sağduyuyla belli; diğer şıklar afişle ilgisiz.
21bdc9b8-b636-4383-adc0-48cb0cfb140d,sinema,KAPAT,kapat,0.85,tamam,'Festival seçkisi' neyi belirler?,Gösterilecek filmleri | Bilet fiyatını | Salon sayısını | Ödül tutarını,Gösterilecek filmleri,'Seçki' sözcüğü zaten seçilen filmleri ima ediyor; çeldiriciler konu dışı.
6818bc4e-f79d-4776-91ef-eabe4299f54e,sinema,KAPAT,kapat,0.85,tamam,Film arşivciliğinin amacı nedir?,Filmleri sınıflandırıp yaş sınırı koymak | Filmleri dağıtıp salonlara ulaştırmak | Filmleri koruyup geleceğe aktarmak | Filmleri tanıtıp izleyici çekmek,Filmleri koruyup geleceğe aktarmak,'Arşiv' sözcüğü korumayı çağrıştırdığı için cevap kendiliğinden belli.
71de62c0-3876-4c64-a741-cca3632501e2,sinema,KAPAT,kapat,0.85,tamam,Sinemada 'tür karması' ne demektir?,Tek türde kalmak | Belgesel çekmek | Kısa film yapmak | Birden çok türün birleştirilmesi,Birden çok türün birleştirilmesi,'Karma' sözcüğü cevabı veriyor; diğer şıklar konu dışı.
39b4e276-65c1-432d-aa57-b6341f94af3a,sinema,KAPAT,kapat,0.85,tamam,'Surround ses' izleyiciye ne verir?,Tek kanallı ses alanı | Keskin görüntü alanı | Derin renk alanı | Çevresel ses alanı,Çevresel ses alanı,'Surround' ve 'ses' sözcükleri cevabı açık ediyor; görüntü ve renk şıkları konu dışı.
5c4e9db4-2e56-4f48-a522-cfff12dcc355,sinema,KAPAT,kapat,0.90,tamam,"Sinemada ""dağıtımcı"" ne yapar?",Filmi çeker | Kurgular | Yazar | Filmi salonlara ulaştırır,Filmi salonlara ulaştırır,'Dağıtımcı' sözcüğünün anlamı cevabı açıkça veriyor.
47e328b9-dc14-4e3a-96d1-df22093107bc,sinema,KAPAT,kapat,0.85,tamam,"Sinemada ""karakter tanıtımı"" genellikle nerede yapılır?",Jenerikte | Filmin ilk bölümünde | Fragmanda | Finalde,Filmin ilk bölümünde,Karakterlerin filmin başında tanıtıldığı sağduyudan belli.
d6485039-7417-4d8e-930e-c8a128f1567e,sinema,KAPAT,kapat,0.90,tamam,'Kara komedi' neyi birleştirir?,Aksiyon ve romantizm | Belgesel ve müzik | Korku ve bilim kurgu | Karanlık konu ve mizah,Karanlık konu ve mizah,"Cevap terimin kendisinden belli: 'kara' karanlık konuyu, 'komedi' mizahı karşılıyor."
50b83e73-1ce7-42f4-aa0c-de4b17a7528b,sinema,KAPAT,kapat,0.85,tamam,'Eleştirmen puan ortalaması' neyi yansıtır?,Gişeyi | Uzman değerlendirmelerini | Bütçeyi | Süreyi,Uzman değerlendirmelerini,'Eleştirmen' sözcüğü cevabı doğrudan veriyor; çeldiriciler konu dışı.
6ab961dd-94f6-4166-866f-2ab87b529fd5,sinema,KAPAT,kapat,0.90,tamam,"Sinemada ""senaryo taslağı"" neyi içerir?",Ses dosyasını | Set malzemesini | Hikâyenin yazılı planını | Bilet listesini,Hikâyenin yazılı planını,Senaryo taslağının yazılı plan olduğu sözcüğün anlamından belli.
265f066d-b881-4246-ad1e-6b480b08718b,sinema,KAPAT,kapat,0.95,tamam,'Savaş filmi' hangi bakışı sunabilir?,Kahramanlık veya karşıtlık | Bilimsel buluş ve keşif | Sporda rekabet ve başarı | Modada estetik ve zarafet,Kahramanlık veya karşıtlık,Savaş filmiyle ilgili tek mantıklı şık kahramanlık; diğerleri apaçık konu dışı.
ff97b415-adf7-4411-8278-a21f55840d2f,sinema,KAPAT,kapat,0.85,tamam,Bir filmin 'yeniden değerlendirilmesi' ne demektir?,Yeniden çekilmesi | Kurgulanması | Seslendirilmesi | Zamanla değerinin yeniden tartışılması,Zamanla değerinin yeniden tartışılması,İfadenin kendisi zaman içinde değerin yeniden tartışılması anlamına geliyor; soru kendi kendini cevaplıyor.
d9f38266-d1b6-4d30-89df-af8470fadf97,sinema,KAPAT,kapat,0.85,tamam,"Sinemada ""surround ses"" ne sağlar?",Çevresel ses deneyimi | Sessizlik | Altyazı | Tek kanal ses,Çevresel ses deneyimi,"Surround'un çevresel ses olduğu adından belli, diğer şıklar saçma."
22bb0241-3caa-4331-bdcf-d51b8fc53b10,sinema,KAPAT,kapat,0.90,tamam,"Sinemada ""senaryo"" hangi aşamada hazırlanır?",Çekimden sonra | Vizyonda | Çekimden önce | Festivalde,Çekimden önce,Senaryonun çekimden önce yazıldığı sağduyuyla belli; diğer şıklar anlamsız.
0a8fd605-ab5a-432b-8dc9-cf91141b3da3,sinema,KAPAT,kapat,0.85,tamam,Sinemada 'yeniden gösterim' ne demektir?,Filmin baştan yeniden çekilmesi | Eski filmin tekrar vizyona girmesi | Yalnızca fragman yayınlanması | Televizyon dizisine uyarlanması,Eski filmin tekrar vizyona girmesi,'Yeniden gösterim' ifadesi cevabı doğrudan veriyor; çeldiriciler konu dışı.
057b36f8-2d43-449f-a58e-8bad6031ca1d,sinema,KAPAT,kapat,0.85,tamam,Kuşbakışı çekim neyi sağlar?,Alttan güçlü görünüm | Yakın plan duygusu | Yandan profil açısı | Yukarıdan geniş bakış,Yukarıdan geniş bakış,'Kuşbakışı' sözcüğü yukarıdan bakışı zaten anlattığı için cevap sorunun içinde.
626795e7-6716-4080-a44e-e16f86365670,sinema,KAPAT,kapat,0.85,tamam,'Gişe rekortmeni' ne anlama gelir?,Çok bilet satan film | Ödüllü film | Kısa film | Belgesel,Çok bilet satan film,Cevap 'gişe rekortmeni' ifadesinin kendi anlamından çıkıyor.
a85b0b76-f93b-4957-81e0-075a4b8826f9,sinema,KAPAT,kapat,0.85,tamam,"Sinemada ""doruk nokta"" (klimaks) nedir?",Gerilimin en yüksek anı | Fragman | Açılış sahnesi | Jenerik,Gerilimin en yüksek anı,'Doruk nokta' ifadesi en yüksek anı anlamına geliyor; cevap terimin kendisinden belli.
e56bd513-5cd3-4392-a673-9dffafaf4ea8,sinema,KAPAT,kapat,0.85,tamam,'Road movie' türünde anlatı neye bağlıdır?,Tek mekâna | Kapalı alana | Sarayda geçmeye | Yolculuğa,Yolculuğa,'Road' (yol) sözcüğü yolculuğu doğrudan çağrıştırıyor ve diğer şıklar mekâna bağlı olduğu için zayıf kalıyor.
51503fac-cfa6-4671-8aab-7e94905cf3ef,sinema,KAPAT,kapat,0.85,tamam,'Dağıtımcı' bir filmde ne yapar?,Çeker | Kurgular | Besteler | Salonlara ulaştırır,Salonlara ulaştırır,"Dağıtımcı sözcüğünün anlamı, filmi salonlara ulaştırma cevabını doğrudan veriyor."
63f2d6b2-aa32-4d0b-bc52-87e91d06e846,sinema,KAPAT,kapat,0.85,tamam,"Sinemada ""restorasyon"" neyi amaçlar?",Yeni film çekmek | Dağıtmak | Eski filmleri yenilemek | Kurgulamak,Eski filmleri yenilemek,Restorasyon sözcüğünün anlamı cevabı doğrudan veriyor.
6d87a36c-d292-4754-b443-fa764fae43f9,sinema,KAPAT,kapat,0.85,tamam,'Dağıtımcı' filmde ne yapar?,Film çeker | Kurgu yapar | Filmi salonlara ulaştırır | Senaryo yazar,Filmi salonlara ulaştırır,'Dağıtımcı' sözcüğünün anlamı cevabı doğrudan veriyor.
38702aaf-2476-4896-9bc1-1a009039ffe4,sinema,KAPAT,kapat,0.85,tamam,'Geri dönüş' (flashback) neyi gösterir?,Geçmiş olayı | Gelecek olayı | Rüyayı | Sonu,Geçmiş olayı,"'Geri dönüş' adı geçmişe dönüldüğünü açıkça söylüyor, bu yüzden alan bilgisi gerekmiyor."
459f393e-6758-4295-839b-fa655095f087,sinema,KAPAT,kapat,0.90,tamam,"Bir filmin ""uluslararası versiyonu"" neden hazırlanır?",Farklı ülkelerde gösterim için | Bilet için | Ödül için | Süreyi uzatmak için,Farklı ülkelerde gösterim için,'Uluslararası' sözcüğü cevabı veriyor ve diğer şıklar saçmadır.
3d60026d-6418-478d-ad8d-7eca41dd193a,sinema,KAPAT,kapat,0.90,tamam,"Sinemada ""gerçekçilik"" anlayışı neyi hedefler?",Reklam | Fantastik dünya | Yaşamı olduğu gibi yansıtmak | Animasyon,Yaşamı olduğu gibi yansıtmak,"Gerçekçilik sözcüğü cevabı veriyor, çeldiriciler konu dışı."
07c54990-827d-414b-ad32-b5a920d256de,sinema,KAPAT,kapat,0.85,tamam,'Kamera açısı' seçimi neyi etkiler?,Filmin toplam çekim süresini | Yapımın toplam bütçesini | İzleyicinin bakış ve duygusunu | Gösterim salon sayısını,İzleyicinin bakış ve duygusunu,"Çeldiriciler (bütçe, salon sayısı, çekim süresi) açıkça konu dışı, tek mantıklı şık izleyicinin algısı."
7168bae1-7b3f-4826-9fe6-87dca5676476,spor,KAPAT,kapat,0.90,tamam,'Yayın hakları' kime satılır?,Sporculara | Televizyon ve dijital platformlara | Hakemlere | Seyircilere,Televizyon ve dijital platformlara,'Yayın' sözcüğü cevabı veriyor; diğer şıklar saçma.
851e0c3b-cb02-47f7-a087-77dc6099f0f0,spor,KAPAT,kapat,0.90,tamam,Sporda 'zihinsel hazırlık' neyi içerir?,Kas gücü ve dayanıklılık geliştirme | Odaklanma ve baskıyla başa çıkma | Esneklik ve hareket açıklığı çalışması | Beslenme ve kilo kontrolü yapma,Odaklanma ve baskıyla başa çıkma,'Zihinsel' sözcüğü cevabı veriyor; diğer şıklar bedensel hazırlıkla ilgili.
fdf9606e-041b-4ae3-981b-592319d5e8b5,spor,KAPAT,kapat,0.95,tamam,Milli güreşçi Hamza Yerlikaya hangi sporla anılır?,Halter | Boks | Güreş | Judo,Güreş,Soru metninde 'milli güreşçi' ifadesi cevabı doğrudan veriyor.
141bfbff-3668-497e-9122-4a5bfce497e5,spor,KAPAT,kapat,0.85,tamam,Sporda 'ev sahibi avantajı' neye dayanır?,Kuralların uygulanma farkına | Karşılaşma süresi farkına | Taraftar desteği ve alışkanlık | Kadro genişliği farkına,Taraftar desteği ve alışkanlık,Ev sahibi avantajının taraftar ve alışkanlığa dayandığı sağduyudan belli; çeldiriciler zayıf.
0ca7ea59-2626-47f6-b8cd-0bcc1a0c6c2b,spor,KAPAT,kapat,0.85,tamam,Futbolda bir takımın yedeklerinin oturduğu yere ne ad verilir?,Yedek kulübesi | Tribün | Stat girişi | Soyunma odası,Yedek kulübesi,Cevaptaki 'yedek' sözcüğü soruda geçiyor; cevap kendini ele veriyor.
3d9fc303-077a-494f-b2aa-67844a4c4ba3,spor,KAPAT,kapat,0.85,tamam,'Soğuma' (cool down) neyi hedefler?,Kalp atışını yükseltmek | Toparlanmayı hızlandırmak | Kas yırtmak | Terlemek,Toparlanmayı hızlandırmak,Kas yırtmak ve kalp atışını yükseltmek gibi çeldiriciler saçma; cevap sağduyudan çıkıyor.
6003e6c8-3064-4801-b91c-734c52229731,spor,KAPAT,kapat,0.92,tamam,Futbolda hakemin yardımcılarına ne denir?,Gözlemci | Spiker | Yardımcı hakem | Delege,Yardımcı hakem,Cevap soru metninde geçiyor; 'hakemin yardımcıları' doğrudan 'yardımcı hakem' demek.
34a8a33f-b2bf-4478-a589-190d8e54912c,spor,KAPAT,kapat,0.90,tamam,Basketbolda üç sayılık atış çizgi neresinden yapılır?,Üç sayı çizgisi dışından | Pota altından | Orta sahadan zorunlu | Serbest atış çizgisinden,Üç sayı çizgisi dışından,"Cevap soru metninde geçiyor: üç sayılık atış, üç sayı çizgisinin dışından yapılır."
31bc08ad-0ffc-476f-b71c-a5c830d2d70a,spor,KAPAT,kapat,0.85,tamam,Patlayıcı kuvvet hangi sporlarda kritiktir?,Maratonda | Satrançta | Okçulukta | Sıçrama ve atmalarda,Sıçrama ve atmalarda,"'Patlayıcı kuvvet' ifadesi cevabı kendisi veriyor; maraton, satranç ve okçuluk açıkça uyumsuz."
07d9d933-c89b-43d4-81b1-d31aab1bb361,spor,KAPAT,kapat,0.90,tamam,'Bilek güreşi' neyi ölçer?,Kol kuvveti ve tekniği | Uzun süre dayanıklılığı | Eklemlerin esnekliğini | Kısa mesafedeki hızı,Kol kuvveti ve tekniği,Bilek güreşinin kol kuvveti ölçtüğü adından ve sağduyudan bellidir.
c1f016d7-7b32-411d-94aa-75aa4d28a335,spor,KAPAT,kapat,0.85,tamam,'Kondisyon testi' neyi ölçer?,Tekniği | Taktiği | Zekayı | Fiziksel uygunluğu,Fiziksel uygunluğu,Kondisyonun fiziksel durum olduğu sözcüğün anlamından bellidir; diğer şıklar konu dışıdır.
3c4a99da-6496-4f61-9651-e70fce0dfd62,spor,KAPAT,kapat,0.85,tamam,Futbolda kalecilerin topu tutmasına yardım eden giysi hangisidir?,Kask | Forma | Eldiven | Dizlik,Eldiven,"Topu tutmaya yardım edenin eldiven olduğu sağduyudan belli, diğer şıklar ilgisiz."
103a09df-8715-4494-bc68-4e4414fc9344,spor,KAPAT,kapat,0.90,tamam,'Spor psikolojisi' neyi çalışır?,Zihinsel dayanıklılık ve isteği | Kas gelişimi ve büyümesini | Saha ölçüleri ve düzenini | Antrenör ücret düzeyini,Zihinsel dayanıklılık ve isteği,'Psikoloji' sözcüğü zihinsel konuları işaret ediyor; çeldiriciler konu dışı.
25a7caa4-3689-46b1-b183-04d258116f5d,spor,KAPAT,kapat,0.85,tamam,'Yamaç paraşütü' neyden yararlanır?,Motordan | Hava akımlarından | Su akıntısından | Kar zeminden,Hava akımlarından,Paraşüt sözcüğü havadan yararlanıldığını açıkça gösteriyor; çeldiriciler saçma.
e6768984-5c79-4f57-a071-97606784e638,spor,KAPAT,kapat,0.85,tamam,Sporcu 'transfer bedeli' neyi ifade eder?,Kulüpler arası geçiş için ödenen ücret | Sporcunun maaşı | Bilet geliri | Sponsor ücreti,Kulüpler arası geçiş için ödenen ücret,Transfer sözcüğü kulüpler arası geçişi açıkça ifade ediyor; cevap terimin kendisinden çıkıyor.
1fc7d812-5db9-4b63-8e74-a230e2e0db77,spor,KAPAT,kapat,0.85,tamam,'Amatör lig' ile 'profesyonel lig' farkı nedir?,Saha ölçüsü | Sporcuların ücret durumu | Top türü | Süre,Sporcuların ücret durumu,'Profesyonel' sözcüğünün anlamı ücretli olmayı zaten çağrıştırıyor; çeldiriciler de saçma.
47d205b7-e513-48d1-99af-f3650ccdee86,spor,KAPAT,kapat,0.85,tamam,'Kick boks' hangi teknikleri birleştirir?,Güreş ve judo | Yumruk ve tekme | Fırlatma ve tutma | Kılıç ve kalkan,Yumruk ve tekme,'Kick' ve 'boks' sözcükleri cevabı doğrudan veriyor; diğer şıklar açıkça konu dışı.
7df1effb-63f2-42fe-8c61-826496e5c742,spor,KAPAT,kapat,0.85,tamam,'Amatör küme' hangi düzeyi anlatır?,Profesyonel ligi | Profesyonel olmayan lig düzeyini | Uluslararası ligi | Gençlik ligini yalnızca,Profesyonel olmayan lig düzeyini,'Amatör' sözcüğünün anlamından cevap doğrudan çıkıyor.
4be6990c-dc31-4889-b8f4-fa8becaa8f8e,spor,KAPAT,kapat,0.85,tamam,'Amatör sporcu' tanımının temel ölçütü nedir?,Yaş | Boy | Spordan kazanç sağlamaması | Takım sayısı,Spordan kazanç sağlamaması,"Çeldiriciler (yaş, boy, takım sayısı) saçma; tek ciddi seçenek açıkça doğru şık."
7f6bc959-933f-43b6-b6a9-e8bb57ccc44d,spor,KAPAT,kapat,0.85,tamam,'Masaj' sporcuda ne sağlar?,Kas kütlesi | Hız | Kas gevşemesi ve dolaşım | Denge,Kas gevşemesi ve dolaşım,Masajın kasları gevşettiği sağduyuyla bilinir; diğer şıklar açıkça ilgisiz.
1d157b39-6d84-4129-b553-c892edf893fd,spor,KAPAT,kapat,0.90,tamam,'Spor psikolojisi' neyle ilgilenir?,Beslenme ile | Sakatlıkla | Zihinsel performans ile | Ekipmanla,Zihinsel performans ile,'Psikoloji' sözcüğü cevabı doğrudan veriyor.
26657dcb-1bb6-4288-99ec-4318323d6b15,spor,KAPAT,kapat,0.90,tamam,'Ağızlık' hangi sporlarda zorunludur?,Temaslı sporlarda | Yüzmede | Okçulukta | Golfte,Temaslı sporlarda,"Yüzme, okçuluk ve golf çeldiricileri saçma olduğundan temaslı sporlar sağduyuyla bulunur."
9c0a151e-f73c-4677-bd94-44357d19c8d2,tarih,KAPAT,kapat,0.85,tamam,'Aile tarihi' araştırmasında hangi kaynak kullanılır?,Uydu görüntüsü | Fosil | Nüfus kayıtları | Sikke,Nüfus kayıtları,"Çeldiriciler (fosil, uydu görüntüsü) açıkça konu dışı, tek ciddi seçenek nüfus kayıtları."
93f23c0b-4ecd-4037-aedd-924e8535941b,tarih,KAPAT,kapat,0.85,tamam,'Köyden kente göç' hangi sorunu büyüttü?,Tarım fazlasını | Kırsal nüfusu | Kentleşme ve konut sorununu | Askerliği,Kentleşme ve konut sorununu,Kente göçün kentleşme ve konut sorununu büyütmesi sağduyuyla bulunuyor; çeldiriciler çelişkili.
c9324569-fac2-45b0-8c11-689a4ab17161,tarih,KAPAT,kapat,0.97,tamam,Fransız Devrimi hangi ülkede olmuştur?,İtalya | Fransa | Almanya | İngiltere,Fransa,"Cevap olan Fransa, soru metnindeki 'Fransız' sözcüğünde zaten geçiyor."
6b3953e0-1832-4c3e-932f-0b599bb4c19b,tarih,KAPAT,kapat,0.85,tamam,'Sözlü tarih' yöntemi neye dayanır?,Kazıya | Tanıklık anlatılarına | Sikkelere | Haritalara,Tanıklık anlatılarına,'Sözlü' sözcüğü cevabın tanıklık anlatıları olduğunu doğrudan veriyor.
ed598739-d2d0-446e-8110-64120687a375,tarih,KAPAT,kapat,0.90,tamam,'Mekteb-i Tıbbiye' hangi alanda açıldı?,Hukuk | Mühendislik | Tıp | Ziraat,Tıp,'Tıbbiye' sözcüğü cevabı doğrudan veriyor; soru kendi kendini cevaplıyor.
acb08aa4-4c5d-4b97-8215-552b9b661117,tarih,KAPAT,kapat,0.85,tamam,'Mumyalama' hangi inanca dayanır?,Doğaya dönüş | Yeniden doğuş yok | Ruh yok | Öldükten sonraki yaşam,Öldükten sonraki yaşam,"Çeldiriciler ('ruh yok', 'yeniden doğuş yok') saçma ve çelişkili olduğundan tek ciddi seçenek doğru şık."
64c76727-3866-40ee-8170-33b218f0cae6,tarih,KAPAT,kapat,0.85,tamam,'Ekonomik tarih' hangi veriyi kullanır?,Üretim ve fiyat kayıtlarını | Savaş ve antlaşma metinlerini | Sanat ve mimari eserlerini | Dil ve edebiyat metinlerini,Üretim ve fiyat kayıtlarını,'Ekonomik' sözcüğü cevabı veriyor; üretim ve fiyat kayıtları tek ilgili şık.
442c9c51-b4f1-4418-82c8-5a66ba26097e,tarih,KAPAT,kapat,0.85,tamam,'Göçmen yerleştirme' hangi sorunu doğurur?,Vergi artışını | Askerlik sorununu | Ticaret sorununu | Barınma ve uyum ihtiyacını,Barınma ve uyum ihtiyacını,"Göçmenlerin barınma ve uyum ihtiyacı sağduyuyla bilinir, diğer şıklar zayıf."
7cbff9e2-7c8e-48f2-8311-dc3a93e4d0e2,tarih,KAPAT,kapat,0.85,tamam,'Matbaanın' Avrupa'da yaygınlaşması neyi hızlandırmıştır?,Ticareti | Savaşları | Denizciliği | Bilginin yayılmasını,Bilginin yayılmasını,Matbaanın bilginin yayılmasını hızlandırdığı sağduyuyla bulunuyor; çeldiriciler zayıf.
e8b7b8cb-eaf2-462f-a39d-af709c591700,tarih,KAPAT,kapat,0.90,tamam,'Demir yolu' 19. yüzyılda neyi hızlandırdı?,Ulaşım ve ticareti | Tarımı yalnızca | Askerliği yalnızca | Eğitim,Ulaşım ve ticareti,Demir yolunun ulaşımı hızlandırdığı kendiliğinden bellidir; 'yalnızca' içeren çeldiriciler saçma.
2a9c9eb3-d429-4803-a6ed-fc495b363a37,tarih,KAPAT,kapat,0.85,tamam,'Küba Füze Krizi' neyi tehdit etti?,Ticareti | Göçü | Enerjiyi | Nükleer savaş riskini artırdı,Nükleer savaş riskini artırdı,"'Füze' sözcüğü ve tek uzun, açıklamalı şık cevabı kendiliğinden ele veriyor."
6f7cb779-c63c-4b63-a091-c2e97cc671ff,tarih,KAPAT,kapat,0.90,tamam,İlk buharlı gemi hangi alanda devrim yaptı?,Madencilik | Tarım | Deniz taşımacılığı | Dokuma,Deniz taşımacılığı,Gemi sözcüğü doğrudan deniz taşımacılığını gösteriyor; diğer şıklar konu dışı.
d7721659-1ab1-4ce0-a20f-27a5ffe7ff75,tarih,KAPAT,kapat,0.90,tamam,'Telgraf hattı' devletlere ne kazandırdı?,Vergi | Toprak | Nüfus | Hızlı haberleşme,Hızlı haberleşme,"Telgrafın haberleşme aracı olduğu sağduyuyla belli ve vergi, toprak, nüfus çeldiricileri konu dışı."
f27accce-0c77-4602-9305-421667b7e60d,tarih,KAPAT,kapat,0.85,tamam,Coğrafi keşiflerin tarımsal sonucu ne olmuştur?,Tarımın durması | Ürünlerin kıtalar arasında yayılması | Ekili alanın azalması | Tohumun yok olması,Ürünlerin kıtalar arasında yayılması,Çeldiriciler saçma olduğundan tek ciddi seçenek ürünlerin yayılmasıdır.
c8b3dd13-8ca1-440a-9bd5-e857f2886261,tarih,KAPAT,kapat,0.90,tamam,'Roma su kemerleri' ne amaçla yapılmıştır?,Kente su taşımak | Savunma | Ticaret | Tapınma,Kente su taşımak,Su kemerinin su taşıdığı adından belli.
15a30781-10f9-40a3-81a3-90e75f7f3bfa,tarih,KAPAT,kapat,0.90,tamam,'Baharat Yolu' hangi ürünlerin ticaretini sağlardı?,Kumaş | Doğu kökenli baharatlar | Maden | Kereste,Doğu kökenli baharatlar,Baharat Yolu'nun baharat ticareti yaptığı adından belli.
2eaa7aa7-2aaf-4fa2-9dc4-25599fa2e8da,tarih,KAPAT,kapat,0.85,tamam,'Sendika' hareketinin doğuşu neyle ilişkilidir?,Tarımla | Denizcilikle | Ticaretle | İşçi sınıfının oluşumuyla,İşçi sınıfının oluşumuyla,"Sendikanın işçilerle ilişkisi herkesçe bilinir; tarım, denizcilik ve ticaret çeldiricileri zayıftır."
bf8e420d-d4b9-4695-85d6-2a5b33814875,tarih,KAPAT,kapat,0.85,tamam,'Buharlı gemi' denizcilikte neyi değiştirdi?,Pusula kullanımını | Harita kullanımını | Bayrak kullanımını | Rüzgara bağımlılığı,Rüzgara bağımlılığı,"Buhar gücünün yelkenin yerini aldığı sağduyuyla bulunuyor, diğer şıklar konu dışı."
545d8731-e8f4-4b4c-9575-20fdcc297a47,teknoloji,KAPAT,kapat,0.90,tamam,Bulut depolamanın avantajı nedir?,Elektrik üretimi | Sonsuz hız | Isıtma | Her yerden erişim,Her yerden erişim,"Genel bir kavramın yararı soruluyor ve çeldiriciler (elektrik üretimi, ısıtma) saçma."
2f5d0773-f746-44a6-832c-98c079be5c70,teknoloji,KAPAT,kapat,0.90,tamam,İki faktörlü doğrulama neyi artırır?,Hesap güvenliğini | Depolama alanını | Ekran parlaklığını | İnternet hızını,Hesap güvenliğini,'Doğrulama' sözcüğü güvenliği ima ediyor; çeldiriciler konu dışı.
3909b00c-b748-422b-966c-723b25f872e8,teknoloji,KAPAT,kapat,0.85,tamam,'Metinden sese' teknolojisi ne yapar?,Yazıyı konuşmaya çevirir | Konuşmayı yazıya | Görüntüyü metne | Sesi görüntüye,Yazıyı konuşmaya çevirir,Teknolojinin adı ne yaptığını doğrudan söylüyor.
667864be-91ff-4eca-80fc-a6f1d9675525,teknoloji,KAPAT,kapat,0.92,tamam,"Yapay zekâda ""veri seti"" ne demektir?",Bir kablo | Öğrenme için kullanılan veriler | Bir donanım | Bir ekran,Öğrenme için kullanılan veriler,"'Veri' sözcüğü soruda geçiyor ve kablo, donanım, ekran gibi çeldiriciler saçma."
1fdd6a6b-1718-4aaa-a43b-b3bbf3e01a36,teknoloji,KAPAT,kapat,0.90,tamam,'Hareket yakalama' (motion capture) ne kaydeder?,Oyuncunun hareketini | Sesi | Işığı | Rengi,Oyuncunun hareketini,'Hareket yakalama' adı neyi kaydettiğini doğrudan söylüyor.
e8d192f9-a56d-45e4-86fb-cb17859f0556,teknoloji,KAPAT,kapat,0.85,tamam,'Gösterge paneli' (dashboard) ne yapar?,Ölçümleri görselleştirir | Kod yazar | Yedek alır | Şifre üretir,Ölçümleri görselleştirir,"'Gösterge paneli' adı işlevi ele veriyor, diğer şıklar konu dışı."
151e9c70-2827-4522-9087-80ebb0ffa087,teknoloji,KAPAT,kapat,0.85,tamam,'Bilgisayarla görü' neyi işler?,Metni | Görüntü verisini | Sesi | Sayıyı yalnızca,Görüntü verisini,'Görü' sözcüğü cevabın görüntü verisi olduğunu doğrudan ele veriyor.
ac705c5c-f598-4e35-8746-0419f118f163,teknoloji,KAPAT,kapat,0.85,tamam,Casus yazılım (spyware) ne yapar?,Dosyaları şifreleyip fidye ister | Kullanıcı bilgisini gizlice toplar | Kendini ağda hızla çoğaltır | Ekranda sürekli reklam gösterir,Kullanıcı bilgisini gizlice toplar,Cevap 'casus' sözcüğünün anlamından doğrudan çıkıyor.
9a61b9d7-ab1d-4931-b5dd-8daec6c8fb23,teknoloji,KAPAT,kapat,0.85,tamam,Uydu iletişiminde gecikmenin nedeni nedir?,Kablo direnci | Yazılım hatası | Sinyalin uzun mesafe kat etmesi | Anten rengi,Sinyalin uzun mesafe kat etmesi,Cevap sağduyudan belli; anten rengi ve yazılım hatası gibi çeldiriciler saçma.
98c4d5f9-bfb5-4e3e-bc77-ce4ea471e874,teknoloji,KAPAT,kapat,0.85,tamam,Kesintisiz güç kaynağı (UPS) ne sağlar?,İnternet | Elektrik kesildiğinde geçici besleme | Kalıcı elektrik üretimi | Soğutma,Elektrik kesildiğinde geçici besleme,'Kesintisiz güç kaynağı' adı cevabı açıkça veriyor.
d58f19e5-88b0-4627-9950-de2e1c52c923,teknoloji,KAPAT,kapat,0.85,tamam,'Yapay sinir ağı' neyden esinlenir?,Kas yapısından | Kan dolaşımından | Sindirimden | Beyin hücrelerinden,Beyin hücrelerinden,Terimdeki 'sinir' sözcüğü cevabı doğrudan veriyor.
1876e0fa-51f9-4796-b518-5f5d1ec824c7,teknoloji,KAPAT,kapat,0.85,tamam,Bir uygulamanın 'gizlilik politikası' neyi açıklar?,Hangi verinin nasıl işlendiğini | Fiyatı | Kurulum adımlarını | Sistem gereksinimini,Hangi verinin nasıl işlendiğini,'Gizlilik' sözcüğü cevabı veriyor; diğer şıklar konu dışı.
0bc5830f-5dcb-439a-93d8-85db6f96cb51,teknoloji,KAPAT,kapat,0.90,tamam,Hızlı şarj teknolojisi neyi artırır?,Ekran boyutunu | Şarj gücünü ve hızını | Pil ömrünü kesin olarak | Ses seviyesini,Şarj gücünü ve hızını,'Hızlı şarj' ifadesi cevabı doğrudan içeriyor.
6b9d39b9-6d91-4e0c-865a-03600bfae92f,teknoloji,KAPAT,kapat,0.85,tamam,Otomobilde ABS ne işe yarar?,Radyo açar | Hızı artırır | Klima çalıştırır | Frende tekerlek kilitlenmesini önler,Frende tekerlek kilitlenmesini önler,Çeldiriciler saçma olduğundan doğru şık tek ciddi seçenek olarak kalıyor.
22d062bf-d2a3-4742-8698-49ff7b703e0c,teknoloji,KAPAT,kapat,0.90,tamam,Drone teknolojisinin sivil kullanımına örnek nedir?,Ağ kurulumu | Veri şifreleme | Kod derleme | Haritalama ve tarımsal izleme,Haritalama ve tarımsal izleme,Çeldiriciler drone ile ilgisiz yazılım işleri; tek mantıklı şık haritalama ve tarımsal izleme.
70770d57-ced2-42cf-aad0-9bc6e47473a7,teknoloji,KAPAT,kapat,0.85,tamam,'Kuyruk sistemi' neyi düzenler?,Ekranı | İşlerin sırayla işlenmesini | Şifreyi | Renk paletini,İşlerin sırayla işlenmesini,"'Kuyruk' sözcüğünün anlamı sıralı işlemeyi doğrudan ele veriyor, diğer şıklar saçma."
b30b1549-aa13-42e3-87a0-002008502838,teknoloji,KAPAT,kapat,0.85,tamam,Sesi kaydetmek için kullanılan aygıt hangisidir?,Hoparlör | Yazıcı | Mikrofon | Kamera,Mikrofon,"Sesi kaydeden aygıtın mikrofon olduğu gündelik bilgi düzeyinde, şıklar bariz."
467ed718-2b91-4d8e-9048-142396ea5f55,teknoloji,KAPAT,kapat,0.95,tamam,Router (yönlendirici) ne işe yarar?,Ağ trafiğini yönlendirmek | Ses çalmak | Dosya silmek | Görüntü büyütmek,Ağ trafiğini yönlendirmek,Sorudaki 'yönlendirici' sözcüğü cevabı veriyor; çeldiriciler saçma.
03313322-9db4-4b15-b68c-842e1ad4fb21,teknoloji,KAPAT,kapat,0.88,tamam,Veri tabanı ne için kullanılır?,Ses dosyalarını çalıp yönetmek | Belgeleri biçimlendirip yazdırmak | Üç boyutlu görüntü üretmek | Veriyi düzenli saklayıp sorgulamak,Veriyi düzenli saklayıp sorgulamak,"'Veri tabanı' adı işlevini doğrudan söylüyor, çeldiriciler ilgisiz."
25f4805b-78c8-45c1-8a50-5db1c5c625a7,teknoloji,KAPAT,kapat,0.85,tamam,'En boy oranı' neyi ifade eder?,Ses seviyesini | Kare hızını | Çözünürlüğü | Görüntünün genişlik yükseklik oranını,Görüntünün genişlik yükseklik oranını,"Cevap terimin adında geçiyor: en boy oranı, genişlik/yükseklik oranıdır."
716ff0a9-1769-4548-973f-792febc24cdd,teknoloji,KAPAT,kapat,0.90,tamam,Bulut bilişim ne anlama gelir?,Hava tahmini | Verilerin uzak sunucularda tutulması | Bulut fotoğrafı | Uçak seyahati,Verilerin uzak sunucularda tutulması,"Çeldiriciler (hava tahmini, bulut fotoğrafı, uçak) saçmadır; tek ciddi seçenek doğru şıktır."
4d960d4f-e257-4d14-ad78-c66a568ff864,teknoloji,KAPAT,kapat,0.85,tamam,Yazıcılarda lazer teknolojisinin avantajı nedir?,Ucuzluk zorunlu | Renk zenginliği zorunlu | Hızlı ve net metin baskısı | Sessizlik zorunlu,Hızlı ve net metin baskısı,"Çeldiriciler 'zorunlu' ekiyle saçmalaştırılmış, tek ciddi seçenek doğru şık."
2fd69aa9-b3b2-459b-aee0-2a9f9f04a2fd,teknoloji,KAPAT,kapat,0.85,tamam,Artırılmış gerçeklik ne yapar?,Gerçek görüntüye dijital öğe ekler | Ekranı kapatır | Sesi keser | Pili şarj eder,Gerçek görüntüye dijital öğe ekler,Çeldiriciler saçma olduğundan doğru şık tek ciddi seçenek.
8c2492e0-5281-4dca-9dbe-0c0d739760df,teknoloji,KAPAT,kapat,0.90,tamam,Elektronik atıkların (e-atık) sorunu nedir?,Hafif olması | Renksiz olması | Zararlı madde içermesi | Ucuz olması,Zararlı madde içermesi,Atığın sorununun zararlı madde olduğu sağduyudan bellidir; diğer şıklar anlamsız.
aab0978e-5a7a-4561-8136-b9690ca5c5c6,teknoloji,KAPAT,kapat,0.90,tamam,İkili sayı sisteminde kaç rakam kullanılır?,1 | 10 | 8 | 2,2,Sorudaki 'ikili' sözcüğü cevabı doğrudan veriyor.
d74daa78-24b3-4a55-a72f-a35dd29462ba,teknoloji,KAPAT,kapat,0.90,tamam,E-imza hangi işlemde kullanılır?,Dosya sıkıştırmada | Ağ kurmada | Belgenin yasal olarak imzalanmasında | Renk düzeltmede,Belgenin yasal olarak imzalanmasında,"'E-imza' adı, belgeyi imzalamakta kullanıldığını açıkça gösteriyor."
d8432ae7-c9d5-4934-b277-151b78bf59d9,teknoloji,KAPAT,kapat,0.95,tamam,Apple'ın bileğe takılan akıllı saati hangisidir?,Mi Band | Fitbit | Apple Watch | Galaxy Watch,Apple Watch,Cevap soru metnindeki 'Apple' ve 'saat' sözcüklerinden doğrudan çıkar.
79ea2a21-8f58-4b68-aeb9-ae48cb106478,teknoloji,KAPAT,kapat,0.85,tamam,Uygulama izinlerinin sınırlanması neyi korur?,Pil ömrünü yalnızca | Kullanıcı gizliliğini | Ekran parlaklığını | Ağ hızını,Kullanıcı gizliliğini,Bir işlevin yararı soruluyor; gizlilik açıkça tek mantıklı şıktır.
0ad8fcc2-760d-4b1f-b033-8620539da576,teknoloji,KAPAT,kapat,0.90,tamam,Yazılım ve bilişim hizmetlerinde öne çıkan ülke hangisidir?,Nijer | Çad | Papua Yeni Gine | Hindistan,Hindistan,"Nijer, Çad ve Papua Yeni Gine yazılım için ciddi seçenek değil; Hindistan tek akla yatkın şık."
0551cdc3-8393-41e3-822b-bfc62754c839,teknoloji,KAPAT,kapat,0.85,tamam,İnternette IP adresi ne işe yarar?,Dosyaları sıkıştırmak | Cihazı ağda adreslemek | Rastgele şifre üretmek | Sesi karşıya iletmek,Cihazı ağda adreslemek,Sorudaki 'adres' sözcüğü doğru şıkta tekrarlanıyor; çeldiriciler ilgisiz.
44b259c8-630f-4d1f-9ffc-ecce24dbc526,teknoloji,KAPAT,kapat,0.92,tamam,Bilgisayarı virüslerden korumak için kullanılan program hangisidir?,Kelime işlemci | Antivirüs | Oyun | Tarayıcı,Antivirüs,Sorudaki 'virüslerden korumak' ifadesi cevabı (Antivirüs) doğrudan veriyor.
20bd0186-2e97-40b6-b902-74e4dc3845d5,teknoloji,KAPAT,kapat,0.90,tamam,Bilgisayarlı görü hangi veriyle çalışır?,Metin | Görüntü ve video | Ses | Tablo,Görüntü ve video,'Görü' sözcüğü cevabı doğrudan veriyor; diğer şıklar açıkça konu dışı.
feb616fb-36c1-46bf-a003-e5396707cf79,teknoloji,KAPAT,kapat,0.85,tamam,IP adresinin işlevi nedir?,Dosya sıkıştırmak | Şifre üretmek | Cihazı ağda adreslemek | Ekran açmak,Cihazı ağda adreslemek,Soruda geçen 'adres' sözcüğü cevabı veriyor ve çeldiriciler saçma.
ad712898-ae93-4a2f-b476-9ee9292f629f,teknoloji,KAPAT,kapat,0.85,tamam,Netflix'in kırmızı logosunda hangi harf yer alır?,F | M | N | X,N,Markanın adı N ile başladığı için cevap sorunun içinde geçiyor.
634b13d5-ba76-491e-b813-33aaa7143832,teknoloji,KAPAT,kapat,0.85,tamam,'Zaman dilimi' verisi neden önemlidir?,Renk için | Doğru saat gösterimi için | Şifre için | Depolama için,Doğru saat gösterimi için,"Zaman diliminin saatle ilgili olduğu terimin kendisinden belli, diğer şıklar saçma."
75cc0999-a952-4db2-964c-fb555f4db581,teknoloji,KAPAT,kapat,0.90,tamam,Çerezler (cookie) ne işe yarar?,Pil şarj etmek | Ekran temizlemek | Ses açmak | Site tercihlerini saklamak,Site tercihlerini saklamak,Çeldiriciler saçmadır; tek ciddi seçenek site tercihlerini saklamaktır.
b551cc78-dc7a-4e2f-905e-74baa4139bd3,teknoloji,KAPAT,kapat,0.90,tamam,Bluetooth hangi mesafe için tasarlanmıştır?,Uydu bağlantısı | Denizaltı kablosu | Kıtalararası | Kısa mesafe,Kısa mesafe,"Uydu, denizaltı kablosu ve kıtalararası çeldiricileri saçma olduğundan kısa mesafe sağduyuyla bulunur."
2e3c931e-bb2b-46dd-8817-5c384de6a428,bilim,SUPHELI,supheli,0.55,tamam,Termosun ısıyı korumasının sebebi nedir?,Konveksiyon | İletim | Yalıtım | Işıma artışı,Yalıtım,"Yalıtım sağduyuyla bulunabilir, ancak iletim ve konveksiyon fizik bilgisi olmayanı yanıltabilir."
368a4129-9942-4de2-a303-3f9245f73370,bilim,SUPHELI,supheli,0.50,tamam,Bitkilerde kök çürümesinin yaygın nedeni nedir?,Aşırı sulama | Az güneş | Soğuk hava | Rüzgâr,Aşırı sulama,"'Çürüme' sözcüğü nemi çağrıştırdığından cevap sezgiyle bulunabilir, ama biraz bahçecilik bilgisi de gerekiyor."
2ba6c248-1364-45b9-95aa-3591dab696eb,bilim,SUPHELI,kapat,0.80,tamam,Bir ilacın prospektüsü ne içerir?,Fiyat listesi | Reklam | Anket | Kullanım bilgisi,Kullanım bilgisi,"Prospektüsün kullanım bilgisi içerdiği gündelik bilgi, çeldiriciler ise konu dışı."
86cd8ed2-00f2-4eb7-8493-c0ba67451f9d,bilim,SUPHELI,kapat,0.65,tamam,Bitki sulamada sabah saatleri neden tercih edilir?,Rüzgâr için | Soğuk için | Işık çok olduğu için | Buharlaşma az olduğu için,Buharlaşma az olduğu için,"Az buharlaşma, sağduyuyla bulunabilen tek makul gerekçe; diğer şıklar zayıf."
de544bf9-962c-4652-93f4-4c02618b44a4,bilim,SUPHELI,supheli,0.55,tamam,'Direnç' devrede ne yapar?,Akımı artırır | Gerilimi üretir | Akımı zorlaştırır | Enerji üretir,Akımı zorlaştırır,"Temel fizik bilgisi ister, ancak 'direnç' sözcüğünün anlamı cevabı büyük ölçüde ele veriyor."
77b2a150-a1d8-455e-9073-98b53a06f602,bilim,SUPHELI,supheli,0.55,tamam,'Rezonans' ses üretiminde ne sağlar?,Sesin güçlenmesini | Sesin kesilmesini | Perdenin düşmesini | Ritmin bozulmasını,Sesin güçlenmesini,Rezonansın sesi güçlendirdiği fizik bilgisi gerektirir ama günlük dilde de bilinir ve çeldiricilerin hepsi olumsuz olduğundan doğru şık kolayca seçilebilir.
06aca1d5-6363-40c0-963f-cd70c88885e7,bilim,SUPHELI,kapat,0.75,tamam,'Manyetik kutup' ile 'coğrafi kutup' farkı nedir?,Konumları farklıdır | Tamamen aynı yerdedir | Biri gerçekte yoktur | İkisi de sabittir,Konumları farklıdır,"Soru zaten bir fark olduğunu söylüyor, 'aynı yerde' gibi çeldiriciler bu nedenle anlamsız kalıyor."
c7b75a5e-ef6c-42cd-babc-2c2ec0bc77a4,bilim,SUPHELI,kapat,0.75,tamam,Pankreasın sindirimdeki rolü nedir?,Kemik yapmak | Hava taşımak | Kan üretmek | Enzim salgılamak,Enzim salgılamak,"Sindirim bağlamında tek mantıklı şık enzim salgılamak, diğerleri saçma."
f656c283-45d9-4bb7-ab33-15c72f63b04e,bilim,SUPHELI,kapat,0.70,tamam,'Kök hücre'nin özelliği nedir?,Hiç bölünmemesi | Farklı hücrelere dönüşebilmesi | Ölü olması | Çekirdeksiz olması,Farklı hücrelere dönüşebilmesi,"Çeldiriciler (ölü olması, çekirdeksiz olması, hiç bölünmemesi) saçma olduğundan doğru şık tek ciddi seçenek olarak kalıyor."
9e10f188-6252-4891-8861-e8be99dc5623,bilim,SUPHELI,supheli,0.55,tamam,'Uzay teleskopu' hangi avantaja sahiptir?,Ucuzluk | Kolay bakım | Büyük boyut | Atmosfer bozulmasından kurtulma,Atmosfer bozulmasından kurtulma,"Atmosfer bozulmasından kurtulma bilgi gerektirir, ancak diğer şıklar zayıf olduğundan doğru cevap tahminle bulunabilir."
798bf606-eb35-4be2-a248-a4adae19dc4b,bilim,SUPHELI,kapat,0.80,tamam,Plastiklerin doğada kalıcı olmasının sebebi nedir?,Ucuz olmaları | Zor çözünmeleri | Renkli olmaları | Hafif olmaları,Zor çözünmeleri,Sorudaki 'kalıcı' sözcüğü zor parçalanmayı ima ediyor; diğer şıklar kalıcılıkla ilgisiz.
e8ceff2f-2022-4c08-80a4-b573f83e3f5b,bilim,SUPHELI,supheli,0.50,tamam,Siyah cisimler ışığa ne yapar?,Üretir | Soğurur | Kırar | Yansıtır,Soğurur,Siyahın ışığı soğurduğu günlük deneyimden bilinse de temel bir fizik olgusu sayılabilir.
ce0f611a-9a40-4971-9eb4-5586dd02238a,bilim,SUPHELI,kapat,0.70,tamam,'Basit makine' olarak kaldıraç ne sağlar?,Kuvvet kazancı | Enerji üretimi | Kütle artışı | Isı üretimi,Kuvvet kazancı,"Çeldiriciler (enerji, kütle, ısı üretimi) saçma; kuvvet kazancı tek ciddi seçenek."
249bbf50-802f-4b6b-9fad-8a6c859b0f03,bilim,SUPHELI,kapat,0.70,tamam,'Eğik düzlem' hangi kolaylığı sağlar?,Süre kısaltır | Enerji üretir | Gereken kuvveti azaltır | Kütleyi azaltır,Gereken kuvveti azaltır,"Basit makine işlevi soruluyor ve çeldiriciler (enerji üretimi, kütle azalması) açıkça yanlış."
03d49497-044a-4a68-b9be-d12c313b1926,bilim,SUPHELI,kapat,0.75,tamam,'Yinelenebilirlik' neden önemlidir?,İşlemi hızlandırmak için | Maliyeti düşürmek için | Dergide yayın için | Sonucun doğrulanması için,Sonucun doğrulanması için,Genel bir kavramın amacı soruluyor ve doğru şık açıkça en mantıklı seçenek.
1e66253a-6413-4e80-ba1d-c02d5ddbc38f,bilim,SUPHELI,kapat,0.70,tamam,Mutasyonun evrimdeki rolü nedir?,Çeşitliliğe kaynak sağlamak | Çeşitliliği azaltmak | Üremeyi durdurmak | Beslenmeyi sağlamak,Çeşitliliğe kaynak sağlamak,"Çeldiriciler (üremeyi durdurmak, beslenmeyi sağlamak) saçma olduğundan tek ciddi seçenek doğru cevap."
5910a9a3-f541-4276-9bb6-a2f89f74e2fd,bilim,SUPHELI,kapat,0.65,tamam,Büyük Patlama kuramı neyi açıklar?,Evrenin genişleyerek oluşumunu | Güneş'in sönmesini | Ay'ın oluşumunu | Depremleri,Evrenin genişleyerek oluşumunu,"Kuramın adı ve konu dışı çeldiriciler (deprem, Güneş'in sönmesi) cevabı açık ediyor."
3510be1d-2e52-4d7b-823c-a4233efa467d,bilim,SUPHELI,kapat,0.80,tamam,'İyonlaştırıcı radyasyon' neden zararlıdır?,Isıttığı için | Hücre ve DNA'ya zarar verdiği için | Ses çıkardığı için | Ağır olduğu için,Hücre ve DNA'ya zarar verdiği için,Çeldiriciler saçma; tek ciddi seçenek hücre ve DNA hasarı.
c6a75e41-9f7a-4b0a-8e6d-b99a92f6ee45,bilim,SUPHELI,kapat,0.80,tamam,Priz ve fişte topraklama neyi önler?,Ses kısılmasını | Işık azalmasını | Elektrik çarpmasını | Isı kaybını,Elektrik çarpmasını,"Elektrikle ilgili tek mantıklı şık elektrik çarpması, diğerleri konu dışı."
94341c14-b141-46c2-bd1d-c539c5cc0f5d,bilim,SUPHELI,kapat,0.70,tamam,Uzay giysisinin temel görevi nedir?,Hız kazandırmak | Basınç ve oksijen sağlamak | Isıtmak | Renk vermek,Basınç ve oksijen sağlamak,Uzayda yaşamı sürdürmek için basınç ve oksijenin gerektiği sağduyudan çıkarılabiliyor; diğer şıklar zayıf.
0b58ffc7-a5fc-471b-a5fe-5404066e6794,bilim,SUPHELI,kapat,0.80,tamam,'Genetiği değiştirilmiş organizma' nasıl elde edilir?,Isıtmayla | Melezlemeyle yalnızca | Işınlamayla yalnızca | Gen aktarımıyla,Gen aktarımıyla,'Genetiği değiştirilmiş' ifadesi gen aktarımını doğrudan çağrıştırıyor; çeldiriciler zayıf ve 'yalnızca' kalıbıyla eleniyor.
e79a6196-90f5-408c-a790-c8ed5184ae15,bilim,SUPHELI,kapat,0.60,tamam,Bir iletkenin direnci neye bağlıdır?,"Uzunluk, kesit ve cinsi | Rengine | Ağırlığına | Şekline yalnızca","Uzunluk, kesit ve cinsi","Fizik bilgisi gerektiren bir konu olsa da renk, ağırlık ve 'yalnızca şekil' gibi saçma çeldiriciler doğru şıkkı tek ciddi seçenek bırakıyor."
95164a6b-0aab-4083-aeb4-768d4191c0c9,bilim,SUPHELI,kapat,0.80,tamam,Uçakta kabin basıncı neden ayarlanır?,Motorların verimli çalışması için | Yakıtın verimli yanması için | Yolcuların rahat solunumu için | Kanatların dengeli taşıması için,Yolcuların rahat solunumu için,Kabin basıncının yolcular için ayarlandığı sağduyudan belli; çeldiriciler kabinle ilgisiz.
16e28571-e584-465b-bf72-481536fc39c0,bilim,SUPHELI,kapat,0.75,tamam,'Rehabilitasyon' süreci neyi hedefler?,Yarışmayı | Kilo vermeyi | İşlevin geri kazanılmasını | Kas büyütmeyi,İşlevin geri kazanılmasını,Genel bir kavramın amacı soruluyor ve çeldiriciler konu dışı kaldığı için doğru şık açıkça belli.
33f4ef63-0c16-4b51-94ef-0211501df118,bilim,SUPHELI,kapat,0.75,tamam,Biyoçeşitliliğin azalmasının başlıca nedeni nedir?,Nüfus azalması | İklim soğuması | Ormanların artması | Habitat kaybı,Habitat kaybı,"Çeldiriciler (nüfus azalması, ormanların artması) açıkça saçma; habitat kaybı tek ciddi seçenek."
dd4dfff6-28e1-4131-99a4-fdbe96e73519,bilim,SUPHELI,kapat,0.80,tamam,Kontrollü deneyde kontrol grubunun amacı nedir?,Süreyi kısaltmak | Maliyeti azaltmak | Karşılaştırma sağlamak | Sonucu değiştirmek,Karşılaştırma sağlamak,Kontrol grubunun amacı sağduyuyla bulunuyor; diğer şıklar konu dışı.
7411408c-5396-4402-8edd-7615a1b8c24f,bilim,SUPHELI,kapat,0.80,tamam,'Merkezcil kuvvet' neyi sağlar?,Dairesel harekette merkeze çekmeyi | Doğrusal hızlanmayı | Durmayı | Dönmeyi engellemeyi,Dairesel harekette merkeze çekmeyi,'Merkezcil' sözcüğü cevabı doğrudan veriyor.
a76f57b4-fd2f-4500-9da4-7245506b2e8c,bilim,SUPHELI,supheli,0.55,tamam,Kara deliğin en belirgin özelliği nedir?,Işık yayması | Soğuk olması | Küçük kütleli olması | Işığın bile kaçamayacağı çekim,Işığın bile kaçamayacağı çekim,"Bilinen bir bilimsel olgu soruluyor, ancak 'kara' adı ışık yaymadığını ima ettiği için cevap tahmin edilebilir."
dbc2cac6-fb39-46ac-82f5-f679737ca0ce,bilim,SUPHELI,kapat,0.75,tamam,'Bilimsel kuşkuculuk' neyi savunur?,Her şeyi reddetmeyi | İnanmayı | Susmayı | Kanıt talep etmeyi,Kanıt talep etmeyi,Bu genel bir kavramın tutumu; 'bilimsel' sözcüğü ve saçma çeldiriciler cevabı açık ediyor.
05ac7c13-edb1-4186-a8ee-19b6348d776c,bilim,SUPHELI,kapat,0.80,tamam,Kontrol grubunun deneydeki işlevi nedir?,Sonucu değiştirmek | Karşılaştırma sağlamak | Süreyi kısaltmak | Maliyeti düşürmek,Karşılaştırma sağlamak,Kontrol grubunun işlevi genel bir kavramdır ve çeldiriciler açıkça saçmadır.
65af8dd7-4c73-4f69-81b3-374e09d04941,bilim,SUPHELI,kapat,0.70,tamam,Doğal seçilim neye dayanır?,Rastgele üremeye | Boyut büyüklüğüne | Uyum sağlayanın daha çok üremesine | Yaşa,Uyum sağlayanın daha çok üremesine,"Çeldiriciler zayıf (boyut, yaş); uyum sağlayanın daha çok üremesi açıkça tek mantıklı şık."
0bf7a0ba-e9ef-4405-8d4c-dfae3bcbf4f6,bilim,SUPHELI,supheli,0.50,tamam,Doymuş çözelti ne demektir?,Çok seyreltik olan | Daha fazla çözünmeyen | Hiç çözünme olmayan | Kaynama noktasındaki,Daha fazla çözünmeyen,Bu bir terim tanımı ama 'doymuş' sözcüğünün anlamı cevabı büyük ölçüde ele veriyor.
2ca230ca-1d06-4d59-8015-5dc868e405cb,bilim,SUPHELI,kapat,0.65,tamam,'Vücut kompozisyonu' neyi gösterir?,Boyu | Kalp hızını | Kan basıncını | Yağ ve kas oranını,Yağ ve kas oranını,'Kompozisyon' sözcüğü vücudun bileşimini ima ediyor; diğer şıklar tekil ölçümler olduğundan cevap belli.
19337dd8-5a55-4df8-b697-23b7386dc70a,bilim,SUPHELI,kapat,0.80,tamam,'Biyoyakıt' neyden elde edilir?,Petrolden | Biyokütleden | Kömürden | Uranyumdan,Biyokütleden,'Biyo' öneki cevabı 'biyokütle' şıkkıyla doğrudan eşleştiriyor.
f97bfb83-17db-43f5-b998-e4d8a9f0c4ed,bilim,SUPHELI,kapat,0.80,tamam,'Dişli çark' sistemlerinde ne aktarılır?,Isı | Işık | Ses | Hareket ve tork,Hareket ve tork,"Dişlilerin hareket aktardığı sağduyudan belli, ısı/ışık/ses çeldiricileri saçma."
887b0c1b-a448-4187-9eb6-b1ae0fb26993,bilim,SUPHELI,supheli,0.55,tamam,Enzimlerin etkinliği hangi etkenlere duyarlıdır?,Sadece ışığa | Sıcaklık ve pH'a | Sadece basınca | Sadece renge,Sıcaklık ve pH'a,"Biyoloji bilgisi gerekiyor, ama 'sadece renge' gibi saçma çeldiriciler cevabı ele veriyor."
e569f676-2005-4c51-a1e8-2d40d989a99a,bilim,SUPHELI,kapat,0.65,tamam,Yapay seçilim nedir?,Doğanın seçmesi | İstenen özelliğin seçilerek üretilmesi | Rastgele üreme | Göç,İstenen özelliğin seçilerek üretilmesi,Terim sözcük anlamından çıkarılabiliyor; 'yapay' ve 'seçilim' sözcükleri doğru şıkkı doğrudan gösteriyor.
ffb71d7a-e2f4-4b49-9abc-ab7848d47f07,cografya,SUPHELI,kapat,0.70,tamam,Sanayileşmekte olan ülkelerin ortak özelliği nedir?,Nüfusun azalması | Tarımın büyümesi | Kentlerin küçülmesi | Kentleşme ve göçün hızlanması,Kentleşme ve göçün hızlanması,"Sanayileşmenin genel sonucu soruluyor; çeldiriciler (nüfus azalması, kentlerin küçülmesi) açıkça mantıksız."
2c1a0ab1-8028-4a52-acc1-8f109dbddf18,cografya,SUPHELI,kapat,0.75,tamam,Bangladeş'in sık sel yaşamasının nedeni nedir?,Dağlık olması | Çöl olması | Buzul olması | Alçak delta ülkesi olması,Alçak delta ülkesi olması,Sel ile çöl ve buzul ilişkilendirilemeyeceğinden alçak delta şıkkı açıkça tek mantıklı seçenek.
33c59a4d-de03-4177-8f7e-0ec2bf072ed7,cografya,SUPHELI,kapat,0.80,tamam,Toplu taşımada raylı sistemin avantajı nedir?,Yüksek kapasite ve düzenli sefer | Esnek güzergâh | Düşük kapasite | Yol gerektirmemesi,Yüksek kapasite ve düzenli sefer,Bu bir genel kavramın avantajı sorusu; 'düşük kapasite' gibi çeldiriciler açıkça saçma.
57e4ce76-a3c0-4ce6-acc4-50ed3e9f7350,cografya,SUPHELI,supheli,0.50,tamam,Toprak koruma tedbirlerinden biri hangisidir?,Aşırı sürüm | Anız yakma | Aşırı otlatma | Nöbetleşe ekim,Nöbetleşe ekim,"Çeldiricilerin ikisi 'aşırı' ile zararlı olduğunu ele veriyor, ancak nöbetleşe ekim ve anız yakma bilgisi biraz gerekiyor."
e4b4211d-515f-4a48-98eb-bbc8d3bbc62f,cografya,SUPHELI,kapat,0.80,tamam,İlk kentlerin nehir kıyısında kurulmasının nedeni nedir?,Su ve verimli toprak | Savunma kolaylığı yalnızca | Maden varlığı | Serin iklim,Su ve verimli toprak,Nehir kıyısının su ve verimli toprak sağladığı sağduyuyla bulunuyor; çeldiriciler zayıf.
989da90f-8c60-4523-b2dd-2d3a38a51d77,cografya,SUPHELI,kapat,0.75,tamam,Kutup çölü kavramı neyi ifade eder?,Sıcak kum çölü | Yağışı çok az olan soğuk bölge | Yağışlı bölge | Ormanlık alan,Yağışı çok az olan soğuk bölge,'Kutup' ve 'çöl' sözcüklerinin anlamı cevabı doğrudan veriyor.
f1b26765-610c-407c-820f-556d9b626c2f,cografya,SUPHELI,kapat,0.70,tamam,Aktif nüfus hangi yaş grubunu kapsar?,Yalnız çocukları | Yalnız yaşlıları | Çalışma çağındakileri | Tüm nüfusu,Çalışma çağındakileri,'Aktif' sözcüğü cevabı ima ediyor ve 'yalnız' içeren çeldiriciler saçma.
894c4137-bacf-4347-a451-7c028077319a,cografya,SUPHELI,kapat,0.75,tamam,Kentsel nüfusun kırsal nüfusu geçmesi neyi gösterir?,Tarımın büyüdüğünü | Nüfusun azaldığını | Ekonomik yapının değiştiğini | İklimin değiştiğini,Ekonomik yapının değiştiğini,Kentleşmenin ekonomik dönüşümü gösterdiği sağduyuyla bulunuyor; diğer şıklar ilgisiz.
67a85f02-7b3c-4420-b983-a1f82fa52546,cografya,SUPHELI,kapat,0.70,tamam,Kent içinde sanayinin dışarı taşınmasının nedeni nedir?,Kirlilik ve trafik yükünü azaltmak | Maliyet artışı | İşçi azlığı | Enerji fazlası,Kirlilik ve trafik yükünü azaltmak,Sağduyuyla bulunuyor; kirlilik ve trafik yükünü azaltmak tek ciddi seçenek.
47050ea6-6ead-448b-9601-eb074ec8c25e,cografya,SUPHELI,kapat,0.80,tamam,Kutup buzullarının erimesinin denizcilikteki olası sonucu nedir?,Süveyş'in kapanması | Kuzey deniz yollarının açılması | Panama'nın donması | Okyanusların küçülmesi,Kuzey deniz yollarının açılması,"Buz erirse kuzey yollarının açılacağı sağduyudan çıkıyor; diğer şıklar (Panama'nın donması, okyanusların küçülmesi) saçma."
83daa2b8-fcd3-4b85-bff1-eda1c378f322,cografya,SUPHELI,kapat,0.70,tamam,Akış haritası neyi gösterir?,Yükseltiyi | Toprağı | Hareket ve yönelimleri | İklimi,Hareket ve yönelimleri,'Akış' sözcüğü hareket ve yönelimi doğrudan çağrıştırıyor; diğer şıklar statik özellikler.
82a3adab-ec5a-4c59-b404-7c97097d83bb,cografya,SUPHELI,kapat,0.70,tamam,Turunçgillerin yetişme koşulu nedir?,Soğuk karasal iklim | Kışı ılık geçen kıyı iklimi | Kutup iklimi | Yüksek plato,Kışı ılık geçen kıyı iklimi,"Çeldiriciler (kutup, soğuk karasal, yüksek plato) meyve yetiştirmeye açıkça uygun olmadığından ılık kıyı iklimi tek ciddi seçenek kalıyor."
52bdf6be-948c-472b-9676-0af1fca21163,cografya,SUPHELI,supheli,0.55,tamam,İpek Yolu'nun coğrafi önemi neydi?,Doğu-batı ticaretini sağlaması | Kuzey-güney göçünü sağlaması | Deniz seferlerini kısaltması | Maden taşımayı kolaylaştırması,Doğu-batı ticaretini sağlaması,Belirli bir tarihî-coğrafi olgu soruluyor ama 'yol' adı ve çok bilinen ticaret işlevi cevabı neredeyse ele veriyor.
0ae03ee4-e36a-4f88-8f60-e4734b44f39d,cografya,SUPHELI,supheli,0.50,tamam,Yayla yerleşmesi hangi ekonomik faaliyete bağlıdır?,Madencilik | Hayvancılık | Balıkçılık | Sanayi,Hayvancılık,Yayla-hayvancılık ilişkisi temel coğrafya bilgisi ama Türk oyuncu için neredeyse sağduyu düzeyinde.
00bb37ff-c040-41ac-bdd7-bc5fb3dabaf8,cografya,SUPHELI,kapat,0.70,tamam,Organik tarımın temel ilkesi nedir?,En yüksek verimi almak | Kimyasal girdi kullanmamak | Kapalı sera kurmak | Tam makineli üretim yapmak,Kimyasal girdi kullanmamak,Cevap 'organik' sözcüğünün anlamından çıkıyor ve diğer şıklar açıkça ilgisiz.
926a006d-6731-42fc-bf92-6d70da8009e2,cografya,SUPHELI,kapat,0.70,tamam,Sulama olanağının artması tarımda neyi sağlar?,Üretimin iklime bağımlılığını azaltır | Nadas uygulamasının payını artırır | Kırsaldan kente göçü hızlandırır | Tarımda makineleşmeyi belirgin biçimde geriletir,Üretimin iklime bağımlılığını azaltır,Sulamanın yağışa bağımlılığı azalttığı sağduyuyla çıkarılıyor; çeldiriciler mantıksız.
ff79ee3c-048e-45cc-841f-fddc3eff2fc7,cografya,SUPHELI,supheli,0.50,tamam,İngilizcenin dünya çapında yaygınlaşmasının başlıca nedeni nedir?,Kolay öğrenilmesi | Alfabesi | Sömürgecilik ve ekonomik etki | Nüfusu,Sömürgecilik ve ekonomik etki,Tarihsel genel kültür gerektiriyor ancak çeldiriciler oldukça zayıf.
ccbb18af-b8bc-410c-a4d4-76837ad1fddc,cografya,SUPHELI,supheli,0.60,tamam,Bir ülkede doğurganlık hızının düşmesi neye yol açar?,Nüfusun gençleşmesine | Göçün durmasına | Nüfusun yaşlanmasına | Yağışın artmasına,Nüfusun yaşlanmasına,Temel bir nüfus coğrafyası kavramı ama mantık yürütmeyle bulunabiliyor; yalnız gençleşme şıkkı ciddi bir çeldirici.
0dbaf040-bfa1-4aea-8239-966951c7452d,cografya,SUPHELI,kapat,0.70,tamam,Levha hareketleri neye yol açar?,İklimin sabit kalması | Deprem ve volkanizma | Yağışların artması | Nüfusun hızla artması,Deprem ve volkanizma,Çeldiriciler konu dışı; deprem ve volkanizma açıkça tek mantıklı şık.
6af8e6ac-a0eb-449a-97ae-f3b60fb0b0d7,cografya,SUPHELI,supheli,0.50,tamam,İzlanda hangi doğal olayla anılır?,Kum tepeleri | Muson yağmurları | Çöl fırtınaları | Volkan ve jeotermal kaynaklar,Volkan ve jeotermal kaynaklar,Belirli bir yer bilgisi soruluyor ancak çöl ve muson çeldiricileri soğuk bir ülke için kolayca eleniyor.
0ec8b9c1-bd7b-4834-ba89-908c0f3f743e,cografya,SUPHELI,kapat,0.80,tamam,Kirlilik yükünün taşınmasında en etkili ortam hangisidir?,Kayaçlar | Buzullar | Çöl kumu | Su ve hava,Su ve hava,Akışkan ortamların kirliliği taşıdığı sağduyuyla bilinir; çeldiriciler zayıf.
af156f9b-a3e3-415f-848b-563f91bb8957,cografya,SUPHELI,kapat,0.70,tamam,Heyelanın en önemli tetikleyicisi nedir?,Düşük hava basıncı ve sis | Aşırı yağış ve eğim | Kutup rüzgârlarının şiddeti | Gelgit hareketleri ve tuzluluk,Aşırı yağış ve eğim,"Çeldiriciler saçma, tek ciddi seçenek aşırı yağış ve eğim."
9a29bd63-4005-4ef3-a035-009a927168a9,cografya,SUPHELI,kapat,0.70,tamam,Tundra topraklarının tarıma elverişsiz olmasının nedeni nedir?,Aşırı verimli olması | Tuzlu olması | Kumlu olması | Donmuş ve verimsiz olması,Donmuş ve verimsiz olması,"'Verimsiz' ifadesi 'tarıma elverişsiz' ile örtüşüyor, 'aşırı verimli' çeldiricisi saçma; soru kendi kendini büyük ölçüde cevaplıyor."
e75c4e29-ebaf-4616-95ea-29bc62a6f425,cografya,SUPHELI,kapat,0.75,tamam,Kişi başına düşen gelirin yüksekliği neyi gösterir?,Nüfusun fazlalığını | Refah düzeyinin yüksekliğini | Yüzölçümünün büyüklüğünü | Tarımın gelişmişliğini,Refah düzeyinin yüksekliğini,"Kişi başına yüksek gelirin refahı gösterdiği sağduyudan belli, çeldiriciler konu dışı."
5f688b73-856c-4c49-86fd-244c94ea4b52,cografya,SUPHELI,kapat,0.75,tamam,Bakının (yamaç yönünün) sıcaklığa etkisi nedir?,Güneşe bakan yamaç daha sıcaktır | Kuzey yamaç daha sıcaktır | Etkisi yoktur | Yalnız yağışı etkiler,Güneşe bakan yamaç daha sıcaktır,Parantez içi açıklama sonrası güneşe bakan yamacın daha sıcak olduğu sağduyuyla çıkarılıyor.
542b1393-e0fb-4fbd-b959-a2167d44fce0,cografya,SUPHELI,kapat,0.80,tamam,Kentleşme oranının artması neyi gösterir?,Tarım arazilerinin payının artışını | Kent nüfusunun payının artışını | Kişi başına düşen gelirin artışını | Sanayi üretiminin payının artışını,Kent nüfusunun payının artışını,"Cevap, 'kentleşme' sözcüğünün anlamından doğrudan çıkarılıyor."
2c0d8712-80b5-4a74-99c8-ca54419a3078,cografya,SUPHELI,supheli,0.50,tamam,Bir ülkede tarımda çalışan nüfus oranının düşmesi neyi gösterir?,Tarımın çöktüğünü | Nüfusun azaldığını | Toprağın verimsizleştiğini | Sanayi ve hizmetin geliştiğini,Sanayi ve hizmetin geliştiğini,Ders kitabı kavramı ama sağduyuyla da çözülebilir; 'tarımın çöktüğü' çeldiricisi yanıltabilir.
d950a9c8-7ff1-4298-b223-b53201722fc1,cografya,SUPHELI,kapat,0.60,tamam,Bir bölgede bitki örtüsünün tahrip edilmesi ilk olarak neyi artırır?,Yağışı | Nemi | Erozyonu | Verimi,Erozyonu,Bitki örtüsü kaybının erozyonu artırdığı temel bir bilgi; diğer şıklar bu durumda azalan şeyler olduğu için cevap kolayca seçiliyor.
f1a9ed3d-1888-497e-be90-b478282fccb9,cografya,SUPHELI,supheli,0.55,tamam,Katı atık düzenli depolama alanının amacı nedir?,Atığı geri dönüştürmek | Atığı açık havada bırakmak | Atığı enerjiye dönüştürmek | Çevreye sızıntıyı engellemek,Çevreye sızıntıyı engellemek,"Geri dönüşüm ve enerjiye dönüştürme bilgisiz biri için makul çeldiriciler, ancak 'düzenli' sözcüğü cevaba ipucu veriyor."
3888fead-7af7-401e-bdff-884b7ab5539a,cografya,SUPHELI,kapat,0.75,tamam,Sıcaklık ortalamasının hesabında hangi veriler kullanılır?,Günlük en yüksek ve en düşük | Yalnız gece verisi | Yalnız öğlen verisi | Rüzgâr verisi,Günlük en yüksek ve en düşük,'Yalnız' içeren çeldiriciler ve rüzgâr verisi açıkça yanlış; tek ciddi seçenek doğru şık.
6da0acf5-63b0-4e05-89bd-80f5efcc5b3a,cografya,SUPHELI,kapat,0.80,tamam,Nüfusun kıyı bölgelerinde yoğunlaşmasının nedeni nedir?,"Maden varlığı | Yükselti | Ulaşım, ticaret ve ılıman iklim | Orman","Ulaşım, ticaret ve ılıman iklim",Genel bir nedensellik soruluyor ve doğru şık açıkça en kapsamlı ve mantıklı seçenek.
348db667-3b01-482b-8300-e809bee532cc,cografya,SUPHELI,kapat,0.70,tamam,Şehirlerde gecekondulaşmanın temel nedeni nedir?,Plansız hızlı göç | Yoğun mevsimlik turizm | Engebeli dağlık arazi | Sert karasal iklim,Plansız hızlı göç,Gecekonduyu göçle ilişkilendirmek sağduyuyla mümkün; diğer şıklar açıkça ilgisiz.
3095e0e5-f63e-4929-9296-2e724d172a26,cografya,SUPHELI,kapat,0.80,tamam,Yıllık sıcaklık farkı nasıl bulunur?,Günlük fark | En sıcak ve en soğuk ay farkı | Yağış farkı | Basınç farkı,En sıcak ve en soğuk ay farkı,"Sorudaki 'yıllık sıcaklık' ifadesi, en sıcak ve en soğuk ay farkını açıkça işaret ediyor."
094b692a-fab7-4654-9468-787044f6d1c6,cografya,SUPHELI,kapat,0.80,tamam,Türkiye'de tarım alanlarının amaç dışı kullanımı neye yol açar?,Tarımsal verim artışına | Yeraltı suyu artışına | Verimli toprak kaybına | Kırsal nüfus azalmasına,Verimli toprak kaybına,Tarım alanlarının başka amaçla kullanılmasının verimli toprak kaybına yol açtığı sağduyuyla çıkarılabiliyor.
ad15bf88-a34f-4283-b9fd-2a4a84cb06e5,cografya,SUPHELI,kapat,0.75,tamam,Nehir ağızlarında tuzluluğun düşmesinin nedeni nedir?,Buharlaşma | Tatlı su karışması | Rüzgâr | Gelgit,Tatlı su karışması,"Nehrin tatlı su taşıdığı sağduyuyla bilindiğinden, tuzluluğun tatlı su karışmasıyla düştüğü kendiliğinden belli."
fe71d6a2-5d33-4b79-8f27-e3c64e776ea0,cografya,SUPHELI,kapat,0.75,tamam,Kentleşme oranı neyi gösterir?,Kentte yaşayan nüfusun payını | Kent sayısını | Kentin alanını | Bina sayısını,Kentte yaşayan nüfusun payını,Sorudaki 'oran' sözcüğü cevabı kendisi veriyor.
05bb51b8-3879-49cb-b752-07525a9815ce,cografya,SUPHELI,kapat,0.60,tamam,Küresel ısınmadan en çok etkilenecek yerleşimler hangileridir?,Alçak kıyı yerleşmeleri | Yüksek dağ köy yerleşmeleri | İç plato kent yerleşmeleri | Çöl içi vaha yerleşmeleri,Alçak kıyı yerleşmeleri,Deniz seviyesinin yükselmesi çok yaygın bir bilgi; alçak kıyılar açıkça en mantıklı şık.
1f373012-9eef-43b4-bea7-47af256f77e3,cografya,SUPHELI,kapat,0.70,tamam,Bir ülkenin 'jeopolitik konumu' neyi anlatır?,Yüzölçümünü | Nüfusunu | İklimini | Siyasi ve stratejik önemini,Siyasi ve stratejik önemini,Terimin içindeki 'politik' sözcüğü cevabı veriyor; diğer şıkların hiçbiri siyasi değil.
29a6d334-aeb5-46be-854a-e8a8b67c6d4e,cografya,SUPHELI,kapat,0.70,tamam,Akarsuların rejimi düzensizse bunun nedeni nedir?,Eğimin azlığı | Denizin yakınlığı | Toprağın rengi | Yağışın düzensizliği,Yağışın düzensizliği,Sorudaki 'düzensiz' sözcüğü doğru şıkta yineleniyor; diğer şıklar (toprağın rengi vb.) açıkça zayıf.
c4a95033-2b07-4a46-9f14-2a7f82060dba,cografya,SUPHELI,kapat,0.75,tamam,Panama Kanalı'nın ekonomik önemi nedir?,Tatlı su sağlaması | Elektrik üretmesi | Deniz yolunu kısaltması | Sulama yapması,Deniz yolunu kısaltması,Bir kanalın deniz yolunu kısalttığı sağduyuyla bulunur; diğer şıklar konu dışı.
da0507cd-b938-4950-8e46-65a94b03c566,cografya,SUPHELI,kapat,0.80,tamam,Bir bölgede sanayinin gelişmesi nüfusu nasıl etkiler?,Göçle nüfusu artırır | Nüfusu azaltır | Etkilemez | Doğumu azaltır,Göçle nüfusu artırır,Sanayinin iş imkânı yaratıp göç çektiği sağduyudan bellidir; çeldiriciler zayıf.
0f013327-3cd2-490b-a42d-c9ddc8cd1dfa,cografya,SUPHELI,kapat,0.75,tamam,Partikül madde (PM) neden sağlık riski taşır?,Solunumla derinlere ulaşması | Havaya koyu renk vermesi | Yüksek gürültü çıkarması | Havadan daha ağır olması,Solunumla derinlere ulaşması,Sağlık riski sorulunca solunum şıkkı tek ciddi seçenek olarak öne çıkıyor.
ceb720e3-82a7-40c7-a9cb-a83745ebcd1d,cografya,SUPHELI,kapat,0.60,tamam,Doğal denge kavramı neyi ifade eder?,Ekosistemdeki tür sayısını | Toprağın doğal verimliliğini | Ekosistemdeki karşılıklı düzeni | Atmosferdeki gaz oranlarını,Ekosistemdeki karşılıklı düzeni,'Denge' sözcüğü 'karşılıklı düzen' şıkkına doğrudan karşılık geliyor; çeldiriciler dar kapsamlı kalıyor.
2d08ddd7-eb46-4511-a18f-304b606bb175,cografya,SUPHELI,kapat,0.70,tamam,Hortum (tornado) hangi koşulda oluşur?,Karlı havada | Sisli havada | Açık havada | Güçlü fırtına bulutlarında,Güçlü fırtına bulutlarında,"Hortumun fırtınayla ilişkisi sağduyuyla bilinir; karlı, sisli ve açık hava çeldiricileri zayıf kalıyor."
6b782834-3dea-452f-b355-15621e31da20,cografya,SUPHELI,supheli,0.55,tamam,Kentleşmenin en önemli nedeni nedir?,Kırsalda nüfus artışı | İklim değişimi | Yol yapımı | İş olanaklarının kentte toplanması,İş olanaklarının kentte toplanması,Genel bir kavramın nedeni soruluyor ve cevap sağduyuyla bulunabilir; ancak 'kırsalda nüfus artışı' da makul bir itici etken olduğu için soru tam kendi kendini cevaplamıyor.
92e5c116-cfef-49ce-aabd-6552afa68595,cografya,SUPHELI,kapat,0.80,tamam,Yeraltı suyunun beslenmesi öncelikle neyle olur?,Deniz suyuyla | Yağış sızmasıyla | Rüzgârla | Buharlaşmayla,Yağış sızmasıyla,"Deniz suyu, rüzgâr ve buharlaşma saçma çeldiriciler; yağış sızması sağduyuyla bulunuyor."
6f813808-47f7-45da-a5bd-274c5b092da2,cografya,SUPHELI,kapat,0.75,tamam,Bir bölgede sanayinin kurulmasında en önemli etken nedir?,"Yağış miktarı | Yükselti | Hammadde, enerji ve ulaşım | Bitki örtüsü","Hammadde, enerji ve ulaşım","Hammadde, enerji ve ulaşım şıkkı açıkça en kapsamlı ve mantıklı seçenek; diğerleri sanayiyle ilgisiz doğal etkenler."
9edaa9f4-16fd-4559-ac92-a32d50ca4c99,cografya,SUPHELI,kapat,0.80,tamam,Çölleşmenin başlıca insan kaynaklı nedeni nedir?,Aşırı avlanma ve balıkçılık | Aşırı otlatma ve ormansızlaşma | Kıyı turizmi ve marinalar | Ozon delinmesi ve ışık kirliliği,Aşırı otlatma ve ormansızlaşma,Kara örtüsünü bozan tek şık aşırı otlatma ve ormansızlaşma; diğerleri açıkça konu dışı.
1a27b68f-8244-458e-aff4-760e346e5fa7,cografya,SUPHELI,kapat,0.65,tamam,İstilacı tür ne demektir?,"Yeni ortamda dengeyi bozan yabancı tür | Yalnızca tek bir adada yaşayan, yayılımı sınırlı tür | Besin zincirinde en üst basamakta yer alan tür | Göç yollarında mevsimlik olarak yer değiştiren tür",Yeni ortamda dengeyi bozan yabancı tür,'İstilacı' sözcüğünün anlamı yabancı ve yayılarak dengeyi bozan türü açıkça gösteriyor.
50980c01-29f9-4128-9e63-f0443f77dfae,cografya,SUPHELI,kapat,0.75,tamam,Maden suyunun oluşumu neye bağlıdır?,Suyun mineralli katmanlardan geçmesine | Suyun güneş ışığıyla buharlaşıp yoğuşmasına | Suyun yüzeyde nehir yatağında hızlı akmasına | Suyun yüksek dağlarda kar olarak birikmesine,Suyun mineralli katmanlardan geçmesine,'Maden suyu' adı mineralli katmanlar cevabını çağrıştırıyor; çeldiriciler ilgisiz.
373043c2-323b-4173-9fe9-0edd0114f22b,cografya,SUPHELI,kapat,0.75,tamam,Türkiye'de tarımsal üretimi sınırlayan başlıca doğal etken nedir?,Toprak fazlalığı | Nüfus yoğunluğu | Su yetersizliği | Yol azlığı,Su yetersizliği,Şıklardan yalnızca su yetersizliği doğal etken olduğu için soru kendi kendini cevaplıyor.
4813e439-87e3-4c37-998b-de592c6d3c54,cografya,SUPHELI,supheli,0.55,tamam,Mülteci hareketleri hangi göç türüne girer?,Mevsimlik göç | Zorunlu göç | İsteğe bağlı göç | Beyin göçü,Zorunlu göç,Bu bir göç türü sınıflandırması ama mültecinin zorunlu göç ettiği genel kültürden kolayca çıkarılıyor.
29211df6-9b2b-4058-b234-0ae0b50ce41a,cografya,SUPHELI,kapat,0.80,tamam,Kompost tesisinin çıktısı nedir?,Toprak iyileştirici organik gübre | Metal hurda | Cam kırığı | Plastik granül,Toprak iyileştirici organik gübre,"Kompostun organik olduğu bilinir; metal, cam ve plastik çeldiricileri konu dışı."
e296d402-db0b-4e28-979d-04622eb1b1e2,cografya,SUPHELI,kapat,0.65,tamam,Nükleer santralin çalışma ilkesi nedir?,Çekirdek bölünmesiyle ısı üretmek | Rüzgârı çevirmek | Suyu düşürmek | Kömür yakmak,Çekirdek bölünmesiyle ısı üretmek,'Nükleer' çekirdek anlamına geldiğinden cevap kendini ele veriyor; diğer şıklar başka santral türlerini anlatıyor.
b3fb1aef-1c78-4da2-b6af-2b474d1aaa0b,cografya,SUPHELI,kapat,0.80,tamam,Türkiye'de hemen her tarım ürününün yetişebilmesinin nedeni nedir?,Toprağın tek tip olması | Yüzölçümünün büyüklüğü | İklim ve yer şekli çeşitliliği | Nüfusun fazlalığı,İklim ve yer şekli çeşitliliği,"Sağduyuyla bulunuyor, ötekiler toprağın tek tip olması ya da nüfus gibi açıkça ilgisiz şıklar."
edbde11c-5c3b-449d-97cb-52dfa73674c9,cografya,SUPHELI,supheli,0.50,tamam,Bir bölgenin 'kıtasal iklime' sahip olması ne demektir?,"Denize yakın, sıcaklık farkı düşük | Yıl boyu ılık, yağış bol | Denizden uzak, sıcaklık farkı yüksek | Denize komşu, kışlar ılık","Denizden uzak, sıcaklık farkı yüksek","'Kıtasal' sözcüğü denizden uzaklığı ima ettiği için tahmin edilebilir, ama sıcaklık farkı coğrafya bilgisi gerektiriyor."
f87d9f7d-5c39-4824-8ea3-8490b3003722,cografya,SUPHELI,kapat,0.80,tamam,Kültürel yayılma (difüzyon) ne demektir?,Kültür öğelerinin tek bölgede kalması | Kültür öğelerinin yeniden üretilmesi | Kültür öğelerinin başka alanlara geçmesi | Kültür öğelerinin yasalarla korunması,Kültür öğelerinin başka alanlara geçmesi,Cevap 'yayılma' sözcüğünün anlamından doğrudan çıkıyor.
ec948327-b6e6-41c5-a5eb-1d0af46cb2db,cografya,SUPHELI,kapat,0.70,tamam,Türkiye'de çeltik tarımının su ihtiyacı neden yüksektir?,Kuraklığa dayanması | Sürekli su altında yetişmesi | Serada yetişmesi | Kısa sürede olgunlaşması,Sürekli su altında yetişmesi,"Su ihtiyacını açıklayan tek mantıklı şık bu, diğerleri su ihtiyacıyla çelişiyor ya da ilgisiz."
4bc32fc6-0a55-4918-9596-5e08bd51eb02,cografya,SUPHELI,kapat,0.75,tamam,Boru hattı taşımacılığı hangi ürünlerde kullanılır?,Petrol ve doğal gaz | Tahıl | Otomobil | Tekstil,Petrol ve doğal gaz,"Boru hattıyla katı ürünlerin taşınamayacağı sağduyudan belli, tek akışkan seçenek petrol ve gazdır."
925c46d7-0e92-40d0-a2e8-5123846edf32,cografya,SUPHELI,kapat,0.80,tamam,Denizlerdeki akıntıların balıkçılığa etkisi nedir?,Balıkları uzaklaştırır | Suyu dondurur | Tuzu artırır | Besin taşıyarak balık toplar,Besin taşıyarak balık toplar,"Genel bir etki soruluyor; 'suyu dondurur' gibi çeldiriciler saçma ve tek olumlu, mantıklı şık açık."
19827296-6c53-46ab-b87a-ca3a15ab4b2e,cografya,SUPHELI,supheli,0.50,tamam,Bir bölgede tarım ürünü çeşitliliğinin fazla olması neyi gösterir?,Nüfus yoğunluğunu | İklim çeşitliliğini | Sanayi gelişimini | Ulaşım kolaylığını,İklim çeşitliliğini,Ürün çeşitliliğiyle iklim çeşitliliği arasındaki bağ ders kitabı bilgisidir ama büyük ölçüde sağduyuyla da çıkarılabilir.
35a17da9-3d22-4754-8f5a-8cdd84f3b092,cografya,SUPHELI,kapat,0.75,tamam,Bir bölgede yer adlarının kökeni neyi gösterebilir?,İklim türünü | Toprak yapısını | Yükseltiyi | Geçmiş yerleşim ve kültürleri,Geçmiş yerleşim ve kültürleri,Yer adlarının kökeninin geçmiş kültürleri yansıttığı sözcüğün anlamından çıkarılabiliyor; tek genel ve mantıklı şık D.
813a3050-c7b0-44ad-b326-f9ef3b1949be,cografya,SUPHELI,kapat,0.70,tamam,Kişi başına gelirin yanıltıcı olabilmesinin nedeni nedir?,Nüfusu göstermemesi | Gelir dağılımını göstermemesi | Alanı göstermemesi | İklimi göstermemesi,Gelir dağılımını göstermemesi,"Ortalamanın dağılımı göstermediği sağduyuyla bulunuyor, alan ve iklim gibi çeldiriciler konu dışı."
69b80481-db9d-4dab-a931-e828d0f79c5a,cografya,SUPHELI,kapat,0.70,tamam,Kent ekonomisinde 'hizmet sektörü' hangi işleri kapsar?,"Tarım ve hayvancılık | Madencilik | Balıkçılık | Ticaret, eğitim, sağlık, ulaşım","Ticaret, eğitim, sağlık, ulaşım","'Hizmet' sözcüğü cevabı ele veriyor, diğer şıklar açıkça hizmet dışı faaliyetler."
02952b2a-be23-49d2-98f0-525d580fe750,cografya,SUPHELI,supheli,0.55,tamam,Biyokütle enerjisi neyden elde edilir?,Taş kömüründen | Organik atıklardan | Uranyum yakıttan | Rüzgâr gücünden,Organik atıklardan,Biyokütle bir terim bilgisi gerektirse de 'biyo' öneki ve konu dışı çeldiriciler cevabı kolayca ele veriyor.
403abc9d-94e3-4e03-92f2-45b84a5f6d1b,cografya,SUPHELI,kapat,0.70,tamam,Göreceli (özel) konum neyi ifade eder?,Enlem-boylam değerlerini | Yüzölçümünü | Nüfusunu | Çevresine göre konumunu,Çevresine göre konumunu,"'Göreceli' sözcüğünün anlamı cevabı doğrudan veriyor, yalnızca enlem-boylam şıkkı kısmen makul bir çeldirici."
56d52f6b-82cc-405e-92a6-d9f0c0349425,cografya,SUPHELI,supheli,0.60,tamam,Sibirya'da kışların çok sert geçmesinin nedeni nedir?,Deniz etkisi | Alçak enlem | Sıcak akıntı | Denizden uzaklık ve yüksek enlem,Denizden uzaklık ve yüksek enlem,"Çeldiricilerin tümü ısıtıcı etkenler olduğundan sert kışı açıklayan tek şık sağduyuyla seçilebilir, ama temel iklim bilgisi de gerektiriyor."
51228e97-8a3b-4006-9691-a7f0f36e2332,edebiyat,SUPHELI,kapat,0.70,tamam,Bir eserde çatışma neyi sağlar?,Ölçüyü | Betimlemeyi | Kafiyeyi | Olay örgüsünü ilerletmeyi,Olay örgüsünü ilerletmeyi,Genel bir kavramın işlevi soruluyor; ölçü ve kafiye şiir terimleri olduğundan doğru şık açıkça en mantıklı seçenek.
7a3f1074-4c43-4f1e-9ad8-521c2da4435d,edebiyat,SUPHELI,kapat,0.75,tamam,Kitapları basıp dağıtan kuruma ne ad verilir?,Müze | Yayınevi | Okul | Kütüphane,Yayınevi,Yayınevi gündelik bir sözcük ve diğer şıklar açıkça ilgisiz olduğundan cevap sağduyuyla bulunuyor.
4f51c2c1-a355-4441-a001-967797d44128,edebiyat,SUPHELI,supheli,0.50,tamam,'Anlatıcı' birinci kişide kim olur?,Öykünün içindeki ben | Dışarıdaki gözlemci | Tanrısal ses | Okur,Öykünün içindeki ben,Birinci kişinin 'ben' olduğu bilgisi çok temel olduğundan soru neredeyse kendini cevaplıyor.
468a8ce0-263d-444d-ae0f-cd02a5a89ab6,edebiyat,SUPHELI,kapat,0.70,tamam,Öyküleyici anlatımda ne öne çıkar?,Olay akışı | Tanım | Sayısal veri | Formül,Olay akışı,'Öyküleyici' sözcüğü olayı çağrıştırıyor; sayısal veri ve formül saçma çeldiriciler.
392c00bc-430f-4960-830e-938c4a1e4ed3,edebiyat,SUPHELI,kapat,0.70,tamam,'İlahi bakış açısı' anlatıcıya ne verir?,Sınırlı bilgi | Her şeyi bilme | Tek karakteri | Dış görünüşü,Her şeyi bilme,'İlahi' sözcüğü her şeyi bilmeyi zaten çağrıştırıyor ve çeldiriciler zayıf olduğundan cevap terimin kendisinden çıkarılabiliyor.
3fe21f0b-3aee-4cd4-94ce-ea1d93f407b4,edebiyat,SUPHELI,kapat,0.75,tamam,Aşık Veysel'in şiirlerinde öne çıkan tema nedir?,Doğa ve insan sevgisi | Ticaret | Bilim | Savaş,Doğa ve insan sevgisi,"Ticaret, bilim ve savaş bir halk ozanı için saçma çeldiriciler olduğundan tek ciddi seçenek doğa ve insan sevgisi kalıyor."
1f69b167-ee82-4220-b213-a349794ddbb2,edebiyat,SUPHELI,kapat,0.65,tamam,'Efsane' neye dayandırılır?,Kurguya tamamen | Bilimsel veriye | Belgeye | Bir yer veya olaya bağlanan anlatıya,Bir yer veya olaya bağlanan anlatıya,Doğru şık açıkça en genel ve mantıklı seçenek; çeldiriciler zayıf.
f5b0bbad-7298-4738-b0d9-e489ae8290f0,edebiyat,SUPHELI,kapat,0.70,tamam,'Odysseia' destanı kimin yolculuğunu anlatır?,Akhilleus | Hektor | Odysseus | Paris,Odysseus,"Destanın adı (Odysseia), kahramanın adını (Odysseus) doğrudan ele veriyor."
d49905d2-0ab3-4f08-9241-38dd87f3b1d2,edebiyat,SUPHELI,kapat,0.80,tamam,Teşbih (benzetme) sanatı neye dayanır?,Abartıya | Karşıtlığa | Ses tekrarına | İki şeyin ortak yönle eşlenmesine,İki şeyin ortak yönle eşlenmesine,Parantezdeki 'benzetme' karşılığı cevabı soru metninde ele veriyor.
852446fd-8f8d-411e-a9f0-bfe5f5ee2798,edebiyat,SUPHELI,kapat,0.80,tamam,'Genç yetişkin edebiyatı' neyi işler?,Emeklilik | Ergenlik ve geçiş dönemini | Çocukluğu | Akademiyi,Ergenlik ve geçiş dönemini,'Genç' sözcüğü cevabı doğrudan veriyor; emeklilik ve akademi konu dışı.
3dd440db-241f-483f-bc4b-be7c7b99bfb7,edebiyat,SUPHELI,kapat,0.75,tamam,'Röportaj' türünde ne öne çıkar?,Hayal gücü | Ölçü | Uyak | Yerinde gözlem ve görüşme,Yerinde gözlem ve görüşme,Röportajın görüşmeye dayandığı gündelik bilgi; ölçü ve uyak gibi şiir özellikleri açıkça konu dışı.
58336523-4d2b-4af8-bd3b-9692d449b783,edebiyat,SUPHELI,kapat,0.80,tamam,'Sayısal veri kullanımı' anlatıma ne katar?,Şiirsellik | Belirsizlik | Kurgu | İnandırıcılık,İnandırıcılık,Sayısal verinin anlatıma inandırıcılık kattığı sağduyudan belli; diğer şıklar açıkça ters.
4fd2a0e2-d573-46f1-8197-a776f4a3c548,edebiyat,SUPHELI,kapat,0.75,tamam,'Dil devrimi' neyi hedefledi?,Yabancı sözcük artışını | Ağızları | Argoyu | Türkçenin sadeleşmesini,Türkçenin sadeleşmesini,Diğer şıklar 'devrim' amacı olarak saçma; sadeleşme tek ciddi seçenek.
30f19073-4d16-4dbb-a96a-129fcff65e0a,edebiyat,SUPHELI,kapat,0.70,tamam,'Realizm' neyi esas alır?,Hayali | Simgeyi | Rüyayı | Gözleme dayalı gerçeği,Gözleme dayalı gerçeği,'Realizm' adı gerçeği esas aldığını açıkça ima ediyor.
606c1556-90e3-4670-a270-9796a36ba99c,edebiyat,SUPHELI,supheli,0.50,tamam,Röportaj türünün ayırt edici yanı nedir?,Yerinde araştırma ve görüşmeye dayanması | Tamamen kurgu olması | Ölçülü yazılması | Sahnelenmesi,Yerinde araştırma ve görüşmeye dayanması,Tür bilgisi gerektiriyor ama 'röportaj' sözcüğünün günlük anlamı cevabı büyük ölçüde ele veriyor.
5993f505-f11a-48e7-b01c-f69d8d7576a4,edebiyat,SUPHELI,supheli,0.50,tamam,'Öyküleme' hangi ögeyi öne çıkarır?,Görünümü | Olayların akışını | Düşünceyi | Sesi,Olayların akışını,Anlatım biçimi terimi soruluyor; ancak 'öykü' kökü olay akışını sezdiriyor.
4ce5c44b-c931-4cd7-a4df-3e7c78310681,edebiyat,SUPHELI,kapat,0.70,tamam,'Simge' nasıl işler?,Somut bir şeyle soyutu anlatarak | Doğrudan anlatarak | Sayarak | Ölçerek,Somut bir şeyle soyutu anlatarak,"Simgenin bir şeyi temsil ettiği genel bilgidir; çeldiriciler (sayarak, ölçerek) saçma olduğundan doğru şık tek ciddi seçenek kalıyor."
3d17539e-35c2-41c6-b161-8b9f56663287,edebiyat,SUPHELI,supheli,0.55,tamam,Destan türünün özelliği nedir?,Gündelik yaşamı anlatması | Kısa olması | Olağanüstü kahramanları anlatması | Düzyazı olması zorunluluğu,Olağanüstü kahramanları anlatması,Destanın olağanüstü kahramanları anlattığı temel edebiyat bilgisidir ama çeldiriciler zayıf olduğundan aşırı basit sayılabilir.
4e020cae-c573-4946-83af-ed055e5308ec,edebiyat,SUPHELI,kapat,0.65,tamam,Günlük türünün ayırt edici özelliği nedir?,Kurgusal olması | Uzun olması | Tarih atılarak yazılması | Ölçülü olması,Tarih atılarak yazılması,"'Günlük' adı tarihli yazımı çağrıştırıyor ve çeldiriciler zayıf, yine de az da olsa edebiyat bilgisi gerektiriyor."
e0b26851-32e2-481f-ab7c-3985f8a671e2,edebiyat,SUPHELI,kapat,0.80,tamam,'Ön ipucu' (foreshadowing) ne sağlar?,Geri dönüş | Süre kısaltma | İleride olacağın sezdirilmesi | Renk uyumu,İleride olacağın sezdirilmesi,'Ön ipucu' terimi kendi kendini açıklıyor ve çeldiriciler konu dışı.
4fbf9145-07ff-4952-9b1c-96202b1dce2d,edebiyat,SUPHELI,kapat,0.82,tamam,Romanda 'bakış açısı' neyi belirler?,Olayın hangi zamanda geçtiğini | Olayın hangi mekânda yaşandığını | Olayın hangi sırayla aktarıldığını | Olayın kimin gözünden anlatıldığını,Olayın kimin gözünden anlatıldığını,'Bakış açısı' teriminin sözcük anlamı cevabı doğrudan veriyor.
325b167e-0c79-4edf-add9-f204c80ca9a0,edebiyat,SUPHELI,supheli,0.55,tamam,'Fıkra' (köşe yazısı) neyi ele alır?,Kurmaca öyküyü | Bilimsel tezi | Güncel bir konuyu | Destanı,Güncel bir konuyu,Fıkra türünü bilmek gerekir ama parantezdeki 'köşe yazısı' ifadesi cevabı büyük ölçüde ele veriyor.
06f1bfc3-dc9f-48ed-aae7-7b800e4b5600,edebiyat,SUPHELI,supheli,0.50,tamam,'Günce' (günlük) türünde zaman nasıldır?,Zamanı hep belirsizdir | Geleceğe dönük yazılır | Tarih düşülerek yazılır | Kurmaca zaman kullanır,Tarih düşülerek yazılır,Günlüğe tarih atıldığı genel bilgidir ama tür özelliği olarak edebiyat bilgisi de sayılabilir.
f6238189-5f73-493b-a7be-9d81bc58b411,edebiyat,SUPHELI,kapat,0.75,tamam,'Öznel anlatım' hangi ögeyi taşır?,Ölçümü | Kanıtı | Kişisel değerlendirmeyi | Belgeyi,Kişisel değerlendirmeyi,"'Öznel' sözcüğünün anlamı cevabı veriyor; diğer şıkların hepsi nesnel ögeler, bu yüzden ayırt etmek kolay."
7fc43861-00af-4db2-a2e5-ee5b6b06a0f0,edebiyat,SUPHELI,kapat,0.70,tamam,'Roman' türünün temel özelliği nedir?,Uzun kurmaca anlatı | Kısalık | Şiirsellik | Belgesellik,Uzun kurmaca anlatı,Romanın uzun kurmaca bir anlatı olduğu herkesçe bilinir; çeldiriciler açıkça yanlış.
de0baf05-dae5-47d1-b53c-23a592e670f5,edebiyat,SUPHELI,kapat,0.80,tamam,'Dipnot' metinde ne sağlar?,Uzunluk | Süsleme | Açıklama ve kaynak | Uyak,Açıklama ve kaynak,Dipnotun açıklama ve kaynak verdiği sağduyuyla belli; süsleme ve uyak gibi çeldiriciler saçma.
b0825ed1-6a36-4f83-9b51-49ee1389b95a,edebiyat,SUPHELI,supheli,0.55,tamam,Tiyatroda 'trajedi' türünün temel özelliği nedir?,Acıklı sonla biten ciddi olay | Güldürücü olması | Müzikli olması | Kısa olması,Acıklı sonla biten ciddi olay,"Bir terim tanımı soruluyor, ancak 'trajedi' gündelik dilde de acıklı olay anlamında kullanıldığından cevap kolayca tahmin ediliyor."
fd59272a-37d0-4ef8-92e2-4d963a4d7ffa,edebiyat,SUPHELI,supheli,0.55,tamam,'Mektup' türü hangi özelliğiyle belgeye dönüşür?,Kurmaca olmasıyla | Gerçek kişilere yazılmasıyla | Kısalığıyla | Şiirselliğiyle,Gerçek kişilere yazılmasıyla,Belge niteliğinin gerçekliğe dayandığı sağduyuyla çıkarılabiliyor ama soru biraz edebiyat bilgisi de gerektiriyor.
1419f208-bd81-4d3a-8813-190f3f793705,edebiyat,SUPHELI,kapat,0.80,tamam,'Mektup' türünde temel öge nedir?,Belirli bir ölçü kullanma | Düzenli bir uyak kurma | Belirli bir muhataba seslenme | Kurgusal bir olay yaratma,Belirli bir muhataba seslenme,Mektubun birine yazıldığı herkesçe bilinir; ölçü ve uyak gibi çeldiriciler şiire ait ve açıkça uyumsuz.
c1abd35c-a212-43e9-8898-8fd8c2a65427,edebiyat,SUPHELI,kapat,0.60,tamam,'Şarkı' nazım biçimi hangi özelliğiyle bilinir?,Uzunluğuyla | Besteyle söylenmek üzere yazılmasıyla | Serbestliğiyle | Düzyazı olmasıyla,Besteyle söylenmek üzere yazılmasıyla,Nazım biçiminin adı (şarkı) besteyle söylenmeyi ima ediyor ve çeldiriciler zayıf.
1e50c3ed-d2c9-4792-9683-15da79f2c50b,edebiyat,SUPHELI,supheli,0.55,tamam,'Tartışma' anlatım biçiminde ne yapılır?,Betimlenir | Anlatılır | Tanımlanır | Karşı görüş çürütülür,Karşı görüş çürütülür,"Anlatım biçimleri okul bilgisidir, ancak 'tartışma' sözcüğünün anlamı cevabı büyük ölçüde ele verir."
74070648-a64e-445d-86cf-cad9e340e867,edebiyat,SUPHELI,kapat,0.65,tamam,Uzak yerlerin anlatıldığı yazı türü hangisidir?,Makale | Eleştiri | Fıkra | Gezi yazısı,Gezi yazısı,"'Uzak yerler' ifadesi, şıklar içinde yerle ilgili tek tür olan gezi yazısına doğrudan işaret ediyor."
bb85d3cd-0935-4ebf-940e-f353fbd54945,edebiyat,SUPHELI,kapat,0.80,tamam,Bir eserde karşıt karakter için kullanılan terim nedir?,Okur | Yardımcı kişi | Karşı güç | Anlatıcı,Karşı güç,Sorudaki 'karşıt' sözcüğü cevaptaki 'Karşı güç'ü doğrudan veriyor.
22b837ec-c1be-4294-baf4-dcb6d1c765ef,edebiyat,SUPHELI,supheli,0.50,tamam,'Yergi' (hiciv) neyi hedefler?,Övmeyi | Anlatmayı | Eleştirip alaya almayı | Öğretmeyi,Eleştirip alaya almayı,Terim tanımı soruyor ama 'yergi' sözcüğü 'yermek'ten saydam biçimde türediği için kolayca çıkarılabiliyor.
1addc4ea-5038-4c71-a3d0-e7221019e306,edebiyat,SUPHELI,supheli,0.55,tamam,Tezat sanatı neye dayanır?,Benzetmeye | Abartıya | Yinelemeye | Karşıt kavramların bir arada kullanımına,Karşıt kavramların bir arada kullanımına,"Çeldiriciler diğer söz sanatlarına karşılık geliyor, ancak 'tezat' sözcüğünün anlamı cevabı büyük ölçüde ele veriyor."
5fddf345-48bd-4bd8-a826-d0b661ddca0c,edebiyat,SUPHELI,supheli,0.55,tamam,Şiirde 'imge' ne işlev görür?,Ölçü kurar | Uyak sağlar | Bölüm ayırır | Zihinde görüntü uyandırır,Zihinde görüntü uyandırır,İmge sözcüğü 'görüntü' anlamını çağrıştırıyor ama ölçü ve uyak gibi çeldiriciler şiir terimi olarak makul.
4a010c85-5142-4269-bd3b-989b9d69bbaa,edebiyat,SUPHELI,kapat,0.80,tamam,Anlatım bozukluğunun yaygın nedeni nedir?,Kısa cümle kurmak | Noktalama kullanmak | Gereksiz sözcük kullanımı | Paragraf açmak,Gereksiz sözcük kullanımı,"Noktalama kullanmak ve paragraf açmak gibi çeldiriciler açıkça hata nedeni olamaz, bu yüzden tek mantıklı şık belli."
7926c5c9-3253-4cf9-bd0e-a6e4a85f867d,edebiyat,SUPHELI,kapat,0.75,tamam,Yalın anlatımın özelliği nedir?,İmgeli ve çok anlamlı olması | Ahenkli ve ölçülü olması | Ayrıntılı ve betimleyici olması | Süssüz ve açık olması,Süssüz ve açık olması,'Yalın' sözcüğünün anlamı doğrudan 'süssüz ve açık' cevabını veriyor.
092bd8f2-d747-4bf2-92b2-463fdc5fcb03,edebiyat,SUPHELI,kapat,0.80,tamam,'Süreli yayın' neyi ifade eder?,Belirli aralıkla çıkan yayını | Tek baskı yapılan kitabı | Elde yazılmış nüshayı | Başka dilden çeviriyi,Belirli aralıkla çıkan yayını,Cevap 'süreli' sözcüğünün anlamından doğrudan çıkıyor.
4352798f-7210-489d-8e91-0c0bc34747e5,edebiyat,SUPHELI,supheli,0.55,tamam,'İç monolog' nedir?,İki kişinin konuşması | Yazar açıklaması | Betimleme | Kişinin kendi kendine düşünmesi,Kişinin kendi kendine düşünmesi,Edebî bir terim ama 'iç' ve 'monolog' sözcükleri cevabı büyük ölçüde ele veriyor.
6a4f30ba-1ff0-433c-9f6d-d9cccd51e181,edebiyat,SUPHELI,supheli,0.55,tamam,'Roman' ile 'öykü' arasındaki temel fark nedir?,Kapsam ve genişlik | Dil | Yayın biçimi | Kişi sayısı zorunluluğu,Kapsam ve genişlik,Kapsam farkı sezgisel olarak tahmin edilebilir ama biraz edebiyat bilgisi de ister.
2c6e4f28-582c-4b6c-9f39-6d08052b77e3,edebiyat,SUPHELI,kapat,0.70,tamam,'Edebiyat tarihi' neyi inceler?,Yapıt ve akımların gelişimini | Sözcüklerin köken ve gelişimini | Dilin ses ve yapı kurallarını | Metnin ölçü ve uyak düzenini,Yapıt ve akımların gelişimini,'Tarih' sözcüğü gelişim incelemesini çağrıştırıyor ve diğer şıklar başka alanlara ait.
2452e982-4681-48a0-9c4d-72c78ae9787d,genel_kultur,SUPHELI,kapat,0.65,tamam,'Terim sözlüğü' kime yöneliktir?,Genel okur kitlesine | Yeni okuma yazma öğrenenlere | Belirli alan uzmanlarına | Yabancı dil öğrenenlere,Belirli alan uzmanlarına,'Terim' sözcüğü uzmanlık alanını ima ettiği için cevap büyük ölçüde sözcük anlamından çıkıyor.
f1181a9a-25f8-4bda-9c9c-9123012d0748,genel_kultur,SUPHELI,kapat,0.70,tamam,'Kalkınma planı' neyi düzenler?,Ekonomik hedef ve yatırımları | Nüfus sayımı ve kayıtlarını | Seçim takvimi ve kurallarını | Askerlik süresi ve koşullarını,Ekonomik hedef ve yatırımları,'Kalkınma' sözcüğü ekonomiyi çağrıştırıyor; diğer şıklar konu dışı.
4fdd0b03-dea7-4b28-ae07-d1e1bc20e6d7,genel_kultur,SUPHELI,supheli,0.50,tamam,Denizcilikte 'rota' ne anlama gelir?,İzlenecek yol doğrultusu | Geminin ulaşabildiği azami hız | Taşınan yükün miktarı | Varılacak limanın adı,İzlenecek yol doğrultusu,"Rota günlük dilde yaygın bir sözcük olduğundan anlamı çoğu kişi için bariz, ama bir terim tanımı da sayılabilir."
abea9f65-6ade-428a-8350-d97133e254a6,genel_kultur,SUPHELI,supheli,0.50,tamam,Bir ülkenin sanayi ürünü ihracatının artması neyi gösterir?,Nüfusun hızla yaşlandığını | Ham madde üretiminin arttığını | Katma değerin yükseldiğini | Turizm gelirinin azaldığını,Katma değerin yükseldiğini,"Katma değer kavramı biraz ekonomi bilgisi ister, ama diğer şıklar büyük ölçüde konu dışı."
7c069fe2-493b-47f7-87c5-9937af31e0d5,genel_kultur,SUPHELI,kapat,0.80,tamam,Atık pillerin ayrı toplanmasının nedeni nedir?,Yer kazanmak | Ağır metal kirliliğini önlemek | Geri dönüşümsüz olması | Ucuz olması,Ağır metal kirliliğini önlemek,Çevre kirliliğini önlemek sağduyuyla bulunabilen tek ciddi şık; diğerleri saçma.
90c9e1e4-6e1e-4ed7-8bcf-ac5fa1d98677,genel_kultur,SUPHELI,kapat,0.65,tamam,Lastik basıncının düşük olması neye yol açar?,Sesin azalmasına | Hızın artmasına | Yakıt tüketiminin artmasına | Frenin güçlenmesine,Yakıt tüketiminin artmasına,Diğer şıklar olumlu etkiler; olumsuz tek seçenek yakıt tüketimi artışı olduğundan eleme ile kolayca bulunuyor.
4ce84939-f716-47fa-8085-e0adba0d5d25,genel_kultur,SUPHELI,supheli,0.55,tamam,Enflasyonun alım gücüne etkisi nedir?,Artırır | Etkilemez | Azaltır | İkiye katlar,Azaltır,Enflasyonun anlamını bilmek gerekiyor ama bu bilgi çok yaygın ve çeldiriciler zayıf.
7a64238c-4992-4d3d-960d-971894a894d8,genel_kultur,SUPHELI,kapat,0.65,tamam,Marka bilinirliği neyi ölçer?,Tüketicinin markaya bağlılık düzeyini | Tüketicinin markayı tanıma düzeyini | Markanın pazardaki satış payını | Müşterinin üründen memnuniyet düzeyini,Tüketicinin markayı tanıma düzeyini,'Bilinirlik' sözcüğü tanınma anlamını doğrudan taşıyor; çeldiriciler makul görünse de cevap terimin kendisinden çıkıyor.
37cc75ff-1ddc-4775-b7b0-8de0737a98f3,genel_kultur,SUPHELI,kapat,0.70,tamam,Organik tarımda neyin kullanımı sınırlıdır?,Nöbetleşe ekim yöntemi | Yerel tohumlar | Damla sulama | Sentetik kimyasallar,Sentetik kimyasallar,'Organik' sözcüğü sentetik kimyasalların sınırlandığını doğrudan çağrıştırıyor.
30f8fd5d-dd12-41a4-9b9f-d0560bca068d,genel_kultur,SUPHELI,kapat,0.65,tamam,Havalimanlarında uçakları yönlendiren birim hangisidir?,Kule | Güvenlik | Bagaj | Gişe,Kule,"Güvenlik, bagaj ve gişe uçak yönlendirmeyle ilgisiz olduğundan 'Kule' tek ciddi seçenek."
74d479ca-40b6-4ed4-be7a-070442a3ab41,genel_kultur,SUPHELI,kapat,0.80,tamam,Kamuoyu kavramı neyi ifade eder?,Toplumun ortak eğilimini | Meclis kararını | Mahkeme hükmünü | Bakanlık genelgesini,Toplumun ortak eğilimini,'Kamu oyu' sözcüğünün anlamından cevap çıkıyor; resmi karar çeldiricileri açıkça konu dışı.
3f098067-9e2e-4860-954d-9c15d28c7f8e,genel_kultur,SUPHELI,supheli,0.55,tamam,Trafik kazasında yaralı ne zaman hareket ettirilmelidir?,Her zaman | Hayati tehlike varsa | Asla | Kalabalık varsa,Hayati tehlike varsa,Bu belirli bir ilk yardım kuralıdır ve 'Asla' makul bir çeldirici; ancak diğer şıklar zayıf ve cevap sağduyuyla bulunabiliyor.
0fa20dcf-2c94-4757-b084-6563eb735399,genel_kultur,SUPHELI,supheli,0.50,tamam,Bütçe açığı ne demektir?,Tüm borçların kapanması | Vergilerin indirilmesi | Giderin gelirden fazla olması | Gelirin giderden fazla olması,Giderin gelirden fazla olması,"'Açık' sözcüğü eksikliği ima ediyor, ancak tersini söyleyen D şıkkı terimi bilmeyeni yanıltabilir."
45828b01-4479-4773-b87e-1e7575070940,genel_kultur,SUPHELI,supheli,0.50,tamam,Emeklilik primi hangi kuruma ödenir?,Vergi dairesi müdürlüğüne | İl özel idaresine | Sosyal güvenlik kurumuna | Nüfus müdürlüğüne,Sosyal güvenlik kurumuna,"Emeklilik ile sosyal güvenlik bağı sağduyuyla kurulabiliyor, ama kurum bilgisi gerektiren bir olgu da sayılabilir."
7a939b14-07eb-46db-b559-958d0817f910,genel_kultur,SUPHELI,kapat,0.80,tamam,Ölçü kaşığı ile çay kaşığı farkı nedir?,Standart hacim | Daha uzun sap | Paslanmaz çelik | Daha sivri uç,Standart hacim,"'Ölçü' sözcüğü standart hacmi doğrudan ima ediyor, diğer şıklar anlamsız."
5dfa93f7-b6a1-4c50-9cd5-a9169b1ec35a,genel_kultur,SUPHELI,kapat,0.70,tamam,Bankada vadeli hesabın vadesiz hesaptan farkı nedir?,Faiz geliri sağlamaz | Belirli süre bekletilir | Yalnızca dövizle açılır | Devlet güvencesi taşımaz,Belirli süre bekletilir,'Vade' sözcüğü cevabı veriyor; diğer şıklar açıkça yanlış.
7353ebcb-2a41-4b61-9b1a-c65e14d0b45e,genel_kultur,SUPHELI,supheli,0.50,tamam,Küresel tedarik zinciri kavramı neyi anlatır?,Şirketlerin sınır ötesi birleşmesini | Ülkelerin ortak para kullanmasını | Üretimin ülkelere yayılmış olmasını | Gümrük vergilerinin kaldırılmasını,Üretimin ülkelere yayılmış olmasını,"Kavramın adı cevabı büyük ölçüde ele veriyor, ancak çeldiriciler ekonomik açıdan makul terimlerdir."
57049c97-4293-4be7-9ce1-c6802a08891a,genel_kultur,SUPHELI,kapat,0.75,tamam,Bir ülkenin turizm gelirinin artması dış ticarette neye katkı yapar?,İthalata | Vergi indirimine | Gümrük artışına | Döviz gelirine,Döviz gelirine,"Yabancı turistin döviz getirdiği sağduyuyla bilinir, diğer şıklar mantıksız."
27255261-dd1f-4d0d-b63b-bf3cdc50aa48,genel_kultur,SUPHELI,kapat,0.65,tamam,Kumaşın çekmesini önlemek için ne yapılır?,Renklileri ayrı yıkamak | Ters çevirip ütülemek | Uygun sıcaklıkta yıkamak | Yumuşatıcı ekleyip durulamak,Uygun sıcaklıkta yıkamak,"Sıcağın kumaşı çektirdiği yaygın gündelik bilgi, diğer şıklar başka çamaşır sorunlarına yönelik."
467629e8-1202-456b-a74f-0dd5be6d5816,muzik,SUPHELI,kapat,0.80,tamam,'Geri vokal' ne işlev görür?,Solo yapar | Ritim tutar | Ana vokali destekler | Miks yapar,Ana vokali destekler,Cevap 'geri vokal' teriminin anlamından doğrudan çıkıyor.
601406cd-36bb-48b5-abe6-39324130ba07,muzik,SUPHELI,kapat,0.80,tamam,Canlı albüm neyi içerir?,Stüdyo kaydını | Konser kaydını | Demo kaydını | Prova kaydını,Konser kaydını,'Canlı' sözcüğü konser kaydını açıkça çağrıştırıyor.
23390c18-b7ca-44e7-a7ac-19f2ed8b266e,muzik,SUPHELI,supheli,0.55,tamam,'Akor' nasıl oluşur?,Aynı anda duyulan üç veya daha çok sesle | Tek sesle | İki notayla hep | Susla,Aynı anda duyulan üç veya daha çok sesle,Bir terim tanımı soruluyor ama 'Susla' ve 'Tek sesle' gibi çeldiriciler çok zayıf.
bb1c3ed8-cb60-4b35-a11a-c8f64d92ca22,muzik,SUPHELI,kapat,0.75,tamam,'Senfonik orkestra' hangi grupları içerir?,Yalnız yaylıları | Yalnız üflemelileri | Yaylı üflemeli ve vurmalıları | Yalnız vurmalıları,Yaylı üflemeli ve vurmalıları,'Yalnız' içeren çeldiriciler saçma; kapsayıcı şık açıkça doğru.
18fb47a0-777a-4917-ba5b-2ae96d3ea2e8,muzik,SUPHELI,kapat,0.75,tamam,'Akustik bilimi' müzikte neyi açıklar?,Sesin fiziksel davranışını | Sözü | Tarihi | Notayı,Sesin fiziksel davranışını,Akustiğin sesle ilgili olduğu açık; diğer şıklar konu dışı.
035a7aed-083f-4316-92c0-1b787a800c4e,muzik,SUPHELI,kapat,0.75,tamam,'Orkestra şefi' temel olarak neyi sağlar?,Bütünlük ve yorum birliğini | Nota ve eser yazımını | Bilet ve program satışını | Enstrüman bakım ve onarımını,Bütünlük ve yorum birliğini,Bilet satışı ve enstrüman onarımı gibi çeldiriciler saçma olduğundan tek ciddi seçenek bütünlük sağlamak.
0d9c21d4-5737-44f4-9f1f-54a9371fbc6d,muzik,SUPHELI,kapat,0.75,tamam,Orkestra şefinin bagetle verdiği temel bilgi nedir?,Tempo ve giriş işaretleri | Çalınacak nota adları | Şarkının söz dizesi | Sahne kostüm düzeni,Tempo ve giriş işaretleri,"Çeldiriciler (söz dizesi, kostüm) açıkça saçma; tek mantıklı şık tempo."
3bccbbc7-8451-4712-9a88-c129817b1bfc,muzik,SUPHELI,kapat,0.75,tamam,Mikrofona şarkı söyleyen gruptaki ana şarkıcıya ne ad verilir?,Davulcu | Solist | Prodüktör | Basçı,Solist,"Davulcu, basçı ve prodüktör şarkıcı olmadığından soru kendini cevaplıyor."
31f7e77d-af29-434a-97ee-6bb672401f88,muzik,SUPHELI,kapat,0.80,tamam,'Stüdyo müzisyeni' hangi işi yapar?,Sahne kurar | Bilet satar | Kayıtlarda çalgı çalar | Miks yapar,Kayıtlarda çalgı çalar,'Stüdyo' ve 'müzisyen' sözcükleri birlikte cevabı doğrudan veriyor.
709ee1e5-1e6b-4183-8268-dc66aedc3e56,muzik,SUPHELI,kapat,0.80,tamam,'Ses kontrolü' (soundcheck) ne zaman yapılır?,Konser sonrası | Konser sırasında | Kayıtta | Konser öncesi,Konser öncesi,Ses kontrolünün konser öncesinde yapıldığı sağduyudan belli.
7c7c6178-10e9-4bfd-bca6-3a131eecdf32,muzik,SUPHELI,kapat,0.80,tamam,Bas gitarın işlevi nedir?,Nefesli görev | Vurmalı görev | Kalın ses ve ritim temeli | Solo melodi zorunlu,Kalın ses ve ritim temeli,'Bas' sözcüğü kalın sesi anlatıyor; bir gitar için nefesli ya da vurmalı görev şıkları saçma.
2703ec68-28cb-406c-bf1f-3015e690babc,muzik,SUPHELI,kapat,0.75,tamam,'Vokal harmonisi' ne yapar?,Tek ses | Ana ezgiyi başka seslerle destekler | Ritim tutar | Tempo verir,Ana ezgiyi başka seslerle destekler,Harmoni sözcüğü çok sesliliği çağrıştırıyor; diğer şıklar açıkça zayıf kalıyor.
f5189805-6aa5-4445-82e3-b642eea11156,muzik,SUPHELI,kapat,0.75,tamam,Hip hop kültüründe müzikle birlikte anılan öğe nedir?,Rap ve DJ'lik | Opera | Bale | Marş,Rap ve DJ'lik,"Hip hop ile rap bağlantısı herkesçe bilinir ve opera, bale, marş çeldiricileri açıkça konu dışı."
1c074a31-593c-4dcd-9371-df3a5fc38b9d,muzik,SUPHELI,kapat,0.80,tamam,'Ritim çalışması' neyi geliştirir?,Ton bilgisini | Armoniyi | Melodiyi | Zamanlama duygusunu,Zamanlama duygusunu,Ritim kavramı doğrudan zamanlamayla ilişkili; cevap sağduyuyla bulunuyor.
02ad7346-4305-4cdd-8ef5-b6aad9fe8e56,muzik,SUPHELI,kapat,0.80,tamam,Konservatuvarın işlevi nedir?,Müze koleksiyonu işletmek | Plak basıp dağıtmak | Müzik ve sahne sanatı eğitimi | Konser bileti satmak,Müzik ve sahne sanatı eğitimi,Konservatuvarın müzik eğitimi verdiği genel bilgi ve çeldiriciler saçma.
41d65ab3-223f-4bd0-920b-1e2dc36fe58c,muzik,SUPHELI,kapat,0.80,tamam,'Ritim gitar' ne yapar?,Melodiyi ve soloları çalar | Bas hatlarını ve kökleri çalar | Akor ve ritim eşliği verir | Vurmalı efektleri üretir,Akor ve ritim eşliği verir,"Doğru şık, sorudaki 'ritim' sözcüğünü tekrar ediyor; cevap addan çıkarılabiliyor."
e0a25f0f-c69a-4c59-99a7-6db8d927f7c3,muzik,SUPHELI,supheli,0.55,tamam,'İlahi' hangi tür bir eserdir?,Dinî içerikli ezgi | Halk türküsü | Marş | Opera aryası,Dinî içerikli ezgi,Bir müzik türünün tanımı soruluyor ama 'ilahi' sözcüğünün anlamı cevabı büyük ölçüde ele veriyor.
d090ef66-ff42-46df-8705-aacd465f2b88,muzik,SUPHELI,supheli,0.50,tamam,Bir albümde 'single' ne anlama gelir?,Tanıtım için öne çıkarılan tek parça | Albümün tamamı | Konser kaydı | Kapak tasarımı,Tanıtım için öne çıkarılan tek parça,Bir müzik terimi soruluyor ama 'single' (tek) sözcüğünün anlamı cevabı büyük ölçüde ele veriyor.
00bc1c71-13ae-4968-960f-3cca953aa033,muzik,SUPHELI,kapat,0.70,tamam,Elvis Presley'in ünlü şarkısı 'Jailhouse Rock' neyi anlatır?,Deniz yolculuğunu | Uzay yolculuğunu | Hapishane partisini | Çiftlik hayatını,Hapishane partisini,Şarkı adındaki 'jailhouse' (hapishane) sözcüğü cevabı veriyor.
7c97b225-b623-46e3-bd8d-bbbc2827aaae,muzik,SUPHELI,kapat,0.80,tamam,'Es' (sus) işareti neyi gösterir?,Sessizlik süresini | Ses yüksekliğini | Tempoyu | Tonu,Sessizlik süresini,Parantezdeki 'sus' sözcüğü cevabı (sessizlik) doğrudan veriyor.
06d2d84e-9314-4666-b731-873d237b7293,sanat,SUPHELI,kapat,0.70,tamam,'Galeri' ile 'müze' farkı nedir?,Yalnızca boyutları farklıdır | Yalnızca konumları farklıdır | Yalnızca binaları farklıdır | Galeri genelde satış yapar,Galeri genelde satış yapar,'Yalnızca' ile başlayan çeldiriciler saçma olduğundan D tek ciddi seçenek olarak öne çıkıyor.
0d0e3fe9-b5f2-403d-9e9b-2914fce417ab,sanat,SUPHELI,kapat,0.70,tamam,'Çömlekçi çarkı' ne sağlar?,Fırında pişirilmeyi | Yüzeyin sırlanmasını | Simetrik biçimlendirmeyi | Havada kurutulmayı,Simetrik biçimlendirmeyi,Dönen çarkın simetrik biçim verdiği sağduyuyla anlaşılıyor; diğer şıklar çarkla ilgisiz işlemler.
27064601-6ce9-47b3-a54b-ab7ca10134fb,sanat,SUPHELI,kapat,0.70,tamam,"Heykelde ""yontma"" ne demektir?",Boyamak | Malzeme eklemek | Malzemeden parça çıkarmak | Pişirmek,Malzemeden parça çıkarmak,Yontmak gündelik Türkçede bilinen bir sözcük olduğundan anlamı kendiliğinden çıkıyor.
4bc74f7d-ea86-4b26-bb56-3a37d6e597a4,sanat,SUPHELI,kapat,0.80,tamam,'Doğaçlama tiyatro' neye dayanır?,Anlık üretime | Ezberlenmiş metne | Müziğe | Dekora,Anlık üretime,Cevap 'doğaçlama' sözcüğünün anlamından doğrudan çıkıyor.
043d3d20-ebea-4c64-aee6-43ddda4ce95c,sanat,SUPHELI,kapat,0.75,tamam,Heykelde 'döküm' yöntemi neyi gerektirir?,Doğrudan yontmayı | Kâğıt kullanmayı | Boya kullanmayı | Kalıp ve eriyik metali,Kalıp ve eriyik metali,Döküm sözcüğü eritip kalıba dökmeyi çağrıştırdığından cevap kelime anlamından çıkarılabiliyor; diğer şıklar konu dışı.
52684bc3-0eb9-4d62-b89e-7e9df53e6fd5,sanat,SUPHELI,kapat,0.80,tamam,'Siyah beyaz fotoğraf' neyi öne çıkarır?,Renk uyumunu | Doygunluğu | Renk sıcaklığını | Biçim ve tonu,Biçim ve tonu,Diğer şıkların hepsi renkle ilgili olduğundan siyah beyaz fotoğraf için tek mantıklı şık biçim ve ton.
93272c55-0d7c-44a0-9076-432bf3a729b9,sanat,SUPHELI,kapat,0.80,tamam,'Dövme metal işçiliği' neyi kullanır?,Çekiç ve ısıyı | Kalıp dökümü | Lazeri | Yapıştırıcıyı,Çekiç ve ısıyı,'Dövme' sözcüğü zaten çekiçle şekillendirmeyi anlattığı için cevap sorunun içinde.
2189190a-7af4-49e6-ad38-4d7bfa93d812,sanat,SUPHELI,kapat,0.70,tamam,'Görsel doku' ile 'gerçek doku' farkı nedir?,Aynıdır | Biri yalnızca göze hitap eder | İkisi de dokunulur | İkisi de düzdür,Biri yalnızca göze hitap eder,'Görsel' sözcüğü cevabı veriyor; diğer şıklar açıkça mantıksız.
379c5dc2-9647-484c-9080-f4399d86cf6c,sanat,SUPHELI,kapat,0.80,tamam,"Resimde fırçayla kâğıda sürülen şeffaf, suyla inceltilen boyaya ne denir?",Guaj | Mum boya | Suluboya | Yağlıboya,Suluboya,'Suyla inceltilen' ifadesi cevabın adını doğrudan veriyor.
bf416d6b-d70d-4186-a5cd-f5cb8e25c93c,sanat,SUPHELI,kapat,0.65,tamam,'Realizm' neyi resmetmeyi seçer?,Mitolojiyi | Gündelik gerçekliği | Düşü | Soyutu,Gündelik gerçekliği,'Realizm' sözcüğü gerçeklikle ilişkisini açıkça ele veriyor; doğru şık sözcük anlamından çıkarılabiliyor.
2666d6aa-a371-4c12-8c0a-e6e9684a3ce4,sanat,SUPHELI,supheli,0.55,tamam,'Kontrast' neyi artırır?,Uyumu | Yumuşaklığı | Vurguyu | Dokuyu,Vurguyu,Sanat terimi bilgi gerektiriyor ama kontrastın vurguyu artırdığı genel anlamdan da çıkarılabilir.
5781c254-8008-4e45-9885-55838ff634a2,sanat,SUPHELI,kapat,0.80,tamam,Konser salonlarında akustik neyi ifade eder?,Sahne rengi | Ses kalitesi | Koltuk sayısı | Işık düzeni,Ses kalitesi,Akustiğin sesle ilgili olduğu genel bir sözcük bilgisidir ve diğer şıkların sesle hiçbir ilgisi yok.
0c19da9a-00dc-4865-9e65-c0cabfe867d9,sanat,SUPHELI,kapat,0.80,tamam,'Sanat piyasası' neyi belirler?,Kullanılan teknik türünü | Eserin ekonomik değerini | Sanatçının üslubunu | Eserin fiziksel boyutunu,Eserin ekonomik değerini,"'Piyasa' sözcüğü ekonomik değeri doğrudan çağrıştırıyor, diğer şıklar konu dışı."
7c19e1c8-8671-449f-ad17-167886b4d039,sanat,SUPHELI,kapat,0.75,tamam,'Mobilya ölçeği' neye göre belirlenir?,Renge | Malzemeye | İnsan boyutlarına | Modaya,İnsan boyutlarına,Mobilyanın insan kullanımına göre boyutlandırıldığı sağduyuyla belli; çeldiriciler ilgisiz.
4243824d-6fa7-4d05-b13a-dfcf72d8f50f,sanat,SUPHELI,kapat,0.75,tamam,Sanat eğitiminde 'desen' çalışmasının amacı nedir?,Renk karıştırmak | Gözlem ve çizim becerisini geliştirmek | Heykel dökmek | Baskı almak,Gözlem ve çizim becerisini geliştirmek,Genel bir çalışmanın amacı soruluyor ve diğer şıklar açıkça başka sanat dallarına ait.
c58e4d71-ff5a-448b-add3-5fc38f720e23,sanat,SUPHELI,kapat,0.80,tamam,"Moda tasarımında ""koleksiyon"" ne demektir?",Dikiş türü | Kumaş adı | Tek parça | Bir tema etrafındaki ürün dizisi,Bir tema etrafındaki ürün dizisi,'Koleksiyon' sözcüğünün günlük anlamı cevabı veriyor; 'tek parça' gibi çeldiriciler anlamla çelişiyor.
13e0262b-8119-43ae-b85d-3b6b66fffd5b,sanat,SUPHELI,kapat,0.80,tamam,Sanatta 'minimalizm' neyi savunur?,Sadeliği | Görkemi | Karmaşayı | Bolluğu,Sadeliği,'Minimal' sözcüğü sadelik anlamını taşıyor; diğer şıklar bunun tam tersi.
dff58540-f2a7-469e-a371-4438ea9b9d72,sanat,SUPHELI,supheli,0.55,tamam,"Heykelde ""modelleme"" hangi malzemeyle yapılır?",Kil | Granit | Mermer | Çelik levha,Kil,"Modelleme teriminin anlamı bilgi ister, ancak tek yumuşak malzemenin kil olması cevabı sağduyuyla da buldurabilir."
242dd6a8-0dda-45e3-a2c3-5073b95a836f,sanat,SUPHELI,kapat,0.75,tamam,'Sahne kostümü' neyi gözetir?,Hareket rahatlığı ve görünürlüğü | Moda trendi ve marka değerini | Satış fiyatı ve kâr payını | Tarihî orijinallik ve el dikişini,Hareket rahatlığı ve görünürlüğü,Sahne kostümünün işlevi sağduyuyla bulunur; diğer şıklar açıkça ilgisizdir.
2da3ecb9-7e38-4d31-b400-c2b754c07b83,sanat,SUPHELI,kapat,0.80,tamam,'Grafiti' sanatı hangi mekânda doğmuştur?,Müzede | Galeride | Atölyede | Kent duvarlarında,Kent duvarlarında,Grafitinin duvar yazısı olduğu genel olarak biliniyor; kapalı mekân şıkları açıkça yanlış.
c4295fd2-d948-4c35-853e-9572125fb7cd,sanat,SUPHELI,kapat,0.75,tamam,Estetik hangi soruyla ilgilenir?,Kâr nedir | Güzel nedir | Ağırlık nedir | Hız nedir,Güzel nedir,"Estetik günlük dilde güzellikle özdeşleşmiş bir sözcük ve kâr, ağırlık, hız çeldiricileri saçma."
06c63ef0-2eb3-4f8c-bc69-2e23f47b5fa5,sanat,SUPHELI,kapat,0.70,tamam,Müzecilikte 'restorasyon' ne yapar?,Eseri birebir kopyalar | Eseri açık artırmada satar | Eseri onarır ve korur | Eseri baştan boyar,Eseri onarır ve korur,Restorasyon günlük dilde bilinen bir kavram ve çeldiriciler açıkça saçma.
2bb0c5cc-ac9f-45a4-98d7-9177c9b83810,sanat,SUPHELI,kapat,0.75,tamam,'Sahne ışığı' oyunda neyi yönlendirir?,Metni | İzleyicinin dikkatini | Dekoru | Kostümü,İzleyicinin dikkatini,Işığın dikkati yönlendirdiği sağduyuyla çıkarılıyor; diğer şıklar konu dışı.
5f470a13-19b4-457e-ad63-49e64fc11221,sanat,SUPHELI,kapat,0.80,tamam,Karakalem çalışmalarda temel malzeme nedir?,Kurşun kalem | Mürekkep yalnızca | Pastel yalnızca | Yağlı boya,Kurşun kalem,'Karakalem' adı cevabı veriyor ve 'yalnızca' içeren çeldiriciler kendini ele veriyor.
daa537fa-ade9-4c4c-b287-3e660d35c170,sanat,SUPHELI,kapat,0.80,tamam,"Sanat yapıtında ""orijinal"" ile ""reprodüksiyon"" farkı nedir?",Orijinal kopyadır | Fark boyuttur | Aynı şeydir | Reprodüksiyon çoğaltmadır,Reprodüksiyon çoğaltmadır,Reprodüksiyon sözcüğü ve saçma çeldiriciler cevabı alan bilgisi gerektirmeden belli ediyor.
76ee9d48-fecb-4614-9bb5-98c5b88b7e83,sanat,SUPHELI,kapat,0.80,tamam,'Katalog' sergide neyi belgeler?,Bileti | Salonu | Eserleri ve metinleri | Güvenliği,Eserleri ve metinleri,Sergi kataloğunun eserleri belgelediği sağduyuyla bulunur; diğer şıklar saçma.
65e973ca-c89d-4613-9eb1-d19f66ba1e23,sanat,SUPHELI,kapat,0.82,tamam,'Sanat terapisi' neyi amaçlar?,Eserlerin piyasa değerini belirlemeyi | Yıpranmış eserleri onarmayı | İyileşme ve ifadeyi desteklemeyi | Sanat tarihini öğretmeyi,İyileşme ve ifadeyi desteklemeyi,'Terapi' sözcüğü iyileşmeyi çağrıştırdığından cevap kendini ele veriyor.
9519c76c-f948-4e43-ab02-746c24f2a09a,sanat,SUPHELI,supheli,0.50,tamam,'Seramik sırlama' neyi sağlar?,Ağırlık | Esneklik | Kırılganlık | Su geçirmezlik ve parlaklık,Su geçirmezlik ve parlaklık,Sırlamanın işlevi bir bilgi gerektiriyor ama çeldiriciler zayıf ve tek olumlu şık D.
32e46a0a-c0ed-44c5-93da-65c97f8c81dc,sanat,SUPHELI,kapat,0.80,tamam,'Bağış ve vakıf desteği' sanatta ne yapar?,Telif hakkı güvencesi sağlar | Sansür muafiyeti sağlar | Eserin satış fiyatını belirler | Sürdürülebilir kaynak sağlar,Sürdürülebilir kaynak sağlar,"Bağış ve desteğin kaynak sağladığı sözcük anlamından belli, çeldiriciler konu dışı."
f4c37de5-290a-42f6-939a-a70c6e4a5073,sanat,SUPHELI,kapat,0.75,tamam,'Fırınlama' seramikte ne yapar?,Renk verir | Boyar | Şekillendirir | Kili sertleştirir,Kili sertleştirir,Fırınlamanın kili sertleştirdiği sağduyuyla bilinir ve çeldiriciler zayıftır.
29ba991e-fcdd-4974-8eed-290472efef2d,sanat,SUPHELI,supheli,0.55,tamam,Minimalizm neyi amaçlar?,Işığın anlık ve renkli izlenimi | Az öğeyle yalın anlatım | Bilinçaltının rüya imgesi | Nesnenin geometrik parçalanması,Az öğeyle yalın anlatım,Çeldiriciler başka akımların tanımları olsa da 'minimal' sözcüğü cevabı ele veriyor.
3d6fcfd4-cf29-4864-ac61-87f70f465f62,sanat,SUPHELI,kapat,0.75,tamam,'Prova salonu' dansçıya ne sağlar?,Sahne | Seyirci | Kostüm | Ayna ve barla çalışma ortamı,Ayna ve barla çalışma ortamı,Prova salonunun çalışma ortamı sağladığı sağduyudan belli ve ayrıntılı tek ciddi şık doğru olan.
5466a00b-0617-454e-b8da-a5918865a058,sinema,SUPHELI,kapat,0.72,tamam,'Uyarlama' filmde neye dayanır?,Doğaçlamaya | Başka bir esere | Habere | Reklama,Başka bir esere,"'Uyarlama' sözcüğü başka bir kaynaktan uyarlamayı zaten anlattığından cevap sözcüğün anlamından çıkıyor, çeldiriciler de zayıf."
28f5d1a8-8de3-4723-a44e-a038131ba14f,sinema,SUPHELI,supheli,0.55,tamam,Yapımcının filmdeki temel rolü nedir?,Kamera kullanımı | Oyunculuk | Finansman ve süreç yönetimi | Kurgu,Finansman ve süreç yönetimi,"Yapımcının görevi genel kültürle bilinir ve diğer şıklar başka film rollerini gösteriyor, ancak cevap oldukça sezilebilir."
062e0e75-b455-4be4-a497-5ce4558e8398,sinema,SUPHELI,supheli,0.50,tamam,'Doğaçlama sahne' ne demektir?,Senaryosuz üretilen sahne | Provası yapılmış sahne | Önceden kurgulanan sahne | Kısa süren tek sahne,Senaryosuz üretilen sahne,"'Doğaçlama' gündelik dilde bilinen bir sözcük ve çeldiricilerin ikisi doğrudan zıt anlamlı, ancak yine de terim bilgisi istediği savunulabilir."
0191f372-3373-4c4c-8d26-57a64332420a,sinema,SUPHELI,kapat,0.80,tamam,"Sinemada ""kare hızı"" (fps) neyi gösterir?",Saniyedeki kare sayısını | Filmin toplam süresini | Ses kanalı sayısını | Görüntüdeki renk sayısını,Saniyedeki kare sayısını,'Kare hızı' ifadesi zamana bağlı kare sayısını doğrudan ima ediyor; diğer şıklar ilgisiz.
c63519ae-e3c6-4995-98f9-3338ec81dee6,sinema,SUPHELI,supheli,0.50,tamam,'Kare hızı' (fps) neyi etkiler?,Rengi | Sesi | Çözünürlüğü | Hareketin akıcılığını,Hareketin akıcılığını,Terimden tahmin edilebilir ama çözünürlük çeldiricisi bilgisizi yanıltabilir.
5fc76612-0112-4192-ba2a-8415283ce80e,sinema,SUPHELI,kapat,0.65,tamam,'Satirik film' neyi hedefler?,Övgüyü | Belgeseli | Masalı | Toplumsal eleştiriyi,Toplumsal eleştiriyi,"Çeldiriciler (övgü, belgesel, masal) açıkça uyumsuz, eleştiri tek ciddi seçenek."
61cd460c-9c9a-4d1d-b676-e552005059ba,sinema,SUPHELI,kapat,0.70,tamam,'Sinema salonu ses sistemi' olarak 'surround' ne yapar?,Sesi kısar | Sesi tek noktaya toplar | Bası artırır | Sesi mekâna yayar,Sesi mekâna yayar,"'Surround' (çevreleyen) sözcüğünün anlamı cevabı veriyor, çeldiriciler zayıf."
e6516d83-b689-4403-af3e-7a03dabde464,sinema,SUPHELI,kapat,0.65,tamam,IMAX formatının ayırt edici özelliği nedir?,Sessiz gösterim | Siyah beyaz olması | Çok büyük perde ve yüksek çözünürlük | Kısa süresi,Çok büyük perde ve yüksek çözünürlük,"Çeldiriciler (sessiz, siyah beyaz, kısa) modern bir format için saçma; tek ciddi seçenek doğru cevap."
dc63a8c9-f9f2-4250-b67f-f2e0f5a330f6,sinema,SUPHELI,kapat,0.80,tamam,'Sessizlik' bir sahnede ne işlev görür?,Tempo ve hareket katar | Derinlik ve perspektif verir | Gerilim ve vurgu yaratır | Renk ve doku katar,Gerilim ve vurgu yaratır,Sessizliğin gerilim yarattığı sağduyuyla bulunuyor; diğer şıklar sessizlikle ilgisiz ve açıkça saçma.
1fb90ba5-7b3f-4a7b-aee7-38ed68f71a36,sinema,SUPHELI,kapat,0.75,tamam,Sinemada 'senaryo' neyi içerir?,Diyalog ve sahneler | Yapım bütçesi | Film müzikleri | Tanıtım afişleri,Diyalog ve sahneler,Senaryonun diyalog ve sahneleri içerdiği gündelik bilgidir; doğru şık açıkça en mantıklı seçenek.
cc3b238a-eed0-4f8a-955a-47420ffd50e5,sinema,SUPHELI,kapat,0.80,tamam,'Kuş bakışı' çekim neyi vurgular?,Yakınlığı | Sesi | Genel konum ve düzeni | Duyguyu,Genel konum ve düzeni,Kuş bakışı ifadesi yukarıdan genel görünümü çağrıştırdığı için cevap terimden çıkarılıyor.
18133765-28a0-45f2-ae14-c3f658a25276,sinema,SUPHELI,kapat,0.70,tamam,Sinemada 'açık son' izleyiciye ne bırakır?,Net bir cevap | Uzun bir jenerik | Ek sahne | Yorumlama boşluğu,Yorumlama boşluğu,'Açık' sözcüğü yorumlamaya açıklığı ima ediyor; diğer şıklar zayıf.
12400c53-ccf4-4da1-8078-267390b37e45,sinema,SUPHELI,supheli,0.55,tamam,"Sinemada ""uyarlama"" ne demektir?",Altyazı ekleme işlemi | Yalnızca yeniden çekim | Filme sonradan ses ekleme | Bir eserden filme çevirme,Bir eserden filme çevirme,Bir sinema terimi soruluyor ama 'uyarlama' gündelik dilde de bilinen bir sözcük; anlamı kısmen kendini ele veriyor.
5d5fee4c-ae1b-4917-b8ac-7a7dd0593569,sinema,SUPHELI,kapat,0.80,tamam,'Bağımsız sinema' neyle tanımlanır?,Yüksek bütçeyle | Stüdyo desteğiyle | Büyük stüdyo dışı yapımla | Uzun süreyle,Büyük stüdyo dışı yapımla,"'Bağımsız' sözcüğü stüdyo dışı yapımı doğrudan çağrıştırıyor, cevap kelime anlamından çıkıyor."
4d39a4e9-1812-4efc-b1c1-269947a1be6c,sinema,SUPHELI,kapat,0.75,tamam,Seslendirme (dublaj) hangi aşamada yapılır?,Çekimden önce hep | Kurgudan önce hep | Çekim sonrasında | Vizyondan sonra,Çekim sonrasında,'Hep' içeren çeldiriciler açıkça yanlış; seslendirmenin çekim sonrası yapıldığı sağduyuyla bulunur.
21ce87dc-fa3c-41d8-bf31-268a3666e5e5,sinema,SUPHELI,kapat,0.70,tamam,Gişe filmi (blockbuster) kavramı neyi anlatır?,"Düşük bütçeli deneysel film | Kısa film | Yüksek bütçeli, geniş kitlelik film | Belgesel","Yüksek bütçeli, geniş kitlelik film",'Gişe filmi' ifadesi geniş kitleyi ima ediyor; çeldiriciler bununla açıkça çelişiyor.
2bd5fe33-d68f-4830-b28a-e1f32c639e2d,sinema,SUPHELI,kapat,0.80,tamam,Bir belgeselde 'arşiv görüntüsü' neyi sağlar?,Sahnenin oyuncularla gerçek zamanlı canlandırmasını | Olayların uzmanlarca yorumlanmasını | Konunun anlatıcı sesle özetlenmesini | Geçmişe dair kanıt ve bağlam,Geçmişe dair kanıt ve bağlam,'Arşiv' sözcüğü geçmişi çağrıştırdığı için cevap terimin anlamından çıkıyor.
7e1d7a91-a647-4981-93c1-5d92f91a042c,sinema,SUPHELI,kapat,0.65,tamam,Kurgu (montaj) aşamasında ne yapılır?,Çekimler sıralanıp birleştirilir | Senaryo yazılır | Oyuncu seçilir | Mekân bulunur,Çekimler sıralanıp birleştirilir,Montaj sözcüğünün anlamı cevabı doğrudan veriyor.
4afea9d5-1ac5-4e1c-b63b-5778e64c02be,sinema,SUPHELI,kapat,0.70,tamam,'Zaman atlamalı' (time lapse) çekim neyi gösterir?,Yavaşlamayı | Uzun süreci kısa sürede | Sesi | Rengi,Uzun süreci kısa sürede,'Zaman atlamalı' adı cevabı veriyor; 'ses' ve 'renk' şıkları saçma.
68539bd2-3ab7-4ac4-9816-987a7a1726fe,sinema,SUPHELI,kapat,0.80,tamam,Bir filmin 'atmosferi' neyle kurulur?,"Oyuncu kadrosu ve yıldız gücüyle | Bütçe, takvim ve yapım planıyla | Görüntü, ses ve mekân bütünlüğüyle | Afiş, fragman ve tanıtımla","Görüntü, ses ve mekân bütünlüğüyle","Atmosferin görüntü, ses ve mekânla kurulduğu sağduyuyla bulunuyor; diğer şıklar yapım ve tanıtımla ilgili."
474390f4-2087-4a08-ba35-e12123dd0841,sinema,SUPHELI,kapat,0.70,tamam,'Yapımcı' filmde asıl neyi üstlenir?,Oyunculuğu | Finans ve organizasyonu | Işıklandırmayı | Kurguyu,Finans ve organizasyonu,Çeldiriciler başka bilinen rollerdir ve yapımcının finans/organizasyon işlevi sağduyuyla bulunur.
0c4099c4-db9a-402d-8394-99d6e9ce61c6,sinema,SUPHELI,kapat,0.70,tamam,Bir filmde 'açık son' ne demektir?,Sonucun yoruma bırakılması | Sonucun net verilmesi | Filmin kısa olması | Devam filmi olması,Sonucun yoruma bırakılması,'Açık son' terimi kendini açıklıyor; doğru şıkkın karşıtı da şıklar arasında olduğundan cevap belirgin.
40cf4096-5eca-4f64-aab2-71eec6ecfe50,sinema,SUPHELI,kapat,0.80,tamam,'Fragman' ne amaçla hazırlanır?,Filmi tanıtmak için | Filmi özetlemek için | Kurguyu denemek için | Ödül başvurusu için,Filmi tanıtmak için,Fragmanın tanıtım amacı gündelik bilgiyle biliniyor; diğer şıklar zayıf kalıyor.
9ddadf09-7659-4ff4-a01c-c7d9ef414e03,sinema,SUPHELI,kapat,0.65,tamam,Film serisi (franchise) kavramı neyi anlatır?,Ortak evrende süren yapımlar bütünü | Tek bir yönetmenin çektiği filmler | Aynı yıl vizyona giren filmlerin hepsi | Bir stüdyonun yıllık yapım kataloğu,Ortak evrende süren yapımlar bütünü,Soru metnindeki 'film serisi' ifadesi birbirini izleyen yapımlar anlamını zaten veriyor.
0bcc81ec-69db-4537-b61e-e8a40f3236e2,sinema,SUPHELI,kapat,0.80,tamam,Dijital sinemaya geçişin en belirgin sonucu nedir?,Ses yerine altyazı kullanımı | Film şeridi yerine dosya kullanımı | Renkli yerine siyah-beyaz kullanımı | Stüdyo yerine doğal mekân kullanımı,Film şeridi yerine dosya kullanımı,'Dijital' sözcüğü cevabı veriyor; diğer şıklar dijitalleşmeyle ilgisiz ya da ters yönde.
e0b05664-f62a-45ee-8970-d6ae08c7ee78,sinema,SUPHELI,kapat,0.75,tamam,Akış (streaming) platformlarının yapım alanındaki rolü nedir?,Yalnız dağıtım yapmaları | Salon işletmeleri | Festival düzenlemeleri | Kendi içeriklerini üretmeleri,Kendi içeriklerini üretmeleri,Genel bir kavramın rolü soruluyor ve doğru şık sağduyuyla bulunuyor.
e73749f9-8374-4730-bdc4-ccff22fb5f75,sinema,SUPHELI,kapat,0.75,tamam,'Yaka mikrofonu' nerede kullanılır?,Oyuncuya gizlenmiş biçimde | Kamerada | Tavanda | Uzakta,Oyuncuya gizlenmiş biçimde,'Yaka' sözcüğü mikrofonun oyuncunun üzerinde olduğunu doğrudan söylüyor.
a94dc018-e383-4792-943f-4f6cc23cd0ce,sinema,SUPHELI,supheli,0.50,tamam,'Korku' türünde 'jump scare' nedir?,Uzun gerilim | Yavaş açılış | Sessiz sahne | Ani irkiltme,Ani irkiltme,Bir sinema terimi soruluyor ama 'jump' ve 'scare' sözcükleri cevabı büyük ölçüde ele veriyor.
6f7b3e08-a900-4fcc-acf3-83a0f358e8d1,sinema,SUPHELI,kapat,0.80,tamam,'Yaka mikrofonu' neyi hedefler?,Oyuncunun sesini yakından almayı | Ortam sesini | Müziği | Efekti,Oyuncunun sesini yakından almayı,Yakaya takılan mikrofonun konuşanın sesini alacağı sağduyudan belli.
1cfa5fb0-b6d6-4287-ba86-e956cfa4a071,sinema,SUPHELI,kapat,0.70,tamam,'Stüdyo çekimi' hangi avantajı sunar?,Doğallık | Ucuzluk | Hız | Denetimli koşullar,Denetimli koşullar,"Stüdyonun kontrollü ortam sağladığı kavramın kendisinden anlaşılıyor, doğallık ve ucuzluk açıkça ters."
d1198f0e-13e9-49c2-9166-3cc19f9c9eb2,sinema,SUPHELI,kapat,0.80,tamam,'Müzikal' türünde şarkılar ne işlev görür?,Oyuncu değişimini gizleme | Reklam arasına hazırlama | Jenerik yazılarını taşıma | Anlatıyı ilerletme,Anlatıyı ilerletme,Genel bir işlev soruluyor ve diğer şıklar saçma olduğundan tek ciddi seçenek anlatıyı ilerletme.
2e19dfbd-cec4-4f0a-8cf4-e4bcdf22573d,sinema,SUPHELI,kapat,0.65,tamam,'Bağımsız film' kavramı neyi vurgular?,Kısa süreli olmasını | Büyük stüdyo dışında üretilmesini | Belgesel olmasını | Dijital çekilmesini,Büyük stüdyo dışında üretilmesini,"'Bağımsız' sözcüğünün anlamı büyük stüdyodan bağımsız üretimi doğrudan çağrıştırıyor, ancak çeldiriciler kısmen makul."
7e5d4607-54e0-4e33-8758-dec7e28a38bc,spor,SUPHELI,supheli,0.50,tamam,Dağ bisikletinde 'downhill' ne demektir?,Düz parkur | Tırmanış | Şehir içi | Yokuş aşağı iniş,Yokuş aşağı iniş,Temel İngilizceyle 'down' sözcüğünden çıkarılabilir; yine de bir terim tanımı sorulduğu için tutulması da savunulabilir.
544de89e-4ba6-4814-adc5-7a92e5cb1160,spor,SUPHELI,kapat,0.65,tamam,'Laktik asit' birikimi sporcuda neye yol açar?,Isınmaya | Esnemeye | Uykuya | Yanma ve yorgunluğa,Yanma ve yorgunluğa,"Birikim olumsuz bir sonuç çağrıştırdığından ve ısınma, esneme, uyku zayıf çeldiriciler olduğundan tek ciddi seçenek yanma ve yorgunluk kalıyor."
5d994f52-7748-4411-8fe6-101ea6876df2,spor,SUPHELI,supheli,0.55,tamam,'Lisanslı sporcu' ne anlama gelir?,Profesyonel olan | Antrenör olan | Resmî tescilli sporcu | Yedek sporcu,Resmî tescilli sporcu,"'Lisanslı' sözcüğü tescili çağrıştırıyor, ancak 'profesyonel' şıkkı makul bir çeldirici."
3a5037db-33a9-4314-a084-2633db94704a,spor,SUPHELI,kapat,0.70,tamam,'Yoga' hangi ögeleri birleştirir?,Duruş nefes ve odaklanmayı | Sürat kuvvet ve dayanıklılığı | Top kontrolü ve pas oyununu | Ritim müzik ve koreografiyi,Duruş nefes ve odaklanmayı,"Çeldiriciler açıkça başka sporlara (atletizm, futbol, dans) ait; yoga hakkında genel bir izlenim cevabı vermeye yetiyor."
0db3f070-2981-432d-a96d-17b6e644b161,spor,SUPHELI,supheli,0.55,tamam,'Voleybolda blok' hangi anda yapılır?,Servis atarken | Pas verirken | Topu kaldırırken | Rakip smaç vururken,Rakip smaç vururken,Basit voleybol bilgisi gerekir ama 'blok' sözcüğünün anlamından da çıkarılabilir.
1bc9c920-9a08-4dae-8806-b9f050641817,spor,SUPHELI,kapat,0.80,tamam,"Sporda ""transfer"" ne demektir?",Maç taktiği | Sporcunun kulüp değiştirmesi | Sakatlık | Antrenman planı,Sporcunun kulüp değiştirmesi,Transfer sözcüğünün sporda kulüp değiştirme anlamı herkesçe bilinir; diğer şıklar konu dışı.
4a7e22fc-c7e8-4e01-bbed-3ed25f1edf89,spor,SUPHELI,kapat,0.80,tamam,Isınmada 'genel ısınma' bölümünde ne yapılır?,Maksimal yük | Hafif tempolu koşu ve hareket | Yarış temposu | Tam dinlenme,Hafif tempolu koşu ve hareket,Isınmada hafif tempolu hareket yapıldığı sağduyudan belli; diğer şıklar ısınma kavramıyla çelişiyor.
52ad8b1e-eb5d-4577-97d2-654f3362ca52,spor,SUPHELI,kapat,0.70,tamam,'Grup aşaması' nasıl işler?,Tek maç eleme | Gruplarda karşılıklı maçlar | Kura ile | Puan devriyle,Gruplarda karşılıklı maçlar,"Grup aşaması adı, gruplarda oynanan maçları zaten ima ediyor."
66cc21fb-5eb1-4577-904d-dc92a33896dd,spor,SUPHELI,kapat,0.75,tamam,"Sporcularda ""rehabilitasyon"" ne demektir?",Antrenman artışı | Transfer | Ceza | Sakatlık sonrası toparlanma süreci,Sakatlık sonrası toparlanma süreci,"Rehabilitasyon gündelik dilde bilinen bir kavram ve çeldiriciler (transfer, ceza) saçma, tek ciddi şık D."
5fcbaf30-957c-4c90-a9fe-8869d7352c63,spor,SUPHELI,kapat,0.65,tamam,Yüzmede kulvar çizgilerinin işlevi nedir?,Derinlik ölçmek | Isıtmak | Süs | Dalga etkisini azaltmak,Dalga etkisini azaltmak,"Çeldiriciler (ısıtmak, süs, derinlik ölçmek) saçma olduğundan tek ciddi seçenek dalga etkisini azaltmak oluyor."
0564fc5b-4186-40ce-a9e5-8d1237ce100e,spor,SUPHELI,supheli,0.55,tamam,Sporda kondisyon ne anlama gelir?,Sporcunun yaş aralığı | Boy ve kol uzunluğu | Dayanıklılık düzeyi | Vücut kilo ölçüsü,Dayanıklılık düzeyi,"Günlük dilde çok bilinen bir terim ve çeldiriciler zayıf, ama yine de bir tanım soruluyor."
80a48027-54ea-40ed-96f1-7f011fc1866f,spor,SUPHELI,kapat,0.80,tamam,'Yüzmede kulvar' neyi sağlar?,Dalgayı azaltıp yarışçıyı ayırmayı | Derinliği | Sıcaklığı | Işığı,Dalgayı azaltıp yarışçıyı ayırmayı,"Derinlik, sıcaklık ve ışık çeldiricileri saçma olduğundan tek ciddi şık açıkça seçiliyor."
0f26f712-3b16-4b56-920b-da00da4917e1,spor,SUPHELI,kapat,0.80,tamam,Takım sporlarında 'kaptan bandı' neyi simgeler?,En iyi oyuncuyu | En yaşlı oyuncuyu | Kaleciyi | Saha içi liderliği,Saha içi liderliği,'Kaptan' sözcüğü liderliği zaten çağrıştırdığı için cevap sağduyuyla bulunuyor.
02002fc2-ba1f-4c2b-bfcc-fde89a73b125,spor,SUPHELI,kapat,0.70,tamam,E-spor ne anlama gelir?,Enerji tasarrufu sporu | Elektronik oyun müsabakaları | Engelli sporları dalı | Elektrikli araç yarışı,Elektronik oyun müsabakaları,Çok yaygın bir terim; 'e-' önekinden ve gündelik kullanımdan cevap kolayca çıkıyor.
debccd72-1abd-4d7a-9668-068c60268bb3,spor,SUPHELI,kapat,0.70,tamam,Artistik patinajda puanlama neyi değerlendirir?,Bitiş süresi ve atlama yüksekliği | Kat edilen mesafe ve hız | Teknik öğeler ve sanatsal sunum | Buz yüzeyi ve pist ölçüsü,Teknik öğeler ve sanatsal sunum,Sorudaki 'artistik' sözcüğü 'sanatsal sunum' şıkkını açıkça ele veriyor; diğer şıklar konu dışı.
fe413f11-0102-4b83-aa5c-f56534b4e757,spor,SUPHELI,kapat,0.70,tamam,'Serbest vuruş' türlerinden biri nedir?,Kısa vuruş | Uzun vuruş | Direkt serbest vuruş | Yan vuruş,Direkt serbest vuruş,"Doğru şık sorudaki 'serbest vuruş' ifadesini içeren tek seçenek, diğerleri uydurma terimler."
82cc3c13-eba1-43e8-a9cc-68170ef7e735,spor,SUPHELI,kapat,0.80,tamam,'Sporda kural değişikliği' kim tarafından yapılır?,Kulüpler | Yetkili federasyon veya kurul | Taraftar | Hakem,Yetkili federasyon veya kurul,Sağduyuyla bulunuyor; tek ciddi seçenek yetkili federasyon.
7052c21f-958f-4427-b7ea-18b46536047d,spor,SUPHELI,kapat,0.65,tamam,"Basketbolda ""adım hatası"" ne demektir?",Zaman aşımı | Çift sektirme | Faul yapmak | Top sürmeden fazla adım atmak,Top sürmeden fazla adım atmak,"'Adım' sözcüğü yalnızca doğru şıkta geçiyor, bu yüzden cevap terimin adından çıkarılabiliyor."
98b11720-efc9-4109-a23f-7e9719db323f,spor,SUPHELI,kapat,0.70,tamam,'Fotofiniş' ne için kullanılır?,Faul tespiti | Bitişte sıralama tespiti | Skor tabelası | Ölçüm,Bitişte sıralama tespiti,'Fotofiniş' adı bitişin fotoğraflanması anlamına geliyor ve diğer şıklar zayıf.
21f06f37-957d-4a26-a1f6-8a32bbc8748d,spor,SUPHELI,kapat,0.80,tamam,'Suni çim' hangi avantajı sunar?,Doğal görünüm | Her koşulda kullanılabilirlik | Düşük maliyet hep | Yumuşaklık,Her koşulda kullanılabilirlik,Genel bir kavramın yararı soruluyor ve 'doğal görünüm' gibi çeldiriciler yapay ürün için açıkça saçma.
8329e2b7-3a88-4c5a-a900-e0563f8e36da,spor,SUPHELI,supheli,0.50,tamam,Sporda 'çeviklik' ne demektir?,Uzun süre koşma | Hızla yön değiştirebilme | Ağırlık kaldırma | Esneme,Hızla yön değiştirebilme,"Çeldiriciler dayanıklılık, kuvvet ve esneklik gibi makul motor özellikler, ancak 'çevik' sözcüğü cevabı sezdiriyor."
3369dc57-29ad-4817-ac3e-909eaa8d1cd1,spor,SUPHELI,kapat,0.70,tamam,"Voleybolda ""blok"" hangi amaçla yapılır?",Servis atmak | Pas vermek | Rakip smacını engellemek | Sayı saymak,Rakip smacını engellemek,'Blok' sözcüğü zaten engellemeyi çağrıştırıyor ve diğer şıklar bu sözcükle ilgisiz eylemler.
0c26afe8-71a2-46e0-b805-e235c85d442e,tarih,SUPHELI,kapat,0.80,tamam,'Sanayi bölgeleri' kurulmasının amacı nedir?,Kırsal kalkınma ve tarım | Turizm ve kültür tanıtımı | Konut ve kentsel dönüşüm | Planlı üretim ve istihdam,Planlı üretim ve istihdam,"Sanayi bölgesinin amacı adından belli, diğer şıklar konu dışı."
0007bbf6-f736-4be2-949e-05a01e316953,tarih,SUPHELI,kapat,0.80,tamam,'Sanayi Devrimi' öncesinde üretim nasıl yapılırdı?,Buhar gücüyle fabrikada | Otomasyonla seri hatta | El emeğiyle atölyede | Bilgisayar denetiminde,El emeğiyle atölyede,Diğer şıklar açıkça sanayi sonrası yöntemler; cevap sağduyuyla bulunuyor.
41063a35-3541-473c-a3eb-7c1bcf53c478,tarih,SUPHELI,kapat,0.60,tamam,Soğuk Savaş'ın taraflarını hangi iki blok oluşturur?,Doğu ve Güney | Batı ve Doğu blokları | Kuzey ve Güney | Asya ve Avrupa,Batı ve Doğu blokları,Sorudaki 'blok' kelimesini yalnız B şıkkı içeriyor ve tek ciddi seçenek olarak öne çıkıyor.
0c0476e7-f0a6-48cc-bc11-a8d9228e1ebf,tarih,SUPHELI,kapat,0.80,tamam,'Tarihsel bağlam' neden önemlidir?,Belgeleri tek tek sayabilmek | Doğru kronoloji kurabilmek | Nüfus sayımı yapabilmek | Olayı kendi koşullarında anlamak,Olayı kendi koşullarında anlamak,Genel bir kavramın yararı soruluyor ve doğru şık sağduyuyla en mantıklı seçenek.
cea5e0ed-3aa4-40db-b705-0d129565c34c,tarih,SUPHELI,supheli,0.50,tamam,Aydınlanma Çağı'nın temel vurgusu nedir?,Rastlantı | Mit | Gelenek | Akıl,Akıl,Aydınlanma'nın akla vurgusu bilgi gerektirir ama çeldiriciler zayıf ve ad cevabı çağrıştırıyor.
e277b968-af01-4a0b-b4d0-845619723839,tarih,SUPHELI,kapat,0.80,tamam,'Belge dijitalleştirme' neyi korur?,Arşiv binasını yangından | Özgün belgeyi yıpranmadan | Belgenin telif hakkını | Belgenin gizliliğini sızıntıdan,Özgün belgeyi yıpranmadan,Dijitalleştirmenin özgün belgeyi kullanımdan koruduğu sağduyuyla bulunuyor; diğer şıklar açıkça konu dışı.
5233673e-6dfc-48b4-8b86-b5d31583a580,tarih,SUPHELI,kapat,0.75,tamam,'Bilimsel Devrim' neyi değiştirdi?,Sanatı | Ticareti | Dini | Doğayı açıklama yöntemini,Doğayı açıklama yöntemini,'Bilimsel' sözcüğü cevabı doğrudan işaret ediyor.
a555a55e-b300-4a83-a649-be21c03b5315,tarih,SUPHELI,supheli,0.50,tamam,'Emperyalizm' 19. yüzyılda neyi hedefledi?,Hammadde ve pazar denetimini | Kültür alışverişini | Göçü | Barışı,Hammadde ve pazar denetimini,"Emperyalizm kavramını bilmek gerekir, ancak Barış ve Göç gibi çeldiriciler zayıf olduğundan cevap kolayca tahmin edilebilir."
9303a903-e36b-4889-bed0-107545c4af2d,tarih,SUPHELI,supheli,0.55,tamam,Tekke ve zaviyelerin kapatılması hangi amaçla yapıldı?,Laik düzeni güçlendirmek | Ordu kurmak | Ticaret açmak | Vergi artırmak,Laik düzeni güçlendirmek,"Tekkelerin dini kurum olduğunu bilmek gerekir, ancak çeldiriciler çok zayıf olduğundan soru kolaylaşıyor."
3b328eb3-e94f-4474-a774-60d9bb3795c3,tarih,SUPHELI,kapat,0.75,tamam,Sömürgeciliğin temel amacı neydi?,Hammadde ve pazar elde etmek | Kültür alışverişi | Eğitim yaymak | Bilim üretmek,Hammadde ve pazar elde etmek,Genel bir kavramın amacı soruluyor ve doğru şık tek ciddi seçenek; diğerleri olumlu ama gerçek dışı amaçlar.
5185aa1e-d5aa-4e98-83a7-464a8b0c93b9,tarih,SUPHELI,kapat,0.80,tamam,'Yeni Dünya bitkileri' Avrupa'da neyi değiştirdi?,Mimariyi | Askerliği | Beslenme ve tarımı | Dini,Beslenme ve tarımı,Bitkilerin beslenmeyi ve tarımı etkilediği sağduyuyla bulunuyor; diğer şıklar ilgisiz.
04b28217-2ea3-46bd-8c5c-a15018bda050,tarih,SUPHELI,kapat,0.70,tamam,Orta Çağ şövalyelerinin vücutlarını korumak için giydiği metal giysiye ne denir?,Cübbe | Pelerin | Kaftan | Zırh,Zırh,"Metal koruyucu giysi olarak tek seçenek zırh, diğer şıklar kumaş giysiler."
0b91d928-b6d0-4acd-9ecb-1f9cb04fce43,tarih,SUPHELI,supheli,0.55,tamam,'Hindistan'ın bağımsızlığı' hangi yöntemle kazanıldı?,Yalnızca silahlı savaşla | Kura çekimi yöntemiyle | Ağırlıkla şiddetsiz direnişle | Hiçbir antlaşma olmadan,Ağırlıkla şiddetsiz direnişle,"Gandhi ve şiddetsiz direniş bilgisi gerekiyor, ama 'yalnızca', 'hiçbir' gibi uç ifadeler ve kura çekimi çeldiricisi cevabı ele veriyor."
7405892d-13ed-4431-b937-e4154735dcdb,tarih,SUPHELI,kapat,0.80,tamam,'Osmanlı'da nüfus sayımı' hangi amaçla yapıldı?,Vergi ve asker tespiti | Turizm | Eğitim | Ticaret,Vergi ve asker tespiti,"Turizm, eğitim, ticaret gibi çeldiriciler saçma; vergi ve asker tespiti sağduyuyla bulunuyor."
00bfd277-6db7-4fd5-8d08-97d6cf9bf67b,tarih,SUPHELI,supheli,0.50,tamam,'Tersane' Osmanlı'da ne işlevi görürdü?,Gemi yapımı | Silah üretimi | Kumaş dokuma | Para basımı,Gemi yapımı,Tersane gündelik dilde bilinen bir sözcük ama Tophane/Darphane gibi makul çeldiricilerle terim bilgisi de sınanıyor.
40fbd2b6-7155-4feb-893f-8b07e795393f,teknoloji,SUPHELI,kapat,0.75,tamam,Yazılımların düzenli yenilenmesi neden önemlidir?,Bilinen açıkları kapatması | Hız artırması | Depolama açması | Renk değiştirmesi,Bilinen açıkları kapatması,Genel bir kavramın yararı soruluyor ve güvenlik açıklarını kapatmak açıkça en mantıklı şık.
4a752d40-3102-4abb-8e1c-4fbbd62dfd82,teknoloji,SUPHELI,supheli,0.55,tamam,Sunucu (server) ne demektir?,Hizmet sunan bilgisayar | Paketleri yönlendiren cihaz | Kullanıcının çalıştığı istemci | Veriyi saklayan sabit disk,Hizmet sunan bilgisayar,"Terim tanımı soruluyor ve çeldiriciler makul, ancak 'sunucu' sözcüğü 'hizmet sunan' cevabını ele veriyor."
039b0687-c527-4e7e-8ec5-f0f270d1e5cf,teknoloji,SUPHELI,kapat,0.70,tamam,PDF biçiminin avantajı nedir?,Otomatik çevirisi | Sesli olması | Biçimin korunması | Sonsuz boyut,Biçimin korunması,"'Sesli olması' ve 'sonsuz boyut' gibi çeldiriciler saçma, biçimin korunması tek makul şık."
82b055de-6c4c-49af-9940-1f7ca514dcbb,teknoloji,SUPHELI,supheli,0.50,tamam,'Biyometrik doğrulama' neyi kullanır?,Şifre metnini | Bedensel özellikleri | Kart numarasını | SMS kodunu,Bedensel özellikleri,Bir terim tanımı soruluyor ama 'biyo' öneki cevabı büyük ölçüde ele veriyor.
33523ec8-6312-47c8-bbf5-fc91734bf934,teknoloji,SUPHELI,supheli,0.55,tamam,'Nesnelerin İnterneti' neyi tanımlar?,Cihazların ağa bağlanmasını | Verilerin yalnızca bulutta saklanmasını | Web sitelerinin birbirine bağlanmasını | Yazılımların otomatik güncellenmesini,Cihazların ağa bağlanmasını,"Adı 'nesnelerin' bağlanmasını ima ediyor, ancak web siteleri ve bulut gibi teknik çeldiriciler bilgisi olmayanı yanıltabilir."
769aed0e-a930-4d5d-aa45-12ada443d4f6,teknoloji,SUPHELI,kapat,0.80,tamam,Adobe Photoshop hangi iş için kullanılır?,Müzik besteleme | Muhasebe hesaplama | Video oynatma | Fotoğraf düzenleme,Fotoğraf düzenleme,Ürün adındaki 'Photo' ve aşırı yaygınlığı cevabı ele veriyor; çeldiriciler ilgisiz.
6892510a-7e1e-431b-bdf4-1c48e1af4a88,teknoloji,SUPHELI,kapat,0.75,tamam,'QR kod' neyi saklar?,Kodlanmış veriyi | Görüntüyü | Sesi | Videoyu,Kodlanmış veriyi,"'Kod' sözcüğü cevabı veriyor; görüntü, ses ve video şıkları zayıf çeldiriciler."
7e8631d3-3e88-4c81-810a-359bf2df75ad,teknoloji,SUPHELI,supheli,0.55,tamam,'Sensör' hangi işlevi görür?,Hareket üretir | Fiziksel büyüklüğü ölçer | Enerji üretir | Kod derler,Fiziksel büyüklüğü ölçer,"Sensör çok bilinen bir sözcük ve çeldiriciler zayıf, ama yine de terimin anlamını bilmek gerekir."
209baf4e-af7a-4f22-9792-9a1cfbcedb62,teknoloji,SUPHELI,kapat,0.75,tamam,Bir bilgisayar ağında IP ne işe yarar?,Cihazı adresler | Dosya siler | Ekran açar | Ses üretir,Cihazı adresler,"IP adresi kavramı yaygın, çeldiriciler (dosya silme, ekran açma, ses üretme) saçma."
7cc32c2a-8149-42d1-a85b-379bf875e317,teknoloji,SUPHELI,kapat,0.75,tamam,Konuşma tanıma sistemi ne yapar?,Metni sese çevirir | Görüntü üretir | Sesi metne çevirir | Veri şifreler,Sesi metne çevirir,Terimin adı (konuşmayı tanıma) cevabı veriyor.
6815cd0c-d4f7-4059-95b1-693f4ef50af2,teknoloji,SUPHELI,kapat,0.75,tamam,Bir ürünün prototipi ne işe yarar?,Satışa | Vergilendirmeye | Fikri denemeye | Reklama,Fikri denemeye,Genel bir kavramın işlevi soruluyor ve tek mantıklı şık açıkça belli.
2b8a3da1-01e3-4f07-b8a2-5b06c20c7948,teknoloji,SUPHELI,kapat,0.80,tamam,Çoklu görev (multitasking) ne sağlar?,Tek iş yapılması | Belleğin silinmesi | Diskin bölünmesi | Birden çok işin sırayla yürütülmesi,Birden çok işin sırayla yürütülmesi,"'Çoklu görev' ifadesinin anlamı cevabı veriyor, diğer şıklar açıkça saçma."
5bc9884f-6239-4b81-94e1-43f8880cea61,teknoloji,SUPHELI,kapat,0.80,tamam,Bir veri tabanında bilgiler nasıl saklanır?,Tablolarda | Videolarda | Seslerde | Resimlerde,Tablolarda,"Çeldiriciler (video, ses, resim) açıkça saçma; tek ciddi seçenek tablolar."
79ad55af-2955-4265-9568-746d170a46d1,teknoloji,SUPHELI,kapat,0.70,tamam,QR kod ne yapar?,Ağ kurar | Ses kaydeder | Bilgiyi iki boyutlu desen olarak taşır | Görüntü çeker,Bilgiyi iki boyutlu desen olarak taşır,QR kodun bilgi taşıdığı yaygın biliniyor ve çeldiriciler konu dışı kaldığı için doğru şık tek ciddi seçenek.
1cd58c32-52fa-4a61-960b-59eb7457c2e2,teknoloji,SUPHELI,kapat,0.75,tamam,Güvenlik duvarı ne işe yarar?,Ses üretir | Ekran parlatır | Ağ trafiğini denetler | Dosya yazar,Ağ trafiğini denetler,"Çeldiriciler (ses üretmek, ekran parlatmak) saçma, ağ trafiğini denetlemek tek ciddi seçenek."
d02e5235-8fd5-4200-99d7-c04ee03f0786,teknoloji,SUPHELI,supheli,0.55,tamam,Sahibinden.com hangi amaçla kullanılır?,Haber | İlan | Müzik | Oyun,İlan,Sitenin adı ilanı çağrıştırıyor ama yine de belirli bir siteyi tanımayı gerektiren bir olgu.
1e48efc2-d15c-4750-b567-003136c44493,teknoloji,SUPHELI,kapat,0.70,tamam,HTTPS'in HTTP'den farkı nedir?,Şifreli iletişim | Farkı yok | Yalnız resim iletmesi | Daha yavaş olması yalnızca,Şifreli iletişim,"Çeldiriciler ('farkı yok', 'yalnız resim') açıkça saçma; şifreli iletişim tek ciddi seçenek."
3d0c88e4-b95e-46d1-9f05-ca2e92edcc4a,teknoloji,SUPHELI,kapat,0.80,tamam,5G teknolojisinin öne çıkan özelliği nedir?,Kablo gerektirmesi | Kısa pil ömrü | Düşük gecikme ve yüksek hız | Yalnız ses taşıması,Düşük gecikme ve yüksek hız,"Çeldiriciler (kablo gerektirmesi, yalnız ses taşıması) saçma; yeni nesil teknolojinin hız getireceği sağduyudan belli."
1a18f0b9-a9de-4597-b376-626502f3127d,teknoloji,SUPHELI,kapat,0.80,tamam,'Sanal gerçeklik' kullanıcıya ne sunar?,Kısmi görüntü | Yalnız ses | Yalnız metin | Tümüyle sanal ortam,Tümüyle sanal ortam,'Sanal' sözcüğü doğru şıkta tekrarlanıyor; diğer şıklar açıkça eksik ya da ilgisiz.
153a0a5f-2da5-4032-aa89-cd9ecc1a1f8a,teknoloji,SUPHELI,kapat,0.70,tamam,Sensörün robotikteki işlevi nedir?,Hareket üretmek | Çevreden veri toplamak | Enerji sağlamak | Kod yazmak,Çevreden veri toplamak,Genel bir kavramın işlevi soruluyor ve çeldiricilerin çoğu açıkça konu dışı.
c81da4d9-27da-4c55-bd47-2418003ebd55,teknoloji,SUPHELI,kapat,0.75,tamam,'Mikroişlemci' ne yapar?,Komutları işler | Veri saklar | Ağ kurar | Ekran çizer,Komutları işler,'İşlemci' sözcüğü 'komutları işler' cevabını doğrudan veriyor.
3de18810-4cd9-4073-af73-01571243604d,teknoloji,SUPHELI,supheli,0.55,tamam,Bitcoin ne tür bir para birimidir?,Kâğıt | Dijital | Plastik | Madeni,Dijital,Belirli bir olgu soruluyor ancak çok yaygın biliniyor ve kâğıt ile plastik gibi çeldiriciler zayıf.
01c9bc01-f606-4bfb-b1fc-7d85e084cfb7,teknoloji,SUPHELI,kapat,0.80,tamam,Ekran kartının görevi nedir?,Ağa bağlanmak | Görüntü işlemek | Veri saklamak | Ses üretmek,Görüntü işlemek,"'Ekran' sözcüğü cevabı ele veriyor, öteki şıklar konu dışı kalıyor."
98af29a6-f98f-49c2-85c5-9f710a343f39,teknoloji,SUPHELI,supheli,0.50,tamam,Barkod okuyucular hangi teknolojiyi kullanır?,Manyetik alan | Ses dalgası | Optik okuma | Radyoaktivite,Optik okuma,Teknik bir bilgi soruluyor ancak radyoaktivite ve ses dalgası gibi çeldiriciler zayıf.
48e6bdc4-e185-4e59-92aa-4eee739c0f91,teknoloji,SUPHELI,kapat,0.75,tamam,Dijital ayak izi ne demektir?,İnternette bıraktığımız veri izi | Çevrim içi geçirdiğimiz toplam süre | Cihazımızın ağdaki adresi | Sosyal medyadaki takipçi sayımız,İnternette bıraktığımız veri izi,'Ayak izi' ifadesi doğrudan 'iz' anlamını taşıdığından doğru şık terimden kolayca çıkarılıyor.
d62cb875-384e-4df9-b392-49acf9ac5265,teknoloji,SUPHELI,supheli,0.55,tamam,"Bir uygulamanın ""izinleri"" neyi belirler?",Hangi dillerde çalışabileceğini | Hangi verilere erişebileceğini | Hangi sürüme güncelleneceğini | Hangi cihazlara yüklenebileceğini,Hangi verilere erişebileceğini,İzin sözcüğü veri erişimini çağrıştırsa da çeldiriciler teknik açıdan makul görünüyor.
048e74c3-b034-447d-af15-985850e4b9d4,teknoloji,SUPHELI,kapat,0.80,tamam,Anlık bildirim (push) ne sağlar?,Uygulama kapalıyken haber vermeyi | Veriyi sıkıştırıp küçültmeyi | Rastgele şifre üretip saklamayı | Ekranı otomatik açıp kapamayı,Uygulama kapalıyken haber vermeyi,'Bildirim' sözcüğü haber vermeyi anlattığından cevap sorudan çıkıyor.
0f355c86-b1e3-443f-8c78-22530fed8057,bilim,TUT,tut,0.75,tamam,Kesikte kanamayı azaltmak için uzuv nasıl tutulur?,Kalp seviyesinden yukarıda | Sürekli sallanır hâlde | Soğuk su içinde tutularak | Kalp seviyesinden aşağıda,Kalp seviyesinden yukarıda,İlk yardım bilgisi gerektiriyor ve 'kalp seviyesinden aşağıda' şıkkı makul bir çeldirici.
89002c24-602b-43f8-949f-96fd644c79b7,bilim,TUT,tut,0.75,tamam,'Mineral' ile 'kayaç' arasındaki fark nedir?,Renk | Sertlik | Kayacın minerallerden oluşması | Boyut,Kayacın minerallerden oluşması,Mineral ile kayaç arasındaki ilişkiyi bilmek temel yer bilimi bilgisi gerektiriyor.
4658c691-f98b-4199-9bd0-8f0af251c3b9,bilim,TUT,tut,0.80,tamam,'Santrifüj' neye göre ayırır?,Renge | Yoğunluk farkına | Sıcaklığa | Tada,Yoğunluk farkına,Santrifüjün çalışma ilkesini bilmek bilimsel bilgi gerektiriyor.
f8785e07-621d-4ccf-9b24-a5e78fb7067e,bilim,TUT,tut,0.75,tamam,'Kimyasal element' kaç tür atomdan oluşur?,İki | Üç | Çok | Tek,Tek,Element ile bileşik arasındaki farkı bilmek gerekiyor; 'Çok' şıkkı makul bir yanılgı.
32e7b9ec-e751-4ad6-a1b4-3c3c5a43617e,bilim,TUT,tut,0.60,tamam,'Sera etkisi' neyle oluşur?,Rüzgarla | Yağışla | Isıyı tutan gazlarla | Bulutla yalnızca,Isıyı tutan gazlarla,Sera gazlarının ısıyı tutması temel ama bilgi gerektiren bir bilim olgusu.
a93dd2ae-66c0-4f43-8404-e762cc91e912,bilim,TUT,tut,0.75,tamam,'Kılcal damar' hangi işlevi görür?,Pompalama | Depolama | Süzme | Doku ile madde alışverişi,Doku ile madde alışverişi,Kılcal damarların doku ile madde alışverişi sağladığını bilmek temel biyoloji bilgisi ister; pompalama ve süzme makul çeldiricilerdir.
1961e4b1-befa-45c4-a8b3-57af07cee6c4,bilim,TUT,tut,0.70,tamam,Hipotezin özelliği nedir?,Sınanabilir olması | Kanıtlanmış olması | Değişmez olması | Yorum olması,Sınanabilir olması,Hipotezin sınanabilir olması bilimsel yöntem bilgisi ister; 'kanıtlanmış olması' bilgisi olmayanı yanıltabilecek makul bir çeldiricidir.
73f83b7e-b00a-4369-97f3-3dd1f0e2024d,bilim,TUT,tut,0.80,tamam,Genin tanımı nedir?,Hücre zarını oluşturan lipit tabakası | Protein sentezi yapan hücre yapısı | Kanda taşınan kimyasal haberci | Kalıtsal bilgi taşıyan DNA parçası,Kalıtsal bilgi taşıyan DNA parçası,Genin tanımı temel biyoloji bilgisi ister ve çeldiriciler başka biyolojik yapılardır.
4091f596-c7cf-4224-927f-bf5028bc49ff,bilim,TUT,tut,0.60,tamam,'Jeotermal enerji' neye dayanır?,Rüzgâra | Güneşe | Gelgite | Yer altı ısısına,Yer altı ısısına,"Bir terim tanımı soruluyor; rüzgâr, güneş ve gelgit makul yenilenebilir enerji çeldiricileri."
121a4f0a-b485-4648-a4d3-bb697fc402a2,bilim,TUT,tut,0.80,tamam,Hücre zarının temel görevi nedir?,Kalıtım bilgisi taşımak | Protein sentezi yapmak | Hücre enerjisi üretmek | Madde geçişini denetlemek,Madde geçişini denetlemek,Çeldiriciler diğer organellerin görevleri; doğru seçim biyoloji bilgisi gerektiriyor.
e9e6dc44-05e8-4b3b-8f21-5ef0e3d141b5,bilim,TUT,tut,0.65,tamam,'Elektromanyetik tayf' neyi sıralar?,Sesleri | Kütleleri | Sıcaklıkları | Dalga boylarına göre ışımayı,Dalga boylarına göre ışımayı,Elektromanyetik tayf kavramı temel fizik bilgisi gerektirir.
0d063aec-dbc9-4e74-98be-d2dd69ccc05c,bilim,TUT,tut,0.80,tamam,'Bileşik' nedir?,Elementlerin kimyasal birleşimi | Maddelerin fiziksel karışımı | Tek bir elementin hâli | Ayrıştırılabilir karışım,Elementlerin kimyasal birleşimi,Bileşik ile karışım ayrımı temel kimya bilgisi gerektirir ve çeldiriciler makul.
140d9248-b870-4b84-9559-dc046ea76348,bilim,TUT,tut,0.80,tamam,'Verim' bir makinede neyi ölçer?,Yapılan işin hızını | Kuvvet kazancının oranını | Yararlı enerjinin oranını | Depolanan enerjinin miktarını,Yararlı enerjinin oranını,Fizikte verimin tanımı bilgi gerektiriyor ve kuvvet kazancı gibi çeldiriciler makul.
916b9324-63f3-490c-ae10-01d688c8ac36,bilim,TUT,tut,0.80,tamam,Transformatörün işlevi nedir?,Akımı üretmek | Direnç eklemek | Gerilim düzeyini değiştirmek | Frekansı sıfırlamak,Gerilim düzeyini değiştirmek,Transformatörün gerilimi dönüştürdüğünü bilmek temel fizik bilgisi gerektiriyor; akım üretmek makul bir çeldirici.
001b9805-7f4e-4375-b17a-fb11fd8feacf,bilim,TUT,tut,0.70,tamam,'Lazer' ışığının özelliği nedir?,Tek dalga boylu ve düzenli | Çok dalga boylu ve dağınık | Geniş bantlı ve kararsız | Değişken boylu ve yönsüz,Tek dalga boylu ve düzenli,Lazerin tek renkli ve eş fazlı olduğunu bilmek fizik bilgisi gerektirir.
6b1391f6-3632-4a03-b673-e6f393eeaa50,bilim,TUT,tut,0.70,tamam,Sonar hangi ortamda kullanılır?,Çölde yalnızca | Uzayda | Su altında | Vakumda,Su altında,Sonarın ne olduğunu ve su altında kullanıldığını bilmek belirli bir teknoloji bilgisi gerektirir.
4cae0887-f7d9-41db-8d49-19b0a0bef4d6,bilim,TUT,tut,0.80,tamam,Parazitlik ilişkisinde ne olur?,"İkisi de yararlanır | İkisi de zarar görür | Biri yararlanır, diğeri zarar görür | Etkileşim olmaz","Biri yararlanır, diğeri zarar görür",Parazitliğin tanımı biyoloji bilgisi gerektiriyor ve mutualizm gibi makul çeldiriciler var.
0c11330b-fee2-4639-a403-6289a1f51dbb,bilim,TUT,tut,0.85,tamam,'Elektromıknatıs' neyle güçlendirilir?,Tel direnci ve sıcaklıkla | Sarım sayısı ve akımla | Yalıtım kalınlığı ve frekansla | Gövde ağırlığı ve renkle,Sarım sayısı ve akımla,Elektromıknatısın gücünün sarım sayısı ve akımla arttığını bilmek fizik bilgisi gerektiriyor ve A şıkkı makul bir çeldirici.
db24a0cf-37b3-4974-bc55-6afcd4d6f9f5,bilim,TUT,tut,0.65,tamam,Sivri uçlu cisimler neden daha kolay batar?,"Alan büyük | Kuvvet küçük | Alan küçük, basınç büyük | Kütle az","Alan küçük, basınç büyük",Basınç ile yüzey alanı arasındaki ilişkiyi bilmek temel fizik bilgisi gerektiriyor.
2e24f474-4e53-46f7-855e-12c1b0ffdbe5,bilim,TUT,tut,0.75,tamam,'Refleks' hangi yolu izler?,Omurilik üzerinden hızlı yanıt | Beyin korteksi | Hormonal yol | Dolaşım,Omurilik üzerinden hızlı yanıt,Refleks yayının omurilik üzerinden işlediğini bilmek biyoloji bilgisi gerektiriyor ve 'beyin korteksi' makul bir çeldirici.
ba691c22-df2a-4310-8265-7d5e2b574a02,bilim,TUT,tut,0.65,tamam,Kırık şüphesinde bölgeye ne uygulanır?,Atel ile sabitleme | Masaj ile gevşetme | Sıcak kompres ile ısıtma | Çekerek yerine oturtma,Atel ile sabitleme,Belirli bir ilk yardım kuralı soruluyor ve 'çekerek yerine oturtma' gibi çeldiriciler yanıltıcı olabilir.
52e8ef96-f6e8-4a52-864b-6f4f47f6f868,bilim,TUT,tut,0.60,tamam,'Kara delik' hangi özelliğe sahiptir?,Işığın kaçamadığı çekim | Düşük kütle | Şeffaflık | Genişleme,Işığın kaçamadığı çekim,Kara deliğin ışığın bile kaçamadığı çekime sahip olması temel ama bilgi gerektiren bir bilimsel olgu.
fc85713b-68e6-484f-850e-fe499e25fa99,bilim,TUT,tut,0.70,tamam,Uluslararası Uzay İstasyonu'nun kısaltması nedir?,MIR | NASA | ESA | ISS,ISS,"İngilizce kısaltmayı bilmek gerekir; MIR, NASA ve ESA da uzayla ilgili makul çeldiricilerdir."
57dc74ef-5105-4fae-be79-3f30862740d0,bilim,TUT,tut,0.70,tamam,Kara delik nedir?,Işığı tamamen yansıtan parlak cisim | Kendi ışığını sürekli üreten cisim | Yoğunluğu neredeyse sıfır olan cisim | Çekimi ışığı bile bırakmayan cisim,Çekimi ışığı bile bırakmayan cisim,Kara deliğin tanımını bilmek gerekir; çeldiriciler fiziksel olarak makul tanımlardır.
4db1bf80-a857-4b43-8d1e-66835b73a3f4,bilim,TUT,tut,0.85,tamam,'Enzim' biyolojik olarak ne yapar?,Tepkimeyi hızlandırır | Enerji üretir | Genetik bilgi taşır | Su tutar,Tepkimeyi hızlandırır,Enzimin katalizör işlevi biyoloji bilgisi gerektiriyor ve enerji üretmek ya da genetik bilgi taşımak makul çeldiriciler.
7cfed935-3d59-4c8a-820b-a4d19e253c48,bilim,TUT,tut,0.80,tamam,'Simbiyoz' neyi tanımlar?,Rekabeti | Avlanmayı | İki türün birlikte yaşamasını | Göçü,İki türün birlikte yaşamasını,Bir biyoloji teriminin tanımı soruluyor; terimi bilmeyen bilemez.
59a3ddcd-11df-402b-84b3-0a43b155c63f,bilim,TUT,tut,0.60,tamam,Lifli besinler öncelikle hangi sistemi destekler?,Sinir | Dolaşım | Sindirim | Solunum,Sindirim,"Temel bir beslenme bilgisi gerekiyor, dolaşım gibi şıklar bilgisi olmayanı yanıltabilir."
418fd995-d443-4988-bdb3-dc74efa3d3da,bilim,TUT,tut,0.80,tamam,'Sismograf' ne kaydeder?,Sıcaklığı | Basıncı | Nemi | Yer sarsıntılarını,Yer sarsıntılarını,Sismograf terimini bilmeyen biri doğru cevabı bulamaz.
10c8ee06-6647-4b5a-8373-fb3df8ec2eec,bilim,TUT,tut,0.75,tamam,Bilimsel teori ne demektir?,Geleceğe dönük bir tahmin | Kişisel bir görüş fikri | Denenmemiş bir varsayım | Kanıtlarla desteklenmiş açıklama,Kanıtlarla desteklenmiş açıklama,Tahmin ve varsayım gibi yaygın yanılgılar makul çeldiriciler olduğundan terimin bilimsel tanımını bilmek gerekiyor.
79546bf7-6d3d-44a6-a704-1bdb9b86e8d3,bilim,TUT,tut,0.80,tamam,'Bakteri' ile 'virüs' arasındaki temel fark nedir?,Boyut | Renk | Hareket | Bakterinin hücre olması,Bakterinin hücre olması,Bakterinin hücre olup virüsün olmadığını bilmek biyoloji bilgisi ister; boyut da bir farktır ama temel fark hücresel yapıdır.
02af93da-9215-4cdc-baf8-6e83598c0770,bilim,TUT,tut,0.75,tamam,Bilimsel yasa neyi ifade eder?,Bir açıklama önerisini | Geleceğe dönük tahmini | Değişmez bir ilişkiyi | Kişisel bir görüşü,Değişmez bir ilişkiyi,Yasa ile hipotez ayrımını bilmek bilim felsefesi bilgisi gerektirir ve çeldiriciler makuldür.
c7e1be1e-3c99-46cb-9727-6939dab9772a,bilim,TUT,tut,0.85,tamam,'Karbon 14 tarihlendirmesi' neyi ölçer?,Volkanik kayacın yaşını | Okyanus suyunun tuzluluğunu | Organik kalıntının yaşını | Fosil kemiğin yoğunluğunu,Organik kalıntının yaşını,"Karbon 14'ün yalnız organik kalıntılara uygulandığını bilmek gerekir, volkanik kayaç makul bir çeldirici."
f0e6f042-f8b6-4d98-a654-ce03b01df087,bilim,TUT,tut,0.70,tamam,DNA'nın açılımında hangi asit yer alır?,Amino asit | Folik asit | Deoksiribonükleik asit | Ribonükleik asit,Deoksiribonükleik asit,DNA'nın açılımını bilmek gerekir ve ribonükleik asit güçlü bir çeldiricidir.
ecd7fe9a-8f33-485a-8f85-02138d7c4f6e,cografya,TUT,tut,0.80,tamam,Ekvator çevresinde alçak basıncın nedeni nedir?,Havanın ısınıp yükselmesi | Havanın soğuyup alçalması | Rüzgârın durması | Yağışın azlığı,Havanın ısınıp yükselmesi,Basınç oluşumuna dair coğrafya bilgisi gerekiyor ve ters süreci anlatan çeldirici makul.
1d276d81-230c-4057-ac59-275192c438d2,cografya,TUT,tut,0.60,tamam,Gelişmiş ülkelerde tarımın milli gelirdeki payı nasıldır?,Çok yüksektir | Düşüktür | Yarıdan fazladır | Tamamıdır,Düşüktür,Gelişmiş ekonomilerde tarımın payının düşük olduğu temel bir coğrafya bilgisi gerektiriyor.
475f467f-0caa-4b50-bac1-88469e2f60b2,cografya,TUT,tut,0.85,tamam,Sismoloji bilimi neyi inceler?,Volkanları | Depremleri | Buzulları | Rüzgârları,Depremleri,Sismoloji teriminin depremleri incelediğini bilmek gerçek bir bilgi gerektiriyor ve volkan gibi makul çeldiriciler var.
ce509665-cdfc-4cfc-bdbb-5a9e7cb11413,cografya,TUT,tut,0.75,tamam,Dağların denize bakan yamaçları neden daha çok yağış alır?,Sıcak olur | Nemli hava yükselir | Toprak farklıdır | Rüzgâr yoktur,Nemli hava yükselir,Orografik yağış mekanizmasını bilmek coğrafya bilgisi gerektiriyor.
34ce6c01-e36e-4d95-b252-d5d9e8cd75e8,cografya,TUT,tut,0.70,tamam,Dağların yağış alan yamacına ne denir?,Rüzgâra bakan yamaç | Güney yamaç hep | Kuzey yamaç hep | Rüzgâr altı yamaç,Rüzgâra bakan yamaç,Orografik yağış bilgisi gerekiyor ve 'rüzgâr altı yamaç' bilgisi olmayanı yanıltabilecek makul bir çeldirici.
b965ecec-9fde-4194-94ae-209c86436912,cografya,TUT,tut,0.60,tamam,Karayolu ulaşımının Türkiye'de yaygınlaşmasının nedeni nedir?,Maliyetinin en düşük olması | Kapıdan kapıya taşıma esnekliği | Hızının en yüksek olması | Yük kapasitesinin en büyüğü olması,Kapıdan kapıya taşıma esnekliği,Ulaşım türlerinin özelliklerini bilmek gerekiyor; 'en düşük maliyet' gibi çeldiriciler yanıltıcı olabilir.
f98a1a22-758a-4deb-9c4a-a4b50d40cb1c,cografya,TUT,tut,0.70,tamam,Türkiye'de deniz turizmi en çok hangi kıyılarda gelişmiştir?,Marmara | Hepsi eşit | Ege ve Akdeniz | Karadeniz,Ege ve Akdeniz,Türkiye coğrafyasına dair belirli bir olgu soruluyor; Marmara ve Karadeniz makul çeldiriciler.
5f732f4e-874e-40dc-91b2-afaee2fe133c,cografya,TUT,tut,0.60,tamam,Bir ülkede tarımın milli gelirdeki payının azalması neyi gösterir?,Göçün bitmesini | Kuraklığı | Sanayileşmeyi | Nüfus azalmasını,Sanayileşmeyi,Ekonomik yapı dönüşümü bilgisi gerekiyor ve kuraklık makul bir çeldirici.
85ff6b89-bba7-4667-aa67-cee303f0cadd,cografya,TUT,tut,0.60,tamam,Türkiye'nin kuzeyi ile güneyi arasındaki iklim farkının nedeni nedir?,Boylam farkı | Enlem farkı ve dağ sıraları | Yerel saat farkı | Nüfus farkı,Enlem farkı ve dağ sıraları,Enlem ile boylam ayrımı ve yer şekillerinin iklime etkisi coğrafya bilgisi gerektiriyor.
1468e93c-5f23-4c32-b6d3-f532d0477e7f,cografya,TUT,tut,0.80,tamam,Avustralya'nın iç kesimlerinin genel özelliği nedir?,Buzul | Bataklık | Kurak ve çöl | Yağışlı orman,Kurak ve çöl,Belirli bir coğrafi olgu soruluyor ve bilgi gerektiriyor.
e2ea396f-208b-4d55-a16d-8bf8efdbd300,cografya,TUT,tut,0.60,tamam,Bir ülkenin coğrafi konumunun stratejik olması ne demektir?,Doğal ve madenî kaynakların zenginliği | Verimli ve geniş ovaların bulunması | Genç ve kalabalık nüfusun yoğunlaşması | Ticaret ve askerî yolların kesişmesi,Ticaret ve askerî yolların kesişmesi,Stratejik konum kavramı bilinmeli; kaynak zenginliği çeldiricisi makul ve yanıltıcı.
42a24b16-4bc7-4cba-b39f-e32f101e1045,cografya,TUT,tut,0.70,tamam,Japonya'nın deprem riskinin yüksek olmasının nedeni nedir?,Levha sınırında yer alması | Ada ülkesi olması | Nüfus yoğunluğu | Volkansız olması,Levha sınırında yer alması,Levha sınırı bilgisi gerçek bir coğrafya olgusu ve 'ada ülkesi olması' çeldiricisi bilgisiz oyuncuyu yanıltabilir.
24c0a5e4-5af0-4699-a49d-280f342d2f12,cografya,TUT,tut,0.65,tamam,Türkiye'de tarımsal üretimin yıllara göre değişmesinin başlıca nedeni nedir?,Nüfus değişimi | Döviz kuru | Ulaşım sorunu | Yağış düzensizliği,Yağış düzensizliği,Yağış düzensizliğinin tarımdaki dalgalanmanın başlıca nedeni olduğu coğrafya bilgisi gerektiriyor ve döviz kuru gibi çeldiriciler makul görünüyor.
182e0533-c1d8-4556-aa87-497c46c27219,cografya,TUT,tut,0.60,tamam,Türkiye'nin biyoçeşitlilik bakımından zengin olmasının nedeni nedir?,Farklı iklim ve yer şekilleri | Yüzölçümünün büyüklüğü | Nüfusunun azlığı | Denize kıyısı olmaması,Farklı iklim ve yer şekilleri,Türkiye coğrafyasına özgü bir ders bilgisi; yüzölçümü çeldiricisi makul görünebilir.
1b7b9e23-42cd-4310-90a9-e5d8aec2a683,cografya,TUT,tut,0.70,tamam,Bir gölün kapalı havzada olması ne anlama gelir?,Suyunun tatlı olması | Derin olması | Buz tutması | Suyunun denize ulaşmaması,Suyunun denize ulaşmaması,Kapalı havza bir coğrafya terimidir ve tanımını bilmek gerekir; 'tatlı su' gibi çeldiriciler yanıltabilir.
318488cc-44b4-4d6b-b707-258e6de0c5a8,cografya,TUT,tut,0.85,tamam,Harita ölçeği büyüdükçe ayrıntı nasıl değişir?,Azalır | Değişmez | Sıfırlanır | Artar,Artar,"Büyük ölçek-ayrıntı ilişkisi sık karıştırılan, gerçek coğrafya bilgisi gerektiren bir kural."
49572315-c484-4afe-80df-24443fb8747c,cografya,TUT,tut,0.65,tamam,Lityumun teknolojideki önemi nedir?,Cam üretiminde | Gübre üretiminde | Kâğıt üretiminde | Pil üretiminde kullanılması,Pil üretiminde kullanılması,Lityumun pil kullanımı belirli bir bilgi; cam/seramikte de kullanılsa da teknolojideki asıl önemi pildir.
8ba478cd-5e61-4eaa-a1b9-f740a6421d61,cografya,TUT,tut,0.80,tamam,Delta ovası nasıl oluşur?,Buzul aşındırır | Rüzgâr biriktirir | Volkan püskürür | Akarsu alüvyonu denizde biriktirir,Akarsu alüvyonu denizde biriktirir,Delta oluşumu coğrafya bilgisi gerektiriyor ve çeldiriciler başka yer şekli süreçleri.
a24674e8-5037-40d8-9b0c-42c1c33b80e4,cografya,TUT,tut,0.75,tamam,Finlandiya hangi özelliğiyle anılır?,Geniş mercan resifleriyle | Binlerce göle sahip olması | Büyük tropik yağmur ormanlarıyla | Uçsuz bucaksız bozkırlarıyla,Binlerce göle sahip olması,Finlandiya'nın göller ülkesi olduğu belirli bir coğrafya bilgisi.
dfb5a225-65b2-49f9-8bd1-e218df46f6d8,cografya,TUT,tut,0.80,tamam,Antarktika kıtasında kalıcı yerleşim var mıdır?,Köyler | Büyük şehirler | Hiçbir şey yok | Sadece araştırma istasyonları,Sadece araştırma istasyonları,Antarktika'da yalnız araştırma istasyonları bulunduğunu bilmek coğrafya genel kültürü gerektirir.
9bbc3c46-6804-4b3f-b813-91c90e8c1f23,cografya,TUT,tut,0.80,tamam,Rölyef (yer şekli) terimi neyi ifade eder?,Yüzeyin engebe durumunu | İklim tipini | Toprak rengini | Nüfus sayısını,Yüzeyin engebe durumunu,Yabancı kökenli 'rölyef' teriminin tanımını bilmeyen kişi cevabı tahmin edemez.
6c586999-7ace-4418-ab0e-f8bcc8b87f8e,edebiyat,TUT,tut,0.80,tamam,'İntihal' ne demektir?,Başkasının eserini kendine mal etme | Alıntı yapma | Çeviri | Uyarlama,Başkasının eserini kendine mal etme,Terim tanımı soruluyor ve 'alıntı yapma' gibi makul çeldiriciler var.
1850ca7a-d4e2-4c77-99c0-c8155ec45d30,edebiyat,TUT,tut,0.70,tamam,'Distopik roman' neyi anlatır?,İdeal düzeni | Geçmişi | Doğayı | Karanlık bir gelecek düzenini,Karanlık bir gelecek düzenini,"Distopya terimini bilmeyen biri, ütopyayı karşılayan 'ideal düzen' çeldiricisiyle yanılabilir."
346764e0-1d36-4374-8bff-e7af9165c206,edebiyat,TUT,tut,0.80,tamam,Bir metinde intihal ne demektir?,Başkasının eserini sahiplenme | Başkasının eserinden kaynak göstererek alıntı | Bir eseri başka dile aktarma | Bir eseri kısaltarak özetleme,Başkasının eserini sahiplenme,İntihal teriminin tanımını bilmek gerekir; kaynak gösterilen alıntı şıkkı makul bir çeldirici.
194c3f90-b88d-477e-8c03-572b6b44d17a,edebiyat,TUT,tut,0.60,tamam,'Çözülme' bölümü ne yapar?,Çatışmayı başlatır | Sonrasını bağlar | Karakter tanıtır | Mekan kurar,Sonrasını bağlar,Olay örgüsündeki çözülme bölümünü bilmek gerekir; diğer şıklar da yapı unsurlarıdır.
3efa7586-0f66-4138-9bdc-0d3b9628b905,edebiyat,TUT,tut,0.60,tamam,"Türk edebiyatında ""Cumhuriyet Dönemi"" ne zaman başlar?",1876 | 1960 | 1839 | 1923 sonrası,1923 sonrası,"Cumhuriyetin kuruluş tarihini bilmeyi gerektiren çok bilinen bir olgu, ancak tek 'sonrası' şıkkı ipucu veriyor."
5254758b-30b6-4af2-a5b1-3a3ad45126a8,edebiyat,TUT,tut,0.60,tamam,'Satirik şiir' hangi tonu taşır?,Alaycı ve eleştirel | Yumuşak | Kutlayıcı | Nötr,Alaycı ve eleştirel,'Satirik' teriminin anlamını bilmek gerekiyor; terimi bilmeyen tahmin edemez.
9a13c26b-eccc-45b4-94e1-579ce87664b1,edebiyat,TUT,tut,0.75,tamam,Eserleri değerlendiren yazıya ne ad verilir?,Röportaj | Deneme | Makale | Eleştiri,Eleştiri,Eleştiri teriminin tanımını bilmek gerekir; deneme ve makale makul çeldiricilerdir.
b2f4faa7-dcf4-4b63-a4ec-ada154ede5c1,edebiyat,TUT,tut,0.60,tamam,'Romantizm' neye öncelik verir?,Akla | Kurala | Duygu ve hayale | Deneye,Duygu ve hayale,Edebiyat akımı olarak romantizmin duygu ve hayali öncelediğini bilmek akım bilgisi gerektiriyor; akla öncelik veren klasisizmle karıştırılabilir.
b21fea60-535d-4924-8cee-8813825e2108,edebiyat,TUT,tut,0.70,tamam,'İroni' hangi etkiyi üretir?,Doğrudan anlatımı | Söylenenin tersini sezdirmeyi | Abartıyı | Betimlemeyi,Söylenenin tersini sezdirmeyi,"Edebi terimin tanımı soruluyor; abartı gibi makul çeldiriciler var, terimi bilmeyen bilemez."
7927b9a5-08e7-4838-9185-56322788840b,edebiyat,TUT,tut,0.70,tamam,Dipnot ne için kullanılır?,Açıklama ve kaynak vermek | Konuyu ve amacı tanıtmak | Bölümleri ve sayfaları listelemek | Terimleri ve anlamları sıralamak,Açıklama ve kaynak vermek,"Çeldiriciler önsöz, içindekiler ve sözlüğü tanımlayan makul seçenekler olduğundan dipnot terimini bilmek gerekir."
29c9d916-a528-4efa-951a-8b19e662c5ba,edebiyat,TUT,tut,0.75,tamam,Distopya neyi anlatır?,İdeal toplumu | Gerçek tarihi | Kötüye giden kurgusal düzeni | Doğa betimini,Kötüye giden kurgusal düzeni,"Terimin tanımını bilmek gerekir; ütopya şıkkı, terimi bilmeyen için makul bir çeldiricidir."
1609a497-0d94-425b-8d6a-4c01bdde486c,edebiyat,TUT,tut,0.80,tamam,'Öyküleme' neyi aktarır?,Varlıkların görünümünü | Olayların akışını | Görüşlerin tartışmasını | Bilgilerin açıklanmasını,Olayların akışını,"Anlatım türleri arasındaki ayrımı bilmeyi gerektiriyor; çeldiriciler betimleme, tartışma ve açıklama gibi makul türler."
4a15672e-c6ad-4515-a12a-6f96b5b4faaa,edebiyat,TUT,tut,0.85,tamam,Peter Pan'ın baş düşmanı Kaptan Hook'un elinin yerine taktığı şey nedir?,Çatal | Kılıç | Kanca | Çekiç,Kanca,Belirli bir edebi karaktere ait olgu soruluyor; eseri bilmeyi gerektiriyor.
652f67b6-287e-441c-9816-bca4e9c67850,edebiyat,TUT,tut,0.80,tamam,'Parodi' ne yapar?,Bir yapıtı başka dile aktarır | Bir yapıtı kısaltarak özetler | Bir yapıtı eleştirel olarak inceler | Bir yapıtı güldürüyle taklit eder,Bir yapıtı güldürüyle taklit eder,Parodi teriminin tanımını bilmeyi gerektiriyor ve çeldiriciler makul.
0c437230-5bfb-45a4-9f5b-7ebeaea5cde0,edebiyat,TUT,tut,0.65,tamam,'Parodi' bir metni nasıl ele alır?,Ciddiyetle överek yüceltir | Aynen olduğu gibi aktarır | Kısaltarak özetleyip verir | Gülünçleştirerek taklit eder,Gülünçleştirerek taklit eder,"Terim bilgisi gerekiyor, ancak çeldiriciler n=3'e göre daha zayıf."
49aa11c4-9c6c-454c-b1a7-924773abe70a,edebiyat,TUT,tut,0.75,tamam,Makale türünün temel amacı nedir?,Bir olayı sırayla anlatmak | Bir duyguyu imgelerle aktarmak | Bir savı kanıtlarla savunmak | Bir yeri ayrıntılarla betimlemek,Bir savı kanıtlarla savunmak,"Çeldiriciler başka türlerin (hikâye, şiir, betimleme) amaçları olduğundan makale türünü gerçekten bilmek gerekiyor."
19705903-1f6e-4465-96da-f1111ce7b8d4,edebiyat,TUT,tut,0.60,tamam,'Epik şiir' neyi anlatır?,Kahramanlık ve büyük olayları | Aşkı | Doğayı | Ölümü,Kahramanlık ve büyük olayları,"Edebi bir terimin tanımını bilmeyi gerektiriyor, aşk ve doğa gibi şiir konuları makul çeldiriciler."
5518bfa3-515d-4b5b-bbb7-008f86e6a411,edebiyat,TUT,tut,0.70,tamam,'Dünya edebiyatında epik' ne anlatır?,Kahramanlık öyküsünü | Aşk şiirini | Denemeyi | Günlüğü,Kahramanlık öyküsünü,'Epik' teriminin kahramanlık anlatısı anlamına geldiğini bilmek gerekir.
cdd6e995-a985-4bc6-bcea-5c92c7c304c6,edebiyat,TUT,tut,0.60,tamam,'Özetleme' anlatıda ne sağlar?,Yavaşlamayı | Betimlemeyi | Diyalogu | Zamanın hızlanmasını,Zamanın hızlanmasını,Anlatı zamanı kavramı bilgi gerektiriyor ve 'yavaşlama' makul bir çeldirici.
494dd22e-9ebe-4d4c-b573-0d8793109ef3,edebiyat,TUT,tut,0.70,tamam,'Makale' neyi amaçlar?,Eğlendirmeyi | Bir savı kanıtlamayı | Duygulandırmayı | Anlatmayı yalnızca,Bir savı kanıtlamayı,Makalenin bir düşünceyi kanıtlamayı amaçladığı türler bilgisi gerektirir ve diğer şıklar başka türlerin amaçlarına uyan makul çeldiricilerdir.
75fb4ac6-a00f-4b42-8b4e-f4d88d74d7af,genel_kultur,TUT,tut,0.75,tamam,Sürdürülebilir kalkınma ne demektir?,Gelecek kuşakları gözeten kalkınma | Kırsal kesimi önceleyen kalkınma | Bölgeler arası dengeyi gözeten kalkınma | Sanayileşmeyi önceleyen kalkınma,Gelecek kuşakları gözeten kalkınma,Kavramın tanımını bilmeyen biri bölgesel denge gibi makul çeldiricilerle yanılabilir.
60416d3a-7e97-458f-a90b-712f43e208c9,genel_kultur,TUT,tut,0.80,tamam,Patent neyi korur?,Şarkı sözünü | Buluşu | Fotoğrafı | Marka adını,Buluşu,"Patentin buluşu koruduğunu bilmek, onu telif ve markadan ayırmayı gerektirir; çeldiriciler makul."
9cfdb289-0159-40de-9d37-47dc3e33a0aa,genel_kultur,TUT,tut,0.60,tamam,Garanti belgesi neyi güvence altına alır?,Belirli süre içinde cayma ve iade hakkını | Belirli süre onarım ve değişim hakkını | Taksitle ödeme ve erteleme hakkını | Kaza ve hırsızlığa karşı tazminat hakkını,Belirli süre onarım ve değişim hakkını,Garantiyi cayma hakkı ve sigortadan ayırmak gerçek bir bilgi gerektiriyor; çeldiriciler makul.
6028eaa9-a8a4-449e-88c4-191c6f4d29cd,genel_kultur,TUT,tut,0.75,tamam,Üniter devlet yapısının özelliği nedir?,Tek merkezden yönetim | Eyaletlere bölünme | Çok başkentlilik | Konfederasyon,Tek merkezden yönetim,Üniter devlet terimini bilmek gerekiyor ve federal yapıyı anlatan 'eyaletlere bölünme' makul bir çeldirici.
964e4e8a-fd8c-4712-a5bb-a3b5f3df4640,genel_kultur,TUT,tut,0.60,tamam,Monopoly'de oyuncular neyi alıp satarak zengin olmaya çalışır?,Mülk | Altın | Tarla | Mücevher,Mülk,"Oyunun kuralını bilmeyi gerektiren, yaygın bilinen bir olgu."
bc7cc6a4-7457-40c3-a1ae-dda4ab97ae9b,genel_kultur,TUT,tut,0.60,tamam,Kültürel asimilasyon neyi anlatır?,İki kültürün birbirinden ayrışması | Bir dilin okullarda korunması | Bir topluluğun başka ülkeye göç etmesi | Bir grubun baskın kültüre karışması,Bir grubun baskın kültüre karışması,Asimilasyon teriminin tanımını bilmeyi gerektiriyor ve göç gibi çeldiriciler yanıltabilir.
3678296e-6c59-4105-af2a-8dd956cb59c9,genel_kultur,TUT,tut,0.60,tamam,Arz ve talep neyi belirler?,Vergiyi | Fiyatı | Faizi | Maaşı,Fiyatı,"Temel bir ekonomi bilgisi gerekiyor ve vergi, faiz, maaş gibi çeldiriciler makul olduğundan bilmeyen biri yanılabilir."
3950009f-6beb-43c2-9618-ee98e0334b8e,genel_kultur,TUT,tut,0.65,tamam,TÜBİTAK hangi alanda çalışır?,Tarım desteği | Sağlık hizmeti | Bilimsel araştırma | Güvenlik,Bilimsel araştırma,Belirli bir kurumun alanını bilmek gerekiyor; çok bilinse de bilgiye dayalı.
d0fd01e9-b8fe-4d16-b891-49e91232e067,genel_kultur,TUT,tut,0.80,tamam,Veto yetkisi neyi ifade eder?,Bir kararı onaylama | Oy kullanma hakkı | Bir kararı geri çevirme | Aday gösterme,Bir kararı geri çevirme,Veto teriminin tanımı bilgi gerektirir; onaylama ve oy kullanma şıkları makul çeldiriciler.
d510f133-4085-4f96-bad4-cab62d189ebe,genel_kultur,TUT,tut,0.65,tamam,Yılbaşında evlerde süslenen ağaç türü hangisidir?,Kavak | Çam | Çınar | Meşe,Çam,"Çok bilinen bir kültürel olgu, ama yine de bilgi gerektiriyor ve diğer şıklar da gerçek ağaç türleri."
28703b1f-9a60-4b0f-bb7c-e6e8ade5372c,genel_kultur,TUT,tut,0.70,tamam,Döviz kuru neyi ifade eder?,Bir bankanın yıllık kâr oranı | İki para biriminin değişim oranı | Devletin gelirden aldığı vergi oranı | Mevduata uygulanan faiz oranı,İki para biriminin değişim oranı,Ekonomik bir terimin tanımı soruluyor; çeldiriciler başka oranları anlatıyor ve terimi bilmeyen biri yanılabilir.
9bd2c45a-1378-49be-b4cc-8db5cf52204a,genel_kultur,TUT,tut,0.70,tamam,"Bir ürünün ""son tüketim"" ile ""tavsiye edilen tüketim"" tarihi farkı nedir?","Biri güvenlik, diğeri kalite | Biri üretim, diğeri paketleme | Biri ithal, diğeri yerli ürün | Biri açılmış, diğeri kapalı ürün","Biri güvenlik, diğeri kalite",İki tarih türü arasındaki güvenlik ve kalite ayrımını bilmek gerekir; 'açılmış/kapalı' çeldiricisi de yanıltıcı olabilir.
69a9af3f-6fb9-4533-b2f6-53aa1c4c2e28,genel_kultur,TUT,tut,0.85,tamam,UNESCO hangi alanlarda çalışan bir kuruluştur?,"Sağlık ve ilaç | Ticaret ve gümrük | Eğitim, bilim ve kültür | Enerji ve maden","Eğitim, bilim ve kültür",UNESCO'nun hangi alanlarda çalıştığını bilmek gerekiyor; çeldiriciler diğer uluslararası kuruluşlara uyan makul alanlar.
40096801-3d31-4f8c-8172-31152035b610,genel_kultur,TUT,tut,0.70,tamam,Kefil ne yapar?,Kredi verir | Faiz belirler | Vergi toplar | Borcu garanti eder,Borcu garanti eder,Kefil teriminin anlamını bilmeyen biri 'kredi verir' gibi makul bir çeldiriciye yanılabilir.
731e635b-14cf-450b-81db-7d16ac28484d,genel_kultur,TUT,tut,0.75,tamam,Noterin temel görevi nedir?,İşlemleri resmen onaylamak | Davaları karara bağlamak | Kimlik belgelerini düzenlemek | Tapu kayıtlarını tutmak,İşlemleri resmen onaylamak,Noterin görevini hâkim ve tapu gibi makul çeldiricilerden ayırmak gerçek bilgi gerektiriyor.
4c183ad8-7c62-4079-9f07-f27111082b30,genel_kultur,TUT,tut,0.70,tamam,Bir işletmenin gelir ve giderlerini kaydeden dal hangisidir?,Pazarlama | Muhasebe | Lojistik | İnsan kaynakları,Muhasebe,İşletme dallarının adlarını bilmek gerekiyor ve çeldiriciler de gerçek işletme dalları.
f3b88c09-78e6-4c05-a9d7-b1ba800a8ca5,genel_kultur,TUT,tut,0.80,tamam,İltica hakkı neyi ifade eder?,Suçlanana adil yargılanma hakkı | Çalışana sendika kurma hakkı | Zulümden kaçana sığınma hakkı | Yurttaşa dilekçe verme hakkı,Zulümden kaçana sığınma hakkı,İltica teriminin anlamını bilmeyen kişi makul diğer hak şıklarıyla yanılabilir.
f8824e04-9a02-40b4-ba50-55aee7211d4a,muzik,TUT,tut,0.80,tamam,'Gitar' klasik türde neyle çalınır?,Pena ile | Yay ile | Tuş ile | Parmak ucuyla,Parmak ucuyla,Klasik gitarın pena yerine parmakla çalındığını bilmek müzik bilgisi gerektirir; pena makul bir çeldirici.
868160b4-dfd9-4a0d-a15a-62b1ad314433,muzik,TUT,tut,0.80,tamam,Konçerto neyi öne çıkarır?,Dansı | Dekoru | Koroyu | Solo çalgıyı,Solo çalgıyı,Konçerto türünün solo çalgıyı öne çıkardığını bilmek müzik bilgisi gerektiriyor ve koro makul bir çeldirici.
738d3787-0216-4d3a-8c57-dda4bf92a91c,muzik,TUT,tut,0.75,tamam,Metronom neyi belirlemeye yarar?,Tonu | Tempoyu | Ses şiddetini | Akordu,Tempoyu,Metronomun ne olduğunu bilmek gerekir; ton ve akort gibi çeldiriciler makul.
a46445a1-73ac-459b-b920-8fc1d50a946a,muzik,TUT,tut,0.60,tamam,'Punk' müziğin öne çıkan tavrı nedir?,Karmaşık düzenleme | Sade ve başkaldıran ses | Uzun solo | Orkestra,Sade ve başkaldıran ses,Punk müziğin sade ve başkaldırıcı tavrını bilmek müzik türü hakkında genel kültür gerektiriyor.
c291dc14-681c-4596-8321-365a580af134,muzik,TUT,tut,0.60,tamam,'Anonim eser' ne demektir?,Yeni yazılmış | Kayıtlı | Bestecisi bilinmeyen | Çok sesli,Bestecisi bilinmeyen,Müzikte 'anonim' teriminin tanımını bilmek gerekiyor; diğer şıklar terimle ilgisiz ama bu terim gerçek bir bilgi gerektiriyor.
9c922b1b-488c-40b6-b7f9-634ba807bb90,muzik,TUT,tut,0.75,tamam,Piyanoda pedalın işlevi nedir?,Tonu değiştirmek | Tempo tutmak | Nota yazmak | Sesi uzatmak veya kısmak,Sesi uzatmak veya kısmak,Piyano pedallarının sesi uzatıp kıstığını bilmek gerçek bir müzik bilgisi gerektiriyor ve 'tempo tutmak' gibi çeldiriciler yanıltabilir.
11e7644c-5e6f-490f-bff4-ced62b56ec69,muzik,TUT,tut,0.65,tamam,'Nakarat' şarkıda ne işlev görür?,Şarkının girişini yapar | Yinelenerek akılda kalır | Şarkının sonunu belirtir | Tempoyu belirgin düşürür,Yinelenerek akılda kalır,Nakarat teriminin anlamını bilmek gerekiyor ve giriş ya da bitiş gibi çeldiriciler makul.
de53970b-51fa-412b-b1fe-7f232c6c8271,muzik,TUT,tut,0.70,tamam,Bir davul takımında en büyük davul hangisidir?,Bas davul | Trampet davul | Tom davulu | Hi-hat zili,Bas davul,Davul takımındaki parçaları tanımayı gerektiren somut bir olgudur ve bas davul gerçekten en büyük davuldur.
02cd1ca5-2b1c-480e-88f1-231b5f172476,muzik,TUT,tut,0.70,tamam,"Müzikte ""armoni"" nedir?",Seslerin uyumlu kullanımı | Tek sesin uzatılması | Ritim kalıbının kurulması | Şarkı sözünün yazımı,Seslerin uyumlu kullanımı,Armoni bir müzik teriminin tanımı olduğundan terimi bilmek gerekiyor.
78456a7f-5d5a-4541-b56b-65b39b142137,muzik,TUT,tut,0.60,tamam,Bateri çalan müzisyene ne ad verilir?,Klavyeci | Gitarist | Davulcu | Basçı,Davulcu,Baterinin davul seti olduğunu bilmek gerekiyor ve çeldiriciler makul müzisyen adları.
3ddc82d2-fa7b-43ea-8073-84576bb85ca4,muzik,TUT,tut,0.70,tamam,'Mızıka' (armonika) nasıl çalınır?,Tuşla | Nefesle | Yayla | Mızrapla,Nefesle,Mızıkanın üflemeli bir çalgı olduğunu bilmek belirli bir çalgı bilgisi gerektirir.
79bcbdc5-397b-4a9a-a3f4-0c3a536a68d9,sanat,TUT,tut,0.70,tamam,Sanatçının çalıştığı mekâna ne ad verilir?,Balkon | Fuaye | Galeri | Atölye,Atölye,Atölye terimini bilmek gerekiyor ve galeri ile fuaye gibi sanat mekânları makul çeldiriciler.
36612e73-6d48-4be1-8ecc-f3bec203ca8f,sanat,TUT,tut,0.60,tamam,'Romantizm' sanatta neyi vurgular?,Duygu ve doğayı | Kuralı | Ölçüyü | Belgeyi,Duygu ve doğayı,Bir sanat akımının temel özelliğini bilmek akım bilgisi gerektiriyor.
10e9eeff-3fb4-4da4-aa14-1de66aeb3b87,sanat,TUT,tut,0.75,tamam,Kolaj tekniğinde ne yapılır?,Kil şekillendirilip pişirilir | Yalnızca boya kullanılır | Farklı malzemeler yapıştırılır | Taş yontularak biçimlenir,Farklı malzemeler yapıştırılır,"Kolaj teriminin tanımı soruluyor, terimi bilmeyen makul çeldiricilerle yanılabilir."
2bd1f6a1-157e-4daa-b912-03d49b11bfed,sanat,TUT,tut,0.60,tamam,'Şablon baskı' nasıl çalışır?,Oyarak | Kesilmiş boşluklardan boya geçirerek | Isıyla | Basınçla,Kesilmiş boşluklardan boya geçirerek,Baskı tekniğinin nasıl çalıştığını bilmek gerekiyor; oyma ve basınç gibi çeldiriciler başka baskı türlerine ait ve makul görünüyor.
5b2c44bb-dd48-477c-8eed-cbd7debf7edf,sanat,TUT,tut,0.70,tamam,'Eskiz' ne amaçla yapılır?,Eserin son kopyası için | Eserin baskı kalıbı için | Eserin restorasyonu için | Hızlı ön çalışma için,Hızlı ön çalışma için,Terimin tanımı soruluyor; eskiz kavramını bilmeyen biri baskı kalıbı ya da restorasyon gibi makul çeldiricilerle yanılabilir.
5571dc91-c985-4e8a-acb7-437f00541ea8,sanat,TUT,tut,0.70,tamam,Medrese yapılarının işlevi neydi?,Ticaret | Savunma | Eğitim | Konaklama yalnızca,Eğitim,"Medresenin eğitim kurumu olduğunu bilmek terim bilgisi gerektiriyor ve konaklama ya da ticaret, kervansaray veya hanla karıştırılabilir."
69d1207d-337f-4ffd-8ef0-d04e963dcdc5,sanat,TUT,tut,0.65,tamam,Sit alanı ilan edilmesi neyi sağlar?,Bölgenin kentsel dönüşüme alınmasını | Bölgenin vergiden muaf tutulmasını | Bölgenin serbest bölge yapılmasını | Bölgenin koruma altına alınmasını,Bölgenin koruma altına alınmasını,'Sit alanı' terimini bilmeyen biri kentsel dönüşüm veya vergi muafiyeti gibi makul çeldiricilerle yanılabilir.
581399d3-0328-4312-97fb-9cb80442986c,sanat,TUT,tut,0.65,tamam,Müzelerde 'restorasyon' ne demektir?,Eseri yeniden yapmak | Eseri özgün hâline yaklaştırarak onarmak | Eseri satmak | Eseri kopyalamak,Eseri özgün hâline yaklaştırarak onarmak,Terimin tanımı soruluyor; 'yeniden yapmak' çeldiricisi makul olduğundan bilgi gerekir.
f708c5aa-a4b0-440e-b2e1-ac392227c122,sanat,TUT,tut,0.60,tamam,Kolaj tekniği neye dayanır?,Farklı malzemelerin yapıştırılmasına | Boya karışımına | Taş yontmaya | Metal dökmeye,Farklı malzemelerin yapıştırılmasına,Kolaj terimini bilmek gerekiyor ve heykel ya da döküm gibi çeldiriciler sanat teknikleri olarak makul.
7c1f43c0-f5fc-46ee-b31b-f8570ceef0ef,sanat,TUT,tut,0.75,tamam,Peyzaj mimarlığı neyi tasarlar?,İç mekân ve mobilya düzenlerini | Yol ve köprü projelerini | Kentin imar ve yoğunluk planını | Açık alan ve yeşil düzenlemeleri,Açık alan ve yeşil düzenlemeleri,'Peyzaj' teriminin anlamını bilmek gerekiyor; iç mimarlık ve şehir planlama makul çeldiriciler.
02d49bcb-a26c-4bf2-a865-fae68379b642,sanat,TUT,tut,0.60,tamam,Ergonomi tasarımda neyi gözetir?,Ürünün renk uyumunu | Satış fiyat aralığını | İnsan vücuduna uygunluğu | Yalnızca ağırlığını,İnsan vücuduna uygunluğu,Ergonomi teriminin tanımını bilmek gerekiyor; renk ve fiyat şıkları bilmeyeni yanıltabilir.
b21e4345-639c-4848-98d1-2795c989530b,sanat,TUT,tut,0.75,tamam,'Pandomim' hangi araçla anlatır?,Sözle | Müzikle | Dekorla | Beden ve jestle,Beden ve jestle,Pandomim teriminin tanımını bilmeyen kişi cevabı bulamaz.
78652d62-0bd3-4d59-9501-538f1d36a534,sanat,TUT,tut,0.75,tamam,Venedik Karnavalı'nda katılımcılar yüzlerine ne takar?,Maske | Peçe | Gözlük | Bandana,Maske,"Çok bilinen ama belirli bir kültürel olgu, peçe gibi şıklar makul çeldirici."
c90434f8-25d2-499c-bbbb-7aaa9574234a,sanat,TUT,tut,0.65,tamam,Kemer mimaride ne sağlar?,Aydınlatmak | Süsleme yalnızca | Isıtmak | Açıklık geçmek,Açıklık geçmek,"Kemerin yapısal işlevi olan açıklık geçmek, mimari bilgisi gerektiren bir terim; 'süsleme' makul bir çeldirici."
0a321da4-025d-4af7-884f-43eaa5c4bb6f,sinema,TUT,tut,0.60,tamam,Kurgucu (montajcı) ne yapar?,Sette dekoru kurup hazırlar | Çekimleri birleştirip düzenler | Oyuncuları seçip yerleştirir | Senaryoyu yazıp geliştirir,Çekimleri birleştirip düzenler,Kurgucunun görevini bilmek sinema terimi bilgisi gerektiriyor ve 'kurmak' çağrışımıyla dekor şıkkı makul bir tuzak oluşturuyor.
1ad0fb7e-3816-43e3-adee-23870ed9555d,sinema,TUT,tut,0.65,tamam,'Stop motion' tekniği nasıl çalışır?,Çizerek | Bilgisayarla | Canlı çekerek | Nesneyi kare kare oynatarak,Nesneyi kare kare oynatarak,Stop motion tekniğinin tanımı bilinmeden çizim veya bilgisayar şıkları makul çeldirici olabilir.
1d61035d-47b5-4253-9201-a6ec6980c7e2,sinema,TUT,tut,0.60,tamam,Bir filmde 'yapımcı' temel olarak neyden sorumludur?,Kurgudan | Işıktan | Oyunculuktan | Finansman ve organizasyondan,Finansman ve organizasyondan,Çeldiriciler başka film rollerine ait; yapımcının görevini bilmek gerçek bir sinema bilgisi.
2c4f3937-9aa6-4602-a840-9ff696c79ec0,sinema,TUT,tut,0.75,tamam,'Figüran' filmde nasıl rol alır?,Başrolde | Yardımcı rolde | Arka planda | Sesle,Arka planda,Figüran teriminin anlamını bilmek gerekir; yardımcı rol şıkkı makul bir çeldirici.
4b8b0c05-5ee6-4b07-93d8-14f0960595e4,sinema,TUT,tut,0.85,tamam,'Slapstick' komedi neye dayanır?,Söz oyununa | Abartılı bedensel mizaha | Toplumsal eleştiriye | Belgesele,Abartılı bedensel mizaha,Slapstick teriminin anlamını bilmeyen biri doğru cevabı çıkaramaz; bu bir terim tanımı sorusu.
831b0b78-aa92-4f85-b2de-988ea003c1bb,sinema,TUT,tut,0.70,tamam,'Distopya' filmi neyi anlatır?,İdeal toplumu | Baskıcı karanlık geleceği | Geçmişi | Doğayı,Baskıcı karanlık geleceği,Terimin tanımını bilmeyen kişi ütopya ile karıştırıp 'İdeal toplum' şıkkını seçebilir.
0a21f6f8-489a-43f1-8735-e174a7b7d597,sinema,TUT,tut,0.60,tamam,"Filmde ""ironi"" nasıl ortaya çıkar?",Görüntü ile sesin uyumuyla | Sahneler arası hızlı geçişle | Oyuncunun abartılı mimikleriyle | Beklenen ile olan karşıtlığıyla,Beklenen ile olan karşıtlığıyla,İroni teriminin tanımını bilmek gerekir ve diğer şıklar sinema teknikleri olarak makul çeldiricilerdir.
9273e777-6761-4130-94e9-53aa682357c0,sinema,TUT,tut,0.60,tamam,Yeşil perde (green screen) ne için kullanılır?,Arka planı sonradan değiştirmek | Işık ölçümü | Ses kaydı | Kostüm,Arka planı sonradan değiştirmek,Yeşil perde tekniğini bilmek gerekiyor; ışık ölçümü gibi çeldiriciler makul.
aa8ec8e8-5a16-418e-9a56-d74d183d144f,sinema,TUT,tut,0.60,tamam,'Jurassic Park' filminde laboratuvarda yeniden canlandırılan yaratıklar nelerdir?,Dev böcekler | Ejderhalar | Dinozorlar | Mamutlar,Dinozorlar,Çok bilinen ama yine de film bilgisi gerektiren bir popüler kültür olgusu.
8ff24cbe-ade0-4111-8bf1-706521c3d32a,sinema,TUT,tut,0.70,tamam,'Güzel ve Çirkin' filmindeki prensin lanetli hâline ne denir?,Ejderha | Kurt | Dev | Canavar,Canavar,"Filmdeki karakterin Türkçe adını bilmek gerekiyor ve ejderha, kurt, dev de akla yatkın seçenekler."
099f4e81-8911-4977-aae3-3ac6f65a932a,spor,TUT,tut,0.60,tamam,Judo sporunda kuşak renkleri neyi gösterir?,Sporcunun kilosunu | Derece ve deneyimi | Sporcunun yaşını | Temsil ettiği ülkeyi,Derece ve deneyimi,Judoda sıklet sınıfları da olduğundan kilo makul bir çeldirici ve kuşak sistemini bilmek gerekiyor.
a8955360-0910-4753-b876-33afe744b581,spor,TUT,tut,0.70,tamam,"Formula 1'de ""pit stop"" ne için yapılır?",Sürücü değişimi ve dinlenme | Lastik değişimi ve bakım | Hakem kontrolü ve tartı | Seyirci selamı ve onur turu,Lastik değişimi ve bakım,Pit stopun lastik değişimi ve bakım için yapıldığını bilmek motor sporları bilgisi ister; sürücü değişimi makul bir çeldiricidir.
5a7cde30-0760-4eb7-af41-97297072d4fd,spor,TUT,tut,0.55,tamam,Aerobik egzersizin temel özelliği nedir?,Ağırlık odaklı | Kısa ve patlayıcı | Hareketsiz | Uzun süreli ve oksijenli,Uzun süreli ve oksijenli,Aerobik ile anaerobik farkını bilmeyi gerektiren bir terim sorusu; 'kısa ve patlayıcı' çeldiricisi makul.
78557bd1-eee2-4275-8ce8-eced0e673789,spor,TUT,tut,0.85,tamam,Real Madrid ve Barcelona hangi ülkenin kulüpleridir?,İspanya | Portekiz | Fransa | İtalya,İspanya,Çok bilinen ama yine de bilgi gerektiren bir olgu; Portekiz gibi makul çeldiriciler var.
0a7b2531-73cc-4990-8dc6-350e4b5b2ea5,spor,TUT,tut,0.75,tamam,Judo ve karatede kuşak rengi neyi gösterir?,Seviye | Takım | Yaş | Sıklet,Seviye,Kuşak renginin seviyeyi gösterdiğini bilmek gerekiyor; sıklet ve yaş makul çeldiriciler.
f838562d-e208-465b-832f-1d7122fd245e,spor,TUT,tut,0.80,tamam,Atletizmde çıkış takozları hangi yarışlarda kullanılır?,Maraton | Yürüyüş | Uzun mesafe | Sürat koşuları,Sürat koşuları,Çıkış takozunun ne olduğunu ve yalnız sürat koşularında kullanıldığını bilmek gerçek bir spor bilgisi gerektiriyor.
6a0da466-cc4b-45c3-8337-adc64cc12e41,spor,TUT,tut,0.60,tamam,'Motokros' hangi zeminde yarışılır?,Asfaltta | Toprak parkurda | Buzda | Kumda yalnızca,Toprak parkurda,Motokrosun toprak parkurda yapıldığını bilmek belirli bir spor bilgisi gerektiriyor.
951ea4ea-c688-4680-988e-4e2bd781e072,spor,TUT,tut,0.80,tamam,Kış Olimpiyatları'nda 'curling' hangi zeminde oynanır?,Buz | Kar | Ahşap | Beton,Buz,Curling'in buzda oynandığını bilmek belirli bir spor bilgisi gerektiriyor ve kar şıkkı makul bir çeldirici.
37d15ca8-2053-4fef-99db-f81f797ec5d9,spor,TUT,tut,0.70,tamam,"Sporda ""derbi"" ne anlama gelir?",Kupa finali zorunlu | Antrenman | Önemli rakipler arası maç | Hazırlık maçı,Önemli rakipler arası maç,Derbi teriminin anlamını bilmek gerekir; final ve hazırlık maçı makul çeldiricilerdir.
1bd29601-9c42-43aa-8a02-6f88cdea266d,spor,TUT,tut,0.60,tamam,Cirit atmada kullanılan alet nasıldır?,Uzun ve ince | Ağır küre | Yuvarlak | Disk,Uzun ve ince,Ciridin ne olduğunu bilmek gerekiyor; gülle ve disk makul çeldiriciler.
668840d2-69d3-4fb7-ab01-ab4067885f54,spor,TUT,tut,0.70,tamam,Lig usulünde takımlar nasıl karşılaşır?,Tek maç eleme | Herkes herkesle oynar | Kura ile | Gruplarda kalır,Herkes herkesle oynar,Turnuva biçimini bilmeyi gerektiriyor; eleme ve grup usulü makul çeldiriciler.
6bcc89d5-5d5c-47fe-9e26-c361373dc40c,spor,TUT,tut,0.60,tamam,'Motokros' hangi zeminde yapılır?,Asfalt | Buz | Su | Toprak parkur,Toprak parkur,Motokrosun toprak parkurda yapıldığını bilmek gerekiyor; asfalt makul bir çeldirici.
3f0e1f27-ef36-4bc9-87dc-0b0bb0015933,spor,TUT,tut,0.65,tamam,Bir kulübün 'altyapısı' neyi ifade eder?,Genç sporcu yetiştirme yapısı | Stadyum zemini | Yönetim kadrosu | Sponsor listesi,Genç sporcu yetiştirme yapısı,Spora özgü bir terimin anlamı soruluyor; 'stadyum zemini' sözcüğün düz anlamına dayanan makul bir çeldirici.
26a4553e-146a-40f5-8c30-243f3b3d79c8,spor,TUT,tut,0.85,tamam,Çekiç atma hangi hareketle yapılır?,Düz itme | Yukarı fırlatma | Yandan atma | Dönerek savurma,Dönerek savurma,Çekiç atmanın dönerek savurma tekniğiyle yapıldığını bilmek spor bilgisi gerektirir ve çeldiriciler makuldür.
95e340f2-d2cb-49d2-b6f9-c41ecad854b2,tarih,TUT,tut,0.75,tamam,'Reform' hareketi neyi hedefledi?,Ticareti | Orduyu | Kilise düzeninin değişmesini | Sanatı,Kilise düzeninin değişmesini,"Reform'un tarihsel bir kilise hareketi olduğu kelimenin anlamından çıkmıyor, bilgi gerektiriyor."
7a69b92f-8ac0-49e0-a8b6-6942f39d339d,tarih,TUT,tut,0.65,tamam,'Büyük Taarruz' hangi sonuçla bitti?,Ateşkesle | Yenilgiyle | Zaferle | Geri çekilmeyle,Zaferle,Çok bilinse de Büyük Taarruz'un zaferle sonuçlandığı adından çıkmıyor; bu tarihsel bir olgu bilgisi.
6bbae1d0-c3a2-42a5-8ccc-e4dbd788f9c8,tarih,TUT,tut,0.70,tamam,'Rönesans insanı' kavramı neyi anlatır?,Tek alanda uzmanı | Çok alanda yetkin kişiyi | Askeri | Tüccarı,Çok alanda yetkin kişiyi,Kavramın tanımını bilmeyen 'tek alanda uzman' çeldiricisine kanabilir.
7e973915-623d-4800-9004-eccf773e8e7c,tarih,TUT,tut,0.70,tamam,'Başkentin Ankara olması' neyi gösterir?,Liman ve ticaret tercihini | Tarih ve miras tercihini | Güvenlik ve merkezîlik tercihini | Sanayi ve nüfus tercihini,Güvenlik ve merkezîlik tercihini,Ankara'nın başkent seçilme nedenini bilmek tarih bilgisi gerektirir ve çeldiriciler makul.
4f080dd5-e436-46f5-a78d-04b4a0e97083,tarih,TUT,tut,0.70,tamam,Aydınlanma Çağı'nın temel dayanağı nedir?,Gelenek ve otorite | Akıl ve bilim | Sanat ve estetik | İnanç ve vahiy,Akıl ve bilim,Aydınlanma'nın akla ve bilime dayandığını bilmek tarih bilgisi ister; gelenek ve inanç gibi çeldiriciler makul.
1cf3b682-4e42-434c-b906-d5983b6bda86,tarih,TUT,tut,0.60,tamam,İspanyolcanın Latin Amerika'da yaygın olmasının nedeni nedir?,İklim | Göç yolları | Ticaret yolları | Sömürge geçmişi,Sömürge geçmişi,İspanyol sömürge geçmişini bilmek gerekiyor; göç ve ticaret yolları makul çeldiriciler.
0200a1b0-aed3-47c6-8f42-e024372eaae2,tarih,TUT,tut,0.70,tamam,Sanayi Devrimi'nin toplumsal sonuçlarından biri nedir?,Toprak ağalığının doğuşu | Lonca düzeninin doğuşu | Şövalye sınıfının doğuşu | İşçi sınıfının doğuşu,İşçi sınıfının doğuşu,İşçi sınıfının Sanayi Devrimi'yle doğduğunu bilmek temel tarih bilgisi ister; çeldiriciler dönemsel olarak karıştırılabilir.
88b4dbbb-43cf-4abb-a6db-44e9ef7707df,tarih,TUT,tut,0.70,tamam,Rönesans hangi alanda başlamıştır?,Sanat ve edebiyat | Askerlik | Tarım | Denizcilik,Sanat ve edebiyat,Rönesans'ın sanat ve edebiyatta başladığı bilinen ama genel kültür gerektiren bir tarih olgusudur.
eb3c4ef2-1599-426a-93e8-05ead3184fc9,teknoloji,TUT,tut,0.90,tamam,Sony'nin ilki 1994'te çıkan oyun konsolu serisinin adı nedir?,PlayStation | GameCube | Game Boy | Dreamcast,PlayStation,Belirli bir ürün adı soruluyor ve çeldiriciler gerçek oyun konsollarıdır.
e4119364-e96f-40d2-ae61-6f75e1051d3d,teknoloji,TUT,tut,0.65,tamam,Duolingo uygulaması ne öğrenmek için kullanılır?,Matematik | Dil | Resim | Müzik,Dil,"Belirli bir uygulamanın ne işe yaradığını bilmek gerekiyor, ancak uygulama çok bilinen bir uygulama."
694f72bc-eda4-46ab-9654-bde64f679758,teknoloji,TUT,tut,0.60,tamam,Trendyol ve Hepsiburada hangi alanda hizmet verir?,Sigorta | Alışveriş | Bankacılık | Eğitim,Alışveriş,Çok bilinen bir olgu olsa da cevap markaları tanımayı gerektiriyor.
02e02fcc-466f-48b4-a60b-1d83f3e14676,teknoloji,TUT,tut,0.85,tamam,'SSD' ne tür bir depolama birimidir?,Katı hal sürücüsü | Manyetik teyp ünitesi | Disket sürücüsü | Optik disk okuyucu,Katı hal sürücüsü,SSD kısaltmasının açılımını bilmek gerçek teknoloji bilgisi gerektiriyor ve çeldiriciler makul depolama türleri.
fc92a0d0-7531-4471-8803-e4e9cff32078,teknoloji,TUT,tut,0.70,tamam,Dizüstü bilgisayarın İngilizce adı nedir?,Laptop | Desktop | Server | Tablet,Laptop,İngilizce terim bilgisi gerekiyor ve 'Desktop' makul bir çeldirici.
a1ae128d-4a65-4c89-954a-b621a3a8957e,teknoloji,TUT,tut,0.75,tamam,Fotoğraf ve belgeleri bilgisayara aktaran cihaz hangisidir?,Fare | Yazıcı | Tarayıcı | Hoparlör,Tarayıcı,Cihazın adını bilmek gerekiyor ve yazıcı makul bir çeldirici.
f5bf6f5c-b56d-43cb-8a4d-4d0d3fba4780,teknoloji,TUT,tut,0.55,tamam,Bilgisayarda dosyaların bulunduğu kutu simgesine ne denir?,Kısayol | Menü | Pencere | Klasör,Klasör,Çok bilinen ama yine de bir terim bilgisi gerektiren temel bilgisayar sorusu.
b5a4158c-30b4-4357-a0a9-9b28f1367f87,teknoloji,TUT,tut,0.90,tamam,Arkeolog Lara Croft'un başrolde olduğu oyun serisi hangisidir?,Resident Evil | Uncharted | Prince of Persia | Tomb Raider,Tomb Raider,Lara Croft'un Tomb Raider karakteri olduğunu bilmek için oyun kültürü gerekir; çeldiriciler makul oyun serileri.
b76c4360-2079-45e2-8a35-8625d05fa29b,teknoloji,TUT,tut,0.70,tamam,"Bir bilgisayarda ""algoritma"" nedir?",Bir kablo türü | Bir donanım parçası | Bir ekran çeşidi | Adım adım çözüm yolu,Adım adım çözüm yolu,Soru bir terimin tanımını soruyor ve donanım çeldiricileri terimi bilmeyen biri için makul.
4402f8e6-2479-4eaa-84a7-637457d9bbee,teknoloji,TUT,tut,0.75,tamam,'Alan adı uzantısı' neyi gösterir?,Sitenin barındırıldığı sunucu konumunu | Bağlantının kullandığı şifreleme protokolünü | Adresin yönlendirildiği alt dizini | Adresin üst düzey grubunu,Adresin üst düzey grubunu,Uzantının üst düzey alan adını gösterdiğini bilmek teknik bilgi gerektiriyor; sunucu konumu makul bir çeldirici.
1af8ee9f-6762-40c6-ab5a-4d3bdea3d082,teknoloji,TUT,tut,0.60,tamam,Bir bilgisayar dosyasının uzantısı neyi gösterir?,Dosya boyutunu | Oluşturma tarihini | Dosya türünü | Sahibini,Dosya türünü,Uzantının dosya türünü gösterdiği belirli bir bilgisayar bilgisi; boyut ve tarih gibi çeldiriciler makul.
1793e321-e7c6-48b7-9aac-e40bec876965,teknoloji,TUT,tut,0.60,tamam,İnternetten bir dosyayı kendi cihazımıza kaydetmeye ne denir?,İndirme | Yükleme | Yedekleme | Silme,İndirme,Terimin tanımı soruluyor; indirme ile yükleme karıştırılabilir.
462e3d0a-1d13-469d-8437-42035259f15e,teknoloji,TUT,tut,0.80,tamam,Instagram'da bir gönderiyi beğenmek için hangi simge kullanılır?,Başparmak | Kalp | Gülen yüz | Yıldız,Kalp,Belirli bir platform bilgisi soruluyor; başparmak (Facebook) gibi makul çeldiriciler var.
874240a2-0499-414f-90a8-f321250e0f63,teknoloji,TUT,tut,0.80,tamam,Sanal insanların hayatını yönettiğimiz ünlü oyun serisi hangisidir?,The Sims | Pac-Man | Mortal Kombat | Space Invaders,The Sims,"Belirli bir oyun serisinin adını bilmek gerekiyor ve çeldiriciler gerçek, ünlü oyunlar."
504054da-201f-48fe-923b-2da27a05ec71,teknoloji,TUT,tut,0.60,tamam,Microsoft PowerPoint ile ne hazırlanır?,Sunum | Fatura | Film | Harita,Sunum,Çok bilinen ama yine de belirli bir yazılımın işlevine dair olgu bilgisi gerektiriyor.
1b68e9c3-1c86-4768-ad92-40f71faea03b,teknoloji,TUT,tut,0.55,tamam,Telefonla çekilen kendi fotoğrafımıza ne ad verilir?,Karikatür | Selfie | Portre | Poster,Selfie,Belirli bir terim soruluyor; çok yaygın olsa da 'portre' makul bir çeldirici.
43617504-b6e3-4dfd-a22d-0787fa986472,teknoloji,TUT,tut,0.70,tamam,Dosya boyutunu küçültme işlemine ne ad verilir?,Şifreleme | Yedekleme | Sıkıştırma | Bölümleme,Sıkıştırma,Terim bilgisi gerekiyor ve çeldiriciler gerçek bilişim terimleri.
63287feb-f8aa-4b3d-8540-a694004faed8,teknoloji,TUT,tut,0.60,tamam,Verinin kopyasının ayrıca saklanmasına ne ad verilir?,Şifreleme | Sıkıştırma | Bölümleme | Yedekleme,Yedekleme,Terim adı soruluyor ve şifreleme/sıkıştırma gibi makul teknik çeldiriciler var.
3c8fc7ab-e7c3-49dd-bc25-f44059106c06,teknoloji,TUT,tut,0.65,tamam,"""Sıcak nokta"" (hotspot) özelliği ne sağlar?",Isıtmayı | Yedeklemeyi | Şarj etmeyi | Cihazın internetini paylaşmayı,Cihazın internetini paylaşmayı,"Terimi bilmeyen biri 'sıcak' sözcüğüne kapılıp ısıtmayı seçebilir, bu yüzden terim bilgisi gerekiyor."
f5b40b80-a674-484c-8db8-2d6b51da5f04,teknoloji,TUT,tut,0.60,tamam,PDF formatının amacı nedir?,Belgeyi biçimi bozulmadan taşımak | Görüntüyü kayıplı olarak sıkıştırmak | Tablodaki verileri formülle hesaplamak | Metni hiçbir biçim olmadan saklamak,Belgeyi biçimi bozulmadan taşımak,Çeldiriciler başka dosya formatlarının işlevlerini anlattığı için makul; PDF'in biçimi koruduğunu bilmek gerekiyor.
2afe9668-442e-42ea-9c5f-e57f62f92945,teknoloji,TUT,tut,0.65,tamam,HTTP ile HTTPS arasındaki fark nedir?,HTTPS'in şifreli olması | HTTP'nin daha güvenli olması | HTTPS'in daha yavaş olması | İkisinin aynı olması,HTTPS'in şifreli olması,HTTPS'in şifreleme kullandığını bilmek temel teknoloji bilgisi gerektiriyor; doğru şık ders kitabı cevabı.
276388ca-2956-4316-83b7-586f41b97b96,teknoloji,TUT,tut,0.85,tamam,SSD'nin sabit diske göre avantajı nedir?,Daha ucuz olması | Daha büyük kapasiteli olması | Daha kolay onarılması | Daha hızlı olması,Daha hızlı olması,SSD'nin hız avantajını bilmek gerekir; ucuzluk ve kapasite gibi çeldiriciler makul.
22a10f3f-8bdf-4328-9371-53764625bb36,teknoloji,TUT,tut,0.80,tamam,Algoritma nedir?,Bir programı derleyen yazılım aracı | Bir sorunu çözen adım dizisi | Bir veriyi saklayan bellek birimi | Bir ağı yöneten iletişim kuralı,Bir sorunu çözen adım dizisi,Terimin tanımı soruluyor ve teknik çeldiriciler terimi bilmeyeni yanıltabilir.
3e368665-58c3-41e3-99aa-7ced0eac8bb3,teknoloji,TUT,tut,0.60,tamam,Alan adı (domain) neyi ifade eder?,Sitenin insan okunur adresini | Sunucunun markasını | Sayfanın başlığını | Şifre anahtarını,Sitenin insan okunur adresini,Alan adı teriminin ne olduğunu bilmek gerekir; sayfa başlığı ve sunucu markası makul çeldiriciler.
746dfce9-54f3-4900-a9c1-86472844e3ee,teknoloji,TUT,tut,0.75,tamam,Yönlendirici (router) ne yapar?,Veri saklar | Ekran görüntüsü alır | Ağlar arasında veri paketi yönlendirir | Yazıcıyı sürer,Ağlar arasında veri paketi yönlendirir,Teknik bir terimin tanımı soruluyor; terimi bilmeyen biri doğru şıkkı bulamayabilir.
6bbbe52b-5a9d-4440-8abf-f49717a8caa5,teknoloji,TUT,tut,0.70,tamam,Ethernet kablosu ne için kullanılır?,Ses kaydı | Görüntü büyütme | Şarj etme | Kablolu ağ bağlantısı,Kablolu ağ bağlantısı,Ethernet'in ağ bağlantısı standardı olduğunu bilmek teknik bir bilgi gerektiriyor.
67336186-3830-4b9d-a72d-1938e33fc826,teknoloji,TUT,tut,0.65,tamam,'VPN' kullanımının başlıca amacı nedir?,Hızlı ve kesintisiz bağlantı | Ücretsiz ve sınırsız bağlantı | Güvenli ve gizli bağlantı | Kablosuz ve uzun menzilli bağlantı,Güvenli ve gizli bağlantı,VPN teriminin ne olduğunu bilmek gerekiyor ve hız ya da ücretsizlik çeldiricileri makul görünebilir.
6bb0d0af-2334-4874-bfa5-513add6a8579,teknoloji,TUT,tut,0.70,tamam,"Bilgisayarda ""görev yöneticisi"" ne gösterir?",Çalışan işlemleri ve kaynak kullanımını | Yüklü programları ve lisans durumunu | Ağ bağlantılarını ve şifreleri | Takvimi ve yapılacaklar listesini,Çalışan işlemleri ve kaynak kullanımını,Addan yanlış çıkarıma açık makul çeldiriciler var; temel bilgisayar bilgisi gerekiyor.
6a17a980-e413-4ee2-895f-4438f0ce610f,teknoloji,TUT,tut,0.80,tamam,Modem ne yapar?,Sinyalleri dönüştürerek internet bağlantısı sağlar | Paketleri yönlendirerek yerel ağ trafiğini düzenler | Verileri sıkıştırarak diskte daha az yer kaplatır | Görüntüleri işleyerek ekranda grafik oluşturur,Sinyalleri dönüştürerek internet bağlantısı sağlar,"Çeldiriciler router, sıkıştırma ve grafik kartı işlevlerini anlatıyor ve makul; modemin işlevini bilmek gerekiyor."
5637c1a0-f934-4ba2-8d22-de870ff099d5,teknoloji,TUT,tut,0.70,tamam,'USB' arayüzü ne için geliştirilmiştir?,Evrensel çevre birimi bağlantısı | Ağ kurma | Ekran bağlama | Ses çıkışı,Evrensel çevre birimi bağlantısı,"USB'nin amacını bilmek gerekiyor; ağ, ekran ve ses çıkışı makul teknik çeldiriciler."
4b9c98e8-8448-4cc8-97d6-2a3402daef10,teknoloji,TUT,tut,0.75,tamam,Pinterest en çok neyi paylaşmak için kullanılır?,Müzikleri | Oyunları | Haberleri | Görselleri,Görselleri,Belirli bir platformun ne için kullanıldığına dair gerçek bilgi gerektiriyor.
00dea4dc-9d81-42ff-bd83-7f82364c1362,teknoloji,TUT,tut,0.55,tamam,'Bulut depolama' verinin nerede tutulduğunu belirtir?,Yerel sabit diskte | Taşınabilir bellekte | Uzak sunucularda | Cihazın RAM'inde,Uzak sunucularda,"Bir teknoloji teriminin tanımı soruluyor, ancak tek uzak seçenek olduğu için cevap şıklardan sezilebiliyor."
9dfb9e33-92b7-4def-b1f3-e0263b952270,teknoloji,TUT,tut,0.75,tamam,Bilgisayarda yazı yazılan Microsoft programı hangisidir?,Access | Word | Paint | Excel,Word,Microsoft ürünlerini tanımayı gerektirir ve Access ile Excel makul çeldiricilerdir.
4eb4fb54-d980-4d16-8db7-27d450325f1f,teknoloji,TUT,tut,0.75,tamam,İşletim sisteminin temel görevi nedir?,Kaynak kodu makine diline çevirme | Web sayfalarını görüntüleme ve gezinme | Donanım ve yazılım arasında yönetim | Verileri tablo halinde düzenleme,Donanım ve yazılım arasında yönetim,"Çeldiriciler derleyici, tarayıcı ve tablo programının görevleri olduğundan işletim sistemini bilmek gerekir."
