id,puan,kaynak
0000c54e-de0b-463b-bfbf-0421c9eca820,2.93,kapi
000140ce-fb2c-4f9b-bdba-f8ccd92fcbf4,3.36,kapi
0002b042-f627-4ec9-8c75-8ad30bedad96,2.90,tarama
0005f041-9857-4596-b975-2fa65c984c73,2.43,kapi
0006e891-671d-4224-931d-8d077ac10155,2.05,tarama
0007ad10-55fe-4495-a831-f7f549c9857b,2.55,tarama
0007bbf6-f736-4be2-949e-05a01e316953,1.77,tarama
0007d250-1e61-4dd1-a35c-77514b7c38c7,1.98,tarama
00092ecb-349a-4102-a460-73460f2aa305,2.40,tarama
000e8c8d-0ff9-4384-8d22-40b5804ef8d6,2.27,tarama
000fcf74-48bc-42bc-9d08-26febff8e37b,4.27,tarama
0013291d-ab14-4f4d-b3d3-c284bff6c5c3,1.96,tarama
00141cca-0646-4c6e-b62e-f5afc068cd80,1.28,tarama
001b9805-7f4e-4375-b17a-fb11fd8feacf,2.04,tarama
001dee06-edfb-46fa-a867-9a27aedd8eb0,2.71,kapi
001fadbe-2ab7-4ec1-bc1a-e571509e99ca,1.90,tarama
0021482f-58a4-46e2-909a-d520a056b9ba,2.07,tarama
0022e374-f386-488e-9aad-f4c221f5c305,1.69,tarama
002c722e-75af-4ed2-b990-37a224cc61c7,1.67,tarama
002ca933-f1b3-4083-a0eb-faef38406270,1.78,kapi
002d95bf-5389-4a8b-9f7a-2ac1c48bd40f,3.07,tarama
0032d283-c7a1-42a1-b22b-3a248d92be91,4.10,tarama
00336d00-dc27-48c4-9115-3b72d1d0711a,2.38,tarama
003e2733-e66c-4c32-96ed-f43b8373028f,2.13,tarama
004b41a2-b949-4c3f-b520-714da0172c3d,1.45,tarama
004c5d39-6717-42e4-895f-a304576414c7,1.93,tarama
00583de1-f025-456a-924a-cc06118cf80a,1.80,tarama
00595793-13d0-44ff-8057-589b068538f5,2.13,tarama
0065cbce-94ab-4b94-b9d6-8287a66f8ec0,2.95,tarama
0068b933-d8d4-49ee-9537-d0db7db92a4b,1.53,tarama
0068ef5f-0794-4f97-a730-fdc8ef901599,1.55,tarama
006a05a9-e876-49eb-b453-a2936fa42063,1.76,tarama
00702901-b002-449e-9705-ce8a5a5f1f54,2.03,kapi
00710014-e549-4aab-a44d-dfbbab83f378,3.11,tarama
007f8eca-ed0a-4508-85fa-1d16d2f44d9f,1.36,tarama
008241dd-aa8b-4572-9032-c9ab3b170164,3.79,kapi
008532cd-b6d2-4c49-b341-77ccc320c97a,3.71,tarama
008f2475-4a1a-4670-ac68-1cef37f5bf90,1.00,tarama
009a02c2-116a-4358-b918-78e255fb8e27,2.00,tarama
009d20dd-86d8-48e9-9b94-84f1ee4cc6d2,2.16,kapi
00a1ef5d-d641-42d3-8b34-19fe07e531b1,3.16,kapi
00a20e91-ffae-4f83-b8e2-470df21e55f9,2.88,tarama
00b761e6-1acf-41b9-80be-35e38f6cf8d8,2.34,tarama
00b99125-7bcc-4715-9e2c-c71f9f86d38f,3.28,tarama
00bb37ff-c040-41ac-bdd7-bc5fb3dabaf8,1.86,tarama
00bfd277-6db7-4fd5-8d08-97d6cf9bf67b,2.04,tarama
00c4a92f-87cf-4233-8a2d-e63f88df4aaa,2.72,kapi
00c4c96b-0c19-4cc4-b76d-255f3aaeb720,2.10,tarama
00c9b382-85a2-42e4-8e82-ef360bdc43be,2.82,tarama
00cb1def-4abd-4a31-b941-277d85d121ae,1.98,tarama
00d1d1d1-471a-4902-bf96-addcbcb41f1b,2.40,tarama
00d1f113-a8cf-4e6f-a94e-5a4fe1f79c46,2.55,tarama
00d37c42-72a4-418d-8080-73e9e8d1e70e,1.79,tarama
00d4d5d2-31e2-4227-ab69-b401ee5882a9,3.58,tarama
00d69fff-194e-483b-b52f-9db921fd8d73,2.76,tarama
00daab5e-f004-42ed-9d4d-8da88798132b,2.93,kapi
00dd2974-e6e3-4b0d-9052-37be346127bd,2.39,tarama
00dd5500-b726-4f5c-8a94-73d0826a9a0e,3.45,kapi
00dea4dc-9d81-42ff-bd83-7f82364c1362,1.89,tarama
00dee41a-2b61-4235-86c7-ea5f17a5ce9f,3.27,kapi
00e12eb2-b119-4fed-bbb5-03747e37993a,2.61,tarama
00e8bbde-e3bb-4b0b-a098-738aacb613a3,3.24,tarama
00ea7889-27e5-4083-aae9-399059ba1f9e,2.55,tarama
00ecb66a-4cfa-41eb-b938-bcc119b967cc,2.92,tarama
00f57f5b-e6c9-48f7-9ea8-c2869f2265eb,1.62,tarama
00fc07c0-9a6c-4c71-8310-69cd8789f387,3.34,tarama
010d5c0d-4d15-4bd8-b5d4-90746cb0cc5a,1.38,tarama
01137303-c2ed-4a18-9ae3-b73bc184c331,2.89,kapi
0117c539-60e1-4012-8c8f-083ec59b5d00,1.03,tarama
011c616a-7be3-47c3-bd73-0f0aa43154a8,3.07,tarama
011dd8e5-1cd9-41d5-b74e-1bc7aa7b7cfa,2.71,tarama
01214308-e727-46a7-868e-3af8edcc52a2,3.75,tarama
0127570b-c365-4bcd-a0d6-fe53fa230c1a,1.46,tarama
0131f558-0fdd-47e6-a978-79a4579eb976,1.71,tarama
0139f1dd-dcce-477c-876b-facc46b35db8,2.74,tarama
0140df16-4655-4716-8b6a-b906637234de,2.89,kapi
0143a9c9-cc46-456e-ab5a-6f7a4985604f,2.47,kapi
0144113e-60e8-4e89-896a-f865b338a6cf,3.92,kapi
014d42fc-f76d-4402-a3f3-ec41188a9c3a,2.42,tarama
01507337-626e-4ccf-b1d6-d3a06b26e836,1.80,tarama
01560010-490d-4d7a-a1a1-f54e1abc8311,2.53,tarama
015b0775-63ea-4910-b5cb-3fe47e14cda3,3.12,kapi
016865d3-945f-4fea-8c27-eed6d368bb11,1.72,tarama
01733ff5-dfcb-4319-8e18-e36ba9935a02,2.22,tarama
01737af0-d6ff-4762-bca7-027e0d52fb2f,2.72,tarama
0173d68b-6ee2-40d4-9640-c82e37c8e199,1.70,tarama
017b078a-96c6-4109-9361-aac32b2fa344,1.89,tarama
018186d8-9912-4eed-b9c2-cc456c8b8fad,1.59,tarama
01881221-edc4-47ef-8379-943891cd2b2c,1.92,tarama
0191f372-3373-4c4c-8d26-57a64332420a,2.05,tarama
0196ed0f-dd03-4489-b1d9-c2935cce82cd,3.24,kapi
01a4b3c5-be6d-4783-b7dd-55a1b0db4c54,2.05,kapi
01a87f32-5535-4fbc-8bbc-c38c6b7d1538,1.46,tarama
01aa6dbf-be99-4e8b-a3cd-363ad43fbe07,2.60,kapi
01b27be0-e31e-4a1d-b4f5-ec147757d175,2.11,tarama
01b2e965-5dbe-4fe0-b685-26e7ff60804a,1.53,tarama
01b8cc46-95c1-4b16-9636-27b2313ade87,1.51,tarama
01c92a51-4111-423e-84c7-bfac95d07dbd,2.69,tarama
01c9bc01-f606-4bfb-b1fc-7d85e084cfb7,1.78,tarama
01e8c52b-a691-4e07-b9e4-ccc4528c9021,1.69,tarama
01f9abb7-a04d-4a6d-9a89-d31f0ddfceee,3.20,tarama
01fc048b-a2d2-417c-9c59-095e184ff01e,2.86,tarama
01fc4aa5-9c68-481c-bc90-dfacebe11316,2.39,tarama
01fd6e04-ae93-4712-ab5a-cd86ccafe8d2,3.07,kapi
02002fc2-ba1f-4c2b-bfcc-fde89a73b125,2.00,tarama
0200a1b0-aed3-47c6-8f42-e024372eaae2,1.95,tarama
0204b92e-9d90-44e1-b034-9d61d64a14bd,2.29,tarama
02068961-92cd-417c-abca-2b9310839dde,3.99,kapi
0213bd4a-0e1b-4508-8691-4d392e99f1f5,3.45,tarama
021b4225-ebf0-4886-a036-31090c5361e4,3.16,kapi
021edc4f-a7ac-4097-9ccf-46e8866e7ead,2.62,kapi
0221f0de-d263-4686-a639-eb8363bad0a3,3.46,tarama
0225b140-381d-4cce-9810-f3c0bf260086,1.99,tarama
022c98b1-9f8d-4da3-9d9c-bc32b3f435dc,1.05,tarama
022dcfe1-b28f-44e8-879a-e3fdb56de5b1,3.00,tarama
0231dc2c-9f14-4cc5-87bd-5545e9ab886c,2.17,tarama
0232979f-ca2f-4a5c-85d1-21363554e1c3,3.09,kapi
0242c3b1-2aa4-4fd1-ae08-3c2692642797,2.16,tarama
02446ee1-8d88-4d2b-b0cb-c4bcc6e3f220,4.01,tarama
0245c614-673a-4da6-b1b3-171071cbc583,1.22,tarama
024c9087-fd71-42ea-aab9-0a0a66b44736,1.09,tarama
0258befd-0db8-4ffe-ac4d-e05249c4e196,3.24,tarama
025a2023-5e1f-47f7-b32d-2346cb57515e,2.49,tarama
02613063-fe5c-481b-881d-d37ee2e966ed,1.93,tarama
0275572d-fc54-412e-9d4f-78a690a83fd9,2.22,tarama
02770622-454d-459d-a090-246ee7604037,1.86,tarama
027f3faf-d48e-41b6-8f68-fe14f727c27b,1.47,tarama
0285a30d-bffd-448d-be78-541ef98ea956,3.36,tarama
0285adda-b8d5-42aa-a030-b282e6603b7d,2.36,tarama
028d2500-6c86-4d4e-ad9f-71a21c321438,2.15,tarama
028f6c31-8ac6-42b8-b52e-431d9e5076e0,1.73,tarama
02952b2a-be23-49d2-98f0-525d580fe750,1.97,tarama
029f0d92-fe88-4f88-89c8-bebd279771c2,1.86,tarama
02a58ee6-b919-4d9e-aa8c-4e4dbfa725c7,1.45,tarama
02ad7346-4305-4cdd-8ef5-b6aad9fe8e56,1.98,tarama
02af93da-9215-4cdc-baf8-6e83598c0770,2.04,tarama
02afb6f8-8cd6-4906-ab06-9b52b12c3d71,2.80,tarama
02b30691-f280-42bd-b8fd-480ea6a6fce3,2.70,tarama
02b5626f-80fe-4ca9-b7b2-a2d98cddd67f,1.58,tarama
02cb7afb-2d1c-4113-a116-5d4c4b0a1e9f,3.22,kapi
02cc9b1e-ee29-40ce-a82f-7745edd1a606,2.08,tarama
02cd1ca5-2b1c-480e-88f1-231b5f172476,1.99,tarama
02d49bcb-a26c-4bf2-a865-fae68379b642,2.02,tarama
02d94eb0-4b3d-4358-a549-53b66c0c902a,2.51,tarama
02d9938f-a89c-4385-a424-f5c1e6c68628,2.06,tarama
02d9f0b0-0936-4c31-918e-559eaaee20e8,1.91,tarama
02d9f80c-a192-4783-a733-07e2ce0d0307,2.11,tarama
02dc101e-d99a-451f-b727-96962a0f230a,1.72,tarama
02e02fcc-466f-48b4-a60b-1d83f3e14676,2.05,tarama
02e191fe-18f4-4cec-a011-6b6057d3cad8,2.80,tarama
02e6080c-c7b4-4aed-b8bf-e93338301d32,2.54,tarama
02e6e6c4-a3e5-41b7-8e77-e8d4dc7e2a82,1.91,tarama
02e869fc-e727-42e7-b456-28d25dd7da95,3.02,kapi
02f40c1b-5a48-451b-8d7d-c6aad7f82533,2.10,tarama
02f43170-a0ed-4a3e-a6c8-cd58e46b74d8,3.11,tarama
0302e66e-aa59-4044-b5eb-d76752ed1929,2.75,kapi
03059787-a935-48cf-b5f4-6d997aba7ad1,3.13,tarama
030d296a-9070-42e6-ae75-a4277dffacd4,2.04,kapi
031057ed-843d-4aa8-bcff-7536bf059c93,1.11,tarama
0313b2af-3b21-4e7a-8f0b-9f847e6c1ab9,2.55,tarama
031649bd-5e02-4bb6-82db-c19c2a0dcbf6,2.74,kapi
0325ecc8-dced-4940-abe4-64dacc37c09e,2.99,tarama
03274015-30c8-4646-8e4a-7cbf2a53951a,2.81,tarama
0327666f-86fd-4dc8-a0ed-da86f00e65fa,2.10,tarama
0327b3dd-93d0-4fd6-8d22-429c845f7f39,2.80,tarama
03289b6f-e1be-44d9-a412-5d8df775af68,2.89,tarama
03313322-9db4-4b15-b68c-842e1ad4fb21,1.91,tarama
03313f6b-f6d0-49fb-b3e7-795dc179680b,2.18,tarama
0332b4a1-7384-412a-9fcd-7b6254643473,4.04,kapi
03361025-e5f3-45d4-b544-68637573f6c6,1.89,tarama
033a8df4-ba60-44e3-a28a-2380d6731887,2.20,tarama
033f843b-6d7d-40dc-b447-97d2d599ae18,3.25,tarama
0345a561-66cc-4d5b-ba16-105558f160d1,2.92,tarama
03469d5b-c44b-433f-bd04-84eb0d7a68a7,3.38,tarama
034d7961-9f40-4f90-95be-d13d519bf8fe,2.60,kapi
0355bb41-7198-471c-a68e-e4d112159a52,2.67,tarama
035a7aed-083f-4316-92c0-1b787a800c4e,1.83,tarama
035c0dc5-dbb0-4016-83e6-9212ec8f7d42,3.30,kapi
035d6222-b594-46ab-a3b2-543b6a00d3f2,2.27,tarama
035fc9f2-5592-4e61-9db6-ef0bfb634747,3.35,tarama
0363541a-d2b1-4c97-bca3-34a9c185721a,2.63,kapi
036856df-2ffd-444c-9eaf-63ccb5798045,3.11,tarama
03728bcd-eb39-42c6-93fd-fb996315aaa4,3.23,tarama
03751d50-24d6-48bd-bc8e-3e233d4a8816,2.65,tarama
037787b3-d5d3-4bf1-a2dc-6264a7238f14,2.70,tarama
037fcf7f-a43c-4849-ad2d-d48751aaf646,1.85,tarama
03879841-66ce-4aeb-a353-78044fdb897e,3.69,kapi
03885d08-e62a-41bb-851b-047c613d6ec4,1.97,tarama
039b0687-c527-4e7e-8ec5-f0f270d1e5cf,1.97,tarama
03a338b1-4927-473c-9f1d-5d47ffb96e53,2.81,tarama
03a565a0-6b12-4084-825b-96ce9f4bc950,2.14,tarama
03a8eb9f-8fb1-43fa-8f48-4004fb326abd,2.12,tarama
03a94318-c40d-4e9e-b0c7-44c9527f7321,3.61,kapi
03aa7244-dba7-4fc4-b164-183527ae519a,1.79,tarama
03adcbb4-b08c-4215-9f5b-519930a32f95,3.08,tarama
03b1ea90-e787-4711-b3ed-2ab5116c69cb,2.10,tarama
03b309d4-eef2-40e8-ab91-4516a36a8b32,2.90,tarama
03bba753-4d6d-4415-aa80-c566dc164331,3.41,kapi
03bd9d44-0f69-48f7-9491-5b0396128bb5,3.02,tarama
03c10419-3354-4fd4-96ed-50f914ecc5c4,2.18,tarama
03c22e5c-ca78-4b81-bc30-afdf51b81642,1.52,tarama
03c5f568-128a-4d9e-8623-22f3f42a4de6,1.13,tarama
03c76865-2a09-42c6-bcce-c6428e351469,2.60,tarama
03cc6087-e31b-4a93-9ec6-c4c245437ca5,3.06,tarama
03d1dc45-2e73-4d73-ab17-c9eca7873165,1.64,tarama
03d49497-044a-4a68-b9be-d12c313b1926,2.11,tarama
03d72b1a-a55a-4e98-b230-dbfa67ac3881,2.49,kapi
03e17e40-c2a0-4019-8092-65f2e4ff3496,1.30,tarama
03e3e2ef-a0ac-4cf4-af6f-11c0df94f8d1,1.90,tarama
03e53c19-20fe-4dff-8269-af50839d796c,2.82,kapi
03eb0d2f-f85f-45df-8717-30ac989f11e2,2.86,tarama
03eba149-c96a-4c2e-aa19-9665e3ef72de,2.68,tarama
03ed3326-6150-46ea-aced-635ea6cc3bd4,3.84,kapi
03eeddb9-730e-40ec-9ec5-17d0c1c13159,2.45,tarama
03ef6080-b327-43e7-a8e3-d7657acbc003,3.76,kapi
03f438d1-e7b0-49ee-9120-6ba07e0ac129,2.54,tarama
03f68f46-cc72-4866-9f5a-4a029c435742,2.31,kapi
03f92123-6956-4206-8421-ee6e7f4ad1c6,2.96,kapi
03fd172c-2442-4cb5-bf02-de1240644053,3.00,tarama
0401298b-47ba-4dd7-b37b-f8ec08d87df6,2.11,kapi
0403c5ab-ebf5-4f70-87ee-707a4484698f,3.53,kapi
040678af-88f5-4be2-9385-6eaba0913f40,2.08,tarama
040e1c71-3cda-4ae8-b717-4aa611632690,2.16,tarama
040ef93e-3b7e-445a-9f51-d95a87620474,1.70,tarama
04118c85-8427-4b4e-9b33-5d26ad9148fd,3.48,tarama
04174bc2-9d0f-4cf7-956d-53cd2e21d3b6,3.04,tarama
0419e033-4a38-4246-ac49-91fe745c4fa3,1.73,tarama
0420ca75-c41f-41a4-9ea3-a3521558e0ec,4.25,tarama
0422a2a8-622b-458b-b74e-d9f22bdf730a,1.83,tarama
04292f2e-6141-4a15-9f7a-409206c345b9,1.00,tarama
042ed2c6-0aef-4ffb-aebe-5ce5ddc8688d,3.56,tarama
043c15de-094d-45bb-a768-968ec9b805c5,1.94,tarama
043d3d20-ebea-4c64-aee6-43ddda4ce95c,2.11,tarama
044263fe-76aa-4c81-8db1-e4a1954e485e,3.50,kapi
0458c124-8202-43c4-bf58-125c395554d4,2.27,tarama
046232e7-0010-43a5-ab0a-5848b7db8cd6,2.80,tarama
0466919e-ed09-4198-b417-e5f32e4cec08,2.00,tarama
046835cd-206f-40a4-8547-0dbf2361b9e4,2.70,tarama
046b138a-1728-49fe-8538-98e95a8147d9,1.63,tarama
046fc6e3-c142-49ac-82c8-a9729f327e52,1.69,tarama
0474dad6-4bd5-4ba3-9465-e4db5923c3ad,2.16,tarama
04775870-139c-404f-864e-2810d328f2eb,2.51,tarama
048083d1-0fc6-40e0-bf68-abdbe3e3d4f9,2.67,tarama
04887ad3-283b-4681-a6a6-8a7d503f242d,2.15,tarama
0488a085-9ad1-4f16-9d78-9bca22350166,1.84,tarama
0489d423-def7-4cc8-9180-a1176603f3c5,3.71,kapi
048e74c3-b034-447d-af15-985850e4b9d4,1.82,tarama
048fd56f-e292-42e2-8a2f-c041b8215934,3.84,tarama
0492e7f6-8dbd-40d9-9d1b-ad0a6e4e12b7,2.86,kapi
04943096-495a-4dca-9101-d235e0415d21,3.26,kapi
04a3111c-581d-49a6-9e26-bdad902e8d07,3.79,tarama
04a4a123-5567-49bf-ac1f-b546605eb172,1.52,tarama
04a868bb-526c-41f6-a46a-afce061ca838,2.34,tarama
04b1946e-7129-42b8-a4d7-b91d128169f2,1.46,tarama
04b6d79a-6da1-475c-abe5-408904c86f69,2.44,tarama
04b77ded-d0ad-4ee5-9139-f6921d5d0bd8,3.10,kapi
04bc53b4-556c-4296-aa44-9e45bc65e506,2.30,tarama
04bc9682-ae2a-4be8-9209-4b828bc567d9,2.84,tarama
04c8a9fc-df7b-4b33-aa43-e668e4647b61,1.64,tarama
04d064c9-4664-46d1-ac85-9fafa0b9adf4,2.61,tarama
04dc25ec-faff-4480-a204-6649ef905d73,3.84,kapi
04e20a2e-469b-48ce-b3bb-402e0c1a130a,4.03,tarama
04e6279c-5e6e-47c4-86c3-d1c949003d57,2.78,tarama
04ed6962-3549-4124-8b88-3a127a3b5738,2.81,tarama
04ee30e1-6d8d-4637-ba73-f649d7a69442,1.65,tarama
04f9d1ec-378f-4542-9543-53e2cff2ddd8,2.21,tarama
04faae4a-4723-4f4f-b7ce-ef4144983b88,4.02,kapi
04fc2e14-8667-43d3-a339-89c0a3e12e83,3.70,tarama
04fc5ecc-6fad-4fe7-9f90-77371e532c33,2.17,tarama
04fdd05f-1525-4491-be90-ee8d878ec331,2.86,tarama
05049a1f-88e8-4613-8272-17cebb0ab75c,3.29,tarama
050a6c17-c8bc-4a83-8f9a-13088a46cb99,2.55,tarama
050f1200-f1d9-410c-af9d-ca33b5ece482,3.49,tarama
05116ea0-3af7-4a10-8ea6-9db38cb62d14,2.89,tarama
0511c160-75a5-4da3-a551-381a5958cf43,3.86,tarama
05204c2d-fd3a-4f66-b1d0-322da81cc668,3.91,kapi
0524ff7b-b7ba-4137-8ca8-49b3c392186e,1.69,tarama
052b49f7-bcb5-4465-8c98-ae6dd83c6fbc,1.48,tarama
052f6554-51d4-48aa-a497-616933814e1c,1.78,tarama
0532797c-48b3-488c-9306-5a56b0e36068,1.99,tarama
053640f6-8950-468a-a505-0cc47a53cc01,2.49,tarama
053a7fb7-080f-465e-8984-12160f2ec4d9,3.22,tarama
0540a051-c5f1-4a04-812e-81f9a6b3cdfb,2.14,tarama
054a87b8-110f-4aeb-b764-7fa4aef31f97,1.26,tarama
054b5fcd-82fc-4ceb-9744-9c9a9425910f,1.79,tarama
054fc30b-3023-43bb-85de-a1dc32d2fc03,4.03,tarama
0551cdc3-8393-41e3-822b-bfc62754c839,2.07,tarama
0551ffe3-8bef-4c0f-8d71-dd9463386903,2.03,kapi
05545294-d1ee-4ada-9280-189544194810,2.31,tarama
05586f95-dbde-4660-b69a-5973f6fbdaf6,3.24,kapi
055d1d20-bab6-47d0-a85b-96da56de97ef,3.77,tarama
055f00be-d77b-4d6f-b506-bf58a1836e00,2.21,tarama
0564fc5b-4186-40ce-a9e5-8d1237ce100e,1.96,tarama
056a156d-807f-410a-9d75-f7feed0d5a7a,2.94,tarama
056aa835-a9c6-4e54-9d3b-7de75b25c7ea,4.04,kapi
056e7094-596e-4e44-956e-8275a4067373,2.76,tarama
05719bd9-4fea-4aaa-b16f-bf255bf1a2f9,1.27,tarama
0579e08c-cd43-4f65-8f5b-f5200497e6d1,1.73,tarama
0579f884-e813-40c8-aaad-2e533db6f628,3.16,kapi
057b36f8-2d43-449f-a58e-8bad6031ca1d,2.04,tarama
05884f71-4737-4003-b79b-921815ad77ed,2.75,tarama
058b2eec-8786-4249-b3b7-15a5c6c291f5,2.35,kapi
0596f062-6311-41d4-9a7e-ab1a239ee7f8,1.86,tarama
05977207-7dd9-4fd5-9518-ac003bcddcc7,1.96,tarama
0597ad85-7de6-4306-a8b2-7a5e7b80c258,2.81,kapi
0598e7fb-0c4d-4aac-8880-e3d34fe963fb,1.88,tarama
059e9363-2aee-4de3-a24d-65be100bb3c4,3.21,kapi
05a42af2-0155-4ced-802d-11ba487dae83,3.10,tarama
05a49262-66bf-4d20-9188-15b0e5975267,1.60,tarama
05ac7c13-edb1-4186-a8ee-19b6348d776c,1.96,tarama
05b3e4eb-6ece-4e84-9efb-8a3240623834,1.30,tarama
05b6fdab-850b-4c46-b47a-5950a149bdb4,3.57,tarama
05b7cadd-3d72-43a6-bb8a-6010824f6a98,1.88,tarama
05b899d3-8120-4c67-a228-8bcdd404d129,3.93,tarama
05b8b920-b38b-49a7-9ca6-520a685f5a8f,3.55,kapi
05bb51b8-3879-49cb-b752-07525a9815ce,1.87,tarama
05c0fc39-108a-4f70-9d27-a52ff5790ef0,2.88,tarama
05ce2d35-95f2-46de-97fc-9bb78c2522a3,1.53,tarama
05d350fd-0554-4324-b650-6ff8035966a3,1.48,tarama
05dc5f66-641e-45f8-b7fe-b1f00303cd4d,2.64,tarama
05e0a475-34f8-4db0-a806-d27f21190cc1,1.94,tarama
05f1c21d-5b7d-4d75-b2dc-40846813da5c,3.22,kapi
05f24fb9-7ceb-4411-a4db-a3d406b7ac71,2.78,kapi
05f42e75-7f7b-467b-b054-1fc7f05b15b3,3.39,tarama
05f8db14-35de-4ee6-8c94-01ad0d438ae1,2.52,tarama
05faac29-9553-4674-bd07-533e9a6c0840,3.84,kapi
06030adb-83af-4769-8a4a-1bd717f50bac,1.17,tarama
0604cdbf-127d-4172-a431-6c0d2ca12d30,3.69,tarama
0609cde6-f84b-44aa-bb5f-6b6c1ea18e35,2.54,tarama
0611966c-6106-452f-921a-f2e9a2853dca,2.93,tarama
0616842b-93f9-4666-922c-a17336799db9,3.11,kapi
062b02eb-8622-40c3-bf5c-762b8d31a780,3.29,tarama
062e0e75-b455-4be4-a497-5ce4558e8398,2.00,tarama
063a7012-6d95-4a1a-ab6c-90f3dea8cfda,2.21,tarama
063be1e3-9fa6-46ca-b67c-9a7ef4eb8bc6,2.58,tarama
06412e47-c91a-4094-a277-8e1a98d0eb7e,2.76,kapi
0643ce86-0ce1-489c-99c2-c359087ab17f,3.61,kapi
0647aaeb-6428-4f6d-a2eb-8fa3185873a3,2.02,tarama
064b83dc-c49f-4dcd-b135-49ecd1c89798,2.90,kapi
0650cfa3-50d9-4f98-a2b4-76a39a631e81,1.91,tarama
06567b88-1fa7-4efa-84fa-1fadb6b47da7,2.86,tarama
0664cabe-55bc-4b5d-b125-3dc483c3c6fb,3.14,tarama
06676da4-1f61-42e8-bb17-eb8aba1c35f5,2.13,tarama
06689ea3-22be-4f1e-a147-3f4fae25bec2,2.30,tarama
066b9aa0-0b82-48c5-87a4-6d1087c42393,2.19,tarama
067bddfa-9e1c-4cc9-9aad-0b0785f3e52d,3.14,tarama
067c2789-903f-43af-a557-d78058274d46,1.30,tarama
06822b70-cd2b-4b8c-aaa9-2073d2f1b01f,4.07,tarama
0682817a-16d2-468d-9e1c-0a1d48b74a96,1.14,tarama
0683b576-0355-44f3-8ed0-368e70fb8d3d,3.63,tarama
0684b1db-6738-496e-bd8f-59b4d116b37c,3.36,tarama
0686b1ab-3f31-4f9c-94f2-fe23fb03471d,1.90,tarama
068de8d4-581d-4b32-aa4b-1728d54efd96,1.06,tarama
069ce708-87ba-4ece-a621-f75f73334878,3.72,tarama
069f68c1-22b6-4715-b207-9ae17dbb6bdd,2.86,tarama
06a589ca-dacf-4200-92e3-18015337151b,2.04,tarama
06a64086-5099-4a4b-9a28-6eabf23c19f3,2.47,kapi
06ab01d2-f9bd-406c-a58d-935fbcdac26e,1.95,tarama
06ab03f8-bd3b-45ab-bfd8-67072bdce138,2.67,tarama
06abf62e-40ca-4cae-a1d7-8ec2b671f283,2.08,tarama
06aca1d5-6363-40c0-963f-cd70c88885e7,2.09,tarama
06b982f9-761d-48fa-93c1-2899fd63be20,3.11,tarama
06baa54d-f07c-44cb-abf6-bd2241b8af13,2.69,kapi
06bea032-5dfd-472d-a64b-1b4c90473766,2.28,tarama
06c04b20-e917-4ec8-8e73-595ce1af813d,3.79,kapi
06c45a81-1d11-4540-a168-16f6fe66007a,2.44,kapi
06c63ef0-2eb3-4f8c-bc69-2e23f47b5fa5,1.79,tarama
06c81ee8-ac36-46b1-b284-7c2ba4349a73,1.01,tarama
06d2d84e-9314-4666-b731-873d237b7293,1.94,tarama
06db6483-81a3-401f-a0cc-b34060e89c07,3.70,tarama
06dc1aa0-9b47-445c-b410-63f5f7a3e809,2.63,tarama
06df3874-3a89-42a2-9e47-55c318966fcb,2.41,tarama
06e54827-3198-4b85-a8a7-2685f6c855e2,1.59,tarama
06e9737d-6b43-4ce3-b24e-ac59072e0321,3.07,kapi
06f1bfc3-dc9f-48ed-aae7-7b800e4b5600,2.05,tarama
06f675ba-c683-4f85-8fc3-403a50b234e8,2.24,tarama
06f675e9-91e1-416a-be92-20d037d794cd,3.16,tarama
06f9d734-dfed-4317-9af0-0da1e87db8f1,2.04,tarama
06fb7c94-0072-4d50-bd02-bf6c68aa706f,2.11,tarama
06fcca7e-38ba-45f4-829b-dc0750d3cd3f,1.99,tarama
06fe2889-061f-4570-95cd-a90207668b27,3.58,kapi
07048411-0446-4d3f-8f99-98609c6e90a0,3.69,tarama
070f7c44-b31c-42af-8199-cf5e487d5503,1.54,tarama
0716dc37-fbc6-40aa-8761-2a90ef43ed1c,2.69,kapi
0720516d-4ef2-4405-b28e-46068c1be8b9,3.93,kapi
0720fd75-9537-47b6-9d0b-458dbbdd4ff9,1.63,tarama
07238bea-bd48-4c72-88a6-4d812dbd54e2,2.75,tarama
0724a069-fa40-4b06-a202-8295065daf3b,2.01,tarama
072bdb5b-4bb0-45d8-8bd5-883d3f6a7587,3.65,kapi
072e7f78-0525-444d-bb66-5672c21243b2,1.97,tarama
072f2927-e6aa-41ec-9a31-79eb2c52d790,3.16,kapi
0736aaeb-92b4-4557-91b6-ef92b3c417f5,2.12,tarama
0737329e-1ad9-4e36-a270-2d43cd6a554d,1.67,tarama
073855cb-0849-46e4-96af-c1f9919d3940,2.63,tarama
073dd2e8-aef1-47bd-a9de-1e08741be8c5,2.14,tarama
073ea4b9-238f-4711-9f7a-4dd27fc7a90c,3.12,kapi
0744fd67-e660-4236-b818-0d0dfdb58afd,1.64,tarama
0746cdb8-f7ba-4e72-86fd-8fbb01bc31e7,2.97,tarama
074b78a3-da31-4c73-98db-2d5525b263ed,2.82,kapi
0759064e-3072-4816-ae22-ab18be510639,2.63,tarama
075a28cf-18db-4d8d-8590-05dfce7cbf74,2.33,tarama
076328d0-36a3-4198-b5a9-e157232ef7cd,3.58,tarama
0769c9ab-3688-473f-bc0d-1da0fe7d9efd,2.87,tarama
0772573f-763f-4add-9fa7-68f22b61b660,2.59,kapi
077a1fdb-f6ac-4140-a9e0-684257856b9b,1.40,tarama
077bfa0b-93be-4435-a1e0-7bb1991c2c31,2.59,kapi
07817947-4eb5-45ba-96c4-2391efd846d6,3.54,tarama
078e18ce-9dcc-4417-9e86-49c19ae4ec62,2.19,tarama
07a0d6dd-a8b6-4c07-941f-3119312a3ab3,2.44,tarama
07a52aa9-3aea-4077-a953-cab3b84846cd,1.56,tarama
07a6d06d-76d5-4a7f-8cc6-03c02df3f226,2.18,tarama
07b636b7-bd57-47c6-8282-714240263fea,1.39,tarama
07ba684e-6e93-4fba-bfe2-11fe3c4dc73d,3.67,tarama
07bc0aea-2a94-4a66-b43a-5d005ce6f047,1.88,tarama
07bc4f79-7614-480a-a011-d46204210a9b,3.29,kapi
07bcc817-581d-4756-a4a5-9ae4d7137ea4,2.26,tarama
07c0dc87-ba5a-404b-a3e3-1e34ea47a871,2.50,tarama
07c54990-827d-414b-ad32-b5a920d256de,2.02,tarama
07d33c69-1ec5-4366-b7b6-a3632689ee77,1.49,tarama
07d745f9-393b-4171-9f1f-abd0f0db8e23,3.04,tarama
07d7d08e-d0f0-45fb-9f33-1befb80f35aa,3.74,tarama
07d9d933-c89b-43d4-81b1-d31aab1bb361,1.91,tarama
07da202c-e805-4359-9e96-a3c588ab7916,2.25,tarama
07dbd3b9-e201-4928-a82b-83686e64f8ce,2.30,tarama
07dcf573-65dd-49a1-a088-deda9f4c7762,2.03,tarama
07dfae20-8a90-4145-8023-2dafc28dd83b,2.92,tarama
07e02e22-8516-469b-99e3-f93cd6a2baba,2.83,tarama
07ef6ff0-d7b3-4405-a3f2-f2cafa160133,1.51,tarama
07f4d925-a30c-4fe0-8434-9d95f17b8998,2.09,tarama
07f7cec5-2e5d-4d0e-9656-8ddc04966fb3,3.46,tarama
07f942ef-7fd5-4a41-b4a7-ae96f2462cdd,2.17,tarama
07fc8638-f154-4b96-945d-ae85f5f8808e,2.57,tarama
07fda130-66b0-4705-bfd1-2fff98d0976e,2.61,tarama
0803b55a-8fa8-4719-92d6-ea068f42ab93,1.95,tarama
0803c48b-b2f2-4f6b-b658-5c0068880ce1,3.73,kapi
0803ee92-5a32-401b-86aa-ab007cf9020e,2.99,kapi
0810ba9b-9fe5-44fb-bd91-17fb4d49dff0,3.14,tarama
08169c01-5f30-41d2-bfe1-0e39c0ed062d,2.14,tarama
0819f7c4-df4c-415b-a70c-88a43097025f,2.73,tarama
0820cc8c-865f-4c7a-ada4-b136b7934687,2.21,tarama
0821928c-a5a3-4860-969e-306dfcaa0951,3.22,tarama
08227493-7375-4048-9c25-b884657f2a6d,2.00,kapi
08339793-cd0e-4b8a-93c5-b8f85b06023a,2.61,kapi
0833d4b2-1ad1-460a-8489-87101f1f4091,3.59,tarama
083671d7-b934-4918-b5ea-a789ea1ae21b,2.85,tarama
08382121-f24e-4529-b26e-bf1269542edc,2.18,tarama
083bd4eb-a2be-418f-bb0d-a080cda101ff,1.39,tarama
08421ab9-d93b-407f-81c5-71559c73edcb,1.96,tarama
08450f3d-a34a-45ce-ac04-8b7c5b49b1a9,3.54,tarama
084d67f7-631d-49c0-8033-639a0edfc49f,2.50,tarama
08509ad8-c1b2-4007-980d-c095ce058e07,1.25,tarama
0853255f-a336-481b-aa4e-04290adc8d7c,3.88,kapi
08577820-f2a8-479f-b4a8-0b1520476280,2.71,kapi
085be58c-bde2-4596-9907-345135fa79b7,3.52,tarama
0867bbe7-9209-4202-8f62-6cdea0ef9cb6,3.36,tarama
086e39a7-be40-4f4b-97f4-3e64e22e8a50,1.54,tarama
0871e77e-a0c4-42ba-ae70-fa03e713144e,4.11,kapi
08780170-14b7-4881-923e-be76bb90b942,2.75,tarama
087843e4-58bb-4deb-b16d-b887d99bbf84,1.58,tarama
087eaaa4-df37-4ffa-ac0d-057df8f25820,1.77,tarama
0881657c-50d1-4010-a8ef-4b34a9ff56bc,3.20,kapi
08839563-a2b5-4d30-a928-3943b5e446be,2.82,tarama
089850a6-8e93-40bd-9907-29033f014471,1.88,tarama
089be8ad-ba14-4a9b-a765-bd8c87c5068c,1.00,tarama
08a27930-3b21-41c7-9e14-874625a0fe15,3.22,tarama
08a70e98-b7d9-4a2e-a7d5-1c956506fb8b,2.13,tarama
08ad268b-9d38-4e1d-9406-ec19e5edd5c7,1.97,tarama
08b39d1e-cb2b-43be-9049-5cfb9e6a32d7,2.21,tarama
08b7944a-b9dc-4218-8dd4-08b32d25a5de,2.27,tarama
08cda1c8-217b-4955-a787-86188f4a8dcd,2.98,tarama
08d03831-3ec3-4539-8c55-5add70caba13,1.33,tarama
08d0779a-62f8-4470-80d2-9c03c98449cd,1.66,tarama
08d1f7a6-a3ac-41a1-8897-f321b3b22905,2.96,tarama
08d54b04-1a9b-4719-afe7-ce970ce92521,2.71,tarama
08dcb6a4-b314-4eed-b85b-b384be2917c1,4.06,kapi
08e7c35a-5beb-45d6-b51e-c7a34c40c0dd,3.12,kapi
08e7fbef-f069-43c4-b05e-237f36ef8e7c,3.31,tarama
08ef2f18-f73f-4b91-87c6-bc11f214ae49,2.58,tarama
08f777ac-7b24-400b-ab24-59bfdb0c9765,1.40,tarama
0905f8b0-78f1-46cc-95f2-9a54e1f56ce9,1.02,tarama
090757e7-4e72-414c-bcc6-d3c4f05e0e55,3.04,tarama
09095ccb-7813-4b86-aecd-031d2b2acb7b,2.51,tarama
090b1e74-7f48-40b5-80f7-9d5f44f13b02,3.41,tarama
090cf652-d0a0-4b7c-bd15-74d07ae70942,2.39,tarama
0916c457-500b-46e7-b3ad-eadac4c6562a,2.25,tarama
09189638-244e-4f21-89d7-172501fa0cec,3.29,tarama
091ae603-f917-45de-a3c7-dac444b2aa1d,2.47,tarama
092bd8f2-d747-4bf2-92b2-463fdc5fcb03,1.90,tarama
0931bfab-935c-47ef-bbec-eb2f3c355a04,1.67,tarama
0934aa73-77ee-442e-8543-0cdc8019c2a6,2.54,tarama
0935a1aa-efe3-4fd7-acd4-68df42b6a281,3.42,kapi
093af3f3-f38b-4816-97a0-ecbc3037cba3,3.75,kapi
093db2cd-e39d-493d-8a6d-a3ac50b8d627,2.63,tarama
0940b25f-70cc-4c5f-a8f9-fa9ca3eddd8a,3.17,tarama
09487622-39e2-4643-881b-691d0d69a19b,3.32,kapi
0949c184-a576-4da1-b26c-0ff91546bf45,2.92,tarama
094b692a-fab7-4654-9468-787044f6d1c6,2.00,tarama
094eb33a-b7c1-46c8-bd10-4095abd59239,3.59,kapi
094f5133-adee-4429-b53e-647f7af6c39d,1.61,tarama
0951944b-ac0c-4510-915f-3c80b4c060d8,1.61,tarama
095351d1-0bf3-4a02-ba22-237ae5ab86e6,2.63,tarama
095971fd-394e-475e-80f5-ccc59c89a4cf,1.93,tarama
09663c5e-8eb4-4010-8a88-f42feb98011f,2.14,tarama
096fe497-88b0-408e-8aeb-e1ebd85eec90,3.31,kapi
09704904-8bd5-4355-a165-a63998664914,2.18,tarama
0970d182-226f-4b33-9843-536b3ed6bec4,3.09,tarama
09857860-4b8f-48c3-822d-a5ff70137df5,1.43,tarama
0985807c-e739-4288-8a44-63025cddebf6,1.04,tarama
098d6b0e-5829-4de8-937a-084cd0fb6566,2.66,kapi
098db263-30a9-4629-ad8b-8d83ba9f3a27,3.03,tarama
099bd113-1df8-4470-9898-2c5e82d3ca17,3.41,kapi
099e452f-f04d-4666-a788-f2a300841a88,1.51,tarama
099f4e81-8911-4977-aae3-3ac6f65a932a,1.98,tarama
09a012d2-f4c8-40d5-b9b5-7d0063f437e2,2.69,tarama
09a5f5ef-5829-4e00-8bec-05f714fee90c,2.15,tarama
09a74539-b957-41cf-b8ab-58bdd749b0ec,2.10,tarama
09ab5bf3-445a-48f6-9907-6ace4d1b1f89,3.42,tarama
09b0a77e-ee1d-4d2f-a5c0-151733eb10af,3.70,kapi
09bad7b0-5e00-4bfd-98eb-512f04ea7779,3.46,kapi
09bc7c66-3e42-4ace-94f2-02fce576d4b9,1.99,tarama
09c0c7e5-4a58-4a0d-b8c5-82a83f797fc1,2.31,tarama
09c224b5-7770-429b-9696-208de8d9caca,3.30,tarama
09c3af7d-5395-4734-a2fd-9d2d8dd54778,3.13,tarama
09c4415f-1f85-463b-b0e5-d20e3cd40d3a,2.86,kapi
09cf6554-f4ff-4f50-b1da-9154541064c8,3.12,tarama
09d23257-0b82-4685-96a7-a6db8669ecea,2.72,tarama
09d5363c-84f3-4095-a031-f456d165bd13,3.28,tarama
09dd072b-f1d1-4eb2-a2ee-d36b457702a5,2.26,tarama
09df7b99-bc53-476e-b9b9-d0e46038b018,2.17,tarama
09e0406b-ca8a-437b-a06c-f8d4cddc89f9,1.45,tarama
09ed7337-f875-4be6-a5a2-129b7d2bc4f7,2.19,tarama
09f6db66-8788-4452-b05a-35428ee201eb,2.17,tarama
09f99c91-176b-4c3f-8d21-8728e07bd4d2,2.33,tarama
0a0ab7b3-5e35-4438-8807-21e797210b83,3.07,kapi
0a11ba79-a766-4d4d-a50d-5ae68b281db1,3.16,kapi
0a14b52d-e24b-4517-a406-92ac25c9c81e,1.37,tarama
0a170cbb-7eac-4fb5-bc45-b18f8b44ebe5,3.22,tarama
0a19740e-444a-4df2-aba1-53471c48b8eb,1.75,tarama
0a1b0e76-564b-411c-98f1-eaaf7d6223f5,2.15,tarama
0a2095c7-1186-41eb-b369-6ea650b71d8b,3.37,tarama
0a21f6f8-489a-43f1-8735-e174a7b7d597,2.00,tarama
0a2cd794-11e0-4015-bca6-eb9fc806e8ae,2.53,kapi
0a2e3156-38ed-4104-869b-0220e805da34,2.51,tarama
0a312e65-c92a-422a-b54a-7647de7b2986,3.18,tarama
0a321da4-025d-4af7-884f-43eaa5c4bb6f,2.01,tarama
0a3999f7-ac70-4601-9c3c-45780979e4d0,1.43,tarama
0a3e428d-f383-43af-b3ee-6deaf3b63bb7,1.72,tarama
0a4401e0-f7c0-4c02-a67a-61bf89a17401,3.44,kapi
0a46d4aa-37a1-4752-af2f-1c95796ad80e,1.84,tarama
0a4fb0ef-d5f9-44a6-9bb9-4f46cb23948b,3.08,tarama
0a533414-1d49-44ba-878f-1bafe4b5aa69,1.68,tarama
0a564c73-53b8-45ca-a175-927b5af03608,3.93,tarama
0a5c0991-1402-435f-824b-636214074f29,2.04,tarama
0a5ca6e9-6c5f-4245-bc12-2f3491a64edf,2.04,tarama
0a5e9518-8cfd-4d10-b03d-8bdc78646544,2.46,tarama
0a6192f5-1e47-4fbd-a980-68ae68c4e58d,1.07,tarama
0a682de3-aab2-478c-b94b-47c30515d01a,3.97,tarama
0a6866ca-4413-46eb-9dbb-e486a258e75a,2.84,kapi
0a695826-815d-42db-ae26-66936c2e1036,1.61,tarama
0a6a5df7-e60b-4e43-b782-eb2ac0033286,3.65,kapi
0a6c7deb-c1d2-42fc-bcbd-11ee5e2955cd,2.26,tarama
0a714bd0-3b18-437a-9182-8cdeee15c820,2.12,tarama
0a739a91-9ad4-438e-add6-c9f3b753eb4a,1.82,tarama
0a77bfa3-01f2-442a-a9f3-feec48dba7f9,3.63,kapi
0a7b2531-73cc-4990-8dc6-350e4b5b2ea5,1.92,tarama
0a7b2a83-4df6-464b-b83b-7876d4f2406a,1.70,tarama
0a81a795-a795-4f1d-932f-ac734372bd7c,3.47,tarama
0a82d163-fcf7-4a30-911a-42f7e21767aa,2.88,tarama
0a82d4db-8451-4df2-92f1-77fe9488765d,1.26,tarama
0a86e9e4-8d55-4212-8531-000fce1c830a,2.58,tarama
0a88e0fc-208e-4af0-8386-d9c873bde529,2.05,tarama
0a8a0a42-a595-4ea6-9e15-36c76069cdab,2.44,tarama
0a8fd605-ab5a-432b-8dc9-cf91141b3da3,1.91,tarama
0a931fef-023b-4c69-9cd6-9545e3d3017e,2.16,tarama
0a969de3-f066-45ed-8a70-6acb5845fb9f,2.75,tarama
0aaa2c5e-df8e-468c-964a-8399653a1af1,2.30,tarama
0ab10bfa-47be-4ab6-8e41-b66fe9c411bd,1.28,tarama
0abbdd9c-7ad5-48ce-af8b-b59d46f3fefe,1.15,kapi
0abd07b9-5138-40e2-b475-9da47c198587,1.83,tarama
0abd796e-333b-4087-b4e9-0ae61d176b3c,2.30,tarama
0ac32910-cd2a-45eb-b844-30a64a5f66a7,4.00,kapi
0ac6d008-1386-48e6-8282-0f5a35301168,2.16,tarama
0ac860f5-0a83-448d-aeea-c18f8746aa8d,1.87,tarama
0acb5be0-7160-48c5-9681-55226e60cbaa,3.20,tarama
0acb8edf-1cf8-44e6-96ca-cd3f6ed2f70f,2.08,tarama
0acbe348-f384-4e49-af92-c6afdb943997,3.36,tarama
0ace0337-6d46-4c98-b9bd-cf9c65a7b6f9,2.44,tarama
0ad108f7-ab5e-4a84-80ad-c20890caf6e6,2.76,tarama
0ad35612-f608-4f84-a241-9710732d027f,2.19,kapi
0ad78ad5-4765-4335-9ba6-36dfff17f4d5,3.39,kapi
0ad8fcc2-760d-4b1f-b033-8620539da576,1.76,tarama
0ad9cf1c-7896-45b7-83f6-ee9072ce8c8c,3.53,tarama
0adafda0-96e8-47a7-8571-ef33443fdcd1,2.44,tarama
0adf570d-06a9-4e87-806a-e333cff71276,1.42,tarama
0ae03ee4-e36a-4f88-8f60-e4734b44f39d,1.90,tarama
0ae4e607-26dd-49f2-bddc-2cf0512bc645,3.17,tarama
0aea41fb-8b9e-49c1-a207-6142d1e794b3,2.73,tarama
0af2261b-9a34-4ba7-a110-baeae9c04bc1,3.71,kapi
0b00fe95-996f-49a8-b1c1-d7483cacc3a9,2.91,kapi
0b051f0e-8dc1-4465-b983-917be68c9725,2.58,kapi
0b052a8e-eb20-439d-b40b-21a19744028c,1.68,tarama
0b124766-a5e7-40a3-b39b-48f2c2618444,3.01,tarama
0b19c7ee-fa7c-4950-8d81-f6ece880bd07,1.77,tarama
0b1e5bc6-01fc-4083-bf59-0ec1db2f7d4a,3.87,tarama
0b2160a3-60cc-44e5-84cc-6ef4f7bc5767,2.70,tarama
0b2ca2cb-4121-4952-94fb-d371a2b7b38c,3.55,kapi
0b2dc6ef-5f81-4d28-ae87-6d9508db5365,1.32,tarama
0b328db7-ca1e-46b2-96a9-0926fc9289fc,4.02,tarama
0b3e64d5-5306-48a8-80a3-58ab79d0d289,3.05,kapi
0b454678-4d03-4975-b109-5ecc07710953,1.91,tarama
0b50a9d1-c9cc-439f-8450-c355f2f812fb,1.77,tarama
0b53952f-3806-424e-9000-ebff00e49f13,2.85,tarama
0b58ffc7-a5fc-471b-a5fe-5404066e6794,2.12,tarama
0b599805-619b-405d-b076-9416c883c636,3.08,tarama
0b5b73f2-de44-4825-a38e-1a36614cef5f,2.43,tarama
0b609182-a998-488e-8c01-a4d5ff1bd177,1.51,tarama
0b633087-bb45-46a3-81ec-452c6bf1113b,1.57,tarama
0b6c418c-be9f-4a4e-b687-ade08d39ffae,3.17,tarama
0b719425-751c-4ae9-ad35-4f19878144ef,1.99,tarama
0b74953e-82ef-43cb-b1f9-2252a3667355,2.38,tarama
0b8439cd-a6b6-43f3-a320-5574cbddc042,2.21,tarama
0b84ba3a-9137-4e4d-ae29-07123e13e8c3,3.49,tarama
0b8579b4-566d-4d73-abdf-14acf03ff0e7,1.76,tarama
0b87f8f6-f0ea-4aaa-b99f-1e3565d4268e,3.03,kapi
0b8ad59b-83b0-4f5f-9f43-e022ae955657,2.47,tarama
0b91d928-b6d0-4acd-9ecb-1f9cb04fce43,2.01,tarama
0ba7719f-d597-4670-9b0d-37301df4fb37,1.96,tarama
0bb80998-0e4a-4fc1-8dd9-8ff2fc3650cd,1.63,tarama
0bba81cb-2e30-4dd2-ba20-a76fa847ffc9,2.28,tarama
0bc25557-af6b-426b-a099-86d4c0dc7377,2.35,tarama
0bc5830f-5dcb-439a-93d8-85db6f96cb51,1.74,tarama
0bc96d54-bd1d-42f6-b8c0-46bd3ef1d78a,3.08,kapi
0bcc81ec-69db-4537-b61e-e8a40f3236e2,1.98,tarama
0bcc934b-a087-4c72-be03-fc6ef30617a1,2.14,tarama
0bd15079-1085-42ee-9b7b-898a3ce26a73,3.55,kapi
0bda8a4a-8304-46ac-a27a-124fe6cdfd7f,2.67,tarama
0bdaf2ab-ea3d-4599-bdef-4c80ff82f67c,3.54,tarama
0be72282-d86a-4dd4-9020-6636a4a24b22,2.32,tarama
0beee80b-0ac6-4865-bedf-da89c38bf755,2.87,tarama
0bf59db5-421b-4821-b59c-777061c19453,1.97,tarama
0bf7a0ba-e9ef-4405-8d4c-dfae3bcbf4f6,2.08,tarama
0bfac540-2539-4262-b7fa-cba8b59ba42e,3.15,tarama
0bfc0c64-e5c3-4317-98d0-467659e04f9f,2.59,kapi
0c03ac41-e980-4231-9557-0e1b2e8aeb96,1.71,tarama
0c0476e7-f0a6-48cc-bc11-a8d9228e1ebf,1.93,tarama
0c0a07a7-5cbd-46fa-bcc0-809edeb36a66,2.01,tarama
0c11330b-fee2-4639-a403-6289a1f51dbb,2.02,tarama
0c14cd82-7cb1-430c-8364-00541a6c192c,1.92,tarama
0c183219-cd93-4569-ae73-e496855c9b7b,2.53,tarama
0c19da9a-00dc-4865-9e65-c0cabfe867d9,1.98,tarama
0c1e5459-9a8a-451c-bc14-b8731fbcb63c,1.46,tarama
0c1f112a-21f0-458a-9145-d5e8301f1ba3,1.55,tarama
0c2694ad-9934-4c7e-b2f7-6a516caa9afd,2.45,tarama
0c26afe8-71a2-46e0-b805-e235c85d442e,2.09,tarama
0c27b17b-94c5-49d6-af24-00fe33b1c004,1.10,tarama
0c2b6ecf-b489-4af0-8e26-3f6383fd996c,2.86,tarama
0c2e79af-0f96-44cf-9695-95fff3aff949,3.32,tarama
0c32bc94-552d-4bfe-b8c7-b53edbeb9e1c,2.01,tarama
0c360825-7f89-4537-94a1-2eb7e91851c4,2.59,tarama
0c3738be-e031-4bee-8ea8-9829cfca78b3,2.03,kapi
0c39ecb2-3265-4e0a-b476-a5be2439acf9,3.05,tarama
0c3a04b1-7bfd-4dfb-bb23-c57fd5711514,2.46,tarama
0c4099c4-db9a-402d-8394-99d6e9ce61c6,2.02,tarama
0c437230-5bfb-45a4-9f5b-7ebeaea5cde0,1.76,tarama
0c43f90e-3bf7-493a-88ed-cd5172692c94,3.03,tarama
0c4c0dfd-6e60-4e76-8a3a-02aa910a49d6,2.37,kapi
0c5691c5-2615-48b6-bbe0-764b5f4b24cc,3.78,tarama
0c65cbdc-5362-4c38-91ef-f88bb4826ef8,1.96,tarama
0c66839b-d21e-48ee-8051-9c4244c93ce2,3.12,kapi
0c677b50-56c4-42b8-9fb5-8ecc2de6fbe1,3.90,tarama
0c7a1a8c-20fd-43e5-be52-8c018abab63e,2.10,tarama
0c81cf3f-5cd5-4a76-ad3a-3d5fccb357ca,3.50,kapi
0c846063-9155-4e80-bd04-a1337e9cad7c,2.15,tarama
0c913830-4d0c-47ef-b00a-a39710a0cce9,4.00,kapi
0c9af480-7179-4be7-9812-7ff32470a765,3.41,kapi
0ca305d2-3168-478b-95e7-f8db1aba16b6,3.49,kapi
0ca44126-b77f-443b-934b-3516c56c6d22,3.21,tarama
0cb0c460-5b26-4203-b3b1-b6269af18345,3.65,tarama
0cb1923c-db3d-43fe-b546-333e90b7e5fc,2.88,tarama
0cb94a7b-f96c-4d24-b8a3-268a687ff2a4,3.23,tarama
0cbad517-4e78-4619-a41c-002501541d06,2.14,tarama
0cbed797-8e84-45d8-8f4a-fc1e6be5c791,2.70,kapi
0cc25d76-a03a-42a5-b04b-002334d522cd,3.51,kapi
0ccdb7c9-9876-4205-81f8-9657f3236a24,3.13,kapi
0cce7f35-a95b-4bd7-9b7f-f9f740bfcc1f,2.39,tarama
0ccfe034-f0d6-4c4c-a286-c98559ccd28d,3.04,kapi
0cd40b2f-1376-4152-8aaa-262ccbce5bae,2.06,tarama
0cd4f110-d06a-4a01-81f9-2093d39fb999,2.68,tarama
0cd8c2f1-ed16-4781-94b7-b34e0a3e6680,3.38,tarama
0cdd7cb6-e937-4543-b8d2-08053e785b7d,2.53,kapi
0ce019cd-c62d-43bf-8570-79e71b4efa77,3.68,tarama
0ce3e2d7-a82c-421a-ae25-9d5f90a0ccf1,3.96,kapi
0ce9ca8b-648f-4c7d-867a-fc28540c71e8,3.28,tarama
0ceaa592-d3b2-44d0-ada1-b8442339f690,1.75,tarama
0cf12dff-190b-44b7-a782-35f25cc19438,3.55,tarama
0cf44929-84ce-43f9-9808-e9837af04509,1.05,tarama
0cf75ca0-0761-4429-889f-7ebf5c8526d9,1.69,tarama
0cfc3c3c-61a9-43af-bc00-b0cccff0166f,1.70,tarama
0d063aec-dbc9-4e74-98be-d2dd69ccc05c,1.87,tarama
0d0a2f37-3860-4902-9903-818987ebd3e1,2.06,tarama
0d0bb7ca-494a-49a7-8337-edee0c14959f,3.05,tarama
0d0bcc1f-2937-47f0-8723-80ca12fd015b,2.63,kapi
0d0ca815-8cd3-47e9-94ea-a4543de1a1b3,1.02,tarama
0d0e3fe9-b5f2-403d-9e9b-2914fce417ab,1.93,tarama
0d0e859d-2f1e-43ef-a7aa-efd9dbb153c3,2.21,tarama
0d12afdc-53c0-441b-b2b1-990d792af129,3.03,tarama
0d1b9731-3597-48de-8848-5961576be3fc,1.34,tarama
0d203945-a25f-4ac6-9deb-2ed246109cbe,2.26,tarama
0d30ca7f-dff1-4049-9756-d3b3ce40b99a,2.62,tarama
0d3ca9d6-60d0-4a56-aeea-bf11bd2bfa9f,3.50,tarama
0d3caa0d-e948-4ed6-919b-aca0e8b6648b,2.87,kapi
0d4cf7dc-b87f-48ee-b82a-e1ab7e8a9d03,2.93,tarama
0d552775-2ee1-4415-9180-eb31ebe998bc,3.48,kapi
0d5567b2-1ca2-470d-be26-4fe1f375f98a,3.78,kapi
0d592671-5f9a-44f8-9f24-ae19c4b0e07b,2.44,tarama
0d596711-117c-4741-8021-7803aa0379a0,1.54,tarama
0d5e4f83-444d-4e70-a03b-6b9db87dbbca,3.88,tarama
0d5fa6e2-9862-41b2-ac0e-c079a7f6d908,2.48,tarama
0d66cdc0-8b82-4137-b67d-4e8036d1a071,3.66,kapi
0d6f98c8-d9d6-4b6a-a45d-7fdba3601af6,3.42,kapi
0d702b46-9951-4821-ac82-999a765ed59e,3.24,tarama
0d7092df-f7a2-48a8-b31e-684591f38291,3.01,kapi
0d7c3c67-3807-4b9a-a13b-bdb90bf51746,4.04,tarama
0d7e57a9-21dc-4868-a529-41e4b5260088,2.74,tarama
0d87fb38-7de7-41b6-b388-a7b7bb82e7a9,3.44,kapi
0d8c9938-b40c-4379-8177-902f90c15ac6,3.97,tarama
0d92dcb5-c08f-41c9-b61e-8d329f55c464,3.94,tarama
0d977fa1-211a-4dc5-9385-76b58ddd56f3,2.89,tarama
0d988709-b1d2-4955-af0c-7f78fdc860f5,3.50,kapi
0d9c21d4-5737-44f4-9f1f-54a9371fbc6d,1.90,tarama
0d9cda0e-904d-4858-aaef-4e4224b415b2,2.48,tarama
0da420da-e80e-46aa-8d1a-a9b921594400,1.85,tarama
0dab4226-d8fc-4714-9998-c19bb399ca83,2.24,tarama
0db3f070-2981-432d-a96d-17b6e644b161,2.10,tarama
0db6ad3d-1d1c-4f30-ac1f-4514fd5f66ee,3.12,kapi
0db76a59-df58-457c-8d5e-be2dd86e35ab,1.48,tarama
0db8a573-4b46-4ec3-b8d8-2d05b4a653ef,2.72,kapi
0dbabd69-a55e-42a6-af44-5be182636825,3.38,kapi
0dbaf040-bfa1-4aea-8239-966951c7452d,1.86,tarama
0dbd1339-99a2-4635-882a-506f3b161e14,2.29,tarama
0dbdb774-a1b3-41a9-ace8-cb4102e9bc60,2.86,kapi
0dc3738e-d4b7-402a-863d-56cf5c2a9b4e,3.36,kapi
0dc9ea5d-8891-4faf-963f-b21b96c87940,3.24,tarama
0dd1b301-a679-4f87-a43a-64681daf9fae,4.01,tarama
0ddd98e7-8049-466e-bb8c-82a149ae729a,3.18,kapi
0de3ef48-1887-49fd-bbe5-5da4421ae0e4,3.83,kapi
0df1d1e5-4c64-484a-8947-936d0e32e039,2.45,kapi
0df8a5af-9375-4540-a97c-46f2899b611f,2.12,tarama
0df9f2ed-f3b1-4b8e-ab15-fa64e58c53d7,2.15,tarama
0dfbb0bf-f41c-433f-ab7a-c83bee6b4668,2.54,tarama
0dfdbf51-a073-453a-97df-b3032c5fcf6a,2.17,tarama
0e07de15-7e94-4012-a992-36c819478bf3,2.63,tarama
0e128e4a-3437-4460-a424-cba2afcf992e,3.09,tarama
0e129fdf-a99c-46e1-8f96-58e8c43775dd,2.93,tarama
0e1b2a93-0c6e-461d-9fbf-27887721b0b1,2.19,tarama
0e1c965a-cd02-4666-9962-f4406c95e7cb,2.66,tarama
0e23f2f4-61ef-4ef8-8e66-caec7cc8b72f,3.47,tarama
0e26dcc0-e88c-4543-8f50-7673dd3358cb,2.20,tarama
0e32799e-b932-4805-bdcd-25bfe0e0d3a5,2.14,tarama
0e3a4ff5-c215-48ad-9a6a-3d7b194d82ff,3.56,tarama
0e3ce6e4-4f21-4db0-a628-2b2f40e4dc98,1.95,tarama
0e42cee1-b376-4787-9153-caa0c21652c1,3.25,tarama
0e4921a6-19da-4c9d-aa75-fd73c2efb284,2.53,tarama
0e497c85-1a87-4892-9bc3-fdbc57693c66,3.25,tarama
0e50855f-f68d-49bb-9638-75cd5f5dc482,2.36,tarama
0e5b86e7-5dce-4116-84dc-33c07d4f9455,2.00,tarama
0e5d005d-1ee2-4d82-b872-3239bc203bee,1.93,tarama
0e646036-36a9-4576-97c3-d431fe777160,2.39,tarama
0e65ffa0-bcca-4833-9af5-ea6167d9ce44,2.00,tarama
0e68006a-3b9d-4614-afeb-dd5f69451a2a,2.07,tarama
0e6c4f58-b2b9-4732-8fca-dfd44ea94174,1.81,tarama
0e6d86a9-cac7-4db6-9c99-b9fa17f99b43,3.26,tarama
0e726f2c-8359-4a5b-8321-e2be20eb286d,3.28,tarama
0e7718e1-a108-41f3-8720-37538a6fb030,2.20,tarama
0e7878cd-bab1-4160-9ecf-700b25b59c93,3.49,tarama
0e7c6308-5754-4335-923b-24e19ae46951,2.91,tarama
0e7f1cf3-3555-4ce9-9338-f0683e8e26e9,2.75,tarama
0e7f77a7-edb9-435f-8288-4737a26066d0,3.34,kapi
0e801b92-cdc6-4eb0-9696-33c45011323a,2.65,kapi
0e841e92-2d2b-4d82-bfcd-71784703e1f5,2.60,tarama
0e8c20e3-8866-47bb-bd8c-e14bb6b216bc,2.74,kapi
0e8d0139-e4af-46ef-b87d-c68917fd010f,2.33,tarama
0e8e7e43-8cdd-4510-8234-0e7b96f189b8,1.25,tarama
0e90e81c-5abd-4a51-85b8-3b08f903e7dc,2.52,tarama
0e950c34-3c94-4ab2-88df-d3e80bf2026b,2.35,tarama
0e95ee8d-8a01-4f0c-847f-58da1a9c04b0,3.03,kapi
0e9728b5-0b09-4144-81b0-87a74de57e84,3.69,kapi
0e98e389-25f5-463a-bf07-8182a0dfe345,2.38,tarama
0eb4cea4-675e-4ba9-9e91-920def292b22,2.11,kapi
0eb7099a-f9e3-4a14-a7fb-98a0c3e279a5,1.95,tarama
0ec8b9c1-bd7b-4834-ba89-908c0f3f743e,1.97,tarama
0ed0df00-d1bd-4cc7-8ba5-0aad89801034,4.03,kapi
0ed6c87b-f412-4c36-b015-66d1d78d03a7,3.23,kapi
0ed9e5ee-24aa-4cb5-8b31-5ec407f37a60,2.36,tarama
0eda7767-bd6c-4e34-8bd2-ab37f75807f0,1.97,tarama
0edc3197-9d66-42ee-b00d-be471890a680,2.95,kapi
0edc91b0-1323-491f-a52d-e379965a3534,3.02,tarama
0ede6933-210b-49e4-b34b-076a96d2aa60,3.89,tarama
0ee88446-f4f1-4d87-aa9c-af006b93b37c,4.08,kapi
0eec5397-1007-4650-b0c3-015ee18faee4,2.65,tarama
0eefd2fa-a78f-48c5-8ebf-9131579565ec,1.96,tarama
0ef90a3a-8e87-44ee-942a-66b611fbfc2e,3.43,kapi
0ef9eece-c0e4-4c81-a4e3-29046c45d953,1.53,tarama
0efefa66-2016-4859-a750-c3f08aa8e654,2.90,kapi
0f013327-3cd2-490b-a42d-c9ddc8cd1dfa,2.08,tarama
0f0670f8-1e2a-4ed1-8d9a-35a6d67da306,3.05,kapi
0f0bcbc2-3579-434f-944b-e451d1a75924,2.77,kapi
0f0c56fc-d2ff-4453-be6e-2178aacc3ba3,2.94,kapi
0f117374-dd67-4bdd-a131-8c2ff4ac34d2,2.00,tarama
0f15d075-82e9-4b2b-9fff-790299edd9f6,2.60,tarama
0f1741f6-b4ad-4eb5-b39f-33f7467ce034,2.58,tarama
0f1949f2-d5fe-43d1-b980-3e785fda5c8c,3.01,tarama
0f1dc5e7-72d4-4c02-b301-922b5930001a,2.54,kapi
0f26f712-3b16-4b56-920b-da00da4917e1,1.77,tarama
0f2eb264-7391-43ed-a1e4-98139acd9dfe,2.31,tarama
0f3367e8-67be-45dc-ad03-86c5a86c9998,2.72,kapi
0f355c86-b1e3-443f-8c78-22530fed8057,2.05,tarama
0f3729aa-9b3c-4c6c-9487-3b12346242b5,1.88,tarama
0f38a238-56d5-4da8-80da-38f8b2b5662b,2.35,kapi
0f3ae255-9138-4b55-b0d4-43ddd6355194,2.82,tarama
0f3d18b4-68d3-4554-86e4-b4188ac6ded6,3.35,kapi
0f44a232-3344-4e2b-b0dc-4bc75e2c5388,3.61,kapi
0f4a26ad-67b4-4d43-a6e2-553e11108651,2.95,tarama
0f57c6dd-25c8-4f62-b843-12f93d011f26,2.14,tarama
0f5b381c-7ed4-4be5-954c-9587458b385d,2.41,tarama
0f5fd5ca-9f2d-4cc7-8aa5-a5701781eae9,2.32,tarama
0f5fec72-b15b-4490-bc49-9e5adf691853,1.03,tarama
0f63740c-6f5a-400a-8cac-655e4ecc36d0,2.62,tarama
0f64d491-7725-4e63-b7f4-0d1319651811,1.55,tarama
0f67c1fd-f0fd-42bf-97de-b70c0a316b4c,2.35,tarama
0f681f38-7511-4f6d-abf5-2e1dc60f769f,3.67,tarama
0f6b072c-a97a-47ef-a0dc-b706e000ce2d,2.86,kapi
0f6d0fb0-0eb7-4d1e-9954-ffa1d94ebfd3,1.83,tarama
0f71eceb-bdbf-432a-b7fc-c596ec202966,2.47,tarama
0f78c3e3-2c6c-497e-a20e-367d7107b037,2.42,tarama
0f7f97f3-2730-4915-8378-96fe75df76a8,3.75,tarama
0f86ec5a-7d23-4acf-a42f-6319e931f6c0,2.87,tarama
0f8798cc-91cf-4019-9eb8-b1c3b93e49ab,2.62,tarama
0f8b5222-cb80-4be0-9720-233967e1b4a2,1.50,tarama
0f8d9e85-417a-4ef6-be47-6dccc6bf7a7b,3.18,kapi
0f95abdc-acf2-428c-9f23-bdd1c211e6da,2.38,tarama
0f972905-6b4e-4d9f-b6e8-026c0ca9bb7e,2.15,tarama
0f994ef4-bdc3-4471-8865-08b36623a396,3.86,kapi
0fa20dcf-2c94-4757-b084-6563eb735399,1.95,tarama
0fa55237-2e6c-4874-a410-765da11e2925,2.48,tarama
0fa90002-6cbe-4302-89e3-d3e3f4b4905f,2.16,tarama
0fad0f36-a8ef-45f3-af8d-fb39c42185d4,2.01,tarama
0fb28612-3e49-4163-b10e-0fdd49cb1b7d,2.78,tarama
0fb95653-aff2-4cf5-b7f0-9e5999cb9a96,2.09,tarama
0fb95d99-6e02-4a40-9ad4-85770acc8612,1.59,tarama
0fc6ee00-a6d3-4d5c-8c62-4821e67234a1,3.50,kapi
0fc7767a-3b1c-4ddf-ab12-ac5d338fc2e3,2.79,tarama
0fc8687e-3210-408c-b67a-d8b682cca1df,3.46,tarama
0fd17bef-0b5f-4468-9b9b-17303941ad2f,2.52,tarama
0fd2547c-6998-46d4-a4aa-6422f4b28d9a,2.16,tarama
0fd54011-881f-42e1-9187-528e505105bd,2.33,kapi
0fe92775-9b5d-4796-a169-f891b7dfb80d,2.67,tarama
0fea14a7-42e1-453d-ac41-a865ad3acade,2.50,tarama
0feb23e8-7c8b-4256-a3fa-ed6c151c59d0,3.77,tarama
0fef7aab-1a32-4187-b998-2534e8704b12,3.36,tarama
0ff18565-fd03-4601-8927-cbe0193bc354,2.80,tarama
0ff48a5e-68ae-452e-93c7-443812fe6569,2.86,tarama
0ff63ad3-10ae-435a-a5d1-26b870ed7d4d,1.90,tarama
0ffd4b6a-ab2f-48d9-a29f-598bd919fce0,2.12,tarama
0ffd6379-a128-4780-be6c-249298e0bb08,3.08,kapi
0ffd8ab0-5278-4b1d-996d-be4a5b86e02e,3.12,tarama
0fff4ae5-97d8-4569-a131-5b30e5a246ae,2.48,tarama
10009575-b0f8-48a6-b4b1-6fa68ea2421f,2.78,tarama
1000ab93-b4dc-487d-8c1b-70cc2aa11345,1.23,tarama
1003045f-5ca7-4212-b86d-80743adffba2,1.86,tarama
1003f798-ab95-4de5-870a-c4243e369652,1.97,tarama
1019cd99-54fb-460c-a9a8-498cbf28907b,1.43,tarama
101dcf9d-d583-41e2-af45-694dadb88d54,2.23,tarama
101f1685-aed4-4b7b-89c1-94e5d75177fe,2.42,tarama
1021258e-3201-418f-a544-4f113f179df1,2.16,tarama
103168d6-d534-45fa-8ede-5e608bfc93a5,2.20,tarama
1031c60c-fd57-4b7a-819d-9f7bb1b22a39,2.83,tarama
103a09df-8715-4494-bc68-4e4414fc9344,2.01,tarama
103c36fd-596d-45e7-a011-7b190ae7f06e,2.42,tarama
10406413-82a2-4ffa-9021-ea136e3bc0ca,2.83,kapi
1044fa1f-5bb0-4ba2-bafb-81bd3f727bb5,1.94,tarama
104b3f8f-2160-4307-b22f-b373289b2467,2.72,tarama
104bcc17-95f5-4443-ae58-21b7bcfa8695,2.29,kapi
1054e5f2-9a6b-41a2-945a-08b34bd57e25,1.70,tarama
1055f3c3-723e-4e57-8546-1e4695f60cf1,3.83,tarama
105c57ed-8efe-448e-a79c-6682215b4dd3,3.31,tarama
106a53ca-96ba-456e-8bfb-051c70add102,1.13,kapi
106ccbb0-1c65-40db-9ddf-38192ef4c98e,3.18,kapi
106f0440-beec-4ca5-b12d-1172c0d9c835,3.91,kapi
1073f86d-1d16-4317-a0b7-d2fecf3c2cd0,1.97,tarama
1079a822-a8ac-4016-bc24-6bd969711aad,3.14,tarama
107aaf97-d744-4cf0-a9ca-049caa58fbd5,1.66,tarama
107da5bf-6682-4956-a7d5-49219eeee63c,2.92,kapi
10837661-e3f9-4ffa-a949-d8fc8714956e,2.43,tarama
10866dfd-cd9c-4d15-abc9-056f5593b4c2,1.60,tarama
1089ff9f-c8aa-4033-a738-59f34178acb8,1.88,tarama
1093a28a-54c5-431c-97a6-831b9e04d91a,2.35,tarama
109b46a3-b911-4241-b377-94a02de9ca1c,1.65,tarama
109e6e50-7094-442a-bb0f-f4a6ed1960c8,1.62,tarama
10afef3f-85c8-4cb7-b367-aba4e2ced652,2.31,tarama
10b926b6-1ede-4d47-8ffb-7c4254499a03,2.23,tarama
10ba08ef-5b43-476c-a970-bbdfc850e0fb,1.50,tarama
10bdb9b2-e6a0-483b-9afe-a68823f2c615,2.89,tarama
10c22152-d465-4a30-8835-dfccb890cc48,4.06,kapi
10c41594-a90e-4dff-ace0-b3fb022f59fd,2.29,tarama
10c8ee06-6647-4b5a-8373-fb3df8ec2eec,1.89,tarama
10d0b8a6-d1ce-4100-aee8-cf2255b9b364,3.17,tarama
10d11b5f-2324-4a7b-ae77-94abeea786e3,2.01,tarama
10d1276c-b021-4600-9c10-812ef19077e6,1.61,tarama
10d2214d-0a36-407c-8da7-1722910559db,2.34,tarama
10e8c56a-f99a-4827-a32b-32a25033463a,2.20,tarama
10e9eeff-3fb4-4da4-aa14-1de66aeb3b87,1.93,tarama
10f441c0-ab5e-47a4-a823-0dc1807b8589,2.17,tarama
110266b0-d954-43d9-a153-27efeaec4bab,1.62,tarama
110f9a17-98fc-4bc3-876b-91fd0d9dfca9,2.72,tarama
111179f7-8d5a-49b5-8686-96550026a80e,2.20,tarama
11148ffc-06c3-47b5-8149-2406901e9836,2.07,tarama
11230bab-7ac8-415c-be87-b349e3670e27,2.05,tarama
1131a7d3-70c4-452e-baa3-6072844b23cd,2.44,tarama
11398059-d769-41cc-8085-1cfb366f12d3,2.18,kapi
113cdb5f-a819-4ce1-a27a-4251771b8956,1.93,tarama
114ced14-abf2-4e33-af5c-6331408da9d5,2.95,tarama
11516d83-5d73-4985-b5fd-62f3a0300b35,2.66,tarama
11535533-43f8-4b86-bc23-d68d6fa9ce7b,2.45,tarama
11561368-ab55-4025-b54e-1a89dc48c4df,2.78,tarama
1162735e-f2f4-49b5-89cd-efce6ba630d9,2.95,tarama
11672637-de3f-4df3-9077-ea9558d423db,3.28,tarama
116b9bbd-9ae1-4480-85bd-20318d41290b,1.81,tarama
117468a6-1b37-419b-9546-876b72dcd274,2.37,tarama
1177de80-9bb6-4f16-b631-ebbba8aa7b31,2.79,tarama
1182d037-f5a4-4e99-9df2-b2a582441095,3.56,tarama
1182fa0f-363d-44fd-8742-1139fe09cd62,2.46,tarama
118b32c1-77a6-4c91-abb9-25589f37160d,3.26,tarama
118c53b8-475a-48af-814e-503b1f5d9dc5,2.49,tarama
118d0c14-6c60-4b9c-97cd-cb30a7ecdad3,2.36,tarama
118de0e5-5362-4206-9da2-4ad1242970ed,2.10,tarama
119fa27a-27d4-450e-a560-b8b55471feff,2.65,tarama
11a694cd-43eb-4dd2-a16e-1a26dffd626e,3.84,tarama
11a7ad99-43d4-43b6-bcb9-0b4bdfe4e457,3.61,tarama
11a89586-03c8-4e58-ac54-92cedeaf93f6,3.02,tarama
11a8ec75-97cc-4984-9476-898f86c7684d,2.90,tarama
11ac2c04-3808-4d88-9160-2b0c4290e9e2,2.97,tarama
11ae2a2e-7e4e-48aa-92b5-dfb1d1f383b1,3.07,kapi
11b02929-2394-45f8-929b-cfec4ac548ce,2.45,tarama
11b14a91-74fa-4bb8-aca5-ca66674a5b38,1.29,tarama
11c52d1a-e94c-4237-a343-a47a6611992d,2.81,tarama
11c66ec9-3dce-465c-bfe0-efb318425b42,2.54,tarama
11cba77e-69a9-4fc4-8c65-cf6fa82f1934,2.55,tarama
11d3a905-6251-444b-bc21-cac9cf046e1a,4.02,tarama
11d7ebe3-ebf3-466a-932e-c426695c15aa,3.41,tarama
11dc8bd6-af5e-44be-8b1b-74af64c95bae,2.63,tarama
11de350f-7427-4728-bf4c-e8311a12f59c,3.57,kapi
11e1bcf3-7eb5-47d8-b6ae-1187a9e68f6f,2.72,tarama
11e7644c-5e6f-490f-bff4-ced62b56ec69,1.83,tarama
11ee10c1-c6cc-4496-a935-99d5f1e17a77,3.51,kapi
11f418ff-5083-4353-8815-401b9853e68b,3.52,tarama
11f68d76-74be-42dd-9f0c-50abacedbe28,2.11,kapi
11fe01d4-60e4-4340-b8cd-3b1215e7eda2,2.24,tarama
12010bc2-2994-40c9-96e1-1d8663608554,2.35,tarama
121a4f0a-b485-4648-a4d3-bb697fc402a2,1.96,tarama
122198af-342a-4e87-9bd5-43727cae937f,2.55,tarama
1222795e-76b1-4fc8-9466-7055d5ace7c4,1.51,tarama
1223c975-e939-4c48-a2c2-6fdfaec7c558,2.25,kapi
12265021-2d12-4d48-adb6-19dce15fc688,2.18,tarama
123585c5-3707-48b6-8969-a0a275015de0,1.85,tarama
12400c53-ccf4-4da1-8078-267390b37e45,1.93,tarama
124244da-ed3e-4077-b55a-f44b32a299f6,3.49,tarama
1242768e-70c1-4bee-b6dd-a45310a3d2fe,3.85,tarama
1242e670-224f-4e76-a58f-568dd631d48c,1.62,tarama
124493af-307f-4389-a7ea-04bd59c258fd,3.36,tarama
124f0cee-0047-4a7a-a0fe-c4642452bdf1,2.17,tarama
12509913-9985-4353-8d14-6fb59be5e281,3.17,tarama
12515a88-2744-4899-b7ef-cc4f3c9fbb75,3.40,kapi
125a0a66-dbab-48ec-884c-9323fee9c780,1.88,tarama
125b4b8c-3230-442a-86ce-c4cc7b21d2b6,1.30,tarama
12644c28-4043-47a6-b5ce-80849d241dc6,2.65,tarama
126d3ee9-2555-48b1-a20a-7ff05c2eb41a,3.48,kapi
126fd8f5-8a59-4316-aaf0-fcb7f0f440bc,3.06,tarama
12735f55-092a-49aa-8d34-50a942145ea1,2.06,tarama
1274af71-7e37-41a0-837d-3534c15f2ca3,1.77,tarama
127db9d8-da2d-4e3e-bf72-027933720f71,1.91,tarama
127e9b49-0ecc-4807-ba5f-eecbd264ea5a,3.45,kapi
128247c0-a24a-4ad6-ae64-126ee3059214,2.49,kapi
12871e4e-22cb-4bb9-9764-e564e32cd9a9,1.01,tarama
128b3218-0890-40fd-a9e8-ead6a6723e2f,2.24,tarama
128eddd7-1984-4c5f-b2d8-a85f886ad262,1.62,tarama
12928c9e-d670-4eea-954c-039575445a72,2.08,kapi
1292a5b1-67b3-4a11-ab92-c1bc2880e3d5,3.85,kapi
129ebb8a-6f57-44fb-ac17-0e8b0579b588,2.80,kapi
12a56c5f-d8cf-49e7-a2af-3747dec96432,2.01,kapi
12a7a7e6-4f31-44e8-9d6a-e39885c0f787,2.95,tarama
12af716e-97a6-49ee-b111-b1af1f674bd6,1.44,tarama
12afc210-151e-43df-821f-4c65786cd605,1.91,tarama
12b33af9-b170-4ba5-8b6c-ad5d13ac8d72,2.45,tarama
12b65a6c-8e45-4794-a246-a613b144a533,2.95,tarama
12b797d2-d10e-4c9d-b359-67e557b44651,3.58,tarama
12bff303-5dc9-4811-8746-ac734abc5f38,2.46,tarama
12c194cb-2215-4fde-9b81-7c86d61efaf8,2.16,kapi
12c202f7-d0a0-484b-94bf-0278c9b3cb09,3.57,kapi
12c62ef9-a6a3-426a-9389-edeed4d5ea8d,3.93,tarama
12d6df42-59a2-40ea-b48c-7c579748f9f2,2.62,tarama
12e07eb5-12a8-4055-99b3-ab5fcc94a7bf,2.28,tarama
12e967d6-8f6d-4517-8e13-9f9c82089bae,2.79,kapi
12f82657-ae90-4d95-a53a-13d0db733675,2.27,tarama
13003d36-21d5-4306-b213-c5c38d19d62b,3.38,tarama
1301df43-eb12-49fe-8add-addf48753458,3.36,tarama
130aa004-4629-4dd7-b6e7-b1db4adf5083,2.53,tarama
130d848d-84df-4c09-b11c-57260395738e,1.98,tarama
131301a8-4d3e-4466-a3e6-5551e17d4250,2.68,kapi
1313d2f0-e805-47fe-8c64-91901bd981ad,2.33,tarama
13150b84-f2f3-428f-a765-69a2c874df42,1.48,tarama
13177bfa-6f9b-4894-a00d-42ed76ca33ea,3.74,tarama
131f1408-fb4e-4138-a58b-0670c6ca2b0b,3.14,kapi
131f49fc-c505-4176-9604-8560ab35363b,2.18,tarama
132e1987-b2df-41cc-bc7c-c2eb341ab467,3.81,kapi
1344a59c-8cc9-46b1-90ba-2137008862c7,3.38,tarama
13483c36-bd5c-4be8-9dd6-37ef4d3b5876,2.13,tarama
134fa573-39d0-49b1-aa67-bbafe3475e31,2.15,tarama
1351c320-50c0-4965-99f8-cc610ad68ea1,2.21,tarama
135a7f18-5866-4ab0-a04f-9fd8410682bf,3.21,tarama
1361eb5f-0800-4473-a024-75fae10b73c1,2.30,tarama
136a4bbd-59ff-4be6-85a2-612d0f7f727b,3.81,tarama
136a8041-52ef-4fb3-af68-0dde8fbb8afb,2.50,tarama
136dc7e5-0901-487a-ba74-6d601b33c0d8,2.43,tarama
1377bc47-998c-4269-a24b-b2068e48198f,2.23,tarama
137cbe78-9044-4efb-b163-7153ee1fcf5e,3.18,kapi
137dc199-d674-4d32-988a-853c85d50839,1.69,tarama
137f228a-ef5b-4221-baa6-2e8b86957b39,1.07,tarama
13842ed1-7b6c-4054-8814-15626799210a,2.55,tarama
1387c929-027b-4186-a12d-b50d6c51fb57,2.12,tarama
13881cd2-6944-4bf8-b04b-97b2aa4f2940,1.96,tarama
138e564c-24ef-483c-9d7c-d16963a8e640,2.28,tarama
13900d7a-9c3b-480d-b01a-66443c761b37,2.10,tarama
13921d97-f542-4a18-8bc4-694dbee746c2,2.53,tarama
13995f03-97a6-4dbb-afe9-a571baefbf42,1.32,tarama
139a7bef-947f-4b85-8ecd-348f15756234,2.90,tarama
139b4db7-8389-4261-89e9-22e157942239,1.87,tarama
139e9681-ceeb-48d1-890f-1abb3735b6e2,3.69,tarama
13a2d8d2-988e-4360-aa19-492a8e916069,2.90,tarama
13a9558c-140f-45dc-889a-8c0b082d2c42,3.35,kapi
13a95748-5fb6-4ac8-9db9-14fddf8c6302,4.00,kapi
13ac6260-57fa-48b1-94ac-bacf2c05a4c8,3.88,kapi
13aed435-74dd-4068-9e47-1bb25fd3ee08,1.65,tarama
13b44599-dcc1-47e9-aac3-cbcc5c826c9c,2.21,tarama
13ba7a5d-250c-49f7-bb85-271d0e624e62,3.92,kapi
13c61093-e97b-4a6b-a823-bf95a64cdb24,2.29,tarama
13c6bc3e-238e-46a3-a561-a81c1090a340,2.22,tarama
13cc4572-6939-4b97-bfa6-3fd6c92f240c,2.88,tarama
13d316e3-e540-4762-a018-9fdcefcc5210,3.20,kapi
13d8e489-fbfc-4020-a233-91f143afda5e,2.51,tarama
13d9e750-7f3e-477c-9926-7b40f213c529,3.44,tarama
13e0262b-8119-43ae-b85d-3b6b66fffd5b,1.89,tarama
13e081fb-7f64-497b-bc86-6f3c49c3658c,2.06,tarama
13e08d57-0941-427c-b0ab-5a8e6b5a0669,2.33,tarama
13ef0029-c94a-4b24-a57a-f0544772f444,2.70,tarama
13f9b9de-24cc-45f7-8023-70bc1b504a29,2.17,tarama
13fe3722-5cfc-422b-8126-c7cee7b67c5e,1.21,tarama
13fe53e0-2b42-47d8-bc2e-1559110d38b1,3.82,tarama
13fea49d-6307-46b9-a83f-43ef59afc7d7,4.10,kapi
14001953-6c7c-4694-b6d1-c76b28b406a4,3.01,kapi
140d9248-b870-4b84-9559-dc046ea76348,1.98,tarama
140f761a-9770-4879-9f0c-233bf299fe42,2.55,tarama
1418bd61-0ef0-40cf-bcde-8b1ef2fe1b21,3.46,kapi
14199517-2064-4d2a-ba2c-a5e57b7a2c71,2.80,tarama
1419f208-bd81-4d3a-8813-190f3f793705,2.00,tarama
141bfbff-3668-497e-9122-4a5bfce497e5,1.84,tarama
141dab98-7c27-45ba-89ce-4cff39090cda,2.79,tarama
1421128f-86fe-4e7b-a7d6-fd437c80bb68,3.79,kapi
1425da9b-3196-4387-9c79-dd13a275a77b,3.99,kapi
14294b84-31c1-4a61-b68b-e4ae92eb049d,2.93,tarama
142e7b46-be82-4a14-9c2f-5af0062f4fd4,1.70,tarama
14349753-63c8-4882-91f3-90eca6f8ca2b,3.19,tarama
14351d44-9268-4441-8dc7-78fbaf97a027,3.80,kapi
1439a074-ef93-4121-84ca-4cfe8594bc30,1.93,tarama
1439b1da-a978-4318-a0bc-55dd619438d8,1.68,tarama
1440e430-81a6-469c-8090-81c121538310,3.13,tarama
1441a4ae-9148-4ca6-8417-54047a021de3,3.73,kapi
1441c3ee-72bb-4476-a33a-3833c728ceec,2.23,tarama
1448d09a-ce2d-42f6-9b48-3fac2f3f5f41,1.75,tarama
144927b9-d6eb-414f-a9a5-ddac4b7bf716,2.60,tarama
144aac3f-0f4e-4d7d-bc1f-0c043fe9c410,1.20,tarama
144c7954-3a14-4838-9988-f7d578cc6476,3.63,tarama
144d59b3-015c-40d0-80fb-6682bdaba971,3.78,kapi
14500a2a-4163-4705-bc2c-99e211dd0107,3.90,tarama
145a2541-2f5d-4155-ad4c-28140448a5d5,3.59,tarama
14665dbc-df4d-4670-ae8a-8074dd1c9236,2.40,tarama
1467e65c-a86b-469f-9bf4-dc520d66d8fd,2.00,tarama
1468e93c-5f23-4c32-b6d3-f532d0477e7f,1.80,tarama
146a8139-ba9e-4af1-b78e-aeb370e5a240,1.07,tarama
14706872-f18a-4eb1-98d6-d8eec81135ec,3.19,kapi
14738dab-b2dc-4cce-8539-2b47f11ce3ea,3.56,tarama
147a98d0-be79-4bc3-af13-6052358628e4,2.76,tarama
148c9a31-1863-4ca2-94dd-46787249e960,2.37,tarama
1492714d-a7bc-40a4-85d6-351035aea9de,3.55,kapi
1497cafe-77ad-490b-ae43-98a7ed823b1f,3.66,tarama
1497d6a8-1221-4096-8237-712e782f0ba3,4.04,kapi
1498e34c-9fe4-4571-9e83-023194053c70,2.42,tarama
149ad279-1f9e-4546-8767-ac3ed2eb627f,1.79,tarama
14a4dbe7-f1bc-4e2a-b869-4b28512f734f,1.28,tarama
14a7253f-f409-4a15-b6d8-e9c9fadc7f7f,2.07,tarama
14acf234-4d3c-49c9-bf93-45a890c726df,2.93,tarama
14ae1a42-8e3c-4dee-ade8-febb7388c40a,2.49,tarama
14b081ee-6102-423f-aadb-3620ba6c0b2f,4.34,kapi
14b17a85-19ef-4d8c-847f-ba195dcee529,1.63,tarama
14b20e6a-31d1-4945-a7dc-20136335b3e4,1.76,tarama
14b26a15-36fa-492a-9c28-11424ad853db,1.62,tarama
14b2a17e-4439-4076-b5e5-c1eae7027034,2.08,tarama
14b2aa83-f98d-4b63-a85c-f72955a9d631,1.38,tarama
14bee237-bc6c-4b22-bed1-f95c20a66d6b,2.85,tarama
14c58ad8-3265-4479-aad6-da9715220381,2.19,kapi
14c8bf22-98d7-4a94-b92d-d1695cff8077,3.70,tarama
14c99663-6a21-4171-9203-f45cb4f807c2,1.96,tarama
14e8340a-1838-48b8-9b99-a3f6fdeb74cf,3.49,kapi
14f0b8f6-4ce7-42b6-b8eb-780c15e8df70,4.09,tarama
14f13f27-55bf-429a-b0c3-64994741cdd1,2.65,tarama
14f45cc7-4256-4bf9-aa32-c990b6226beb,1.82,tarama
14f7222e-fffd-4423-93f2-04c0446b7784,3.59,tarama
14f9a04d-6d1b-49d9-af2a-e1189b1a659d,3.78,tarama
1509c88e-4554-461d-8ddb-470ae799c7e7,2.32,tarama
1512a219-87f3-4361-9b54-803676ce8ddd,1.50,tarama
1513f160-c370-4806-b6da-3b4eea7ce7d5,3.08,tarama
1516c00b-b3d7-45d8-afb2-528dd17ec412,1.67,tarama
1517ae79-9e8c-494c-8be1-1518779b947c,1.99,tarama
1518c456-e382-4a8a-a787-54e2093d72a7,2.25,tarama
151e9c70-2827-4522-9087-80ebb0ffa087,2.05,tarama
151ee83f-d710-4c41-a1f6-3117fb65bfe8,2.39,tarama
15200011-888a-4278-a11a-76bc34e21cb2,3.16,tarama
1529097a-a124-4ded-b4e4-e81bf227ff4d,2.10,kapi
15311914-4d6c-449a-96e8-0785513e63e9,1.52,tarama
153627c4-f4bc-428b-b6c3-62b458c0c7f6,1.54,tarama
15368838-53b4-4979-a41a-859da1abb41a,3.43,tarama
153a0a5f-2da5-4032-aa89-cd9ecc1a1f8a,1.92,tarama
15471189-23dc-4995-b74e-1c56f3edafd0,3.54,tarama
1547e883-09e3-4e4e-88b9-f3e247879d77,3.71,tarama
154c80a7-b862-45b0-8a36-3d961124c46b,2.00,tarama
154fcf1c-e6a6-47ee-bf2b-d82bd0b3b60e,2.68,tarama
15524a99-9eca-4be3-8376-219441cc1d8b,2.83,tarama
15532af7-83d4-4d6b-b7d7-46aff5ceb49d,2.21,tarama
1556a2e5-be58-4435-8be8-ad3800f6a870,2.64,tarama
155d9751-3941-466f-8a8b-b483692c2bc0,3.31,kapi
155fc06c-8360-41df-99d5-7e923b66ddad,2.10,tarama
156854e4-e90e-4cc2-b176-2ff42f460a1e,3.09,kapi
156b3acd-fdc6-4e5a-aac4-4632419fed33,3.29,kapi
156cc5cd-7061-4e32-b629-0916c5527296,3.22,kapi
156df288-26d6-43fd-894c-84ceb7d8381f,3.66,tarama
156ee90b-3d6a-44d0-b606-037d7d67193e,3.31,kapi
15827484-922a-4e68-bce8-752bf7fcac89,3.20,kapi
15879c01-4f02-420f-beee-9d6429c8cb72,3.17,tarama
159175b9-e026-42b9-a2ac-affe2ec1fb27,1.72,tarama
15931436-b0ef-46d0-b78b-54922d4fa0b8,3.12,tarama
15933bf4-d8a2-4c51-afa0-f9afeab7dc87,1.88,tarama
15a30781-10f9-40a3-81a3-90e75f7f3bfa,2.04,tarama
15a479a7-068e-40db-bb87-e652078a1ade,1.57,tarama
15a7718f-0e8b-4bee-8c36-7d59c13cac69,2.52,tarama
15a8332f-edf0-467c-b9db-55ca4705e9b8,2.96,tarama
15b694cc-ffe3-4546-9de6-bf222b05f890,1.12,tarama
15b94eb5-d3da-4a53-bbd3-056631c8c049,1.60,kapi
15b9d331-afd4-4426-ba47-a7737670da03,3.33,tarama
15bbd0ad-aa1b-45f6-a08a-3e9c37d48f9b,3.87,tarama
15c4b0f3-e2e7-4da7-aa50-1105acd801f2,2.31,tarama
15c6f85f-0845-46e6-93fb-d1e3e8f57f59,1.79,tarama
15c77a4e-7fa6-4f36-b18f-9523185a41b3,2.06,kapi
15c7c669-31bc-45f0-bf31-77ca680bfb63,1.27,tarama
15cb9698-9835-4844-8fec-0195bf4fc4f2,2.02,tarama
15cf018d-118c-465c-9c40-cd59b5be5101,2.78,tarama
15dc9005-a595-4b03-9c88-b05c6d3ba6e5,3.69,kapi
15e576ef-b65d-43e3-9cdc-6e3eaf72e107,3.24,kapi
15e90229-7f09-478a-9a71-4c3474abc8db,2.08,tarama
15ece6b9-aac3-4aaf-9332-f1756514fb7b,1.80,tarama
15ed77c0-20ee-4e18-8c8f-2e01c1e0cefe,3.07,kapi
15f0c0be-8c65-4b3a-b6de-feb086350f1d,2.46,tarama
15f3810d-627a-47a2-bd22-e83d3e342271,3.61,kapi
15fa44d2-b2a0-43b6-8b95-ae4c19769cf5,2.89,tarama
15fa79ae-9470-4e82-9d7d-29a86ace7287,3.12,tarama
15fc6828-5247-4fbf-bed9-710d4db2ed12,2.79,tarama
15ff29e2-e461-4c36-b79b-09d6f63ac7d4,2.51,tarama
1609a497-0d94-425b-8d6a-4c01bdde486c,1.81,tarama
160cc3e8-a5f7-4dd3-acf1-9be4fe731fd3,1.57,tarama
1614bf3a-7929-4703-ba50-503bc278f833,3.41,tarama
16195fba-96a7-4ca3-9dd3-79fb864a6564,3.40,tarama
161dc082-e638-4b25-92e3-b1ed5cd0d382,1.34,tarama
16209398-35bb-4384-be27-9fc983858933,2.62,tarama
16249ac5-e0d9-48af-9597-69bb97b7ea6f,2.92,tarama
162b5693-acde-4933-a2e6-cead702b60dd,2.66,tarama
162c3453-9a84-4b12-b94a-0b55deceb9df,3.20,tarama
162c5e91-c748-4405-9f17-6cccb3943d25,3.85,kapi
1630827c-1eb0-485d-95a1-86b95df1d98e,3.80,kapi
1632f5aa-8b36-4f26-8d1f-d2d24bffce82,2.50,tarama
16409043-e59a-4dae-a559-4cfe3b9fee0a,2.30,tarama
1652552d-7153-4e9c-8e33-a7e111a3834b,3.94,kapi
165c96bb-1d1a-4874-9256-acc68ef9009e,2.99,tarama
16603ef8-7c75-4592-b49e-a049fbb48881,2.69,tarama
166aa99b-50cb-4aa2-9b61-10bb1fe2cb79,1.80,tarama
166e0a6e-910f-4a60-baf8-5f12c782b190,3.55,kapi
16778b3e-ab73-4692-ba22-ac171dc889dd,2.64,tarama
1677dad7-300f-4afd-a83c-6a53f06a0faf,2.55,tarama
167a5ac9-c574-4ab6-8100-aa9dbfc20a3e,1.79,tarama
167aa8fe-a810-4350-83ba-5ec937014671,1.01,tarama
16902660-4967-4d5d-9186-37fd1da8a79e,2.75,tarama
16a79e8f-2aad-45c3-86a6-8d7809424327,1.36,tarama
16ab490b-45cf-43ae-bde2-7fc90977d0f1,3.65,tarama
16aefd56-3c02-4b2a-9d8f-38cf54b066c0,3.27,kapi
16bf5a9a-44f5-493c-bc66-19f0018d9bb4,2.10,tarama
16c3d9d4-7678-4877-ae1d-40f00c534b7e,3.71,tarama
16d958c0-d420-4adc-a6cb-4d0b6e1900c6,2.12,tarama
16d9b6fc-a8bf-4772-b40d-51e86ea0c4c8,1.98,tarama
16df6845-cbbb-424f-9d2a-8f27cb21948a,3.52,kapi
16e28571-e584-465b-bf72-481536fc39c0,2.02,tarama
16f85bcd-63f6-4b9d-bc21-1cfabe6bd619,1.81,tarama
16fb56e6-f747-4695-a285-76514f4b84eb,3.54,kapi
17009245-dfa3-4cb4-b21b-a4361d307954,3.88,kapi
1705aa04-f239-401e-af26-9707cea26b3c,2.65,tarama
1707f334-be39-4ef4-85d5-6cbe58b73fa7,2.58,kapi
170812c2-2c73-4d73-8cbe-a7315ace450b,2.22,tarama
170b7125-596e-4ae2-899c-55aaaa022c8e,3.89,tarama
170e875d-26fe-42cb-9bfc-d685cef51618,1.08,tarama
17132ccb-5753-47ef-b665-3ced3efeccee,1.33,kapi
171440b1-d2fa-4f86-8644-3e5a5c827dca,2.74,tarama
17150372-a8e3-4d65-a75a-ea817da7d3cb,3.43,kapi
171e0e45-888e-48fc-ac9a-7667b3ec443a,2.13,tarama
171f7c28-425c-4c0d-87c2-1b67eec6be77,3.81,tarama
1720a788-4f7c-43d4-9591-f7badff4cc56,2.69,tarama
172b7396-ff15-4d01-b7a9-c17d7eca35a8,2.10,tarama
1734ba66-a818-4986-8e9e-e60bd245cc96,3.02,tarama
173b4d24-db08-47fb-8625-9d0741ab0452,3.36,tarama
173cdae3-8ca2-4096-803f-1fef2232df29,2.61,kapi
1748a23e-18d4-4b73-95ff-e97df77c98f1,3.99,tarama
174b3850-a680-4b80-b1d6-fb88fdd903bb,3.02,tarama
174b4f11-c7d7-42e5-a25d-fb59a26977b9,1.87,tarama
175135a5-ac47-43da-a7f3-9dc91c286df9,2.87,tarama
17554fe0-f978-4675-9298-5ca58df9c699,2.49,tarama
175acbaa-815c-4ed3-b8c1-267bff8c5ea9,2.00,tarama
175e4d1c-ec51-4909-b757-5e04efde7260,2.11,tarama
1764f3b0-00ec-4110-ae54-f41d7107280e,2.25,tarama
17663069-0807-4db6-a116-664c5d880bb2,2.22,tarama
176c14b8-63b1-4174-b86f-e3f06f97ed4d,1.81,tarama
176c97fe-ae79-4f85-942d-035baea66082,3.96,tarama
1779c629-c3db-46ac-8504-011f4069de8a,3.18,tarama
177b2861-71c7-4e2c-9275-f54b1e0364b2,1.98,tarama
177cd2db-38a2-4112-a8b8-7595ae9cf6fc,1.62,tarama
177d1ef3-f446-47eb-a9f1-3c5d59662b2e,3.15,tarama
177d5d7a-cf3f-4bdc-9a88-e6c743aa4f25,2.58,kapi
177fe539-073c-49f1-ac04-33a352045d2d,2.46,tarama
17807d51-4fc5-4749-bd1e-76348ea95510,2.94,kapi
1785c130-ddf7-47d7-b548-72d61f793f17,3.48,tarama
178854d7-1d69-4fa2-8064-f908a4af2603,2.69,tarama
178a3dcc-9b2c-4631-8d3f-d334601f168c,3.57,kapi
17971f2e-b2c9-49c9-af75-d0c314e93062,3.17,kapi
179c9910-1437-4d3d-80cc-9dac7cdc7566,3.22,tarama
179d0757-f5af-479f-827a-e94a7e92a2a8,2.68,tarama
179d8bb2-0d44-47c5-8cce-7083a3644af4,3.40,tarama
17ab3a47-7988-410f-a1b9-f6e2eca78450,3.57,tarama
17b30bce-001b-481d-a2e8-e61f4b2dffc5,3.17,tarama
17b8c13d-3704-48b6-b45c-0cfb887b4662,1.82,kapi
17c2a32a-8718-4248-9d80-f25ff34bc51e,2.09,tarama
17c321a3-1bb9-4dfe-870a-92e9ef81f492,3.91,tarama
17c8a0a8-632c-4180-b502-30f50e0a4305,3.86,tarama
17d506f9-76c5-4a29-9d8c-eec380ece76b,2.32,kapi
17d6cc39-5b6c-4206-b508-c931db0f4355,2.71,tarama
17d916e2-0600-4ae6-b8fe-7478fa56daf7,2.84,tarama
17da390a-69c3-431d-844f-6a0e4a5497fb,2.02,tarama
17dc2711-a7ef-4da0-aec4-2f8e80d46561,2.74,kapi
17e40777-100f-4966-8bd7-156ec2b30a92,2.97,kapi
17e81ebe-13f4-41db-9b16-f01636bf5948,3.60,kapi
17f14c41-3a75-47dd-8a24-598bf80c0d0a,4.00,kapi
17f91a3f-ed3f-46c5-900e-f3a46cad9b6a,2.38,tarama
17f972df-8bc4-4e93-9032-a4f2980d4cf5,1.81,tarama
17fc6866-067a-4c71-8a2c-651817b7fc66,2.84,kapi
18005b54-f403-4a91-9ca7-b35e654e4320,2.17,kapi
1801aa80-cb56-4029-9f8a-ac70c4946a06,1.87,tarama
18056bf3-80a1-4c0c-9480-3e176caea913,2.44,tarama
1806371f-dfb3-40fd-8377-9716878a40e3,2.94,tarama
180be9d0-e689-4b68-ac50-491c1b51e445,3.10,tarama
180ccbfc-0f89-4e55-ab85-f87ef7985b24,3.30,tarama
18116f38-5708-4a90-9fc2-d0dfc39cf0c0,1.05,kapi
18133765-28a0-45f2-ae14-c3f658a25276,1.98,tarama
1815a3d2-50f6-4fe3-a1c1-5b1845a1d716,2.65,tarama
18197858-ee8a-40aa-aa3c-4709db6af598,3.88,kapi
18212d72-ac8d-4410-a84d-b8247f08ef30,3.08,kapi
1829a753-86f7-4cbd-90d7-39a58fa69a32,2.41,tarama
182a45b8-d7a5-4c0f-ba8a-4021ff5fff51,2.92,tarama
182e0533-c1d8-4556-aa87-497c46c27219,1.99,tarama
182e8dfd-c08b-4df4-b4c8-130bc46a83d4,2.66,tarama
1832bf02-de1d-469c-9249-fdcd25b15639,3.98,kapi
183e764e-31ac-4ca1-ae4d-e71e5d50a605,2.02,tarama
184a9d6b-736d-42f6-90ee-87056cbfa0d4,3.52,kapi
184d813d-6573-4317-9c29-2b1700c4c7cd,2.33,tarama
184fe629-a61a-4b90-96bc-b6ddd4093e50,3.79,tarama
1850ca7a-d4e2-4c77-99c0-c8155ec45d30,2.07,tarama
185f8053-1caf-45a3-a443-89a9c550d99d,2.00,tarama
18649e70-ada2-4c16-95b9-b9d501380c2d,3.01,tarama
1864db5e-ecbb-444c-a936-063ef40a3fce,2.80,tarama
18690b30-df04-496c-9e5b-e570db0bfa0e,2.02,tarama
18693944-5365-4f87-b7fa-9bd012a0b119,2.07,tarama
186c34da-ccf3-473a-8dea-ec26296982c5,1.21,tarama
18755a44-afa9-4406-90c8-0bd614b32bb9,3.09,tarama
1876e0fa-51f9-4796-b518-5f5d1ec824c7,1.92,tarama
1878dfbd-24ee-448b-9d55-54916373c406,2.33,tarama
187bd2bd-7dbf-48b1-9575-5cfcf633ce7c,2.29,tarama
187fae23-a528-4653-a32a-722d8fa89711,2.93,tarama
18805512-eea8-497a-8e62-353aead48e63,2.08,kapi
18826bcd-d97c-401f-87a3-5fe9ad8ca129,2.85,kapi
188b88c8-3abb-4bf5-b805-ed4b6499409d,1.98,tarama
188bc81c-bbdf-4f6d-8453-7006871f7895,3.33,tarama
188f6b5f-d87b-4642-9d70-3a65597f1822,3.15,kapi
18932e52-70e1-4634-97a9-a7ebf110c7df,1.93,tarama
18a9280c-88b5-4cb3-957f-aba77c262b67,1.23,tarama
18a94c6c-9c8b-44b1-9970-a4d9e7f0c482,2.05,kapi
18af49cd-2745-4f6a-80e4-5e0621ed47c5,2.97,kapi
18b43af8-f022-4c71-99f9-79fd028cc409,3.36,tarama
18b87be8-ae36-4834-a0b2-e9101a1f4c64,2.87,tarama
18bfb0ff-4087-4d04-af15-dfda8df20623,1.63,tarama
18c41e71-e6e5-4df2-9515-f0af6966a255,1.78,tarama
18c47e72-e180-4717-8903-8425eb29010a,2.74,kapi
18c6132e-6d72-4146-8e45-f0c33c3985c2,2.01,tarama
18cabfb7-9e1b-4ec8-b92d-c7ff1e6a1cb5,2.91,kapi
18cdda98-5b9d-489c-928f-ade878e22c40,3.21,tarama
18cf4c6c-8076-4491-b304-939590b77961,2.47,kapi
18d7b31a-1931-409a-bb83-eaf614612aa5,2.84,tarama
18dcad5b-8db4-4196-af25-404792dac05b,3.16,tarama
18e28acf-2f47-4ed3-8744-b2b735067bdb,2.03,tarama
18eb6d5d-49a1-4dd7-a14d-d0e6c528f101,2.82,tarama
18ebf081-b3da-424e-b40f-f573a8edd766,1.67,tarama
18ed0218-ad23-4e98-9abe-072fae090dad,3.49,tarama
18ef5b88-2ee1-4421-be1e-24db33d2e064,2.09,tarama
18faa40a-8d46-45dd-b32d-ee10bec9aac2,1.88,tarama
18fb47a0-777a-4917-ba5b-2ae96d3ea2e8,2.07,tarama
18ff56a6-8d81-43cd-be80-ce5b8dede4df,3.13,tarama
18ffaade-6efd-44e9-96d5-edf3abcb276b,2.18,tarama
1905e770-9f7d-425e-8e7d-01dd7b7e0341,2.40,tarama
1906643a-30a8-40c0-83f7-ca8fc901477e,1.49,tarama
190d27a5-4da1-41eb-b3d2-1462f3ee9c28,1.76,tarama
190e1a81-5cd5-454a-ab72-130258e6173f,2.31,tarama
1916b3ff-03c6-45b1-9620-cef8121a00c8,2.16,tarama
1917a357-4ea0-48e5-92ef-e01b74c91de8,3.30,kapi
191e918e-7a4a-4a1a-8e1a-47efc10dae00,3.14,kapi
191fb085-f187-438d-9cff-b33f3f5ed737,1.85,tarama
1929c5c4-fd98-45c6-8f6a-73d8479f05c7,3.15,tarama
1929ee37-2149-46c0-a928-a9ba349bf4c2,2.74,tarama
192b2de9-c5dd-4cc2-9f28-e5ba22259780,3.07,tarama
192fcc63-12b5-4208-b9d8-e1ab78770abf,2.44,tarama
19337dd8-5a55-4df8-b697-23b7386dc70a,1.96,tarama
19374bf2-cec3-45af-817f-c325d18d3886,1.44,tarama
193d9091-abcb-4f18-b0b2-32877a0376a7,1.15,tarama
1945fcff-cfaf-46d8-8bfe-4cbe0118a2c2,2.33,tarama
194717e6-e661-4eaf-99a6-4c8131865100,2.14,tarama
19485fff-1634-4064-8b89-5cbb2fcfc9bc,2.54,tarama
1948ac96-3f7e-4a7c-8738-00e7f9e3d878,2.30,tarama
194c3f90-b88d-477e-8c03-572b6b44d17a,1.85,tarama
194c646c-a9e1-4c3a-9697-8714acacdd64,2.18,tarama
194d67e3-5394-4d50-adf1-30787fb212fc,1.87,tarama
194d8a61-446b-4e16-bf65-1d52670e00ba,2.24,kapi
19519f26-184a-496b-a9f2-774eb366b638,1.68,tarama
195de4ae-a473-46f1-8749-1d17f5dd9570,1.35,tarama
1961e4b1-befa-45c4-a8b3-57af07cee6c4,1.98,tarama
19667cb5-18f0-4676-92eb-0046f94df89d,1.94,tarama
196aa758-6075-462f-9323-09e93f2576f2,3.44,tarama
19705903-1f6e-4465-96da-f1111ce7b8d4,1.92,tarama
19736f26-1d77-45aa-81c7-d9370a609df7,1.99,tarama
197fb2e6-9af4-4e6a-ab3e-4518c893f766,2.97,kapi
1980eb75-af69-4eb4-9390-4b955e7d43fd,2.14,tarama
19827296-6c53-46ab-b87a-ca3a15ab4b2e,1.89,tarama
19876e52-8544-4d0c-b61e-8760ebb35ab6,3.51,tarama
198bc500-a569-46b5-bff7-6ccc7b9a5dc0,3.01,tarama
198d453d-65fd-42b9-b403-c605b37ac71d,2.04,tarama
198e8688-7bda-40cd-88a5-77b5753f531c,1.76,tarama
19923f04-e4ab-4428-84bc-5c6f287f1c25,1.74,tarama
19983549-8993-4948-80d8-7f25e3f33290,1.28,tarama
19a43cf4-b08e-4561-979b-70711e62da28,3.09,kapi
19a53c65-a791-4038-b423-7fc78a42496c,1.54,tarama
19af3b31-c3c7-46aa-9c37-841db2855fce,2.99,kapi
19b49d01-5b99-4318-9a96-f4bad5d40f53,1.94,kapi
19b4a3d1-c0ac-4221-a983-a9e2f63ca3fe,2.05,tarama
19b62228-2a73-4f7a-821e-500411f6646a,1.91,tarama
19b73c30-b0ab-47cc-9e5e-d2bcba5de0d8,2.37,tarama
19bd20e4-27e6-4b30-9e39-28f621678554,2.28,tarama
19c510d6-dd20-4312-b72f-1e12685f2dd0,2.46,kapi
19c6be6a-7e78-4c35-ba1a-ace235875563,1.49,tarama
19c7f55c-419e-4764-a7fa-40955162eb8f,1.31,tarama
19cb6b66-466f-44d1-a97b-3570be1528cb,1.80,tarama
19cc0fb9-51e0-43bf-a571-d13d7faeaaae,4.10,kapi
19ccbfd1-b5d3-492f-95c6-8a67fd9cae4b,2.49,tarama
19ccf871-62cf-41de-83bb-c6447f03720a,3.37,tarama
19cee445-ab79-4a97-b011-10f785afacf6,3.79,kapi
19d186ad-3e07-449e-929a-5248dcafc521,2.97,kapi
19e472ec-4678-443e-9dbb-be0eb5356e7e,2.21,tarama
19e587c5-93b7-4e05-9b9d-97f7f0a62094,3.04,kapi
19ece2f4-903f-4cd2-8d2e-dd708c8bb2b3,2.97,tarama
19ed0f21-c733-40be-8c09-80a89fa42110,1.89,tarama
19ed18cc-9583-4732-a1b0-b005e44a7231,3.73,kapi
19f6f5b3-26a2-47ed-8cbf-a7cdb406bbc5,2.30,tarama
19f9b785-86b2-40c9-8e44-9096055050f8,1.32,tarama
19fd2d55-7f62-4314-bf58-3d64fe9bc1d9,1.03,tarama
19fd72ec-6593-4ad0-b21a-2e17c23cc8a4,1.75,tarama
19fe051d-fe3f-4f7b-87be-619f22ec58eb,3.29,kapi
1a060a4b-b599-4691-9c74-8e00eac48941,1.28,tarama
1a085880-d82e-4ad5-a1f0-f37e78798f20,3.52,kapi
1a0a5f9c-4be2-4249-a4a6-7fea7361865b,1.41,tarama
1a10fcf4-da8f-4238-a8a4-d115cfa56afd,1.21,tarama
1a18f0b9-a9de-4597-b376-626502f3127d,1.94,tarama
1a23e527-4a4c-4532-9ab8-424a99245f42,1.51,tarama
1a26fba0-3aff-4172-ae4d-c1486d1952a9,2.02,tarama
1a27b68f-8244-458e-aff4-760e346e5fa7,2.07,tarama
1a280d4a-8830-408e-b78a-fd5570a94486,2.02,tarama
1a2c0aaa-c234-4587-ad9c-d0d376217558,1.75,tarama
1a2d20f9-a4cf-4ccd-92ac-dc7ccaa8835b,1.38,tarama
1a2dec18-c2f8-4a59-ad98-2452830807c3,2.34,tarama
1a2ecdba-fc62-4c42-a9e7-6c7450039324,3.20,kapi
1a2f0d80-4a09-4e24-a184-6630d0ff0a20,3.53,kapi
1a3193c3-653d-4c1b-871e-6e563e899cf0,1.98,tarama
1a35cb86-fe18-4e2e-a75b-66a5c8679518,3.08,tarama
1a388151-84aa-4548-a7bf-c477391c831d,2.45,tarama
1a3d63d0-b78b-4719-8813-798a34762006,3.84,kapi
1a44885d-7196-4d95-8cf5-a159029dfa9c,2.04,tarama
1a61e8ed-2755-448e-b161-985fa911dbbd,2.24,tarama
1a62cbd5-9807-47b6-8e6d-07e2f00b1366,3.61,tarama
1a67fc51-6a9e-4e5d-a821-213094b0c5bd,2.81,tarama
1a6bc40e-9a00-417b-bdb1-6aa2bb235aff,1.62,kapi
1a6d722b-0c9b-422e-a663-6b0cd6a4164f,1.83,tarama
1a72a20a-95e0-42c5-a6b9-2d8438830847,2.32,tarama
1a7da5c1-4d20-42f0-a1e4-69d7f4593337,1.66,tarama
1a87d721-debb-4750-8702-2c6c1538f147,2.40,tarama
1a88c007-f00f-440d-9241-0792a589c20b,1.90,tarama
1a8a4bd1-f16f-458b-b860-e75465877ea2,2.13,tarama
1a902a44-baa1-44d0-8916-36ccb5da8de8,2.97,kapi
1a919dec-a419-4ae0-86d1-0eef81870dba,2.35,tarama
1a9255ce-a7d9-42bc-992f-564ea6e7a5d5,3.91,kapi
1a92aab2-1935-4224-bf77-359cd8d4da5b,3.93,tarama
1a946564-e233-4c59-9617-cb7952187155,3.43,kapi
1a9f3d4f-27b5-4aa4-b1d8-ed4323d77909,3.15,tarama
1aa531aa-0eae-45cb-b067-11a47ab7f92c,3.13,tarama
1aa6fd14-0370-4487-87c6-db925ce1f11b,3.84,kapi
1aa8694e-a6f7-460f-9f92-b628f9d641a8,3.53,tarama
1aa8d792-3184-45af-addf-f21f2a2cc994,1.60,tarama
1aab4fb8-dd54-4cac-b7de-06f14751fbc3,2.23,tarama
1aac3f64-3218-4bd9-9094-3ac57fc2e90d,3.41,tarama
1aaf3f5f-7e3b-432e-9d07-16e007f92b5a,2.45,tarama
1abcfdce-668e-456f-b618-fd9653a50d9a,1.69,tarama
1abef979-e80f-4a3b-b4cf-ee00f29e44c5,2.06,tarama
1ac406ed-c01f-48e1-b5f7-ad6cb1b63e3f,3.18,tarama
1ac53d59-09b1-4f93-ba85-8db0d3d58482,2.45,kapi
1acd0bb7-8ad3-4ca2-bf01-b76fab953568,1.83,tarama
1ace8c8c-f2df-4eb9-b3ab-825d1f90ed07,1.58,tarama
1ad0fb7e-3816-43e3-adee-23870ed9555d,2.11,tarama
1ad24f8d-e78e-4377-9352-e240cb5071c6,3.28,tarama
1adb3b69-a181-4380-a7ba-d1af1971685c,2.04,tarama
1addc4ea-5038-4c71-a3d0-e7221019e306,2.01,tarama
1ae4a6ac-1d25-49b7-baef-4b13fefe7299,2.26,kapi
1ae84024-736f-4c9d-ab0f-eb850e959010,2.80,kapi
1ae93621-289a-48f8-80eb-ce6f71c05ed9,1.55,tarama
1aea0c29-5c7c-42c9-bba0-ea8c42ed0058,2.12,tarama
1aea68a5-4a84-4c01-afc8-1fafbe165eaa,3.96,tarama
1aebc242-4b3a-4e78-9f1d-bdb935e9294d,2.74,tarama
1aee83e4-a7f1-43ea-8b9a-189a4d9ca49c,2.09,kapi
1af70c1b-4763-42a1-885b-c3557190246e,2.28,tarama
1af8ee9f-6762-40c6-ab5a-4d3bdea3d082,1.84,tarama
1afd04ba-467c-4642-8f05-1e78bc47578c,1.13,tarama
1afd18ec-67c9-48f2-b91e-77ec3d113507,3.32,kapi
1b08d13d-55bc-4e47-a7d1-7253010f7fd2,2.46,tarama
1b0f6555-9612-4cd9-8eff-1a02959d815e,1.84,tarama
1b1540b9-81df-465f-ae70-ee0f72f617f6,1.80,tarama
1b19eb51-1ad0-4dda-88f1-db3e5b205ff6,2.66,tarama
1b1c9333-26da-4147-89b6-4b50ff3c5ebb,2.39,tarama
1b1d8337-b138-4038-bac5-4a7b6442816d,1.68,tarama
1b21ef94-4829-4998-a546-ddfa70344acc,1.52,tarama
1b234866-578e-4ae6-b154-7e20613b9110,1.56,tarama
1b25565f-d63d-4d0e-9f33-6dc16e5ebccf,1.67,tarama
1b2756be-81da-4654-93a9-95e3701dbfaa,3.05,tarama
1b2c172f-383d-4134-9129-badcfdd32086,2.96,tarama
1b2e0770-468d-40ba-ab8a-828fb65502e8,1.80,tarama
1b2ed7bc-d3d7-4ea8-90dc-f3a39801e537,2.32,tarama
1b33b948-4d6e-41b7-80af-bc32c417c4ed,3.31,tarama
1b356935-4b6e-421d-86fa-7b5a6172b938,1.75,kapi
1b3d55b9-d687-4ca0-98c4-7c9f9a0e6fcb,4.17,kapi
1b454fb2-912e-4d11-a79a-76deb12cdfed,1.54,tarama
1b45bcfe-47ff-47e0-8168-51888384cd25,2.32,tarama
1b496060-2c8e-4767-8f4a-18a399440754,3.55,tarama
1b4f268f-74ab-48d2-bf7a-cf0e8431e6dc,2.78,tarama
1b5392f5-c272-4ef7-b381-04b87ac2482f,2.94,tarama
1b560b37-f3b2-4929-83e9-ee51cf836be6,2.34,tarama
1b5dfa51-60f9-4321-8f7b-8644893a8a42,1.91,tarama
1b6080cb-1de9-4621-8768-49fc80653a4a,2.66,tarama
1b61c448-5a82-4de9-a58a-e93ff45c0a2e,2.36,tarama
1b6c1f8a-6b43-4ba5-b543-faa44ca42fe0,2.35,tarama
1b6efe75-791a-4b92-a16e-1f5db6c34edc,3.27,tarama
1b70d577-81b2-4d29-9a19-16e0d2a799a3,3.82,tarama
1b71246c-a5cf-4e47-8946-a4da2b5cbfb6,2.34,tarama
1b71782b-1b6a-4dd0-935a-98321e34782f,2.63,tarama
1b72d8f3-3e59-48e4-bf24-f8e9fed493a3,2.97,tarama
1b744fd1-879a-4158-ad3c-1e35071458fc,3.11,tarama
1b757ac2-0b43-47ff-abe7-bd93e4a1917f,2.38,tarama
1b765fd0-6005-4a16-b697-d75d164e4004,2.15,tarama
1b7b9e23-42cd-4310-90a9-e5d8aec2a683,2.07,tarama
1b7f37d7-0055-47e5-8447-be3838e5db9a,3.08,tarama
1b825f06-f4d6-4d56-ba60-9b93edd1c47b,2.41,tarama
1b83c8e3-1f22-481c-8403-27f074726ae0,3.01,tarama
1b88d7d6-72a8-4065-aa28-7bc849e8d8ac,2.97,kapi
1b945433-f902-4f6f-b006-31fc652f21bb,2.51,kapi
1ba2a975-2015-4e1f-85a1-9833e97890d8,2.36,tarama
1ba6cfe6-3aa3-473b-b70b-00322573f9e1,2.37,tarama
1baaed26-d95b-4ecd-a840-56fc7ebffe16,2.96,kapi
1bacb258-0096-4abf-a159-1799cf514ee6,2.49,tarama
1badd06f-ace5-4cf8-a647-81021955fef7,1.97,tarama
1bb3604d-457e-4deb-aeb9-af45712d0f86,2.64,tarama
1bb59c0d-c1d3-4507-9fc4-95d1ee5420cc,2.14,tarama
1bb65e1c-599c-4d92-924a-320d410a7e8e,2.03,tarama
1bbd7394-9aee-4f40-8244-2467dccc9257,1.59,tarama
1bc4dd0b-e49e-4bfd-9bef-2f9a2f0a3705,2.32,tarama
1bc6c376-e9af-4a20-b58d-28abe94b6c71,1.88,tarama
1bc9c920-9a08-4dae-8806-b9f050641817,1.89,tarama
1bca8921-5c40-44d5-80ee-334bc16f1b58,3.30,tarama
1bd0e6bb-0e42-465e-b672-8152eef3fe1c,3.53,tarama
1bd29601-9c42-43aa-8a02-6f88cdea266d,2.00,tarama
1bdc85af-a844-4072-a528-714b569375a1,2.72,tarama
1be3be67-c711-4b60-a6e2-b50ad23503e2,3.07,kapi
1bf1483f-af27-485a-a108-6c3d2718b0d4,1.99,tarama
1bf1c7e3-dd66-4276-bb48-c1ed83e1663b,2.91,kapi
1bfa5229-967a-46d5-adf6-e5b007864740,3.08,tarama
1bfe40c4-9ced-46e8-a0cb-3bc7cf0b41c6,2.51,tarama
1c003330-260f-4d24-b6cb-6b45aef62c20,1.37,tarama
1c074a31-593c-4dcd-9371-df3a5fc38b9d,1.81,tarama
1c0956be-5019-4fb8-9313-aa685e561edc,1.92,tarama
1c0a651b-036f-45a3-8179-0cf8e6e61ae2,2.71,tarama
1c1025bb-c9cf-4cb9-ac52-bb38eca93911,2.60,kapi
1c16ebce-24a0-4ed0-973b-6e408db7b781,3.50,tarama
1c1c3344-6122-4108-9917-b0f6d4c69a2a,3.48,tarama
1c1f0294-e510-4802-9924-45acc35ca714,1.06,kapi
1c1fbfef-7c25-4ac9-85f1-b085974413b0,3.07,tarama
1c24820f-b455-42a7-a9ff-f1cf1f75f494,2.41,tarama
1c25362e-4d2e-45b4-a700-c7fd59c0e9e0,3.41,kapi
1c2dfdbd-ab3e-4e34-aec4-bf43e4eb55ea,1.96,tarama
1c33d525-f368-4728-9ddf-fd9566c80c78,1.09,tarama
1c38fe09-a0e8-4f8d-be80-d2e8385801bc,2.97,kapi
1c3bcd3c-19fb-419c-bb7b-86f5c4a2a3eb,2.74,tarama
1c49166b-0aee-4255-92df-ba3a3513e5fa,3.44,kapi
1c5540f1-6675-48ca-b313-bcec3f6cc496,3.93,kapi
1c5cbb93-ea7c-4ef4-8c28-a5d98a63fc74,3.44,tarama
1c5eda24-4cb2-4ea5-85a4-4ba4a276c77a,2.95,kapi
1c610f32-6afd-4b95-ac09-a1bdd9dad89a,2.66,kapi
1c615d49-c408-4a3a-81f9-db1758fe57d2,2.65,tarama
1c64577e-8d33-4e8e-ae02-350ca3279515,2.30,tarama
1c654965-2200-4d56-b050-64d6cc2400e5,2.57,tarama
1c6902a8-7d01-4311-9fc0-6cc40225d2f7,3.59,tarama
1c72d7cd-e12d-43b6-9d3d-c069776627a7,1.50,tarama
1c75f226-dba4-4310-a66a-9b7ca342b1fe,3.45,tarama
1c7a77f9-3403-4ee6-8363-2ed6276eea37,2.16,tarama
1c851364-2a53-4cd5-802c-9add51cfb265,3.01,tarama
1c8783db-89b2-4a1a-ab9d-4c63e7cc22d3,3.78,tarama
1c90a549-3ac4-4e91-8bd2-960545515c99,3.83,kapi
1c90b9f4-5add-43a8-be51-b477730d0e4b,2.99,kapi
1c9186bd-e99b-4e8c-b467-4004d831eb41,2.17,tarama
1c9c3343-ea13-40ec-89ce-86ce4953d252,2.38,tarama
1ca5f740-1dad-4750-ada1-acdb6b5bb862,2.80,tarama
1cae2006-2160-49cc-9964-3fbae11efbdc,3.65,kapi
1cae6341-643b-4b27-97e4-45fb8c953e0b,3.65,kapi
1caead07-0229-486e-a242-b2e8b8e6addb,3.40,kapi
1cb04936-d8f1-44ed-b962-4fdfb82b9229,1.85,kapi
1cb29d7f-e5e9-421b-af8b-0b2a2964ffc1,2.93,kapi
1cb79b9b-3052-4b04-b70a-419effc677e1,1.64,tarama
1cbf721b-faee-4219-852e-09b167aa015a,1.86,tarama
1cc5e619-8996-451a-b424-7124099b232a,1.64,tarama
1cc7581c-553d-4ebf-89a8-3b53d6f3a3eb,2.42,tarama
1cc91f71-a6cc-4374-bee6-d7dfd5ecbbff,2.57,tarama
1cca2cd6-8de0-4aae-8893-b43876d22c78,2.78,tarama
1ccb26d5-9fbd-4201-952e-f795763f3909,2.72,kapi
1ccc33d7-a831-49bb-87f7-c34653260457,2.51,tarama
1ccce65b-9cc0-49a7-a1a1-e5c6a81c81ea,4.03,kapi
1cccfce7-793b-4ed0-a2c9-5638c822b54d,2.84,kapi
1cce24c5-90b7-4524-b45f-92a0ce60fc91,1.69,tarama
1ccf9bc8-41b5-44db-afd2-7c8c28b9eb79,2.32,tarama
1cd3b3bf-29da-4955-8082-5ee4173297dc,2.37,tarama
1cd58c32-52fa-4a61-960b-59eb7457c2e2,2.11,tarama
1cd722ae-19bc-467a-b7e0-44e7947d0b92,1.37,tarama
1cd7e388-5d0e-4f1d-bb9f-81f034e4cc58,3.05,tarama
1cda23a8-a229-4501-aabd-4615bddfdf73,1.65,tarama
1ce8ba82-54eb-415e-ac68-09f4e68e9570,1.90,tarama
1ceb0b92-c03c-417d-8b87-272cafeab392,3.42,tarama
1cf3799f-a725-447c-aa47-c7b763790551,2.94,tarama
1cf3b682-4e42-434c-b906-d5983b6bda86,1.81,tarama
1cf422d7-9afd-4d2d-9312-34c99129d0fd,1.31,tarama
1cf64cac-e726-44a4-b175-caf181a5572c,2.24,tarama
1cf67ef7-8fd4-4449-b5fe-d200408e9de9,2.40,tarama
1cf77c1d-8125-4900-9fea-36b8aa08393e,2.20,tarama
1cf8e87f-b522-499d-bcb3-101f9bb227e2,1.73,tarama
1cfa5fb0-b6d6-4287-ba86-e956cfa4a071,2.12,tarama
1cffb8f4-decc-4159-8c8e-0bafd8275913,2.39,tarama
1d157b39-6d84-4129-b553-c892edf893fd,1.95,tarama
1d15ae13-ea9c-4344-9bbe-3571ae6129f2,2.15,tarama
1d163eef-22c9-4568-8d7c-add797ceeebe,2.90,tarama
1d1d5dcd-4737-4794-9c78-9233d7cb9196,2.48,tarama
1d2149fa-66f1-413a-afc7-9a62acb0a9a0,3.85,tarama
1d23b778-8cc5-4279-b778-02e1535ce851,2.21,tarama
1d257ab3-1a49-4d10-aa5f-51bc2f2d51d6,1.89,tarama
1d276d81-230c-4057-ac59-275192c438d2,2.10,tarama
1d27975c-cd7e-4d9d-b8a2-a31696074663,2.77,tarama
1d2af53e-c392-429d-8ab1-bad6784b55f0,1.36,tarama
1d2c9c3d-6ec8-465b-a0f2-7e0f9705d3e9,2.00,tarama
1d315c34-74b6-43c4-a4aa-5ec477e4953f,1.85,tarama
1d38c2d7-2463-429a-9ce0-64949fb7d53c,3.19,kapi
1d3b005f-ed81-4084-bd4e-dfbb7d85d06c,1.75,tarama
1d3be1b2-c2d8-4c92-a618-14860d10d5a9,2.62,tarama
1d4765cb-e5dc-4c36-9540-1713c092ff28,1.01,tarama
1d49ac59-3746-4f23-b3c1-8201fad9b64e,2.19,tarama
1d533126-35cd-4e1c-92ae-16d9eecdbee8,1.89,tarama
1d53a228-56c9-48e9-a129-681ed3288150,2.00,tarama
1d5b1336-6030-43bf-b2f3-f9579ed36319,2.39,tarama
1d5f0948-b684-487a-a6ef-7c141133ff15,1.03,tarama
1d5fb02d-0a95-4a11-b4c2-b05685e8bfe1,2.18,tarama
1d61035d-47b5-4253-9201-a6ec6980c7e2,2.01,tarama
1d63f5b0-ac12-4a17-bc33-2248217d9955,2.72,tarama
1d663758-d810-4e45-9877-a6c47d7ec76f,2.18,tarama
1d67c4dd-1223-4f2b-b0b2-92abbbe5b9b5,3.15,kapi
1d6cfcdf-b03a-4849-be67-9913df5b8030,3.09,kapi
1d6f5ad6-bb64-405e-a8a5-6b55cb0f0608,2.09,tarama
1d704f34-4466-427d-bf2f-6cefb4076996,1.87,tarama
1d708e64-8774-4e55-b3a4-6c30015645d6,2.88,tarama
1d718ad3-dd34-489d-9c72-a215b060445c,2.08,tarama
1d7195cd-29f9-49d4-9aea-c0999532faf3,1.67,tarama
1d74b2b4-a8dd-4af9-b3f1-718dec1ef11b,2.80,kapi
1d8ba180-25eb-4ee4-b17d-d82ad14dc021,1.03,tarama
1d8bf5d9-b2de-4eed-9e46-6235d78b5b86,2.50,tarama
1d96ffa9-17b9-43f8-8bfe-7ae31956d1ab,3.41,tarama
1da6da91-a6cd-42b0-90d9-d3ff7a2289f3,1.85,tarama
1da715da-fb8c-4a73-9355-42dc47c4d333,2.64,tarama
1da9a4cc-6525-4e63-ad83-d22aae926513,1.68,tarama
1dad1da9-1277-446d-bbc8-20ec828c9411,3.26,tarama
1dad353e-ae3a-4fbe-ae14-47e911c0a03e,3.45,tarama
1db2b3c9-8a1b-4def-bcfb-56677191d2be,3.42,tarama
1db38fd0-7f14-4d53-8aab-d6d74166a5e5,2.63,tarama
1db3a3bf-91be-4437-b666-def8611005da,1.65,tarama
1db4254c-d3aa-4ad2-a97e-9381fdfddf2d,1.97,tarama
1db554dc-2da0-40cc-9876-2d8ee9e543a0,2.21,tarama
1db887f4-0777-4217-964c-29b5538f0c56,2.28,tarama
1dbb52ec-5a6e-44df-b372-69c30737e478,3.41,tarama
1dc58714-c154-4677-bbb5-324141c310bf,2.80,tarama
1dc613f6-75c2-4eef-9e4f-484f3e547631,3.08,tarama
1dc86471-b382-40c3-aafa-793a6e503e2c,2.46,tarama
1dcc1f5f-8d10-450b-bc47-3fc53aa25113,1.68,tarama
1dcd73b2-7ef0-4105-ae27-573869dec185,1.13,tarama
1dd3d3ad-4715-4259-8f5e-e2c4ac1d6fd1,1.86,tarama
1ddd2ebf-f158-4779-8c49-76c477e25f89,1.90,tarama
1de4cac2-eaac-4cff-820c-aac28c222975,2.00,tarama
1de588f1-a68a-4ada-9c1a-1d642e39a92b,3.47,tarama
1df37411-a594-458a-a2a1-fca6ed790814,2.60,tarama
1df46bcb-f25e-4255-be1b-cf8ea4906b68,2.10,tarama
1e0245bf-dbf1-4c41-8ff6-568b2965013b,2.89,tarama
1e02a2fe-e2a3-4eb9-ba43-cc17e1c2c72a,1.99,kapi
1e086f68-0435-47f1-b2d5-b2f109e7f43b,3.26,tarama
1e09f63d-27e1-4ab1-b72c-58fcfd1be198,3.41,tarama
1e0ada62-06b2-42ba-80dd-028337c109f3,1.72,tarama
1e0b8459-3085-4e8a-9e7d-589ced2cc5fa,2.50,tarama
1e0f59cb-ac63-4b1f-b1cf-f35653490804,3.11,tarama
1e13df5d-a054-48d1-9308-bed8cb97d0e1,3.86,tarama
1e1c310b-dfe7-403e-a689-26e6480131b6,3.28,tarama
1e302fbd-7439-4cb2-924c-9fbc7b565f2d,1.19,tarama
1e30ac1f-9d5b-468a-9171-0b0043b3b1a1,3.42,tarama
1e3eab7d-5df2-439d-a155-087133ddc7f9,2.62,tarama
1e481ac2-bf7c-49be-8292-6f33edbeec1e,1.41,tarama
1e48efc2-d15c-4750-b567-003136c44493,2.12,tarama
1e50c3ed-d2c9-4792-9683-15da79f2c50b,1.98,tarama
1e562adc-9838-4830-8352-3a81f4b68b97,3.60,tarama
1e5c22a3-b351-435f-aa19-d026dc9f03e9,2.21,tarama
1e66253a-6413-4e80-ba1d-c02d5ddbc38f,2.02,tarama
1e6a6d4b-9b33-494d-865f-04ea5714a133,2.53,tarama
1e6effca-a125-4c0d-a11c-fe2781ff35d2,1.78,tarama
1e71c198-1bbb-4f69-8012-687af16b2f1b,1.25,tarama
1e78be0b-dca8-4ca3-adfc-128a8fb81a38,2.55,tarama
1e7b2b3c-f10f-4d73-8ab7-fecc481d7052,2.11,tarama
1e84908d-f364-4f17-8e65-38f66ff68ed6,2.11,tarama
1e88fb95-1d25-4efc-8a82-1ed19aa8907f,2.27,tarama
1e8c5e1f-232b-4610-8145-1ccb4d843d34,1.68,tarama
1e92a6cd-d0c2-47d9-9997-cb9bae4cf2d5,2.52,kapi
1e92cbc0-cab3-4e98-bcdb-5f88771b3399,3.65,tarama
1e938566-ec77-4ff5-825d-645a23902cf5,2.75,tarama
1e98b4e6-62bf-4e0a-9945-0b08532fc976,2.04,tarama
1e9e648f-e76a-4c79-bc01-1eedd6a1c32e,1.76,tarama
1ea1ea1e-d614-4589-83ff-9ed659f8afc6,3.09,tarama
1ea33317-8250-4aeb-acfe-692fecf59418,1.15,tarama
1ea85cc8-306a-4364-8375-ab51aacab775,1.53,tarama
1eab3814-9881-4f74-8b75-405e7cd2128f,3.38,tarama
1eb0939e-1967-43e4-b8c3-a477e7d8e5bd,2.74,tarama
1eb16340-f879-403b-b1b8-62e70a189ed9,1.44,tarama
1eb498df-c500-45fb-8181-4da35c5f9d49,2.36,tarama
1eb76913-cf05-452b-b206-537fc3c47898,2.17,tarama
1eb8153d-ac24-44a9-b6a8-4879e592e9eb,2.29,tarama
1ebdc329-39e0-4c39-8a29-6dc912353b92,3.03,kapi
1ebf1998-2556-41a5-8205-9b04b4309791,1.51,tarama
1ec0027b-5f04-4e02-a7aa-9ce087aa1947,3.61,tarama
1ec11b22-cbe3-4170-aee1-9d26a52cfd53,3.00,kapi
1ec44f0d-1fdb-4882-916c-90e7c432f6bd,2.94,tarama
1ecd569b-0060-48a6-bab2-b3ad17da4d86,2.36,tarama
1ed2bdd0-f35a-4b7d-bdc0-4a012b61ae51,3.62,kapi
1ee096ac-a8c0-42eb-a7d2-39713d05fb05,2.32,tarama
1eec6426-3cdd-4133-a9dc-52a5caec4e27,2.06,tarama
1eee3ba7-6260-495c-b1bf-d5e1424d58a2,1.49,tarama
1ef8504a-17db-49dc-ad2f-1f74a7e2b5b7,2.24,tarama
1ef98adb-3314-4743-9646-6b707c153633,2.45,tarama
1efb8950-df8c-4a46-aadf-6faa1e9d95b0,3.26,tarama
1efba519-83f8-4c0c-bfed-8becccefd92c,3.99,kapi
1efe7aa9-fd1f-4925-8ade-41653a20f1f5,3.93,tarama
1f019fc0-324c-44c2-a80b-8675523ef7de,3.08,tarama
1f0ca523-7f5a-40fe-b3ee-0195f90f5f94,3.04,kapi
1f101dcc-c6a6-44e2-8dff-f96790588f86,1.33,tarama
1f11aa6b-352d-4272-bd83-06fc27536cba,2.74,tarama
1f179f9a-1952-4e78-b44a-26b368047527,3.86,tarama
1f182572-2663-4bf9-ac36-3a750bdb8449,1.67,tarama
1f1f1a40-4ddd-4ee7-a011-4b34d797c9b4,1.99,tarama
1f29f830-2777-404a-a28a-6c13abee43a3,2.54,tarama
1f2ab939-e7ad-40e7-852c-95035f3681e2,3.70,tarama
1f373012-9eef-43b4-bea7-47af256f77e3,2.06,tarama
1f3cd883-91fd-436d-a2c0-dc03f86caf29,2.26,tarama
1f4f916e-8947-4185-a92d-20b3567aba82,2.20,kapi
1f527d40-0250-4252-8ae0-28cdb8aa72c7,2.19,tarama
1f549288-a47d-4670-ae97-365167142d8e,1.89,tarama
1f5ba94a-be55-42ec-b9a1-45458f0a6500,3.58,tarama
1f6419e0-e255-4aaf-b28b-a279f9266bce,3.42,tarama
1f64a3de-5ad2-4e92-a280-670c97fc9f87,2.13,tarama
1f69520c-4fb4-4492-bfa9-6be97fd3ab52,2.26,tarama
1f69b167-ee82-4220-b213-a349794ddbb2,1.92,tarama
1f6e81ea-1ccc-420b-a172-2faa68c75333,3.56,tarama
1f7b398f-44d6-4fcc-8541-ce7834e5c0a4,1.89,tarama
1f840fa8-1a6f-48c1-a942-76960eae23f7,1.51,tarama
1f8484f1-f7d3-4680-b7ff-4fa14a9f5c4f,1.91,tarama
1f8de820-68b6-47bf-bf7e-ecef416d565a,3.73,tarama
1f932b33-2b8d-4e02-90ca-401f92fbc4b9,3.55,tarama
1f97508b-ce5f-4f55-8dbf-9612d717ff04,4.03,kapi
1f996352-3fea-46b8-96b4-a335baf197be,3.57,tarama
1f9c8291-a6e5-408a-9d05-32d347aa74b6,3.37,tarama
1f9ca698-0d28-4b81-93cb-e025a6677d44,2.17,tarama
1f9fb4c2-d270-453f-9bd0-f28318d04ca5,1.59,tarama
1fa59ece-be3e-4c5a-b05a-2ec52cffb8e8,3.53,kapi
1fb4548c-f562-4637-89c0-01dba47aeccb,2.07,tarama
1fb45e53-9c59-4f3f-99c9-5b303011cd9f,3.64,kapi
1fb65cc8-4889-476a-b873-1384eb58ba95,2.15,tarama
1fb90ba5-7b3f-4a7b-aee7-38ed68f71a36,1.84,tarama
1fbb0653-7ed0-43e9-85f6-3f2be2a3cd84,1.91,tarama
1fc7d812-5db9-4b63-8e74-a230e2e0db77,1.77,tarama
1fdd6a6b-1718-4aaa-a43b-b3bbf3e01a36,2.00,tarama
1fde1577-5e44-4824-94bf-e3736ef559fd,3.40,tarama
1fe2bebc-e305-4a5e-b22a-fe8300802623,3.03,tarama
1fe74877-be85-47b9-aff9-e8397ee948fb,3.49,tarama
1fea95ba-21ce-443e-b0cd-dedbb9c6bb69,2.15,tarama
1feb8c8f-1e33-45d1-81d1-f3b54a802c6a,2.29,tarama
1ffbcb08-7e77-457a-93b1-29cd1d3685e5,2.10,tarama
1ffdca5f-1aef-4448-9f81-08e8a6b5a196,2.90,kapi
20010ef1-534c-44db-abbd-1cb1286af36d,2.36,tarama
2003939d-f760-43ed-851e-5e53da56045f,2.32,tarama
20071084-7e5a-4397-a51e-606df9bd092a,3.06,tarama
200e997e-d18e-402e-943a-5b96cd3d5a2f,2.89,kapi
201194b1-0752-4f98-8766-aa4d488c3ebb,2.69,tarama
20187185-43ce-49d0-a6e7-9426ed8585c0,1.32,kapi
201da6a6-e8ac-4fe0-b5bd-997abe64fa31,2.18,tarama
201e6a79-6c32-4926-9322-a14d7c90bf13,2.11,tarama
20210df1-0101-4f1c-bfaa-4dcbceb68d32,3.36,kapi
202275ed-7a48-43a1-9fba-136582f798db,3.84,tarama
202826ee-c154-437a-ad79-e30ebd276c89,3.69,kapi
2029f1ca-0929-49da-8ce4-0c0733849437,2.06,tarama
202ba965-5b16-4a63-89af-b81d84ec9ac6,2.09,tarama
20313230-ac17-46a0-affd-e3ce4e185b19,3.22,tarama
20355c3d-b54e-4357-b165-1da343902e55,2.80,kapi
20407706-1e76-4aa2-9316-7f985c79bf5a,2.47,tarama
2040acaa-9b53-434e-90f1-78859c5a169a,2.42,kapi
2041f760-63c8-4071-aae0-a58c4f98d435,3.04,tarama
2042e5d2-64af-44b0-afdf-9d05b19e02e4,1.38,tarama
2046244c-db93-461c-ae1f-a95c2cc34871,2.81,tarama
20481029-c035-4808-aca9-9b17f350246a,3.72,kapi
204b3e65-144a-411d-af93-a73832b00faa,2.39,tarama
204cadc3-10b9-438f-9188-9cc5f03cc6c1,3.60,tarama
20588e88-d16c-4f3f-a9ef-932a049b706c,1.67,tarama
2058a543-d484-47af-a51f-8effc83ca0da,3.38,kapi
205a0f32-c8bb-46f9-bb77-1b6e0185f2b7,2.96,tarama
205a64e1-984c-4d40-8e36-fc293a25e749,3.39,kapi
20667b56-3699-4c60-ab3c-d48026cd0e3e,4.12,tarama
2068f04d-2bdb-43a1-a91a-ca15295f334c,3.13,tarama
206f43b3-ce3d-4ffd-b97d-6c98d6a6748b,2.53,kapi
20742d6b-e0d2-4e9e-aa72-ed78c9d6b4a5,1.79,tarama
20771f4a-46a0-42ca-8665-b24bd76935c9,2.19,tarama
208297ff-ad7e-4a53-ac22-0cb023b8a978,1.90,tarama
20860c11-8b8b-40d9-b2d6-43e3d387a040,2.08,tarama
208a0e30-0196-413d-81c3-c28385baebf7,3.39,tarama
2092838c-c41e-4b9c-ad9d-0af21266254f,3.79,tarama
20958f5c-b4f4-437c-a57e-fdb2a9e68215,2.36,tarama
209baf4e-af7a-4f22-9792-9a1cfbcedb62,2.05,tarama
209e52ce-6772-4ea7-9d8d-be1638762f01,2.50,tarama
20a211dd-d7ba-4358-b6e4-00f9cad6a467,3.23,kapi
20ab624c-285c-436d-95cc-50949e967478,3.57,kapi
20add12c-498b-4e46-b48a-db3357db797b,2.12,tarama
20b20241-b5b6-479c-addc-c3dad8a29207,1.83,tarama
20bd0186-2e97-40b6-b902-74e4dc3845d5,1.74,tarama
20cfdf44-880f-4d48-ac90-e6f4a362dfa9,3.29,tarama
20d02efd-63d1-406d-86ba-27c538bdb385,3.94,kapi
20d3ea8f-d651-4429-b59e-00e1765e2441,2.69,tarama
20d80e6a-c7b1-4df2-89b2-a2fbce122f2e,2.02,tarama
20df9a12-79cd-4fb2-9ace-c45c8939445c,1.74,tarama
20e2f7ed-9e2b-40d2-8efc-507df792f7f9,3.53,kapi
20efc089-c01d-475b-b4a3-6c0333432e6b,2.02,tarama
20f09263-6b5e-458f-b1f8-a96627e08c73,4.26,kapi
20f60c7d-e048-4d18-adee-fe7f8e956e9e,3.21,tarama
20fb0390-a09d-4b73-a898-38f21c03c1d2,2.63,tarama
210139c5-6e81-459d-b838-8fcb5d8da770,2.62,tarama
21075ed1-b6f2-4df7-aa2c-3dfbb39d0b5a,1.93,tarama
21080a4f-2bd4-4fda-8337-4419f1681901,1.91,tarama
2114e2d5-a63f-4b44-bf65-e86766e7febd,1.97,tarama
211faf5c-d01a-43f2-b7b9-c1a597a68846,2.85,kapi
21202a05-ea23-4c4f-aa8b-37751c43bd0d,1.48,tarama
21219016-2375-42df-96a6-1b4c25bccf83,3.13,tarama
2124b140-e377-4127-938f-f845b448d80a,2.58,tarama
2126302f-1e78-4d2a-aeb2-c426859961f1,2.49,tarama
213504df-65f4-4519-9f48-70fa710349be,3.15,kapi
21386368-e2e6-4f20-8cc1-bf7639294dde,4.15,kapi
213eadb3-7956-45e3-b31a-3b1f1d8337bd,3.95,tarama
213ee1b2-89d5-4c8d-a221-d916cef10f0f,2.00,tarama
21426d58-cdce-427f-a7e8-3bb0ccc474d5,1.43,tarama
214927dd-0650-4ae2-b725-c50392f2898f,1.91,tarama
214defe3-edab-4742-8ddc-ac53cdb8ecba,2.73,tarama
2158bd86-7b23-4a53-bee4-bede85661a5e,2.13,tarama
215a679c-9923-4f09-aefb-a7bbddcb5da6,1.48,tarama
215eec29-82e6-4b14-8e55-0fc3c09a66f5,2.85,tarama
2167ca34-ed66-41b2-88fe-a9b8d841458c,1.70,tarama
216a5ab4-73e4-4f0e-81b7-43100a3f1f05,3.06,tarama
216b17dd-9bfc-439b-bb6a-711dde660ea7,2.91,kapi
216eb3e1-5e84-4538-81c4-aaa57480a83a,3.37,tarama
216edb98-34f5-456f-b75e-8d6006aad510,3.32,tarama
216f24a8-562e-4ca7-9a9e-e2247d05b046,2.10,tarama
2179547d-fe56-47cf-86cd-acad8031777a,2.99,kapi
217c0947-8872-454f-83b2-d155c3288a6b,1.81,tarama
217ceec0-91c1-4faf-8dc0-53b4669983c7,3.75,kapi
217e0242-32df-440f-a8d1-6b800d43a208,2.46,tarama
21844177-d8a0-4f78-ad5a-6be65f58a8d6,2.28,tarama
2188eff7-065c-4a86-aafa-8c849e58deb8,3.23,tarama
2189190a-7af4-49e6-ad38-4d7bfa93d812,2.05,tarama
21970fce-068b-42ff-b401-3d38429449b2,3.33,tarama
21972db9-5c60-48d8-a5ae-524f1627214a,2.45,tarama
219bc3f0-f052-4107-8e42-b23606574ef1,2.54,tarama
219f594f-9605-4833-9360-41d7b08cb886,1.63,tarama
21a397db-d5b9-454e-8816-d4bc294ff845,2.64,tarama
21ae19a3-a7e9-4e84-8b6b-1646709dae17,3.07,tarama
21b0ba99-6f33-439f-b34c-421c8c93623b,2.33,tarama
21bdc9b8-b636-4383-adc0-48cb0cfb140d,1.80,tarama
21be54fa-9a8f-4ad2-b915-7df2bce1aa67,1.91,tarama
21befb92-dda6-4c68-a337-d58b1bc4b404,2.51,tarama
21bf9be0-842d-4540-9df5-4a289c5683fd,2.94,kapi
21c10ce5-57f8-45fa-b76e-e38210ea22ba,1.43,tarama
21ce87dc-fa3c-41d8-bf31-268a3666e5e5,1.87,tarama
21cf9d9e-09d5-4057-908d-4e7857d1ce2c,2.55,tarama
21d21e50-b68e-43ec-a022-f69f30058a60,1.97,tarama
21d69e46-f2ed-4cc4-80cd-537770270af3,2.33,tarama
21dbc93d-f9c6-4447-b2f5-f78a8724a62d,1.77,tarama
21e27c16-1430-43c7-ab17-ff9b4a0d08eb,2.19,tarama
21e28ab9-b4f5-43f3-9564-edadc8683279,2.60,tarama
21e37e33-aca7-4757-aba3-f8a7407c1aa8,2.35,tarama
21e84a8d-d75d-4f34-8931-4343c7b9014a,1.95,tarama
21ebdff9-2f1e-4c9a-ba86-ff5e38dff35b,3.34,tarama
21f06f37-957d-4a26-a1f6-8a32bbc8748d,1.98,tarama
2201afce-43ce-46ef-8202-01f0db44ee54,1.68,tarama
2201e700-4ae9-43d7-8eb7-432c84648fe5,2.92,tarama
22116dcf-fb5f-4691-9420-215f3f82d11a,4.31,tarama
22167723-6d90-4eac-8fe6-36fb7e3347b0,1.99,tarama
22168b91-aa8d-49f5-b07b-54b4326437ce,3.14,kapi
22176140-1ad5-40a2-90e0-90ce596675b6,2.89,tarama
2218f5b7-7d00-4658-8153-91fcd7cbe1cc,3.07,tarama
22286a46-46b6-4863-8a3d-cf779ae3e377,3.68,kapi
223883c8-0086-4a47-8e9c-4ba44fac0789,2.93,tarama
2239f3ab-1559-4c3b-83db-480193e81b58,3.73,kapi
225520b5-c64e-4efa-9970-25cc1921f813,2.92,tarama
225b2f64-d12c-4aae-a4ab-ed0dabef18c5,3.04,tarama
2263c41a-7b34-4e01-9f12-c764fe3a0043,2.73,tarama
226f284b-526e-47ea-a8fd-6ef0659f4b2d,3.60,tarama
22704d72-83c2-4914-9f51-e6c4a6719366,1.86,tarama
2273d444-7769-4551-b11d-87f6e1caf816,3.13,tarama
2275f5ac-5f95-49dd-8e15-4f90a4c7173f,2.49,tarama
2278c8a5-0f30-4d9c-b180-1919e9f82f0d,2.98,tarama
2290a2f3-8a13-4562-b58e-d38450f34c7c,3.13,kapi
22957d4d-d3a4-43ab-9a6e-c87adf7cada6,1.86,tarama
229c1bb5-be99-483d-8634-c2f6b769546b,2.97,kapi
229c7b79-9220-42e3-aeb7-114ee5198cc4,2.63,tarama
229f6073-90d5-49a4-9b0a-4015bebace89,2.15,tarama
22a0c4e1-67cb-4237-8d4a-d7cbd398d98b,2.76,tarama
22a10f3f-8bdf-4328-9371-53764625bb36,1.83,tarama
22ab6e12-471b-4eba-95bf-7e1a6b6005f3,2.02,tarama
22b02da1-fe32-4e26-82d0-8089a582b1e7,3.33,tarama
22b6fca4-7f41-4beb-9954-ed11c40d193e,3.33,kapi
22b837ec-c1be-4294-baf4-dcb6d1c765ef,1.85,tarama
22ba732e-7570-4610-843b-ea300970cab0,3.78,tarama
22bada13-3344-4fe9-89c5-675503a659b1,2.23,kapi
22bb0241-3caa-4331-bdcf-d51b8fc53b10,1.86,tarama
22cb7979-2850-4459-a459-03dd20f20e6d,2.67,tarama
22cff7a1-62cb-484e-b869-b7162385e356,3.76,tarama
22d04ffd-0c38-435d-bfd4-2f5fddd08518,2.14,tarama
22d062bf-d2a3-4742-8698-49ff7b703e0c,1.95,tarama
22d0d3ac-762a-4086-9a28-0c65169d7605,2.76,tarama
22d3fd97-48d2-4f5a-8890-bf7d569ecd68,2.99,kapi
22d69bf5-07f3-4bf5-80aa-d397d29699ad,1.43,tarama
22dea7e7-7c39-429b-b1c6-2ae4b2b80138,2.91,kapi
22e5c70c-1934-4495-a08c-2027e0a1aab4,2.84,kapi
22ef390a-d119-46c7-92e6-687457d615ec,1.87,tarama
22fbee72-6705-40b5-a026-7729ca282c62,1.00,tarama
22fc5f56-d3ba-43d7-8b96-01c2a351936a,3.45,kapi
22fe2e0e-800f-4381-bbf7-bdbbed754e26,3.31,kapi
22febae0-d245-4ceb-aee3-d6b9a1379373,3.05,tarama
22fedc13-048d-41ba-8474-a136188da9ec,2.13,tarama
22ff50b9-5558-4d53-ac8e-5f285d714336,3.65,tarama
2303a18a-ba73-4784-9893-521babfad06a,2.17,tarama
2305417f-0ace-461a-9061-878dd2228316,3.52,tarama
230b3f48-b83e-488d-973b-89d84eafee64,3.50,tarama
230bafe7-4940-4c31-9b9d-020bf9655317,1.89,tarama
23111079-2f23-4bb8-8a70-79781a283bb8,2.00,tarama
2313ea53-dd97-420b-b776-0a31f706b8a0,4.03,tarama
23175c2c-f28c-4db5-8227-932f82b7b4f6,1.48,tarama
2317fff0-9298-46e9-b488-04e34c9f7607,2.20,tarama
231fa569-6891-48bd-af4e-7236738323c8,1.35,tarama
232303c1-b77f-41be-84bf-da2b77ec856a,3.45,tarama
2325b035-6290-4e53-b122-108bf7c245a5,3.65,tarama
232a8deb-9e51-48e5-8901-d08d7f506c40,1.26,tarama
232bcbaa-f7fd-480e-ab28-fae3a018ba20,1.98,tarama
232ea695-e8ae-44f1-956d-db3a9b9c3992,2.30,tarama
2333a3e1-43c0-406c-bac9-3f41f4b5d970,2.12,kapi
2334af16-3055-4083-8d0b-d15ad413dbdb,2.35,tarama
23390c18-b7ca-44e7-a7ac-19f2ed8b266e,1.87,tarama
23429f10-4d54-4565-9049-3143e53a8171,2.07,tarama
234acc07-c41f-4513-9719-391df284a96f,3.17,tarama
234db5bd-f785-4794-9fb4-9205deedbd0f,2.06,tarama
2352087a-e2ff-44b7-9664-d781c8fedaf4,3.11,tarama
235404ed-52d7-4e8f-8aa1-ac70a211da2e,2.53,kapi
23590a54-5e86-46d0-8246-d565edd7d56c,2.72,tarama
235f8375-cf29-4f8e-8f8a-f7f69a6653a0,2.32,tarama
235fcd1c-700b-4a27-af92-73d7e4c7996b,2.42,tarama
23605093-6d3b-432c-a19e-21e0ed2c1629,1.58,tarama
2361947a-d0fd-47de-836f-be945ffec252,2.38,tarama
236686a7-e580-43a9-b599-38022a767d89,2.22,tarama
23668933-7a36-4396-9cae-45480f0e97b1,2.88,tarama
2369867e-22ed-4e06-80d8-c68403155df4,3.31,tarama
236d705b-91e7-4d47-8a83-6b0a006c0fa9,2.07,tarama
2372613e-f365-4605-862f-51160e4ad9e7,3.40,tarama
23765dd5-705f-4162-b035-1e18111754e8,3.77,tarama
2378e52c-1951-45ce-9a08-38283c51cefb,3.55,tarama
2379d9e2-a427-4ae3-8d45-d8abbcc3016e,2.51,kapi
237ed964-ea30-4d13-b463-0f763cfc8d72,3.94,kapi
23879449-ea36-47e6-8d58-47caf4d49320,3.15,kapi
2389706c-29f9-40a6-908d-616863a0c018,3.48,tarama
238a5ea6-5803-44c2-9e6f-11a0b4feff90,3.48,tarama
238be37a-bd49-4961-a0a1-bc034b40edab,1.55,tarama
238e83de-f588-4335-9a1a-27908e0a4017,2.85,tarama
23908544-e9a3-4a21-b003-ef350eb2f29b,3.38,tarama
23916029-f66c-486d-af3b-ee145e22b095,3.18,kapi
2396a312-60b5-4d00-b6c7-c0827ca00990,2.62,tarama
2396af96-2a84-4c12-9c3f-2f2669453294,2.55,tarama
239bab29-80e6-4100-9252-525191207691,2.20,tarama
23a7b483-b7dc-467e-a487-6fd7623d14a5,1.62,tarama
23af606b-cc15-47b1-a631-1a9a4a926390,1.62,tarama
23c28f89-9419-4cb9-9cf9-b1b81330635e,2.01,tarama
23c2d263-559b-4343-bb85-ca68684f08ba,2.07,tarama
23c55585-7dd8-4e8e-b8da-1a575683e02a,2.37,tarama
23d035c4-1faa-499e-a37d-52c375fd2eff,2.19,tarama
23da29c3-2838-4776-81f7-fd283c58457a,2.46,tarama
23da9408-49e6-478a-bee6-fad108a6d86c,1.34,kapi
23dfe6ae-4deb-4a73-9e32-56c3f8623882,2.05,tarama
23e0e262-a11f-48c3-ba37-f44de27beca7,2.18,tarama
23e7e3ca-8c9a-4b4b-9071-54c74f8cedc9,3.79,tarama
23ea4fbe-b3c8-444d-87f7-adc156ec4887,2.01,tarama
23ef6962-18f1-48b1-8e23-100bc207533c,2.27,kapi
23f1d3f3-05b9-4d7e-a138-3cb740169c16,3.63,tarama
23f67979-bd53-4975-ae16-d155521c89e5,1.99,tarama
23f88bb5-b7a8-4098-846e-4869c7035c83,1.65,tarama
23f99efb-39af-47a2-87ed-48d0ca00dd8b,2.40,tarama
23fb40a7-485f-4ef3-9828-9c10e83d0404,3.64,tarama
2400c36c-3ae1-4e95-9c53-07e84ad2e289,1.94,tarama
240911d0-963b-4fd5-85e9-074de80b112d,1.44,tarama
2416da4a-05de-4d31-9c57-be0c5dfcc33d,2.00,tarama
241ce632-13ab-4dfb-949f-d2f755811968,3.52,tarama
241ef441-ca7c-49f6-bb7a-b76e79271969,2.98,tarama
242bd54e-71fb-469c-9cbe-1f383b704fbb,2.51,tarama
242dd6a8-0dda-45e3-a2c3-5073b95a836f,2.12,tarama
243317d1-d1e7-47c6-9901-5573daf72a9f,2.63,kapi
2439b88d-c0fc-4f7f-9ea5-3d3fcc354e1d,1.78,tarama
2441a109-ca55-496a-bd26-ed26c3471d71,2.29,kapi
244adf5b-a485-4207-9ee8-da73b4bf0b47,3.40,kapi
244e0e4a-705b-4e1f-adf3-87e765ad0685,2.15,tarama
2452e982-4681-48a0-9c4d-72c78ae9787d,2.01,tarama
2461d4ee-18e8-4373-b768-8b26fd0497ce,3.01,tarama
246cdc91-3dfd-4460-9853-7041ec192773,3.37,tarama
246f3f09-254c-48f4-9618-2ec520b54b1a,3.58,tarama
247e8077-f5cd-4206-9076-a0bc07a8c0ad,2.95,kapi
2489a1a7-2235-4121-9de3-2ad0316b75ad,2.65,tarama
248b8d0f-b762-4a5e-893b-6e3da346bff5,2.15,tarama
248bdc74-0165-4c68-806e-7498fe38a057,3.83,kapi
24914155-9b27-4694-b098-6fdf0bff9103,2.49,tarama
24958e25-4bc2-477b-8a72-b103e13f9220,2.14,tarama
2498d2cd-24dc-400c-a171-bd500ecaf05f,3.59,tarama
249a0948-c361-4131-9ccb-7fec9760179d,4.14,kapi
249bbf50-802f-4b6b-9fad-8a6c859b0f03,1.81,tarama
249df8dc-8980-4c79-9836-b5a9f9b8cf4b,3.28,tarama
24a0ecde-9246-4a9a-b3a3-34fb4a17a3fc,2.03,tarama
24a2be92-08af-4dee-af88-7e8f04c80faf,1.62,tarama
24a2bf3e-bd1c-4331-8056-6ac9a6c15060,1.75,tarama
24a51bff-be23-433b-8c29-9d76f69fafed,1.99,tarama
24a82730-0370-4153-aa1b-71f7839463bf,2.55,tarama
24adcdde-a880-44d3-abee-f3b2ad7313bc,3.32,kapi
24ae2f64-cf65-4839-8c7f-b8de751aa23b,3.54,tarama
24b4db5d-d289-44fa-9f2f-0d1e48456c4b,3.37,tarama
24b66787-9ee6-4e80-a61d-f19d6ae6318b,2.17,tarama
24bc2683-223f-4c93-9c05-276e2c4ff7d9,2.61,tarama
24c0a5e4-5af0-4699-a49d-280f342d2f12,2.00,tarama
24c89d47-a0a5-4564-b964-f29190cbb057,3.09,kapi
24cd4f81-6c3b-41b7-8f6a-953750660203,2.96,tarama
24d3a9a1-cb32-42ad-a881-97833a2d2c58,2.67,tarama
24d6babd-6ba7-4c79-946e-1cf9cedcfe5f,2.78,tarama
24dfe4e2-584d-4d7e-9815-9f83537f6c28,2.19,tarama
24e04e4e-23b3-41bd-80a5-63d51a200468,1.25,tarama
24e09a6e-9119-40c2-a437-b5a1eeb9d441,2.62,tarama
24e4c050-b8d5-4042-ae04-d2f684918c95,1.39,kapi
24eb2e4f-d388-4286-8783-3e2fce7e791c,2.43,kapi
24f36bde-1f4e-4cbd-91d5-07da0b19be2b,1.92,tarama
24f6cd2c-b2c9-4e3c-8435-a12c7169b38d,2.22,tarama
24fb5b4a-fe8f-49d6-9517-496eab6fe461,2.54,tarama
250541ce-343f-420d-a2d4-69adc6016af7,3.93,kapi
250c5995-624c-4fdb-8432-c5176a7f2866,3.52,kapi
25127704-2ba6-4c39-82ce-b7542423d41b,2.93,kapi
2513221a-762a-42d2-93d3-968e0400759f,2.00,kapi
25176a4c-7814-4c76-87cd-3ed4301301b3,3.37,tarama
251d212c-1488-435f-8d02-2577c6bf887b,2.03,tarama
251f9743-8f60-457c-acbd-0e1464a0c797,1.98,tarama
2523c340-90d6-406b-899b-5a76e09070b3,2.03,kapi
2526ee15-82b8-4412-8b65-fc613e88c10a,2.56,kapi
253693c0-ca17-4444-8160-533081aa2371,3.79,kapi
253d7ccb-d43d-422a-a16c-fddc4030fa94,3.56,kapi
2543be5f-c8ff-48ba-9f44-63e07fa52f11,2.08,tarama
2543d123-60ba-47ec-aed4-6188a44dd381,3.18,tarama
25445f58-7080-4980-8c59-20e38981ed51,2.36,tarama
254726db-a535-4e9d-9f47-f0dd03f83405,1.90,tarama
25568233-4635-4b34-a812-290bd71c788f,1.75,tarama
255dfd17-fd7d-4880-8f41-c53c723c7710,2.93,tarama
25665e5f-c7ac-4b66-85fa-b25f00bc2688,3.82,tarama
256d9947-502b-4ae6-a51f-5306e9345a3b,1.92,tarama
25729dcb-bc0e-4c23-b036-9be64d962b88,4.02,kapi
2577c31c-9ffb-4e85-bfd5-a30b229be389,2.99,tarama
257d01aa-6053-4e63-adab-c6d93060a9ae,3.66,kapi
25829ff6-eb42-4ff1-a8ba-ebdc1760d799,2.35,tarama
258c9924-612d-4ad2-a8d0-3d4b2e959ee6,3.28,tarama
259452eb-758b-4c21-bcb9-5f6b7e9a1eb0,2.20,tarama
25971c96-bf0c-4956-8d89-e29d559eea63,3.38,tarama
259c1528-f582-4d42-be5c-9b9f4993ef95,1.50,tarama
259c70dc-3845-4a99-b5e0-98798842124d,2.80,tarama
259e1508-d4f8-4e4c-b7a7-2d44b299894b,1.74,tarama
25a0d005-38c3-4ea0-91cc-8b8a8c50fc63,3.41,kapi
25a1c73b-c752-44c2-864a-03ccff935890,1.25,tarama
25a3de91-185a-43fc-a812-421f61efd2d8,3.71,kapi
25a7caa4-3689-46b1-b183-04d258116f5d,1.74,tarama
25a7fdef-cab8-4cbd-bc35-b92e1a9e0af6,3.08,kapi
25a84b7b-3071-4f4d-9844-7836bea7a40a,3.65,tarama
25a9bab6-0060-49ed-9e23-82a80797163f,1.76,tarama
25bdb466-8b21-44f1-afa7-3349540a8c32,2.69,kapi
25c35026-eeac-4f0f-8f92-817e3aa7981f,2.48,tarama
25c73703-9524-4110-a8f9-fd284aa95e8a,4.04,kapi
25c86c14-bf28-4293-bf16-5a4e0f66ebc4,2.53,tarama
25cb6216-f5c7-4763-ada0-8a33747f4749,1.30,tarama
25ccd185-274c-4d06-a9d4-bfb9901e8b89,2.20,tarama
25d3d2d1-87d4-4e42-acbd-04166655067c,2.38,kapi
25d66301-5e37-4f01-a94d-2df808f1b8cc,2.53,tarama
25d7f2e9-e311-4531-823d-ab48e4cdcd04,3.47,kapi
25ddcbbd-58c2-4166-ba16-18c8fecb4edd,2.67,tarama
25e094d5-0aab-48ac-a228-76b30fd99026,3.04,tarama
25e4f2dc-88f5-4456-882e-3bc922c4ba11,3.43,tarama
25e59f67-6c72-4a80-a07d-b09b7376c34b,3.21,tarama
25ecd865-c140-4bff-bedf-f3e5db745ead,2.28,tarama
25f05b6c-b36d-452e-91d1-857f7830e905,2.41,tarama
25f0c79b-b57a-4e11-aad3-91ed5eaeb9a9,2.04,tarama
25f0f4ca-4a7d-4a06-8094-3e433de266b8,2.33,tarama
25f4805b-78c8-45c1-8a50-5db1c5c625a7,1.92,tarama
25f493b9-68dc-4414-847d-589e0a4ac57d,2.62,tarama
25f88194-0e7b-4065-a651-e86ad4769d8f,2.54,tarama
25fd44ec-6e09-439a-94ac-85e704e68f52,3.18,tarama
2603acc0-86f0-4d55-b586-1477ef6e3a1b,2.80,kapi
260406e8-0e8a-4d66-baf2-d5bf7c2afae5,2.43,tarama
2605a484-303d-4189-b07a-f5f0ddbc4dbc,3.45,kapi
2609c35c-1aa9-4c9f-a400-6bf1eb5b7ec2,2.00,tarama
260d42ab-0551-4a1a-8493-8ac8fccc8628,1.72,tarama
260f2807-4a86-43d6-8602-01b56c8cb2b9,3.35,tarama
2614471b-8919-4935-86c4-3d654048c562,2.27,tarama
261721ef-79f9-4dec-899d-da89e12f9e8f,3.04,tarama
2617a91e-1c86-4812-acfd-bab1336428d6,2.30,tarama
2619aa7c-7483-4707-8a13-5e9332aa840f,1.49,tarama
261f410d-ed6b-445d-af12-bbd3342b2eb7,2.77,tarama
26309ecd-2dc9-40d3-96e4-c5e24e5e24d5,2.39,tarama
26322cad-516a-4511-94ed-add291a6728f,2.30,tarama
2635225a-a32b-4bc0-a0f3-e5ec49f02629,1.58,tarama
26376ed8-a893-4aa2-825d-3668c7d0ddec,2.98,kapi
2637b8fa-644e-4cd6-875f-71db7f2ae9c8,2.16,tarama
263b83de-4273-4762-bc26-4fdbf5e52c39,3.21,kapi
263db0ac-6524-4c17-8e8e-293580583484,2.19,tarama
2644db9f-d107-4f88-8395-80dbd786ac92,2.72,tarama
26450f0c-aca6-4f03-a681-5ec75dd6428e,3.03,tarama
264ae88e-87f9-412c-a1c1-a01fb84d90b9,4.01,tarama
264b87aa-2f1e-4d54-810e-430b545b6800,2.77,tarama
264c62de-a23e-4951-9eec-ca53bee6700b,3.94,kapi
264e297b-85c7-4957-9775-309cba93c707,2.04,tarama
26512669-5309-498e-a0cc-34d958c18b5e,2.56,tarama
2657ee35-c8b5-4bcf-8d47-1aa59b346769,1.88,tarama
265c8c70-70cc-42fa-a3ec-2f6872b6f3f1,3.30,tarama
265e7aa8-fbf4-4264-8b5a-f7452ec90a71,2.25,tarama
265f00c9-c998-4c5d-94e7-ee9dbb05ea12,2.70,tarama
265f066d-b881-4246-ad1e-6b480b08718b,1.76,tarama
2663136f-8cf6-48aa-8127-2c759e80dbe3,2.98,kapi
26652468-faa3-4c9c-91f9-a37f7c6cff8a,3.33,tarama
26657dcb-1bb6-4288-99ec-4318323d6b15,1.99,tarama
2666d6aa-a371-4c12-8c0a-e6e9684a3ce4,2.03,tarama
266f614a-04a9-47a0-8055-ff95472afc5e,2.00,kapi
26720c69-42f9-4be1-967e-6b65f73fa50a,3.66,kapi
2673cc3b-31bd-4f8a-9b87-dd4136462980,3.00,tarama
2675d03f-dc87-42e6-be89-841bf0bff92d,1.12,tarama
26801379-fb7f-4213-bad2-f517c8d00576,3.59,tarama
26847d00-b63b-404b-9c0c-8075c4c40a9b,2.43,tarama
268c5933-0602-4dfe-a529-133b1d7b4c76,2.52,kapi
268e4d85-0d5e-45f4-bd1d-93c5daec0b46,2.18,tarama
2690bd36-8784-4375-9d31-d92e04b56d1e,1.01,tarama
2693038e-e0d6-408d-a8a0-41e84f2dea48,3.23,tarama
2698b5c3-22e0-4c17-87eb-3f7fbbecbf81,1.98,tarama
269b33d2-3882-497a-bfe2-904302cab1bc,3.01,kapi
26a04d8d-56d7-495c-8109-e12d386f6023,2.14,tarama
26a2c97a-b514-4b6b-acd7-ca929c80156b,3.23,tarama
26a4553e-146a-40f5-8c30-243f3b3d79c8,1.90,tarama
26adb786-af84-4d0a-8fe8-8312d902e098,3.24,kapi
26aeeb6e-dcb9-48f0-801e-cbd819793e60,3.90,kapi
26b701ec-e114-4b0d-a507-f224baf2f8d5,1.51,tarama
26b78055-0bd4-4dc5-97f9-05c27a9612ce,1.77,tarama
26b7d439-bb66-44ca-bdb7-14500882b57c,3.53,kapi
26bceace-4de7-4795-b960-e260f0bb6bbb,2.90,kapi
26bdc79e-1a92-4c3f-a178-8baee4a1cc11,2.32,tarama
26c6e8e9-7453-4b33-95f4-4859259eb2e6,3.21,tarama
26c7501c-47db-4ec7-b50d-24d70b7ba823,2.74,kapi
26cae067-350d-4cb4-81d6-47c61ec0bf36,3.49,tarama
26d365cf-bbae-4e9d-8f96-6eb53a2e63e7,1.48,tarama
26dcfb4f-6053-47e7-bf8c-3f25ab3d37a8,2.91,tarama
26e022d2-2de3-4a7b-a47e-87a8151067b3,2.13,tarama
26ef2bbb-1553-4f85-b916-6435e24b7df8,2.97,kapi
26f67e09-f311-497a-8637-3361248e2869,2.48,tarama
26fff2db-9c74-43e4-a724-3ea3e982719f,2.31,kapi
26fffc32-81b6-453a-9594-63e72f9608cf,2.27,tarama
2703ec68-28cb-406c-bf1f-3015e690babc,1.74,tarama
2704ff30-6b7f-49ae-b63f-77ea18a7e669,2.56,tarama
27064601-6ce9-47b3-a54b-ab7ca10134fb,2.00,tarama
270ccc04-168a-4d13-a717-e2864f8672f1,3.31,tarama
270cd3c9-73f4-41d6-a817-32c43c9c3eb2,2.18,tarama
270ed030-a295-4b73-a910-fbe255f0da57,3.09,kapi
2719ea7e-dc33-4242-8576-367ef1ecf7b9,1.96,tarama
271b8ef0-ab54-4e4d-bd6a-9f649e447ff9,3.97,tarama
271bf72a-b6c9-4b86-a4f0-ae2a60ef96dd,2.35,tarama
27204810-554b-4840-b5d0-e86a891f6867,3.12,kapi
2721eb1b-0b29-4c4a-83f6-fdca5bd9adfd,2.23,tarama
27255261-dd1f-4d0d-b63b-bf3cdc50aa48,1.83,tarama
2729e9e7-bb4a-4f4c-ab58-488cfd7ea613,2.89,tarama
272e9691-1b75-4f46-8816-06f4a6692905,2.63,tarama
27366326-e84b-411a-a1d1-e61d77cb9dee,1.00,tarama
273ede0f-0de9-47dc-84f4-643b0af9308b,3.69,tarama
27476273-77ed-4032-9164-09e1a7c02880,3.12,tarama
274e9060-7ac6-40c6-92df-cb65cd3532e4,2.03,tarama
2750c56f-272d-45d1-805f-0db5301c4443,2.58,tarama
2752095c-e157-4acc-ac77-da47d303a5d1,1.97,tarama
2753c0fd-fed1-4011-8075-427a3e61e0ee,3.64,tarama
2754b881-e7ef-4043-885d-fd66aefc737b,3.02,kapi
275830e6-231b-4e99-a3f0-766c610506ff,1.85,tarama
276388ca-2956-4316-83b7-586f41b97b96,2.10,tarama
2765dcf3-b52b-4ac6-b97f-4b2ad0955947,2.55,tarama
27681dc1-1cbd-404b-b29f-71f5ed14ebd5,3.03,kapi
276e9f69-639b-432b-a6f2-bdc4fb8ed091,2.43,tarama
276f0a8b-73c4-42be-9563-fd9f3f120788,1.73,tarama
27719fee-2800-4000-9282-78c147f3fa31,2.31,tarama
27783045-5847-4bb5-8ac9-378af2da267c,3.42,kapi
2783690d-c8cb-42ab-8481-ca77d1628230,1.24,tarama
27851994-04db-4ca5-9868-ea97c2ab7e8e,3.21,tarama
2786a1dc-671b-4b35-b9ae-0eaa3cb868e8,1.71,tarama
2790e093-e6db-4eff-9434-202e6e261b14,2.87,tarama
2796e385-f5d9-415a-a192-bf4ee7740869,4.09,tarama
27a031e8-f361-4ba5-bf3c-7604a17f262b,2.26,kapi
27a1d749-1920-498d-a012-f760086668bf,3.66,tarama
27a9920f-493d-4161-9673-50ac3273873f,1.29,tarama
27b700ef-6392-4cc2-a0a6-16fe385a2c86,3.00,tarama
27b85340-988e-4cbd-97e8-c1ad187010e2,4.10,kapi
27ba147e-b843-422f-b523-4fd075db717c,1.16,tarama
27c21615-bdfb-41b2-a6c1-43a481eb349c,1.99,tarama
27c46004-1891-4102-b1ba-d603a2679532,2.43,tarama
27c598af-a189-4b8c-9194-849d1126d67e,2.45,tarama
27c7e21e-0b19-488a-adaa-ee24dcdda7e4,2.99,tarama
27cf2e14-93d9-4adf-8d19-4b24f0aefebd,3.19,tarama
27dbf0c3-da97-4329-ab1d-f34eabbeed72,3.27,kapi
27e1aa5b-83dd-4c3e-997c-d7ccee258368,3.25,kapi
27e47d59-d966-4815-b1ef-ec1b3046df7c,3.72,tarama
27f0aef2-b859-482f-a668-6a52486e531c,2.39,tarama
27f22710-f307-4f59-90fb-a7b7e9dbc8e6,2.17,tarama
27f7e270-909e-41b0-b660-3795bf79817a,1.57,tarama
2806d8c6-9c38-40bb-9958-be6eb9411f3a,4.11,kapi
2814f923-e311-435d-80a0-03e87debbcde,3.31,tarama
2819d372-52d3-49aa-942c-27ec6b7553a3,2.27,tarama
2820e471-cc71-4697-9094-9d4de2514f04,3.28,kapi
2825a295-d5f3-47d5-a67a-eac6f1c9c147,2.49,tarama
2827d47a-e25c-4a8f-b93b-d3b3f3284da7,2.01,kapi
282c28d1-def0-48d0-8686-8c802b6008cf,1.81,tarama
282fc1da-3e0d-4cf3-8c2d-f566089cfce6,3.60,kapi
2832b717-b32a-4311-864c-74d9cb6b30d9,2.75,tarama
2834a482-42c2-4acc-a204-ebb9414e4b7a,4.16,kapi
28388241-ce41-40ce-a938-67a5cb166cc5,3.54,kapi
284c35f4-aaa7-4679-9a78-95a89b9dee0b,1.88,tarama
2855e766-b61c-4d89-a3a8-b58000b6a9c6,1.74,tarama
2857774b-bd21-4a32-b982-46abba846a44,2.03,tarama
285a33f9-b51e-4ec1-8c37-4a357794bd4d,2.96,tarama
285ba21d-aeb7-458b-8488-a3b05a8bc4fc,2.15,tarama
2860f06d-e629-4f86-a21d-ec29e935070e,3.19,tarama
28615d8d-6797-46c6-a6da-9a013e35a2d8,2.62,tarama
28675af0-c011-4f51-a785-bd61ea6cbf29,2.01,tarama
2867a04c-e443-411c-9962-01021733b266,2.43,tarama
2867aae5-d440-40d2-ba74-225c855da281,1.36,tarama
286d801e-5568-475a-b1ca-c742995304a5,2.10,tarama
286e87c7-642b-4e36-a1fd-583aea0a3edb,2.19,kapi
28703b1f-9a60-4b0f-bb7c-e6e8ade5372c,1.96,tarama
28723064-7a9a-4814-8062-c9913114dd1f,2.62,tarama
28723b5e-4c3e-40a7-92a8-ce91f43ede94,2.47,tarama
2874bdab-1445-4620-add6-4d40cc1a8c7e,3.93,kapi
28757fef-e73f-4ff1-b303-60eeb66f673a,2.90,kapi
2878e76b-b994-4708-b88b-ac3cb1c2de20,2.10,tarama
287e73d4-df2e-4a20-8a99-0872226c6494,1.85,tarama
287f507e-8a62-4059-a1fa-8c51a4841cff,2.80,tarama
2881ae68-c26c-489e-9703-21a486b5aff2,1.71,tarama
2881cd38-3551-41f4-b7c9-6318b2a0a914,2.49,tarama
28890522-bc40-44e4-9fb5-197a4a14055b,1.88,tarama
288a5b53-4ac1-4656-ae77-a5cb473f0d53,2.53,tarama
288b5de3-debb-498e-9d22-ab73d883b651,2.30,tarama
2895214a-5ce5-48e5-b595-70e89504e809,2.75,tarama
28a45963-f41c-4e2e-9a9b-0fd7ab405b49,2.49,tarama
28af0072-6d03-4b08-9414-3d50b53b52af,2.18,kapi
28b8f016-1dc9-4afa-ae9e-5b4b6e9b39f2,2.75,tarama
28c9bf20-613f-4a0b-9e2e-28cb5129864e,3.92,kapi
28ca863e-4f94-44d7-b1c9-53cd165f3700,2.60,kapi
28cc0e74-6217-4eee-b261-fe3312439c18,2.42,tarama
28da4c24-1ac2-4ae4-a433-9dc216ae1640,2.81,tarama
28dba416-4e10-45e9-baea-b57086fec585,2.50,tarama
28e5adbb-1c10-4249-976c-ce6d7aa0de20,2.68,tarama
28e7389b-fe4e-4d49-9ce8-96e585378891,1.50,tarama
28e7bc25-89c8-4612-8823-adf31ff17895,2.49,tarama
28e88bae-4f55-4f8a-9612-96a7ea2fbdd1,2.78,tarama
28f367df-bef4-483a-8810-d2dcf8228efc,2.81,tarama
28f5d1a8-8de3-4723-a44e-a038131ba14f,2.02,tarama
28f8dc54-c76b-4871-8877-b6d94e290b5b,2.27,kapi
28fc1bc5-7210-409f-aae5-98afff914489,3.38,tarama
2904cb80-cd16-4d67-a1f8-094bd60aefc8,2.68,tarama
2911c63c-5a64-484d-bb86-172a5b84e43a,1.65,tarama
2914c00f-2733-4df8-97eb-0b315629a1ad,2.11,tarama
29211df6-9b2b-4058-b234-0ae0b50ce41a,2.03,tarama
29283191-ef30-4749-9bb7-4e050312cbbc,2.50,kapi
292831a5-92d9-4007-86bb-e31c528cd458,4.32,kapi
292d5287-0f48-4452-a906-577af300915e,2.46,tarama
292e61d9-17d5-40a3-827c-98a24f807426,1.39,tarama
2931fab7-ec8e-4ada-be25-351e8c0cfff3,3.71,tarama
2934ba18-0c75-4d98-8acd-d37ab7c065bb,1.43,tarama
293b9fbc-2a88-4e16-b311-7b84d248cda0,2.34,tarama
293d8ba9-7bed-4d2a-b6cc-1b9f235514cc,2.77,kapi
293f4b25-fffe-4768-9eb4-6452bf7e8d27,3.28,tarama
29413d96-dd1f-4993-a38f-393a91282dbc,3.66,kapi
29447a81-30e2-447f-bbba-5fd6fb24312e,1.77,tarama
2945f09e-29f0-4a4f-a70e-de296fc1c15d,1.72,tarama
29478271-e358-4252-9cbe-1d1e786884f8,3.15,tarama
29538c5f-6154-4d00-87fc-b2ac599146d3,3.36,kapi
29546f85-342a-4f0a-a24a-f71c745f0082,2.73,tarama
29573471-18e8-4344-9515-7de17cdcc90d,2.93,tarama
295d7842-9961-41f3-8381-72e17773669f,2.78,tarama
296006e1-ce9e-43cc-9d5e-2d488524c5db,2.04,tarama
29646e12-8db2-4cc2-a686-b28e59b07c3b,2.94,tarama
296871b3-8cc2-4db4-a5f5-0a7d39fe955d,1.46,tarama
296a53d4-7874-4c8d-89b9-91b98c1c3dd0,2.54,kapi
296b9855-0679-49d2-bf38-2f77fb47bfcd,3.19,tarama
297057c1-fdfe-4a74-a9b1-7a4c06fc4e91,2.95,tarama
29786aef-5afc-49ec-a781-b2c1f1cf993f,2.00,tarama
297afb2d-a25e-4864-bc70-f00c64390298,2.41,tarama
297dbe8e-e338-4f37-b7be-30486f7f476c,1.67,tarama
2982bd60-cc30-4390-aa7c-cb34f2853e97,2.47,kapi
2986b92f-f814-4d2f-8634-9b81384200b1,1.90,tarama
298a98f1-c702-4e81-b7ee-b40f3ec85f07,2.48,tarama
299279ff-1b02-4f06-86ce-ac73d5a43579,3.20,kapi
2992dc9b-a432-44d2-b22f-d562a1ecba55,3.42,tarama
299b54f0-9110-4e98-b51a-ce827a07b2a0,2.43,tarama
29a043b5-585a-42a3-bfc9-a432078df38d,2.69,tarama
29a1e4b1-bfa0-4813-b784-044d5eb10739,2.95,tarama
29a2308d-1c4a-44e1-a82d-16e5fc42f9c1,1.87,tarama
29a41ea9-a652-491f-beac-5a330c5bd42c,3.19,tarama
29a6d334-aeb5-46be-854a-e8a8b67c6d4e,2.09,tarama
29a74026-0d99-461a-90c9-a2928277f70c,2.37,tarama
29a80c29-ca0c-4869-924f-3a9e877d2fff,1.67,tarama
29acdb46-0e7a-46f7-aab5-899cc4acbd17,2.76,tarama
29b2b40a-3418-4c98-9f38-358452847b4a,2.68,tarama
29b5ff19-05f2-4597-a197-52065e403ba2,2.70,tarama
29ba991e-fcdd-4974-8eed-290472efef2d,1.84,tarama
29bbd422-3a43-4750-b012-35e66d572c69,2.00,tarama
29bdde39-8e29-4132-8ac0-178ba239e9ea,1.11,tarama
29be1a34-e9f4-4c71-9e76-20f58d83e820,2.50,tarama
29bef700-1284-4c93-b99b-ab40cdc138d3,3.05,tarama
29bf3d0c-be26-41b3-89e7-a6b321ebd5b3,3.29,kapi
29c9d916-a528-4efa-951a-8b19e662c5ba,2.08,tarama
29ca6117-7b29-494f-a700-2e9e9d36b0a0,1.12,kapi
29d43f32-a738-4ea0-8b78-3f15e88fd0a2,3.10,kapi
29d7d12a-cd34-4dbe-8abc-9a5be94bf7c4,1.89,tarama
29dbbaae-1166-4518-840e-a8c883b76f33,1.21,kapi
29dbcfdc-adc0-4306-8800-a02e653ad80c,1.71,tarama
29ddfb4e-6171-4c8a-b3b0-571ebd1f4e98,3.50,tarama
29e49871-e22e-49f1-98b5-dbea290ab246,3.02,kapi
29e4be69-5cdd-4420-888c-b7be718de415,3.60,tarama
29e4c9c8-b5a2-4430-8d5d-3e9dae23087a,2.98,kapi
29e7053d-aaeb-4a93-8e59-4333cce9ba88,2.55,kapi
29ed645a-1126-4240-a0e6-7af4dfc8dd53,2.06,tarama
29f149dc-46e1-49d2-be99-7c8937455b01,2.59,tarama
29f6fe11-e587-4586-a610-13e767f002c6,2.12,tarama
29fe81a1-c7e8-4d63-80b7-c6cc74931f91,2.31,tarama
2a02ac5b-6a82-4511-b146-86e5be2d8ae2,3.75,kapi
2a053c48-af13-4cb0-b28c-5e625a41fad5,1.64,tarama
2a0ab032-ea02-4a32-959f-936cfbf69b29,2.24,tarama
2a0af2e8-8981-4f04-848b-ff8465d0504b,3.90,kapi
2a0eebc8-1df5-4b96-a6bd-cb4143535741,1.19,tarama
2a143355-a65e-465e-9be6-0c4674236e2c,2.91,tarama
2a1580a1-bc19-4fe2-93b9-2ebe3c3ceae1,3.37,tarama
2a175fa2-ac99-4406-a807-580f8942c28a,3.58,tarama
2a1dff9a-051f-4c9e-87df-f3ae0937d1b7,2.96,kapi
2a1ff54a-cd21-4b55-9368-1e483bcfdfc4,3.20,kapi
2a224e01-3d7f-4452-90b8-778c2847e726,3.32,tarama
2a2435ad-d0c9-47f2-bdd9-f33a41f5c253,2.33,tarama
2a273ac3-c89b-4c1a-98e8-bfaf2e1e693e,2.11,tarama
2a2e0c84-3c91-46a7-8bc0-65248dbaf3ef,2.36,tarama
2a2f322b-fd41-46b1-bdff-3fe20aaf36d5,1.07,tarama
2a3f1996-da38-4ccc-b16a-13157a8bb61f,1.88,tarama
2a441203-5af0-453c-ba01-68e4695dcfc9,3.78,kapi
2a50d433-d469-40b8-82bc-5a1ddb297554,2.02,tarama
2a5a1933-d7dd-4ca2-ad5e-ca414d8d3163,3.49,kapi
2a5c7544-2871-49dc-8659-0fa4801172cd,2.02,tarama
2a5cca6b-251c-4d02-a27f-6c45303d7b4f,4.07,tarama
2a5eb235-2e04-4312-8fe3-1d422934cbe5,2.33,tarama
2a63e16f-e9dc-4531-937d-6af656cbc583,2.76,tarama
2a686eb6-527e-49d5-8bb9-bbeb09ffe297,3.65,kapi
2a6a62f5-2712-4aa7-879a-4118cceab647,2.60,tarama
2a6b1d1e-12b2-4c19-a0bf-c39ebedb4fda,1.83,tarama
2a6eee46-9c09-4290-94c7-7393fa1ba9ad,3.74,tarama
2a713aef-1de1-4092-811e-41aef6492971,2.87,tarama
2a72d280-933e-41b2-9435-86eb002f00a0,3.37,kapi
2a7a6ce3-d350-4b17-b4fe-a7cb123b5f12,1.64,tarama
2a7bddb9-676c-4354-9e87-54d5404a8a22,1.95,tarama
2a7f0f9d-e7c4-4fde-b225-4c2e392c2acc,3.03,tarama
2a8946e2-c740-40b0-8668-09375c561342,2.29,tarama
2a9c9eb3-d429-4803-a6ed-fc495b363a37,1.99,tarama
2a9fbdee-48ff-4ecb-b06e-a2e3058f6306,2.27,tarama
2aa063db-cc42-47b2-841d-b8ff303706c8,3.28,tarama
2aa40ce2-9e96-4664-acdb-950f9d860ff0,1.61,tarama
2aaeb3c2-609e-4739-a333-4c0c6f251647,2.28,tarama
2ab4a116-ab2b-4c43-bc6d-209dfae3f4e7,2.30,kapi
2ab83ac0-0481-476d-8fd5-f6e579631587,2.11,kapi
2ab85adb-8312-4a09-afcb-4d33e6f0e408,2.50,tarama
2abe7d4a-d42c-4844-8e4c-27eacd2720e9,2.47,tarama
2acf1235-be6f-4752-bd73-d4bb274ffe3e,1.59,tarama
2ad5bf4a-c89a-4529-ab92-6fd4d12e3711,3.13,tarama
2ae35cef-a68f-44d6-bb3c-cd01a375ee56,1.28,tarama
2ae4fccd-0594-400c-bbc9-ef3b2669cda8,2.29,tarama
2ae8e0e0-4ded-4a8f-8e7f-b9997608e8dc,2.23,tarama
2aeaca5c-eae5-4383-940a-18d019c3b06b,3.35,kapi
2af14afd-9eb4-4613-9658-fa9d37349759,1.58,tarama
2af56701-8d52-4cab-955e-6156a5e1d7f6,2.79,tarama
2af64b42-ecc8-4a6a-871e-0ba7316e160b,3.86,tarama
2afbfd9b-bdcb-47b4-9b73-430dff6b32f7,2.95,kapi
2afe9668-442e-42ea-9c5f-e57f62f92945,2.06,tarama
2b00e00e-18f3-45f8-b98a-a70eb6fc9071,2.49,tarama
2b014330-b4ad-41c5-ba99-647c9ee9adfe,2.77,tarama
2b019b36-b265-4923-91ec-a7e80bccd48a,2.10,tarama
2b0327c5-1f3f-45d6-a426-5e4d630611b3,2.67,tarama
2b038f56-cff3-4622-ac88-cf89a5978e3b,3.55,tarama
2b11b564-72be-4a7c-bdb4-44934a6d9e54,2.71,tarama
2b2a2822-3877-40af-ad03-e2b0dfa57dea,1.18,tarama
2b2d5c5c-80ed-41c5-9f51-cbbbb43a5472,1.95,tarama
2b3079f1-5668-4c5b-af8c-7731e464e1ae,1.36,tarama
2b35aeea-745f-456d-8468-11d8921f0999,1.24,tarama
2b39b481-7033-4aaa-8710-4015f275806e,2.85,tarama
2b3a56dc-0f51-479a-a432-9cf60771e390,2.73,kapi
2b423407-079b-4034-96a5-2aa2ecbc9ee2,2.70,tarama
2b4352df-af38-4f11-b81e-50981ceb74e1,3.44,tarama
2b4711f4-f13e-4d7e-bf2d-ccc7d5f4bf96,1.88,tarama
2b4954da-ccb5-49ee-bdb3-dd9745edf44f,2.30,tarama
2b557e78-73aa-4f07-ab3c-2794c8d609b6,3.23,tarama
2b689df9-d96f-4f7a-948e-2cd11a2c1c9e,3.75,kapi
2b699aca-e133-4762-a454-b069a6a2ba14,3.28,tarama
2b6cdefa-76d3-4559-a72e-06bef5b123b3,2.87,kapi
2b6f5a5f-98c8-43fe-b2db-db6ab69e8cdf,1.59,tarama
2b72df35-faa0-433e-81e5-cef15cb2a0bb,2.28,tarama
2b82d393-9916-4a76-b6ef-861c1fa08201,1.56,tarama
2b8a3da1-01e3-4f07-b8a2-5b06c20c7948,1.93,tarama
2b8b28d2-7c14-4f41-8eac-9285eb588429,2.79,tarama
2b8bc077-fa5f-47c0-b155-f8fd0529afdd,2.17,tarama
2b8fc42c-86e4-4f41-85ce-58a452e051c9,3.94,kapi
2b944c63-c415-4db1-851e-552b5b613f88,2.33,tarama
2b9645e7-60cd-42fb-a323-21cfc57dfc3b,3.29,kapi
2b9b6a43-59ec-4102-9842-628ccadc0f3a,3.69,tarama
2ba6c248-1364-45b9-95aa-3591dab696eb,1.91,tarama
2bacb2a7-0618-43e2-b004-4f84233db121,2.59,tarama
2baee257-67a7-400a-930e-90c601ec8956,3.98,kapi
2bb0c5cc-ac9f-45a4-98d7-9177c9b83810,2.03,tarama
2bb5ac23-ca37-43a0-a572-cf780c08bb07,2.87,tarama
2bb8c818-4581-4dbd-ab2c-c0256636c2e4,3.04,tarama
2bbfaa2d-1ab6-4ed5-9a18-10cba1a3a82f,2.04,tarama
2bc13bc2-cf6f-4322-b659-0ddd8b4aa085,1.59,tarama
2bc2bfe5-0411-459d-838c-a11c6069d319,3.20,tarama
2bcd6e43-2dee-47e3-9cca-1affe19b903a,2.27,tarama
2bcda93c-29eb-4877-919a-6a6e0fde0adc,2.91,tarama
2bd1f6a1-157e-4daa-b912-03d49b11bfed,2.01,tarama
2bd40f64-e6ef-4ac5-ba4d-4897868cabf3,2.59,tarama
2bd5fe33-d68f-4830-b28a-e1f32c639e2d,1.75,tarama
2bd99b4d-c8e3-43f0-a15b-4bb1746a05f6,2.93,tarama
2be01409-bbef-4c23-b1c7-81c822ea7dc0,3.97,tarama
2be35420-4d33-42ab-a68a-ff2bb0c13052,3.80,kapi
2c0612b3-4867-4fb8-aae8-0bb7f1b89ffa,2.32,tarama
2c0b87c6-03ad-4988-b043-dfac0b88bd80,2.45,tarama
2c0d8712-80b5-4a74-99c8-ca54419a3078,1.92,tarama
2c1a0ab1-8028-4a52-acc1-8f109dbddf18,2.09,tarama
2c1d3ff8-cc15-42b9-9fe1-73a4c1b3aa65,1.67,tarama
2c2610df-f31a-49c1-b928-987e6859d7f7,4.06,tarama
2c263cb4-e9bd-475d-a620-0c2231a9b998,2.93,tarama
2c2a150d-8001-4cad-b2cd-fecf60bcb049,1.75,tarama
2c2af05c-0ffd-4d25-b160-90061d2d1323,1.87,tarama
2c2d7823-84bd-4bc2-a197-779c682986be,2.29,kapi
2c2fc8e8-6a7a-4b8b-835e-44df90d2cad9,2.63,tarama
2c33d618-49de-4e78-b6ee-bd8e536fbb08,3.04,tarama
2c33ed45-31d0-416d-b715-2006654050ca,3.24,kapi
2c3d49e5-fdf8-4054-9d77-0717708ed688,2.74,tarama
2c46a8d8-ca28-413f-a7fb-a1828c3c2641,1.96,tarama
2c4f3937-9aa6-4602-a840-9ff696c79ec0,1.77,tarama
2c4fcbee-5019-4a1d-8427-01fb635c7d9e,3.00,tarama
2c522c26-13f8-4721-a610-422a32b593ee,2.49,tarama
2c557f3f-15b1-4298-8b92-c2f40da13bd5,2.50,tarama
2c56576d-394c-45c9-9cca-78bc3b71717a,3.65,kapi
2c5812af-b6b5-4946-af84-39610ef3efb3,1.57,kapi
2c5864cb-0ba7-4370-bab4-67a38d24ac23,2.88,tarama
2c59b9ff-165e-43c8-958b-8ba812947fa6,2.91,tarama
2c5d6c3a-f774-4465-9058-1b2473dddc08,2.05,tarama
2c621a69-1f71-4fdc-a010-6b47acd71cff,3.30,tarama
2c653944-6dae-4625-8596-719b5de6be46,2.42,tarama
2c6571cd-3a9b-40e2-b28a-5694df5b66d6,1.12,tarama
2c67aef6-4d7f-421d-bc14-39eb1134f233,2.11,tarama
2c6e4f28-582c-4b6c-9f39-6d08052b77e3,1.90,tarama
2c7049b6-153d-4bb2-b351-47357259d7f3,2.52,tarama
2c79e9a1-0217-4b2c-a8b7-c4be0790ad5f,2.24,kapi
2c8625f5-f9c5-4898-9afa-17185469c86a,2.91,kapi
2c8df573-10e5-4abc-96dc-495efc3100da,2.78,tarama
2c96c544-e088-48ac-8156-9dbd688f45a9,1.77,tarama
2ca0d5a3-f253-4e63-a982-ff5e3807b69c,2.43,tarama
2ca230ca-1d06-4d59-8015-5dc868e405cb,2.01,tarama
2ca2acba-d71a-4276-920c-7e005f72e315,2.06,tarama
2ca543ad-9d74-4e52-9493-c004f8df8852,3.10,tarama
2ca802f9-93c8-4a62-a597-cfff3f3cae10,2.00,kapi
2cb7693e-aad3-4095-b1d4-90ad6e64db39,2.87,tarama
2cc18c4c-f420-435a-bb70-dc356bdf250b,2.45,kapi
2cc19d49-cc64-4c90-9e2c-1d7e87fd288a,1.59,tarama
2cc61edd-d616-472f-a7d8-24c341c91040,2.77,tarama
2cc80115-5f75-4c01-b52d-261d13040ede,3.53,tarama
2cd48755-1313-4df6-98fe-bd70536d03bf,2.29,tarama
2cda42f1-e050-4a6a-ac62-a5d8dacf1c0c,1.70,tarama
2ce451ab-9637-4aea-b08f-00057771f60a,1.85,kapi
2cf4f0a3-e52a-4ce1-a06a-892a093ff9a9,1.95,tarama
2cfeaa39-9c71-4333-90cf-5bfe6d52a8a0,2.41,kapi
2d087880-4f3e-4a8a-9cb7-03f889c997a5,2.19,tarama
2d08ddd7-eb46-4511-a18f-304b606bb175,2.03,tarama
2d0ba53e-fbfd-4048-933a-08964d5bd97c,1.34,tarama
2d13f3ea-6369-4d3f-a0c8-d64478aa2886,2.70,tarama
2d14c3ad-56c6-4eeb-a1ad-e2faec50762b,3.40,tarama
2d189324-4c52-4655-a1e3-9f0962003350,2.15,tarama
2d1e785f-6eea-4142-82df-80f11a74186f,1.17,tarama
2d211ce0-aa85-4e2e-a9d6-5c2c41be82dd,2.01,tarama
2d2715c8-a0f0-4274-9066-01a043d8d0d0,3.24,tarama
2d2faafa-219b-42ff-abb5-71c0a2b03ea5,2.53,tarama
2d30f204-e5b0-4797-8288-c0d7ed3f4a8f,2.12,tarama
2d36ee81-4720-43a3-a53f-d78cd833a03b,1.84,tarama
2d3738ac-e271-41b5-940f-af41978edd78,2.32,tarama
2d476c5f-1b71-4971-9f18-1a291e8b0a82,3.57,kapi
2d496fe7-666a-4a17-8169-3d57b53ce732,1.85,tarama
2d498cc0-cf0c-4268-a32e-5080d2be27c3,1.85,tarama
2d4eb33f-8e04-4ab7-9238-94955795bc1d,2.45,tarama
2d51efe2-8d05-4c52-bf3f-34a2af1c67a4,3.81,kapi
2d57e107-9b72-4ebb-a030-21ed243488de,1.87,tarama
2d5aad10-cc90-4d4a-a235-f83b5ed476ed,3.41,tarama
2d619c5f-18a8-4f7f-9049-57c410fd79de,3.23,kapi
2d62c3f6-7549-47b8-805a-2a78bdacae2c,3.57,tarama
2d641f6a-500e-4cb2-9635-aa508175f3b8,2.72,tarama
2d74846f-3935-4980-a0d0-d239753ab194,1.76,tarama
2d7e0448-fad6-4c3e-8e25-8b5bb43cbb65,2.29,tarama
2d7e9e10-5a0a-4bc7-8b4b-125a52e6edf5,1.92,tarama
2d7eeca7-58c0-46f5-a32d-24c8fd02deec,4.00,kapi
2d865fab-d4f3-44b6-bbc8-156752453f0b,2.25,kapi
2d897c5c-d113-4e57-afdb-e285076f171c,1.95,tarama
2d8d8b9c-2279-40f1-b480-ce00bc64e366,2.81,tarama
2d8e7626-8a61-43c8-a6f3-670cc1ee33f0,2.76,tarama
2d8ec73d-576d-4564-b21d-7b946f2aea28,2.13,tarama
2d8f97da-881b-461b-a5da-6b86300ce376,1.80,tarama
2d925dc3-533e-4a75-8d3e-40f9c2d0c80c,2.36,tarama
2d948fbf-65ab-4395-9014-2bd72848d731,2.33,tarama
2d968a0f-f3fe-4d74-be5a-cae9cc72bc00,2.31,tarama
2d9f3f10-4bd9-44bc-af44-4a41d07697a7,3.83,tarama
2da3ecb9-7e38-4d31-b400-c2b754c07b83,1.81,tarama
2daf3bdc-91f9-4b4e-8b96-9089b6e4f112,1.59,tarama
2dbaf49e-58ac-43e5-9436-7a21664348c7,2.04,tarama
2dbb9936-7635-4f0d-96b7-682a72689b17,2.85,tarama
2dbc518c-6da0-42ff-9327-9db14ba65357,2.28,tarama
2dbdc4a8-ace8-4ba0-a4ae-ceb2303931aa,2.68,tarama
2dc86cb7-39d8-4a69-95c4-f3bc66641702,1.53,tarama
2dcebbf6-e6f8-4e4f-8899-2a6eb1d56228,3.32,tarama
2dcefd6b-7d01-4b3e-86f4-41c51d1429fa,2.78,kapi
2dcf203a-346c-4a11-b135-efb0dc5b7fc8,1.11,tarama
2dd03928-75b8-4fc7-80ac-d1039eea99a8,3.87,kapi
2dd6a234-20a2-402a-a376-4af8d164b213,3.67,tarama
2dd79ab9-d053-4472-bb65-e88cd64bbec9,2.59,kapi
2dda3839-ed2f-4058-99b6-6d70ccb913c5,2.28,tarama
2ddce3ad-5f32-4fc8-94a7-31a0b9d9618e,3.94,tarama
2ddf3adf-16ae-4cfa-aa93-62edf3814eb9,2.94,tarama
2de6b519-e6aa-4836-8006-3aa924354889,3.83,tarama
2decfe32-ad7e-4f5f-af8a-5645f2f15ba7,4.40,kapi
2df09031-91f0-4ef0-8846-9cdc2dc9c869,4.04,kapi
2df1a1d9-efa3-455d-a8d1-20ac2bf234a9,1.55,tarama
2dfb8761-72b1-4f6a-b712-4f8c9594a898,1.99,tarama
2e03135d-7d1c-43eb-8ada-9b59fe0cb127,3.42,kapi
2e13df34-2711-43ae-84b3-bff5b7ac8af9,1.97,tarama
2e16816c-2d88-498f-b8aa-820475a6c614,1.95,tarama
2e19dfbd-cec4-4f0a-8cf4-e4bcdf22573d,2.06,tarama
2e1fd0f6-4e7c-4e20-b232-6c68ac226084,2.98,tarama
2e240821-a9b2-4a79-979b-c9607f38489d,1.76,tarama
2e24f474-4e53-46f7-855e-12c1b0ffdbe5,1.90,tarama
2e2b0014-526a-47e6-8c4e-eb1fba31c5c4,3.68,tarama
2e2de3ee-ae87-4490-8f02-86e15fd6031a,1.52,tarama
2e37fcc4-72e3-4ef5-b7c3-742c6bf14fcb,2.16,tarama
2e3c931e-bb2b-46dd-8817-5c384de6a428,1.81,tarama
2e427847-34e3-46dd-b793-098b84142712,2.17,tarama
2e458082-2589-4a98-9f0f-980b5b8f237f,2.38,tarama
2e499610-70bd-4a76-a039-89cd8f92ef19,1.57,tarama
2e4c4d49-91a7-485d-94cd-fa62e58a1ddd,2.37,kapi
2e51127c-40fd-4775-882f-21e64fe32323,2.53,tarama
2e53d315-fb77-48c7-9f85-c4ff84f2a0a1,2.15,tarama
2e5406c5-201b-4949-9dcd-0abdaf97b565,4.03,kapi
2e5cc9f6-9858-4106-bcd7-c00eb6ea1e2c,2.23,tarama
2e63588b-0529-4808-a047-e27f6be7d6a0,2.93,tarama
2e67d6ba-984b-4b2f-8105-1d610bb2fc5b,3.55,tarama
2e7cc4ef-8dec-4f7d-b5d2-ac93136975f7,2.11,tarama
2e87b9ae-ec6d-4fb8-a971-1a807ee09de2,1.58,tarama
2e99778b-d117-4275-902a-714f502bcf19,1.03,tarama
2ea79f68-a7a6-4625-946e-9b942f2e4e5d,3.72,tarama
2ea8b16f-bcca-4802-a669-e361f0fbe16e,1.17,tarama
2eaa7aa7-2aaf-4fa2-9dc4-25599fa2e8da,2.08,tarama
2eb25677-2b09-4571-a66d-5d85ac1eb471,1.00,tarama
2ebcccc7-f5f1-434e-966d-1e14c7dbd823,4.03,kapi
2ebf6f24-50b5-4177-a6ee-d67e8137b5b5,3.18,tarama
2ec17b0a-e8ca-4ea0-8edc-82d72cf7df87,1.10,tarama
2ec21c17-dcf5-453c-b840-bc4f989104e6,2.68,kapi
2ec99c76-a219-4f74-a4e3-e2c63d2682e8,3.23,kapi
2ecd5e13-3ad5-40da-ba18-1e02aecdf11d,2.88,tarama
2ed3421f-7968-4d8a-8e5a-8d0faccfb2ef,3.40,kapi
2ed63f3d-18e4-4ed6-b366-f396975af624,2.18,tarama
2ee2cc9f-9007-427b-9788-8453fdba64fa,2.03,tarama
2ee37ebf-28bc-4e5d-8a03-3554eb23cb80,2.98,tarama
2ee94bd3-b9ce-4f01-bc4c-48ae12177fe6,3.24,tarama
2eeb5dc0-d586-45a5-a070-200254017ec0,2.59,tarama
2eefba9f-93b2-4e12-b456-34930c8b6ea3,2.48,tarama
2ef18689-e8fc-4193-89a7-4953749e9aed,3.55,tarama
2ef6a198-9f5f-441b-aae1-0e9d55add513,3.95,kapi
2efc5651-2045-4381-a408-4b80d6127b6c,1.76,tarama
2f065da7-073d-43c4-8709-ea8910232265,3.64,tarama
2f073359-f58a-4eb7-a377-cc0c86f97a41,3.46,tarama
2f08b914-54dc-4717-acdb-145dfdb58d8f,2.49,kapi
2f0d3841-6bf9-4cd6-a9b5-f8d682a23256,1.43,tarama
2f11ed5c-ab52-4ac2-92d4-d9476f557af5,1.99,tarama
2f155dfc-6efb-4c3c-8bd8-a35712d9bc2e,2.81,tarama
2f1679ba-3308-495c-9d76-78d7dee4460f,2.70,kapi
2f1aaf8d-3cf9-4b6f-a95f-d8aabb254193,3.70,kapi
2f1ee6ca-2ea3-4b26-8f23-4e05a95b0744,3.96,kapi
2f23ca1e-32df-4226-9b54-cd41f1150be8,1.88,kapi
2f26059b-c2dd-464d-97bc-1bf53ce02c2c,1.38,tarama
2f279654-9ee3-49a5-b0af-489d85fa2ce1,2.75,kapi
2f28a0a9-6742-4674-b2d6-4458be5adaa5,1.18,tarama
2f2ae679-fde5-4f01-9c77-019eb1d802da,1.76,tarama
2f2cd350-f9fe-4e35-9857-7b775b2178c1,2.62,tarama
2f319a12-0bd1-4be3-94ae-76f418668925,2.20,tarama
2f337a43-6eb6-45ca-a046-a90e6b6d2ba4,4.14,kapi
2f33c110-4de1-4922-8c46-dd5899189ce5,2.80,kapi
2f35ca7e-eb67-4001-a544-e9779a02ebfe,3.23,tarama
2f3931d3-d104-4084-8622-fb6e33da63e1,1.51,tarama
2f3fcada-8cdb-417c-8be9-b6286fb56b3d,3.79,kapi
2f41dae0-e694-4412-9c47-cb7f9a288359,2.32,tarama
2f4240d0-b7d8-42d6-af1c-2d691871059f,2.20,tarama
2f447fda-0442-4f1e-8316-af46162184c6,1.35,tarama
2f4e5090-157e-4a7c-b4f3-ad0ee1706aa3,3.29,tarama
2f52850c-a88f-4ff2-b167-62873084b196,3.17,tarama
2f54477d-837b-4e67-84aa-47084faed6b0,1.92,tarama
2f5d0773-f746-44a6-832c-98c079be5c70,2.05,tarama
2f632569-9a46-419e-b744-1b6608707751,1.97,tarama
2f65b671-1222-49c9-8c7f-2978e6642654,2.31,tarama
2f66e6f5-c947-45a9-94ec-8f025ad60146,3.30,kapi
2f683c34-7908-48ae-9178-6ceacfc6b09e,2.16,tarama
2f78208a-8bea-40e2-b5a1-ca046bdf593d,3.04,tarama
2f7b627a-2b53-4761-871b-6f22ff550508,1.02,tarama
2f7e8cac-0fa9-4f2e-8467-de58be21d19b,2.62,tarama
2f8804bb-84b6-4df6-b697-4f60bcae3dae,3.60,kapi
2f8f7d05-8e81-49f8-9049-48adc0714add,1.24,tarama
2f905bf5-5070-4c36-b13c-0a643b069b89,3.73,kapi
2f938f6a-33ca-48df-8a47-ac5eacf1325a,2.66,tarama
2f95e25f-474d-490d-a30e-2603e5e5db73,3.34,kapi
2f9813f9-4a9f-4370-baf1-e6a58324e6ee,1.73,tarama
2f99e8a5-a7fa-413b-859f-f5368599b35c,2.49,tarama
2f9a43db-6251-4e5c-b225-72e449e6e3de,3.55,tarama
2fa004d0-73d2-4461-b2d5-654745786b7a,1.62,tarama
2fa91243-d607-42f5-a549-72ac3fa06c73,2.26,tarama
2fab60a7-b983-4bea-ac46-7e045c3ce355,3.07,tarama
2fad3f1f-97d6-4b3e-943c-f2bf387cb911,4.11,kapi
2fb77a94-8203-4712-96b6-01ba2e103ba1,2.34,kapi
2fb9f59f-6e5e-4382-8978-d9025dc70703,1.73,tarama
2fc33c73-7e66-40fa-a601-2166dcc2cf5f,2.86,kapi
2fc4066d-b0eb-40e2-9e9d-5b72096b0d53,2.79,kapi
2fc48e18-30ae-47cb-8cce-9787f4f592f7,2.03,tarama
2fc765cb-00d9-4376-b704-cc57a2816bd7,3.22,tarama
2fcf5407-604f-45a3-9211-b71c3f38cf46,2.11,tarama
2fd5fbfe-d28f-450f-8595-4cd010542aa3,3.24,tarama
2fd677b2-4904-4ed8-9c40-14697fa0a8c5,2.55,kapi
2fd69aa9-b3b2-459b-aee0-2a9f9f04a2fd,2.06,tarama
2fdc3659-44aa-4d50-8bf0-853e057231c9,3.90,tarama
2fdc7217-e135-4fdc-b3a8-b45fa5a5a018,3.48,kapi
2fe581b2-97b4-46cc-8040-84f83fe58de1,1.70,tarama
2fe9bdf6-599a-400f-8d67-478895661a4d,3.36,tarama
2fede4da-f603-4a01-83fe-81a9f49c7a86,2.86,kapi
2ff8a35d-6b50-43fd-ad7f-4b831634b2e0,3.77,kapi
3003c476-2231-4bac-89c6-3646abba6dba,2.21,tarama
300f425c-7b42-4e2f-b77e-9f03e6c04fc2,3.43,kapi
30100d40-9eb8-48a8-8644-b1edc39eeacf,2.67,tarama
3013580c-5195-4a8a-93a8-dc783e7f8002,3.35,tarama
3013a376-d9a0-4cb5-9966-c19029c55d71,2.73,tarama
30145e95-3864-4101-a940-7d66a96429a3,2.54,kapi
3016ac25-f81a-4b0e-8da4-28058d6e496e,2.83,tarama
301901b2-5ee4-423c-9d16-e6bc4b1dea82,2.52,kapi
301b1aca-c5dc-4c9b-8bf0-cab0359ec9f7,1.63,tarama
302d5314-faf9-4c13-a66b-8c3cb8078271,1.41,tarama
302dba4d-7343-482d-ba80-b386f598594b,1.22,tarama
303c29ab-9653-4205-aff1-55294fb2eb0c,3.73,tarama
30411e6f-e233-4132-9f38-f5e42d856d1b,2.53,tarama
30453028-93fa-4372-88a7-168fabd12df5,1.65,tarama
3045d390-3185-4703-b40d-ccf039848de8,2.75,kapi
304c6a19-b0a6-47a3-8ff0-2547a15800dc,3.26,tarama
30524c5f-3ec4-4db8-9363-e8076fd20f00,3.16,kapi
305f1884-2cf8-4efc-826a-0d25c1ba5af5,1.71,tarama
30650e62-755b-494a-8ca0-38231dfa8173,3.19,tarama
307437aa-f27d-46a7-bf11-aa52f4c584a6,3.19,tarama
308f6b22-9879-4782-9bb8-bee66c69805d,2.29,tarama
3094cdf4-7fca-4a69-aed7-6390ae8a95ba,4.08,kapi
3095e0e5-f63e-4929-9296-2e724d172a26,1.93,tarama
30a2f3c9-cf99-4b74-91ce-aa2d2aed64ec,1.75,tarama
30a940c3-e92d-4ec0-b3a5-495de3230e94,1.05,tarama
30a95561-1573-4aee-99fb-e148e7cfd460,1.73,tarama
30aeb5ea-13a6-4124-b6bb-dc0ff72ccb47,3.76,kapi
30b36388-e58a-400d-a45e-c1fd6d03bfe8,1.78,tarama
30b6af71-cce9-4c27-99f7-1257de2f1b5d,3.73,tarama
30b7e870-6fe3-4f8f-a4f6-786b6c687b6a,3.60,kapi
30bca34b-40d4-41d8-ba06-f31df266684a,3.36,tarama
30bdc6bc-67fb-4bed-832a-b178f2340264,3.08,tarama
30c284e7-456d-49ee-bd52-867b011939c2,3.92,tarama
30ce46b2-abed-405d-9445-524f95088eb2,2.87,tarama
30d27677-7563-4846-8488-26f4978ad4c6,3.17,tarama
30db1814-2b22-4636-a267-0a1ccc473a63,2.87,tarama
30de444e-d970-46fe-b660-d6d7b3ea170b,2.72,tarama
30dfed89-d275-406e-935c-7d9a5608ae6f,2.91,kapi
30e11b18-34d5-4593-a7dd-91afe4db9d18,3.20,tarama
30e12ec1-ef39-4835-bccc-e2d5198fdd10,1.87,tarama
30e1c3b1-c2d4-489e-a274-ffdb2cb030e3,3.64,tarama
30e1dc0b-8684-438d-9a0a-c756b3bd8569,2.51,tarama
30e58cca-ec02-4add-9dfb-0dd7860aaea2,2.42,tarama
30e7329c-0336-46f0-8a43-c2c8b66afb3a,1.52,tarama
30ea6d0b-7824-4539-91f2-52362f213d2d,1.76,tarama
30ec9fa9-58f4-41ad-bac3-a8dbacdc3dd0,3.26,tarama
30eccaf1-032f-4201-afb6-38f000453ad5,2.58,tarama
30f0e5e1-1a74-4c03-8d5e-468876dba664,4.16,kapi
30f19073-4d16-4dbb-a96a-129fcff65e0a,1.75,tarama
30f259d1-eed2-4aa9-b0cd-aa3907bafdba,3.83,kapi
30f6068d-2ae0-4db8-8af3-705cdcd4c09d,1.84,tarama
30f8fd5d-dd12-41a4-9b9f-d0560bca068d,1.90,tarama
3109c695-fd11-406c-8a31-74efb82befd4,1.34,tarama
310ad36e-5353-4c35-9533-f4fc35dfe530,2.21,tarama
31116e0d-4e18-472e-84e3-9bceff753148,2.81,tarama
3112bd20-0013-4f92-aa3c-f53b1f25b18c,1.86,tarama
311cd771-a051-4240-b8f0-abc770d55dfd,2.38,tarama
31221d8e-546e-4f74-8297-e12b9933a0d9,3.60,kapi
312ab7a6-8487-4301-ac7c-5e0004993851,1.78,tarama
312f532c-6476-4473-a8f0-61ae220a4658,2.64,tarama
31322e6b-0fc8-4e9d-87a6-0f8fdca17f97,2.67,tarama
31340ba2-7727-447c-9280-12d57e7110a5,1.69,tarama
3136a58c-ab57-48d0-b2a9-51061e763d75,1.98,tarama
313bfcb4-0a31-48c1-b2f2-6c358f26d886,3.14,kapi
313fbac2-7146-461b-aa32-3a79770e9287,2.16,tarama
313fbde2-f137-4d48-91ef-38b3b5659d6c,2.26,tarama
31446ee6-b74c-457c-8f44-cb53d96ab366,3.67,tarama
31484c26-abf1-463e-9dae-191ffc59879c,1.28,tarama
314c00bc-86e0-476f-9f61-a0b2bc67e875,2.15,tarama
315043d3-f867-4e27-ae87-4da076fab3ea,2.82,tarama
315a04f9-acbb-4733-b59b-cd58c9fc3742,2.06,tarama
315fdcf6-c40e-41f8-8c8b-5efe57a36b23,2.85,tarama
31609d3a-3cd4-45c7-a86d-52dbf272d2c5,1.21,tarama
316cc8f4-8a36-4133-91a7-ecd5f04c81ab,2.97,tarama
31707994-b7bd-40dd-b69a-7b2b2acf096b,3.13,kapi
317a1227-c596-4565-9617-a7c8f32953e4,1.94,tarama
318001ae-3759-4d3b-ba55-9204ce37ec2d,1.32,tarama
31800ecc-f376-4f69-93bf-0db9ad7c17e6,3.13,kapi
318488cc-44b4-4d6b-b707-258e6de0c5a8,1.96,tarama
3186f695-4199-43ca-8dc2-8a2b13324c17,2.87,tarama
31918242-7411-4ec6-bf01-f2361bf59b74,3.98,kapi
31931a95-fe4b-4412-b7f8-186815cdc2d9,3.89,tarama
319589ad-fe3c-4d2c-a4cc-373a4d0f469a,2.76,tarama
31a2a94c-05db-4108-922e-653b241b2e40,2.75,tarama
31abf7fc-d5b3-4b81-b4e8-eeab5cf10225,3.96,tarama
31ad235f-5ebc-4b33-9482-8b059e2352d9,3.64,tarama
31b8c469-afff-4f35-8b62-0a037593250b,3.36,tarama
31bc08ad-0ffc-476f-b71c-a5c830d2d70a,1.90,tarama
31bfeca0-a1aa-4341-b8f3-364625073bfa,2.46,tarama
31c7cd5f-a268-4b18-8576-25d0b196533d,3.47,kapi
31d0d002-67a5-46d2-b179-d8312816da21,1.90,tarama
31d340c9-955c-4323-b7ce-a3cc0f4ecc15,2.42,kapi
31e0ca18-370c-439f-8e0a-18f512bca698,2.44,tarama
31e14652-b2fb-41a9-940e-d9e249eab0cb,2.65,tarama
31e83735-3c12-44b6-9016-f9ee1c3c9667,3.16,kapi
31f728e0-8289-4cdc-b113-05321a1cfe0b,3.78,tarama
31f7e77d-af29-434a-97ee-6bb672401f88,1.85,tarama
31fada8f-9377-4a12-bdbd-09928d4ce67d,3.11,tarama
3204a332-6123-4323-9dd7-0022251d7a75,2.88,tarama
320bf70f-a0d9-4faf-8d52-5f764d066f29,2.02,tarama
320dc411-b570-4a74-89d8-e1d5b1746d3e,2.27,tarama
32104719-f216-4056-82f2-2b9d76ef4384,2.15,tarama
3210b294-1f0f-4e6b-b83b-40b8a1363866,3.27,tarama
321359ca-37c8-46bb-99bf-110d0a4de2e9,1.97,tarama
3215cbc2-0bc4-499f-8e02-8eb5c845cec7,2.65,tarama
32199470-c435-4486-9cb0-af6b88f20a93,2.34,tarama
321a1268-8a82-442c-a8ce-2824ded794d0,1.79,tarama
3220be72-d9d3-40b4-9326-dce59549c527,2.13,tarama
32251e47-d46c-48b1-b27b-2660e5a3d4c6,2.61,tarama
322d802d-6d52-4593-bc30-21af55dd8275,3.02,kapi
322e4a81-148d-4a82-b821-82effa3de926,2.59,tarama
322e6b20-365e-4934-9122-ef7c624d2c7e,3.07,tarama
3233bce6-15ec-4172-a0cf-ac4167bdc165,2.91,tarama
3237db4b-ddcc-4a29-80bd-81cf610f709f,2.55,tarama
32396a93-3211-4218-99ea-a2f127cfe3b1,3.39,tarama
32396bf9-12ca-4c54-897c-4bcda098ae33,2.04,tarama
324f3483-99ce-4cce-a829-f17977152bae,1.19,tarama
3252490e-bc7d-4f1c-a243-36915b029d55,1.93,tarama
325b167e-0c79-4edf-add9-f204c80ca9a0,1.87,tarama
325b288a-757f-4f4c-a5b5-39caaf47aaed,2.03,tarama
325c52b1-c9a7-4863-9ba2-50cb96d8896b,2.08,kapi
325d292b-62f0-4b11-8586-6a04dd8601b8,1.75,tarama
326a1982-f69b-4261-9fc4-fb738bb80b33,2.36,kapi
326d2901-91bc-4493-9695-6b5e1a7c25f3,2.41,kapi
326d39a5-3026-4dcc-a938-de610d76e55f,1.56,tarama
327436e2-5420-4222-a709-3e67bc37aadb,1.91,tarama
3274a9a6-0b5a-4b4f-93ce-68e2f0763bc3,2.34,tarama
32817d65-4a62-4639-a492-1ce9c4b24f8e,2.18,tarama
328cae26-d4eb-4356-a7dc-25935b22746b,1.51,tarama
328fa39b-a618-431e-be37-05dc2def9b15,3.12,tarama
3291ec8a-92b2-4b27-a6fb-3b3d971c15f4,1.65,tarama
32975ad1-031c-4281-94b1-364978646ac5,2.26,kapi
329c514a-d925-44ec-857e-da8452e6c318,3.36,kapi
329dd924-7dae-4422-8023-db968afa7201,2.94,tarama
32a85f15-015e-454c-8272-7ba6551e3c72,3.29,tarama
32ac4c78-1849-40a2-9a0b-f0bc8bd149d7,2.82,tarama
32b4b9f2-787f-422d-94a7-fd9bf7519d6f,1.64,tarama
32b7a137-5165-4fb3-a528-e722de0d94b9,3.64,tarama
32bb3f0e-1788-4613-b8f5-1edbf1e1ffe8,3.46,kapi
32c69d09-e1ef-41c8-9396-2d7bbd48f216,2.48,tarama
32d394c3-91de-4e1e-9ab1-3daab1915417,1.81,tarama
32d5c5c0-bb34-46ee-ac7d-c223cd3c47b9,2.58,tarama
32e1c442-93f8-430a-a7d8-1bd428d84505,3.15,kapi
32e46a0a-c0ed-44c5-93da-65c97f8c81dc,2.05,tarama
32e7b9ec-e751-4ad6-a1b4-3c3c5a43617e,1.74,tarama
32f3e80e-7a63-43f7-ba9b-acd9b767f322,2.59,kapi
32f3e982-8cac-4bd6-89ff-fae292c8a568,3.84,kapi
32f3f7f5-d84f-4f43-a701-bb1e500a25bb,2.89,tarama
32f89078-86be-48de-9108-f2239e2500d7,1.95,kapi
32fdd6dc-4600-4dcd-8791-a409119ae88e,3.58,tarama
330262b5-99d2-4c55-bf17-bed606d2f1c0,2.09,tarama
3312970f-fbd4-4d49-ae7e-0c6ddc12e11e,1.86,tarama
33198214-be3e-42ac-93f5-404a00c5a91e,1.79,tarama
331cf924-c412-4e61-b139-77f7a75cb59c,1.94,tarama
33226d43-ec6f-4a8a-93da-c3d1fac32aa2,2.42,tarama
332eaa55-79c9-46d0-b19a-bfe76e33af27,2.64,tarama
3330a0b7-9fcb-4db1-9cb6-b9d7e49cb837,2.48,tarama
333cb33b-6fec-44ce-a851-3c84b6c82337,2.37,tarama
33445aac-e429-4868-8b39-3521559a3dcf,3.20,kapi
3349ff2f-d0f9-44f3-ae48-014986cb0612,1.47,tarama
334ebd9f-fe0d-406c-b80b-48f85784aa4c,2.10,tarama
33523ec8-6312-47c8-bbf5-fc91734bf934,2.06,tarama
33527893-0e03-4ec4-bf91-d927eece1295,2.56,tarama
33559a0a-e831-4071-a06d-361e99430e2c,1.67,tarama
335889f9-d1ae-437e-9e49-632d34a59b4c,2.14,kapi
336469a9-873d-4f3f-b398-603eb424ce6a,1.86,tarama
3369dc57-29ad-4817-ac3e-909eaa8d1cd1,1.95,tarama
336fea8b-2ae1-494b-a160-57fd8e3216ef,3.33,tarama
33726de2-74f0-4452-9d45-3b84cafbaedf,2.69,kapi
33774564-45e5-45b9-b8f4-9bbd370de111,3.14,tarama
33822b6b-a373-4b4c-84eb-f2191f7cbf08,2.21,tarama
33829a28-c501-4f7f-85fa-2e4b2ca7cdb9,4.03,kapi
338479fe-1af5-44bc-9fff-be94e8f62de7,3.50,kapi
338edb87-a198-4f24-8a51-c6ffb789e38b,2.06,tarama
33951ba0-ff12-4e7a-9376-d72f33c1dedd,1.70,tarama
339c3d59-d354-4bc7-ac0d-7e691c1ed17f,3.16,kapi
339f2f6d-828b-4556-96dc-f2304864aa0d,3.53,kapi
33a237b2-6791-4649-9b2d-cd6bdad0204b,1.21,tarama
33a307f5-cd28-4ba1-8b04-4beae794c40d,3.21,tarama
33aa5ea4-f53d-4281-ab60-fbafdaf20d77,3.85,kapi
33aa8a6e-b9a8-437d-bcc7-755dfb06a227,3.34,kapi
33b1274a-18d2-49e4-8977-4c79e2426251,1.86,tarama
33b3a5dc-32b7-47a3-ba70-ceca4e9ab101,2.85,kapi
33b9da80-d539-47b9-ab26-02d76ad96956,3.57,kapi
33bba7a5-c0be-4e8b-a24f-d1334f160a53,1.79,tarama
33bf465c-3284-4629-b86c-3b43f5e7363f,3.49,tarama
33c0dfef-1a0c-4614-8997-6a2778cae21a,3.99,kapi
33c59a4d-de03-4177-8f7e-0ec2bf072ed7,1.99,tarama
33cd7b80-a549-418c-91fd-49383800feeb,2.91,tarama
33d3eff8-1c8a-422a-8979-ff8e5d536f03,2.28,tarama
33db97d9-f16e-4b8c-a080-d26af72ac4e1,3.72,tarama
33e13d98-33a3-4e74-a1a8-c60937758f65,2.82,tarama
33e17ad6-e36e-4c08-bee8-32f1bf3f7cfa,2.49,kapi
33e8cc9e-d419-41d2-9f77-ac812d465e18,2.67,tarama
33ecf98d-5b6e-4dbb-8d21-17d950f340e1,1.56,tarama
33f4ef63-0c16-4b51-94ef-0211501df118,1.88,tarama
340dc8d8-a637-4e7b-a443-5d3d75cf3d0b,2.56,tarama
341f6585-cd05-4cc5-a547-b77ac2721d9f,2.31,tarama
342e051d-8bcf-42f2-a5f9-e3cd93e32444,2.40,tarama
342e4801-cbaf-47e5-9ff7-e3e93d10437e,1.83,tarama
3436375e-4f8b-47be-ba62-5ad6b0878942,3.22,tarama
3437137e-fc20-479e-8750-9cd51d58d5c0,1.22,tarama
34396980-8081-454a-9b08-8d6af91f9de0,2.54,tarama
3439c334-bade-4c20-b6a7-ae6e332a605b,3.60,tarama
343f7675-6308-45aa-a66c-b7986c0298db,2.55,tarama
34407413-b571-4278-9bbf-52412bebf1d4,3.57,tarama
3440bc7a-3023-4cd6-a88e-702a1cd6fc9c,2.98,tarama
34415541-a23a-4376-96bc-a5cf218c55f1,2.13,tarama
344220d7-9b55-422c-be2c-f325b7000d24,3.10,tarama
34462129-22de-497b-927f-f88412638f38,2.26,tarama
344727df-efe5-4b08-b717-d6b4bab3d452,3.52,kapi
344e2587-f046-477c-83c1-cc01a23c2e14,3.69,tarama
345215c3-32b2-4798-8d91-e977fadb849c,1.85,tarama
3466cbb4-6818-49ab-a200-551ba196f346,4.17,tarama
3467525d-cf3b-47a4-b60a-c20d323018a9,1.00,tarama
346764e0-1d36-4374-8bff-e7af9165c206,1.97,tarama
34688cd6-99a6-4506-a473-067c35ac26c0,3.05,kapi
34815921-2756-4f6f-be7b-556332160a67,2.92,tarama
3489691c-ddab-419a-b113-59462ea1f20e,2.92,tarama
348b3b93-dadc-497c-862e-97b5df9e36b6,2.72,tarama
348db667-3b01-482b-8300-e809bee532cc,1.87,tarama
348ed1bc-8c3d-44db-9451-24e6e579832d,2.10,tarama
34910010-024b-4472-9cd1-b7b32d3da8e1,1.66,tarama
34926896-ab8d-413a-a1df-5118035650cf,1.63,tarama
34940738-b88c-4d81-a30a-038635f269e5,1.36,tarama
34a115ce-16a7-4464-ada2-7e1b571e6a9e,3.40,kapi
34a5a9e2-615a-48e0-9ead-5220dac801c5,2.96,tarama
34a6ba86-31a1-4920-82e3-0c57fac28ee0,2.87,tarama
34a8a33f-b2bf-4478-a589-190d8e54912c,1.91,tarama
34ab147e-26a0-4903-bed5-0ab5c0eeb0d4,1.38,tarama
34ae1b6d-8519-4108-8305-745b7fe0687d,1.44,tarama
34b39f8d-0c9d-4869-90f7-1569b589c6a7,2.67,kapi
34c1d75d-46e6-4f71-9024-0d26408de224,2.02,tarama
34c26712-e8da-49e6-8994-f779f676b594,1.70,tarama
34c414e0-f9b9-4fe8-bf34-392133d20d24,2.81,tarama
34c4c25b-1628-454b-abdb-bd797cbf58e3,1.86,kapi
34cd0adb-9e89-4e7f-944d-9e988f58f62b,2.02,tarama
34ce6c01-e36e-4d95-b252-d5d9e8cd75e8,2.12,tarama
34e979bd-7bfa-4db3-b5fa-54d636b451aa,3.02,tarama
34ecca4b-5d45-44a7-a98c-80523ca2503c,2.47,tarama
34ef2f55-3a24-40dc-a70a-2deeeb78b260,3.67,tarama
34f15101-0ed7-403b-8a96-97a2393cc5df,3.91,tarama
34fb9e43-5d72-4f58-a7cd-199834448246,2.59,tarama
34fba1e7-7f92-423d-b995-a13285c8fe21,1.81,tarama
34fcd8f5-7a94-475f-a136-7b454a0e7e37,2.98,tarama
35001e8b-214f-4853-a6af-d0f0442e9fba,3.64,tarama
3503bf35-1ddc-4422-bcca-7f915dc81bbf,4.08,tarama
3504a7b2-3753-4ace-bb95-47a6c99f91b1,3.52,tarama
350e9bd8-8160-4025-926d-82d5c13755ca,3.32,tarama
3510be1d-2e52-4d7b-823c-a4233efa467d,2.04,tarama
3510c022-3fc9-4ad1-8171-b00ff1385e83,1.62,kapi
3520abf6-8dc2-4cbc-81e0-211f8c6d08c9,1.77,tarama
352ffde9-ff14-4de6-80b5-c4f043d58bf8,2.59,tarama
3533aaf0-6b13-42bd-9205-5c587608581c,2.47,tarama
3534cde1-5087-46a6-8533-42bff2098ccb,2.23,tarama
35358bb8-0693-42d7-84f9-1788202edaaf,2.77,tarama
3547ccb2-7098-4e1b-9b46-a442fc804480,1.83,tarama
354f203a-b107-4990-b02f-b34f4b430ef2,2.70,tarama
35563ba2-e918-4550-baed-c19783c925f9,3.40,tarama
355efcc7-3494-4740-9195-2b45c9a974a3,2.21,tarama
35695789-d07c-4023-832d-689bdead6488,3.37,kapi
356c4e3d-aac6-4c00-87f9-c281eafe8bba,3.09,tarama
356e9be0-b7f2-45f0-9777-1caaf092de21,2.91,kapi
356ed748-341d-4241-ad04-ee824d6e433d,2.26,tarama
356fbed7-a63e-4e80-8e63-d62e98627be0,4.02,kapi
3573c4e5-da3c-498c-acc3-055f144c63ba,2.98,tarama
3574d4af-df87-4e94-b0d0-995beedf4fe6,2.92,kapi
3577ce17-c196-4b5f-a420-b9c3fb864f93,3.00,tarama
35830d7c-132b-441f-bc7c-01d1d7d4f79e,2.60,kapi
35868d9e-2327-4ffe-9508-f6592d12bdf7,1.82,tarama
35870202-7cc4-4a86-b8f8-1b59f9f46cff,1.55,tarama
358a0859-dcfc-4618-9f7b-570076cea2cc,1.17,tarama
358de893-4b02-4289-ae50-32b08ab262f0,3.86,kapi
3598c09f-96f0-4a1c-aa76-a8b563e26145,2.14,tarama
359b230d-41cc-43f0-9fd7-75eda44d4fb5,2.07,tarama
35a17da9-3d22-4754-8f5a-8cdd84f3b092,1.90,tarama
35a651e3-668b-4efc-af5d-f8a852d6177d,2.75,tarama
35ac2db2-c996-4d94-8d54-fb3d89807209,2.72,tarama
35adc19b-6337-453f-a5d7-c2f045adb095,2.06,tarama
35b253de-d588-435f-9823-a90a2e9d4b6a,2.81,tarama
35b68aa9-b657-4e07-8278-7064426953fe,3.68,tarama
35b6f1a5-f22b-46b6-913f-f9f444ac5504,2.00,tarama
35b90b42-5ee5-4652-83e4-79bd900d2a9d,3.23,tarama
35ba7934-6768-40c4-8baa-60a114137fe0,1.42,tarama
35c6b79e-6655-4505-96ed-5153149e48d2,3.80,tarama
35d1347f-8569-478a-8888-a59e303eac4f,3.14,tarama
35d1983b-65d0-463a-bad7-3b3d18bf9cdc,1.28,tarama
35d4a45d-cdee-46ab-a442-9f770f010285,3.00,tarama
35ddbc0f-f460-41eb-bdc4-321e8d269c40,3.55,kapi
35ddf626-56ea-40ac-9fe6-cbb5e499a992,2.25,tarama
35e2284e-fa27-4304-9d43-1ad1da5443d4,2.93,kapi
35ecfff8-57c2-4d25-bd47-126cd6caa12e,1.93,tarama
35ed37f1-d579-4587-9318-c53cf82a5495,1.86,tarama
35fb956b-95f6-4206-a8c2-cad82890af7f,1.54,tarama
35fde244-bc48-49c1-b627-7b3d72bc8f3d,3.30,tarama
360105dd-cf28-4693-8dc1-6b1c36fbde6e,2.34,tarama
36013dc0-2433-41c4-83a5-2bad6ee60fd7,2.52,tarama
3602d5e7-027f-450d-9c20-279813a6fe0f,3.07,tarama
3609ac6b-e0c6-4667-bccd-371f4139a07a,3.11,tarama
3609f168-5c42-4e28-898e-c9635736b48e,1.60,tarama
3617010e-b191-4cd9-aee7-870ac3ea2c2c,2.27,tarama
361d5d6f-0a90-44d6-a657-7507dfaa768e,2.34,tarama
3624b0fb-86fc-42bb-bc68-7f8a2e2b5980,3.66,kapi
3629a4c9-7ae2-485b-ae11-420b3154d99f,3.29,kapi
362be52f-00e3-4023-92d1-9cf6bb980b7a,1.58,tarama
362ee3af-2816-4a3d-8e17-2a2d7d363f69,2.27,kapi
364747a1-ad4f-4a43-a9de-6b7a2caca1db,2.60,kapi
365580ad-8045-4dbb-bb67-1af45a1dd0f0,2.36,tarama
3658df72-e46e-40e9-899a-278fac7b65c0,3.71,kapi
365a0e41-3b42-4349-b003-9b01fed01889,2.16,tarama
365e1e82-78ec-4ace-9409-88f9469ac51d,3.26,tarama
36606630-9140-4c95-9efb-81b84baaab2f,2.60,tarama
36612e73-6d48-4be1-8ecc-f3bec203ca8f,2.10,tarama
36646489-f52a-41ae-86c3-5a6d2b6d898f,2.70,kapi
36684ace-9c45-456e-af67-4589be3c183f,1.20,tarama
367154c0-f428-42f8-9d9a-42ecddbc7133,2.71,tarama
3678296e-6c59-4105-af2a-8dd956cb59c9,1.91,tarama
367b40f4-8f88-4272-9ed9-f41874e7297c,2.92,tarama
3683a703-7846-418e-b875-d2288f033feb,2.16,kapi
36847777-8efb-429b-b39d-aa08745ff957,3.18,tarama
368a4129-9942-4de2-a303-3f9245f73370,1.97,tarama
36a4fff6-513d-418c-ae76-e2a31b120e2a,3.66,tarama
36a8c93a-56a5-46a4-a166-bbc00d0e73d1,3.64,kapi
36b8b41b-d461-4a51-a139-ac7ec11c9905,1.95,tarama
36c1e17b-471c-46db-81e7-71d3494c4dd5,1.93,tarama
36d3d2f3-f434-46d9-9af1-12b8c457cf63,2.69,tarama
36d4f43b-3659-412d-b793-9d4f63dbc017,3.43,tarama
36d539cc-a3c9-4397-ad13-9b7bce8381f4,3.60,kapi
36db6ccb-26f7-494a-b957-82db6d7b52b5,2.89,tarama
36df882a-2202-4e5b-b6b9-aea6ec9e211a,3.12,tarama
36e47378-9aed-46a3-b15a-da10f8da880d,1.37,kapi
36e8e3c1-d775-4dc6-9115-5421a2db55d5,3.74,tarama
36eb7c9f-2e1d-407f-b0e8-1edf29190092,2.56,tarama
36f28973-4bb5-4043-9795-92e74fedd5a0,3.56,tarama
36fa6f18-ecb1-4f83-ac6f-29b95fdeede8,2.33,tarama
36fce496-ee5b-4e03-9d3a-52b64ed5c982,2.68,tarama
37049880-b003-4153-b135-7de67b8b8f34,2.21,tarama
370c0262-6859-4ab2-8e27-234562a81cfc,2.89,tarama
370e7945-daa3-46af-9463-571f8e65d594,1.89,tarama
3710ba45-7de1-49a7-9240-b0470ba2b9fc,2.19,tarama
371344c3-9c29-4059-a507-79d358dbeca0,3.57,tarama
3717432b-acd3-4ba0-9ba3-ad420956e087,3.29,kapi
371763f6-a2a3-4ae7-9d1f-6fc84b4b8bb4,3.16,kapi
371baa24-c89d-4d42-844a-42dcb707f932,3.10,tarama
3723965c-e237-4bf8-aa37-e2f90a350f85,3.47,tarama
37249b5c-0c70-4478-9f97-ec5e0342c245,2.25,tarama
37284a0e-9d0a-4ed8-956b-5daa4850edf8,4.06,kapi
373043c2-323b-4173-9fe9-0edd0114f22b,1.95,tarama
3730f97f-1e05-4d00-afe9-1f04bbd84637,2.09,tarama
37323abf-aa90-4f06-a02a-aaf0686124a2,1.99,tarama
37345d77-2789-48ca-a12a-9a4e20e7f7d2,2.48,tarama
3734b8ae-2214-4b74-9408-f432856ee3f8,1.85,tarama
373a8179-4e08-471b-911d-87993a000d30,2.60,tarama
373c2209-7b4b-4a9f-8bf1-0b91c74512bc,3.60,tarama
37423df4-3e57-4a22-98f2-07c1524f91c8,2.63,tarama
374ac8bb-b3c2-4249-bc6e-74d094af4a27,3.48,tarama
374d2284-3f5b-4131-9ee4-3d7a15f90507,1.20,tarama
374f9692-4865-4d8c-838c-6ad63a95ddd8,1.18,tarama
374fc902-f7dc-4b31-84ff-e8889d4b3502,2.37,tarama
37519cfb-9a3e-4af8-bf06-d8defb2af16f,3.26,kapi
3752426b-da7a-4bd0-9b70-6b4987ef1a5a,3.54,kapi
37531d3b-8be3-4d94-a657-14f3f3e609fb,3.13,tarama
3755542e-fc98-4665-9537-b979e678d770,1.62,tarama
37587b40-5d83-4407-857d-68d6c1385797,1.99,tarama
375a0e59-f20c-4804-94dd-d2f2885799e5,2.65,tarama
375e6efe-834d-4451-9bc8-f36c1632adbf,2.86,tarama
37625cf1-fe32-4403-81aa-e2c920131d14,2.72,tarama
3766ebf0-7291-4242-bcff-21dd1356c007,2.19,tarama
376e76fc-211a-4999-9ca2-df65bc27ad0b,2.08,tarama
376fd609-31e8-4507-976a-34f9b1b9c4ec,1.55,tarama
37706f90-3aa0-4742-9969-9eca57475d4f,2.61,tarama
37720500-ae66-4727-96c8-03ab9978c8ba,1.08,tarama
3774b5bd-68f3-47a6-bfae-1bd90e2198c1,2.56,tarama
3779e9b6-4b19-434b-916b-42d0ffac8f29,3.63,tarama
377e9743-7d2a-48bf-b301-03c597df6743,2.29,kapi
3784e2a8-c62a-40ac-9670-91d6fd28c89a,1.75,tarama
378d26a3-439f-450d-8247-f9eafbcdce61,3.00,kapi
37953877-8e7d-4449-9eae-af9ca9bc7b73,3.45,tarama
379a738b-cb8a-4224-98f9-25640feef1e8,3.99,tarama
37a28b0e-05ca-4e85-9e58-ec75a3723174,3.67,kapi
37a76fc2-cd43-4a1a-abff-d465e6bd7e3e,2.48,tarama
37afae1d-f430-42ea-85d9-540ead38fca4,3.47,tarama
37b70a02-892b-456a-8594-855efc7d21d8,2.93,tarama
37bae18d-d20e-4be3-8240-ad8da89bc1a3,2.24,tarama
37c04db9-f1e1-497a-9e71-d30a5a60da68,2.15,tarama
37c9a24e-325c-40af-9aca-549009d3f9e7,2.57,tarama
37cc75ff-1ddc-4775-b7b0-8de0737a98f3,1.90,tarama
37d15ca8-2053-4fef-99db-f81f797ec5d9,1.87,tarama
37e18d95-5a5a-4b8b-9091-3ec8b47d55d2,1.73,tarama
37e1aff7-13a1-48f1-9214-8ad5cddcc1b5,2.39,tarama
37e4373d-b0d2-4be7-bce1-538fb138c8dc,1.72,tarama
37e870b5-47f4-4071-9be2-781c19792717,2.15,tarama
37f33232-cdca-4d36-946d-a5294769e896,1.57,tarama
37f34199-3b7d-43ba-b52b-4b196c0e3792,3.60,tarama
37f37149-b73d-4e4e-8ce9-2f59c2f7da7b,1.96,tarama
37fd09f5-aa85-411e-8d9e-a8335adb4e4a,3.29,tarama
38009b27-73ea-4a1c-a3d5-b35f7539b927,2.72,tarama
3802a041-c1e7-4479-ad68-25db9d4b7cbf,2.26,kapi
380f5d46-7489-4bbb-bf65-e152f235e66e,1.97,tarama
3822cde4-a57d-4c82-bb5d-7fecaa12a77d,1.43,tarama
382823c8-0473-480e-89a3-1e3668810985,2.57,tarama
382b70b1-ca00-4ada-8d92-259b14a5c5ac,1.60,tarama
382ca1e0-3a6c-491e-96b6-205764ae35f4,1.86,tarama
3835ce6f-7679-4e92-85f9-925615d83d0f,2.17,tarama
3836e2d8-13a2-42ab-86ed-16c1e5639c11,3.13,tarama
3839cc4e-a8d7-4d45-a3e1-92d793400a99,4.09,tarama
383dfe6b-be94-43c4-966e-f028c2f1aaba,1.42,tarama
383e22de-9b7c-46b9-a2a6-903810cae93a,3.39,tarama
3846c186-78ec-4439-82b3-21de59be9e8b,3.49,tarama
384b4b62-693b-4df4-8560-8d1c5fadefd7,4.01,tarama
3852c1c5-e7d5-4cef-a63a-697adb14a01c,2.01,tarama
3856cf67-a99b-4fd7-a768-534a7cc2600e,3.04,kapi
385bb22a-acba-4abd-b8a3-9c1c75557fec,2.00,tarama
386ef5de-5fba-4a27-a0f5-160ac3381b7b,3.23,tarama
386f6942-294b-445a-989e-9b1ca42eec4f,2.52,kapi
38702aaf-2476-4896-9bc1-1a009039ffe4,1.76,tarama
3879b88d-3f83-4540-8c01-4a291a11e79c,2.63,tarama
387a2c1b-a5d8-4b96-99f9-f23e1e50877d,3.72,tarama
387f860b-fc29-460d-af46-af99c07c94df,3.21,kapi
3880dde8-158b-49f1-b40d-54b4c9faaa9f,3.28,kapi
3888fead-7af7-401e-bdff-884b7ab5539a,1.92,tarama
388af714-0b2e-441b-a361-e3d0ba416a51,3.74,tarama
38916f29-c357-4754-a13c-da667cce986e,3.24,tarama
3893ff7c-e061-4643-97ff-145f99333aca,1.94,tarama
389a9ce4-f1c6-45af-9684-8ef2609d788a,1.71,tarama
38a2f462-42a0-4ca0-9e53-af90fa2dac9f,1.57,tarama
38a9d919-2161-4d3f-8b2c-2311dbd1428b,2.98,tarama
38ab66a8-4484-458c-b2ec-25b95da4274f,2.32,tarama
38b14207-f8cd-4f95-9a63-bd7d62d1b163,3.04,tarama
38b2e7af-a744-4930-9c7e-bbdef26ddaaf,3.28,tarama
38b8a5b5-2272-45ea-8e31-e848fadc18e7,2.99,tarama
38c9c574-edda-43a6-8aa0-3deface8ed53,3.80,kapi
38ced966-6a60-4992-9f0a-48804b725af8,3.06,tarama
38d891b9-a731-4123-a4b3-c96f6b7919d6,2.13,tarama
38da0f92-5c8e-4eb1-979b-9069351a9c69,2.94,kapi
38dc4633-6634-439a-a053-15c936f23e15,1.59,kapi
38e57816-a346-4588-abfe-b1f138c82e03,2.71,tarama
38e5e5a3-662f-40c7-b0ee-05a9f79f9a53,3.71,tarama
38ebbbc6-ec8b-4075-9602-26e0dc43b30d,3.84,kapi
38fae39b-e900-4124-a7c2-1f8d54243ed1,3.50,tarama
3900acdf-3ecf-4d68-854c-c8d298b1d799,3.28,tarama
3905198f-b464-4fcf-9539-6bcfae38b37a,2.50,tarama
3906177c-d196-4f5d-a73d-eb5f16e7fc6c,2.41,tarama
39079762-b770-4bde-b60e-592fdff669de,2.47,tarama
3909b00c-b748-422b-966c-723b25f872e8,1.85,tarama
390e9dfa-610b-447b-9dee-084390949cbb,2.01,tarama
3914a133-724c-4ff7-a627-e254a38aa421,1.99,tarama
39166caf-dba2-4dd4-a670-4227fa75da54,2.87,tarama
391853d4-1178-49ba-9dcc-1f39f117a43b,2.20,tarama
392272d4-e944-423e-94f3-22662e2f9c8a,2.25,tarama
3923cf82-bfad-4075-8903-faf7e218e668,2.74,kapi
3929623e-4f0b-4aab-add0-82f5c16b253e,3.03,tarama
392a35f3-da35-442f-9770-309728ee905a,1.63,tarama
392b5bd8-e2d6-4ae8-a3e3-eee601d4a866,2.13,tarama
392c00bc-430f-4960-830e-938c4a1e4ed3,2.02,tarama
392d8cda-e537-4ac7-ad11-55d99862f58c,2.48,kapi
393820af-00c1-49cb-a13d-9e1e33b5d966,2.69,tarama
394e4282-0307-4594-ad5b-04078875fe4d,3.76,kapi
394f6808-9249-4d8b-9654-ec4a9a8639a2,2.05,tarama
3950009f-6beb-43c2-9618-ee98e0334b8e,1.88,tarama
39502d94-25db-4a7f-8d27-1c0fc5ebf2c4,1.83,tarama
39550a90-79a2-4c71-86d5-3d288138328b,3.69,tarama
3957bc25-2992-4d66-92cf-3a747a3a4eb1,3.05,tarama
395872a4-c0e4-4c2d-8b9d-5aa07d24fb54,1.39,tarama
395a1564-bb7e-427d-9178-31a01445c9e9,2.09,tarama
395bb2cb-8d20-4776-8bf9-fae93ea39741,2.20,tarama
39674f0d-32da-4185-b7db-3dac367a96ad,2.21,tarama
39689471-953c-4e90-ab91-379b334c0197,2.21,tarama
396a5347-036d-4c8f-9a9a-dfe52c84123f,2.44,kapi
39777a6c-3ccb-4d3b-a653-e0c2cedd5185,1.81,tarama
397ca9e2-dd53-4ba5-ae95-652c09c7b388,4.03,tarama
39833488-f131-4ae9-971e-5d31b611a6ed,2.67,kapi
399062ec-28cc-49a2-8bee-d405771d8ba7,1.35,tarama
3991eaf7-d3fa-4e9c-8bcc-0cdcaae94578,2.78,tarama
39932839-2b35-4413-89da-8843f5adf82a,3.37,tarama
3995330a-e6e4-4b42-984b-8148c7d077b4,2.84,tarama
39963647-0823-42ba-abbe-70a27d3ee476,3.01,kapi
399b8b72-fb6d-4b78-b3fa-1a0cd2072c60,3.22,tarama
399f3987-7cba-4c44-86f0-6a005cc2fcff,2.87,tarama
39a098e4-5f0a-458f-be4b-165648856ae6,4.18,kapi
39a7cdcd-010e-45a6-8b22-d485e529b4cf,1.36,tarama
39ac9b7e-5a4d-42e1-aa47-5080cf0671fb,2.41,tarama
39acbb63-11a1-4ef8-b570-ef9834de8f3a,1.75,tarama
39ae2c8c-b54d-4e46-8d22-05e3371cf7e4,1.47,tarama
39b04833-fd27-4c13-a144-912a2e2c1b99,1.87,tarama
39b4e276-65c1-432d-aa57-b6341f94af3a,1.94,tarama
39bd70ab-50e5-4532-ae64-dcb5768d3fd3,3.76,kapi
39c0882f-b7c8-4056-8fee-9c2841e913a7,1.84,tarama
39c63d96-ffae-4d02-9c46-0df573b71e36,2.10,tarama
39c744a3-f3b7-4159-8d6a-81f8b053481a,3.28,tarama
39c9581b-de2a-45db-a0a3-a2f2e16faf94,2.82,tarama
39c9b97e-a3d4-4253-a1d6-f9945238f9eb,2.74,tarama
39d193fb-885e-46d1-95d2-e39469e6adeb,2.99,tarama
39d41e69-c016-4bae-ba23-fa0ec130bd44,2.24,tarama
39d92c8c-2a52-4687-804a-6f161ac9f667,2.17,tarama
39db89a1-5a79-4d9d-b155-7abe45eb525d,3.10,tarama
39dda96e-ab2c-4f31-8ab0-f6a273791888,1.75,tarama
39eb88ab-255b-428d-adf7-7480851e6430,1.97,tarama
39ee291f-b0f5-42b3-803e-c7b5503c118e,3.08,tarama
39ee6a2a-07e3-4f11-9532-af350e9f65ca,2.83,kapi
39f7e9ca-7cfb-4e91-9604-bdda3d8ab2b6,1.27,kapi
39f94fb6-e9a8-4e83-91b6-6087b2ab586c,1.95,tarama
3a037213-9f38-491e-98df-db85740655f6,1.84,tarama
3a054208-615e-4b7f-bee7-02100a7da024,3.70,tarama
3a054644-3a0f-406f-aad6-7717bd4c8bca,2.68,tarama
3a1e320c-a284-4f9c-bf4d-cd601db255de,1.36,tarama
3a22348a-70ef-4631-86a0-a7e59adaa472,1.27,tarama
3a2682b9-c22b-443b-a485-93d062c02cda,1.93,tarama
3a29a6cf-329a-412e-8532-40642dea80ab,3.02,kapi
3a2c3be4-3f9f-43e4-bda6-434c507cbd88,1.67,tarama
3a31d22b-a6a2-40cd-b9f5-01e3777b81b3,2.09,tarama
3a33cb50-5a36-4ba0-a18b-a8ad0f808664,1.51,tarama
3a3595ed-ee2d-4a2e-aa09-f76e062ac068,1.84,tarama
3a362280-4d8d-4de8-be43-5feee7ec7a47,3.89,kapi
3a38307e-9ac8-4a9e-9ac2-6c12a0a4cade,2.05,kapi
3a383b7e-297d-4372-a98a-dcfd64ecf47c,2.60,tarama
3a4536f7-ca9d-4b43-a865-bab423c1506a,3.67,tarama
3a473b73-f57c-4631-adec-2fc119429a25,1.56,tarama
3a4f8efe-b089-446a-a239-246d5fd1f1d5,1.51,tarama
3a5037db-33a9-4314-a084-2633db94704a,1.94,tarama
3a5093b8-970d-42fa-859c-1de944b733b7,1.09,tarama
3a593e2b-bb0f-4fa6-9b95-6a796eb5193c,2.94,tarama
3a624829-f947-4741-86d1-781c11d2dbbc,2.62,kapi
3a626a70-7855-439c-8640-702eac8a624e,3.79,tarama
3a671fee-09d5-4953-b826-122f73b01926,1.16,tarama
3a679775-200c-4da9-b405-e48a186d2a95,2.99,tarama
3a67d3de-bec1-4f37-80ed-cd2d65336226,3.43,tarama
3a6a5b60-2aa7-4b93-9990-6910f5d7c6ba,4.11,kapi
3a743b4c-e5e0-44ca-8ff5-ab5f78a16419,2.67,kapi
3a886822-eb5b-4aa8-9968-4e1e47c04320,2.70,kapi
3a91897d-6b4d-46ac-aa1e-f7777761fb5b,3.88,kapi
3a9ef9ca-9558-4e15-b6fe-400075ed3004,2.08,tarama
3aa3afa3-4e13-420e-ae99-3a8177d6aa57,2.16,tarama
3aa6d5a1-277c-443f-9c5c-2b71c413f4a0,2.40,tarama
3aac3295-bbf7-4385-b53a-31e133556e0b,3.94,kapi
3aac364a-04f9-4388-b71c-568fd975539e,2.40,tarama
3ab3e0f1-76d1-46be-9388-ea710baff8b5,2.33,tarama
3ac1cf44-3a18-42f8-b195-76cb2e3e473d,3.73,kapi
3ac5450b-f680-415e-986e-c901472cab28,2.74,tarama
3ac760c9-8240-4b0c-9d7c-66f811f88a25,3.48,kapi
3aca73f6-b555-411a-ad55-7fe96cf603ec,3.01,tarama
3acf67bc-e8ba-4e9e-b4bb-1fc53cb62f2f,1.39,tarama
3ad1dd39-f72a-4045-b50b-d08a8a8b9122,2.99,kapi
3ad5847f-7609-447f-b45c-503cd62e9f01,2.98,kapi
3ada6eb9-7183-43b0-8064-39bc070abdd9,3.06,tarama
3add478a-e48d-41fc-bb0b-d15771a8a932,2.75,tarama
3ade13bf-bbf3-45e8-ba5b-f63c5b041b1c,3.43,kapi
3ae5d61e-95c2-41b7-88b3-723637dc0659,3.90,tarama
3ae61477-9979-4091-80bc-f64a09b776d4,3.49,tarama
3ae6acf1-ca51-4c07-8d53-c146e37808c1,2.14,tarama
3ae87ec9-4381-4e53-8951-a79b7e2c1306,2.44,tarama
3aec3d2f-347c-4ab3-8271-a24ed63003b8,2.23,kapi
3af6fbbc-cb6f-4ac6-bb3d-ce24c0382189,3.14,tarama
3afa21c7-b8f5-4d16-9994-a411f83f1525,2.07,tarama
3b0e3edb-e06e-42e8-8b25-f8694717695a,3.85,kapi
3b1acc15-66ed-435c-8c8a-9ae9e0ec2776,1.82,tarama
3b1b31fa-a7a3-49ab-b34c-e35d5fec8b7b,1.38,tarama
3b276606-e7b8-4df5-90db-60e2ac1ab4d6,2.41,kapi
3b27bcb8-7993-4ef3-b1b1-fd2bd94c9587,1.31,tarama
3b2ef7bc-f14b-4299-b260-dbc05a1d41b3,3.73,kapi
3b328eb3-e94f-4474-a774-60d9bb3795c3,1.81,tarama
3b3522a2-0ee7-46ba-b55d-a9fd189744bf,3.41,tarama
3b368615-6a27-42d2-93f1-20a94fdf8764,1.96,tarama
3b39f3fc-a365-440d-b1fe-ebeccbb3e2fc,2.58,tarama
3b4024a6-5c88-4a32-880e-129c3a758858,3.60,tarama
3b51b1b6-7642-4259-95d1-1e977fd10567,2.96,tarama
3b544a94-bd6c-488d-9325-5f6085940d0f,3.13,kapi
3b574bd5-13d9-492c-b5ea-ca47bcf76e98,3.70,tarama
3b5a989f-56fe-4166-b675-e768a4c1622a,2.30,tarama
3b5c5961-1119-4372-94ad-1897841b372d,2.90,tarama
3b608d5e-f1b9-452f-a4cb-6dc6245c52a0,4.14,kapi
3b6a3125-22cd-40ab-a9ad-48acbb4c23f0,2.63,tarama
3b76ff17-403c-4b83-ace2-f08f37587a0a,1.32,tarama
3b79e0ee-2638-4be7-a5af-3f6a2eded5f3,2.88,tarama
3b7caec9-eb2f-4c33-8811-dba483bb5292,4.15,tarama
3b81fbd6-6248-495f-80d1-40773e607005,1.57,tarama
3b83f263-5d9d-470c-8e40-80508275737e,2.37,tarama
3b86d783-39ea-40f6-ab4a-256794847d82,1.65,tarama
3b88b9a4-c770-426d-bf44-4faee8ff3c3a,3.09,tarama
3b8c496b-b0a3-4628-8352-4977e245a207,2.94,tarama
3b8f5bf4-0051-458d-85fa-be634404e99d,2.86,tarama
3b918058-07d5-410b-b15c-c9276bc1f08a,3.93,tarama
3b96db93-65a3-41d3-8878-007aa5439204,2.71,tarama
3b994c32-e3e8-431f-9947-a1e224a62236,1.91,tarama
3b9e7662-c291-4d20-9b51-78e583c244a9,1.70,tarama
3ba34f53-e2be-4a94-9ff7-c7ef7de4b183,1.79,tarama
3ba9377c-8377-46ed-a51d-169d4a982dbf,3.31,kapi
3baa4944-e0ec-4406-b278-65553c499865,4.32,tarama
3bad425d-6fb1-41af-9680-4905f6fd2af3,2.02,tarama
3baf2fbb-8b70-4abb-a5ff-ae02d6380386,2.59,tarama
3bb2c329-c7a4-4f7f-bf0d-dba3770a00fa,2.29,tarama
3bb3b04f-94be-4906-b180-bbe2f0f3e2bb,2.32,tarama
3bb5e116-bee6-4ffc-a931-8412f3de7f84,1.55,tarama
3bb6a4ac-9c07-4a8c-98b7-6f3d88ae5dae,1.73,tarama
3bbae467-2a58-4286-9f87-ab7ce17849ce,3.38,tarama
3bc3e3e0-60f1-47b1-acae-8da25a69d59b,1.92,tarama
3bc816af-4d78-4fcd-8663-fdcf1d29e2b4,2.78,tarama
3bc90949-6162-4b7d-8291-abd7ef5a75bb,1.83,tarama
3bc9d9db-3902-43ce-8a2b-5cc26e46c718,3.47,kapi
3bd04717-8a5b-439c-a35e-f240a5904a24,2.24,tarama
3bd3d3f9-6fd8-4c66-94c1-c755c71f2fbb,3.35,tarama
3bd7aaab-9d4c-41ff-a0db-17b75e8d1a79,3.72,kapi
3bd8ecc1-f828-46ff-b359-ac8ff732f066,1.33,tarama
3bd9c0b8-8d39-49d8-b892-b0156725c643,3.06,kapi
3bddf950-1258-4684-b928-0e76a95e906d,2.81,tarama
3bde03ee-0d41-47c5-aa76-325fbbb99744,3.37,kapi
3bded5bf-f565-42b0-897b-3261e95b1b58,1.86,tarama
3be016ca-f81a-4824-b273-b04d66cedddb,3.55,kapi
3bec9130-9ab5-417c-bfd3-3b7d6fc44499,2.80,tarama
3bed54d1-6d71-42ba-9651-0689879a9acb,1.26,tarama
3bf6086e-0f7d-47ba-bcb2-203037a24748,2.24,tarama
3bf8670a-07f5-44a7-958c-e4e49c10ca59,1.45,tarama
3bfea6cb-5bac-4d09-9496-170a618586c7,2.14,tarama
3c000fb9-145b-441d-ad1f-ca0d61bef5b2,2.80,tarama
3c01bee7-8043-4dfc-b528-2a4f1506dee3,2.18,tarama
3c031e64-8d22-409f-aa91-a7b290c1b0b4,2.07,kapi
3c09518f-2e5c-4660-bc81-a085da20ef92,1.35,tarama
3c106b18-cbc9-4c88-b128-f56f91d983d1,3.80,tarama
3c11e279-a971-4221-965a-0e19d70a6f54,3.48,tarama
3c126aba-6818-4202-a7b8-ea425f98bde1,2.10,tarama
3c158448-c5bd-45e5-b6a1-26bce6a007c3,1.34,tarama
3c16589a-7188-40b3-99dc-1918dd7cb129,2.74,tarama
3c1d15a2-8820-4b13-a2c9-46edd0c89ce7,3.20,tarama
3c2165c6-2cde-460f-ba85-d145350f2298,1.06,tarama
3c25f856-bf61-44ad-bf66-be7bdd8a8db1,2.09,tarama
3c330c48-338e-4bfb-a199-7fcc7b4130d7,1.70,tarama
3c3da88c-777d-4963-964b-21dae8461ae3,3.19,kapi
3c3f61a2-4c10-43f0-b312-a7f798584cd4,3.44,kapi
3c40e842-c477-4bdc-a6a1-f24a091472cf,2.73,tarama
3c47c3f1-f632-4aa6-8ced-caa597123e9f,3.29,kapi
3c521a3a-c9b1-449a-90f4-dc0a33e74d72,2.85,tarama
3c530cdf-e490-4eea-a11e-a69ea3608a68,2.86,tarama
3c598a42-51c7-4e3c-964e-dce556a5a66e,2.18,tarama
3c616f0c-f0e5-41d4-8251-bef4fc9aad2c,2.08,tarama
3c62d3a7-dcfb-461d-84aa-ae5705bdc0eb,2.76,kapi
3c64b46a-813f-4aee-84bc-a34e1fbef226,3.07,kapi
3c66ba43-290b-452f-893b-5333207ec1a3,3.74,tarama
3c70a012-d35c-441b-8541-868e71e307e5,3.45,kapi
3c742940-0db2-4fc2-ad41-6e3cd9db1a44,2.19,tarama
3c78c4e8-8308-4454-ab08-471bda410def,3.12,tarama
3c7af2bb-f7bf-451d-83ec-195c52021362,3.09,tarama
3c7ff9f9-cb14-4596-a879-801ca5122b96,1.96,tarama
3c8a47ed-6fb1-459a-8bed-37beb5e1b414,2.28,kapi
3c8d03d5-18cb-42c7-8340-606620219db9,3.62,tarama
3c8fc7ab-e7c3-49dd-bc25-f44059106c06,2.02,tarama
3c955bda-35eb-4e19-9f84-5889e45d2adb,2.00,tarama
3c9758dd-7dfe-41e3-95f8-a6526b999ccc,2.57,tarama
3c9c8796-9c55-4caa-b323-c02b4b3bc841,3.19,kapi
3ca39dbf-f180-4ea5-b6e1-483b39aa12de,1.37,tarama
3ca4e2c1-2415-48c2-a799-1dbc6e9ef5dd,1.20,tarama
3ca7184b-0c1c-4067-b376-107f4ccc1079,2.48,kapi
3cac0b51-1e4d-4574-8bdc-25c65980afaf,3.47,kapi
3cace0cb-62b6-4129-9e50-5f79b5bd2554,3.37,tarama
3cadb231-8925-4614-8f44-198b561dff95,1.91,tarama
3cadb5e6-f600-4c6b-bd4a-885a9d0d3d35,2.94,tarama
3cb0cd22-aa9f-479e-adb8-aac0276ba86d,3.52,tarama
3cb2f51f-212f-469b-90a8-cbda2288ea9d,2.22,tarama
3cb74019-6ccc-4174-8e94-0d4f2ae590ae,2.07,tarama
3cb7ef91-c9cd-4997-a630-f8df22143251,3.00,kapi
3cca96cc-1b05-4ef8-8c4c-febf2ae82e7b,2.60,tarama
3cd1aaee-1894-47da-9cca-e43ef442b45b,1.26,tarama
3cd2c88a-dd90-4065-8f99-21fd38d2ba68,1.01,tarama
3cd4103a-b781-43ca-87ca-2218278e2b0a,3.74,tarama
3cd43862-148d-47de-83e2-767dd53219ef,1.71,tarama
3cd7508c-5b54-4f11-8077-3c4e3cfd2420,2.24,tarama
3cd83aa1-6251-4292-b43b-06c6e425ad6f,2.07,tarama
3cd93649-cddb-4f12-ab09-311152d3e877,2.91,tarama
3ce0d65b-71c4-486d-aa7b-0d1ccef715d9,2.35,tarama
3ce2b272-1280-410f-a782-e32afb687d99,3.35,tarama
3ce345bb-965d-499e-9f0e-c47342050726,2.38,kapi
3cedeb16-edbf-4b17-9afd-bc309298f118,2.76,tarama
3d0009b1-2128-419e-8a88-690c4ec92cf5,1.91,tarama
3d04f5c6-88e4-4069-a6ea-83317f846436,3.48,tarama
3d061e57-34f0-49d4-a123-dea368368fbc,3.91,kapi
3d065fd4-0cd1-41b1-a7cd-1da3464a8c35,1.81,tarama
3d0687ad-4dc7-4d52-a2a0-75c1da464cba,3.31,tarama
3d0756c0-3dec-437b-8bab-433ef431a638,2.61,tarama
3d077e29-cf5a-46b3-a250-004d2dbfa353,1.48,tarama
3d07bed8-9f2e-4beb-9b35-a377919e30a8,3.01,tarama
3d0c88e4-b95e-46d1-9f05-ca2e92edcc4a,2.02,tarama
3d0e7e61-2575-4435-be1f-1e75c45de7fe,2.30,tarama
3d11cdcc-786f-48b4-a9dd-4ec4f6b4a8a1,3.29,tarama
3d1239a7-b93e-43f4-8500-4a9e49405303,2.93,tarama
3d138d70-7c21-49a3-ac46-0b39f318d130,3.23,tarama
3d17539e-35c2-41c6-b161-8b9f56663287,1.98,tarama
3d182144-cbe3-4b2a-97f9-4383abe7dffa,3.76,kapi
3d1db78a-9768-46c4-ba81-f068b1a68a79,2.09,tarama
3d2aea2a-c4d9-4d66-ae21-e57833bb384a,2.30,tarama
3d3f707b-7964-40db-af63-a3f7a6256a15,2.97,tarama
3d474451-618e-488c-932a-ac92c1d1c539,3.74,kapi
3d49a96f-47c8-4dda-adbb-f4a25911fdd0,2.92,tarama
3d4f0238-aa31-4b19-8c72-6ba6c5c352b1,1.71,tarama
3d4f80cd-691d-4b50-b300-0f5044721f8b,4.17,tarama
3d50e304-8c97-4079-a1da-9e0dc790fdfe,1.92,tarama
3d60026d-6418-478d-ad8d-7eca41dd193a,1.82,tarama
3d69c143-6319-463f-92eb-d25451b334f2,3.69,kapi
3d6fcfd4-cf29-4864-ac61-87f70f465f62,1.94,tarama
3d74922e-d512-4de1-b79b-8ade4a6e0cd3,3.22,tarama
3d7ba60e-5300-4268-9dd3-21c5e175b9db,3.48,kapi
3d859ba7-c063-45cf-b649-cf2e3ec0ca5b,2.22,tarama
3d8c18a1-e274-421c-82e1-68f8a48a0bfb,2.32,tarama
3d96d170-b12b-4266-a205-f3f2dbee9690,1.47,kapi
3d973371-a581-4255-8dfd-e342eb52a3f5,1.69,tarama
3d9827dd-79ef-47bc-ba67-c83874f35389,2.40,tarama
3d9fc303-077a-494f-b2aa-67844a4c4ba3,1.88,tarama
3da3c8b7-4e10-4e71-9ac3-93bf264ab408,2.46,tarama
3da4fb2c-853c-4474-a42b-ef820f7a52c6,4.07,kapi
3da5b27f-eb8e-4372-8975-394cc781d6b6,2.09,tarama
3da5f89e-97b2-4609-a934-d83e6db08cff,1.98,kapi
3dac9515-7823-4074-8598-8cb83534e05c,2.99,kapi
3dadced4-ede8-4754-9e6e-52ef36335a91,2.37,tarama
3dc30d8a-b247-49f9-b44c-2b9d8bfeafc6,2.02,tarama
3dc43e88-01e0-405c-b190-34f68e383bf9,3.21,kapi
3dcd03d7-73fd-4d84-9b91-2c4d11eac8f3,3.04,kapi
3dd440db-241f-483f-bc4b-be7c7b99bfb7,1.89,tarama
3ddc82d2-fa7b-43ea-8073-84576bb85ca4,1.82,tarama
3de37fb2-22d8-4a78-8f80-ffb3f18951c6,3.82,kapi
3de3ee75-d023-407e-9cf6-32fd5bbf58b9,2.56,tarama
3de6098c-05c5-4935-87b9-84e084d1a44a,3.45,kapi
3de88563-1637-4d94-9ff2-c897cd7ee875,3.41,kapi
3deb5b6a-d343-4cca-b05e-328a67f29212,3.90,tarama
3df11c66-5f57-47e8-929b-d737c6eca3ab,2.52,tarama
3df4c0b4-cf54-4a7b-9ee8-7dd93c8d6964,3.36,kapi
3df7715e-4170-4631-bde5-f452673cdc57,2.50,tarama
3df7c92f-ac90-4256-aa1a-ad31b8928e69,3.67,kapi
3dfcac2b-1ccf-48f2-926c-c7197b847ff2,2.58,kapi
3dffba58-36dd-441f-aedb-b1e169ca82d2,3.46,kapi
3e000ce8-635a-4f67-a544-ebe5524f21d5,3.59,tarama
3e022dbd-a4d5-4864-940a-d407dfe0f58d,3.02,tarama
3e040b1b-1122-4d2d-98a9-b6ada7419cd3,3.85,kapi
3e0434ae-d51a-4869-a224-5e2dd9d2fa94,3.46,kapi
3e087d87-90de-4111-a1ec-f0db24f314f1,1.60,tarama
3e0bdd8a-07cb-4833-8975-8a6f97b19c50,1.95,tarama
3e16a5a8-97d3-405a-b711-0d0684651b1b,2.99,kapi
3e1b506a-ed94-4f1a-b2a1-1bae57f80762,1.92,tarama
3e1b61a8-6d8f-4c94-b117-9608bbfc8e16,1.88,tarama
3e1fee51-f1d0-42e0-9fd3-872b41845122,3.37,tarama
3e2cc5ef-52bf-4617-ad3a-659da49f71f5,2.41,kapi
3e2cdd86-0a41-4874-8e2b-8f18e778e505,3.58,kapi
3e314b18-e808-41b9-9acd-553f0646a647,1.43,tarama
3e3644c1-8661-4104-834b-fcc97ff9ae67,2.06,tarama
3e368665-58c3-41e3-99aa-7ced0eac8bb3,1.99,tarama
3e38e1e8-f1c7-4346-ac1c-fb445e1912aa,1.06,tarama
3e3b1759-0a5d-4dd5-bd4c-5d18704ffb15,1.96,tarama
3e3f791d-bc02-463a-8f81-2037f4b569ee,3.19,tarama
3e4ed379-11b7-4b1d-9622-5bb9432779f1,3.90,tarama
3e50e27c-a0ec-4e28-aeab-ec67448ecf87,2.51,tarama
3e521b36-56c6-4aec-80cd-dcd98c694c50,1.75,tarama
3e53513a-9a68-4fd5-9040-9e11b8a2c648,2.13,tarama
3e59d0e8-ac29-4657-bc0f-6acc1b2a47f3,1.70,tarama
3e5afef9-92de-446b-8de5-39a2188cb9a8,2.45,tarama
3e5b4abc-fda1-4a07-9440-21a056d4dba4,2.10,tarama
3e5eb2ba-921c-4e9b-8d0e-1052754e4db5,2.56,tarama
3e65ebc8-0a42-453b-bc08-5a11e3cf5390,1.72,tarama
3e6c7fe9-5ad3-488a-b4da-891fd8c25fd5,2.61,tarama
3e6d414f-31fe-4efc-b3e9-6eaf2e6f9911,3.51,kapi
3e6d93c6-6f23-409e-8106-f024f0ea71da,2.83,tarama
3e6e2292-c5f2-4544-9b1e-49fba43ad85c,2.69,tarama
3e6eef26-6184-4e30-b497-b91e692c4b9a,1.58,tarama
3e7829d4-50b2-4ffb-bc60-8dca448f32d7,3.46,tarama
3e7e566c-12cc-4467-9cde-a24b67ac3fcf,2.49,tarama
3e7fe594-d4c6-457b-95fb-589f79d69caa,2.81,tarama
3e821473-2a61-45fb-9771-ff082bcb1908,1.31,tarama
3e8524a2-53c7-4a80-b955-7d5233540168,2.85,tarama
3e86816b-dd26-40b2-b5af-caa3d8fd183e,3.31,tarama
3e89f346-9615-4de1-b933-8664c9a3b18a,2.31,tarama
3e954d7f-9db7-44a2-8f9e-3018400346be,3.37,kapi
3e9c354e-899c-4518-b15d-78ac5aca7732,2.12,tarama
3ea1c31d-9944-455a-af5f-345dfb61269f,2.17,tarama
3ea1fcde-0093-4a46-b89d-f423e38eb3ef,3.77,kapi
3ea31a4d-6e21-421e-8704-07ff17a01972,1.98,tarama
3ea71d33-1a0f-42fc-8718-f792f0bc6726,1.67,tarama
3eac2367-b161-452b-a26a-90a98a089018,1.86,kapi
3eb314dd-d11d-4229-a28b-828764636922,3.01,kapi
3eb9da50-1fbb-47ea-82c7-b9e2c61a9775,3.84,kapi
3eba917b-5c04-40e1-9bca-d00bf57b4a41,2.41,tarama
3ebd5feb-1ba5-4d9a-818b-cbae19e14255,2.33,tarama
3ec07e07-c1c1-4547-ac80-27d5c31472ae,2.08,kapi
3eca6f6a-5351-40d0-8731-eeaafe3b71e5,3.67,tarama
3ecf1f87-f8b0-42c3-823e-23fa911f00e4,2.34,tarama
3edd6365-ad1b-48f0-9e01-f57987f26300,2.90,tarama
3ee3d664-f385-49fc-aea1-cf03885d3ddb,3.66,kapi
3ee799f5-311a-4849-a0a0-2b3699a18af2,2.54,kapi
3ee7c952-cc65-4d01-9633-c9cdfe8fe558,2.58,tarama
3eeb4cb1-16d5-40c4-b67f-cd52dfbc8921,2.01,tarama
3ef54c4c-f2ee-4e81-8248-2e864e148e49,2.73,tarama
3ef97234-4f70-46bf-99f3-aef8af8e3d7d,2.75,tarama
3efa7586-0f66-4138-9bdc-0d3b9628b905,1.99,tarama
3efd7097-f582-4afb-ae91-c4994d532cab,1.50,tarama
3f0973a5-4f34-4214-8786-5d782fd5eb95,1.29,tarama
3f098067-9e2e-4860-954d-9c15d28c7f8e,2.10,tarama
3f0a2355-c0d4-4199-95ca-42fbccb08f3c,2.81,tarama
3f0e1f27-ef36-4bc9-87dc-0b0bb0015933,1.97,tarama
3f16e761-1d25-4f20-a0c5-c30df20ce051,1.60,tarama
3f19291c-703b-478e-a122-323f98af9682,1.37,tarama
3f1a176a-7ff6-4db9-ac85-029230a12716,1.64,tarama
3f2472f3-4707-440c-84b6-57a517d3268b,2.20,tarama
3f2832e8-86af-4a57-b096-7b1d9a558bc2,1.87,tarama
3f2d2bba-e138-4761-9df7-5f41c35dd8e7,1.34,tarama
3f2e14f4-6c53-4611-be07-41a1db4c03f4,1.73,tarama
3f3d3cf5-2830-420d-a941-a76a4d7137b6,3.62,tarama
3f3d80f6-0416-47bd-8f53-20db4da444b4,1.93,tarama
3f400960-fdb2-4fb3-bc94-d8f142c20256,1.96,tarama
3f4064e1-f4f3-4f56-9a6f-ab9ff2fb50b2,2.55,tarama
3f439c1c-84d5-4dde-8e5a-db4d0a32bf8f,2.54,tarama
3f4a62b8-dc29-49d8-93b5-a6bfe06940f4,2.42,tarama
3f5a222a-df08-4442-bd1f-72fe81b90fb8,2.23,tarama
3f5b9b69-fece-4dee-ba80-93f5aba08197,1.18,tarama
3f5cceb3-542b-4c15-989a-449c8cf2d884,1.86,tarama
3f5d8320-b98e-4121-ad86-58d46cd325af,2.43,tarama
3f6cd1aa-fb0a-4585-b555-ec9278414b3f,2.90,tarama
3f6f79bf-74f2-4512-b7df-d8766115cde6,1.75,tarama
3f72a152-19e5-474f-ba84-ca8a9118faae,2.19,tarama
3f797e57-022a-430b-89d9-a4c58d7e65db,1.93,tarama
3f814c14-091d-4695-a00f-06f9e1ed436c,3.58,tarama
3f824394-7528-4d23-a100-3dcd1be89f90,2.14,tarama
3f84aae9-936f-4103-be54-111ba6442cf4,1.65,tarama
3f894a2f-29e6-48c1-a795-9878fea84327,3.80,kapi
3f8b5261-c524-41ef-8a98-845ddab21a62,2.76,tarama
3f92ffac-c53f-43e1-b548-dde859eb1758,1.81,tarama
3f975fe6-5c30-456a-90fd-b094c567a00b,1.54,tarama
3fa5fd3b-a0f8-44a8-8ca0-ed2f0aa77c08,3.69,tarama
3fa74812-5e60-4b9f-868b-9d2aebb5a65f,2.16,tarama
3fb39812-450a-4cad-8d75-0e5dc03e8242,2.18,tarama
3fba3d08-188c-4d5b-93aa-e126c62e8540,1.92,tarama
3fbca3b9-de2f-41c6-b964-061c5dc04f04,2.05,tarama
3fc1a8ca-9b84-41b9-8a98-349dfd9d8262,1.85,tarama
3fc2b46c-5285-4911-9ba2-25d5adbbb93f,2.38,tarama
3fcaad70-0b78-4561-b570-e665072a628a,3.35,kapi
3fd2cefd-3f6b-4125-8cb3-358fa0111dc0,3.82,kapi
3fd663e8-801b-4b0f-8b96-052347b28e31,2.42,tarama
3fdadd08-3ecd-42d4-8887-2ef9dfb88494,2.29,tarama
3fdb2b8c-fd4b-4a5c-8675-d8eac35c20cc,2.13,tarama
3fdfc42e-c7c2-4655-8c6b-14a037696b31,1.96,tarama
3fe21f0b-3aee-4cd4-94ce-ea1d93f407b4,2.09,tarama
3fe26291-9c1e-4d68-a51b-04ad3d17d405,1.76,tarama
3fe54f2b-02ef-4982-bb2d-39e5cc0d83c7,1.66,tarama
3fe5b6ec-61fe-43f2-b533-74b5b02deef6,2.55,tarama
3ff4fb9a-0511-45e6-b629-4a3db4095e8c,2.45,tarama
3ff69b67-902e-4923-bfa8-8560a9097707,2.46,tarama
3ffc28c4-cf51-4d4a-b43c-5cb32ec8b0be,3.32,kapi
3ffdf3d2-3666-462f-bb2e-f799ec4aedf0,2.36,tarama
40062992-c4a7-45d8-b956-b7f5cc7e9f69,1.68,tarama
40096801-3d31-4f8c-8172-31152035b610,1.92,tarama
400b31bf-6414-4699-87e7-4ae15bb9b998,2.28,tarama
400f1846-97f4-4e22-b954-82360533d03f,3.01,kapi
40127cfd-1635-4800-818b-00eba158731d,2.40,tarama
40181592-909a-43c1-84fc-f0a3a14e080b,3.10,tarama
4019f8db-ac38-43a6-ab40-af16ec975e96,2.10,tarama
401a9a0f-65b1-4ef4-9300-90ca9c374bfd,2.39,tarama
401b2446-25ea-4bf9-a902-e4db0e2b9d88,2.37,tarama
401d35ac-aa6c-4a9a-ae4d-d45bee5a9588,2.70,tarama
402822f2-a69d-4b20-8f61-948683b853c1,1.81,tarama
402a5452-96d4-4ada-b4c4-d2503e5b3e9d,3.73,tarama
402d0780-018c-4541-bc17-36a0853c7dc5,3.20,kapi
4038e23b-56d8-48f3-8f9b-8a99e473071a,2.33,tarama
403abc9d-94e3-4e03-92f2-45b84a5f6d1b,1.99,tarama
403f828b-b6bf-45d3-9016-03f1154c0c81,1.58,tarama
404e4546-6ff8-4cb0-88f5-2544bde4209e,3.93,kapi
4052528e-843e-4e60-a488-f820321c0bdb,2.32,kapi
4052f8c7-3520-47a0-aa2d-b74d7648e0a0,2.98,tarama
405bc4af-455e-4b3b-9062-6da7254a015f,2.97,tarama
40602b63-ae43-4e71-a209-d2f15f9dc5dc,3.00,tarama
40611c4b-2367-4ff5-a5ef-df431ff1af79,2.71,kapi
406635ac-89d8-4ded-9bb7-263f0d54d490,1.16,tarama
406f5bbb-1813-4e07-8ea2-ff74c616a586,3.23,tarama
40705dbe-26b0-4fdd-986d-8c169848f965,2.02,tarama
407120f6-5fec-421a-975d-9291b2db45e3,2.15,tarama
4075eea7-65a7-4f01-942b-05413fb98b16,1.93,tarama
4076fb8b-6c29-4978-b7b7-a81e5e24c8f7,4.00,tarama
407ec76d-0e3d-45a9-b5ac-f0a65a5aac00,3.50,tarama
407f319e-ba46-4250-8f97-fa5d94783844,1.59,tarama
407fb363-8c74-4ca5-aa2b-bc632d6b73a4,3.85,kapi
408e827f-9267-40df-9226-a7705f751a84,2.81,kapi
4091f596-c7cf-4224-927f-bf5028bc49ff,1.86,tarama
40950922-d5dd-44be-aece-de45944198e4,2.89,tarama
409ace54-d830-441d-a279-88954f191810,2.21,tarama
40a29dba-2742-432d-87d7-739b87c9c3db,2.12,kapi
40a906a9-7250-41d4-b73d-fc20a4604c92,2.15,kapi
40aac7d7-1018-4c1f-9a4e-7a12d83b53fa,1.96,tarama
40aae15a-aa3e-44be-a2e1-cf0a5053c3a9,3.43,tarama
40bda519-9c44-438e-bd98-5c0717354701,3.04,tarama
40c142e9-45da-44ce-a74e-0ecf3493bd29,3.30,kapi
40c1ba56-e4d5-4179-b5c7-1a6d3d979470,3.23,kapi
40c5fde3-50ab-4b78-b41e-e9836a75b3d2,3.62,tarama
40cef15f-9121-4452-b180-45d47587591b,2.57,tarama
40cf4096-5eca-4f64-aab2-71eec6ecfe50,1.94,tarama
40d0de02-a551-4c58-9ca0-fc073bfb47a6,3.25,kapi
40d95971-6216-46c9-9bf9-6a355a446e30,1.70,tarama
40dfed83-104e-487f-a155-1527e15e09eb,2.81,tarama
40e10c07-0deb-4c60-8f10-8041e0a0093a,2.20,tarama
40e774d1-7867-40ba-bd15-d92e88fc1710,2.46,tarama
40eb2ccd-bc94-451f-b649-6a42f2998ef2,2.32,tarama
40f69bb6-8984-4a9e-bcc1-2a7ddb411f27,1.96,tarama
40f6d848-49fc-43bd-b8a8-9d7678d62cd2,3.88,kapi
40f6ef0f-20f4-4f08-b13f-6efbf544779b,1.18,tarama
40f865ce-7991-4eb2-807e-84dc45707273,1.26,tarama
40f8ac75-8c71-4a3e-9e69-9c73ce0f0e8e,1.89,tarama
40fbd2b6-7155-4feb-893f-8b07e795393f,1.99,tarama
40fd6b29-84c1-4c4d-a7da-87c6527ede98,2.40,tarama
40fe92e6-a225-4703-94e1-9a2ef11d8fdb,2.68,kapi
41050680-ae9e-42d9-b04e-795d566228a8,1.82,tarama
41063a35-3541-473c-a3eb-7c1bcf53c478,1.94,tarama
41065340-e0d5-4b82-a017-4201256b1fe5,3.77,tarama
410aa98a-c6da-4ff0-9a78-c4e1313e6c6c,3.22,kapi
4118c41d-f6f9-42c8-93b4-5619c9e0bf3f,2.39,tarama
412c48d8-e2d6-45e0-a4ec-aaefced8ad91,2.71,tarama
413294af-178e-47ee-a968-b15eb86519f1,2.95,kapi
4136dd49-6db5-4a33-8a3a-f8d434f0946b,2.18,tarama
41401296-bf99-4072-ade0-2f867d3fddc3,2.90,tarama
4143bd59-92dd-495b-b7f7-fa5377d71f21,3.40,kapi
41456c8d-f548-4d35-b8d0-8c1a5c5e0df6,3.42,kapi
4146f641-863f-46af-ad33-199bbd1125ef,3.05,kapi
4147ed5e-ec73-4796-bde8-64c0c662552e,3.70,kapi
41490d9a-ce56-4626-a27e-cc3c8218e774,1.81,tarama
414b26d5-0911-4c71-8518-43f580e24426,3.56,kapi
414b54c1-ad50-48d5-af3a-8cd2bca01edb,2.29,tarama
414d5604-49d3-4999-922f-baff6202f7ec,2.29,tarama
414e1fa1-6f94-44e3-8130-900b8a05dec5,2.65,tarama
414f3bea-1283-46e8-b61c-c1c25a7fa2dc,3.25,tarama
4154efb4-5716-4514-a2c8-191c1c197aff,1.68,tarama
41563f57-0fac-4746-8642-5a6e3f3a341f,1.46,tarama
4157ed9c-a353-484a-a155-5e82124bb7d0,2.70,tarama
415a219e-e75c-4453-b5c7-46023a57f22e,1.73,tarama
415fe0ea-1281-4866-ac5f-df25898b2f86,3.62,tarama
4164202b-68a7-4c31-9af3-9cc16762fe8a,1.95,tarama
41677a91-590c-456a-9f5f-69d08525a9b7,2.07,tarama
41699247-fe29-4373-bbb7-3de1ccf4ca45,1.51,tarama
416d6827-f856-4a6a-8c67-1c31a2573b12,3.54,tarama
4171db36-3777-4d93-bf16-4ed922c1dcb5,2.72,tarama
4172c120-9241-4c54-bc87-6022c3da59ae,2.58,tarama
4172c8bd-1761-4988-b423-b0b46b5c0801,2.43,tarama
41785289-3246-4a0c-be1a-2252d2797dbb,3.23,kapi
4178f8c3-99b9-414f-a20c-2e256567eb36,2.18,tarama
417a77f1-6a57-4f6b-b5d9-aa80e6c0bd85,1.64,tarama
417ae98e-fa7b-4f09-8fd2-ffe8a945406d,2.96,tarama
417c577f-72f8-49ca-8952-20e4b80945f6,3.14,kapi
417e465b-7890-413d-88bd-5139f4c9f1ef,2.21,kapi
4180e69e-6fd9-47c9-b6fa-f20287b9115e,1.82,tarama
41822ec6-eb82-4092-a669-20851769dc8d,2.83,tarama
41882fa8-e390-4216-bbc6-277e706e8110,1.89,tarama
41896530-3d1e-4601-823a-bdc471ee7dfc,3.14,tarama
418ac2bd-11e1-4495-9664-b459b07644d7,1.46,tarama
418fd995-d443-4988-bdb3-dc74efa3d3da,1.86,tarama
4190733e-807e-4527-9592-6266fdd66845,2.53,tarama
419c4005-46e1-45a2-a315-e7870e0442ed,2.94,tarama
41a77c87-6c5a-46ee-81d4-353914ad5862,3.24,tarama
41b4ebbf-1dc3-4a3e-a37a-ddf524fe2517,3.53,tarama
41b60b83-371a-4641-bda1-13ad3f267927,2.93,tarama
41b64cf1-977f-467c-87df-0dba88142d39,1.67,tarama
41bc1d11-8b66-46ba-a68f-dcaf015e970b,1.55,tarama
41c3944c-ef84-4885-b57a-09202b913deb,3.19,tarama
41c651ed-572a-41de-84ae-c2351c645ec2,3.18,kapi
41cc749d-506e-44dc-ac9a-2d162a171564,1.59,tarama
41ce3784-1d7b-4b35-8b62-851f9266db37,2.88,kapi
41ce51d8-44f6-4698-86a9-f57e185d4829,2.31,tarama
41cf8667-c60c-46ba-be13-dc92376a33ce,2.10,tarama
41d65ab3-223f-4bd0-920b-1e2dc36fe58c,2.12,tarama
41d9ab79-ac1f-41da-a356-e80a3a8dd2d4,2.91,kapi
41e67609-392c-439e-85f5-5fa6293e0887,2.35,tarama
41e8f7c4-68a5-4169-92e1-8b5381193a2f,1.99,tarama
41e91dbf-f948-4c23-9b96-cdd4c6ce1573,2.21,tarama
41ee28e6-954a-483e-b6bd-c4a3c1f8207b,3.06,tarama
41eee039-d332-42c9-a9e3-65b9ac42cfd0,2.29,tarama
41f589a8-794a-4416-bb76-4c14ce5c643f,1.18,tarama
41f5d1ed-b106-422d-b841-03e07b241d87,2.95,tarama
41f7b977-e724-47b2-9bba-1ee784163b04,2.76,tarama
41fa141d-b5c6-4c1e-ae69-1a1bf9eb4330,2.13,tarama
41ff6c65-aa87-4db0-b2b7-0ca6e1aee78a,2.95,tarama
42060ffe-4965-4061-bc59-66030a745bdb,2.69,tarama
42079c2e-a49f-4d0e-8938-3e144443ea14,2.60,tarama
4207f6f6-8928-4ea5-8d12-a091d27dafb6,1.16,tarama
420c8f6e-67ae-46d7-afc3-39c3bb98f79d,3.35,tarama
421e4ae9-067b-45a2-a56c-05f6f8bb29b9,2.95,tarama
42267fe4-f719-40e3-b977-9528417bc4d2,2.19,tarama
422798e0-eed3-4a4f-8f48-6d15e549378e,2.44,tarama
4227a070-2867-4435-ae6f-f547b4d79a6e,3.75,kapi
4235245e-dc89-4724-bf00-68e1e55cb962,3.17,kapi
4236dfbd-8f91-4e07-a5b5-a3601a49620e,3.68,kapi
423a45ec-1b09-4f54-abdc-e12a8ce672e9,2.13,tarama
4243824d-6fa7-4d05-b13a-dfcf72d8f50f,1.94,tarama
4247eefa-19cf-454a-806d-80ab0d9308d4,1.08,tarama
42587852-c149-42e8-b55e-de9e9361b4d5,3.59,kapi
425acaa7-e325-494c-813b-1d78c86a8e0d,2.07,tarama
4260d59a-e23b-4f5c-b6cf-ebf1aaca2e9f,2.22,tarama
426259f2-a4ed-46e1-999f-c2e68b6c57b3,2.00,tarama
4264abfe-7b28-4659-9172-7b328cdcbd3f,3.80,tarama
42658a39-901c-47bc-bc90-5bf63dadd457,2.14,tarama
426ce85a-8cee-4ec6-956a-aa11b2565081,3.35,kapi
426e1883-beaf-4e98-84a6-bcd4e1c1f95b,3.08,kapi
42789407-3502-4418-87c8-413835c9b1c9,4.03,kapi
427957e1-2690-42f4-b430-ae162dd4a9ff,3.80,kapi
427af1d8-690f-493d-8e06-b75162194978,2.59,tarama
427b6400-1c98-4d2e-b306-78abca6d5b42,3.00,tarama
42874d3a-05ab-48ed-a05f-1f42a5975cc1,2.92,kapi
42888ead-aeac-426a-afd2-62bc338fbd90,2.18,tarama
428b1417-ee61-4a8e-8c86-2dac98194a2e,2.75,kapi
428e8944-8806-4121-8d8f-831f7fa28219,2.88,tarama
4290fb07-e006-478b-b632-3fc66e86222a,3.10,tarama
429ab957-c074-4af3-813e-ec0b4223a162,3.22,tarama
42a0ffb8-2eec-4432-95df-73813a869fc3,2.98,tarama
42a24b16-4bc7-4cba-b39f-e32f101e1045,1.98,tarama
42a283a4-b167-4bbb-a282-111d1d2af873,3.28,kapi
42a67186-e233-4659-8d4e-c46e3b263b57,2.60,tarama
42a9afee-74a5-4e95-8e7b-4798cfcc3670,2.28,tarama
42ac13c3-d1cb-4a67-9192-78e2b455dc47,3.93,kapi
42acdaac-ab35-4f82-8c15-7dcfb583e9d2,3.01,kapi
42ad7023-2b99-4d35-b53b-234c6fb92b64,1.52,tarama
42b1569a-32da-4568-a2cc-ea70fc93cc11,3.13,tarama
42bf4ef3-6942-4192-8a88-981adeb1252f,1.94,tarama
42c31b14-54aa-4bf8-a4eb-50396138c48b,3.47,kapi
42c71580-8236-4635-8dc8-f2bc1aa03458,2.40,tarama
42c7a5de-4c46-4a08-a141-b28f2f1ae26c,2.65,tarama
42ca52cb-9d36-402a-891e-a176d23e4366,2.39,tarama
42cbd2ca-43fc-43a6-857b-3731f5d02e46,2.87,tarama
42d19c0d-23d3-458d-a64d-224f0637e469,3.48,kapi
42d24372-bc39-484a-8f4e-112c1727cc72,3.05,tarama
42d2620d-3619-47ab-9b46-66130c7f4352,3.00,kapi
42d31ca7-97b8-4fea-8088-b529fe707c60,2.72,kapi
42de67fe-f626-4ddc-9aff-01a6b7b77965,2.59,tarama
42e1be80-90a5-45b5-9e42-829f218a86d2,3.30,tarama
42e23fbe-a837-487e-af1c-d88ba60621b1,2.04,kapi
42e3cf46-d940-496e-a559-694464a9bde4,2.83,tarama
42e5aca9-0acf-4a88-8393-4ab1325fc61e,1.72,tarama
42ed7a38-610c-464b-b18f-4fb4baebc34d,2.78,tarama
42ee2a57-642f-422c-a1ec-646f228720ce,2.12,tarama
42ef9e63-1525-4785-9b21-9c37075f046c,3.67,kapi
42f2415b-cdc8-4b10-839d-1a1bc3a3c2ae,2.19,tarama
42f69e7e-8a6b-499b-a0a6-5551b8d219df,3.19,tarama
42fc0af0-e234-41e8-b428-55feab7624e2,3.09,tarama
42fc3d67-41e8-491b-9e9b-a4f7718f6d70,2.50,tarama
430095a0-4f8e-4283-befc-3bbdc1d8a5e1,2.67,tarama
4306a45d-3086-4d7d-a8dd-e0b4d08e8e5f,2.63,tarama
43078934-3e64-4455-a96b-2b9f2e365b49,2.53,tarama
430dc13e-298b-4f3f-badc-1ecdb09a2317,3.44,kapi
431c8e4d-94a1-478e-ad3c-4e18b11b1a3c,1.92,tarama
431e4fe0-739a-41bf-b235-b454626e3233,1.01,tarama
432522cc-d723-41b1-883b-12bac087e6f9,1.88,tarama
4325dd17-5ba7-40dd-8c1a-f832c75e9bba,1.99,tarama
4326a3b9-bb51-4f2e-99b0-4836a02d8811,2.97,tarama
4333dc78-38b2-4add-ba7c-318dfc4691a9,2.91,tarama
43357784-94e5-4c43-81b3-10b1b18e1ded,3.63,tarama
433cb611-d8a0-47f5-be10-203e5335502e,4.19,tarama
433d8d6f-5d48-4a2c-beca-6da7a353ddde,2.42,tarama
433eaa2a-dfad-441e-b7d7-da29d26787ae,2.03,kapi
434594a7-4e2e-4b05-abc8-e8fa930f9e76,3.00,tarama
434fb375-5acb-46ed-8938-f24a10e51f1a,3.28,kapi
43525eaa-0a35-4d85-91b0-aba6f012dbb8,2.23,tarama
4352798f-7210-489d-8e91-0c0bc34747e5,1.95,tarama
43582fad-856a-4b75-8254-1360f37d9170,2.59,kapi
43617504-b6e3-4dfd-a22d-0787fa986472,1.96,tarama
4366cba9-ff02-4af3-ba3e-25749844911f,2.81,tarama
4367daf7-dccb-4e4c-bd08-8dd113eaa7f6,3.94,tarama
4378c1bc-a3ee-44f6-ac48-f41926604aa1,2.16,tarama
4390ebe2-7407-4625-a850-8067ae9602c6,3.54,tarama
4390f93b-5cfc-4faa-8e0e-b4cfbb640dcc,3.13,tarama
4399074c-edb5-40be-a198-d96cd55d3bcc,2.12,tarama
43995f1f-5596-4fb4-93ab-8551a0d0c2a6,3.09,tarama
439acb72-a143-4abd-9ccb-0b043d16b10c,2.43,tarama
43a67001-4d15-4d5c-aa28-86cf05985fd0,3.88,tarama
43a75bbc-b7f0-43da-9733-9a27ba25c186,2.54,tarama
43a9129f-66fd-4c74-ac21-4fd6747505b1,3.86,kapi
43abac89-d095-4e87-86c9-9f662c342d07,2.87,kapi
43b10c1d-c85e-47ea-849b-6e397c29a42a,2.47,tarama
43b91f6a-a8ca-45d9-b016-594fe3040fd1,2.48,tarama
43be8e35-7f1f-45a4-af0a-94e1934ba32d,4.17,kapi
43c8f070-f092-41b8-aa9e-a3b3d3e2049d,3.14,tarama
43cfd536-42e1-4072-8863-75bf136bd712,4.02,kapi
43d8fa78-15a8-43f0-adaa-e335127b88cd,2.91,tarama
43d9d4e7-0d97-4134-9c9c-0aa572f7a648,3.07,tarama
43da5f1a-cc25-4896-b705-a80634178f02,3.57,tarama
43dcf4a6-62c9-4dc9-8f76-6ad9e3f857b9,2.12,tarama
43e3a4fa-d6c2-4c95-a714-399c6244d96d,1.25,tarama
43e84321-1df3-46a1-aa74-2b4e62390c91,3.60,tarama
43ea68e4-327c-48f2-817e-69f2e2128b79,2.82,tarama
43f1a1f6-c572-48f5-9431-7c37273f6bd4,1.69,tarama
43f4f377-58ec-4c0f-8efe-5723e356338d,1.85,tarama
43f742c8-544d-42e4-9586-cdc763dbbd6d,1.18,tarama
43f97c44-d60a-41d0-b92f-d3cec50b9799,2.73,tarama
43fae7c8-b7e1-4304-8232-8b30d01d2ade,3.13,kapi
43fbae8c-d34d-4e94-bede-238055f70f9a,3.11,kapi
4402f8e6-2479-4eaa-84a7-637457d9bbee,2.09,tarama
4403a40a-ba75-4f29-a53f-e4a2b4af7033,2.90,tarama
4408d578-7c7b-4716-a77a-8fb796512aef,3.56,tarama
440af05f-09ac-4838-9691-2ae72561a12b,1.34,tarama
440fc6eb-c2b4-4dcf-9cca-5e0cafd210be,2.99,tarama
44114be9-7062-46b4-bc02-8edb68d52e97,3.15,kapi
441ade3b-3171-4cd4-842e-9ce02d24e485,1.66,tarama
441fbcb2-14c0-44d4-9fed-82506d4a023e,3.04,tarama
44245248-0472-437c-b30e-798cb9f80342,2.96,kapi
442c9c51-b4f1-4418-82c8-5a66ba26097e,2.04,tarama
443165bd-7431-418d-a5f2-b99a9d4a092e,2.35,kapi
443f99c7-ad2e-4fc7-b234-ff312d740bf1,1.82,tarama
44428793-d87f-4e0e-aaf1-74c32697adbe,1.71,tarama
4448d329-5101-4f4c-96f2-900762b417b3,2.05,tarama
444e10c7-5c10-4fc6-960a-3358c15d21cc,2.41,tarama
44517e8f-a3b8-4de6-befe-d583147a7ec0,1.55,tarama
4452f355-1876-4405-8fa8-aba417bee18a,2.75,kapi
445a23ad-dadd-4d67-aefe-308ce5f9158a,3.80,kapi
445a9672-008a-4979-8111-bcf53769fc0c,2.04,tarama
4460a3d1-1001-4681-93d0-f5b9e12b7e78,1.29,tarama
4462105d-5157-4dc7-a245-0238501b4485,1.62,tarama
44672533-613c-466b-b45c-971431288d3e,3.74,kapi
44672712-9f77-427c-9af6-a5ab43adc699,3.56,kapi
4474cf45-b90b-4b18-a602-3c5a5c0cfce0,1.38,tarama
4475e408-7bb1-46fe-a7a5-af3e53760daf,3.34,tarama
447a6457-c1c8-4fe0-9be9-b5975e8aa7f0,2.58,tarama
448b6ef8-d691-4155-9173-7ec2fe029c68,1.99,tarama
4491e08c-4b3e-4b45-8fa4-c1841679f1cd,2.02,tarama
449d726e-04d2-404a-9b87-258b23be53f4,3.16,kapi
449f9f78-b915-44f2-a1c2-db8ee18677b9,1.54,tarama
44a05594-aced-446e-838d-7ae92611e21e,1.63,tarama
44a6de98-3afb-475f-b5cf-2e18f712d743,2.74,tarama
44a8ee25-3a4a-4e6a-9084-04186d2aff9e,1.91,tarama
44ac2d1e-60bf-4f28-8b27-8211614da15c,2.89,tarama
44ae77c8-abec-4da6-95a8-4bd011c8a7ed,2.38,tarama
44c1a4d0-ccc0-4274-b5fd-a0ee006c5040,2.32,tarama
44c3ee95-2c87-4347-a079-f7a8847fb6af,2.41,kapi
44ca091a-8fab-4209-8ad1-27bd8b502144,3.33,kapi
44ccb0de-bf30-468b-a692-cab285b2c03a,2.93,tarama
44cf684e-cb1f-400b-b40b-41fc9e561fd1,2.43,tarama
44d7d222-b5ce-4fde-945b-a7e8b7100cbf,3.11,kapi
44db654e-97be-48db-aaeb-43f0c5ef2270,2.31,tarama
44dc0416-d045-4293-96dd-9e50e4805fcb,3.72,kapi
44e1ae65-dc1b-485d-9696-4157c86b7f46,1.68,tarama
44e41f7f-370a-4318-882d-762ee237aa43,2.76,tarama
44ec7d1c-a387-4da1-a27f-cac23f8d9061,2.83,tarama
44f0c994-0541-4d9b-b18e-dbafcf92dc69,2.49,kapi
44f7967e-5042-4def-8b83-3e463ee01d89,1.65,tarama
44fbf99d-c920-4912-afe9-3df4c2c1267e,1.94,tarama
45015cd8-82c4-4d8b-941f-db89838ae720,2.75,tarama
45110a69-babd-409c-9c44-db12222e1112,1.71,tarama
451895ac-fdfe-4c07-849a-bf0cbd5d7d4e,1.04,tarama
451fd7b8-ab7e-46e0-8481-0a763dedc55a,1.68,kapi
452083c1-f5aa-4c9a-80ba-3d2bed80f94a,2.49,tarama
4520c8ef-ba3b-4664-ad06-c423a1110cbf,1.55,tarama
4521ac61-2343-4b67-9e27-78fda9f14160,3.83,kapi
452575a9-b031-4298-ab82-9fd6caa2002a,1.65,tarama
452c2c1c-d321-4cba-ab70-79ed17c509d3,3.70,kapi
453edf02-fced-4d82-a647-d65c4d43e8aa,2.17,tarama
453fbfaf-f8ac-4dfb-b76d-9c36f22c79d9,2.69,tarama
454850fb-68a4-4f83-81d9-328c10d4198a,3.00,tarama
455070b7-bcb9-46ad-983c-ff7defd61ff9,3.23,tarama
45529f0a-d336-461d-aa52-e6e041476538,3.96,tarama
456a294a-44ce-4c24-b032-5c764e2f17bd,2.88,kapi
4570ec99-9307-44db-94d8-7bfa48bd25ab,3.61,kapi
4578dcf5-cfde-45eb-8750-0afcafc18e8b,3.84,tarama
457df3d1-8780-4bde-86e3-b921063f3c86,3.39,tarama
45828b01-4479-4773-b87e-1e7575070940,1.91,tarama
45835ef7-1177-4498-83f6-a49d764caacf,2.60,tarama
4586ca3c-8ced-4198-a50e-4be0d0e0d560,2.12,kapi
458c1bf9-f798-4696-96dc-fe57e8779b15,2.54,tarama
458c6ffa-fd09-475c-81c2-ef4ad323ebce,1.82,tarama
458f7dfe-49c8-4611-a987-81bb2ccea45c,2.02,tarama
458fb279-fedc-446f-a3ba-5f6544554b36,2.00,tarama
45925589-f475-431c-89b7-d88a39b55b87,3.57,tarama
45960d64-a6a7-4a66-8446-64a32b040d5d,2.45,tarama
459f393e-6758-4295-839b-fa655095f087,1.93,tarama
459fd3cc-6a50-46d1-a04a-5212b8e6ec14,2.79,tarama
45a76196-7a08-4bc2-a976-419e11b81995,2.41,tarama
45ac60df-4e33-4160-bebc-99d1b6fabed4,2.86,tarama
45ac6488-5e75-4971-b011-73ba8ae82ea6,1.86,tarama
45ac8060-bdc2-48e8-86a1-1c78443fe4b4,3.79,kapi
45b3f716-4621-4eaf-aa6f-424b9606593f,2.09,tarama
45b4f4de-0d99-45f7-ad97-f7ec64eb0607,1.81,tarama
45ba8199-dbd3-4b94-889d-cce798b6eb5f,4.06,kapi
45bf229a-c75d-4da5-8ca5-94b300d8d597,2.17,tarama
45c0d6b3-5eb3-4550-8216-a6a1b9a6d992,3.71,kapi
45c3a03f-7c4a-40e0-89ed-234d0eba23b5,2.79,kapi
45c6e931-4370-48fd-b3fe-5b5c6c31d47a,3.15,tarama
45cbaef7-988b-48e8-a969-cd399231cbb4,2.44,tarama
45cbf2e5-c867-4949-964c-26ebae3b698c,3.38,tarama
45d1a04e-28c8-4a59-8182-336abcfc552a,3.20,kapi
45d66796-65f4-4f32-ac0c-8bc3f25711b0,3.31,kapi
45dc000e-3f0b-4464-ac86-d648075ada83,3.27,tarama
45dfbe4d-48fc-4b3f-913c-7cadd40dc300,2.56,tarama
45eada97-77a9-4790-a13f-512984ff3bd3,1.40,tarama
45f14ac5-368e-4d7c-8c3a-7000ad15e0ec,2.66,tarama
45f1ba2d-d3dc-4dbe-80ad-cfbb3574d611,2.79,tarama
45f466c9-a643-48d7-9692-a746a2887f10,1.48,tarama
45fc37a8-ff69-465a-af48-af4330108f1a,2.54,tarama
46007ade-b220-4ffd-8cd1-ab8921990877,1.19,tarama
4601fd6f-5a24-4fe9-98e9-d7d35c092745,2.27,tarama
46168c7e-26df-4194-ad7b-6ca9a19fc228,3.02,tarama
461a20c8-2fa2-4450-ad79-e67441917c8a,1.99,tarama
461ffe26-1734-45fb-a283-4aaef62018bc,1.80,tarama
4623fadb-eb6d-408d-b338-7aba0455fe3b,2.13,tarama
462a2b4d-d343-4db4-a2f9-9c4a5b705101,2.25,tarama
462b108e-12bf-4f51-b327-e27f5cf617d1,3.87,kapi
462e8751-f4f5-4bdf-bbfe-0b4560359c79,3.33,tarama
46312e51-7d26-4585-ad5d-81932d5ffa8e,3.45,tarama
46360e66-48c5-444c-bcda-79a09de03c33,1.75,tarama
4637c493-395e-4354-a182-32a94cea2130,2.21,tarama
463ad4d6-4185-48e0-baec-2a3cc4ab11ff,2.75,tarama
46427e2b-3a42-4ffa-b1a3-cf3254126376,2.05,tarama
4645cead-7818-4a21-86e1-5ea13bebf333,3.12,kapi
4648e7dd-7cd0-466b-9943-8c59ce3742ed,2.91,tarama
4648ffb8-53b4-4df4-8346-44e9c2894568,2.06,tarama
464aa2e7-a1c3-4944-9c66-a6ee1f3c1083,4.08,kapi
464c751e-0627-4238-89a7-3982da6569e1,2.16,tarama
4658c691-f98b-4199-9bd0-8f0af251c3b9,2.02,tarama
465bc7b7-5cc2-4174-8c73-275d9d01b37c,1.45,tarama
46617d43-5add-4052-af5e-4a700a245835,3.75,tarama
4665919d-30de-4392-9aa2-9be5a238471e,2.84,kapi
46662976-1d3b-4d53-b30e-b7e92f6514dd,2.21,tarama
46690fab-f4b5-46aa-90bb-7ef74cf70df9,1.52,tarama
466ed4cd-7c6a-4a85-b016-f6f471b95fe3,2.92,tarama
466fa361-42fb-4861-b08d-b1057b4da3fb,3.12,kapi
467178aa-a16c-42b3-ba26-c30860571de1,1.86,tarama
46754941-1f8c-4705-91f1-030ebcce5aff,3.21,tarama
467629e8-1202-456b-a74f-0dd5be6d5816,1.90,tarama
46776537-a07e-4dae-9764-fca72db06789,2.82,tarama
467ed718-2b91-4d8e-9048-142396ea5f55,2.00,tarama
46802d7e-3c57-4a81-a2ac-76a52a6d8772,2.89,tarama
468a8ce0-263d-444d-ae0f-cd02a5a89ab6,1.84,tarama
469d706a-ead6-46d4-8a3e-359e6be2be96,3.44,tarama
469f24fb-d721-436e-a529-628bd5a2998c,1.78,tarama
46a10295-30ad-4daa-979e-948584c92b93,3.94,kapi
46b31e4b-c51b-4a98-a80d-61f87ce1d981,3.97,kapi
46b44fb9-f765-46b5-9a4c-110fd5b16f9f,2.95,tarama
46b871bf-e321-45e5-86c2-5d659e043b5e,3.16,kapi
46b91a41-4402-4fb4-b5a4-f566cc5eeb3c,1.80,tarama
46c46a3d-3215-4dc4-ad25-98a5c58d870b,2.13,tarama
46c59b43-26d5-4bcf-94e3-315211145b00,2.59,tarama
46c8410d-27c6-4a6c-bec1-0d2b4d7b65a1,1.67,tarama
46caddaf-1ba4-4f51-9b3a-1004c23b9eb4,3.56,kapi
46d6b785-08c0-43ad-8a7f-d1c284c0d07d,3.06,kapi
46dc45b0-800c-4846-9f39-8427886dbba8,1.62,tarama
46f1302a-7245-4d51-b8f0-130ae58df6ec,2.53,tarama
46f38914-35f6-404e-ba7a-9114f4c113b1,2.07,tarama
46f6c08d-f6d7-4289-a01c-69525573aa67,3.38,kapi
46f8bd05-3178-4b96-9be3-7836d0dddd04,3.45,tarama
470337dd-3880-498f-9f69-83a62d9f2791,3.67,kapi
47050ea6-6ead-448b-9601-eb074ec8c25e,2.09,tarama
47077365-4a28-4b78-8c05-d5f468ae6678,2.79,kapi
4709852d-1393-4847-a611-11fcb2f62680,1.76,tarama
47134db6-4c49-4251-bee4-3022cb925fd5,2.49,tarama
47155824-43f9-4b85-ab44-57d9df5e71c5,2.51,tarama
471964ba-717a-4a9a-991b-785f4f068c84,3.38,kapi
471de5d1-02f5-4854-98ba-d8caabee6ad8,3.36,tarama
47213dfd-a440-4a95-ac38-b9ed72d77a46,1.87,tarama
472255a9-9e64-4242-b03a-98c2621142d9,2.29,tarama
472411ab-d90a-4c7c-845e-53eaf0a0e187,3.39,kapi
47271afa-f36d-42c4-861d-ebab13d5e394,2.17,tarama
472e31e6-7b80-4c0e-99ce-df6cbd08d3b6,2.21,tarama
473c75c2-cbea-4dd6-afa5-3063badad382,2.80,tarama
4742b800-a832-4106-8869-10c93aab7799,2.61,tarama
474390f4-2087-4a08-ba35-e12123dd0841,2.01,tarama
4746d4f2-5791-4807-85c9-626795783541,3.24,kapi
4748024c-a281-4634-a15c-ea55be9df6a9,2.00,tarama
47484e60-e48f-4df5-96a3-269158cf4f22,2.21,tarama
474b9501-e121-4169-bef3-6272b8cc883a,2.75,tarama
474bdaaa-c534-47d6-8fdf-0cd8832f49e7,1.52,tarama
474c4721-71b3-43d8-9039-887f1ab7d1a1,3.66,kapi
4752f107-51b6-4fe0-aaea-af05db8912a6,3.55,tarama
475f467f-0caa-4b50-bac1-88469e2f60b2,1.85,tarama
4762ba02-4d64-42e3-a6fe-c18760640cc5,3.94,kapi
47652152-4bf7-419b-a887-6f5f2e00d65f,2.64,tarama
477bdf1e-ae0b-438e-8c30-ce6edfd8e490,4.18,kapi
477be0c5-b712-4329-87c1-924b2ef15875,2.77,tarama
477cb4ec-2537-4e39-b693-95893e7643cf,3.10,kapi
477da5aa-5a6f-48e7-908e-c1dc8afe27cc,2.21,tarama
477e4ffe-7875-4204-8d13-51e1ef50f8fd,3.90,tarama
47812946-f15b-466a-980a-eba47514ca8f,1.77,tarama
4786ab1c-58bb-4171-8beb-7b31d0b9d7b5,2.34,tarama
478aba10-c3fd-405c-8daa-ec33443809ca,2.54,tarama
47916c50-16cf-4508-9e22-f0a3ec762ca7,2.10,kapi
4791a4ed-35e4-4a42-b446-4e5987a0fba6,2.77,tarama
4795ff22-d2d9-4fef-b9a6-8428e5c4bfad,1.85,tarama
47ab7fc8-6370-4825-b1e2-d433b52e931e,2.23,tarama
47b22c08-9574-4fff-9033-8023dfd53a89,2.61,tarama
47b552be-c9a0-4ab1-a3a2-0edd55d4a461,1.91,tarama
47ba12db-ea07-4ee9-8df4-ad98ed4182ee,3.44,tarama
47ba464d-8bb5-4df8-8cba-6c61ee9d0fc9,2.01,kapi
47c69f74-cb73-4005-9039-f8b26252c741,3.57,tarama
47cb2383-f944-4c28-a4fd-db134b407174,1.98,tarama
47cc4ebb-d904-4fa3-99c9-d21a3881729d,1.98,tarama
47cc7425-f6ab-4005-8281-613210ead7de,1.17,tarama
47d205b7-e513-48d1-99af-f3650ccdee86,2.01,tarama
47d2138f-e5d3-45bd-9e28-73a7d3cde7d6,2.95,tarama
47d9aeda-224a-48be-9504-f27ffe5884c8,2.48,tarama
47da0baa-dc70-4d38-8c86-37238f23b042,3.03,tarama
47ded186-5cf8-4192-9429-876e9cd68b6c,1.79,tarama
47e328b9-dc14-4e3a-96d1-df22093107bc,1.85,tarama
47e3dd64-fb8f-4a88-8e7e-cdb363a74cbd,2.02,kapi
47f0acf8-1137-409b-ac3c-dcd455fd6a89,1.05,tarama
47f33363-aebf-4ba5-8906-a425864a873b,2.05,tarama
47f3c681-a149-4db2-92cb-560ab68bc246,2.15,tarama
47f6b0b4-1af6-4ffb-8e81-74152362395e,2.60,tarama
47fc1aa7-1959-4efa-a71c-a511687e8914,2.17,tarama
4808e2c4-51db-4d33-a576-2bfb00623118,2.96,kapi
480b3017-cfbd-4cfb-b5d8-a038606778c7,1.34,tarama
480c3eec-01d2-4b6c-910d-8381a7563410,3.07,tarama
480d85e7-6387-412a-90cc-5a3f012b03af,1.40,tarama
480f94b1-78fa-4cc7-bf20-d21083f68756,2.23,tarama
4810ad81-e305-40b8-bb38-22223444b58d,1.57,tarama
481337a8-482a-4afa-9933-09d0befa2526,1.36,tarama
4813e439-87e3-4c37-998b-de592c6d3c54,2.02,tarama
48151915-3aeb-458c-a5fc-178d3271292b,2.90,tarama
481eada3-9af0-4067-87cc-15917ac4ee7b,3.25,kapi
482052dd-7f60-4174-a3d3-49427e1fd655,3.37,tarama
48268dd5-c5aa-49a8-a72c-8cb334f3e14c,3.74,tarama
4828cb8b-dc52-4ef6-a7f6-b00929a3b2ea,1.48,tarama
483c2b0e-a0cb-4972-b0db-2509578bbdc7,3.29,tarama
483cdf52-8ad9-4fe7-849a-2b455f0c77b5,2.88,tarama
483ea31f-fdaa-4fed-81cb-0c53590f7c1a,3.31,tarama
484199c2-bede-426d-8f93-84dfeff1f87c,3.50,kapi
48474970-86e4-4723-8afc-0779ce39baa6,3.32,tarama
484bcb4d-1e0d-4591-806a-8374bd4ee796,3.44,tarama
484d2556-937d-46f4-b29c-562943229b5d,3.41,kapi
48572df8-1e90-45e2-87e7-1db405e01bca,2.16,tarama
485b65cd-c4da-4273-b823-b26c49fb1369,1.36,tarama
485c9c93-6606-430c-b1f6-e5dae7d5b84d,3.67,kapi
485e0af2-0cb0-4390-b91c-ee992586d25c,3.04,kapi
4863982b-6291-4b85-9d84-fccd96f7d726,2.84,tarama
486b6516-414e-4514-9cce-3bcf41ef58a0,2.49,tarama
4879c858-72a5-4b43-8a0b-9e607a366176,3.55,kapi
488266d5-5d9f-477b-bb0a-77e00034c161,1.47,tarama
488b6531-a740-4077-8f79-faa697faba52,1.91,tarama
488bdbd8-806e-43a6-be74-68c11ff58f37,2.03,tarama
4890b04f-1074-4dbf-ae81-1da1ab46adec,3.12,tarama
489ae20b-bb9b-47fd-b43f-7ff17161fb3a,1.05,tarama
489f2b1a-2adc-4c9b-aa0e-71f9bf56e1c8,2.77,kapi
489f42b3-85f5-4e6b-84a5-5b645a4427a6,3.21,tarama
48a3eff9-bb41-4303-9291-f5a5be519b77,3.55,tarama
48a5228a-610b-4d05-8ed8-b0ed1f15b2c5,2.82,tarama
48bd124a-afd0-4006-98d0-dfcdc9a7a067,1.02,tarama
48be1816-9ba3-47c4-aabb-33aeda16b717,2.86,tarama
48c708ae-5462-4245-8c31-2705d93c1096,2.19,tarama
48caf2da-002c-41c8-a892-846fc067dced,1.97,tarama
48cfa609-7353-4e94-8b08-29e0fe856c5b,3.15,tarama
48d42815-027f-4b3a-8671-5b10df91c55e,1.70,tarama
48dc6a2b-1da7-48d5-a4fa-0c10fafcc8a0,3.85,kapi
48e413d7-65bb-4e7e-8e1e-c478728a1fb8,3.23,kapi
48e6bdc4-e185-4e59-92aa-4eee739c0f91,2.06,tarama
48e8e391-2146-4d26-a692-325b69f7c75d,3.84,kapi
48ea136d-0ec4-4d15-8bda-7c7bb7dc8475,1.94,tarama
48f0e8bf-8d66-4fa0-a574-8e841a74f4c1,3.67,kapi
48f4ec50-40e5-4aca-b8a1-bacfcba4e937,1.58,tarama
48f5cbc0-1f57-488b-8f9c-ac70eea8dc83,3.02,kapi
4905b2e5-c10d-41ca-9d51-c86571ad70aa,3.46,tarama
4909c1b0-5d39-430b-ab00-430b47c0609c,3.89,tarama
490a0111-8d41-492d-8304-3b3ce6553265,3.60,kapi
490a4f7e-e96e-4329-b18e-5f27594f9515,3.49,tarama
490dd855-3d1e-48da-b412-9675f7c1caba,2.17,tarama
49115b7f-b200-45d4-be82-94514cf970c6,2.87,tarama
49292a24-8bd2-4393-a714-f861e785ec70,1.12,tarama
492a2976-ab26-4a87-8f3c-1a51688b2c68,3.59,tarama
492b5c15-016b-4830-94b7-29a26f9ed1a0,2.90,kapi
49312754-bce1-4c1b-a4d7-82c55e7c6a4c,1.85,tarama
493a9ed9-9852-4753-b686-df1be40487db,3.43,tarama
494dd22e-9ebe-4d4c-b573-0d8793109ef3,1.77,tarama
494f4150-7e67-4659-81fb-11d3200609ee,3.03,tarama
49572315-c484-4afe-80df-24443fb8747c,1.94,tarama
495e7b29-7449-4bd7-b587-db4ab91fbd20,3.46,tarama
495f4b36-ffbc-4720-ad9f-f3ff922935fa,2.94,kapi
4966b61f-fa7f-447d-ae81-0bd8dc6c9504,2.89,tarama
497070b2-c5aa-424a-8cf4-615a7d62cd37,2.03,tarama
497ee11c-52a7-4ed1-8c47-3eb37792b982,3.37,tarama
497fbf1c-1ebe-4faa-abe4-d7c259057ecc,1.89,tarama
49878468-a0ec-46d1-965c-0e85e6f93d7b,1.84,tarama
499138bc-7781-4661-a6bd-4920aa6c4e67,2.14,tarama
49921498-fd21-4dbb-bc34-c05bca0c0312,1.86,tarama
499304bf-0a21-4a8f-b287-0f4d98913781,3.33,kapi
49933846-f3ef-4b04-8a6d-59bee2f42703,3.61,kapi
499e989b-cc78-4baf-b523-baab70c041ba,3.57,tarama
49aa11c4-9c6c-454c-b1a7-924773abe70a,1.85,tarama
49afa441-2f32-4006-98ca-fbd0b369720e,2.36,tarama
49b10b1e-f246-419a-8cc5-f4f9a7749bb7,2.03,tarama
49b33ffe-23c6-45fb-bbd3-5140f22df5b4,1.85,tarama
49b6a2f8-be4d-47d0-ba24-228415105b94,2.76,tarama
49c0f49a-f8b6-4095-a4b6-0273de4fa206,3.51,kapi
49c40703-8e9a-46ec-b97c-4b5c163148f3,1.56,kapi
49c42d88-2916-4b46-837b-2350024109f1,2.60,tarama
49c6af2b-e8a8-4ad2-8332-25601890cace,2.74,tarama
49cc65e2-b6ab-440f-92a7-af4b665396ef,2.06,tarama
49d1fe2e-c91d-41ca-8b89-013e7e98e6cc,2.77,tarama
49e8a453-82b1-4b22-8072-581fd92a0b99,3.84,kapi
49f3dd0a-704f-43b7-acf0-236822547415,1.10,tarama
4a010c85-5142-4269-bd3b-989b9d69bbaa,1.99,tarama
4a012f4c-1b6b-416b-bbcb-aa6e54e54732,3.31,tarama
4a015e3e-2e71-4593-8c60-a22202b8adde,2.81,tarama
4a052a31-6717-46ba-b91d-fa0a73256f3e,2.08,tarama
4a216bf5-307a-428d-8166-6895c2209dc5,2.43,tarama
4a2f0b65-c3d0-45fa-9efc-86ecf7058a0d,1.78,tarama
4a2f7dd5-6db2-43d3-a0e0-6f50f3d16aeb,1.97,tarama
4a356a1f-8ba9-44ea-9be9-bbf6afdd0fbe,3.10,kapi
4a38de0e-f74c-4567-a948-89498b2a8c80,2.63,tarama
4a392a66-cd54-45c3-b2ad-24768dbbafc4,2.93,tarama
4a3e838c-5cf3-41a8-b04d-b00c41647a89,3.24,kapi
4a4322f1-205e-484e-8c77-bf7da21103f8,1.92,kapi
4a582735-c0d8-4edb-bbf7-daeb957b4204,1.25,tarama
4a5a574d-4626-4743-a314-a20a6ab5641a,3.12,kapi
4a618ccd-e239-4224-844e-8fff97e14b89,3.27,kapi
4a6aa7f3-febe-4a32-b49e-86254fde24e3,2.99,kapi
4a6ae192-e9de-44e1-8b77-1372027aef50,2.20,tarama
4a6e016f-2c8a-416b-99fa-df9dfa375f42,2.01,tarama
4a752d40-3102-4abb-8e1c-4fbbd62dfd82,2.02,tarama
4a76fa7c-9c6b-42d1-a4a3-34e50d595b6f,1.89,tarama
4a78178b-b47c-4464-ad3a-88d642483ae2,2.68,tarama
4a799893-e1fa-4ef7-a844-e7605e44933b,3.56,tarama
4a7a98e3-eacf-4c45-b889-a20e5e921036,2.15,tarama
4a7aa17a-1bbb-4037-94dc-0a4541b535b3,1.87,tarama
4a7c644f-6f6e-4772-9182-12afb2d57121,2.32,tarama
4a7c8ec7-686c-448b-99bb-d8ecb9ce0021,1.55,tarama
4a7e22fc-c7e8-4e01-bbed-3ed25f1edf89,1.91,tarama
4a841b31-3dad-474b-a0ee-4ada6cbafb91,4.03,kapi
4a88beb3-3513-4901-aa50-3417c68d26ab,2.11,tarama
4a8cfac4-ddc3-4e99-84bc-8680d12d729d,2.51,tarama
4a9129dc-de72-405f-8f92-19bf1e5d82ec,3.54,tarama
4a9ad8bf-4475-4ea7-a1be-68155f77f470,2.21,tarama
4a9c560d-0638-4dad-927e-4401b8193222,2.44,tarama
4a9f9282-cbb2-4d4e-ac29-7bee42e505df,1.34,tarama
4a9fa87b-5b2b-4a7e-80d1-c31a25fa84cc,3.39,kapi
4ab393de-e36e-4f49-94f1-ad826436153c,2.16,tarama
4ab70386-ab55-4e3e-b572-61351088a6d1,3.27,kapi
4abd4ecf-e5d3-489a-b9ae-48adcfd32be6,2.70,tarama
4abd79e8-c555-4e2f-8470-97a3369454ea,3.24,kapi
4abda51a-4b63-4c1a-8fe2-0938c9e98f5c,2.45,tarama
4abeab5e-58f3-4cdd-9a2b-f2b9ae3a3548,2.14,tarama
4ac35d08-68a3-4765-a72c-754eb7b39a81,2.64,tarama
4ac414c2-03fe-4752-a976-d51b446c7d15,1.35,tarama
4ac4a856-0d72-4110-8dc0-40a0217dd0c7,3.93,tarama
4ac56261-cfe3-4402-af22-74f15c6f5879,2.50,tarama
4ac903ef-dfc1-48e2-990a-5af69ed667bd,3.58,tarama
4acdd43c-f531-49b9-9a33-1d57dd768ce0,2.23,kapi
4ad48812-6d14-4b38-8ba6-6d5a94c46e35,3.16,tarama
4ada31f3-16c8-4d8a-8f92-036f2a72108b,1.64,tarama
4adb309a-e286-4b53-950b-136244f3e833,2.66,kapi
4adb7060-a047-40ae-af20-5a62dd5b91e9,2.19,tarama
4ae29d73-0bf7-49b7-8b5b-0aa1e58c9dc1,2.44,tarama
4ae5186c-a4de-445a-9be7-452bc3671a40,1.93,tarama
4aec1015-ce4f-4b5a-9690-ba2f7ae7fddc,2.26,tarama
4af370a1-557f-4db7-b5d3-21974f17e7cf,1.59,tarama
4afa9e93-7176-4884-ae9f-9aa52450ef8c,4.16,kapi
4afea9d5-1ac5-4e1c-b63b-5778e64c02be,1.98,tarama
4b05ccf3-119b-4786-924c-049ef671f250,2.73,kapi
4b0e795a-6ec0-4102-b3eb-5ec0e925ba9c,2.56,tarama
4b1140c1-b357-4b49-b0d6-76dc54f5ed55,2.38,tarama
4b224916-40af-44ea-85d8-4de395fe93f6,1.10,tarama
4b25a38a-bd6e-4cd0-8ec7-9a6ff0360962,2.58,tarama
4b27165c-dea0-4f77-8a52-297da82a9954,3.68,tarama
4b28cef8-0ddd-4629-bd15-b8b6b97e9b82,3.63,kapi
4b2a7fbb-06c7-4b9e-a829-420fe6d05da0,3.56,kapi
4b321a09-da67-48fd-a455-b62991e28a1a,3.15,kapi
4b4be0f8-46dc-4076-b03a-000369682532,2.01,tarama
4b6409b8-3cef-46cb-8b38-3f623748cc99,3.43,kapi
4b76ff61-7775-4e0a-bd22-c0ac53c09d62,2.32,kapi
4b7971fc-ca80-413d-92e7-9b26f31d31c9,3.57,tarama
4b7bcf4e-50f4-420c-a5ba-72530d9674ab,1.96,tarama
4b7d5644-a318-4214-a0b5-1d215c670105,3.82,kapi
4b89b119-9f02-44dd-b217-a2409dc05cfc,2.14,tarama
4b8b0c05-5ee6-4b07-93d8-14f0960595e4,1.98,tarama
4b8d99ee-0d1d-43e1-b0cd-2226da84ad25,2.03,tarama
4b90dbfb-971f-4051-be72-5eedbb146417,1.34,tarama
4b92faba-ed71-407f-a086-a8853d1a3926,1.24,kapi
4b98c9ab-d92a-4bd3-ac18-c88987e62181,2.17,tarama
4b9b7570-c419-4036-a2cb-645db8404a82,2.98,tarama
4ba03a48-a553-4d0f-8d17-e15293b53ffd,1.65,tarama
4ba9b872-f99e-4e9c-8cae-7fad181e6357,3.48,kapi
4bb1ed3d-41a3-44b0-acd5-60bb2ef36e09,2.06,tarama
4bba4a07-5dff-4c62-877f-2f721abd81ff,1.75,tarama
4bc32fc6-0a55-4918-9596-5e08bd51eb02,1.77,tarama
4bc74f7d-ea86-4b26-bb56-3a37d6e597a4,1.90,tarama
4bcebaec-7cff-48a9-b28f-7cc10e45eb03,2.95,tarama
4bcff962-4a85-42b1-8828-226205f8fb35,3.58,kapi
4bd6af2d-3e34-4ff1-bf64-e24f487da599,3.57,kapi
4bde1683-615a-4f85-ab71-4df6cbce5583,2.31,tarama
4be6990c-dc31-4889-b8f4-fa8becaa8f8e,1.92,tarama
4bea46ae-6660-46fd-bc49-4062508085d7,2.86,tarama
4beb7aea-71e5-4106-a392-f1e1f31e09d6,2.01,tarama
4bed80fc-fa36-4b21-966f-079956fe155e,2.68,tarama
4bf19735-e38a-45e8-8e93-7c46b4516fe0,2.03,tarama
4bf433c0-50ff-4bc4-a218-7adfdf41bbdb,2.87,kapi
4bfa6b9b-1076-434f-8b96-75c8ca3e2a83,2.85,tarama
4bffd686-3cee-48a1-831a-fca48347f330,3.05,tarama
4c0655c3-8648-454b-8907-3c0765edf420,1.92,tarama
4c0b9773-07c0-442d-85e7-6a4e500406ae,2.25,tarama
4c126de4-d210-48c9-8684-f1eabee35ee5,1.62,tarama
4c1518d3-975b-4fba-ab4b-1bbc26a0542e,2.59,tarama
4c1700c2-864b-4351-a77e-1d2962e059e4,1.99,tarama
4c183ad8-7c62-4079-9f07-f27111082b30,1.85,tarama
4c1aa9b5-958b-4abf-bbc6-b88352a85a84,3.19,tarama
4c1e9a43-7554-4027-ac17-d8852ff4e430,3.15,kapi
4c203a15-a3b0-4696-994d-784a51c8a1cd,3.79,kapi
4c230b18-457c-408f-96b1-6ad7ebf7f633,3.03,kapi
4c30f12b-1e7c-4bf3-b41c-052f73e476a0,3.82,kapi
4c3360b8-3866-4f04-8d3e-8ee09c9cb3dd,1.80,tarama
4c340a87-28aa-4503-8242-1d470bf3fd4c,2.49,tarama
4c36b25e-ca45-4c9a-a64e-422c3b2d6fa1,3.25,tarama
4c395cd1-de08-429f-bb95-8fd366718175,2.07,tarama
4c39c2ad-9ee2-48f3-94ab-f2ba390b0978,1.48,tarama
4c3babe1-2e9e-4f8c-9391-811c7034b14f,2.85,tarama
4c45f505-ae63-46dc-8865-cf34b5a14bb4,2.86,tarama
4c4b2024-d98e-4d9e-b7c9-c3892bdcdcc6,3.34,kapi
4c4b4167-6dda-4eb1-b6c6-c12198c21c88,2.73,kapi
4c5723a9-7f46-46f2-9c4c-826e315aaf43,2.26,tarama
4c5efb14-5ed7-46b8-8990-75cb4dd3e294,2.71,tarama
4c617c9e-66b3-4c77-bda8-4d5e48d44a31,3.85,tarama
4c6a89a0-0038-4c8c-8497-9ee942620fe6,1.98,tarama
4c6aae00-f4f7-429a-9ae5-3b9db34c5027,2.07,tarama
4c752227-2a9f-442a-8582-abcbf0c0469f,2.35,tarama
4c774b92-1b1f-4915-9cf5-7e5b49b0bcac,2.90,tarama
4c82bfdb-7772-4991-8cc3-5cdd112a2426,3.90,kapi
4c87096a-e091-4b3a-99e7-46e31c336c4a,3.70,kapi
4c891537-3cc7-4eab-aa29-74a779343edb,1.94,tarama
4c891c86-5929-4e5a-a773-cbc9f457fe58,3.19,kapi
4c8f8fc1-9f84-4c01-b3e4-67414d5fab56,1.87,tarama
4c9a9acb-35e4-4a1b-b768-35109066b536,3.25,kapi
4c9bbd4d-839b-46c4-a48e-a47a4bfb21e2,2.34,kapi
4ca6cb12-8b88-4647-8394-935893fd7d1b,2.26,tarama
4caaf286-cff9-4728-88fa-35ee34f5d8ae,2.85,kapi
4cae0887-f7d9-41db-8d49-19b0a0bef4d6,1.74,tarama
4cb66bd1-8147-4274-9407-6554a8a00e3f,3.21,tarama
4cb8ad3d-8ae4-4f34-b95e-dcc3b5bd304d,2.83,kapi
4cba4817-cfd8-414c-8908-04c30ca1cd89,2.85,tarama
4cc1b732-9283-4b6f-93ff-9253011253ab,3.06,kapi
4cc7c6f9-63e1-4982-ac27-f808af7d322d,2.24,tarama
4cc88809-387f-4ecb-9231-5d4f40dcfdc5,1.37,tarama
4cccfe94-8775-4f36-8a3f-f70ea64933ec,3.42,tarama
4ccf14d9-5633-4bf8-8413-d10f31ff104a,1.93,tarama
4cd1fcf8-f35a-42d6-80d9-6d5b87c37a6e,2.80,tarama
4cd20376-f782-4662-a8e5-918ea643ad31,3.02,kapi
4cd2ec5d-b158-40ab-8aab-f5833e6c2c27,3.42,kapi
4cdc7744-67ad-4668-8004-0d967b42cda7,2.50,tarama
4ce2c91a-56f1-4ee4-9844-de612733ec44,3.66,tarama
4ce5c44b-c931-4cd7-a4df-3e7c78310681,1.82,tarama
4ce84939-f716-47fa-8085-e0adba0d5d25,1.93,tarama
4ce9ac7d-bdd8-4fe8-bd7a-5555216e1abd,3.07,tarama
4ced2612-6400-4d00-aa2a-b1c12ae6b4f2,2.84,tarama
4cef6c10-83ca-43e3-8201-474025b63f93,2.03,tarama
4cf21e51-c115-4b66-bbdd-5c5b9fe9b652,2.46,tarama
4cf870fa-31a3-4ee3-860f-5c9ee40de3b2,1.10,tarama
4cf8760d-98c4-492f-b8d1-b223dc24f426,3.05,kapi
4cfa5148-c62e-4de4-9fc8-cf55a7b95602,2.55,tarama
4cfd8db0-e086-44ff-a6b0-d97c015643be,2.11,tarama
4d02165f-18b9-473e-9efe-3b8fb39945dd,2.34,tarama
4d0e4b5e-6ff4-4ff3-b400-6091ecd39253,2.78,tarama
4d1fe05f-483f-4e0a-bcf8-b032a5f76015,3.29,kapi
4d22a77b-0ebf-4a14-b3b0-6c3aa80ef5d0,2.18,tarama
4d37b17e-cdbf-4ca0-9252-561b6ba9315d,2.64,tarama
4d39a4e9-1812-4efc-b1c1-269947a1be6c,2.05,tarama
4d3e72bc-b654-471f-8d03-e7fbf36a059d,3.75,kapi
4d43e3e1-d32a-493d-94dc-ad8650974d16,3.61,tarama
4d4b705d-52cc-4e78-9c41-df2dc398d516,2.05,tarama
4d546d41-a9d3-49e5-a4d9-e7f699e4c829,3.82,kapi
4d553b4a-808f-4480-87ca-c333230feb4b,3.14,kapi
4d59555a-5ae5-4c03-aa81-6e8356b79956,2.63,kapi
4d5bbfbf-218e-42fe-ba2e-a0ec73ffb5aa,1.29,tarama
4d5c643d-9e5b-4e51-bc7e-213eb4fc6915,1.82,tarama
4d5e0755-1edf-478b-9422-66e000b6f211,3.25,kapi
4d64bab6-5327-4003-90e4-f3d4c7872c4f,1.98,tarama
4d64fd75-d9b4-449f-bc7c-4dd85a11f7ce,3.31,tarama
4d6524fb-9a87-4fd4-9a19-c52e77887ef1,2.05,tarama
4d6769ad-bffc-4982-ab6b-5ac22a718216,2.18,kapi
4d6fa318-b486-4dd5-aba0-8d1aa6bfb011,3.13,tarama
4d823f31-1ebe-473b-8163-e7858117e0ca,1.76,tarama
4d823fbd-05f7-40ea-8c11-41633634515d,2.66,tarama
4d87484d-6cc4-4af1-bb02-0da63abbb1ed,3.10,tarama
4d8963c1-1e33-4a50-b2ec-d54ac796e96e,2.78,tarama
4d91dcc6-df8c-47bb-8240-0c8a9572d268,3.98,tarama
4d937558-bfde-473c-88fd-72697f90d830,3.81,kapi
4d960d4f-e257-4d14-ad78-c66a568ff864,2.12,tarama
4d9e5a72-32df-4cc8-8724-847b26789888,2.25,tarama
4da25bd3-1aa7-4793-a130-92b3c02e3100,2.13,tarama
4da2caf9-f108-49c0-a3d9-9fdf9fbbceb3,4.04,kapi
4da6234b-b27f-4194-9af3-f31570f98f55,3.49,kapi
4db030ed-4be2-49d3-93fa-d92a9c96a285,2.38,tarama
4db0c9c0-3f9c-4427-9cef-ae3bd6ce3d4f,3.50,tarama
4db1bf80-a857-4b43-8d1e-66835b73a3f4,1.94,tarama
4dc1accb-b2d9-4103-addc-8f1190166dec,2.04,tarama
4dc69d8c-b5f0-4a3e-b6c8-b39a562dcecf,2.32,tarama
4dcae754-c355-4269-a6a9-09fdbd46679d,1.54,tarama
4dcc5cb0-941b-4215-b942-488123af64d2,3.30,kapi
4dcf4cdd-03e4-4796-ac32-202726120e48,3.56,tarama
4dd1fbae-7766-4376-80ab-b1b4a85f5f8d,2.28,kapi
4dd2e41d-8730-4e00-b235-6e72cb79252a,3.63,tarama
4ddb2d6d-073f-44d8-96cc-6bced5e7d110,2.98,tarama
4de8a48e-6c22-4f28-9d88-717d84e7fa7a,2.26,tarama
4dea5f18-1b4f-49ee-b24c-1acce3853f9a,1.49,tarama
4deea9a1-146a-4fa1-b8af-562f900241a5,2.38,tarama
4df002c1-a6d0-421f-acca-7db7b35365b2,2.59,tarama
4df029e7-4931-438f-ba49-1ad00bd04431,2.52,tarama
4df87691-b03b-4244-a62d-8db81bcc51d1,3.39,kapi
4dfaf329-5832-4a13-a08b-5b55e2b5e01b,3.16,kapi
4dfc7888-039a-4721-96a0-0121b5673d5a,3.94,kapi
4e020cae-c573-4946-83af-ed055e5308ec,1.95,tarama
4e0af202-bd6f-4b14-87f4-5c355e215915,3.44,tarama
4e1ddd8e-0984-4e4a-a803-15b6cd9dc1af,2.83,kapi
4e21348f-8dbb-480c-9f1c-03e03f48afe7,1.26,tarama
4e2b509f-2bb3-453a-9eca-ed24bdf4ea60,2.11,tarama
4e2c83a3-2917-4058-ba3f-47af47bbe387,2.12,tarama
4e300293-d052-483d-ae43-e7e12e4c4354,2.23,tarama
4e30f4a5-c613-4b69-8d49-457faaa8199d,3.22,tarama
4e3c728c-b6bd-4243-9963-fa7ddce3a567,2.32,tarama
4e41fd70-29d1-47b8-9830-fe612c831b55,2.42,tarama
4e420eb3-512f-4b15-9e1f-c5d5d4c5c0a0,4.16,tarama
4e427394-94f6-46b6-a4dd-902b65094f0e,2.14,tarama
4e46551d-381e-4b67-baf4-31f70b9917f1,2.58,tarama
4e4ab5ec-302c-4f38-b118-6f6d538bdea7,2.78,tarama
4e4d3349-2431-42c2-b4c8-0af003197f29,1.32,tarama
4e5231f8-24a3-421e-8a81-82ebcccd1575,3.21,tarama
4e56ac68-36dc-4a79-82a1-650fac187944,1.77,tarama
4e5aaae8-14d6-461c-b5e9-5daf86e99fe3,2.21,tarama
4e612ca6-8851-4469-b653-a4026d8f12c6,2.13,tarama
4e749906-5d5e-43da-ba45-22cd6771b289,1.81,tarama
4e774860-f506-46d0-bbe1-0e583f7fc181,3.20,kapi
4e7a1bae-49b8-402d-980d-98a9188fc979,2.96,tarama
4e7b771b-8150-4e13-95f3-4d232c7b7b2d,2.16,tarama
4e7ec84c-d853-4ee8-ac50-c11dc688d32a,3.11,kapi
4e822fb0-7b98-4f9c-a0ec-3b0eec884abf,2.99,tarama
4e8aec4b-555a-40fc-bbb3-a9025a1baff2,1.10,tarama
4e8b6f26-4af7-48cc-aeb5-0553d8719350,3.41,tarama
4e933044-e177-4908-bb76-ad7071d13e66,3.76,tarama
4e948733-d54c-4d7d-8dc1-9b3d01d09be1,2.56,tarama
4e96b54a-3484-4890-b14d-9733560eda6a,2.47,tarama
4e987e64-c951-40d1-aa9c-c4a6fd51d826,2.42,tarama
4e9aa94a-4458-48d5-b3f5-c887760d644d,2.01,tarama
4e9fac00-d902-42b2-ab1d-1e1881c0ae95,2.18,tarama
4ea2e144-89a5-413d-a206-b7d1dfc8c96b,3.92,tarama
4ea3951c-5848-4e0d-8e0a-f654f4c0cade,3.08,tarama
4ea4011e-4be1-4606-af36-018402b42d98,2.78,tarama
4eb4fb54-d980-4d16-8db7-27d450325f1f,2.02,tarama
4eb5ba24-e4d8-4a0f-b69c-3c8c74b424b6,2.22,tarama
4eb74872-3ed6-413c-9eff-ea8b035b3688,2.85,tarama
4eb84459-466a-4a86-a457-96aa35502591,3.13,tarama
4eba80ca-2ea5-4b03-af3e-0eaf6223cf9a,3.01,kapi
4ec561ca-f46a-4042-bbb1-b27f0c4c5e40,2.35,tarama
4ec64789-8fd9-43bb-be51-7ba5d8a17842,1.75,tarama
4ec76b93-8cf7-45b9-95b9-1e4b2d3e989d,4.05,tarama
4ecdf290-5342-433c-8376-9e2d5191ebbe,1.23,kapi
4ecf5663-71bc-42dc-b023-ad4cef2f4ba5,3.02,tarama
4eda7e3b-0a3b-47d8-8b5f-accbfc6157b4,2.20,kapi
4ee1a7a5-8dc1-4616-9076-e98699707728,3.75,tarama
4ee1d7e4-b9ea-4882-87dd-8df972f70b74,2.56,tarama
4ee465aa-2d11-4500-a211-44432b0dd29a,3.13,kapi
4ee4d7e8-8a94-434c-b514-ffddd465492f,1.91,tarama
4ee5b274-6fb3-49a8-aeab-a5636a688c4a,2.41,tarama
4ee9b085-8b5d-41e3-8b76-57cba65255bf,2.39,tarama
4eeaa2fa-08ac-4389-a74f-ce437dd01ec7,3.59,kapi
4eeb5804-4468-4f58-a44d-a7fad986cbb5,1.84,tarama
4eed58d2-bb57-44bc-8a93-05c468f06cef,2.41,tarama
4eef4fda-7689-4e4b-b7a4-3a51f1bf10b4,2.95,tarama
4ef0595a-b977-47d5-bb3e-96fc0ff8a3f3,1.73,tarama
4ef15dc3-a230-4669-b4da-844eb0fb5195,3.37,kapi
4ef5c7ef-8b93-4ab3-8de9-18743f18ee2e,2.17,tarama
4ef93143-b375-437c-9804-d85e839c5e1c,1.44,tarama
4efb0077-e45d-4dd7-9102-69461eb75e66,2.44,tarama
4efe20e4-e4aa-4f79-88f9-762ec8e8069e,3.39,kapi
4eff675d-41ed-4bf6-877e-4d74a642b4d3,2.05,tarama
4effbc4f-17a2-40ea-9b49-ff8296957725,2.14,tarama
4f001e4d-6387-4846-8b81-889c3e2398e3,2.55,kapi
4f056466-96f0-482b-9ee2-95223faea332,2.35,tarama
4f080dd5-e436-46f5-a78d-04b4a0e97083,1.97,tarama
4f0d25af-05b7-4011-88eb-2c67bff8a455,2.35,tarama
4f0ed94a-9f43-42c9-bb45-e9674e8a73e2,3.02,tarama
4f172087-add9-4eba-9663-82e01e7450bc,2.63,tarama
4f1b20e1-a348-4f68-b872-cee99b6f3354,3.61,tarama
4f1bdb40-f3ba-454d-a9be-6d5e05dfec44,2.29,tarama
4f250e7d-3786-4ff1-bd91-c18d173da326,2.45,tarama
4f352478-c406-43fd-9e45-97a23c12dac4,2.35,kapi
4f38f093-c4ed-469e-8fda-bb84202273e5,2.30,tarama
4f465775-f3d4-4dd3-b785-1eb739e83024,2.03,tarama
4f49e990-478b-4b7d-838b-a0d37aef062e,3.63,kapi
4f4ae720-d50e-45d4-9744-74d7c0f92191,3.21,kapi
4f4bf5a2-a50b-4205-b46f-a3c9620b1d86,3.41,kapi
4f4d5e04-19a8-401a-9358-0d9f99ae3b5d,2.82,tarama
4f51c2c1-a355-4441-a001-967797d44128,1.82,tarama
4f530267-c535-40c7-8efc-48a24e094dd8,2.29,tarama
4f53f3b6-385f-4345-b61e-fcf49fae1bc0,2.97,tarama
4f57d697-b58d-4971-82e8-93a88aa3f236,2.13,tarama
4f5ae38e-1e3b-4c7b-9624-49bbff372228,1.70,kapi
4f7437e0-ece8-40cc-9fdb-0be987ed5b90,2.31,tarama
4f747f1a-2d85-45a7-a53b-690f5552c1d2,1.90,tarama
4f74a9d5-a637-4ff4-83e1-e72ac5f4ba31,2.63,tarama
4f7d541a-4ae5-4ddc-a5e8-08f2d73ad0f3,2.20,tarama
4f826686-3cd9-4944-8686-73e1cfbf4917,2.52,tarama
4f8f765d-8366-4366-af92-f7e4c37e5dcf,3.17,kapi
4f949755-a90b-4e3e-bc72-3d04784f7c20,1.88,tarama
4f9549f6-c2f0-40db-a5ea-3f04cf01d43c,2.46,kapi
4f98ac9f-e5a0-4a76-bd7f-516bf59caded,3.26,kapi
4f994f73-110c-4805-9d8a-02cb1955713d,2.11,tarama
4f99f7fe-f0ac-4e5a-85ee-5de068ef055a,2.90,tarama
4fa79304-cda7-43c0-b3ff-6a4a210259ce,3.23,tarama
4fae2c2d-4c44-4dd8-bf0d-792e63abab6b,2.31,tarama
4faf1976-657e-4f66-aa81-d8a6b0059787,3.23,tarama
4fb77571-346b-42c7-ba98-fd0b1ebdae8b,3.04,kapi
4fb8c32d-1627-450f-af32-e2a2a3ee49c4,3.34,kapi
4fbcd768-a449-402b-b745-e13960698b5a,3.27,kapi
4fbf9145-07ff-4952-9b1c-96202b1dce2d,1.76,tarama
4fc0b024-b871-4e00-81d4-229cc661c494,2.40,kapi
4fc498ca-1dcd-4d76-a930-151878383ff0,3.21,tarama
4fc4a5f0-b38b-4f73-b890-f1a9223771db,3.86,tarama
4fc68340-b505-4e77-bb50-7aa294c09010,1.51,tarama
4fcc0d80-4472-47a1-90d2-ccd6ad32e4cb,3.06,tarama
4fcc8b5e-d756-413e-b325-5364a07619b6,2.70,tarama
4fd02290-ca50-44f3-aff3-363cf0a4907d,2.16,tarama
4fd2a0e2-d573-46f1-8197-a776f4a3c548,2.05,tarama
4fd6b5f4-de2d-4c53-ac82-098ff42f3bdc,3.75,kapi
4fdad851-5c0a-45e5-8d3c-8e394cff002c,3.39,kapi
4fdd0b03-dea7-4b28-ae07-d1e1bc20e6d7,1.99,tarama
4fe31f16-6110-4da4-8156-7c3dd8f16698,2.42,tarama
4fe3805b-ca92-4875-953e-10a72d535211,1.80,tarama
4fe974cd-f484-49c4-9c45-c9954fdd9396,2.01,tarama
4ff005ad-3964-4590-8db7-594374a105eb,2.02,tarama
4ff2a761-1f69-4122-9da9-526c52b8ed55,3.58,kapi
4ff43064-977c-433e-a173-87e2ef9d6018,2.44,tarama
4ffb5697-3899-4fbb-afcf-f1efa1789f72,3.89,kapi
5000bb83-be64-4197-84a7-c98834c55d1f,1.95,tarama
5001499b-13c7-4a6d-84bc-b21f6b701461,3.27,tarama
50086359-3e0b-4889-b426-b59c827b3410,3.56,tarama
5009ab2b-a84f-4fd8-8c88-9080578889ac,4.14,kapi
501354d6-d2b2-469a-94ea-f58d25102654,3.59,kapi
5013b6d2-7462-4a84-8fcb-e5b88ad55339,1.91,tarama
5014cedb-7ce2-4892-93a8-ff63661931de,3.23,tarama
50165fcb-e47f-4a55-a8d3-ecad8e3a0619,2.54,tarama
5019ee99-6547-4fcc-8062-9cf63d8043cb,2.64,tarama
501bcd32-263a-4548-a6d5-7e4bc26d95b1,1.99,tarama
501cbe14-48cc-47e2-b6c7-83832bfd9232,3.50,kapi
501f4b65-1bac-4e5b-9dcf-0e2b5f303303,2.53,tarama
50209ab6-8b85-4493-996d-855ef3ca3214,1.30,tarama
5022ae1c-96bb-4269-8ecf-5108bf071a47,2.31,tarama
50270429-156e-4c42-9ac2-7bf7ba5cd185,3.66,kapi
502892c4-29d0-42ea-8977-6773252ac076,3.39,tarama
502fe6af-cb19-4d88-a44a-8ab86894b1bc,1.93,tarama
503135b8-449e-4592-b874-e3cdfd099eeb,1.43,tarama
5034fe10-945d-4c3c-91e0-5658e9d2c297,3.53,tarama
5036da56-6c80-4a65-95bf-95d7ef6a38cf,2.01,tarama
503be118-3d4d-4f21-a39a-6a38e604860f,3.28,tarama
503c4935-8c2c-4acd-90f1-fe51f6f9c587,3.07,tarama
503d53d9-ccaf-428d-869d-f1b9733d4c8b,2.22,tarama
50425a17-9c8d-4e12-8f19-f815c8e2069b,3.42,tarama
50453e03-e6ef-44ff-b505-3d7e14db28fe,2.38,tarama
504d49ac-86a8-410f-96a0-ce14506c8d20,3.41,kapi
504e509c-c0ed-415c-b356-d6ce57bc18f9,3.82,kapi
504f5af5-f86f-4d60-8121-3d21087c604a,2.75,kapi
50547bd4-5b33-4028-82a8-8d363a948bbb,3.48,kapi
50594cf3-042e-44d4-967f-9b14797ea6e5,1.16,tarama
505a4391-44e0-4bc5-b5c4-ab7e8944cf57,3.07,tarama
506624ff-5125-49de-a547-0f4e12b712ea,2.66,tarama
506f5527-5fba-4c70-85f5-e1b05a83f9f2,4.04,tarama
506f8ab3-761a-45f2-a903-6fa6e6f93c9e,1.83,tarama
50713ef3-ba83-4436-8c92-d70f9c7027a2,3.27,kapi
5072a5d2-5b16-4859-be48-3fca8889de27,3.34,tarama
5078289e-7a93-4b9b-9aaf-a7c42e9af3c8,2.64,tarama
507ad953-e865-4e00-a7f7-a284556b7959,2.91,tarama
508f3b86-cf4e-4051-b28a-6c3acadfd693,2.94,tarama
5090d3a2-06fc-47d0-904a-2de69975a5b7,1.56,tarama
5091d245-c162-40d3-b6fc-e531f97588d4,2.18,tarama
50937305-247e-4d85-a018-594bb3011adf,1.87,tarama
50980c01-29f9-4128-9e63-f0443f77dfae,2.06,tarama
50a17adc-1706-4ce9-ae9c-789608346c0e,1.80,tarama
50a52d5c-2f4b-4175-9815-e5f533d0d089,2.74,tarama
50a97418-23b5-4275-a72c-1701556944bf,2.21,tarama
50a9e108-a84d-47be-bdab-8e2cfd27d97d,2.51,tarama
50b6d75a-03f3-462f-bb21-73333b2d3a70,3.31,kapi
50b83e73-1ce7-42f4-aa0c-de4b17a7528b,1.77,tarama
50bdc7d2-76ee-49b6-aa6b-594f778172f1,2.17,tarama
50c60897-b933-4f38-8ce1-6061ccc92c4e,1.01,tarama
50c91c1a-19b9-4569-afe4-c891161c0026,3.33,kapi
50cd7826-cf9e-4e0e-bee1-0489efe4a54c,3.69,tarama
50d4053c-fd90-4a80-849b-40411bbf6001,2.27,tarama
50d7fea5-8955-4731-ac4e-ad5398187887,2.03,tarama
50e58fdb-6daf-4346-94e1-6b7f4fc92251,3.17,kapi
50e5fefb-520d-46fa-9e36-42b669b98f59,2.38,tarama
50e65903-dbae-4271-ac80-8cbcb04068e0,2.85,tarama
50eaca3f-e250-46cd-b034-33110e0079ee,3.53,tarama
50f6fabc-ad33-4927-89e8-e32d5619866e,2.18,tarama
51197ffd-b144-48b3-963c-3365c5fe343c,2.98,tarama
5119ad88-db5b-4184-8a6c-679a031c617a,3.25,tarama
511ce317-26c4-4f55-8d3d-d151fca9e434,2.83,tarama
51228e97-8a3b-4006-9691-a7f0f36e2332,1.79,tarama
5125bc3a-c571-4133-b340-300f00bf4231,2.90,tarama
513e2cdf-1e2b-4369-a6cb-e304d5f478af,2.25,tarama
51412c3e-855a-4be2-9c30-7ea7a7a116f2,2.74,tarama
5141a272-b879-4c3e-a147-4c07c66fc603,3.80,tarama
51445e39-b8b0-49cd-8901-5c2c485f5fad,2.61,kapi
51503fac-cfa6-4671-8aab-7e94905cf3ef,1.97,tarama
5151b961-db2b-45ad-85ac-cda274222e7e,3.08,tarama
515575b7-07c2-42d6-8a31-4dd8ff2b8198,2.03,tarama
515ae4fe-5f05-44e2-83ca-969cdb629d7d,2.23,tarama
515bfc30-32f8-4d9f-a458-f28462f1de25,3.89,tarama
515f6f85-ff90-470d-8692-1fe52133a089,2.83,tarama
5161682e-cb78-42ca-9311-ea84b3316e31,2.69,kapi
5165aeca-5d03-4094-9201-b26bdfdab593,1.96,tarama
516c0f63-3bfd-4c02-a718-3aad2f806b01,3.43,tarama
516fffd5-a757-4143-a37a-59b6d06f0137,3.02,tarama
5170fa41-b3a3-4876-a188-3304a740b92a,2.76,tarama
517753b2-135c-44d9-9b9f-eaa96f90c657,1.59,tarama
5183c6a5-d93e-41e7-a32b-eaf09bcd3d1a,2.45,tarama
5185aa1e-d5aa-4e98-83a7-464a8b0c93b9,2.06,tarama
5189a28f-9fb7-4fdb-bacf-74c4a7996507,2.16,tarama
518c59ac-790b-4cf1-b6f5-74d4dd7a0ae0,1.95,tarama
51a07c86-ebda-4a4c-a3e0-54a52fe3e958,3.12,tarama
51a5cec6-f797-42a2-91ff-b5f49f52b871,2.05,tarama
51a77755-e3f1-4cff-91b5-f9640a1b35c5,2.40,tarama
51a8d32c-8e44-4448-9f76-0f6d5a57bcd6,2.61,tarama
51adbcd0-2838-484d-979c-bb3b4a15557d,3.38,kapi
51b11c0a-2bda-4b98-b723-dd874f0cdd8a,2.89,tarama
51b746ee-689b-4e91-b404-5658b8b21904,1.85,tarama
51b75e36-1a5c-4317-954f-8f0560a5659f,1.97,tarama
51ba5b6c-0c75-4176-b311-8b65cf8db615,2.38,tarama
51bb2ea4-0c1e-4993-b6f0-cfe6ed0d58bc,2.28,tarama
51c8d5c3-e55f-45ad-a026-ed1a253a74cb,2.62,tarama
51c9918b-1771-467f-aecd-02814d294aef,2.69,tarama
51cb6139-ecf7-41ac-8eac-ebe9c4645c9c,3.21,tarama
51d3f717-5511-4d6a-b0aa-34b892dab6bc,3.93,kapi
51dcec12-dadc-4d2d-bc69-465654db27fb,1.50,tarama
51e003d9-eb38-48f8-9070-cfab91f254e7,3.40,tarama
5203e7b0-9f7c-4d86-8b2b-bac411fd1555,2.28,tarama
5207c935-0808-46b7-a0d7-d520c163497b,3.61,kapi
520ad955-3dd4-4a41-b540-cb667dd83e0f,2.66,tarama
520e05e1-9a99-485e-bc41-005465e50cb8,2.14,tarama
520f358e-6629-4c62-9f74-357fc6770d31,3.83,tarama
521277b3-5e7e-4d63-bf23-f79383bf1d84,1.95,tarama
52142198-b342-4fc5-8eea-8d6c7ba45aa1,3.41,tarama
521bc2f9-a920-46b4-80cd-fb052752c5ac,3.47,tarama
5233673e-6dfc-48b4-8b86-b5d31583a580,2.01,tarama
523ffb12-6deb-4537-a0f5-d8fa2a66c663,2.46,tarama
52423dd3-3043-4c98-85cd-f2d876aa0e9b,2.45,tarama
524359b2-5d1a-4b0f-a800-5e07707f1639,2.05,tarama
5245008e-2e31-48b5-bf71-9f62b5f44a54,1.30,tarama
52471386-9020-4543-8c58-9c4539fa655f,2.95,tarama
5247abfe-5099-4d93-989e-5ca63eb7c6c5,2.71,tarama
52484e21-25d5-4aa7-87c1-9316a21dc7b3,3.90,tarama
524f527b-8770-488a-a3e8-25abd6891185,3.90,kapi
5250114d-af0e-4c17-a207-24ee2a622427,3.06,kapi
5254758b-30b6-4af2-a5b1-3a3ad45126a8,1.81,tarama
525aac49-e623-42a7-b94f-a268bf97df79,2.65,tarama
525fff2f-45db-497c-8c63-62d6203ef1b1,3.90,tarama
52600563-9ea9-4477-b031-ebcf3c35bcfb,1.93,tarama
5262ca0a-37a4-437e-80f5-5c98a7da3168,1.96,tarama
526744db-9552-4c6f-a3a1-b8020ec3410d,2.57,tarama
52684bc3-0eb9-4d62-b89e-7e9df53e6fd5,1.88,tarama
526a9db3-9488-4923-b95a-8d087eaa5a65,2.59,tarama
526e37d5-61dc-442b-bb3e-d548728aa1a5,3.03,tarama
52734d21-d16d-414f-a597-f22c6eea6b44,2.98,kapi
52769f80-f5fe-48db-bdb9-b3d590ddae39,2.25,tarama
5279326b-3e79-4bbb-bd63-95df365f25a5,3.45,tarama
5279666e-17f4-4619-a79e-4da8ecaac4b1,2.29,tarama
52799d10-c0fb-46bc-b7bd-ecd5ea9dba9f,1.79,tarama
5279ef4a-87fa-4656-bc14-bbb8323187c7,2.18,tarama
527c07ee-5c57-4912-b6ca-ec1a19819644,3.23,tarama
5280b9bd-8407-47e7-ae8a-bc380a881cc8,3.83,kapi
528ce5cf-f7ce-4175-9a42-1657cb854cd0,2.56,tarama
528ce959-9655-4779-b47c-28bae4752572,1.65,tarama
528f050e-1845-4aea-8e5e-1610337b30db,1.46,tarama
5290cb9a-0031-4510-b35e-8404388eee9d,2.58,tarama
52943905-1e7d-4f6c-ab12-285235bd9d54,3.02,kapi
5294ed6a-c22f-4149-aac8-dab4a0db485d,2.32,tarama
529a5cda-e3b4-40b2-8e3f-bcb21b4783ef,3.58,tarama
529ceb87-873c-4180-bb8c-6c88b1ca5847,2.90,tarama
529ee37d-a4b9-4752-a468-72ef460ac1bc,2.58,tarama
52a24856-d9bf-4654-8591-269cdd419394,2.27,tarama
52a86d5b-7d23-4d3d-916e-23ed93986479,2.30,tarama
52ab9d2f-bfae-4aa3-94c4-8478eb2ca88e,2.67,tarama
52ad8b1e-eb5d-4577-97d2-654f3362ca52,1.89,tarama
52b2dafd-ca42-49e8-9fec-d7c25b68f6f7,2.91,kapi
52b65787-ad0d-4cda-aee8-e401c8a02fb1,2.12,tarama
52b71e2b-e5d8-41b3-9553-6728572353e2,2.51,tarama
52bd7f05-93a9-4110-ad2f-6e26a68cb1c1,1.95,kapi
52bd7f28-6852-41e2-b66b-60ed83ed147f,3.49,tarama
52bdf6be-948c-472b-9676-0af1fca21163,1.91,tarama
52be2d05-af44-4be9-8115-0de38d1b723a,2.40,tarama
52c69c93-3e76-42ff-85c5-33967b34868d,2.88,tarama
52ca9567-a0ff-41fe-a441-78c2f49155b6,2.44,tarama
52cec2de-5dfe-4a5b-ac3f-d629d98a6040,2.38,kapi
52cfa4a9-80f9-4e71-b28f-e132dd51d56c,1.38,tarama
52d97857-a9e4-4710-b0d2-1c4ad56d6504,3.15,tarama
52dc7795-c6a2-41d9-9ba7-d085a5c8494a,2.60,tarama
52df7797-459f-4670-a431-ca9252fcf576,2.30,tarama
52e3181a-8526-4c6e-a107-9d1dd4fbe851,2.03,tarama
52e8ef96-f6e8-4a52-864b-6f4f47f6f868,1.90,tarama
52e90307-57ea-4a41-8424-d0648f6b64d8,2.46,tarama
52ed2158-470d-40a3-b18d-14607dde1ff2,3.08,tarama
52fb57cb-6fb8-4710-9fe3-a9782eff684b,3.68,kapi
52fe8016-b67a-4148-8ac3-d4c4aa245c19,3.99,kapi
52ff73eb-6600-4fcb-82d4-044ae56ef3f3,1.41,tarama
52ff917c-5fc1-420c-81d0-c2ef91f29a99,1.38,tarama
53011cbb-0cef-463b-92cd-a3d9ad65e38b,2.18,kapi
53023fb5-1e74-418b-9643-e27928083e2a,1.25,tarama
5304b109-7322-4987-b89a-935d3725d4d9,2.71,tarama
530515ae-6035-49f1-b7a1-eaed2af2a5d0,3.70,kapi
5307cc5f-9575-4e05-86f5-972cf542e7b4,1.31,tarama
530bb367-22b4-4f04-9b74-45bc8a679977,2.75,tarama
5316a8a7-9979-4ee5-843f-f41cf53d61a3,2.25,tarama
5319a172-82f4-4381-a84d-b53693c75d40,2.14,tarama
5319d51f-24d7-4634-9d79-ce12971cdf9d,2.11,tarama
5328a068-0abd-4eb2-9035-384fd9cba8f6,3.05,tarama
532c981c-822b-4d0c-b2c1-1dffd15ad27f,3.09,tarama
53350081-5259-45c3-af18-2ca5cf9cb252,2.88,tarama
53363a41-b845-4717-bb59-14d088132d2a,1.93,tarama
53389cce-0ab0-4d6e-9bbf-3a3130276f5b,3.16,kapi
5340138d-e734-43e2-9797-0699cffd5058,2.16,tarama
5341d577-6150-490d-89fa-0858e286f454,2.64,tarama
534c1f17-b7a3-4832-908a-db82815c5515,2.62,tarama
534c6dab-7521-437f-9db9-1dc2b1f4f90a,2.82,kapi
53525d35-87c8-461c-909d-df2badf21811,3.10,tarama
5353e619-e76f-4da2-8c6b-216248bbfb0c,1.01,kapi
535b0dd4-3083-4950-b176-991edc05a198,3.71,tarama
5363002a-4a57-43d0-b483-cd1c4461fb58,1.98,tarama
536406c3-dccf-449f-a18f-fb6a758903bc,1.87,tarama
5365db08-cfce-4ba5-8e77-6d25ae69c0e0,2.36,tarama
5366dd9d-7b2e-47b8-a203-800feef9427f,3.76,kapi
536d1f4d-ef65-4da2-9ea9-794023f1bd34,2.19,tarama
536edf35-a19a-411b-ae6a-08904488f801,3.16,kapi
537310ea-9f98-4ceb-a8bf-4764ddcbd362,2.84,tarama
53773e97-13e9-4146-8720-dd6a7968ee1d,2.09,tarama
537af3e3-b933-4874-96b3-954cd277d3a0,2.02,tarama
5383e230-4cc0-41f3-b7cf-82feb1ae8d2a,3.07,tarama
53845976-b5c0-49f3-8284-8bf6552c1dce,3.91,kapi
538f0812-2748-4ea7-b0cf-4362e474bb66,1.15,tarama
5395d4e0-488d-4c8d-bf71-7023c8851107,3.93,kapi
539bb5d5-49e7-4fda-9445-2505fb6dccf7,4.15,tarama
539ce252-0b73-4e0e-955c-5815b91206b7,3.00,kapi
53a7e302-c207-48b5-bb89-8b8d4b3a809a,3.63,kapi
53abb466-f4e1-426f-bef4-9be4a84d7ce2,1.66,tarama
53aeed7a-11cb-4edf-9ce9-f480b931a0ff,3.89,tarama
53afa0cd-1507-40d6-86e3-be04f5b196d7,2.86,tarama
53b10943-1eb8-462f-934c-2ec6217bc834,1.31,tarama
53c1f6dc-764a-4929-97b1-452018afa27b,2.92,tarama
53cab24f-b813-4196-b810-94b6052aab5e,1.42,tarama
53d0ceb1-6b3c-4bf0-ba06-9b473095ce59,3.52,tarama
53e6280d-4a5a-4a1e-b4ba-43aebcd1ba4a,1.80,tarama
53e9e8fc-def5-46e2-9c1a-e64407b2529e,2.38,tarama
53ec2177-a495-42b8-9c48-a71844868dd8,1.96,tarama
53f6506e-76c9-45c1-ab4b-75dbdcc3b9a2,2.19,tarama
53fdbcd9-22a8-457e-b5e3-ebcd49da9f19,1.90,tarama
54082de1-3fcf-4ca1-9a0a-3e087d6f6cc4,2.20,tarama
540991f1-43a0-4c11-bf7d-520ffe33b4e1,3.03,tarama
540e854e-51ed-4f3b-b9dd-a0b2cf82e3ef,3.17,kapi
540ebbf9-ebc5-49b9-a903-ed4d95db5275,2.59,tarama
5417fcfa-a93d-4f41-95da-f2748a4735f6,1.49,tarama
5418a11d-e2a8-43a0-877a-78a1595baf39,3.77,tarama
54195688-096e-4fa2-97ae-fb2708260010,2.36,tarama
541eae11-f3a2-45e5-9a0e-8c2b5d59e4ae,2.88,kapi
5421a528-c0f4-4efd-8cb8-f348ca73e3f0,3.89,kapi
542698c8-81ef-4265-85a2-ee0067e752ff,2.95,tarama
54292727-57f6-4a7a-ae7e-3c48493f2d2c,3.48,kapi
542b1393-e0fb-4fbd-b959-a2167d44fce0,1.78,tarama
54324c27-b344-48ba-ba24-21eeb3410cba,2.89,tarama
5439810b-03a2-4109-8dd1-99f7fa02a39a,2.34,tarama
543dc406-6b26-4ee7-8e5a-1a955aad24dc,3.64,kapi
543febb1-c1fe-48bf-8c69-ffac15ed07bc,2.53,tarama
544c4e2c-e9d4-45a6-bdb5-bf56c8479573,1.65,tarama
544de89e-4ba6-4814-adc5-7a92e5cb1160,2.00,tarama
5457c9f1-4a25-476b-8c93-8d73627582cf,2.83,tarama
54589b2f-1d1a-4b79-b970-b3659344acab,2.79,tarama
545c496c-9bc9-4f1a-bb40-738d908e76b1,2.50,tarama
545d8731-e8f4-4b4c-9575-20fdcc297a47,1.87,tarama
54639402-7e2f-4c64-ad33-2f7cc9f73048,3.13,kapi
54667315-d270-4b20-ba0e-4a1fcf0e5211,3.42,kapi
5466a00b-0617-454e-b8da-a5918865a058,1.81,tarama
5467abc0-3cf8-4d2b-9716-c73080ce32c5,3.86,tarama
546fa275-4b72-4fde-8bf2-ba739bbd553c,3.84,tarama
5471256a-fc71-4e2f-a697-f04a99513aac,2.73,kapi
54812e21-c52c-400b-acd0-f4512f468b94,2.01,tarama
54882261-79e1-47d3-a5a6-3fb87c1a7da1,2.96,kapi
5489bef5-71bc-4207-9c72-7d2b77bf543b,2.31,tarama
54938997-c763-4c4e-8c9b-71109bc36c74,3.38,tarama
549c53f0-3327-4a02-8940-a254f0d32d7f,2.25,tarama
54a32e19-5979-47b8-a9a9-be92845bb595,3.48,tarama
54a4f7e0-28a0-4361-be1d-baddc9f89425,4.01,kapi
54a8b04f-dae9-42eb-918c-9336e383d0ea,2.97,tarama
54aee8e4-2ef0-4525-8b85-ddaee591f275,4.37,kapi
54b0b1b6-b0fb-499f-bfab-0515b7f40cd1,2.60,tarama
54b2520f-f2dd-4bcb-8cde-a67a0950beb2,1.96,tarama
54b44ea7-af58-4432-8d72-630d7d2488e4,2.56,kapi
54be6bfb-710e-41c8-bddd-8d91d1dd1882,2.04,tarama
54c23059-8790-4af8-9630-16b6a35af531,2.95,kapi
54d5545c-efa4-46cf-b0ae-1ee87bc3c32b,2.85,kapi
54dd5e9e-70ed-4efc-8701-cccc91afe2d6,2.86,kapi
54e62f33-f851-4006-a7f7-b2456aca1d1e,1.95,tarama
54ec9bb8-3a2e-4f34-be34-0ab188b4ad1a,3.78,kapi
54ed9d7d-8c71-4ca8-84b9-750cc59e0ea2,2.80,tarama
54ef98a1-8f57-4f94-a1ee-d5d01b1855d5,3.10,tarama
54fc0af1-3e90-4709-ab94-5585ef4a0737,2.24,kapi
550300b4-485f-4f74-a8b9-8372963d0a28,2.33,kapi
550ff367-ecb3-4d82-b9fd-0d0e9ff4f468,2.40,tarama
55143020-d344-490b-b27d-f1eb0e301126,3.69,tarama
55177f3a-177f-4201-b32a-a5b738879465,3.88,kapi
5518bfa3-515d-4b5b-bbb7-008f86e6a411,2.10,tarama
5525b0b5-3472-4449-981d-3c9fe2ba48ea,2.70,tarama
5530ee37-7a3d-437e-b4b4-eb3028dc68e1,1.43,tarama
5535ea50-0de5-42eb-b56c-09596b392a72,3.59,tarama
5542708e-5804-4379-8d47-49daabe8272e,3.92,kapi
555a1236-9467-4516-b771-0cf8890d7115,2.63,tarama
5560f2f6-6d49-491f-ba47-9bda80b64916,3.19,tarama
5561b9f3-abec-4286-8ce2-d31519daf81d,2.34,tarama
5562fb47-2a19-437b-95f0-6a10c0a70207,1.83,tarama
5565d9b4-7a8c-41ea-a52c-c4873f19c3a6,2.48,tarama
556a7b16-ed04-43d1-acce-d153fdbebb9f,3.75,tarama
5571dc91-c985-4e8a-acb7-437f00541ea8,1.96,tarama
5572f2a3-3de6-45ce-a088-c1d6d1036a4b,3.22,tarama
55776edd-c6a1-4b68-ac51-69284147eb6e,3.68,kapi
557efb5c-87f7-40a7-932f-820009032b1a,3.15,tarama
55837f2d-371b-45b6-9a75-0fa3f97c28ba,1.80,tarama
55868484-ce3c-4b85-8ffb-cbc0245c1540,2.29,tarama
558d1df4-b401-4c40-9d31-2ca2305b23cf,3.29,tarama
55980629-7bae-48af-9ed9-51e793ef9b21,2.41,tarama
55986ea0-e63b-4730-855e-fecbdae9f08c,2.85,tarama
5599300a-d5ff-490f-9e00-c41186550919,3.31,kapi
559f20d5-3c2c-4392-8fe6-97ee0de3c0da,4.04,tarama
55a52c38-768f-426b-91ea-72d8811d7295,3.33,kapi
55a7e060-1e12-4f4a-ba90-b8f919e4ec48,1.93,kapi
55a842d4-7d5c-4511-8c4b-0da03a6b2889,3.74,tarama
55a99a5a-26ed-42ee-95db-0ee4be7fa459,3.86,kapi
55b1d9cd-7e6d-4faa-9369-e5d11b465665,2.01,tarama
55b3c41a-27fd-4885-9375-38ce26d6c0ac,2.77,tarama
55b570ac-32c3-4144-9f64-b5b8d967b02f,4.21,kapi
55c1844d-44b4-4e03-9b14-9aaf8894db61,2.45,tarama
55c2493f-cae6-4346-851b-2ea0c8cb4f0d,2.18,tarama
55ceeb65-7465-450d-8692-9d1d39b83e57,2.24,tarama
55d2e555-7ec6-49a4-9add-627b3bc2cf3c,1.58,tarama
55e95316-da6d-4acd-ad73-dcbdf708ef53,3.47,tarama
55ee6906-ed08-4513-a10e-549038d2200a,3.51,kapi
55fa3a3b-66a0-4a95-af7a-6a2648a6e351,1.98,tarama
55ff330f-24f4-4780-a5f3-41b150dee2ca,1.78,tarama
56072c42-1ac6-4245-b450-f3c14c667cd8,2.78,tarama
560b5d73-f38b-4222-8411-18fcfc812e13,2.66,tarama
560e514f-1ed9-4f5f-a65b-2ff1fd7ec1a6,3.14,tarama
5619d693-97ac-40d4-a0f8-98e265abea06,2.47,tarama
5620867f-d2ca-4a08-8f1b-0cb51698c0d8,3.41,kapi
56218b49-34f0-4bfa-b17e-c8261e240169,1.12,tarama
5621ae59-8ccc-4cc9-a90a-9c3da1099c65,2.92,tarama
56314f87-2da2-4b0e-a33e-ec25824ef157,2.53,kapi
5631a086-f1aa-416f-bf23-c214afda9253,2.35,tarama
56327d07-99f6-4df5-918a-7c566e49eb7a,2.48,tarama
5635268d-d31b-45af-905f-4583fb31156c,2.54,tarama
5636c63e-7835-4382-b382-fe9d3ef2207f,2.01,tarama
5637c1a0-f934-4ba2-8d22-de870ff099d5,1.87,tarama
5639743e-6b22-4833-bea3-ce99f33ce522,1.88,tarama
564624a7-8d2c-4367-b39a-afffa5e3f760,3.11,tarama
564aa129-e210-45fd-9493-0a04b0e28a95,2.37,kapi
565190e4-36ec-4dd4-8ad7-86370ff52d5c,2.36,tarama
565276b6-5d66-4e99-8970-906a41c4bf14,3.09,kapi
5655dcc2-02d5-43f8-8b90-faf4b6c34209,3.04,kapi
56577e24-c0eb-4965-8c0b-58990624d0a1,3.01,tarama
5658ce99-a5d7-4df1-82e9-0526d4c7145b,1.32,tarama
565dcc20-e377-4271-8ebb-c38f5d87ff0f,1.89,tarama
566660f2-5db3-41e8-a7c6-83d2697632c6,2.21,tarama
56671fce-8a0d-42e4-b575-13f6b32b20dc,2.25,tarama
567c62fe-323e-4979-a214-3f446eb12afa,2.21,tarama
567e6e6b-e3f6-4c16-9dd3-1c213914c84b,3.05,tarama
5680550a-1efc-4465-a3ae-355ade503b43,3.48,tarama
5682124f-d291-447a-9f45-91cab0fedca2,2.58,tarama
568352be-32c7-416a-bf24-64ce7c3ecee4,3.79,tarama
568fd7bf-a9c5-45d8-b81e-07bf72df2257,1.47,kapi
5692e644-bcf2-4f92-9153-ebf4534432e3,1.84,tarama
5693e3d6-575b-4f40-b642-75d9f6354218,1.78,tarama
569966f2-ce0a-4845-b5cd-4f7f924322ad,3.95,kapi
569a148b-8fc0-4775-a2a6-68e1635a0ae7,2.48,tarama
569d65f7-9e27-43e0-90f7-89588fe908f1,3.05,kapi
569da468-7226-4ee1-87d4-9357e1fdeea6,2.19,tarama
56a1154f-82cf-45d1-8db8-ef49fe25be58,3.98,kapi
56a6e77a-295b-488b-b63f-aad592623525,2.37,kapi
56ab00df-2795-406b-92d6-3d08f082994b,2.26,tarama
56b02552-42a4-440b-b71b-edfe52584d72,2.20,kapi
56b208d7-6344-4379-b988-048807a05145,3.18,kapi
56ba8b3c-07db-433a-9de5-529f9e4d4e87,2.02,tarama
56c263c4-d608-46f3-b7d8-ca7d2dbda838,2.03,tarama
56c7a1bd-7e10-4d6a-b360-25b59d68d8a3,3.92,tarama
56c8ee5a-085d-4eee-92d6-bf9c54391650,3.65,kapi
56cd6c9d-e288-42ed-b33e-ce33f7820d98,3.41,kapi
56d0c81f-0271-4ec7-b1b0-b1394e4c3ff2,1.58,tarama
56d126d2-a600-4b9d-9b52-deb04d290de3,3.96,tarama
56d154bc-a636-4621-85b8-436d46793623,2.31,tarama
56d3c3d3-3f61-438e-8b91-9720b08cdf8c,2.27,tarama
56d52f6b-82cc-405e-92a6-d9f0c0349425,2.01,tarama
56d76740-d374-4607-b6f1-1b36ad8b34b4,2.45,kapi
56d95ec5-a598-4bc5-bc00-3ce2dfee9184,2.29,tarama
56dae267-994c-4bc3-9615-9f3b7235a73b,3.17,kapi
56de42c7-e219-4536-9bc8-7abbcd584018,2.92,kapi
56e1e98f-6a4a-49bf-8dad-902693a9e7c3,1.48,tarama
56e6a987-9da6-44f2-b818-776a9847cdc3,2.78,tarama
56e7d80a-a382-4486-b135-6a9dc544e09b,3.58,kapi
56e99af5-cfe6-4a5d-94e7-e5abcabffd1e,2.08,tarama
56f23208-a3ab-47eb-ba74-d5a2edf6a7ef,2.97,kapi
57049c97-4293-4be7-9ce1-c6802a08891a,2.04,tarama
5708c916-8015-4f11-a3e7-661c1e6ceaee,3.52,kapi
570cb22b-ac09-4726-a226-714e31e304f3,3.16,tarama
570e418e-d802-48bf-b06a-0b10577d6f2b,3.85,kapi
570f668d-f21c-45a6-8e27-ece570eedd3f,3.58,kapi
5714e94c-6c79-444f-a970-7678246733e9,2.49,kapi
5719c78e-8011-4ae3-8afa-640835c878c7,1.86,tarama
572b0a2b-60d4-4f67-937a-cb11f9bd7353,2.06,tarama
5731a039-d619-4db5-a29e-49e6c5259b4e,1.91,tarama
57324644-dc1a-4fa8-90f2-365d8c77c38e,3.73,kapi
5734781b-b9aa-48f5-8962-5baad7fce0d9,1.87,tarama
5734f9ed-5be1-4297-b083-8f03fca27450,3.49,kapi
57391e8a-7c77-43ea-b70a-2eea36d723da,2.53,tarama
57397c3f-e7ff-468d-b7f9-e876cc325883,2.26,tarama
573b24a2-f8a6-43b7-b0ef-fef8e13c13ac,2.85,tarama
573f9099-1179-437a-84b0-62d9d122ed9a,1.79,tarama
57412cc0-4111-4289-8716-a4ec5d97fc13,2.50,tarama
57475f23-cd76-47c8-b4df-2e8609f87d9b,2.96,kapi
5749bb1b-fb84-49a5-b7ca-a2d678cd4963,2.29,tarama
574cdb70-5c2d-4f47-abd5-66f60ae5823a,2.84,kapi
5758b715-4708-4329-923e-5473d095bef8,3.26,kapi
5759dbcd-1a08-4569-a12f-af760d90415c,1.98,tarama
576560cf-de81-4314-a2c5-5ef6cd35bb30,2.08,tarama
576833a5-60e3-401a-9b9b-11a7e7cf91dc,2.40,tarama
5773d6ca-1036-4475-a598-d6cb19e0729d,2.38,tarama
57757108-21ff-4226-a8d4-7bd633875639,2.24,tarama
57801bb1-731c-4c62-8258-0a7c8a6adb4a,2.61,tarama
5781c254-8008-4e45-9885-55838ff634a2,1.76,tarama
578986a0-24a8-4e19-a3e8-0b79755ed871,2.56,kapi
578c0b7a-928c-4ca7-8c89-0a4fd29e6780,2.03,tarama
57932ea4-1d7a-401e-86c5-2bdaf77b79a6,4.16,kapi
5793b562-5ec9-4760-9bcf-be7bdca66bb3,2.56,tarama
57954422-3cd6-4e8b-8e55-de6f852376ab,2.05,tarama
579c0c84-2c79-4304-9b01-b14036e5a071,2.97,tarama
57a054ba-45e3-44d4-88be-ebc9fef42633,3.22,tarama
57a2400e-0592-4b27-ae4c-e3d586e39a11,1.82,tarama
57a24725-ebb5-4eb2-b3e5-471462bd4c44,2.65,tarama
57a31a7b-0b08-4037-b83b-2c3978129d16,1.94,tarama
57be1ff1-2817-450d-b905-a554dd8552e7,1.67,tarama
57bf0a2d-0951-45d1-baed-9fadb3ece75a,1.92,tarama
57c51387-bd70-46ee-8979-ec25c15df00a,2.47,kapi
57cf4e9a-ddc7-4f62-bfbb-d3eb21764aa5,1.43,tarama
57d1515c-6b63-4627-809e-46b5366f42b3,1.39,tarama
57d55960-fae9-4547-85d0-c8c0df2d39a0,2.31,tarama
57d88d75-655e-49d0-ada9-05024c3ba798,2.25,tarama
57db90a1-49cc-4796-b4a9-17b2143723e8,1.44,tarama
57dc74ef-5105-4fae-be79-3f30862740d0,2.00,tarama
57e3e0bc-b8e0-4a3e-97d3-5f60ece314c5,2.92,tarama
57e4b1bf-6b97-462f-8bec-dc7a70c36d2f,1.94,tarama
57e4ce76-a3c0-4ce6-acc4-50ed3e9f7350,2.11,tarama
57e813c1-7dd7-48e5-bde5-9b128f86aed6,1.11,tarama
57e8ba48-6b6b-4a25-8c79-3cbdf56a2bd1,1.99,tarama
57ec3851-0e6c-460f-a0dd-e17aa5fd92b8,2.43,tarama
57ec8b3c-5498-4a9b-8788-ad53b259af6d,3.21,tarama
57f465a1-c7ad-4bc9-aed2-fc6e6d3f4bad,2.50,tarama
57f48b58-8cee-4a7d-b799-5cbb4089b820,2.38,tarama
57f6d72f-5f77-498a-ae66-b20723d17130,1.57,tarama
57f9f779-9c14-4c97-93f0-5fdeed3fa77c,3.23,tarama
5809a4bd-5a83-405e-9633-f72250a766d4,2.20,tarama
580a9c79-fd63-46bd-8536-cc6b3bdeb88a,3.46,tarama
580b217e-e8e8-436c-999c-2ab8d001e157,2.70,tarama
580cac5e-aabb-4611-b741-70c88e700dc8,2.61,tarama
580d54ad-1654-4dfd-8fc9-188818b9367a,2.11,tarama
580f2126-f9bd-44f0-90f6-bd75240dcc1a,2.48,tarama
5810879f-8213-4c56-8b41-aacf213e5d82,3.48,kapi
5810a3bf-3c0f-49c1-99eb-47b47dadccf2,2.49,tarama
581399d3-0328-4312-97fb-9cb80442986c,1.91,tarama
5815398f-3965-4b66-bdd4-93d86cfcf999,1.84,tarama
581a12a5-fd6b-4c89-83c9-a56a5a7205c0,2.78,kapi
58223ed9-3887-4b5c-8f20-67ab55a3d842,3.37,tarama
5828c0f4-84bb-49cd-8033-b0dfe88791af,2.67,tarama
5829e41b-c14d-4a35-af18-3a431add01f5,3.71,tarama
5830a3f4-91c7-40bd-803e-68405068e237,2.39,tarama
58336523-4d2b-4af8-bd3b-9692d449b783,2.11,tarama
583508dc-a73e-4dea-82a2-e0c94e82d417,2.39,tarama
5838e4af-92d9-4a30-9a9e-470f06df32bb,2.26,tarama
583df26e-2199-44f0-8597-53864321fa53,3.39,tarama
5853c539-cc15-4700-9fe7-98bb44cfbda4,4.00,tarama
585c453f-b287-4d51-9a74-d1d60b84ae83,2.38,tarama
585fb9f5-24f8-4226-a455-35d1330fd312,3.45,tarama
5875b983-369d-4605-8e5d-987072a96c2b,3.93,tarama
587680ed-bb10-4b98-829f-ac06aa23a9e8,1.01,tarama
587bc462-223f-4ed3-82c0-66b836a05f9f,1.90,tarama
58815c2c-345b-4e21-91d2-cde1e6f3daf9,2.96,kapi
5884b443-5fe8-4d23-981d-bbe62238638d,2.24,tarama
5889209e-477d-415a-b894-601143508fcf,2.31,tarama
588b6f19-f23f-43a9-9e53-aed6d0466172,1.92,tarama
588d56c7-2995-4825-896c-9aa3c8382046,2.48,tarama
58910348-692f-4ef0-8d0d-31442785948d,1.72,tarama
589526c9-4ad8-44a4-b009-98ade067057a,1.52,tarama
589a5e4d-c907-459e-82f5-562e1508a761,2.70,tarama
589d99b4-2a6b-401a-824d-6a7065f42410,3.07,tarama
58a1255a-d979-4dbf-8af2-f34945e0c772,2.69,kapi
58a31dd1-30f8-4a5e-a27b-b4c73c7387f4,2.57,tarama
58a4d0a9-0f8c-4d59-a94f-9f5af7bccdd7,3.99,kapi
58a5937b-2610-42f9-8d3b-5d2fdb4930ef,1.99,tarama
58a968e3-4be7-4471-b8ab-c89484ffa9bd,3.81,tarama
58ae1962-cda2-432a-a05e-4251756c66ed,3.61,tarama
58b48d14-bcff-48ff-8da7-5b0dad5b5f52,3.96,kapi
58bd94bc-e4a8-4c86-9c44-0890a23ea94f,1.29,tarama
58c0a9f3-6d06-4fad-b717-740d781f1ad4,2.96,tarama
58c2b73b-bc37-44b8-b8f6-99a6ef8760f4,3.79,kapi
58c4c4de-cd64-4c75-b718-478b413e4363,1.75,tarama
58c568bb-ed1e-4d60-b098-1f5d246d7825,1.89,tarama
58cf6f84-e3c5-4058-9a31-b31f5488ad9a,2.69,kapi
58d48ae5-64b6-4927-85da-aae79c7e1d43,2.65,tarama
58dcbc2f-b5d2-4d90-8122-09bcc2fbbd7e,1.84,tarama
58dd410f-a4c5-46d1-936b-38770fca3031,2.19,tarama
58dec42b-e9c1-483a-b2ac-ab84a59139bc,2.00,tarama
58e4b3fb-0da6-4fe3-b6c1-9214b2f3dba7,2.26,tarama
58e79c62-f9a1-45b7-8215-b53dbb07c269,2.66,tarama
58ee0df0-2cbe-49a0-a793-a459a69a973c,2.94,kapi
58efab42-8c65-49a4-9444-06449e753b09,1.18,tarama
58f0792d-8077-442e-8ab0-ec2487e68613,1.82,tarama
58f1fede-166c-4496-a5a6-315010a329d8,3.90,kapi
58f302c1-d47e-4c15-83db-301aef4493d7,1.96,tarama
58f55064-81c0-4e02-b16f-e36eb1dc7975,2.30,tarama
5909683b-e953-46ad-931d-286871e8cfcf,3.80,tarama
590a968d-bfa5-46fe-8266-773f1159172b,1.95,tarama
5910a9a3-f541-4276-9bb6-a2f89f74e2fd,1.82,tarama
59117424-4bcb-468c-ade4-1d693fe33b1e,3.60,tarama
59181c04-da94-48d1-b0e2-25f6090ae955,2.34,kapi
59208786-db5e-4119-9c4e-f417a7f8a954,1.92,tarama
592190b4-ff9b-4063-8619-3e0828dba74e,1.59,tarama
5929ff53-e4bf-496c-b878-1ecd04c11e7f,2.21,tarama
592fcd16-12f8-4652-a912-cdfb19dc0909,3.62,tarama
5935cbd2-0dfc-44e0-9ed7-b1cdb979c7e4,2.15,tarama
593b056c-f875-4784-9624-0f360f2c0bf8,3.68,tarama
593dfecb-5696-4ca4-8280-1c5795ddb1af,2.03,tarama
5942a8f8-6d26-4730-b752-c8d7ba8faa66,3.91,kapi
5943e4de-4694-45f7-90e5-10089a2ba5c0,2.03,tarama
59616def-ca7b-434d-84b7-f62d604e1d1c,2.63,tarama
5962c136-6b8f-4ce1-8856-8d8fb8758715,3.07,kapi
5966a316-6f32-470a-a01b-896d44a54040,2.79,tarama
5969c99f-9437-4786-83e2-8b83fd872016,3.55,tarama
596a9abe-ae20-4404-8cf3-87cc77c53c4a,3.18,kapi
596e7fff-3e55-4655-a777-c8e5ef264ea5,2.21,tarama
59786f33-be4c-49f0-9697-f940f046e14a,2.80,tarama
598324ea-01cb-472f-b453-f7afc789cc29,3.43,tarama
5987698f-6ef8-4b95-911d-3c70a1a66bdc,3.02,tarama
59886a2f-cc4b-4a46-9184-d5dc17b8875a,3.50,tarama
59893750-9667-44b5-9650-2b39e3f6ac33,2.91,kapi
598d06d8-9aa6-431f-bcd2-39ae2214806f,1.91,tarama
598dcdd5-6318-4eec-9ace-ee3602c3a5b4,2.50,tarama
5993f505-f11a-48e7-b01c-f69d8d7576a4,2.00,tarama
599cc46c-7867-48a4-9546-2961c0fcb7ad,2.42,kapi
599ccfdc-9e35-4469-99c7-2aa8b905b250,2.67,tarama
599e351e-53b7-4a3d-9847-2f98503a425f,1.97,kapi
59a1a014-947d-430b-b8a0-a3b6f344d48c,2.63,tarama
59a3ddcd-11df-402b-84b3-0a43b155c63f,1.75,tarama
59aaf85c-be02-401f-8b51-4ebea5258ffe,2.45,tarama
59aba97e-e0bd-4056-bbec-0700f1e60ea9,1.95,tarama
59abc08a-498d-426c-945f-d0bf65b4a459,3.87,kapi
59ae79ed-3496-4fb5-8199-8cda1744242a,1.64,tarama
59b452a2-3f5a-4674-b8a5-65a535bed2c8,3.23,kapi
59b56693-5156-478b-af2a-551a5b16c37f,2.19,tarama
59b8e64e-b211-45c8-9473-abf8f20c657b,1.62,tarama
59bce52e-35f5-471b-969a-5faeb9984c34,2.01,tarama
59bd288c-b449-46db-95d6-b5e9bae473e4,3.22,kapi
59bd8b82-4e08-4d5f-b415-c710850cc92b,2.76,kapi
59bf6d47-7a58-44d8-8cf1-4c78bcc00acb,1.99,tarama
59dde9cb-6d9d-4dd2-a050-fb2182bfb3fb,3.34,kapi
59ed7937-edcc-41d3-9271-57ca37b774d4,2.43,tarama
59ef3dc7-411c-4b52-ac3c-18035d40c0af,3.43,kapi
59efc8a5-df81-445f-b788-76d4a6fe0804,3.25,tarama
59f4aefa-ec58-4c84-a836-ad656e99bd15,4.30,tarama
59f5b22c-1850-4337-bb28-0231e2318401,2.45,kapi
59f9993d-a382-450e-b819-16c37f29e08a,3.02,tarama
59fa7f9d-83bb-45a5-a5d8-306345736f9f,1.26,tarama
59fad61f-65ea-41c7-ba60-dd33f265f4d8,2.15,tarama
59fbb7f6-1202-4813-8c39-7930a5d62d1e,2.57,tarama
5a003274-9d12-403d-af4d-58ba2ed00661,3.81,tarama
5a01faa8-a76c-4ab0-bc90-d559b87de731,1.80,tarama
5a081c1c-d9a1-478f-9fab-515490db824c,2.57,tarama
5a1d8435-9475-4bf5-870d-fbecc54d8767,2.09,tarama
5a29cfc0-e73c-4f04-9829-f6a69c217f6f,1.66,tarama
5a316a17-2798-41e3-bca5-25fffc295424,1.07,tarama
5a3995c6-dd20-433a-97a0-253116182548,3.61,kapi
5a3f887d-bf84-4863-9414-943c3eac9f2c,1.82,tarama
5a488cfb-f31a-47dd-ac20-a54369f1f987,3.20,tarama
5a50f179-cfb2-4b6c-82a8-df771c4e1e60,2.65,kapi
5a541b71-f85a-4ec7-b8f0-ea282ffe608b,1.63,tarama
5a6095ba-b387-49fd-b645-165c9adf7916,2.22,tarama
5a623de6-fda5-4839-afd9-ee59ae205067,3.33,tarama
5a62efa8-8714-4195-bfca-18f5361d9829,2.28,tarama
5a6d51e9-b6fb-4034-8000-12e0b2ca6fd8,3.08,tarama
5a7c1c01-11d3-4dd1-a5c0-50bbf233d3b2,3.02,tarama
5a7cde30-0760-4eb7-af41-97297072d4fd,1.79,tarama
5a832993-c25b-4bce-b69c-ab4d919a2726,2.34,tarama
5a84b742-df23-45a5-a985-6eaf4817b94a,1.99,tarama
5a8b1cda-9599-4037-8d4a-cbe7f490148e,2.68,tarama
5a8ed465-aec6-48e3-8cb9-1eed181cdc62,3.88,tarama
5a905f92-d1d7-4390-8108-f351fdb6f206,1.91,tarama
5a91fcb8-aefc-4db9-b924-6cefdabedf6d,2.16,tarama
5a921044-241e-4863-8066-a6c9dd8395c3,3.82,tarama
5a929150-88dc-4c41-945c-53f47e917f20,2.22,tarama
5a9855b0-b71c-490e-adc2-1e416d6d1949,2.32,tarama
5aa01a86-fe1e-4bf1-9035-f10331457a26,1.80,kapi
5ab793c5-4661-4624-802f-cfcbd10db6f1,3.19,tarama
5ab8ce48-affc-47c3-9749-e8fb29888919,3.21,tarama
5abaef3c-1779-4385-a17b-49dd7f0f3fee,3.30,tarama
5abd80b6-ee02-4712-b53d-355f44f06e07,2.01,kapi
5ac928af-727d-403f-a7f8-7b9f4c6bd8d1,2.65,tarama
5aca99bc-0fd6-4130-bcc3-fdfc93a30bc7,2.03,tarama
5ad026cb-b557-4a63-805f-444d8c9bf7ed,2.14,tarama
5ad41016-051a-4a43-9a24-14663945d6c8,2.31,tarama
5ad8ab1a-01c7-4fa4-90fe-8d6aea7ac974,3.05,tarama
5ae356ab-fd54-4f8a-956d-99d937c80900,3.43,tarama
5ae5bc3e-0e8d-4095-b733-f12ffa71997b,2.07,kapi
5ae605a9-febc-4d55-9ff9-9c954c954db6,1.79,tarama
5ae63dc6-010e-409e-8f21-532fdc01d9e5,1.69,tarama
5ae9d3f5-1039-4e74-b34b-b40ddf781212,3.32,tarama
5aec3b07-00fd-41c0-a19d-ed841e686bce,2.96,tarama
5af4dbec-959f-40fa-b7eb-13b8371c04e4,2.91,tarama
5af714ba-147c-4209-9202-9900e3130057,2.60,tarama
5b009b95-6ec2-4f0c-83af-b6f086a74251,1.68,tarama
5b04579d-e4f1-4567-863f-ee1dbb2ae70d,3.10,kapi
5b06fb28-299c-4034-9d29-821e83f188f3,3.35,tarama
5b0b7ff7-f54a-4baa-a23a-1a207607191d,3.82,kapi
5b124105-52f0-489e-a4e7-da1206668dc2,2.13,tarama
5b200f00-270d-4c61-bfdc-0f26cd7cd579,1.63,tarama
5b25b5ee-7784-46ac-9a0b-d56b267a5f3b,2.04,tarama
5b2c44bb-dd48-477c-8eed-cbd7debf7edf,1.74,tarama
5b307f50-ed27-4d05-a4fb-fe0d3739f588,2.64,kapi
5b3d895b-9037-4335-a421-2fb24aa1274a,2.43,tarama
5b4a6843-8764-4747-8ab3-2c397370093e,4.02,tarama
5b4aca53-4f98-4aa4-a45a-2e1213ad835e,2.45,tarama
5b597914-4349-4599-b842-0ae26b19c200,2.46,tarama
5b5b2431-519b-448e-9961-3934ef29a23c,3.99,kapi
5b5c87f6-e301-4498-baa9-fd5d892ac363,2.62,tarama
5b5fb190-b82e-4384-9d41-b632314363ff,1.50,tarama
5b63a480-0d7a-41df-9707-f3a1ba681dfa,2.87,tarama
5b68954d-806d-4742-9ebc-a6fd13eb9e01,3.13,tarama
5b68b894-50e6-44dd-bd2b-a0cbcbdde4f3,2.91,tarama
5b6e2ec3-d1fd-4786-8149-88c7902fc5ac,2.15,tarama
5b6e46f3-37eb-451a-b340-cc51078d58fc,1.97,tarama
5b6f4a57-b77d-4442-88fe-c1c498c7f3cb,3.32,kapi
5b759bb7-d7cf-4b61-ab0f-19d8cb23e618,3.67,tarama
5b7b566d-8793-431b-ae40-ebd9735befea,3.84,tarama
5b85da5e-40f2-40d1-8a7e-1be3355ef814,3.58,tarama
5b882161-610c-4c6d-9b88-e8ab97c9a614,3.26,kapi
5b8bfe2c-9a81-4730-99d2-a450f07f65d2,2.10,tarama
5b972809-503d-47ca-ad65-60cd4e8015fa,2.08,tarama
5ba1c47a-bed6-4a4c-9951-980025225630,2.70,tarama
5ba4d1e3-c29b-434a-8408-9d2361149c3e,2.73,tarama
5ba8580b-f5e7-4987-816c-c97743ea88c1,4.14,kapi
5baebfe6-d4b5-4892-822f-b2a2b8bc4389,2.36,tarama
5bb0a240-33cb-4ba3-bb4f-2f215464e80f,3.93,kapi
5bc351cb-279f-48b6-a48a-24144ee9ce2c,3.43,tarama
5bc9884f-6239-4b81-94e1-43f8880cea61,1.83,tarama
5bcb11d2-ea81-4a2c-93ad-be747941c382,2.81,tarama
5bce49d7-dcbb-419f-a8c4-b4c9ac2e5d20,1.18,tarama
5bced05f-78af-4901-8d5c-90eca60847a1,2.77,tarama
5bd427c1-c460-4d2c-bd9a-952190374548,3.25,tarama
5bd811c5-ac21-47bc-9972-b6822bfb5ae1,2.27,tarama
5bda1043-de3d-42c1-9797-5d14baed6d77,2.80,tarama
5bda4629-47d6-4f8a-9ab2-e16ac0f7e528,3.75,kapi
5bdf0ad5-8f91-4670-8625-bd968d95af76,1.67,tarama
5bee06a0-2e41-4175-a6eb-0ed8e139c7f7,2.16,tarama
5bfc641d-bb3b-4816-9f17-912f17623f95,4.12,tarama
5c02839d-4eb1-4173-accc-415959829a17,1.48,tarama
5c02f4bc-e79e-45bc-a22d-facdda83236d,2.35,tarama
5c0aed0e-1e27-4d86-a067-0eae8380910d,3.03,tarama
5c0cd734-b343-4dfe-864c-19ce50667360,2.12,tarama
5c0d04b2-f886-47bc-bf6d-2242ae79474f,1.43,kapi
5c13746a-d197-4509-9f56-db5e70198852,1.89,tarama
5c140dcd-3684-4c72-b64f-0f17ecd3a4c7,1.06,tarama
5c1f97b5-f29d-43bc-aedf-f7812bf46451,3.37,kapi
5c2a2571-0486-4cc9-b266-8c5c995c1ffa,1.39,tarama
5c307666-cdb2-4f96-b92e-68b76a84914f,2.47,tarama
5c388bd8-912d-40af-8c64-85ef042a1109,2.17,tarama
5c3afff8-a376-49cd-b967-c2e3ea2baea8,3.82,kapi
5c3e7a8f-04ee-4ac4-9712-fb1d6c0bfd8b,1.32,kapi
5c4c5d30-a3a1-43e8-87ca-30ef28634a74,2.70,tarama
5c4e9db4-2e56-4f48-a522-cfff12dcc355,2.04,tarama
5c5bd55e-2c9e-4dd3-8612-8a83e1237b81,1.64,tarama
5c696b1e-7b25-4620-b81e-bebdb80fa991,2.76,tarama
5c69fc0e-ccec-4bd5-b45e-cb591ace3314,2.09,tarama
5c6b2887-8711-4fe4-9f36-4e2a14902a57,3.30,kapi
5c6d8b68-750e-4496-8d4c-dbbedb152d99,1.59,tarama
5c7057a0-3902-49b3-9f9d-528c227e5f06,2.08,tarama
5c7d04e7-297d-43e8-a666-dde4a0f356fa,2.06,kapi
5c809341-eb68-4421-8003-256985cdf28b,2.67,tarama
5c80aa7c-9f4e-44ff-a959-cbee692373b1,2.70,tarama
5c85adfb-ef3c-4c81-b979-431d31e96f60,2.04,tarama
5c85bed2-5556-4c91-9933-0c70cb1ca33a,3.48,tarama
5c895c72-cdfa-4ba6-acd5-318da35c5ca0,3.12,tarama
5c8b87a6-768b-47af-9c29-a3bd0086c7a8,2.02,tarama
5c915b43-21ea-465c-8e09-421e099d5169,2.19,tarama
5c98b21b-93fb-4a2f-950d-e87d31834e9c,1.41,tarama
5c9b4c26-5e77-4dee-9320-24ab1440cd1d,2.98,tarama
5c9c1432-2aeb-47ae-8b71-f43694fbd0b0,3.70,kapi
5ca1dcab-9230-4b5a-88ec-cb9d748d87c1,3.06,tarama
5ca31cbb-5093-441c-8e02-8a0a0872db3a,2.15,tarama
5ca4ad7f-75e7-4736-bb5a-fe952d5e70ed,2.72,tarama
5ca77fd3-d496-4085-a7ed-4670bd627cc9,3.55,tarama
5cb231ea-8e70-4dee-a453-e9b5de01a837,3.82,kapi
5cb385bd-925c-4b8d-973e-6f6360de9616,2.30,tarama
5cbc3c59-48df-4cc4-93e5-9119d1444984,2.58,tarama
5cbd5931-a8ef-4de7-b7f0-f442c0326974,1.98,tarama
5cc3a936-f979-4607-a3f3-f42b324ff76f,3.35,kapi
5cc7a98f-4ec6-482c-a8c3-7250d341d354,2.07,tarama
5cc7d0aa-2532-45a4-8fc3-278b46b6d927,1.68,tarama
5cccc24a-6a27-4afe-8015-ebd530cfd48e,2.83,kapi
5cd53f23-d18f-4df6-b91f-48e93590d42b,3.56,tarama
5cde2698-d39a-452b-8af1-9595890d41c8,1.42,tarama
5cde6d88-3324-4b7f-b0b9-8dfb6a182287,2.62,tarama
5ce3ecae-0cc7-4451-a75e-efb9033a5cca,2.15,tarama
5ce9c9d8-7516-4a0b-ae21-b96e328a51da,3.52,kapi
5cebdce3-2d69-438c-901e-ca5f4927318a,2.56,kapi
5cf5cda1-ca99-4d5a-9530-23398bd25747,2.81,tarama
5d03ec85-2dcf-47a4-8698-3384ca454be4,2.13,tarama
5d05879f-1bfa-41fe-95cc-fcff9e11a025,2.52,tarama
5d08c596-0ed6-4d21-9518-eb8c56c823f5,1.90,tarama
5d08f549-1042-44a7-bd19-33ffdd95275c,2.19,tarama
5d08fdc1-3be0-4927-a090-b062da29ca45,1.99,tarama
5d0f0e72-448b-4371-9c97-cc500f4a30f4,4.00,tarama
5d103dc4-6dcb-4295-a396-e2fe1f3f45a0,3.19,tarama
5d109d00-4ff6-47f0-abd9-f41d13a1f10c,4.21,kapi
5d139545-9530-495e-8fb1-d18aaffae8c7,1.79,tarama
5d1c25d0-448a-469f-a561-4e85a965bef3,2.13,tarama
5d1c99ac-aaaa-47d7-9f0f-d608a4fc832b,2.64,tarama
5d1dea3e-204a-418d-b5c1-b84f017e45e2,3.41,tarama
5d22281c-b33a-4c8a-af72-d8a9c9ad07c9,3.31,tarama
5d286ad4-25d0-4c3e-a7ee-67a1811af645,3.84,tarama
5d2b182c-0741-4b9b-bc86-84cc01071586,3.72,tarama
5d2f6d23-e107-44fa-8051-5c54d4f2929c,2.24,tarama
5d30f47e-a6b5-459e-b4ee-429abaf225be,1.82,tarama
5d3afb4d-c0e9-4abc-b940-6409f66d9249,3.04,tarama
5d40e983-a296-416c-aa1b-cdd0b4768303,2.15,tarama
5d43076e-d933-4a5e-ab10-b08efc14746f,3.77,kapi
5d44d3fa-e363-4697-ab98-fe25b9456dc3,3.56,tarama
5d45864d-1d60-487a-bc59-e20afe430bce,3.98,tarama
5d45b333-a941-4e15-85d7-b56be1f5c8a7,1.61,tarama
5d53b9ad-e9d3-45e8-9134-d160e4a9d98d,3.74,tarama
5d599b0a-38ac-4590-85d0-c3dd7c03f3f0,1.42,tarama
5d5cbe20-1252-4ede-ae1b-0002d3a2f4ee,3.82,tarama
5d5fee4c-ae1b-4917-b8ac-7a7dd0593569,2.10,tarama
5d6f0d69-8b04-4564-a842-6fa245532ecb,2.30,tarama
5d83c115-6bde-4c3b-b7ac-2fb7347bce91,1.24,tarama
5d9224f9-f0e4-44bf-83fe-7a524b98d008,2.05,tarama
5d9495e9-1754-4dba-9f51-fa37b3308985,3.37,kapi
5d994f52-7748-4411-8fe6-101ea6876df2,2.04,tarama
5d9b2f96-ba0c-4219-bb20-08e21fa1db91,2.07,tarama
5da1ee10-963f-493a-b78c-463caf89dafc,3.32,tarama
5da6ce1e-2230-437e-9205-3fb4e4c3bd24,2.66,tarama
5daa11db-db8f-4810-98ab-28fa1a0cce2b,2.04,tarama
5dadc2e8-b731-4739-a9b9-ecaa34f99310,2.21,tarama
5db08e7a-c2de-4cf9-b11e-adf4cc81495b,3.43,tarama
5db4047a-c907-4b07-86ad-22c1fe1451ec,3.12,kapi
5db7dbdc-102c-4813-a95b-35b306779ed4,2.58,tarama
5dbc0a23-5f07-43d3-830b-b34ec91ed448,3.69,kapi
5dbc37f6-26a8-41dc-9521-4f0354fe335b,2.03,tarama
5dc05ec8-8227-4d45-9d45-07769874191e,2.65,tarama
5dc259ac-71e3-4e8b-b949-c5660fde5477,1.55,tarama
5dcc1db4-c5fa-49a8-ab97-cbccb53c1d00,2.16,tarama
5dce92b6-24f7-468b-b948-8b7a1f557dd8,3.66,kapi
5dceeacb-842a-461c-a626-d751cf670527,1.86,tarama
5dd9ce8d-367b-402d-acb4-93af1e07906e,3.71,tarama
5de299ae-783d-46c2-be92-4b072db8e0c9,1.61,tarama
5de4d2ea-f651-4d92-8b1b-0045daed2eda,1.97,tarama
5de6f7a5-c7a3-48d4-a3a3-7346f695c945,3.37,kapi
5decf4c1-2688-4979-8fbd-c9bbe2a0ffa8,2.67,tarama
5df227b4-c05c-4e65-a12d-532653a84b30,2.07,tarama
5df2592b-fb06-4379-9f9f-3c29209c2379,2.27,tarama
5df556b5-d907-44b2-9847-2f36b4963b69,3.39,kapi
5df83968-66ac-463e-a497-45e25644d9e7,1.95,tarama
5dfa93f7-b6a1-4c50-9cd5-a9169b1ec35a,2.00,tarama
5dfd00d2-9767-4eaf-9b4d-8c287ba94ced,1.94,tarama
5e0091bb-e490-463b-8e83-b2e97f088d44,1.45,tarama
5e05eda9-4eba-4a2a-a791-9ce9a5db0622,3.30,kapi
5e132b6b-0e36-4937-b6dd-25996f696e75,3.20,kapi
5e146919-9184-4d1e-8cf2-85e4e4e07424,2.74,tarama
5e190b54-861f-4bab-82e4-9524669ba15e,2.85,tarama
5e212311-309e-4c76-b39d-097830b0bac8,4.01,kapi
5e222b3d-09c6-41c2-8cfd-9cbf3cf407c0,2.29,tarama
5e28ca93-d4c6-45f4-9df8-3efebeb5f24f,1.65,tarama
5e38b204-d1ca-43fa-bcd9-b3b49fe93a9e,2.96,tarama
5e3b4cba-7323-443e-aed6-913f0a872077,1.33,tarama
5e4683f8-24aa-4e15-9a87-2c2f5e91e172,2.49,tarama
5e4d5bb5-ddef-43e9-82f1-88f9a4e66f7d,1.09,tarama
5e530ef9-9ed1-43b7-aa5a-400fea231660,3.92,kapi
5e561cb2-b5d8-42bb-abc5-9060a44b76c6,3.96,tarama
5e614988-4ada-4711-a54d-e44f636b487c,2.94,tarama
5e6de39a-20ce-465e-be17-7775bd805e58,2.96,tarama
5e6f193c-c546-47ca-8d1f-fe242710b282,3.57,kapi
5e70fee5-a67d-4693-82b9-3a4c89166822,2.10,tarama
5e7213f6-a61d-40b6-9408-ff5428aa092c,2.72,tarama
5e76fd12-3691-49aa-8baf-5b32da422a84,3.00,kapi
5e7d4ed1-a4b0-4d13-9766-1464bdd6410c,2.87,tarama
5e7e4178-4a53-4711-979e-8b177165a273,2.03,tarama
5e7fa23c-8851-4278-a1b5-30167c8555de,3.51,tarama
5e817ae9-8ba5-49eb-a19c-6c96b3950ac0,1.89,tarama
5e840249-af28-49f5-ba29-461b5ef9a41b,2.82,tarama
5e87fc6d-320a-4d8a-8656-9beae793502a,3.91,tarama
5e97beca-f9df-45b1-a695-bc5b9a7fd836,1.97,tarama
5e97fba0-1191-4de9-9e98-0dc2756c3866,1.92,tarama
5e9ddb8f-d6e1-464a-9a9e-689fb3666671,3.98,tarama
5ea2c76b-d7a1-40d1-ad6a-b18d7bc8c752,2.03,tarama
5ea2cb1e-6a22-46cd-b79e-9a7b75372e84,1.24,tarama
5eae6561-24f4-47b2-bcdd-49353a8cfa7e,2.53,tarama
5eafbe5c-7c5e-4cba-8230-1bb69de55a00,2.74,tarama
5eb32d6a-c13c-436f-986e-aa663ab7123d,3.15,kapi
5eb450bd-199a-4ebf-8055-4198aa1ae176,1.73,tarama
5ebc1b81-e119-48cb-9420-e84d97e0e38c,1.68,tarama
5ebf0a14-1568-48c1-ae86-03b97915db83,1.48,kapi
5ec2babb-72a0-4fe8-953e-337b35744f86,3.20,tarama
5ecc0892-c67c-4c4a-b190-1305ebe920b3,2.00,tarama
5ed95daa-f167-4d75-b1be-074843d3523a,2.57,tarama
5ee21882-f905-4a6a-83e3-57f71de8c752,3.75,kapi
5ee4cc78-a3e7-4be1-9597-210728e63eae,2.26,tarama
5ee645d0-d27d-4172-b5e3-ef01393c6607,3.80,kapi
5ee7ceb9-491f-4500-acd3-47f697c73d86,1.84,tarama
5eef203c-a8a6-4ebb-9c05-8bf6fde00dde,2.90,tarama
5ef057d8-f7e0-4758-8d4d-b48636919c6e,3.68,kapi
5ef53a23-c15c-47b7-b725-6daa529d1495,3.37,kapi
5ef7e4e3-845e-436c-9eb2-c1f58a847f7a,2.49,tarama
5ef8a070-4797-4a8d-b5fd-ea50941b6dc4,2.00,tarama
5efc8949-b9b0-47da-94c3-ce20f748aa9e,1.95,tarama
5efff0b8-16e7-40df-804e-e71a6df092d8,2.01,tarama
5f022e6e-462a-4f39-af42-92ae115d41d3,2.40,tarama
5f09d3ab-b778-43c3-b968-65eebced3f4c,2.03,kapi
5f0a64bb-8343-4a26-822d-d02008621f8e,3.53,kapi
5f0f285a-9251-4aa5-a647-4707cb39f1f5,3.83,tarama
5f167011-90ed-46bd-b88c-80cfa0d2ac46,3.16,kapi
5f2a7418-9f18-4a34-9589-c19d7864909e,3.36,kapi
5f35afdf-ed95-4d3e-beff-bf6eb99adde2,2.60,tarama
5f3c3191-5b7e-4a1b-9d0a-903768e422bb,3.66,tarama
5f3df444-6705-406a-a420-cdd0550eac59,1.52,tarama
5f445c09-5ba1-4d98-b4c6-b264cc1c7e19,2.89,kapi
5f4659eb-dfae-4284-b3fe-62d7c33bbff4,2.84,tarama
5f46774e-8619-4521-a66f-c2c81606f412,2.02,tarama
5f470a13-19b4-457e-ad63-49e64fc11221,1.88,tarama
5f4ea86a-e4fa-4cc8-95b4-2f1a54792737,2.22,kapi
5f52eaec-9ada-485a-a51b-21d798200bbf,1.73,tarama
5f53d1f9-96e1-4c17-9e35-fcb40f6d5f52,2.04,tarama
5f568923-aa5c-4413-8a5f-60f953f7fc5d,1.14,tarama
5f619b53-c904-4606-8594-328af177b025,2.87,tarama
5f688b73-856c-4c49-86fd-244c94ea4b52,2.04,tarama
5f6a15a8-8e65-4911-8827-3b222cb9879e,1.87,tarama
5f707caf-4bfb-439a-b5fc-e11146eef69f,3.87,kapi
5f732f4e-874e-40dc-91b2-afaee2fe133c,2.10,tarama
5f73570c-d168-4765-a0b1-8e82ab42879e,3.37,kapi
5f77ae49-1ddc-4f8f-ac2c-c14cda4a9acd,3.33,tarama
5f78a987-306e-48e5-982c-ef80d30cfb8e,3.04,kapi
5f817511-e185-4e63-a670-fec4fde5af59,2.73,tarama
5f8875b5-6e19-4c8d-a55b-5e598a21ffdb,2.02,tarama
5f8a14a8-19fc-46af-a9aa-0a0306822977,3.02,tarama
5f8adcbf-282a-4209-9072-ff2f48362314,1.63,tarama
5f9371c6-7a89-42dd-8713-27523f92c602,1.72,tarama
5f9a406b-ffca-4a8e-b371-d30bd62834c9,2.17,kapi
5f9d87d3-a2b9-4ddf-97c4-58613351abb1,3.38,kapi
5fa14b67-d228-4a8f-bdec-e7d980f70d6e,3.20,kapi
5fa32801-5837-4b3b-af93-65caf3cba6ef,2.59,tarama
5fadf28a-14d0-4a05-8189-057d5ed58c72,1.72,tarama
5faf621c-3f28-4125-ae02-b316c96c952f,2.50,tarama
5faffa8b-d232-487c-a2fe-b57dfb943bcd,2.15,tarama
5fb5b5cc-7b47-4e00-83c2-e48e5cfc904d,3.13,tarama
5fbb321c-e3e7-45da-942f-b1655a1f666c,1.72,tarama
5fbfe0d8-2476-4aa2-a4bf-6aeaa92ebe6f,2.29,tarama
5fc76612-0112-4192-ba2a-8415283ce80e,1.78,tarama
5fcbaf30-957c-4c90-a9fe-8869d7352c63,2.07,tarama
5fcd5f86-3bb0-48c6-a7cc-e8ddceaf5645,3.06,tarama
5fd472dd-5985-49a1-a97e-f82f612161e3,2.87,tarama
5fdd39e2-f4e0-4f41-8329-941c60700473,3.34,tarama
5fddf345-48bd-4bd8-a826-d0b661ddca0c,2.03,tarama
5fde9f14-27a6-4d81-ac8b-210876f86c4c,2.12,tarama
5fe13b7d-de78-46fc-bb63-ea30279c421b,2.23,tarama
5fe15752-6714-4c74-90a1-6b2db6cb0e6a,3.35,tarama
5fed8e70-3dfd-49f3-b1d6-ca4c68b0f4d1,3.47,kapi
5ff1482f-9ebf-4b94-99d0-69ca8ebe359a,3.93,kapi
5ff6f0bf-93a2-4e85-a600-0c26e0c8e799,3.20,kapi
5ffd31f2-73ef-46ba-aa6c-5db0c0a7a073,2.92,kapi
5fff6f6d-d95a-437d-a60b-4a28ba517ae5,3.82,tarama
6000ebc2-d872-4917-8dd7-077cb9d1548e,2.15,kapi
60027720-9012-433b-ae2f-4531f8fe9d5c,2.16,tarama
6003e6c8-3064-4801-b91c-734c52229731,1.74,tarama
600916af-1511-464d-ad8e-615453bea778,2.24,tarama
6009d67e-06de-4198-acd5-13c68fb316c5,1.71,tarama
600d45fc-bd5d-4192-b6a1-3e3da2aebfef,2.06,kapi
601239e1-eedb-41db-a1c6-20108c463d0c,1.63,tarama
601406cd-36bb-48b5-abe6-39324130ba07,1.85,tarama
60198206-8e86-4145-97bf-3e7c9ad60421,1.85,tarama
601e0277-f2de-4c9a-8ab3-2bcb474021c4,1.99,tarama
6028eaa9-a8a4-449e-88c4-191c6f4d29cd,2.12,tarama
60416d3a-7e97-458f-a90b-712f43e208c9,1.74,tarama
60437e22-fa87-4c57-9fd8-8ac564cc007b,3.93,kapi
60491bc4-9d53-4abd-b4fa-90a70b3e4ced,2.21,tarama
604b4a17-7659-488c-bfc7-c139c8598785,3.32,tarama
6054e3d7-26e9-4a54-bba5-e9b233127c64,2.31,kapi
605733bb-82fd-45bf-bb07-d9190ecdaf69,2.65,tarama
606c1556-90e3-4670-a270-9796a36ba99c,2.03,tarama
606ed666-6e46-4720-8ddf-b13aa1bf6aa5,3.10,tarama
6079f9ff-747e-42db-adc2-1863569ff1d4,2.14,tarama
607d7770-c635-4a38-bc9d-28fd27bbaec8,2.09,kapi
607f3364-63ad-4ebf-8515-5a04f93378ce,2.46,tarama
6081ebde-7da0-4179-98fd-cf16edb6cae6,1.76,tarama
608a36ba-3f76-41dd-b8af-03eb2d54dc2a,2.31,tarama
608cfa09-0945-46a0-b6ed-f6ef6a1bfe4a,3.72,kapi
608e9d0d-b5cf-486e-bd62-413fba0a511c,1.85,tarama
6090d393-85ee-4896-b0c3-1eaf66aa0f1f,2.93,kapi
6093d9ef-c01e-4258-b58e-ac01d9a78e41,2.37,tarama
609f35c6-84cf-441d-a47d-1f37739a66f2,3.64,tarama
60a21a2a-e37a-4de1-b807-3effea64b91d,1.93,tarama
60a84f58-6212-42a9-b042-12f363daba8d,2.18,tarama
60af945d-b90c-47a0-8172-8f81b8381668,1.54,tarama
60b243ba-b895-4de6-907b-ce044ac9ba50,2.51,kapi
60b48a45-c819-40a6-b865-2371305e2df1,1.96,tarama
60b82611-29ab-49d6-80ff-b4b6b2e0ce94,2.32,tarama
60bc0d80-63bc-47fc-8e33-c65c7dc6ebce,2.12,tarama
60be4561-339c-4461-98ba-ba00c7fbcece,4.04,kapi
60c3c9f0-5f2d-4e90-87ba-65c067fbb468,3.37,tarama
60c4b0c5-edf6-4a04-8b3a-ba05015d4172,3.04,kapi
60c77ec5-afff-4644-931b-5ba396b7b99b,3.66,tarama
60c81a97-9a87-4f1e-9418-b6546e854354,2.94,tarama
60d44913-d624-4393-846b-a66df1509efc,2.63,tarama
60dfb569-8045-40f3-ac8b-e02af71b16a7,2.06,kapi
60f02169-163e-441a-896d-a3233d45757a,3.66,kapi
60fc070f-7897-4a04-9eb2-3b257fa00891,2.63,tarama
6108b6d7-840c-458d-b950-40b11733904d,3.27,tarama
610a4ecf-6d82-42f0-a8d1-17c7a4c07d4d,1.70,tarama
61195e6b-cdc4-43a1-9e1c-bb33145a9227,2.50,tarama
611dd7b1-87f7-4eaa-bdd7-a47ab5f93732,3.46,kapi
6123b783-8a63-467f-92f6-04adb97b1159,2.86,tarama
6123c02a-2ad9-4db7-9d89-7ebb1db12164,2.48,tarama
6124b2dd-d680-4702-9ca1-28b166094d4e,3.22,tarama
61275a5c-5902-4902-8eab-7bec5ea35de5,3.09,tarama
612794cc-94e6-49f4-9ddd-5bd0dc5a5da4,1.72,tarama
6134622b-84b3-4b1f-99a9-d26cdae75815,3.08,tarama
61384374-02d7-4dc4-a56d-c1302618d617,2.17,tarama
613abacd-782d-4e02-a5c5-420952ab9575,3.07,tarama
614c92a4-c36a-479a-81d9-67547a3eff22,2.35,tarama
61559e3f-abb2-4750-ae17-7f7cfe29be30,1.92,tarama
6157ad65-6b13-4eb7-84c4-602e40982c5a,3.54,tarama
61582ae4-7e6c-4d6c-888b-a425063e2bad,2.27,kapi
615888d8-f0b1-4f27-a50a-2c55f781fff1,4.05,tarama
615dcb67-22d5-4496-a89f-efa2193d0e48,1.93,tarama
615f58df-5d3b-4e8e-89ef-7f02a3c7983f,2.16,tarama
616e0b83-aea9-4727-9d62-ca432c390e2a,3.77,tarama
617597bd-c251-46e8-95d5-87fd9ccd5826,3.18,kapi
6177eeeb-036b-4977-8ccf-5ea85e8eb1da,2.00,tarama
61848691-af19-4a6f-a4a1-679645c363c1,3.11,tarama
618546a0-a170-422b-80a9-21bbbb7e26b8,2.38,tarama
618c991e-155c-46a5-9b24-13fcfe756a9d,2.28,tarama
61916db6-a861-4252-bb2a-4827a25cf53c,2.94,tarama
6193b2e9-bde1-49f8-b685-d169942ab4fc,3.43,kapi
6194cc84-2ae6-4170-8b23-f8bbe7b3b675,2.17,tarama
619a6379-c040-47e1-9ba2-41437d1379da,3.22,kapi
619e56c7-f29f-4175-8938-3210678cc8ac,3.69,tarama
619f04b2-674d-42fa-a8f5-cc9452da89d2,1.38,tarama
61a19fe7-4159-4339-9eb2-a06e2e1bcdba,3.26,tarama
61a7c6cb-f621-4bc4-bd9a-225ebf986a9e,2.26,kapi
61a8c7c7-0765-4104-b2d2-266df556db2b,2.96,tarama
61b004d2-0730-4d15-96ee-ae2f50ad6c4c,2.35,tarama
61b27ce7-e450-48ee-aad1-87db5f837d2f,4.07,kapi
61be9a02-348e-4b9d-9aa7-be8ae436d3c8,3.16,kapi
61c000a7-637f-449d-947c-c468ba55e4ed,2.33,tarama
61c1b3e5-6076-4c94-8fec-261c158049b5,2.47,tarama
61c3eafc-6bac-4ca1-99c3-09ee6b3e24c5,1.93,tarama
61cd460c-9c9a-4d1d-b676-e552005059ba,2.09,tarama
61ce6975-71d0-441e-968b-41dc39eb2a21,2.54,tarama
61d05879-61c0-4323-bbb0-bff231f2a8b4,3.10,kapi
61e1c2b4-beb4-4b2a-9080-0e93e2022bf7,3.59,kapi
61e3b765-cb84-4899-bf08-83a186d03e66,2.80,tarama
61e437fe-7386-483b-a274-006c3244852f,1.26,tarama
61e4b97f-4b2e-442c-a167-7e847a8cb069,1.99,tarama
61f9b51f-b483-4c6a-ac8a-763d178c8cb8,3.27,kapi
61fd1406-fc3a-46ee-9f7a-f104e4d238ea,3.34,kapi
62013c75-37b6-401d-9587-78b7e54b2279,2.16,tarama
620229e6-2ad4-4d01-99c5-f517d145b1b4,2.14,tarama
62102760-115f-46f4-8c9c-338ca15f7ca1,1.99,tarama
62144f6f-2ce9-4368-8d5f-f3cbad071359,1.21,tarama
6223150d-2a47-4a2a-8b49-9cb47a3f77e6,2.48,tarama
6224b1bf-8d8a-40ad-affd-f95ec30349f6,2.86,tarama
622826b3-db61-4bd3-b81e-48e8af55712e,2.04,tarama
6231241d-da12-47de-9244-dfc980aa0611,3.34,kapi
6238ed80-8707-4bd5-a7ce-8fc3d1e00925,3.77,kapi
623bd528-0a55-4d8c-8e80-cb0eebcad0a2,2.47,tarama
623d9b54-fb48-443b-b293-bbb7b03f175c,3.14,tarama
623dd574-6b63-483c-9f1d-f6f5cad15832,3.74,kapi
6243e576-45f6-48ac-b152-3c622251b062,2.13,tarama
62451bf5-7bef-43c8-b7ff-74df288e6272,2.78,kapi
6249f530-91d1-4e85-bcd6-8588f235afdb,2.50,tarama
62528ac4-ac43-47c4-bffc-5ad3c24fea34,2.54,tarama
62575e81-b160-4f59-b02e-ee47d5310570,3.35,kapi
6258bf89-43c9-45d6-831f-5114482fb690,2.78,kapi
6259e939-4e2c-41c1-8aae-c7163e72b9c0,1.97,tarama
625e248b-3e42-480c-ba90-0b46779271e1,2.99,kapi
625f05c0-c0f7-4701-baaa-c5fa570c9853,2.95,tarama
6265cb34-7d85-4dc0-b21e-5d8e8fc07100,1.86,tarama
626795e7-6716-4080-a44e-e16f86365670,1.83,tarama
626a8a72-3832-4390-80fc-ba963e1dba77,4.19,kapi
627c2014-2977-442e-a643-7e6509f588b2,2.95,tarama
62896b97-f4dd-47ff-964c-aa61b4ab4bf3,2.46,tarama
628bebea-a2ee-4a53-b04e-5753742423c0,4.09,kapi
6295da69-91c3-4b0b-bbf0-46b13cd5a5e6,1.58,tarama
629ece98-0d03-4430-b183-76b624b8f15a,3.48,tarama
62ad1b80-899a-42e7-9f59-7f692df14e9c,1.04,tarama
62bdd4d9-f772-402e-a63d-286cd4bf550e,2.96,tarama
62c492b6-f8d8-4f56-af0b-108fadc8d099,3.64,kapi
62c55e13-1933-4c27-bf5c-c4c2251be123,3.09,tarama
62c630bc-9365-4361-8c4e-8e8b812384a8,2.11,tarama
62ccac00-45ec-46c2-9822-8eb6c5bef715,2.43,tarama
62d23f1e-ee1a-4104-9611-ea746962d748,3.37,tarama
62d27038-e3f7-4922-a188-a53c4c469445,2.32,tarama
62d82ba2-9960-45cd-a1e6-266405d21a2b,1.55,kapi
62d9903c-54cd-4c24-ba5c-8d7d8ce2fded,3.92,kapi
62db34f1-b9af-4772-8cf8-82954bba3ab7,3.54,tarama
62e1fc44-4a9e-4d02-9278-9f2d66ad81be,2.46,tarama
62eb2c09-6b6f-403d-a6d0-5ac23229e258,1.84,tarama
62f980c2-3d85-4417-8b81-d80aa392cc97,3.12,tarama
62fb298c-3f9c-43a7-b952-c582380adbb7,1.90,tarama
63093790-2bba-41f8-bcb5-36cf69e086e0,2.50,kapi
631e6a4f-506c-401b-b04b-1259f2007322,2.13,tarama
631f62fc-a465-4dd7-ba09-b31dbe3f0760,3.11,tarama
63273cdf-628b-4abf-ae8b-ab48a03d87df,2.84,tarama
63287feb-f8aa-4b3d-8540-a694004faed8,1.91,tarama
632994f4-7d7d-4db5-b45c-8a0631966c63,3.66,tarama
632f0b9b-cc8e-4bc8-9231-3cd228a55c9f,1.84,tarama
632f6138-369c-411c-a396-af9d900e7243,2.49,tarama
6333be00-6425-4dd5-90a7-a4926e37bc5f,4.01,kapi
63373c9b-7e98-480d-bc26-4b82687b5f79,2.46,kapi
633d317d-bad4-4e64-b28c-cf6c079f57a7,3.30,tarama
633db06f-8089-4c93-a526-372afc021a11,1.98,tarama
6342174d-7af7-4457-942d-e003634f5d26,3.17,kapi
63452b14-f35d-49f0-8727-959f6650dd33,2.18,tarama
634688dc-ccc1-4746-b125-148397c4ca3f,1.98,tarama
634b13d5-ba76-491e-b813-33aaa7143832,1.83,tarama
634c41df-0682-414a-9d35-ab854563255b,2.10,tarama
63521359-9a9f-40eb-a45d-f0275f84fbd6,2.23,tarama
6352991e-f61b-48fe-875e-d084768e702d,2.96,tarama
63530b28-9347-452c-9645-684c3b6b78b3,3.20,tarama
635d9437-6dd0-479f-a106-5a3b73b6b22f,3.13,tarama
6360e50d-04ea-4989-87ee-b63186fde5d6,1.93,tarama
636478ba-f14e-4837-9b02-753e563d13ee,3.13,kapi
6365af11-c93e-4573-8e8e-2a93b9986015,3.38,tarama
63674e83-91f8-4d9d-a88e-2e92bda0bb67,1.58,tarama
63697f1b-ac26-4aad-84f5-1c86a61f36c0,3.62,kapi
63738e13-50af-4461-a2a4-2650d1a585e4,2.61,kapi
6375c8a6-65a1-42d8-96d1-cf04dcab3718,2.88,tarama
6375e347-b409-4005-8856-5886cf9f3073,2.99,tarama
6378ed32-79aa-4918-97a4-253a1eac2d59,3.64,kapi
637f1fcd-3f4f-480b-b61d-77f4038f31d0,1.86,tarama
63805bc4-a5b2-46d5-93cd-63202f92e79c,3.01,tarama
63843f4c-11df-4a3f-bec0-015e29aa8418,2.04,tarama
638646e7-091a-4634-acf2-edcd328d254a,3.86,tarama
638e9497-5de2-4760-9017-8c9318efc5cf,1.98,tarama
638fcd02-0aba-4b4b-bad7-d51d53c847be,1.82,tarama
6399dc40-27df-4dc6-9821-d33b89d4a528,3.47,kapi
63a993a7-f85c-4c4a-b060-e946e1e8fe4a,3.31,kapi
63bdaefd-dd41-40d9-a87f-877fe6b49532,4.13,kapi
63c0391a-e6d2-4233-a172-8042154963b4,3.00,tarama
63c31548-5530-40f7-ab61-b6e91543acca,2.58,tarama
63c4c7e9-d428-453f-96fa-be2c9e9690d7,2.46,tarama
63c64629-4722-426a-a9ff-d6f332226b56,1.08,tarama
63c6eb42-b474-431c-a65a-3ef63029df0f,3.13,tarama
63cdfa65-dd14-4740-8aa9-7f15f4235fe7,2.46,tarama
63cff760-6317-448f-84d7-dd2e154ff61a,2.43,tarama
63d61e0f-6fe2-4a31-80c6-ac7d4496c8df,2.33,tarama
63d85e54-49a4-47bf-9f4d-cc05e1039173,1.97,tarama
63dbc5a3-0e0d-481f-b85e-fef902faaf3b,2.96,tarama
63e166e8-34a5-48e0-9ffe-f579a2691c07,2.65,tarama
63e221e3-3cdb-4e43-9a9c-24da445fa928,1.43,tarama
63eb19f6-d683-4053-a7d6-b3d79422c881,2.19,tarama
63f1ce11-1b06-48cd-84b5-457a94335a67,2.34,tarama
63f20bdc-f6b8-40c7-839d-dd2dfb874ff1,3.19,kapi
63f2d6b2-aa32-4d0b-bc52-87e91d06e846,2.10,tarama
63f7edba-50db-4629-a285-4caed74a02a9,2.16,tarama
63fb6180-fc76-4d34-a16b-917499413690,3.52,tarama
63fb7adb-3a78-48d2-87cc-862b025ab0b6,1.72,kapi
64053a47-e6ea-41a8-b8a7-7a32e3b192ff,2.46,tarama
6407c0ff-2737-4a37-8a04-35ce0136da0b,4.18,tarama
640c270c-b59c-4a86-9d06-0bbd02c26aba,3.46,tarama
6419a6c4-50f7-4c53-8de2-b34b5fea8cdf,2.16,tarama
641df019-7675-4bc2-9322-55741eaa2c1a,3.02,tarama
64242d12-4ea0-47d7-9a62-2f0171888b31,1.93,kapi
6424e0f4-787b-48a2-a2e4-c7a105c1c0f4,1.55,tarama
64311446-3ca7-44fa-82f8-71af2291f4b6,3.88,kapi
64333163-4012-4d18-aeaf-e32f41be8bac,1.88,tarama
643a1b63-023a-4aaf-a37d-eff2eaf44763,2.34,tarama
643bf77e-4455-43b7-ad9b-aed49121c516,3.68,kapi
64466d89-a6f1-4757-8b87-34dae059582a,2.69,tarama
64486c32-b526-42e5-bfb1-025dc90af614,3.59,kapi
6457eaf5-3574-414c-98ac-1aa84a7431ed,3.27,tarama
645f1dfc-34f1-4b62-8ac0-ee766377848a,3.64,kapi
64610c58-8573-4878-8012-c0111c374dd0,2.60,tarama
64662164-2b9a-4a68-bab1-bcf7f9484b2c,2.62,tarama
646622e5-2ba6-4d18-a12d-519fe6dd651c,1.91,tarama
646b34c0-ae5e-4584-a3c9-73132c1164ce,3.15,tarama
64713ae1-cdc4-4a7c-83b1-5ba08bc2216a,2.79,tarama
64745759-fc99-418d-9307-385aaf9df972,1.53,tarama
64750611-08b1-4e36-85ce-7bd317691979,2.47,tarama
64793a8d-99a1-4c99-a9fe-6340d9314c24,3.05,tarama
64797740-82f4-483e-b859-1173651801f7,3.44,kapi
647e193a-c342-4813-bca0-ab1823918707,1.23,tarama
648d4892-0929-4a5a-9d4c-021101635944,2.07,tarama
648db70e-635f-440f-b818-083ec61601a7,1.23,tarama
6491ef48-daa6-417c-a672-7376aa0cfde6,3.48,kapi
6492ee45-bb65-4133-8185-60bf27a4f4cb,2.05,tarama
64974409-9b32-4491-b072-c3b8b9c70585,2.55,kapi
64984acc-1bba-4d18-bbbf-8dc4842e2799,4.03,tarama
6498d918-cfcb-4a73-a2e3-8aa052dc404e,3.62,kapi
649b0f06-a305-4637-80fd-02f461f59466,2.17,tarama
649cfa9b-f36d-4f92-b191-35a8b121ac29,1.34,tarama
64b2a015-4488-4c08-b594-cd838351ee4f,1.43,tarama
64bc0679-9358-415a-bf6b-b18e747d281e,2.25,tarama
64c1dafb-bdbb-4347-a5b3-14a974cb0f07,2.78,tarama
64c2c2d3-0636-4e32-a32d-586bdcd41773,1.75,tarama
64c76727-3866-40ee-8170-33b218f0cae6,2.05,tarama
64d06daf-afe1-4615-9893-84a8b55012ee,2.07,tarama
64e4adef-4830-4131-9f57-051d9e2c7ea5,1.95,tarama
64eec7d5-36f8-4003-8630-20983b559512,1.62,tarama
64f1eeb6-4ca3-46ac-9b5e-fcf10f1a466b,2.47,tarama
64f59a63-e760-494a-b943-045ea81cbdf1,2.59,tarama
64f831f9-c91f-4149-820d-e5f0d792d83c,3.49,tarama
64fa0d71-0d4f-4071-80b2-d354c58aa523,2.22,tarama
64fe2b06-49d8-4014-a9da-91411e7ab775,3.31,kapi
65034aa3-3b31-4db5-97bf-21dabf11f327,2.00,tarama
6504a8c7-c41b-489f-b1ab-4992452c0eca,2.19,tarama
651416cb-82c9-42ef-b87b-4777f184f156,2.81,tarama
65143b5c-1bbd-4206-b76f-8a46858ebc6b,1.98,tarama
65148ddd-7fc3-4e90-8e9f-e7f80a796ef7,2.41,tarama
6514bc7b-7b5a-458a-85df-f32fa70603fb,3.02,tarama
651a6188-98c7-40ff-aed6-6e5db68a851f,3.44,kapi
651b1701-5a64-4cfa-a7e1-86ff5bff97bd,1.94,tarama
651bce2d-2b3f-4ccc-a1f4-d8ba489b17d8,2.65,tarama
6520d85c-be5e-47ef-b7e0-a39a202667d7,2.24,kapi
652599a6-c404-430c-a2c8-c20e92f7daa3,4.37,tarama
6526e06e-078c-4f1d-9c31-93ecaf231f3c,2.00,tarama
65294ca1-6b4b-4fcb-89fc-3a61b979a117,3.65,kapi
652aba18-65fa-415b-a250-45d8ac5e5e2d,1.79,tarama
652f67b6-287e-441c-9816-bca4e9c67850,1.78,tarama
653551d7-dce3-40a3-b377-db796e528fb9,3.89,kapi
6538ec96-48ce-4587-b5c6-2f24cdec11ad,2.97,kapi
6538f71b-5f74-47b9-8a00-3805c2e94268,2.87,kapi
65473fa9-cd63-4c2f-a249-615a186927e9,3.55,tarama
654a1dae-8d68-4eaa-b056-d7e18fbf3340,2.11,tarama
65500132-80ba-4ba7-9c6e-b68eeac0c836,2.39,tarama
6550354a-0cab-4ee9-8faa-e76b6b3397f4,3.35,tarama
655088b4-3964-413f-b9b0-24603008d715,1.61,tarama
65562b73-af89-4d4b-9464-82561df829d5,4.10,tarama
656446f6-4fc4-4deb-82e3-ae10b5fc1dc8,3.05,tarama
657701d4-37a2-4e01-8460-4375140bf9f3,2.06,tarama
657acf27-77fe-4449-a807-5f842f007209,2.84,kapi
6580002f-3414-4d14-89bd-1c334a5fc77c,2.62,tarama
6581b9e6-fea2-43f0-8f85-f72ac7feaa46,2.07,tarama
65946f0c-a169-4418-b4af-a69e9c13ffa8,3.86,kapi
659714c8-45bf-433e-9d53-4f8946a7cc59,1.65,tarama
659cfa38-7726-47e9-a6d7-21b9d7813f44,1.89,tarama
65a03d3c-7143-49f1-a177-d4c29a52b4d3,1.56,tarama
65af8dd7-4c73-4f69-81b3-374e09d04941,1.94,tarama
65b3851e-75fc-4727-908f-00852d69c6a5,2.97,tarama
65b3a8c5-bf4e-4f0d-a851-2866adb0abfd,2.61,tarama
65ba8d33-4ba8-4e8e-8f6d-65bb18a8cb41,2.74,tarama
65beabc2-dd26-4ee6-8695-a85808af54c9,2.61,tarama
65beb3f4-a39a-4987-88f1-b1e213d2633c,2.03,tarama
65c0c028-0c06-4201-89bf-dc4de07feb86,1.38,tarama
65c677c9-2540-4e4f-8c0d-9045f7f29f72,2.66,tarama
65c68d9b-f146-4992-8deb-fca2e7c07e20,2.70,tarama
65cc8ec2-f55a-4740-a7b5-13351dfd2b30,2.01,tarama
65ccdb32-acbc-4a96-9185-303790d7c9d2,1.98,tarama
65d35a77-ce28-42eb-a0df-ef754dbb8a8c,3.69,tarama
65db7b8c-8c2f-4b8e-bc40-a4317be606cd,2.23,tarama
65e5cb79-9d13-4fb9-aee3-6bbcc16a6831,1.81,tarama
65e973ca-c89d-4613-9eb1-d19f66ba1e23,1.94,tarama
65eb9900-ca61-4826-9a9d-18fe7a87c14c,2.45,tarama
65f1a23f-2351-4777-b087-eb7e74fe4825,3.16,tarama
65f1e790-8fea-4958-9ae9-97a2758b9e58,2.82,tarama
65f82990-93d6-48a0-a3f0-f4a518001e3f,2.15,tarama
65f91191-73c3-4d7b-b595-51c2ba626276,2.84,kapi
65fce8b7-5395-4d08-a86e-c3f7ed826a27,1.61,tarama
65fed6f7-621e-4380-8dd8-46662f7c4432,3.29,kapi
660b40a0-448e-4280-b762-374036b4173d,3.05,tarama
660ea6c3-6367-4e5e-8a02-9d824d0c0117,2.42,tarama
661152c4-e23a-4093-8e77-3e771cfc6f1b,2.36,tarama
6612a1c0-f921-4d86-94d4-06aaecc55e39,1.18,tarama
6617e2de-27f0-44b0-ab30-889755eebd57,2.26,tarama
6618b6ed-4bdd-4b6f-acf0-deb188dc86b3,2.71,tarama
661d2d1e-9579-45d3-bae1-cc162e025f1c,3.29,tarama
661faac8-9d95-428f-8bfa-af3e97f935df,3.08,kapi
6622b126-6ab5-405b-8bc2-4a1e02f42c26,1.36,tarama
6625f8be-5cbf-4394-b006-a96af96190ab,2.45,tarama
662c12e7-1913-40bb-8078-169195566bf0,2.62,tarama
6633e1b6-f55e-4ae6-a31b-3ab016ff2c93,3.02,kapi
663eb43a-58dc-4ed2-8646-3114382c4294,3.39,tarama
66407cb8-bf5f-4c20-8410-27d999761076,3.32,tarama
6648dbee-9be3-48e1-95e6-6bba9effdb30,2.78,tarama
66500752-960b-4d3d-869a-5b2592f86dd9,1.52,tarama
6659a558-0f4e-41bd-823a-7d025b4d6f8c,2.68,tarama
665f22c2-8b07-4f57-b0a3-f6677d1ecd4b,2.23,tarama
6662a710-8749-4d90-ad88-4205a4ce79f2,2.76,tarama
66650b14-c40f-407a-9ff3-a133398ac738,2.89,tarama
6665bcb1-0ff9-4691-8189-e21fd7c228e7,1.72,tarama
6669c39c-4397-491a-a23c-f56a83fe1d82,2.76,tarama
6672eb76-0298-4678-beb2-df306d2ccabd,2.02,tarama
66748f58-fa8a-4d93-9a0b-d29c41f831cf,3.64,kapi
667864be-91ff-4eca-80fc-a6f1d9675525,2.12,tarama
6679d4af-f6a8-4d3e-abbb-8b5b7b0c5ab4,3.07,tarama
667d3653-4b29-4aff-999d-b9d49e453fe7,1.97,tarama
667d52b4-82f4-4bce-8694-4809ff58a767,2.21,tarama
667e11bd-5760-453f-95ef-00cedeb7d12f,2.02,tarama
66853e58-bc4b-4841-bbac-7e07e4199915,2.14,tarama
6686251c-5b45-40cb-9499-9d67229fa4da,2.38,tarama
6687db2a-c412-4097-9ae8-240ff37c4f6d,2.77,kapi
668840d2-69d3-4fb7-ab01-ab4067885f54,1.78,tarama
6692d5ea-9bc9-48f5-be37-6213837b4958,3.38,kapi
6695c26f-21cb-4c55-a055-1437ddf671f5,1.07,tarama
66993f11-4e89-4367-b670-6104e510ad20,3.96,kapi
669c36d6-9b9b-49a0-8de3-f11e9c551099,2.33,tarama
669d6174-22c2-476d-ad36-b6ea29ffe426,2.85,kapi
66a28be8-f203-4e52-a2c2-9172ca6de6c2,2.25,tarama
66a3e141-857f-42d3-8efa-34bfa92409f9,1.18,tarama
66b1b8bd-2c8d-44d5-b21a-b517e4203265,2.87,tarama
66b7e999-4ae2-4bf0-a415-67a7cd54cf47,1.90,tarama
66bfec7f-0d0d-47e1-968c-f24505d8e6c9,1.79,tarama
66c2c239-c4cf-4587-9c14-cf9e69c72e1a,2.01,tarama
66c464d1-4539-4edd-9363-47226e8ab9d6,3.19,tarama
66cc21fb-5eb1-4577-904d-dc92a33896dd,1.93,tarama
66cc7e6d-23fa-4772-8067-b0ca0bdf9bfb,3.24,tarama
66d3c7a2-2bc6-47c4-b3d3-38698672ac01,2.00,tarama
66d46598-5f58-44ac-b1f1-2f3c5f4634ef,2.68,tarama
66d9d3de-e15e-481b-9c67-41268aa66803,2.41,tarama
66dae83c-9c77-41c8-9265-0dbca0506a38,1.40,tarama
66e19d35-9f45-4d8e-a79e-771a6e52a4a1,2.81,tarama
66e6826b-7f91-4149-9be3-45cf1a505de7,2.20,kapi
66f0faec-30dd-4904-a8fe-f212127ece61,3.02,tarama
66f8684d-8801-4762-b752-cb672938dd99,2.81,tarama
66f9edae-86f9-4ecc-ad23-a064e1bc0bd0,1.97,tarama
66facd83-b3b0-4748-8655-38e32f22b404,4.04,tarama
66ff0dbc-56c0-4b65-b102-89d926643e73,2.64,tarama
67025b04-8ae8-4434-b9a7-9f823aa8af0a,2.49,kapi
6704557f-7667-4da2-91a0-ff88f4fafd51,3.85,kapi
67146ab1-6246-4891-98f8-95f26cb8b23f,3.18,tarama
67190f12-0893-4be9-b3f3-e6372568162e,2.78,tarama
6723db83-a6ff-4df5-944b-4fb418e92654,3.05,tarama
67279304-d078-49c1-a576-43aeb33b9f5d,3.16,tarama
672a43ec-58b6-4c59-a3e6-47f2a43a5d76,1.93,tarama
672cb950-a887-4df4-a5b8-9f66424d5bd4,3.06,tarama
67336186-3830-4b9d-a72d-1938e33fc826,2.04,tarama
67375812-8048-442b-b83f-721f802c80b6,3.90,tarama
6743b4c4-697d-409b-948b-eba12a06d59b,2.15,kapi
6759c1e5-8c42-472f-ad40-0137b93513d8,1.22,tarama
675a7aab-9a29-4d93-bcd9-7677870e5f2d,2.19,kapi
67630593-bf40-453e-a46f-dd22f6a21a8d,3.14,tarama
67633e1b-84ce-40f7-81a3-852fabf64238,2.11,tarama
6768fb48-015b-44fb-aaf1-613b804192c8,2.24,tarama
676c7795-d1e7-45a1-9157-ebb4fa9590ab,2.86,tarama
676ef212-76d1-4058-a821-46d40949575f,2.33,tarama
6770b742-acfb-4cd2-ab6d-f63b4c898ab4,2.13,tarama
6770e2d1-0ad3-41bd-9151-d45e1a41605c,2.08,tarama
6776b6a5-7cc1-473c-898f-dfe18c0fd6ae,2.25,tarama
6784ecd5-4d7f-47fb-9dd9-ad637730d89a,3.65,kapi
6786576b-9cdf-45a6-a81e-f213f2cb733a,1.63,tarama
6790dc17-0c90-4af9-9ab7-0e769c16fe07,2.01,tarama
67941570-a04e-4d4f-b103-fd6e97e6605f,2.90,tarama
67a24a75-a558-4bc1-8666-6328adfe1f1f,2.39,tarama
67a85f02-7b3c-4420-b983-a1f82fa52546,2.03,tarama
67a9b42b-895c-41a7-9e40-51d6654ce428,1.22,tarama
67ac8a25-9f26-47ac-8382-4074b83fbef5,3.65,kapi
67b1877d-9f08-44eb-aa4e-3eb4e2dc7c39,3.43,tarama
67bb57fa-d8e1-4cf3-97b6-65a78f4c5cad,3.06,tarama
67bef865-18eb-4c55-84ac-c7a333607ada,2.29,tarama
67c373ca-607f-420a-8fb0-e5b544efe752,1.84,tarama
67c6db7b-20b9-42c8-a74b-4141f75a4418,2.25,tarama
67c7032f-fd02-4803-9f0e-1c6d4f81d966,3.23,kapi
67cd5c01-0c0e-4c76-94df-218aa84058a3,1.34,tarama
67d10358-5741-46f0-b5ad-f75db582cb00,3.40,tarama
67d3c2bd-3616-426e-8679-09d757396240,3.45,kapi
67d6c197-727b-4a11-9cb8-99986973ee98,2.70,tarama
67dc650b-6105-45a2-9a0b-bd71e38a53e4,2.18,tarama
67e54dbc-ef4e-475e-94b9-a4eeb284e0ab,1.85,tarama
67e692fd-0bca-4e43-b24c-59db150e7fa8,1.72,tarama
67e75520-8a7f-42b9-a3c1-f15acbc9697b,3.74,tarama
67eb73f1-ed7b-489a-9759-59757ce76e03,2.97,tarama
67ed7954-fac5-4b6a-8d0f-22b9b2ff964f,1.10,tarama
67ef46b0-d247-45c8-b170-510405192413,2.61,tarama
67f058e8-aebc-4603-931c-4dab530e20b6,2.77,tarama
67f54974-5e62-47e3-9e11-2c22e5d2f1f3,1.45,tarama
67f6c6be-804b-48fe-8f66-0d8ee524d09a,3.69,tarama
67fa4136-3ce0-40ce-9c6e-1dd94303f5c1,3.16,tarama
6808e9b1-66ef-4865-a632-6de25cda9250,2.82,tarama
6810cfb8-c387-4680-a25b-917ba85204aa,2.11,tarama
68129012-fbc0-4d9e-be0e-9ee3cc9b3fb3,2.31,kapi
68145657-4a8c-4aaa-b0fc-21573e7ba569,2.73,kapi
6815cd0c-d4f7-4059-95b1-693f4ef50af2,1.94,tarama
6818bc4e-f79d-4776-91ef-eabe4299f54e,1.95,tarama
6826ce9b-2055-44ba-878f-e8bd23e2c336,2.30,kapi
68279797-1946-4ade-8c48-278aa12cf411,1.71,kapi
6831957a-6a90-4a1f-8df7-7a234401b811,3.25,tarama
68319b72-ccc5-4502-a743-964d860f12b3,2.09,tarama
6835d728-214b-449d-9bc1-77555af2d5bf,2.72,tarama
68539bd2-3ab7-4ac4-9816-987a7a1726fe,2.11,tarama
6853aaf4-5ad3-43f5-b7fc-74a9d0b39de1,3.97,tarama
68564d0f-b90e-49ca-9b00-c4f24edced2d,1.59,tarama
6858b24c-daa9-4c8c-b2e5-c71e67213906,1.16,tarama
685e9365-92d9-4ea9-a40b-ba8bb63a1881,1.16,tarama
6867708b-6662-4056-bbf1-6c2d96be7f65,2.67,tarama
686ef3ec-dbdb-4d7c-8a15-bc56363c0fcf,2.02,tarama
6878af0f-fa24-4d99-b5b9-95def6e80dd2,3.41,kapi
6880b1b4-ab59-40f6-9cce-d5fd962ec2aa,2.09,tarama
688465ce-5415-4e79-9b9d-c644dd6d98c0,2.17,tarama
6892510a-7e1e-431b-bdf4-1c48e1af4a88,1.94,tarama
68942ab0-8a34-49ec-9022-106b76668881,3.27,tarama
68967976-f8ae-43b0-8bd9-74d770fda547,3.43,tarama
6897ef79-99d0-41f8-beee-d13d4a9388e6,1.74,tarama
689e3eac-ddfb-46a4-9260-d3127cf8fb7d,3.19,tarama
68a20879-4b2b-4bca-91c7-83352dc32867,3.74,kapi
68a2a302-1afb-4388-a821-8017478003d4,1.38,tarama
68af1f43-8eba-4ad2-a05d-042c389c4abb,3.94,tarama
68b18e87-1497-4de4-9daa-8046817da941,1.84,tarama
68b55ef0-d00b-45d9-9254-cb6794417303,1.29,tarama
68b5cae8-dab3-473d-b722-f0552669db22,3.11,kapi
68b80b73-6936-4cd5-bb72-b15ff9bcfafa,1.99,tarama
68c2872e-8592-44aa-9586-f010f1c2fdba,3.14,tarama
68c3fb07-1dd8-460c-8f18-1b732f4d96ff,2.10,tarama
68c525f7-ef55-4cba-8df6-9669465523a6,3.79,kapi
68ca00db-c5c2-48e1-8ef1-c9d15e1ef484,1.46,tarama
68cee3dd-381a-416f-9414-6068fb2bb2dc,2.15,tarama
68d31c4e-5fc2-45b6-966a-51093bf97b80,2.24,tarama
68df2a32-3540-46c1-a055-756865785b85,2.14,tarama
68e0b00b-b1c6-445d-923f-d9726b455ebf,1.93,tarama
68e42208-ae31-449e-bee3-dfe4fd8ae4ed,2.16,tarama
68eaba6d-8a5d-4cf2-9250-0599a37e5f6b,3.59,tarama
68f2af51-c0c1-4f1b-b64f-6b4ab09d415d,2.71,kapi
68f30e00-90ea-4ccc-bb66-a68300ec4319,3.20,tarama
69013ce9-0fdf-4ddc-b593-13bf8c93d9ad,1.77,tarama
690391fd-656b-4e8c-af54-b2b63d62e2b6,1.98,tarama
69055e52-f658-4bde-9e31-b826208aca37,3.17,kapi
69059998-ae5d-4e8d-8aa1-4ce2d728260b,2.56,tarama
69087f59-a8a2-4e06-847b-12cce06871a8,2.19,tarama
690c791f-d964-4dff-bae8-9c8722f191f8,2.03,tarama
69186679-d9d3-4acc-a4f4-56c5e0f38e02,2.08,kapi
691bd2b1-9a4c-4a81-a9b1-6cd17fa19ad7,1.61,tarama
691c85b9-f955-44cd-8990-1f6725d7c96a,1.92,tarama
69217e39-9470-4607-800c-376576526f5f,2.96,kapi
6922bdb6-9a6e-4acf-b6be-d8dde1a3f9cf,1.78,tarama
69233f9c-8863-4792-9da2-a6aafafd635b,3.00,tarama
692b0225-c8bc-4f78-be7c-7c4b993e5922,2.53,tarama
69304326-28e8-4237-a804-f9d9f449e6a1,3.53,kapi
69388152-e785-44b1-8b21-927e2ae9d9a7,3.75,kapi
69391d9c-f245-4ba5-a123-56e14e8f88e6,2.79,tarama
693b15b3-b1ba-4001-8b57-36462d071d2e,2.31,tarama
69480f8f-924d-4aa5-9fef-afa65b5dc0a0,1.72,tarama
694c9776-732b-4f18-a7bc-b83e2027701e,2.38,kapi
694ce65b-7305-4d5e-a6c1-6e58ec538a11,2.48,tarama
695a381b-cb1e-4b26-8204-88ab3b75dbb8,1.84,tarama
695c7977-ba8d-468b-bc2b-c3a37b20ffca,2.89,tarama
6969e3c1-5327-42ac-99aa-81e117e82cc3,2.85,tarama
6970dd56-a1fb-45a2-bd34-a9006197c520,3.27,tarama
6971e7a4-8ba5-437c-ac91-c2f8551b7cdc,3.41,kapi
697b6d9e-6d64-48cd-b428-351fbde4a475,1.87,tarama
697ddcb7-ddd1-4778-a879-4c3be0f98d86,2.43,kapi
6980ec37-b5c0-4fb1-b85c-28e32511c8f9,1.29,tarama
69853060-a0b7-4e07-9a70-91e361397591,2.53,tarama
6985a743-fe95-46f1-998b-3d1564b37ed9,2.69,kapi
69881381-3ea3-4695-9696-b5f4b8e8b73c,1.48,tarama
698b82d8-4661-4ec0-9b8c-808b715c4c9f,2.16,tarama
698caed3-a884-4618-8c6f-04602b16a2d2,3.32,tarama
6995e259-b89d-4906-adbf-f1c049a73ce3,2.36,tarama
6997aa53-0e45-4028-bb8a-4f4a46eda217,2.63,kapi
699c7ec8-7cd6-44b0-b41b-ec6f26bea090,1.29,tarama
699eb59e-1f7c-453a-9d83-11d11e32b798,2.06,tarama
699fb88c-846b-408c-8077-77b7dbcc93e5,3.43,tarama
69a22978-16db-4f79-ab19-a7939b82a3ad,1.73,tarama
69a9af3f-6fb9-4533-b2f6-53aa1c4c2e28,1.84,tarama
69abe54c-0f52-4950-9364-c6160c6d8544,3.01,tarama
69b614d9-6bee-4720-9c5d-59fe953630a4,1.72,tarama
69b80481-db9d-4dab-a931-e828d0f79c5a,1.86,tarama
69c22582-85bc-4198-80b0-63de09fcabfb,2.27,tarama
69c3f465-a8f2-4335-b5b4-f64c8cb30830,4.09,kapi
69d1207d-337f-4ffd-8ef0-d04e963dcdc5,2.09,tarama
69eba6b4-c3a3-468f-8f75-a63f03744609,2.24,tarama
69ee811a-1454-43f9-97b1-37828d1f6074,1.91,tarama
69f5baa7-a55f-40ba-a738-45c27dd2604e,3.72,kapi
69f91070-ae2c-47ef-9b7e-858fc03a2e5c,2.33,tarama
69fb3118-7113-4349-bd1f-9e0205780a33,1.89,tarama
6a02e51e-f8ed-46b8-8bd3-435f04f215f3,2.27,tarama
6a0da466-cc4b-45c3-8337-adc64cc12e41,2.05,tarama
6a14c9cb-87f7-4d1d-bebe-2a2dcf49fbbc,3.69,kapi
6a17a980-e413-4ee2-895f-4438f0ce610f,1.94,tarama
6a1b0fb0-b580-4a60-94ce-a34de81de149,2.00,tarama
6a26d3b0-4874-4b61-902a-f7b5c352cfbf,2.86,tarama
6a27038c-4598-4db4-b92d-96be88a3b423,2.44,tarama
6a2967e0-6458-4649-9deb-29aba616df34,3.22,tarama
6a33315c-b036-4962-a98d-07c1e94aea82,2.73,tarama
6a36a7aa-398f-4172-b275-8332a48275ce,2.91,tarama
6a399d47-b0f8-4235-9b75-65a933f3ad31,1.91,tarama
6a3af0a0-0399-4b6e-b55a-321e70dec65f,2.44,tarama
6a4262c2-ccf1-4ec2-ab32-90acc12a1e27,2.59,tarama
6a4ec68e-d135-49cd-825e-e3d9c66b907d,2.65,tarama
6a4f30ba-1ff0-433c-9f6d-d9cccd51e181,1.98,tarama
6a50bcfb-55c2-4680-8655-e17bb400239f,3.30,tarama
6a5127e1-3519-4431-8885-34d093283ab5,2.21,tarama
6a557079-950f-4d96-ab3d-79591ec1ed31,3.98,tarama
6a585d32-30ef-4553-87e0-08e05dedf207,1.86,tarama
6a5a2ffe-d6d5-4688-be00-512a9dd3bb4e,3.49,tarama
6a5f0245-877d-4188-a047-f28346cbeb17,1.85,tarama
6a714734-dd42-4a62-862c-58a8184187f6,3.84,kapi
6a741ef0-833f-44ae-bd7a-6ec112ad0537,3.04,tarama
6a77677e-0276-44e2-83e0-d21bb43d6c42,2.87,kapi
6a7cca3c-e66d-4f39-b1aa-e2b25b086d9a,2.21,tarama
6a7fc84d-16f7-4ac4-b681-f899a9c4588f,2.98,tarama
6a8975e0-b4c8-4133-b352-d254fa8e0580,2.17,tarama
6a8bae98-9159-4f52-943a-862968cf4694,1.37,tarama
6a8f53b6-82c8-413f-908a-b4c68979c0a6,2.23,tarama
6a93ca8c-91af-459c-bad4-70cbd58fe391,2.47,tarama
6a95b520-3f3d-47ad-b332-ea20619865db,2.62,kapi
6a9a2746-3d59-44c7-8107-176c5d7dd33c,2.56,tarama
6a9aa6ca-77a6-454e-97b6-73131fb7bed6,1.97,tarama
6a9df10a-cb53-4998-bab4-a11ccb49cede,1.80,tarama
6aa94694-ac5c-4bdc-85f8-5b8d79fa5915,3.28,tarama
6ab1516e-1e8b-413b-8338-c32072d6069c,2.23,tarama
6ab37068-9fa1-4532-b1d8-8be246918b87,2.54,tarama
6ab961dd-94f6-4166-866f-2ab87b529fd5,2.00,tarama
6abbc126-bcd6-4eef-8146-a295a3f652af,2.04,tarama
6ac0e3e1-fe34-47dd-841c-a04727cc2dd8,3.72,kapi
6ac8740c-c8f1-4ce3-825e-36f3b944ee6c,3.35,tarama
6aca64f5-c643-4ec1-a56d-66130d41e810,3.80,tarama
6ad2a878-ef5a-4366-a970-c9d10f3534ec,3.74,kapi
6ad41d6a-6d32-477f-89af-f8c42d2349bc,2.86,tarama
6ae0d8af-5f7c-45c8-a6fc-a174ee4a998c,2.01,tarama
6ae257bd-3b72-4515-aa57-25a2019891e6,2.49,kapi
6ae26627-8274-405d-8bd1-0836e4a3f470,3.12,tarama
6ae48c5f-2080-4306-ae0f-b4e273bb082c,1.94,tarama
6aeb1bbf-d0ef-4aa3-96e1-4df218109651,3.06,tarama
6aed8efa-9509-40f8-b4d6-7218953ea650,3.34,tarama
6af64f11-aaa8-4805-9770-a1da43ac4e29,1.92,tarama
6af8e6ac-a0eb-449a-97ae-f3b60fb0b0d7,1.98,tarama
6afa2d87-8b41-4787-9d00-169850c23779,1.91,tarama
6afae723-c5a5-45b3-a1d5-559f239f45a2,1.44,tarama
6afd245b-56d0-4ad8-abd5-4a56e4f5d10a,2.89,tarama
6b03d632-62f9-4544-9c95-8207ebb58af6,3.62,tarama
6b08af80-1abc-492d-944b-d1b1bec48249,2.61,tarama
6b0ba6df-654c-469e-9630-8708b00438fd,3.63,kapi
6b1114c3-7602-4f05-8153-13d63be6cde3,3.09,tarama
6b1391f6-3632-4a03-b673-e6f393eeaa50,1.75,tarama
6b15faff-1d91-4cc7-ac3f-a76bd831b755,2.06,tarama
6b1e0467-0520-4e38-8cb0-daa20960b4be,3.57,tarama
6b20e25b-c9b4-496f-8cd3-df53878c1201,1.87,tarama
6b26be9a-0df1-4048-a2a6-c35f6e68c47e,2.14,tarama
6b26d80b-38ab-46b0-b2f3-a5e924450e82,2.49,tarama
6b270233-368b-4de7-8a6a-e4c4409232cf,2.38,tarama
6b29afe3-53bf-4a65-a78e-dc2a915a7518,3.57,tarama
6b29c055-1d9b-45ff-897c-e7d79658c079,2.96,tarama
6b2a4d16-aea0-4a36-93a8-102253bf3f50,2.83,tarama
6b369ea3-4cf2-435e-8f4c-0a657f220f58,2.90,tarama
6b37989c-6a07-42df-8f0c-91fe059ed0e4,3.03,kapi
6b3953e0-1832-4c3e-932f-0b599bb4c19b,2.12,tarama
6b398080-0c89-4ba5-acf9-9fb150626961,3.47,kapi
6b3aa418-261b-454b-8a07-4720acfafb1c,2.89,kapi
6b3b378a-b1c5-440d-aa22-d1cb7be44f79,2.28,tarama
6b3d0d2d-5d1f-4c7e-9b91-f31870e4c657,3.09,tarama
6b414754-316b-4769-8cb7-298fdc21e730,3.43,tarama
6b42298a-bf36-492e-9772-c796d57bf12e,3.41,tarama
6b4aaa8d-47e2-41a6-ac61-b7a7eb84305e,2.74,tarama
6b536bac-b907-4f50-b364-3caf11d480c6,2.99,tarama
6b539c1c-6694-48d5-9b3e-a5c1c9a50c4c,3.15,tarama
6b5d3111-d042-47d3-bf20-79a5e05d8d89,2.70,tarama
6b61e94c-7f73-47c8-a71a-cdad99bd084e,2.49,tarama
6b667770-5be8-45a4-bdb0-d5bdf516ee89,1.79,tarama
6b67194b-2aa1-4167-80c8-238b22f7bba9,1.49,tarama
6b696754-7940-4e6e-b73d-788d917e5fe0,3.34,kapi
6b6dcd3a-b7d7-48bf-9fa6-28fa546b52c5,2.54,tarama
6b72620b-590f-4759-8a27-e90630182236,1.41,kapi
6b7288eb-22de-432c-860b-3d74fe508534,3.87,tarama
6b73f88c-4cc3-438f-a126-ee7eda5f5031,1.20,tarama
6b748573-8748-411b-914e-a67cdf5e0890,1.77,tarama
6b782834-3dea-452f-b355-15621e31da20,1.96,tarama
6b7f4e01-8028-4989-a7c9-5ab4df2078bb,2.38,tarama
6b7f8c98-d654-451e-83a6-1649ae52fb91,2.15,tarama
6b81374a-2816-435d-b76b-55b367e64aa7,2.25,kapi
6b850dda-5c14-489f-aaad-5818bc7a8f42,2.12,tarama
6b883c1c-0791-486e-a319-d7c26dc199af,3.41,kapi
6b8a250f-7832-443b-87b0-7fe821fcba63,2.31,tarama
6b8b8319-f98c-48e1-abc5-c8a99451c776,2.07,tarama
6b8cfd1a-7b8c-470f-b23d-9221e25093a4,1.83,tarama
6b92be98-afca-49ae-9d5a-30cd9532efeb,3.10,tarama
6b94569a-e36c-4d33-898b-6d4b047222e0,1.97,tarama
6b96e993-f1fe-45b5-a74e-0402533eb07e,2.75,tarama
6b9bac6f-f9ac-4056-afc4-a5e9bcd347a3,3.65,kapi
6b9d39b9-6d91-4e0c-865a-03600bfae92f,1.98,tarama
6b9e8124-d509-48b7-bc1c-d1b7454a51ab,1.31,tarama
6ba6f991-8947-4107-89ae-bee35f55aef8,1.26,tarama
6baa2992-dd43-4acf-ac1c-2c1ae20253b7,1.88,tarama
6bb0d0af-2334-4874-bfa5-513add6a8579,2.03,tarama
6bb415d3-74a7-4395-bbea-a9e43a5555a8,1.86,tarama
6bb65be9-7a5e-46db-b308-4a501ff89d50,2.19,tarama
6bb78815-8d80-4566-9138-c706e9704038,1.72,tarama
6bb8a624-0384-4314-ab7b-d7f89aef39c7,1.93,tarama
6bbae1d0-c3a2-42a5-8ccc-e4dbd788f9c8,2.12,tarama
6bbbe52b-5a9d-4440-8abf-f49717a8caa5,1.77,tarama
6bc18ac8-ba96-4708-afe8-31ff5f63b5db,3.44,kapi
6bc281fe-aec2-458a-b2d8-a4f16ee370d0,2.86,tarama
6bc423c6-dbef-4603-978a-db4388b1a783,2.67,tarama
6bc5e404-9d77-4255-bf11-45d1920bf126,3.22,kapi
6bcc89d5-5d5c-47fe-9e26-c361373dc40c,1.96,tarama
6bce468a-f2f5-476c-be63-a6713b6dad22,2.67,tarama
6bdbd857-d789-4145-94ab-0968e70e1f44,3.62,kapi
6be859b1-7534-4947-bc08-74132d154f10,2.81,kapi
6be9288b-713b-4d94-9fea-d595dbf6ef53,2.26,tarama
6bfa0b00-fc61-458a-aac6-b7ef8a285a04,2.01,tarama
6bfde0c7-a295-45b6-b9c6-aa30d7dd19f6,1.20,tarama
6c02665a-1b0f-4005-85c7-506e1d600dc6,3.70,tarama
6c0b4100-258f-4974-a600-d63defb92a4e,1.56,tarama
6c0b4e20-38a1-491e-9c56-e83e7295e341,2.94,tarama
6c14dcae-ba31-41d5-94da-8a52948b1346,2.28,tarama
6c155044-dbdc-4f59-82f8-2eb8effe9d77,3.29,tarama
6c20bf71-6a6a-44d6-bc99-4120c4d796d2,1.87,tarama
6c2301ad-56bc-4b4f-8918-abbac8fbd3b4,1.50,tarama
6c270c8f-42df-4515-ae41-55603920bd3e,2.12,tarama
6c2c2650-471b-4e68-9ab0-ae832a809991,2.45,tarama
6c3b6eae-67bb-4aae-823a-a6b442f2fa9d,1.63,tarama
6c3c5202-dc59-4240-bbae-19ac03e2dde3,2.55,tarama
6c442415-6cc4-4d61-a598-63c3377bfebe,3.34,kapi
6c4475f5-f5ef-4701-8bb5-2117649e8639,3.43,tarama
6c4633dd-8f4d-4f90-a803-8c256f2b4d08,2.16,tarama
6c55cbee-1f85-4015-a18e-0d8b3dc678b8,2.01,tarama
6c584b10-8136-427a-b84f-ab174fba3f44,1.07,tarama
6c586999-7ace-4418-ab0e-f8bcc8b87f8e,1.96,tarama
6c58bccf-3390-40d9-9a50-eb2fb571a122,2.68,kapi
6c6015b1-2ab6-46be-bb38-e93f00365ce8,3.27,kapi
6c668785-02ef-4d98-9f29-21f9f4e940fb,1.50,tarama
6c67a818-dc59-43b0-a122-e30beeeb8ce5,3.60,tarama
6c72f4ec-7106-4c2d-90a4-af4fb937b828,1.02,tarama
6c791866-62a9-4133-a3f0-1b7ebc4e5003,3.38,tarama
6c7c31c5-93ad-4cbc-bdf5-980cb9090122,1.83,tarama
6c85449a-c47b-45d9-9db0-81627f67e0d5,1.42,tarama
6c856d79-a592-4add-9eab-ee845dbf286a,2.50,kapi
6c8a1d26-a0af-4d96-9cde-caaa40a67b48,3.54,tarama
6c8a6c72-e5cd-4e70-95f5-66a5a7c76e0e,1.27,tarama
6c8cabde-7c4a-4f98-9526-e1fb25abdbdd,1.25,tarama
6c9b57a7-4058-4549-9d59-842b0d83ac08,2.50,tarama
6c9f1ce3-4ff0-4846-9bb5-37a7c6668223,2.05,tarama
6ca24b8f-9d0e-4c9e-b0f2-8212b8b9f27a,2.19,tarama
6ca4e27f-364f-4ec6-9c44-04335499329c,1.56,tarama
6ca6a0ca-7290-4f0a-a1c1-ae35250d5783,2.76,kapi
6cb430fb-1866-4db8-be33-d65aa3acdf00,2.53,tarama
6cb9d8b3-9607-4044-a1e8-4f7b2f3e13f4,3.00,kapi
6cbc3cf6-e0dc-4a29-81df-385d83ca93ba,2.52,tarama
6cbf9fc8-457c-4b1e-874f-5bf3c20b7af4,2.21,tarama
6cc3b981-feb9-407c-8374-7171a2c35d07,3.69,tarama
6cc3e87b-83e9-4b95-8035-1eb8146e2152,3.41,tarama
6cca04f7-aebc-4468-8558-afd6e163b079,3.15,kapi
6cd28736-59ff-482d-9ca0-2048528e46bb,3.23,kapi
6cd36b55-c089-4467-80d6-9942ed2afc00,1.31,tarama
6cd6f0c3-ff60-4ad8-a11b-d2464fe1ecde,2.52,tarama
6cd9a16b-42a6-49f6-8b55-3aa53cb90f5b,1.98,tarama
6cdf8b6a-7639-47e7-b6ff-582924d9110a,3.35,tarama
6ce16798-6574-457d-99c3-d4058a217511,2.60,tarama
6ce6a566-57dc-460d-9b0c-052f7b06bc1d,2.56,tarama
6ce6d86c-0bad-4d45-a581-f2fdb9fbbb10,2.92,kapi
6ceb1e3c-3d1d-489d-8ca9-a30859bae651,3.19,kapi
6ceb422d-2a99-436c-ad7a-6fcd5d3614c2,2.87,tarama
6ced521b-3b9b-4586-ac51-03fc65ae55be,1.68,tarama
6ceea129-320e-4da7-9fd4-4003d310435c,2.89,tarama
6cef11a6-7075-4e98-94df-a780738d01ca,3.85,tarama
6cf2b0fa-0a81-4de0-bb2d-a736819ce2d4,1.43,tarama
6cf3f828-aa0f-45c7-95de-d3c5a98270a8,1.34,tarama
6cf7c42b-5f99-4528-bd29-3ab222ce1ca6,3.76,tarama
6cf991f2-9ed2-4f2d-9bd6-49e838529b14,3.23,kapi
6cff6589-7f0a-4a2e-99e8-8407617e4691,1.60,tarama
6d07d50f-36ba-46c8-83e7-bf5aeef2425d,3.04,kapi
6d0f52b9-c119-4a66-8f9f-73b70cbfa14f,1.87,tarama
6d1ea559-0b02-4cfb-a253-18a80868e54a,2.49,tarama
6d22f552-d0c0-40bb-8fdf-6ab444be86a9,2.85,tarama
6d234e27-5154-4be4-b322-72e1ad8845f8,2.73,tarama
6d31255d-19c7-4c2a-a49b-de9239199ac4,3.03,kapi
6d3629bd-3feb-4979-9463-404ba0c41b2e,3.35,kapi
6d39dfb1-f5e1-41c6-8e24-0686c7a52fc3,2.06,tarama
6d3b580e-3b40-46b2-a24d-2e1afc59fb48,3.48,tarama
6d3d1ae7-e00a-4508-8e2c-fa32c1eaa798,2.04,kapi
6d3f6ba1-db0b-4c83-b3d7-21380fdf6866,3.38,kapi
6d40f979-cd05-473a-8457-2573c6eafb75,3.45,kapi
6d41c5c8-4842-4ae6-b277-8fd0e6446f12,3.09,tarama
6d444021-e4d7-42e3-83a8-fbe52230ae92,1.81,tarama
6d514943-b7fa-4b5c-a46c-059165cfce8a,1.04,tarama
6d5d8ac1-7aab-4e10-b404-03114bf0b01b,2.85,tarama
6d62a113-92a1-43d0-adcd-d0dbd26a4453,1.85,tarama
6d6bcdd7-d585-47f0-af67-76920de04cdf,1.80,tarama
6d6d055c-e3e1-48aa-a1bf-a2c74125efed,2.51,tarama
6d6da3e9-8034-4065-aa57-de3d559fd7d0,3.53,kapi
6d724b7d-52c3-46f8-94d7-68c42d590bdc,2.77,tarama
6d7407bf-3749-4b43-9cf2-e514b83e7ced,2.95,tarama
6d7e357e-2234-4fcf-98f5-294e42f98513,2.27,tarama
6d809b0a-2731-4b62-8370-ed1bc39e3ac6,2.09,tarama
6d87a36c-d292-4754-b443-fa764fae43f9,2.08,tarama
6d9207eb-dea4-44c6-860c-aa1e2e0e186f,3.38,tarama
6da0acf5-63b0-4e05-89bd-80f5efcc5b3a,1.79,tarama
6da2d942-feb4-49b4-b51e-59ff40cc3540,3.03,kapi
6daa04d0-92e4-4335-acfa-a47f826075b5,2.29,tarama
6daeacec-d341-44a5-b548-c192be4b1b51,3.34,tarama
6dbc0e1c-94fb-4b00-b442-192b11d7dece,3.10,tarama
6dbfac38-82d6-47c2-910a-346c889c89c1,1.74,tarama
6dcd48c9-1215-40cf-b079-61a8f593762e,3.24,kapi
6dcd7121-5786-435a-8234-78573b43db12,3.83,tarama
6dce18b8-4165-4efd-a13c-2312e9455295,3.89,tarama
6dcfd25f-accd-4d49-b441-5aa17602650b,2.22,tarama
6dd487b9-ae98-4580-a5d3-87630325e2b3,1.92,tarama
6dd83371-4cae-427d-84ec-8db78cea2727,1.91,tarama
6dddc386-e6a4-47a7-a86c-62b70b856250,2.38,tarama
6deb3385-5baa-491a-883d-6991c1d2fedc,1.64,tarama
6deffe08-cae8-4b12-8eb5-c50bd4eb2c1d,3.43,tarama
6df3ee81-ba05-4ee9-9d1a-f46325057744,3.46,tarama
6e03a639-e547-4de2-9755-8072ca7a5248,3.09,tarama
6e06ea79-f664-4458-9316-c6305f2efb02,1.35,tarama
6e0aaeb2-32d3-407a-860f-1e0aae0e273e,1.96,tarama
6e0ff778-5b74-4256-ae88-36b9b696b9eb,3.10,tarama
6e102bd2-189d-4864-985b-ed73532421fd,2.02,tarama
6e183e4c-df34-4b4c-b7f8-5b4f3f075f8a,1.82,tarama
6e1a6ca8-29f8-4df6-b6f4-d6df5b6fca1a,3.37,tarama
6e2066d0-fa2c-46eb-977e-b7433523dca9,1.88,tarama
6e2c3121-4aa5-4e13-84c1-5c4c72e062f9,3.56,tarama
6e2daca0-31b8-4807-8ea5-2dc0795d71dd,2.69,tarama
6e2f8d01-349a-4dda-a75f-4777658d2721,2.80,tarama
6e36cac6-7714-493a-8637-c8b4c7eaaebc,1.62,tarama
6e394870-f40c-4f97-b1e9-0cbb1de288d8,3.93,kapi
6e3bd0ea-9d9f-4ff9-b0a6-7bff95d89935,1.72,tarama
6e3e78f4-6b96-48c2-a0e1-eb51baeee479,3.24,tarama
6e42f48c-d7ec-4814-9312-c964e8ab47eb,3.35,tarama
6e482418-b600-48a7-a696-622723f86df6,2.10,tarama
6e4b323e-5c58-47fb-a853-7852b381b116,2.81,tarama
6e51d1b4-c837-4532-91ec-c7b14ea65e55,2.67,tarama
6e541714-6ea8-4855-a2fd-ddf38e325671,2.29,tarama
6e560a65-dfde-4613-8135-6bd1b961e45e,2.34,tarama
6e56e323-96ae-4c05-b190-36294db55d30,3.22,kapi
6e599dd9-6ba7-4f22-879e-44e17db561df,2.23,kapi
6e59e664-2ac2-499f-af4c-c15b87aac977,2.13,tarama
6e5ef8c8-e22a-40a9-8b18-840ff5652132,3.53,tarama
6e5fecb6-dd63-46a3-beed-122334e6e98d,2.94,tarama
6e610f40-bc69-4e1e-bb67-bfacb9671f74,2.68,kapi
6e6820c9-c7aa-48ad-85dc-00675284e730,2.19,tarama
6e6bc295-03e3-4342-beee-0a308f6ab242,1.46,tarama
6e6d8d2f-7809-4d31-97b8-98355390e006,1.27,tarama
6e6f098f-caad-4227-a9d5-fc13c0d1021e,3.91,tarama
6e6f2aa9-04f9-4e6a-b4de-868587e3f987,3.17,tarama
6e6fe042-7b4b-433e-88c9-9f616b2f009a,3.55,tarama
6e7a30c1-89ab-4f42-b73b-194bc74cf2df,2.81,kapi
6e80c6ed-5f4b-4c98-ba29-051edd00a476,3.16,kapi
6e880a86-42d9-4dd9-8a97-94791591bf9c,2.41,tarama
6e8c94a4-90f7-4691-8e8d-a4fe619bae0d,3.66,kapi
6e8d5ca0-3c86-40d1-8f57-b7c151b99373,3.74,kapi
6ea0168d-881d-4c35-9d9a-8a112a8e0d37,3.92,tarama
6eaa64a1-4660-4aec-9051-176d6b1acabc,1.79,tarama
6eb2e655-f3fe-48c9-94d0-801d827b884a,2.36,tarama
6eb5ffdb-7c5b-4523-a5a0-a62068cb7150,2.63,tarama
6eb8c1e9-662f-4a6d-8e48-88516db93f3d,2.58,kapi
6ebc2bd6-99aa-49c3-b6e9-7f87fa2fc0e5,3.68,kapi
6ebc6c36-9bcd-4896-9c72-43bac55af6b9,3.25,tarama
6ecb1d86-b5cf-4713-8f72-ecd2a0a52fb4,2.13,tarama
6ecd6922-3afe-4a53-be18-993a423b4028,3.25,tarama
6ece031a-7eec-45b7-9d32-1479fb265b9d,3.16,kapi
6ecf6074-7a73-4e72-b30e-831e7fa1f8b0,2.60,tarama
6eddeda7-9b98-4bb3-a6db-1bdff83da1ab,1.91,tarama
6ee158f0-0ec9-45ac-bdc6-ca88be8b39b2,2.49,kapi
6ee2a76c-9c25-4c1f-b77e-859457f8c2a4,3.59,tarama
6ee4556d-7194-41bf-a6d5-b5ae83b1bca6,1.95,tarama
6eeffd9a-efc8-4fd6-b19b-98a1d9ed34c8,2.69,tarama
6ef382f2-d7f0-4610-9079-1e1a91ed4951,3.42,kapi
6ef5af9f-019a-4c60-bc7e-24eb37dfe98f,1.96,tarama
6eff2a13-2a84-47b1-ae2c-f88a08155bc5,3.28,kapi
6f07a22c-2592-48a8-b553-d345456c1045,2.91,kapi
6f091160-f152-476c-a845-9dfd368f9725,2.60,tarama
6f0fb5ac-a48c-4d64-bd57-18a06d798107,2.33,tarama
6f106e38-66a9-48c8-ab95-9285e98bff77,1.91,tarama
6f1b2c33-880f-4d10-8da2-b19a33b23382,1.98,tarama
6f280c16-bd38-4317-9f37-455542b661af,2.48,tarama
6f2a9130-adcd-4553-a99b-71c7b0dd13d7,4.04,kapi
6f2d9719-8fd4-4569-8e48-7003eb36e5c2,3.50,kapi
6f320d39-5a3b-4d10-805f-eb75986f2fe0,2.95,tarama
6f3226ca-3f6e-4b8b-962a-f3740db83d2d,2.67,tarama
6f38ce56-4357-4765-b735-9a2363d8f071,2.45,tarama
6f44a03f-bcf1-4d62-8649-50c1275a2bc9,2.33,tarama
6f4aafaf-e8a2-4e20-bd05-855a16d66838,1.85,tarama
6f53b553-d26d-4042-b21a-feb5b91fc3a3,3.44,kapi
6f582a33-7ff6-4519-8623-098ccd36c58a,3.41,tarama
6f62c60c-acdc-497e-b414-34dfcaf6ee3f,2.36,kapi
6f6c3aaa-0b6c-4254-8fa7-51e178beefc6,2.76,tarama
6f722622-7f0e-498d-a6f4-0fcb4c467aa2,3.20,kapi
6f7723bc-31d7-4117-8203-3433fe80516e,1.95,tarama
6f7b3e08-a900-4fcc-acf3-83a0f358e8d1,2.07,tarama
6f7b9628-3bce-495a-bc5c-b786db53ca28,3.10,kapi
6f7cb779-c63c-4b63-a091-c2e97cc671ff,1.97,tarama
6f81034a-f090-4cd5-beb5-39ea6a5024d4,1.04,tarama
6f813808-47f7-45da-a5bd-274c5b092da2,1.98,tarama
6f850100-40f3-4e36-8ab5-40614d35f070,1.95,tarama
6f895684-3c15-4866-849b-1640375639e6,4.24,tarama
6f8d25a5-8534-40cf-a06b-51e774645107,2.53,tarama
6f929ff0-7f3d-4f3b-aa79-d1682a781fd0,2.24,tarama
6f9321e9-e255-41f8-a193-83b456a0515b,3.49,tarama
6f9838ce-b563-4610-9321-2df3b77e9bb0,2.06,tarama
6f9d5a97-634e-4b4d-ab4b-13cfdb1bde42,2.37,tarama
6fa4bb1f-e157-4c44-a0e5-db18d5f7adff,1.82,tarama
6fa54a15-0d82-45de-a47a-360429a4d48c,1.02,tarama
6fa9dd9f-70f1-4a34-9745-ebefeff3ffd7,3.06,tarama
6fb84993-7c64-45b1-a7d7-b29ccd1a15c6,3.82,kapi
6fbd2ce7-0a6b-4e6e-881d-a705a0f0b371,2.96,tarama
6fbea056-ada2-404d-a7c4-47d5bfa8abd0,2.53,tarama
6fc3a450-c6c4-4aa9-9ccf-6a0af1a4f40b,2.19,tarama
6fcf1134-a6cc-4ae6-918f-63e9d1b244df,3.99,kapi
6fd056f7-f0e0-4960-b53e-fe913f4eb41d,1.41,tarama
6fd36e66-f01f-49a5-b2d3-f679567fd917,1.96,tarama
6fd50f92-fc60-4538-9454-37823bf503e7,1.90,tarama
6fd9b71f-9290-4f70-93e6-75bc104a56a7,1.75,tarama
6fe3c111-0a1a-4ee4-b112-a0483bee92f3,2.14,tarama
6feaaa29-e262-4f60-95ad-789bcb7337ae,2.70,tarama
6ff93077-19d1-4439-99fe-8425a379bfca,1.64,tarama
6ffb44eb-76ba-415e-819c-c460c14d45ff,3.00,tarama
70060919-1e32-4703-b68c-1820ce2e98ed,1.61,tarama
7014f918-0ed4-4ce1-9be0-a508a4dad6d9,2.16,tarama
7018301f-035b-428a-b75e-6d9f431a165d,1.95,tarama
70195c5f-a1d7-476c-9259-c7e62b15371f,3.95,kapi
701b29b9-872f-43b9-b0c4-47b66f8a54f0,1.51,tarama
701df3ea-6921-4a29-b5a8-5ae329fbba9b,2.86,tarama
70299969-a2a5-40ee-978d-37390c6da378,2.36,tarama
702a7c46-435d-466e-87de-d67615e37d69,2.51,tarama
7030865f-2679-4947-9479-9fe9cd843fdd,3.08,tarama
7032507a-3aaa-4725-8534-e599257abb62,2.31,kapi
7032b1bd-a78f-4ab8-b17a-0375fd844a01,2.82,tarama
7036aa7e-cbbb-4003-b021-94864ac46f4f,2.17,tarama
70448fe8-e759-4936-a6fd-685b8f317882,2.68,kapi
704c3578-f7e6-4d43-8c76-da4d05fe3671,1.69,tarama
7052c21f-958f-4427-b7ea-18b46536047d,2.04,tarama
7052eb21-aa4d-4553-9288-c7000373a645,3.37,tarama
7053f1a2-3102-4525-b9cb-c0566ad6d6b5,2.54,tarama
705c7dd4-b534-4dc7-a079-ed193c0e2193,2.89,tarama
705d614f-6e4c-4f2e-b185-fc7198f96318,2.60,tarama
7063c865-31e6-42a2-a80a-618645a7864e,2.28,kapi
70696398-4c78-4051-b9f3-4656f430d740,2.94,kapi
706c835f-b18a-4099-8813-9da1df9afc3a,2.81,kapi
706fc43a-b30f-4746-ae41-28bd56d4f2c7,2.55,tarama
7075af2a-7803-46dc-972c-672ad3d0de89,3.46,kapi
70770d57-ced2-42cf-aad0-9bc6e47473a7,1.84,tarama
70772053-8d56-453f-8b7e-1566f64944f3,3.23,tarama
7082eda2-b457-4a6d-a005-51d40d97c49f,1.82,tarama
708d51c9-cfbf-483b-807a-085502804620,1.52,tarama
70937b75-e3f1-44f5-a538-570fc7ea04c3,1.70,tarama
709ee1e5-1e6b-4183-8268-dc66aedc3e56,1.88,tarama
70ba8498-8955-471e-970b-9aee399e069d,1.82,tarama
70baa7f3-032b-4fce-8861-5590ffe4fb9c,2.29,tarama
70bee285-2275-40da-b6a3-b6658ef3baf1,2.02,tarama
70c0e51a-35ed-4fd1-a7fb-47dccaadc959,2.85,tarama
70ca192d-fe7b-41f6-8c7f-a0eeb67b998d,2.03,tarama
70d4f693-4b64-4b88-b59d-e3f25493a50b,2.75,tarama
70dd0e9a-7944-436a-8d80-0b3dbad6309a,1.49,tarama
70e162bb-c232-4da8-8e3b-5d477719252c,2.79,kapi
70e41bb4-e5cc-42db-a60e-494da73dcba6,3.81,tarama
70e451f4-2224-4dc7-bf6a-a7197fe241c5,3.91,kapi
70e62f88-1419-402b-9c5e-71ef7a67164f,1.53,tarama
70e7cffa-db36-48c8-92af-64fa58c51fd6,2.66,tarama
70e8b6c3-89b8-4239-b747-3190526d324a,1.66,tarama
70ed0d68-5dbb-4513-b5e8-e8020c39d2fb,2.25,tarama
70f8100b-ba89-4e29-a92b-3bf7e6cffab5,3.15,tarama
70fc6d99-97ae-48ec-ae21-753132d5a21d,3.65,tarama
70fe13ce-84ad-411e-841d-d8d4bcc18017,3.70,tarama
70fe8cc3-918e-4788-90de-5372b385caa0,3.12,kapi
7109e5d1-4afe-4a5c-8960-46bc84ee56e0,2.31,tarama
71158a0c-95c8-4a39-84b2-6bbdc786392e,3.06,tarama
712c7838-135e-4aad-b166-23054247d1a3,3.18,tarama
712d589f-7a93-4214-9601-68f0683cc8e3,2.42,tarama
7135c476-8507-45b5-ab81-4e2381aec38e,1.64,tarama
713870d0-7273-4098-8edc-a3e6014f3ba4,2.51,kapi
713a5f4e-3fc9-4d12-84df-a313d0e261e0,2.61,tarama
7143914b-b7ff-4ced-99e2-90319a43ad52,1.95,tarama
714c754d-defe-4ddb-819d-9d468965a153,3.64,tarama
714e3f97-7fce-4237-a444-a7e6807b0b54,2.55,tarama
714e8bd1-7bc8-44bb-828f-46caaf9ef68b,2.00,tarama
71512061-edb2-42d2-83fe-17c68a5bd75d,1.00,tarama
71513d2f-3e9d-48ab-9ab4-9d57a5a45527,1.95,tarama
716630b4-54ae-412c-b650-e89ab31ab3ea,3.09,tarama
7167f549-b85d-4c8a-891a-3f33afe504b4,2.12,tarama
7168bae1-7b3f-4826-9fe6-87dca5676476,1.96,tarama
716ff0a9-1769-4548-973f-792febc24cdd,1.99,tarama
7174a19b-55f1-46eb-a138-67bd8165458b,1.68,tarama
717d8f1d-14f7-4e36-ac47-5339f66b49d1,1.42,tarama
717ee41b-35fb-4ea2-8489-14804d522d82,1.20,tarama
71807dcb-4b77-4efd-825c-5cac51c46d55,3.04,tarama
7184f900-b051-4516-acdb-ad60ed4fb136,1.96,tarama
71888f25-6813-43f2-9e53-1db9d782fa5b,2.97,kapi
718ce802-e1b2-44a2-983b-6739bb8715c0,2.52,tarama
718f5883-0a5e-44d9-a4d1-f4a8a8a1c77e,1.82,tarama
7190793d-8ec3-4e39-8c91-f69b0b903e6d,1.84,tarama
7193acad-0cf1-4293-b814-51e60730c856,2.68,tarama
7194fc21-3929-4e29-b34c-5b575adbfd68,1.49,tarama
719ff224-3c07-4815-9c45-b2cd23832acd,1.98,tarama
71a18c42-c669-4009-aac3-8542aa34da15,3.11,kapi
71ab0fbc-298b-415d-8b77-b06c8eea1e29,2.15,tarama
71b3e53c-daff-4351-8eb2-f5f85cb2ae60,3.12,kapi
71b41696-c960-4f66-be13-2b3717a56341,1.84,tarama
71b62b99-9a04-4f90-8692-226cd76169d6,3.61,tarama
71bc14d3-ef5b-405c-8c6d-c66e5088bd2d,2.95,tarama
71bc7b8c-2b97-4847-8e54-356d7cae1a81,3.72,tarama
71bde826-bc6e-4426-8a17-50b8ebd5e02d,2.51,tarama
71cc3045-c984-4109-a192-ae85c009559e,3.59,tarama
71cd0a8e-299e-43e8-b0aa-e41e432daac1,3.40,kapi
71d45807-e01c-4543-8b3c-c126fb989d0d,3.28,tarama
71d56a3e-609e-4569-9126-aecedc8e45c2,1.38,tarama
71d6d522-aae3-45fb-b5e7-33ee154ca497,3.13,kapi
71d849e8-b62f-43f9-a84a-9da1945db632,3.22,kapi
71dd23f8-abe9-4db6-957e-e605c326429c,1.07,tarama
71de62c0-3876-4c64-a741-cca3632501e2,2.08,tarama
71e10795-afb9-4bb5-8329-62c9eda172ea,3.96,kapi
71e1a5cc-3010-47c8-bb02-a1e67c1d9608,3.09,tarama
71e3a194-1b55-4c5c-a6e9-1f3a70397e62,2.15,tarama
71f6d35e-41f3-4acf-b319-c2dd757ed366,1.76,tarama
71f818e7-f134-44f1-841c-fe78c7d50f34,3.00,tarama
71fa00f5-ba0a-47eb-98d3-a2b34fcfa425,2.81,tarama
71fa67b6-767f-47b4-84ca-8d890a8deb4a,2.60,tarama
71fde9b0-07c9-4bb8-ae73-6577b5166ef8,3.10,tarama
72028458-f389-4600-84e0-333657ebaa55,1.48,tarama
720a60fa-2e38-482e-8544-44c7875c5008,1.34,tarama
7212d4a8-6805-447c-ab27-87a282017f80,3.36,tarama
721ce52d-44f7-4b6a-bbd2-82029654f188,2.00,tarama
72292707-f841-4904-843e-893e1b2d9e0e,1.88,tarama
722b464c-de8b-48da-b5dc-03f4bae2bcd8,3.52,kapi
722f3820-a227-4e97-830b-63bf8943a007,3.35,kapi
722f5b36-22ff-4a46-887b-0424e3d7c398,2.47,tarama
722fa4a8-0cfd-49b6-8348-7f4c23c2e7fe,1.92,tarama
72338471-981b-4d03-94c3-7a97a518b802,3.39,tarama
72346811-2921-4c3e-98fc-c66514f89798,2.76,tarama
7238fb68-9f63-45ea-97cd-a591107129ea,3.60,kapi
723ae42c-4d6f-42c9-93e5-c46d52058629,2.09,tarama
72424972-c915-4028-990a-97857c821576,3.19,tarama
72456486-a553-4601-b36e-fa2c35518bb4,2.39,kapi
7256c9fa-78d7-4f73-852b-38df8d5f4643,1.97,tarama
72582474-cc35-46f0-9816-f22476398963,1.01,tarama
725b9dcd-bc94-42db-b1b2-b8e9314d6d91,1.30,tarama
72629343-098e-4cab-b618-dd750d809e76,2.27,tarama
726a8472-99b5-4d2e-a772-adfc0396d5a6,1.96,tarama
726b3c2b-e823-4078-a111-8c7021253d60,2.86,tarama
726e821f-3842-4677-95bd-f3dda46a4a0a,2.46,tarama
726eb43b-60c8-41db-88bb-ff3b094cf22d,2.45,tarama
726ed38e-9c2b-4e75-a3fb-1afc11b0e2ef,2.02,tarama
727311cc-2214-4c80-a078-31581e9ce17c,3.02,tarama
72737d85-fc52-468f-8b7b-900a38596f21,3.35,kapi
72769ef1-5370-4239-9476-9541a97529e3,1.07,tarama
72787816-4d26-4c41-86bb-ef1e5433cce5,2.67,kapi
727a70c4-ab92-4596-8f96-2a48aab60b60,2.62,tarama
72826597-3a58-4d21-a06b-61f5fd847671,3.43,tarama
728dd0b0-a4cb-4b82-9f80-d846705b80f3,2.68,tarama
7293a5e2-887b-495e-9562-9cef89d5a73a,3.10,tarama
72940289-976d-43f0-b499-ff3e63bba5fc,1.75,tarama
72942e10-1f47-4186-ba8a-9c220763f230,3.57,tarama
729e8b3e-ed43-4234-9dd0-decb86ea65a4,2.02,tarama
729f312d-3afa-48f5-8bb1-2302f35372e0,3.24,kapi
72a1bc97-318f-453e-b975-8d838353efca,3.09,tarama
72a6581a-91ab-4d42-8b45-d3114ab2c2fc,2.47,tarama
72a791cf-3837-4d92-abe7-5ab2e885064c,2.96,tarama
72a93be8-bad3-469d-bb19-5bdaf56f0136,2.02,tarama
72ac92b4-603c-4f6c-a2aa-6b66453a910e,3.79,kapi
72ba8ff5-3c9d-49b8-b2cc-528e8b177ddf,3.72,kapi
72c9909b-2d13-489d-b6a3-467fec1f2ea2,1.70,tarama
72c9a764-f336-48d2-aa21-f30c0b552657,2.51,tarama
72ca3993-b46a-46d4-abdb-489410c887d2,1.57,tarama
72ce920c-85d5-498c-b9a3-11b8f600c6d1,1.99,kapi
72d55f00-7e6b-453d-bf32-87be7d4be296,3.54,tarama
72d63d49-bac6-47c2-9e1c-08baae1017dd,1.88,tarama
72d96006-0f03-44d6-bb95-adab9c09594e,2.11,tarama
72e155c2-93d5-4195-8a26-e650822d1de0,3.46,kapi
72e54c7d-fb60-45db-91c8-094fa6470951,3.25,tarama
72e8565c-589d-4130-b5a0-da4e99f630ac,2.52,tarama
72e904fb-fb8a-4929-ba46-66df85316159,2.09,kapi
72f2f7bd-2969-4261-a090-ba33eb70bb0a,3.13,tarama
72f48b2e-e63e-42a4-a536-82f63d2a13c0,1.94,tarama
72f56553-b2fa-4ebd-b06b-903c5c90b2c8,2.20,tarama
72f9fe6e-e678-441f-93a5-4b30f8df9f1f,4.03,tarama
72fc5011-562e-4d16-a1cf-bc6b0f3cce9d,3.71,kapi
72fe0d1e-b4c2-404f-a305-bd81cbb3a5ed,2.91,tarama
7308017c-0c29-4086-a806-d5e04c3ed14e,2.33,tarama
73176d91-611e-4cf1-9dfc-25f6bd754d8a,2.72,kapi
731b797c-b779-4374-9038-09e0e8a4dcef,3.35,kapi
731e635b-14cf-450b-81db-7d16ac28484d,1.97,tarama
7328dd4c-8e80-43cf-8310-996ebffbfe2e,2.71,tarama
73452541-a415-4419-ac7c-f9756a1f158b,2.18,tarama
7353ebcb-2a41-4b61-9b1a-c65e14d0b45e,2.01,tarama
735f81f3-b642-4088-8e0c-31b8c8221745,2.38,tarama
7361f7da-abc1-468c-9eab-b81ac2c16c64,3.17,kapi
736c24d8-474f-46ac-a7d0-c59d30d97f15,1.09,tarama
73727e0d-5503-42b4-be19-75e054678d85,2.18,tarama
737580a2-202c-4590-a8c3-60def3f9d71b,4.22,tarama
7376dff0-9b6e-400f-a62a-fc34124e0fe3,3.07,kapi
7388e2d7-c9ee-415e-b340-78cd6e39020d,2.27,tarama
738a1a70-a18d-4470-828e-5d7babe0b916,2.73,tarama
738a8769-ed27-48c8-af2c-03f3cf3ca593,4.06,tarama
738ac32b-8c6e-4c14-803c-eb3abdf8ee0d,2.92,tarama
738d272b-0a77-4203-b4d2-20b64c1b42d1,2.09,tarama
738d3787-0216-4d3a-8c57-dda4bf92a91c,1.92,tarama
739029fd-cf9b-4182-b49e-43d37364dad6,1.47,tarama
73943626-c83d-49e6-bd21-1c18fe744d44,2.62,tarama
73979f42-e56f-49ee-92bd-62dbd5f338d3,2.76,tarama
73980ca1-8a98-48f7-a3bc-d231c3e2009a,3.19,tarama
739eb00f-532b-40ba-a069-70bf5b7d935d,1.29,tarama
73a0b215-097c-4a7a-9bcd-4f7ec4d6fb3a,3.34,kapi
73a84fed-bde6-4ba7-ae3c-4b4791d10183,1.98,tarama
73b11e97-0c24-48a3-bc67-0aea2a27cbc4,1.74,tarama
73b2ade5-f23a-4a6f-aad3-037390c7a284,3.23,tarama
73b6b290-d179-42a6-9e78-c561d07e3695,2.48,tarama
73b8dbeb-2fad-4823-b4e9-7362e2bd67f3,1.75,tarama
73c0a472-5b6f-43f2-85ff-c830f76b6a9a,3.50,kapi
73c0eae3-7261-4591-9ef3-3633be686887,2.61,tarama
73c850ea-4921-41b2-91ce-fdce98010611,1.84,tarama
73cc7434-195b-423e-a933-fc8b5b3ed5e6,2.99,tarama
73cdc318-3bcb-4384-87e6-a42d5c244033,1.41,tarama
73ce999a-d633-40ec-b6d7-d7da53e02925,3.08,kapi
73d0c690-22bb-460b-8900-47bbde7c7321,2.50,tarama
73d6a149-2f25-4f81-88ca-a615ffa9186a,2.46,kapi
73e29e68-66f0-4e2a-b706-29ed0e71202d,3.90,tarama
73e61d4c-9afa-433c-8434-226dd13dc9ac,3.03,tarama
73eea87e-de69-4452-9a22-c07e7234602e,1.27,tarama
73f1b22b-5008-4607-b61d-37df9c52b4af,2.48,tarama
73f27f24-cc44-42c5-9505-a81d1f74f805,2.32,tarama
73f83b7e-b00a-4369-97f3-3dd1f0e2024d,1.98,tarama
73f940fc-4c7a-48eb-b3ad-73734a4b51df,2.64,tarama
73fa2f10-6280-4c5e-ac39-a118f57432af,3.81,tarama
73ff087e-a1d3-4186-921e-161f96079d9c,3.51,tarama
7400362e-ca0a-4328-a85e-a7b942c64b4e,3.46,kapi
7405892d-13ed-4431-b937-e4154735dcdb,1.99,tarama
74070648-a64e-445d-86cf-cad9e340e867,1.78,tarama
7408d2cb-baeb-429d-8fdb-194b711f8913,2.48,kapi
740fd2e8-ea64-4bf8-b863-88d6d8e98481,2.04,tarama
7411408c-5396-4402-8edd-7615a1b8c24f,2.08,tarama
74185f3e-9743-484f-99b6-7c62109fba7d,3.05,tarama
74204d62-45b4-4684-9084-ae411d797c1b,3.34,kapi
7422ee79-beb4-43ad-8a20-ec875cb94fb4,2.31,tarama
7429730c-81a2-4d67-8b62-915ba4659416,2.34,tarama
742f661c-39c8-4c28-9970-c22603e3097a,2.67,tarama
74314aab-86fd-4f11-b25c-1f8b0209d732,2.98,tarama
7431dc3f-0442-4616-8fc1-3c82c6a8e1eb,3.20,kapi
743ae3dd-1fc9-4258-bd62-9149cbaa2f45,2.92,tarama
743c1cc5-7a0b-4231-873a-dda4b1244d5c,1.17,tarama
743e6d0d-57c9-41ba-91d9-5c0ae6b281b1,3.53,tarama
7447e38a-dbe7-45f4-bf83-20a25f6be190,4.04,kapi
744ceae2-7e3f-45cf-ab2e-ecff3ae952a5,1.70,tarama
744dc1b4-81d0-47f4-8e80-ee72216276cc,2.64,tarama
744ddfcb-18dc-4e9c-a6e5-e54cba42a3e0,2.06,tarama
74553cf4-8fb5-4b7d-99aa-7c13a8757f28,2.66,tarama
7457e39e-7f45-47bd-9e12-b7803172c66e,3.10,tarama
7462d992-d2bc-425e-a8de-a9c2a816bbe3,3.35,tarama
7467e923-1509-4322-86da-bfb42cc8f48b,1.63,tarama
7469fe48-3e8f-4be2-b040-dac09e779ea9,4.08,kapi
746c7404-3279-4d38-9e79-6dce9c355bea,3.75,tarama
746cd6b8-c0f2-4573-bb48-849153e2f6a5,1.88,tarama
746de972-51c2-4efe-9730-bd0363c28a0c,3.07,kapi
746dfce9-54f3-4900-a9c1-86472844e3ee,2.06,tarama
74712df0-55a1-4674-955d-e2f85aea3465,2.59,tarama
7476011a-c0a3-444e-a141-91333560a6e4,3.93,tarama
7479ff5b-9f96-4df2-b369-dc5c4a16e622,2.48,kapi
747a43a4-f81a-4801-8104-71033a1bb010,3.03,kapi
747e1a12-8754-4f45-a85d-d933a9765f05,2.39,tarama
747f09a2-1565-4a24-8980-4231cc3af247,1.76,tarama
74876540-6b19-4f9a-9fb0-4c2a8ffc019b,2.27,tarama
7489b7f7-16b1-40bf-9561-d0a91cd3a8f2,2.45,tarama
748b6e6a-b0ee-49ce-89ad-de8d2d0c9a8b,3.55,kapi
748f2ec9-05be-41cf-9feb-824bdb1b088e,3.29,tarama
7495b5f3-0bca-480e-89da-8ce069af5ea3,3.03,kapi
749602f2-d780-46a5-a684-ce36b9a8f8d1,3.37,tarama
749950d2-c0b8-45b9-99f7-9ac57cfe25de,2.99,tarama
749aff62-7148-4f42-8f69-9b5bb6b42f6e,2.09,tarama
74a03377-cc81-4182-802f-f9fc7fa3c449,3.37,kapi
74a2930e-1cb7-4bd0-82c7-54786857f314,2.50,tarama
74a3332e-d251-471f-8fc7-8ab26d9f1a76,3.07,tarama
74aa4f61-1a70-48b2-ae55-5fe316af799f,3.45,tarama
74b4e016-42ed-4feb-bb40-3e5a9c5d421a,1.99,tarama
74bf8d45-5fa2-43df-8daa-6dfdb8e19cf4,1.92,tarama
74c07b9c-be2b-4b7c-9cba-3f93013312f8,2.92,kapi
74c24233-056b-49a9-a0bd-abbff2619bc2,1.82,tarama
74c2625a-5e60-4266-9040-93557907a303,2.50,tarama
74d3e034-accc-45ad-a62e-b9a4111ff959,2.54,tarama
74d479ca-40b6-4ed4-be7a-070442a3ab41,1.95,tarama
74dadfb7-ef55-4933-bb01-b2f0031f99f0,2.92,kapi
74dbe4f8-18b3-4244-8f5c-254ee179b266,3.62,tarama
74dbeccb-59e7-402e-bab4-3b45f306a737,3.48,kapi
74dd3951-1cd5-4c40-9ac9-32e2714e5f73,3.31,kapi
74dfe361-e4f0-4ef6-bf6c-d42512f8a84e,1.82,tarama
74e3de03-9ea9-4d7f-a41d-7ad394f0f3f5,1.93,tarama
74e49e4e-98d6-4618-aacd-7267f0870445,2.70,tarama
74e54ea9-28f6-4442-8f4a-83b313463a52,2.24,tarama
74fd4d0b-99cd-46aa-b16f-fb5f27b77e2f,3.46,tarama
75037ff5-575a-45af-b414-37418622db69,1.94,tarama
7525a8fc-47b8-4fa7-8808-31611e1c9335,2.18,tarama
752b7aa9-254e-41cd-9385-ef31cb377083,2.21,tarama
75344485-09b1-40dd-bfaf-54a6fb0b241d,2.95,tarama
7535ed03-d01c-44cc-bc6a-5ca263e7d88c,2.97,tarama
75367657-81dd-452f-aa92-1966258049ae,3.50,tarama
753dae39-c259-4c0f-9abd-4a3b0220c3c4,1.80,tarama
754556d9-4e0b-4c66-b359-85254e786b69,2.24,tarama
75457d70-4ad9-4848-8897-2b4c249a07de,2.07,kapi
75461fd8-6edc-4b06-95d1-5c82e5bf20af,2.97,tarama
75486814-71b9-4cb1-ad02-85f667ba25b2,2.46,tarama
75510a27-e86a-46e3-91af-d84bdc62217a,3.60,tarama
755886bf-0b10-4593-a25b-f26e34153977,1.55,tarama
755904c8-65d2-4493-844d-a8edf6b6d609,3.73,tarama
755bcea2-a766-4b7f-82e6-62d2bd2a66c4,3.05,kapi
755be283-f5f6-4010-a634-64601e088cb7,1.53,tarama
755d90b3-92d1-478f-bbab-413e4ce4cb0d,1.95,tarama
755fde8c-4af3-4aff-b544-6ecc96a2d891,2.13,kapi
75635756-3cf0-4e55-8832-9916cf0046f2,3.48,tarama
75671524-4685-463c-b3b6-4569f5455fda,2.80,tarama
756a7ab1-c7d6-4122-886c-dc0c05fcdaed,3.66,kapi
75724a17-4309-4d9b-87bf-f72faaa60859,3.05,tarama
757e257c-a211-4826-8a4d-707919ce86fb,2.46,tarama
75965274-394f-463a-87ec-d45431024079,2.03,tarama
7598fe2d-cca2-439c-9ed2-cd18775311c2,2.89,tarama
759e4ba7-4c50-4208-aa29-1225bfe300c5,1.99,tarama
75a9719a-8f5d-438b-8591-d5c4151ea8cb,2.05,tarama
75ac39ce-1bfd-4c1e-b8da-50deaa9c1ffb,4.11,kapi
75b04a8a-1fa6-41ac-837f-88a65e69f2ee,3.52,kapi
75b2f685-a68d-409b-bd50-e182a18b7745,3.72,tarama
75b43ed5-f0d0-41a1-913e-27e9da5ade1d,3.61,kapi
75b47d1f-b926-4ac4-8997-a97ea3d9a533,2.69,kapi
75bcadfd-6e0e-4e5c-bee2-aa8dc2c8d943,3.88,kapi
75c038cb-5ed7-4273-91b0-00fcec9e997a,2.14,tarama
75c6ee0e-cf80-45b6-b253-f59bb3047c6c,2.68,tarama
75cc0999-a952-4db2-964c-fb555f4db581,1.99,tarama
75d54620-2b7a-404e-8977-2b7d904a1011,2.68,tarama
75e55e32-2cbf-4fc4-beda-1ceb0b46831d,1.94,tarama
75e6fb6d-bf35-45da-a963-b39c7deda5e4,3.45,tarama
75e89236-5e8a-4cb5-938e-9b7f83a90aef,2.33,tarama
75e9fc72-ca06-419c-9083-82881a49ed74,1.81,tarama
75fb4ac6-a00f-4b42-8b4e-f4d88d74d7af,1.83,tarama
75fd1c88-9aa4-4be3-bb8c-bf703ac8b3d0,3.34,tarama
75ffbc64-eab3-4aeb-8747-2ace520a445d,3.66,kapi
7601cc3b-b427-42f3-827b-0b0cbfb87408,3.90,tarama
7606faf9-392f-4ac2-bf1b-386dbfbe9383,1.98,tarama
760b269a-84db-4d25-ae62-b2ed9920b3a7,1.46,tarama
760b4c0f-2663-4415-a67c-f6af037fb74c,2.58,tarama
761c5406-4080-4bbc-8fda-8974c60d2037,2.61,tarama
761ca836-ef79-43bd-88f4-2b4cf36b7d45,3.67,tarama
76256752-ef04-4227-ab86-e27caf43d949,2.06,tarama
7627a617-c486-4db8-accd-02cacb32bbba,3.29,tarama
762d9e39-d17a-4aee-abda-19d89651b80d,2.95,tarama
762e61d4-78a6-4241-9ac4-4edb8323c325,2.01,tarama
76300cb4-adbf-487c-a1d8-5759f75caa70,1.95,tarama
7633c5cb-f6c5-4090-8ab3-85a73c25ba20,1.78,tarama
76377ce7-2aa8-45a3-a4bb-4191e1f50949,2.20,kapi
763d46a3-6f59-4e33-a398-2a4521fe1d68,2.80,tarama
763df508-0631-4d67-8dc6-1fda30c3d167,3.90,kapi
764381cf-5ce2-4f64-9c01-b10062e2a34a,1.64,tarama
764593f0-f40c-44e0-b0b7-0a799763a5d1,3.30,tarama
764cf84e-ecbf-4ad4-bf5b-fed9259b1385,2.73,tarama
764d225f-bcb0-414e-a0c9-dd2d0e9d2355,1.77,tarama
7650aa45-8329-452a-b46a-271e0b3e95b2,2.66,tarama
7656013f-ffb5-49e0-9d1c-0cb0ac941982,2.35,tarama
76581249-b87e-465e-bfa9-5772178220bc,2.27,tarama
765a2fcd-204e-4afb-8847-14a9247b32b7,1.13,tarama
76640fb6-1118-49df-9a85-8d364be33a61,3.54,tarama
766663e8-92f8-40f4-9ede-36a16d189dc5,1.53,tarama
766726f8-a86b-48e3-9ae3-e50f17b11d5b,2.19,tarama
766fb0d8-88f3-485b-b81c-89f7e8a5433e,1.93,tarama
767434d7-3ecd-4aed-8618-9d40d38d599a,3.18,tarama
76784534-4d41-44b9-8c95-c0e205bf3ca6,1.39,tarama
767e722e-b538-4092-9efd-2883dde51386,2.47,tarama
7682c116-3d39-46db-82db-720c842f6da4,2.85,tarama
7688e806-a953-4e06-bd46-a81b5487be20,1.79,tarama
7689058a-9fc9-4d17-bb7e-8670e6e43a82,3.60,tarama
768acb3e-2804-4e76-a327-99b0fec4881b,2.77,tarama
768d77ee-c2ac-4ab8-a4aa-826dff3a14a1,2.06,tarama
76900ff7-3618-448f-8653-ac9dbbec2f4a,2.99,tarama
76931a1d-5430-484d-b8ed-7631b064ebea,2.14,kapi
76987671-bdf9-4ffd-a85e-2f23941f7f6b,3.90,kapi
769dd522-ff13-458a-95a1-f597753c3854,2.55,tarama
76a1d49a-2fad-4e80-bcfd-9cba13812579,3.72,kapi
76a20e93-d5b0-4d5f-b492-228e887dad4f,1.46,tarama
76a81f28-9331-449a-9807-147ff35763d8,1.94,kapi
76aee377-aa14-4833-87d5-16c00015a1f0,1.94,tarama
76b22d58-9504-4956-8d68-8654a7925ffb,1.92,tarama
76b32cf2-2447-49d5-8e7d-d1f1d5c8106c,1.33,tarama
76b44477-0bfa-4c05-837b-051bd7b530e5,3.18,tarama
76bbab1b-b196-42f5-947f-1cd974b75bf2,2.00,tarama
76c06483-27f4-40b3-aff6-2dcb0003b83d,1.63,tarama
76c3d9af-6995-4661-84a6-7c292ed7b803,3.95,tarama
76c5ae49-6f08-4963-80c4-08e5e183552b,2.68,kapi
76cab5d6-2521-4498-a181-0f4d15c178f7,1.96,tarama
76d270d1-dfa8-40f9-83b4-9d5474110de8,2.49,tarama
76d31d2e-ea12-4a59-b5ee-fb414abfa1af,3.25,tarama
76d60e96-ef25-49bf-88ae-27b83c9455e7,3.52,tarama
76e254c0-bfab-469f-8dfe-55095ba64674,2.91,kapi
76e380b2-8c9e-46d8-8856-13240ce8a185,1.94,kapi
76e82594-44f7-415f-9745-0c169cdf5a2d,2.37,kapi
76e9ff2a-e18f-49b7-ac61-616b76c6eb1f,2.32,tarama
76ee9d48-fecb-4614-9bb5-98c5b88b7e83,2.12,tarama
76ef974b-b653-4aa6-9c57-9151bf656852,2.38,tarama
76f27cc3-20af-4d1b-975c-c17ab83b1982,4.10,kapi
76f3b94e-b5c2-4bb8-a408-61af7bce96f9,1.96,tarama
76f5d165-1e3c-410f-b00b-0b91b7098466,1.97,tarama
76f7e816-7155-49e1-8285-b1016107a93b,2.02,tarama
76fac513-7e20-48c8-9bc6-b702bb86348d,3.34,kapi
76fd7bab-7f6a-40ed-be18-bf0f48584f2c,1.81,tarama
77049347-22df-400b-ab0c-2247a084be17,2.75,tarama
7708b01a-7ca2-4583-bdd5-ae5fcea8f446,1.45,tarama
770b9ad4-5cff-41a1-947f-544c9f61a766,2.34,kapi
77113f1a-5ded-48f4-affd-61eb70af0dcf,3.15,kapi
771465b2-f349-4596-8354-f480fde35cd4,1.79,tarama
7715e3b1-667f-4ced-b560-893751ade9b5,2.68,tarama
77230376-a704-4d55-b0d8-3d5a5a1e861d,2.60,tarama
7724aa9c-e32e-4331-8b3e-740638bbf54b,2.38,tarama
7726b1e9-7eef-4779-82b4-6f5b6dac3470,3.77,kapi
77304c35-7b83-4a75-8d78-9e46de677d99,4.19,kapi
773d6548-aef2-4d6d-87ab-b5230973c8e5,3.54,tarama
7747b72c-a801-4a48-b397-c806c9f1ab36,3.05,kapi
774ea136-14c7-4807-96d1-a070880c82f8,2.67,tarama
774f5e28-8aea-4101-b06d-889e272c1f9f,1.65,tarama
77519218-c5bf-4559-97cc-fd6020caa912,3.45,tarama
775469ae-b91c-4f72-ae47-fc941f213d5b,3.08,tarama
77564e9c-6ff9-4edf-8deb-305abc2b93b8,1.99,tarama
775b6d1f-9591-4d85-b4cb-6e0cac4140af,2.91,tarama
775d54a0-4e80-492a-bf14-e7d0de451b39,4.12,tarama
776d7a2b-9688-4908-814d-53e7efc84657,2.08,kapi
77740db2-9ee7-4e2d-a490-3fb974a1d0fd,3.53,kapi
7774e492-c7be-42bc-897a-5fea3fba2449,2.45,tarama
77767fac-260a-415e-82d4-0c6cc31cc82d,1.97,tarama
7786c166-75fe-4ba9-bc30-7f7a473d73c5,1.98,tarama
778b6223-f6ea-4d38-8b0e-2be36ddc499c,1.13,tarama
778b6254-9c05-4585-a54b-b47a653e719c,2.05,tarama
778cc12d-d0f4-457d-836f-dce338270ac6,2.06,tarama
778f1442-ff05-4114-b2e1-70eb7e85f6f5,1.93,tarama
7796a55d-4985-4d48-890d-3da63c177e16,3.18,kapi
77992f69-600d-49e5-bdbc-274435b410a4,3.24,tarama
779e8b8c-ce4f-44c7-aff5-dfc25de57505,2.47,tarama
77a020d0-4c79-4e91-a259-7185c87c8d9b,2.53,tarama
77a2b7af-77e2-4269-a89d-fc9cd465950a,2.85,tarama
77ad8aba-de69-42d7-9a92-f738ecd08893,1.88,tarama
77ae2dfd-009e-429c-a584-42fc71f6cc8b,2.31,tarama
77b2a150-a1d8-455e-9073-98b53a06f602,2.03,tarama
77b32477-ad8f-463b-8f32-c291b9724424,2.21,tarama
77b8a9df-5fd5-4daa-a2fc-e37b3d878378,2.29,tarama
77b8e0ee-b5b5-4e47-a66b-dfcbcf2f992e,1.28,tarama
77bf3621-6176-45c5-80ca-93e17438856c,3.19,kapi
77c1e783-bfc9-4232-afcd-d163afb4c2e2,1.52,tarama
77c4437a-3280-4005-8bc0-2f4a94c0f086,2.25,tarama
77c54a9c-7b3c-489e-99ed-99113ab191c6,2.35,tarama
77c705ee-a4d6-41c1-9283-381f88c7cb14,2.16,tarama
77c9e5aa-e175-420e-9151-8b19a25f6a1f,2.53,tarama
77cd4ef2-92e0-4e77-b44b-690cc9babfb0,2.06,tarama
77d6e47c-5450-4fca-86a6-9ab9d490744d,1.60,tarama
77f16153-b221-4744-8db0-870d42db11e1,1.92,tarama
77f8545a-cce3-49e4-9f95-6b205c0e1dc6,1.90,tarama
77fb090c-6ec1-4ced-b161-83d29a0ff337,1.90,tarama
7800065e-449a-48a2-9a0f-0eaa39784aca,1.83,tarama
7818d995-cee3-437a-be8e-6c594125fb18,3.89,tarama
781f7035-fc3e-4b4a-910b-62c5eb72583f,1.52,tarama
782575b7-9b52-406e-8e8d-e50a1b8907cd,2.03,tarama
7826c55f-9794-477b-a453-b7372cae07fc,2.13,tarama
782a5c3b-ce4d-42f5-8b19-5ccb45d3bc3f,3.30,kapi
782cacd6-0987-4ba0-8eec-63f2e8629c20,3.44,tarama
782cef1b-e5f3-4a27-a440-8cc96a526077,2.29,tarama
782e3371-ac12-470c-bfb9-5440c8eb2834,3.88,tarama
782f09d3-3e5d-4939-9e02-aae91692bbe8,2.34,tarama
783113d5-6d31-4fbe-88ff-36d0492c8496,2.94,kapi
7838fc00-ff15-4179-bd21-40babeab4163,2.77,kapi
783c60e8-6355-4a66-affd-0d20f7b81838,1.75,tarama
7842de93-2481-428a-ae0c-1c58fd002cc2,3.16,tarama
784ad954-1871-4cc5-af3c-cb659e808f47,2.62,tarama
784c4c97-2184-42df-aac9-0fb3658b545b,2.72,tarama
784daa1a-4e28-425a-a920-2a9c23b5f5d2,2.13,tarama
784f34c0-8779-4005-8c80-91e70286ec3d,2.99,tarama
785004c6-6357-4210-b2e2-577c8c718e71,2.97,tarama
7857be0e-8aed-44c5-a3de-537e713824a6,2.78,tarama
7875a5bb-21eb-42d6-a5d7-9a5bcd830d37,2.95,tarama
7876ac3e-fbb5-4d62-890b-08b2d713bb3a,3.90,kapi
78771ade-0a5b-456e-b883-0295808f2e2e,1.78,tarama
787b5f72-f426-40fd-bed0-d58e7e363e30,3.88,kapi
7881f712-b5cf-44a4-b1bf-93f707e9d0fd,2.47,tarama
7883fd55-ff99-495b-8dc3-288e93366bf6,1.60,tarama
788836a9-f833-4cbf-a3e0-473e186af330,3.12,tarama
788cbead-ea74-44b3-827d-59b3832f7d72,2.83,tarama
788d2c49-cae5-47eb-8906-b4c03d33b12f,1.91,tarama
78912b57-58d3-4db1-bbc9-378d346ace3a,2.98,kapi
789ddd71-524b-4277-aa63-09fd81f98515,2.88,tarama
78a2cc63-bde0-4a61-a73b-a34e9fd6bf9a,3.44,tarama
78a8cf76-3909-4b5c-b74c-2307fe07c2fc,2.65,tarama
78a8f04e-14ab-4cc1-9059-7a8f3caeb469,3.83,kapi
78a9715e-152d-4e92-bb9c-f5c97017fef1,2.26,tarama
78aa1cf0-f179-4346-8ae5-77fdb5565c85,3.36,tarama
78aa4ca3-4a5c-4455-8909-e63e7f0b7a9a,2.52,tarama
78af0f98-6fef-4708-b304-b4010f7fa032,3.68,kapi
78b6e02e-1482-42cd-96c2-8f175ea33065,3.19,tarama
78bab7bb-f83f-44ad-8a7f-03a3ffad5d2f,4.09,kapi
78bbef5c-386d-47f3-b5e9-bdda1d165812,2.38,tarama
78c34c3d-3ba4-41bd-8119-bb44d43f49dc,3.11,tarama
78cceebc-5f62-498c-b403-0d5720352d22,2.06,tarama
78ceb880-1ff0-4bee-87fc-eb6bea5c8f00,2.17,tarama
78d46159-2514-43ce-a43d-71fabaff8dde,3.21,tarama
78d671f8-dbc7-47e2-bfcc-8b2cc7ab16ae,3.54,kapi
78dda7b8-a7ab-4f6a-9f28-fd0e3d829d55,2.07,tarama
78e2f926-7702-4a50-99a8-5710e50ede28,2.40,kapi
78e331db-4626-4e15-9e78-94dabfdeddd4,4.29,tarama
78e5cb4b-68f1-46ff-aeb8-efd7643afbc4,2.11,tarama
78ea03dd-e097-4224-8afe-475b2d03e5e2,1.32,tarama
78f0fda0-3478-4e6a-9ab1-6fdd5ddb19c2,2.21,tarama
78f30c92-55ce-4c49-b776-aec2289720b1,2.26,tarama
78f3d626-90c6-481b-a615-08043c113888,2.77,tarama
7904a593-bf6c-4d3d-b19d-0c6285b11dc8,2.45,tarama
791b29a7-2a19-4aa1-92e9-f3e2c9725b04,3.03,kapi
791f42f0-e75a-418e-ac68-79dbd851f0db,2.25,tarama
791f452e-f719-4f7d-94d9-7511a28a20fe,3.00,tarama
7923f499-0370-479e-b69e-4abbd48bdad2,3.03,tarama
79252d01-c629-4570-96c0-67a95407b12a,3.88,tarama
7926c5c9-3253-4cf9-bd0e-a6e4a85f867d,1.86,tarama
7927b9a5-08e7-4838-9185-56322788840b,1.79,tarama
79285465-4a4d-4647-b17d-e016c884a756,2.87,tarama
7937f721-b230-4477-8614-899e180df380,2.73,kapi
793b974d-d030-4025-b1e9-994c5a2e97a6,3.77,tarama
793b97da-e8b8-4849-9c59-cbcecdb60af0,1.59,tarama
793f1900-e496-4b6e-8d8d-83a29f1e44a8,3.01,kapi
793f96fc-3117-452d-9db6-f95f07cb27ce,2.06,tarama
793fef80-ca25-4b49-9437-1306300c59e5,2.20,tarama
79477bea-573d-4da3-87c2-78ebba150986,2.02,tarama
7947c94b-325f-48e5-bcad-464e38fe9582,3.77,tarama
794c5bc3-b83d-4786-888a-cd4fbe16f85c,3.63,kapi
794c61a1-9105-46bc-a179-b47f9bf2331b,3.20,kapi
794e2423-56a5-4c6c-b8d4-ca0c167d95b1,2.05,tarama
794e77e3-3cd1-4cb5-b912-217999362a5d,2.79,tarama
79546bf7-6d3d-44a6-a704-1bdb9b86e8d3,1.92,tarama
7956fcc8-0324-496a-a807-246c98f93fcc,1.59,tarama
7962cf24-5426-4655-9c85-91b62f32e924,2.94,tarama
79686e00-80d8-46ad-bea0-3bd201c76831,2.94,tarama
796bdc51-e096-4468-a06e-21b93b8de2f8,1.86,tarama
79706d5b-078b-48de-9059-8d483847eda9,3.63,tarama
797370de-0013-4942-80ae-570aa212de6d,1.58,tarama
7974c328-e17f-4e0d-bfdd-4f8235ea4990,2.36,tarama
797aa9dd-4e50-45c1-b19b-73ad91eed233,1.99,tarama
79863f30-a3ad-4b2e-889d-431de8dfbe42,3.15,kapi
7987a08d-42a4-4084-a3fd-36562ced9a01,2.53,tarama
798bf606-eb35-4be2-a248-a4adae19dc4b,1.80,tarama
7990ef9c-4a39-4e72-801f-a2418f7c26cf,2.26,tarama
7991d052-67c8-4018-89ba-fe6def637fb7,1.71,tarama
79986ce4-a86b-4641-a80c-13263c9355c4,2.94,tarama
799a94d1-82cc-4c91-9349-288a82e95774,3.07,tarama
79a052be-3f84-4307-8ff9-2392a9413e87,1.68,tarama
79a13240-5e7d-4543-9a2b-ef0b9861411c,2.33,tarama
79a4a2f7-26c8-40b9-b990-6ad104b25f81,2.62,tarama
79ad55af-2955-4265-9568-746d170a46d1,1.87,tarama
79adf793-f085-475b-adf6-35513b54975b,3.68,tarama
79af0431-7bd5-4185-beff-008bc39d28b7,1.63,tarama
79af6e65-06eb-4a11-a929-2ca9e9fbdc9d,3.15,tarama
79afcdf2-3eda-4e68-9e18-ccd26670e9c4,2.64,tarama
79b1abea-ae2e-4750-b399-308006a77ace,3.58,tarama
79b1bc66-ff72-4221-94fa-c962dae1f0bf,2.86,tarama
79b8d60d-4968-4415-9df3-1b4acd86608a,2.18,tarama
79bcbdc5-397b-4a9a-a3f4-0c3a536a68d9,1.74,tarama
79c01cbc-9ecc-4154-826f-926ae4f3bac4,1.55,tarama
79c27bfa-bef8-4c09-a704-5abad0076f91,3.58,kapi
79c2a7bb-6c45-416b-b4d1-70442073ac0f,2.18,kapi
79c6c3da-9f36-41f3-a971-17fd01d5773e,1.99,tarama
79c8deb1-78c1-4563-924d-3a0553c0f7ab,4.31,tarama
79cac15f-11d7-4784-981d-890adccc9e42,4.01,tarama
79d387f0-a2c7-48a8-bb51-09e696f15470,2.65,kapi
79d492e9-1177-4c7a-97e7-c518b4056ec7,3.46,kapi
79da5e3f-4503-45d5-bbc4-1e576df74f45,2.66,kapi
79ea2a21-8f58-4b68-aeb9-ae48cb106478,2.04,tarama
79f20dd9-1079-46bf-8614-dfbe150ffe7c,3.05,tarama
7a071912-ce6c-4471-8940-7c2dd4276a74,1.25,tarama
7a0b7c56-5741-411a-844d-fb8da1485f35,3.03,kapi
7a0b9f15-1060-4df2-8448-f2e503e01b73,3.03,tarama
7a0f311c-15f9-40d2-809e-f1e2304e4f75,1.21,tarama
7a1417d8-8a2e-40e3-bb9a-6b4d1e5f9e9d,2.69,tarama
7a1c8cf8-3629-4b77-b9c8-45f78d9e991b,1.36,tarama
7a2121a1-7a9d-4dec-a9a5-09fcf7bd7a28,2.29,tarama
7a309044-e52d-42c9-a5dd-65bca5a763a1,1.96,tarama
7a31cd03-1999-4adf-8fcf-8ea935bb6f13,1.00,tarama
7a3f7781-b964-4e55-8814-d3ca56bf7e60,3.07,kapi
7a48214b-d9e0-484f-b33c-e0df7eec92f3,2.40,tarama
7a4edcb1-2d04-43be-908f-9fcac0374fc7,1.75,tarama
7a5a51c2-8d45-48d8-a173-cf08f591ff60,1.96,tarama
7a6057e8-3706-4fa8-bc2b-01bfcd5a7921,2.59,tarama
7a64238c-4992-4d3d-960d-971894a894d8,1.86,tarama
7a66de0e-7e88-4fe7-aba7-252a51b49c79,2.55,kapi
7a69b92f-8ac0-49e0-a8b6-6942f39d339d,1.91,tarama
7a6f4cde-433b-4789-a5c5-1dbb9d00b580,2.00,tarama
7a6fbd45-9377-4bf4-bd12-ae1b4feff7eb,3.13,kapi
7a71dabf-b307-4d5e-8ab8-67aa7c5587c4,2.15,tarama
7a80409f-4f82-4d8d-b812-38ad4e77631a,2.71,kapi
7a89dce9-2af2-4c66-a571-c3ba9ada3e8d,1.88,tarama
7a8ed9cf-a237-4238-a67f-00a1714dcc45,2.61,kapi
7a930531-d5c1-46d1-b86d-a74e029879b7,3.51,kapi
7a939b14-07eb-46db-b559-958d0817f910,2.02,tarama
7a98140d-ddd9-4d43-b7ca-6d4b91d89a58,3.56,tarama
7a98a4bf-9cbc-4248-a984-cbdfec809507,4.02,tarama
7a99a249-6cfd-4770-bba2-2b3e7e3bff35,3.29,kapi
7aa09491-965a-459b-affd-6a5fd5e0e30f,2.47,tarama
7aa6abd2-44d5-491e-8037-10697305415c,4.01,tarama
7aa8287d-3377-429a-bfe7-734ca3c83ac3,1.66,kapi
7aae9c9f-05e5-4fa6-9859-a81d7ce45da1,1.48,tarama
7ab45305-86df-4ba6-b46a-1421f5ef459f,2.34,tarama
7ab4bf06-0e50-4127-b524-3e7a6a8772a1,2.24,tarama
7ab4c526-2ce7-4456-9a32-a0d34f366a29,2.63,tarama
7ab67015-c2bc-4a03-99a7-1dffc1606a4e,3.84,kapi
7abc1fac-f88f-4530-867a-ba7fa07e9482,1.97,tarama
7ac0464d-7eea-4770-8096-0ef9c9472b25,3.48,tarama
7ac1f068-1d6c-4095-9f07-1f3a2f19c37a,3.43,tarama
7ac3856e-c22d-4980-80e5-e31252145144,4.02,kapi
7ac3e744-9554-4bee-b94a-448a6d3500cf,1.37,tarama
7ac9e308-16b9-4470-a7e0-2456e64f3350,1.77,tarama
7acf4667-cf26-4060-96a2-68e94198df26,2.47,kapi
7ad0b0f2-7cd6-4a1e-9c18-a1cc138b2ecd,2.79,tarama
7ad2036a-4413-4b41-8e62-7853b7a1bcbb,2.94,tarama
7ad4b3f8-3311-4f5b-bee2-a7339ef0f22a,3.06,tarama
7add689c-4666-4fa5-92c5-1ae2c27ff841,2.13,tarama
7adfea42-735a-4823-b21e-ed5fac4b1a34,1.60,tarama
7ae54081-d7fa-4397-8ec9-696cd0936d5a,2.16,kapi
7ae79fb3-2040-411a-a820-fa89905e2ce8,1.82,tarama
7aea5858-1dfd-454d-b040-d7469c70e8d8,1.66,tarama
7aee413b-d2d0-459b-9a51-1f09de1cec62,3.69,kapi
7af295d7-5382-45e6-976d-34e7c556562a,2.83,tarama
7af9e8c8-29cb-4268-ad00-d80e506db7d2,2.68,tarama
7b0121b7-b7f6-4d34-8e5d-ceb360b440fb,2.47,tarama
7b0155b3-e224-4078-a4e2-3f1ffb30a17b,3.96,kapi
7b015cdc-4d2c-4b57-a5ed-4aa1b58f0b46,2.97,tarama
7b0346f0-b6a2-46b8-bbea-4aa7e8d3196e,2.76,tarama
7b071cc7-e5dd-46c4-a773-329af9307cb9,2.52,tarama
7b073ddb-64cd-40eb-9122-13cfd7732b42,2.08,tarama
7b0b02d6-0487-461c-a2af-83a9cda05b19,3.45,kapi
7b18878e-9694-42d2-8783-db1767774db9,2.74,tarama
7b1889d4-a29b-46c8-b12b-7713ad9e5d21,2.92,tarama
7b265564-becb-46be-a81b-8a17d6bb73d7,2.24,tarama
7b3783f1-c253-4b3b-ac24-8da2df6c879f,2.21,kapi
7b3c2392-c103-43a9-925d-70e101df984b,2.36,tarama
7b3e91a5-90a4-4d22-b4b9-fe1720987d4a,2.01,tarama
7b4ac358-9bbf-4d35-ae99-ac58be746f0c,2.35,tarama
7b51555e-0fa6-45d2-9341-2dbabb3bd6f0,1.94,tarama
7b52d790-7181-4dc5-8262-5f5ec515d952,2.09,tarama
7b55a973-f4bc-4565-adaa-38974d17c5ce,3.76,tarama
7b57d2f1-7b15-4cc5-863a-19991dc119ab,2.86,tarama
7b57f339-7952-4e94-a860-cd1663af276e,1.61,tarama
7b5ab3e0-ea23-487f-89c8-7a7937f164e6,2.30,tarama
7b5e9b5e-98f7-4998-8dc8-6e16857db48b,1.29,tarama
7b5f7c9d-bb2d-41e7-bef3-68e277f01f6a,3.50,tarama
7b69cd08-a8a9-46c3-8b2a-752ec4c79c90,2.87,tarama
7b6feacc-ad93-4b79-9b27-20f24601ca2c,1.83,tarama
7b762f24-bdd3-4880-91ea-f5566c360cd1,2.96,tarama
7b79ddfa-bfd5-401b-af20-e0eba49a9bdd,2.01,tarama
7b7ae052-0c3b-492c-b95b-0729ba0c16ee,2.57,tarama
7b7c59a2-d692-440d-9d93-f0d291cffde0,3.39,kapi
7b7f6b69-9eed-4695-80a3-079bc8d17ed6,2.59,tarama
7b805ace-bd34-4d19-840c-f105d4380939,2.28,tarama
7b85e3b8-9fac-4d16-b721-0ab00503aaf5,1.40,tarama
7b8c51f1-0774-401c-83db-b418141a509f,2.39,tarama
7ba345b0-b2eb-48e5-a59b-702949e970cf,2.23,tarama
7bae7e45-d9fc-42d8-b551-155bd2c3ea9c,1.29,tarama
7bafeeff-fb61-45ea-87be-66cdf298f2f0,2.68,tarama
7bb1dd9a-c8ff-4674-a6bf-be4ea6cfc047,1.48,tarama
7bb2fa85-60d0-4e02-80b2-75776046e0a8,2.89,tarama
7bb6d209-943d-4e85-9b09-b9ce06329fd5,3.21,kapi
7bbb3938-2963-47cf-a068-d59413593a28,1.17,tarama
7bbc15f4-09ee-4876-8346-7bb2a21b253f,2.49,tarama
7bbd4253-27b8-41a5-a80f-0eebb4ca2f75,1.87,tarama
7bc1424f-d002-4fc3-942a-2cd8ecaac843,3.34,tarama
7bc21bcf-dcf3-4c3b-b957-056e90e6a268,1.83,tarama
7bc9110d-b1b3-4922-b316-72449b6105f1,2.03,tarama
7bca4e49-77e1-446f-8bb1-da7d6d7f122c,1.88,tarama
7bd78dfc-56d0-47fe-8cbf-b7a2c0353462,3.51,tarama
7be2297e-9d54-4295-af39-78637bbc45d7,1.93,tarama
7be535a6-8a8a-4792-9237-f495de335abc,2.37,tarama
7bec0105-450b-408b-8d7d-82be5479ba30,3.67,kapi
7bec4518-2ef4-47bd-acdd-09558578bfa6,3.71,tarama
7bf7a256-756b-4dcd-96d8-9b91cc170042,2.80,kapi
7c0051f8-0fce-4423-a070-cf01f587c657,3.34,tarama
7c069fe2-493b-47f7-87c5-9937af31e0d5,1.78,tarama
7c19e1c8-8671-449f-ad17-167886b4d039,1.96,tarama
7c1e63ed-9159-4975-ae1f-3eae82539f59,2.08,tarama
7c1e7d4e-1b24-43e4-bfd9-d395f19add2b,2.81,tarama
7c1f43c0-f5fc-46ee-b31b-f8570ceef0ef,1.98,tarama
7c23891d-9fbd-4cc1-8f13-90fdd56d612b,2.38,tarama
7c23ffd5-fd79-4eba-8fc2-9a022b788297,2.36,tarama
7c2d1423-77af-476e-acba-4a79cfa7c6a4,2.11,tarama
7c2e9013-5ed7-47b5-8162-146d9a893963,2.32,tarama
7c3105f7-9f95-484f-b62a-832bff0cf36b,1.82,tarama
7c34ef5f-1213-4b69-936b-e35c9da6a949,1.92,kapi
7c39a9cb-0d96-4801-8f2e-3e749ae11e13,3.31,tarama
7c3ac615-3335-41d4-bca7-071d7bba5ece,3.16,tarama
7c3b5c98-efa2-43c9-a308-e465084202f0,1.84,tarama
7c3cf6b1-f100-4b37-9f47-fad65b14ff95,1.98,tarama
7c3ec125-5fa7-4423-a665-73e26c60130b,2.75,tarama
7c442124-b165-4474-96a3-b9ce5e7ec02a,2.86,tarama
7c4abf34-64fc-428d-8e77-5cbcfb9967f6,2.48,tarama
7c4cc6e5-659c-49c9-895c-14615bd0ffca,2.27,tarama
7c513597-9670-4125-92f2-2296ef6a0cc3,4.23,kapi
7c518fbd-89a9-4c15-bb65-833cd5ed2163,3.34,tarama
7c53921c-260c-4b72-aed7-9188fc145099,1.12,tarama
7c556621-7d26-40ba-95e1-cc48de6f7669,3.20,tarama
7c5ab024-5d37-4860-b5ab-2f1852e92489,2.28,tarama
7c5d4f7b-a284-49ab-b6aa-886daaa854c7,3.37,kapi
7c60c170-df45-4cba-bcde-d4655abd6969,1.44,tarama
7c63a87a-85c4-48c4-ae85-f28d306b8609,3.07,kapi
7c661c34-eeb0-4a5a-a860-bf3621987f08,3.10,tarama
7c67d913-a226-490d-8dfa-bb57925d64d6,3.30,tarama
7c6dc646-0cb5-4b4b-9f5f-7b6de07e59db,2.49,tarama
7c6dddd9-3537-412b-bb47-55f34a90c238,3.12,kapi
7c6e850f-3b5b-44bc-87f3-414890634098,2.89,tarama
7c6f2c48-1a4b-427a-bdf7-1d5cbafaf80c,2.09,kapi
7c72e21e-df5a-4ef4-975b-62facbf04a83,1.73,tarama
7c766dde-6e35-4b00-b51f-c8c215c3548a,2.68,kapi
7c78cefd-aae3-4626-874d-b9d6a1e5c604,2.59,tarama
7c7c6178-10e9-4bfd-bca6-3a131eecdf32,1.99,tarama
7c8a1bcb-1f00-437b-84bb-e5db5cb7a43f,4.02,kapi
7c97b225-b623-46e3-bd8d-bbbc2827aaae,1.99,tarama
7c9b6ab3-41dc-4380-9bbf-d64f257d66b2,3.40,kapi
7c9fdd74-cea6-416d-9764-04bb71a894a5,1.24,tarama
7ca1c643-6293-46bd-8dc9-16d10e4516fd,3.31,kapi
7ca1ff01-a92a-4946-8959-d5b24c61f008,1.93,kapi
7ca21ac2-c0f8-40c5-9062-14ea50d6d24b,2.84,tarama
7ca53c57-245c-43cb-b5fb-cfe7ceee2959,1.40,tarama
7ca77966-9d4e-4e89-bc57-f3bc9f7ee6ad,1.86,tarama
7ca81a4e-9f38-42dd-9732-55a8b5cb5a97,3.51,tarama
7ca906cb-4c6c-44dd-b0fd-413ab7753799,3.50,tarama
7cbff9e2-7c8e-48f2-8311-dc3a93e4d0e2,1.87,tarama
7cc32c2a-8149-42d1-a85b-379bf875e317,1.74,tarama
7cc68b5f-a9f8-4370-a9b9-9d60c98e0dfe,2.70,kapi
7ccaed15-5850-437a-8691-37f2bc6ccadb,3.52,kapi
7ccb3be7-c74f-442c-8694-d3ef5dfad20d,2.02,tarama
7cda0943-eddf-48d5-b213-e7fa893c29de,2.94,tarama
7cde6a04-85de-4b46-b9c3-bb55103f594c,2.05,tarama
7cdf9760-ba05-4cec-9027-debcc1daca0c,2.89,tarama
7ce41e8c-52c3-4135-945c-5a10eeb802b5,1.90,tarama
7ce9dfcf-c8b6-4679-b34f-201a92d137e9,2.29,tarama
7ceb0946-3d52-46d7-a027-6a36365a6cb2,2.21,tarama
7cf575c0-3cee-4825-956e-3434ee8d4335,1.04,tarama
7cf6224c-21a3-4b97-a05a-063c8adc6841,2.51,tarama
7cf84fb2-8724-4088-9270-6457709c44f5,2.38,tarama
7cfed935-3d59-4c8a-820b-a4d19e253c48,1.98,tarama
7cff60b9-c0cb-4aad-8e05-0a9abd4086bf,1.64,kapi
7d04b1b8-0af5-4b28-97c2-70a4e15899c1,2.66,tarama
7d052b83-0179-4c76-9914-2b9ec5223d24,2.68,tarama
7d05de15-bbcd-46e2-b2d2-edc89b694900,1.94,tarama
7d0c9585-15b6-490d-823a-9e7abcb75604,1.20,tarama
7d196e74-be31-4811-9add-d1c940ad28b9,3.66,tarama
7d19fb4a-124b-4eaa-b43b-02b355ce5fae,3.07,kapi
7d1a0245-1f11-424c-bc9a-117f22cbc63b,2.62,tarama
7d1d93e0-4d6f-4c5f-88b0-c64785d377ac,2.51,tarama
7d1e17f2-90d5-44d3-83cf-9d99fe67f5e4,2.92,kapi
7d1f6124-6443-4494-a533-da1c304d77da,2.92,kapi
7d247d6e-1d87-4e99-9087-50089e831f37,2.34,tarama
7d292eb4-5a62-44d1-a3eb-391ad2fa5f46,1.84,tarama
7d30f522-f5e6-492d-9a91-53b0d5dff6c5,3.27,kapi
7d359e82-155c-4be2-96db-c90a66fbf21c,2.88,tarama
7d39b76b-1902-49ec-b501-9da92e5c23dd,2.21,tarama
7d3c67d5-5f02-49d3-8823-5652d7fcadea,2.84,tarama
7d416ef6-64b1-4f74-a227-b4c3f68733a2,3.14,kapi
7d473abd-df79-4bd0-bd5e-a01ccd47555d,4.02,tarama
7d4e99db-cd43-480e-bca5-b5bbe156d58e,2.37,tarama
7d6bd2ce-6e53-4f45-bdfd-3d4c74ff8553,3.07,tarama
7d7d645a-4e3a-45ab-8ad8-149332f250f4,2.54,tarama
7d86b7fb-b8ba-4f05-9645-47dc1fa6ab81,1.77,tarama
7d909f5d-b998-4230-b002-d1ef58c0cd63,1.32,tarama
7d91894a-f2f8-4a35-91b0-ac6ccff911f1,2.15,tarama
7d91ed28-7ba0-4604-82c7-44e15f8166fe,3.04,kapi
7d93483c-4439-4f37-8b4d-048128f3902d,1.98,tarama
7d93ba0b-1b8c-43bb-87a9-46597a5ecbc9,2.57,tarama
7d95f6a2-c0dc-438d-a099-05d4096f5225,3.20,tarama
7d98a4b7-0a23-4212-a0e3-6e784cf9db61,4.07,tarama
7d9d48c1-c52b-4ad7-8b26-c4d68a0a6187,2.28,tarama
7da07d0c-b6fb-4f65-a3cf-e42d0c609fbb,3.40,tarama
7da16f74-c5d6-4eab-a67d-21c68fe0a1ba,1.88,tarama
7da591a0-1876-4308-ae5e-33e7e9dc6bdd,2.83,tarama
7da9017d-badd-400b-915e-3fc2982affe0,4.08,kapi
7daac8ed-ca89-43d9-852c-7f08703cc88d,1.97,tarama
7db188ed-195e-4051-bb3e-d77bf706024e,3.74,kapi
7dbbf77a-3e21-4719-bc66-d9194f9a805b,2.95,tarama
7dbcf40c-23a8-4e9f-9462-21faa131f3a7,2.04,kapi
7dc17d36-94da-44d8-9742-7924dbf74490,1.71,tarama
7dd30310-3f90-408e-be2f-8c9836319057,2.25,kapi
7dd320d3-1b85-488b-87b4-31e9493e6db3,1.19,tarama
7dd6919d-3659-4cb3-9213-188fe79971cf,1.64,tarama
7ddab484-258b-4462-827d-03c1eb667eb9,2.28,tarama
7deea844-46de-4fbe-9efb-ec7ea100ae14,1.96,tarama
7df1effb-63f2-42fe-8c61-826496e5c742,1.97,tarama
7df6a3fa-2520-47ab-9fa4-46ed5f6b89ad,2.25,tarama
7dfa7c20-cc52-4a20-8bfd-75c8f5e1df1b,1.00,tarama
7dfbe70a-b607-43d5-9419-4bd588af69a2,2.59,tarama
7e115937-6c7a-485e-b2d3-0fb3e205a615,1.94,tarama
7e1bf2c9-1063-4aed-9ed2-2eb17f7008e1,1.81,tarama
7e1d7a91-a647-4981-93c1-5d92f91a042c,2.03,tarama
7e22dafb-5468-43bf-8f1c-9f290f4eace7,2.05,tarama
7e256f41-904b-41a8-a39b-7b1f81f6e653,2.08,tarama
7e289377-b536-4754-9a3d-5841e4ab3a89,2.54,tarama
7e338053-a162-4a55-882a-86ec25c00c6d,4.23,kapi
7e3a8837-5234-42b4-bb49-11c71cfd1ad4,2.68,tarama
7e3af87c-225a-41b3-841b-e469446dc763,1.80,tarama
7e3b0826-449b-42f3-bea9-fe8fa7256e70,1.07,tarama
7e3cf80a-db51-40e2-af3e-8743daad321d,1.70,tarama
7e44535e-b8bc-4cde-9b46-4b3d6a1921cd,2.62,tarama
7e47d1ad-a631-413c-bc2f-0315dd86e7f3,2.47,tarama
7e50dce6-45d0-4f93-9d1a-6da2a6e5f394,1.68,tarama
7e58387c-04ae-49aa-b3dd-d94a6c7fb6a5,3.63,tarama
7e5a4fb5-38fb-4c1b-b5dd-f996fc0feec5,3.50,kapi
7e5d4607-54e0-4e33-8758-dec7e28a38bc,2.09,tarama
7e60ed9b-92b9-407a-90fa-7750ebd2000a,3.83,tarama
7e66691f-5bbc-47f5-b4f2-b4892ef360fa,2.52,tarama
7e6df4e7-4ad3-4c2f-bec4-163a65764ce2,3.11,tarama
7e6e8dc8-6035-4312-b137-1c29da7daa5e,2.55,kapi
7e6fe3e2-46be-4b8e-8a78-072d554e394c,3.15,kapi
7e7855ef-227e-4d39-8dd3-1f51b2891b4f,1.60,tarama
7e7a3d5f-38d9-4243-8e00-3b2441b118ea,4.07,tarama
7e83e6bf-9fdf-4755-9208-8ca48f844757,2.63,tarama
7e8631d3-3e88-4c81-810a-359bf2df75ad,1.85,tarama
7e875257-1836-4d14-a0cf-135414b50437,1.02,tarama
7e87c29d-4614-4b56-95a7-70a582f1ae3e,2.24,tarama
7e892f23-50d9-45a1-bfc1-8b6f330368eb,3.90,kapi
7e8ef0aa-0860-4915-9b54-bd1276881b16,3.25,tarama
7e971ae9-98db-4cff-a51d-fec4352e088a,1.83,tarama
7e973915-623d-4800-9004-eccf773e8e7c,1.92,tarama
7e9f966f-247f-4c7b-830e-3f411fea0576,3.75,tarama
7ea2d60d-8cf6-4b71-8042-ada16b613bb7,3.96,tarama
7ea44c5b-4b7d-4ef8-ab52-04cef0177559,3.09,kapi
7eb316f5-c181-4147-921b-eb2b84d8331b,2.19,tarama
7eb815fa-8c2d-4668-9ed6-f911cde663bb,2.29,tarama
7eb81688-5dec-4bb6-ab9e-606f881448b0,2.50,tarama
7ebb5480-90db-4a92-bbd1-922a116db431,1.62,tarama
7eceb8bb-983e-4591-b567-b0ee961f640e,2.64,tarama
7ed5a280-5338-4c58-a23a-48c6ffa80f4f,2.03,tarama
7ede6794-1816-46d7-ba49-ab8f7a785eaa,3.60,kapi
7ee2bcd0-1164-4d52-9e91-db940eadd1ea,2.83,tarama
7eebdd0a-a94c-454f-b37a-147e4100d22c,2.75,tarama
7eec418f-f21e-4a0a-8a9c-7bb656b75975,2.48,tarama
7eefb086-25be-497b-86da-a2fb0eaf89c4,4.09,kapi
7ef85c59-c589-4652-b285-7d37b0563265,2.22,tarama
7efa4f48-4601-4000-aef7-2d1ff14d7195,3.04,tarama
7efbf9ae-465e-4d6f-989f-01f2a3892603,3.35,tarama
7effd583-f05d-45f3-bf06-712ef23cd0e3,2.92,kapi
7f006ae5-12e6-4b57-b85a-eb1b33e54e2e,3.65,tarama
7f012e0c-7fe3-428f-842e-c4fc67a3d2fd,2.38,tarama
7f12fa40-ce4d-4923-9ac2-8de31bfb31ec,2.68,tarama
7f15d2ad-2607-4ce1-a470-2cd0268a65e0,1.85,tarama
7f1ea8b9-0106-4f18-82d7-98642c47db9e,1.89,tarama
7f258f3e-334f-406d-8a59-da751d32660f,3.28,tarama
7f2c95fb-1519-43e3-87c0-861ac7f7e899,2.53,tarama
7f30fb9e-093f-40c9-890b-5f96b40d6cf4,3.37,kapi
7f32996e-7c4b-4205-82ac-b4c99b5235d2,2.38,tarama
7f36adfe-f15e-4f79-bd4d-68a72de68b3a,2.76,kapi
7f37c255-7e58-49f8-b143-47f5a6c02f4f,2.65,kapi
7f3b1166-c619-4054-807c-164f016b9d4c,2.87,tarama
7f447d0b-29d5-409e-a6c8-405c631c6bd5,2.25,tarama
7f4b7133-3fcf-42af-aafc-33f497462e93,3.97,kapi
7f50aea8-a2aa-424c-b6c9-486a6387cc61,2.23,tarama
7f53f8fa-e2b4-4597-838b-b069fc3201db,3.60,kapi
7f57b6da-3634-4a09-a7b0-e87bba832443,2.13,tarama
7f649ed4-a629-45ee-bae9-336032ad9fa3,2.11,tarama
7f69ea05-c86e-4822-b31c-93ac7100b6ea,3.14,kapi
7f6a40a5-67cc-482f-a741-7c07d6c3948e,2.53,tarama
7f6bc959-933f-43b6-b6a9-e8bb57ccc44d,1.85,tarama
7f6c5ae2-551e-4c3f-8e7c-5821c2f39242,2.80,tarama
7f72e797-8e15-4ef3-935f-310f2c80f96e,1.70,tarama
7f733b7d-97dc-43c2-bf6a-232a6ca932c7,1.90,tarama
7f751cdc-f694-428b-aec6-5e33ef501d83,3.69,kapi
7f79ac23-d7e6-4f58-b2a8-8ac353371d1a,2.12,tarama
7f7a2974-4cae-4b9e-bcdb-e937617d0301,1.58,tarama
7f7d6eb4-923b-4efb-8b79-96363be9e042,3.50,tarama
7f7ebd16-78e3-4d64-b4b1-2326cb46da9d,1.89,tarama
7f82c7c7-36af-48cc-a5d9-7cef55f3fc4c,2.26,tarama
7f8a7830-684c-463f-aeaf-b3d5847241ca,3.19,tarama
7fab23fd-526c-4be6-951b-419a085b54e6,2.76,tarama
7fad0b5b-5430-4ec6-9239-fb8b1391e14c,3.48,tarama
7fb65d55-ec39-4df2-8fb9-4911d2e9421a,2.93,kapi
7fb86500-2aa2-4142-82a5-3d2055824000,2.17,tarama
7fb8d170-7df8-4868-b7b1-5d9546b8d079,1.84,tarama
7fb8d866-2a6b-4af1-ba77-3c34b533e7f7,2.67,tarama
7fc310c7-eb1b-4edf-8ede-dfb6738d83e1,1.67,tarama
7fc43861-00af-4db2-a2e5-ee5b6b06a0f0,1.76,tarama
7fd72cf7-e222-46fa-a619-3a22e3b11df4,2.57,tarama
7fdc0a5e-a5c2-4664-98b8-e4a6b7dfa7f7,3.76,kapi
7fddc47a-831d-4f8a-932c-662fd9badc31,3.15,kapi
7fde884e-95af-467c-bc83-b5c7ee2cbab5,2.26,tarama
7fe29dd3-8d9b-4f8e-b421-09a764c15b86,2.58,tarama
7feefef8-9f76-4d95-8537-754a1e8855aa,1.98,tarama
7ffbed21-0c77-4e51-80e7-ffcfad99d14a,1.74,tarama
7ffc88c4-c494-4dd5-ae9c-35e373329b0e,3.80,tarama
7ffc8d45-c48d-4cf1-b57f-5b0080b89027,2.81,tarama
800fa56d-f637-4738-8ad8-b72dd42c8d29,2.48,kapi
80116177-1fd8-4690-a26a-4a68ca53eaeb,3.29,kapi
80154e41-4b95-4a05-8375-5616fd7c6028,1.05,tarama
801a57c5-2d73-44c8-93db-17ab1ea2a778,2.40,kapi
801d54a0-1624-4cd8-891b-5e80641fa8db,3.88,tarama
80308211-c326-4096-b7c8-330ebd8f0074,2.01,tarama
80351b89-7276-4744-a79b-adbe5f6159e5,2.01,tarama
803a8e6c-d3f4-4d00-af4e-fa7128e5d842,1.74,tarama
80446bdc-5ba4-4f72-b906-5f179e4a6744,3.13,tarama
804c72c4-a3cc-47fe-a56f-6285631a7dc3,2.91,kapi
8063c8de-4559-49bc-92d2-a583a51a9caf,2.43,tarama
80649baa-33fa-4e51-985b-9e614789f7bb,2.14,tarama
80680f42-5e89-4317-bbbd-d39ea68af058,4.51,kapi
806a40bd-9828-40a0-bc91-8a641140c3b4,3.03,tarama
806d476a-bfbf-4165-8905-7759bba6d03d,1.66,tarama
806e706b-1b96-49c7-b3a4-4de4a694fce7,1.86,tarama
806f73eb-eb41-458a-beb7-7315e5339871,1.52,tarama
80725d51-059f-4159-943b-471c7c5b2f5f,3.79,tarama
8076d272-d5d9-4ca5-9246-12c2e778133f,3.08,tarama
807a1155-ff23-4a68-98e4-57bbbd4f58f6,3.53,kapi
808cce7d-a155-45f7-b66e-cde43cb39417,2.60,tarama
808e8370-cf7c-4e57-b27f-4d8d6c4ad111,1.67,tarama
808ef20d-2b81-489d-9877-ae5db68fccdc,1.96,tarama
8090c241-a480-447e-989e-9309c813060c,2.56,tarama
8094d86c-b1bc-4c2f-ace5-675d3109d85c,2.20,tarama
809f95b4-f693-4e17-90de-e7b93f18c9ce,1.40,tarama
80a04e18-4950-4ca1-8be9-c7eacbf9375e,2.17,tarama
80a21ede-06b4-4829-bdab-9e759cf90aab,2.35,tarama
80a48027-54ea-40ed-96f1-7f011fc1866f,1.85,tarama
80a80109-3a13-4fd2-8c3a-458185837743,3.37,tarama
80b310cb-7992-4977-80d7-ee0d55972159,3.55,tarama
80b5afd3-4a00-43ec-9457-43b3442d568c,2.70,tarama
80bbbcfc-6728-4968-a90d-05bdd3d51920,1.78,tarama
80bf2aa4-982e-49d2-8296-49d5e67ace24,2.79,kapi
80caa2bb-1db5-4a8c-a17b-175d96e21852,2.97,tarama
80d2a4fc-ebed-422a-88d1-6365ce2f4fe8,2.54,tarama
80e14a2b-c711-4336-9426-a8f1bd3f693b,3.57,tarama
80ea1d1e-106f-46a0-91e8-cf02934958fc,1.58,tarama
80f1837f-f476-42e6-88d4-30fcacbfb296,3.04,tarama
80f39828-b432-42df-82e3-7f9a9a97bbb8,3.11,tarama
80f53995-07dc-4284-97c3-40970a087446,1.65,tarama
80f57eda-0138-4e7d-8dee-bbc2496f5303,3.59,kapi
80fecd4c-9d40-47c0-821f-95d606f5b069,2.67,tarama
810188af-51ca-4dc9-bff2-86f37ea049d6,2.33,tarama
810421d2-1e5c-43ec-a92b-b6272b4e04eb,3.48,tarama
8108118c-6988-4a0a-9131-66328375cc16,2.86,tarama
81167664-603f-4f23-914f-7dffecf568e4,2.80,tarama
811c6a78-70f2-4d3f-9650-0b94a486d931,1.03,tarama
812cb7c2-a70c-4c6e-812a-31ed9ff0d30f,3.11,kapi
8136f5d7-2c91-4098-85e5-1dfe54e77370,2.13,tarama
813a3050-c7b0-44ad-b326-f9ef3b1949be,2.05,tarama
813c7025-50b0-4c26-8596-c57ca42f5bc5,2.97,kapi
814c1452-0e7b-467c-b8e9-346256d247df,1.59,tarama
8154b51c-313b-445f-812f-b096e0847b5c,2.93,tarama
815e886f-6076-444f-837a-826bc3ee80a7,1.93,tarama
81606cf8-0c94-4304-bbde-2cad20c5f984,2.09,tarama
816362d6-4c33-40f0-ab4c-b963ad541d21,3.35,tarama
8170631e-beb1-4d11-ad72-e060a27cc2e7,3.85,tarama
81718187-761e-470c-9969-94f83ca83817,3.51,kapi
8173e9f0-3430-435a-9a09-a8eb74db28a0,3.27,tarama
81752ef2-bc1e-4a51-8149-6d561045bf43,2.21,tarama
8181ec11-00db-4ac4-a048-80904a8a5daf,1.75,tarama
81822971-997c-4784-9efb-9f5870c629f5,1.98,kapi
81837857-51a0-41b8-a0d3-98ad7eb6d0b8,2.06,tarama
81a29602-b304-4dcc-9559-86475ea107c1,2.65,kapi
81a60c07-e4cf-4f88-8d37-a705b5240c7d,1.63,tarama
81a9e269-6f5c-4f3e-928b-e4fa8395d694,2.51,kapi
81afeda9-803d-4a9d-96ef-e0e005cda8e1,3.05,tarama
81b1a134-181b-44c6-ade2-fd5b412f27ca,2.40,tarama
81b3ee8f-22c7-456b-bc93-513321a347be,3.27,tarama
81c06012-023a-48ac-8899-08a9f74d24e9,3.59,tarama
81c80f47-3ef8-43a2-a7d1-0bd7fe917a92,2.87,tarama
81ca7784-53a2-4746-9c83-5d0eb4257068,3.50,kapi
81ccceeb-0c3e-4e42-8611-8aaedb762ec9,3.47,tarama
81cd01b4-e5c6-413d-b71c-dbe742b9042a,2.55,kapi
81d47126-a068-46a2-9a1a-fbc408bdf3e4,2.95,kapi
81d4c4ec-4527-48d2-af7c-a8b7837257ea,2.66,tarama
81d91b76-ba6c-4ac6-b566-89258016d683,3.43,tarama
81e47832-036e-4328-bc8a-b950c22cfae1,3.26,tarama
81e824e8-338a-4bbc-a365-b8292e753f72,1.98,tarama
81e91719-7ab8-419e-8cae-83fc0cc9eda9,2.17,tarama
81f440ef-04a9-41ee-b92b-4496cd893773,1.94,tarama
81fef556-ed34-4e96-8508-c4df63b78f3d,2.02,tarama
8207fd88-2254-40e3-bbfc-a3e0dc043d18,1.93,tarama
82087997-c029-4229-bc8b-3fa1fdc2fecf,3.40,kapi
820dedc1-dfee-40cc-8af5-bf81b6a8442e,1.64,tarama
82118642-ac26-472b-8246-8626cfedbc63,3.47,kapi
8217cbb1-4c9d-4725-8aad-a74c06e9da40,3.51,tarama
821894ad-be86-4382-9fe8-f51bb4af0bf3,2.84,tarama
821ec7ee-d854-4ba4-8114-6783ec9e097f,3.91,tarama
822a74c9-66e5-4d58-8b2f-71818f6af902,3.39,tarama
82401746-2d2e-4a0b-bd3f-68f75429e457,2.02,tarama
82460882-0875-45e2-86ac-658ed5ee129e,2.90,tarama
8246e99e-9acf-4322-bbac-bafb343e1478,3.33,kapi
8250578b-b169-47ea-9812-6b498ea0aa11,2.15,tarama
82507bef-2763-4e70-87f2-ee3c040bcf24,2.28,tarama
82587a0e-309c-4881-8473-0a649c008f90,3.15,tarama
82701b11-3591-4872-bfbc-91eb185529f8,1.80,tarama
82770435-c57e-4831-add2-ea479908a93c,3.44,kapi
827831ce-16f2-45eb-b8f6-1c4c9a3fb1ce,2.89,tarama
8281905b-ad86-4809-acea-1a4c972357cc,3.41,kapi
8282740a-500a-4a6f-9cc8-2d792ef0f1ad,3.77,kapi
828caccb-452a-4516-87c6-75e5c359759d,1.81,tarama
828edc67-8e9d-43eb-ad2a-a6edb5e182cd,3.22,tarama
828fb665-866b-4dcc-b653-25173958f4bc,1.68,tarama
8293fb54-ac4b-4454-abd9-92708faf4aeb,3.67,kapi
8296bf63-cc29-4d18-8dce-f0d363c0fb2b,2.98,tarama
829986bb-0f4f-48ab-a62a-7ebb486017c0,1.14,tarama
82a3adab-ec5a-4c59-b404-7c97097d83bb,1.92,tarama
82a9680e-81ee-4b6b-bd25-ef8277bc0148,2.93,tarama
82ac1904-03d3-412e-b62c-7f6884f8c827,2.36,tarama
82afe1e0-b7b5-41e3-b7f2-4c820788ece3,2.83,tarama
82b055de-6c4c-49af-9940-1f7ca514dcbb,2.05,tarama
82b11780-83c0-4f9d-8f0d-d5f9319b82d9,2.74,tarama
82b1db1a-7801-4c88-b790-5b6a59815f38,2.74,kapi
82b2d0da-5039-4e2a-b55e-d37b0df0fa10,3.59,kapi
82bcd252-2471-42a6-bf3c-1db2d8069a7c,3.44,kapi
82bd14ed-a902-4f72-9832-26f4806d6507,2.16,tarama
82bd1640-263a-4b81-a30c-d2bda1f630d7,2.15,tarama
82c1610a-8583-4869-bb86-da6e8aa0f97b,1.78,tarama
82c76aee-063b-4e02-9b63-eb62012297b2,2.61,tarama
82caee88-8660-4b36-9b65-a5fe15a10cc6,1.86,tarama
82cc3c13-eba1-43e8-a9cc-68170ef7e735,1.79,tarama
82d03615-6c6c-4d2d-bec5-a5ae61e9786f,2.51,tarama
82da237e-b7cd-48c0-9073-d54d8f60f440,3.08,tarama
82ea0286-af31-40c3-ac64-b0d90428d181,1.86,tarama
82eddc3a-d601-41b2-af7f-0dc9be94dcce,3.02,tarama
82f95d67-a1a7-463e-85c2-9fc690890c64,3.07,tarama
8308ac29-5212-445e-aa81-7140edc70c3a,3.87,tarama
831147f8-894b-40f9-839d-27d97a3cb374,2.29,tarama
8315edc0-0027-4a42-aa7c-02667891c738,3.51,tarama
8316afb5-1854-4139-82dd-1dfe3c685487,3.92,kapi
8319a71e-2d8c-46e3-bb83-91f4731a8a04,1.98,tarama
831b0b78-aa92-4f85-b2de-988ea003c1bb,2.07,tarama
8321324d-8a81-49be-ac83-53df70f038c1,3.08,tarama
8329e2b7-3a88-4c5a-a900-e0563f8e36da,1.93,tarama
832c8d93-8c0c-45e7-80df-9d434678fc4d,1.24,tarama
833154b6-fcf5-483a-af1f-5ee2c6ed983a,2.21,tarama
8332c42e-cbfa-4fae-b804-fadc39b31dff,2.09,tarama
83358f9b-18d9-4754-9015-d76c8c83cec0,1.97,tarama
833f7c0a-4788-4655-8d88-56a20218e7c3,3.30,tarama
83436f92-7dda-499d-a57c-645404bff5b8,2.39,tarama
834562bb-6f4d-4952-ae60-045fe50b0783,2.55,kapi
83460959-23ba-4339-85d1-22df3a3ac6b2,2.18,tarama
8346474d-59d4-4fc8-ac43-f3d36be29da8,2.21,tarama
834a7295-d687-40f1-9f88-8c57124a3527,3.29,tarama
834ef2db-22a7-4985-8d92-22b1d72870ea,3.65,tarama
8353007c-ca9d-45d5-997f-aec9fcdaacef,2.70,tarama
8356495d-f617-48a6-9c78-9e42c01b802b,3.34,kapi
835925be-da77-47bd-8cbc-187a91238c27,3.42,kapi
835aa7cb-9858-4b4f-9523-8230ecaa934a,2.98,tarama
835be79b-b31d-441a-8d68-a5043e3e24ea,2.66,kapi
8361dbdb-bacb-4b79-8ecc-bd6722f0641d,2.26,tarama
83627cc5-067f-406b-be78-fbb4885ed4cd,1.78,tarama
836ab883-00ca-45cb-8454-8223bd827f1a,3.94,tarama
836ef4ef-f4df-479e-82a2-e07564271134,2.19,tarama
836fa45e-25c9-44af-9f48-2721871db46d,2.92,tarama
83747b03-f865-4ca7-9fd2-bb5a301d2862,2.53,tarama
83774359-bb8a-4511-99f6-e7f3e54e70c0,2.11,tarama
8378ac91-fe3f-48d5-a069-81f4e97dcb2e,1.62,tarama
837f95d0-451f-48fd-8c5b-a2e50c6a375a,3.33,tarama
8382929d-0ed0-4c3b-a877-760d3523faff,2.20,tarama
838535aa-7ff2-4eb7-90a1-5499cf4093e1,1.73,tarama
8389299f-ab88-4623-b3c0-97b7c4719e2a,2.69,tarama
838a3767-940c-4729-b974-6bbf329e1951,1.95,tarama
8395f1f7-a9a2-422c-a4ca-441a02114d0a,3.48,tarama
83970302-51aa-4c47-88aa-37169164a0e8,3.30,kapi
83a0c34d-7805-4ca2-8839-509bf758ec0c,1.97,tarama
83a25361-9891-408d-a131-4162ab7ca530,2.35,tarama
83a2a381-2ecf-47c2-8708-d09c5b62fd2e,2.28,tarama
83a6b550-9ed1-4292-8d5d-c5c206ff2f32,1.81,tarama
83ab453f-8ab0-47b7-a703-92531f87e0bb,1.98,tarama
83ab60e6-99eb-434e-8f8d-d5f19d7bce4c,2.40,tarama
83abad0d-5a06-4cfc-96e1-1a07119431cb,3.71,kapi
83af0fc4-b715-45e8-848b-ba974ee85f87,2.47,tarama
83b63e42-afd9-4482-8300-1b4adfb6f5d0,3.18,tarama
83bc9383-ffa9-49a6-9d47-bc56e592acc2,1.41,tarama
83bdb3d4-e13b-4de0-983f-205aff598226,2.60,tarama
83c88cbf-6960-4016-bf39-9eef23d6cc5a,2.47,kapi
83d049f8-be09-44ac-a553-45715c72d07f,2.14,tarama
83d2d472-603b-47a2-9f11-0b843324b632,3.01,kapi
83d53b0b-68de-4082-b36a-bac09091f328,2.23,tarama
83d58335-eee8-42d6-967b-3179ffe746be,3.41,tarama
83da6e00-2fb9-4a9a-b277-3053d8bee532,2.19,tarama
83daa2b8-fcd3-4b85-bff1-eda1c378f322,1.98,tarama
83e697c1-8b6e-4476-b335-b63889687ea2,2.74,tarama
83e6c4a9-9959-44a5-b0df-7683dae28e54,2.16,kapi
83edc7a9-13ef-4f73-b28a-0df2aca7ad2c,3.09,tarama
83ede918-ca0a-4260-88cd-bc9e2d85bfd6,1.75,tarama
83f4ff35-be4a-4834-8a8c-414711601451,1.69,tarama
83ff7a77-fb38-413f-a6ff-068598827aeb,3.46,tarama
8400c8d3-bf64-4f15-a5a5-f4cf5b978cad,2.60,tarama
84042a4e-af21-4ec4-921e-b3ab257a6e32,3.53,kapi
840471aa-bb7b-4864-a68c-e91f3e57101d,3.84,tarama
8406bf07-6f62-401e-ac1a-111297eb35b1,3.13,kapi
840e53d2-b18f-4706-9499-475800343334,1.62,tarama
840eda93-6c09-4ee7-9851-d66be8347ba3,3.58,tarama
84157ad7-9306-45d1-8674-f1c7bb28f6e6,3.18,tarama
84192fcb-8369-4810-80d1-bd2010c898a8,2.72,tarama
8419fe10-3d3a-4af0-8b3b-a850666bb7b4,2.58,kapi
841d8255-d43d-404e-9714-dc3aebd3ec97,2.12,kapi
841dac99-2a2b-4506-9b52-7619c3034521,3.66,tarama
841dcd1a-1d65-429c-bee2-bcded2ee4c99,3.73,kapi
841ea4d6-4990-406e-a5ab-f2c89cfd61fd,1.81,tarama
841f381f-bc87-4775-a69c-fcd58a00cb44,2.25,tarama
84253ab8-6bd5-48d8-8eff-062825cfd664,2.94,kapi
8425be93-40fd-472c-b850-47a505cc2ecf,2.59,tarama
842691d7-cc43-4be7-84b5-c41bfccc1cb2,2.43,tarama
8429efcc-c585-42fa-b77f-408ab643fac2,1.87,tarama
84356614-2fa1-448b-ad89-b33e705db8a2,2.35,tarama
843736e7-b945-4479-960f-42bbef2701c2,3.03,tarama
843cdd86-eced-4d0f-b176-1899a1258a52,2.01,tarama
84415d8d-c0dc-4b97-800c-9cedea436a4f,2.93,tarama
844d840e-be23-4428-a0e7-81ac87140a2a,2.61,tarama
844f3c77-13e8-4a81-be0a-31a5fbb93317,2.31,tarama
84502199-565b-454a-ae05-6c3b066f7f4b,2.63,tarama
8459242b-a163-40e6-98a9-fa147fc4bbd1,2.93,tarama
845a2a6f-385c-45d2-96cd-64f8dfcb3b70,1.79,tarama
8461eb33-f66a-4603-9ca9-cc4cbf70f2c1,3.91,kapi
84638baf-2012-4bef-aedf-edc1d83b88a7,3.22,tarama
84644866-c2f3-49a3-8ee6-eba895afa782,2.61,tarama
84693762-f2f2-480e-b09f-bff473a2ac8b,1.71,tarama
8477f9a5-2a61-4c98-8720-308b4ec743a5,2.62,tarama
84786de5-d372-4688-b8d2-788641c864ca,2.65,tarama
8478cb46-b28c-4b94-b4d4-cdd5bef15a21,3.85,tarama
847ce648-5bf1-4517-9aa8-cd05ee4a1e33,1.21,tarama
847d8b37-e48d-4889-8996-5546d2473bad,2.71,tarama
847f1f38-61ab-4af7-840c-825ddd0ea8fb,2.07,tarama
8481dfbb-51bc-429a-a03c-197df0dc4003,2.75,tarama
848448f2-6acc-40ed-bec0-636107fcb8cf,2.37,tarama
848b6779-9b8d-4bf5-858b-6137f49322a6,1.59,tarama
84962a53-8e91-42b5-9e4c-637223a59e88,2.57,tarama
849ee9c3-9f5d-4a78-877c-d33c6ff89aa4,2.93,tarama
84a9b9bc-8f85-4020-8825-799b04a2611e,2.46,kapi
84c08cd8-9179-47d9-a73d-bcdf123d08e3,2.57,kapi
84c75efa-38de-42b0-9dae-28d31c66aa0b,2.57,kapi
84c929ab-7690-4ef7-80e8-85c96da2f2a4,1.56,tarama
84d5b8e7-0566-44da-974f-3626760c7fa3,3.72,kapi
84d8e6c3-0b28-4d5a-829a-319953e35202,3.71,kapi
84dcb0f9-6314-48d9-817e-73dcec40e147,2.13,tarama
84e33dde-ddbf-4bc3-bed6-c3c9d5deb579,2.62,tarama
84e35851-58bd-45a1-b47b-53d863232edf,1.95,tarama
84ec9d7d-f7c5-4066-a459-9e5167a592d9,3.30,tarama
84edacf5-582f-45bc-a784-74e0f4d5c40e,2.21,tarama
84ee48ea-5afe-430b-8222-42b90a1ebb6d,2.08,tarama
84eef9d9-5d91-4cfc-bd9f-8b827b9230ac,2.51,tarama
84f0c8ff-f1ba-4331-a097-a0b4c2b1f85c,1.62,tarama
84f556cb-145f-4636-a73c-1b9f9628204f,1.95,kapi
84f7990d-aea8-4a62-a5a7-3410a5df6bfa,2.10,tarama
8506001a-3168-487d-b4bb-c199409dc5c8,2.57,tarama
85084c7c-e3ee-4cd7-9265-809c30638f31,1.32,tarama
850a7896-9e89-4ec8-b203-b36652d2c0fd,2.48,tarama
850bcdb3-e241-4a46-92b9-d0888212cf28,2.74,tarama
851c0946-4854-4ffa-bd0c-9ec62ccfc968,3.33,kapi
851e0c3b-cb02-47f7-a087-77dc6099f0f0,1.83,tarama
851f05e6-5d62-448f-93cd-00d866ff420b,2.24,tarama
85224732-13aa-40e9-88ae-2142053d2dff,3.42,tarama
852446fd-8f8d-411e-a9f0-bfe5f5ee2798,1.99,tarama
852486ec-2aa8-4c67-a818-9a1c416b6486,2.86,tarama
852e3611-ec1d-41e8-943b-bcad22ff99bd,1.83,tarama
8530b245-5392-4ecf-997d-bf2d71554cd9,2.39,tarama
854e1f5c-75ba-42bc-8497-8839d9e691a8,3.11,kapi
855a327a-06d9-4e63-b41b-7df7b2fd8b1f,1.97,tarama
855b209c-1c9b-4373-8cd2-94a6f162244b,2.37,tarama
8566585f-69ac-4b43-afcb-a6dc2c315251,1.55,tarama
856c3f71-5156-4361-9e99-b0938960bad2,2.66,tarama
856faf98-9751-4a84-b11b-a8a1e42992e9,1.93,tarama
857a06f3-f1b7-4879-a206-bc54ec2fe1a6,1.04,tarama
857adf7c-c6d5-426a-ad91-f4e68c10588c,3.29,kapi
858d6ea2-f2bd-4d15-9769-8c2b91e8c07a,3.73,tarama
858f241a-9715-4534-a0d2-53e0dcfb7eff,2.08,tarama
85904df8-c284-4ee8-800e-ac2aade91bd9,2.56,tarama
8592aee9-c2fb-49cc-a78c-3077dd1ece7f,2.10,tarama
859bf775-ef54-4da9-bcd6-007a7bdb6ba0,3.32,kapi
859e97e9-86ff-4eba-a25a-43181d85616c,1.48,tarama
85ab83ee-e980-42d2-92c4-3ad3ac56fdff,1.94,kapi
85b67276-1fda-4a0c-82f8-dbfa559e2624,3.92,kapi
85ba6957-4452-4ad1-9e75-45d0b3e48c0f,2.59,kapi
85ca810e-90dd-4635-99e4-a3e9bfe12bf1,2.17,tarama
85ca84ae-a726-44fc-b833-fb74ebc7bff6,3.69,kapi
85cc4a31-d435-4a8e-8770-3818d814d6e9,2.08,tarama
85d3ac3c-3821-4db8-9da4-163522a9c329,3.79,kapi
85d93946-7bc5-42eb-9f4a-f4e93eee52d8,2.82,tarama
85db96af-c229-48d8-b839-aa09934b76d8,2.04,tarama
85e1a2a9-cf1b-451d-ba40-8c8b806e27f3,1.35,tarama
85e1f072-a25e-4d97-ba2b-3bd3b108bd06,1.73,tarama
85ecd89c-0e11-42d3-b433-d65b254f1cfc,1.75,tarama
85ff6b89-bba7-4667-aa67-cee303f0cadd,1.86,tarama
85fff886-d37b-4390-8d93-5179c0ed0e31,2.20,tarama
860216f0-bb07-4fed-9f57-1511c442dd4c,1.57,tarama
860efa9a-6bca-4374-8843-44b880e180c2,2.45,tarama
862ab786-f3de-45c2-ae42-9c7d6bfdba28,3.60,kapi
862eb48c-6687-4f70-bedc-ad7789cf9f42,2.03,tarama
863b8649-6ac5-45fb-b2f1-24b60fc616a1,2.98,tarama
8641bee9-bdb8-4b7d-80c6-20711c01ec75,2.53,tarama
86529a35-3a31-4f69-9031-06689b08e0ab,1.01,tarama
8654416c-ca65-41d7-8226-e0b6054bee71,2.93,kapi
86565ffc-4113-4ac7-bcc1-3204424aedc4,2.64,kapi
865d9d9d-0edb-4f73-bc2b-00556d109d73,3.60,kapi
8676af05-8d4b-48df-8c19-0294669d7a1c,2.14,tarama
867f81cc-417e-4157-bedd-cfeb5ef58147,1.92,tarama
868160b4-dfd9-4a0d-a15a-62b1ad314433,1.81,tarama
86840e46-2ef2-4174-b141-332bb1042793,2.33,tarama
868ad2cd-575b-49ba-bd64-c08b706da926,3.23,kapi
868bf75a-5775-4aba-bd21-cccf28001346,2.11,kapi
8696deae-22c1-4abc-8981-e92b0482802e,2.60,tarama
869767b9-c78e-4f46-8468-2e91f4262e76,3.61,tarama
869d243b-ea3d-455c-98c8-d09deb07e1c0,2.76,tarama
869d61ae-20a2-429d-8c7e-a098d2f7a4b2,2.83,kapi
869e13d4-6b9d-4fe4-8e43-6d77fde5079c,1.58,tarama
86a55660-73bc-4dd8-ad14-d3e828c407b3,1.89,tarama
86a6dd1c-2a4d-45b1-9f34-80ae23a557de,1.23,tarama
86b61dd4-603f-4c93-a4b8-9a73083983e1,4.13,tarama
86b9337b-1cdb-4d0e-bbbd-4888c903bbb1,2.28,tarama
86bc79db-738a-4717-a3cd-8272ebc0a9a1,2.85,tarama
86bf877a-508e-41f3-9665-672246b70ea6,3.76,tarama
86c20900-fab8-459d-b94b-554a2fd1d7c7,1.68,tarama
86c78e1e-4495-42f0-85ec-c1008b3748c8,1.05,tarama
86c99ce0-d8ab-458f-8b49-55cd5357349f,2.33,tarama
86cd8ed2-00f2-4eb7-8493-c0ba67451f9d,1.75,tarama
86cdc70f-fa36-46f5-98e4-9dfa85babdd8,3.71,tarama
86cea710-7fcb-44d3-a59a-9ef83e304f13,1.82,tarama
86d44a53-78d0-4117-bf82-51d0309b02c5,3.65,kapi
86d65038-ce62-47a7-a5f1-7648d80838a1,2.57,tarama
86e7b19c-f205-4a88-9fa6-d16a3a0665b3,3.40,tarama
86f266dc-78a0-4175-bbfc-d838b0b200e5,2.27,tarama
86f6e324-0e5d-40f3-8eb6-31ed271094bf,2.10,tarama
87087db7-5b38-48db-9db5-0df67cdcc2b2,2.29,tarama
87157843-e246-498a-b88c-072714b96a6f,2.38,tarama
871683a7-9354-4037-a558-a5b9293f394b,2.77,kapi
8717d10c-2c7a-47ec-94e5-c97ff59fa7da,2.67,tarama
8719303a-4d85-499c-bba9-450c47a0b4ac,2.57,tarama
87288877-9e9f-40e6-ac58-8bb5d02a7bac,3.19,kapi
873215dc-0f38-4dec-b251-4f456a2b3516,2.50,tarama
8736f54e-9b2e-4be5-83ea-47e5eb76b8a8,3.22,kapi
8743e3dc-6302-4162-8e34-17fb46f59d7f,3.24,kapi
8745c3ad-3617-4d59-932e-280c52468df3,3.90,kapi
875a52e4-5ab9-4370-b854-3f83a107f6da,3.14,tarama
875d31d4-fd9f-4c59-bbf5-8e274131d819,2.70,kapi
875dc454-d834-4bf2-b7f5-a975386dedc5,2.75,tarama
87651d40-57cf-429f-b413-67ba18b66b6c,2.60,kapi
87717c80-9c01-4a46-a94b-7ef7d4f05731,2.53,tarama
8776053c-8c8e-42ba-8e4a-b8606c639d6e,1.03,tarama
8777ad95-eb3b-4cec-9039-05af2aaf2aec,2.10,tarama
87780454-f6e9-4fef-b782-2fd247fb195d,3.50,tarama
8783d269-f7df-4f73-b865-0dd0834c0519,1.92,tarama
8784eb86-5746-4bac-bd36-409a8f07647f,2.18,tarama
8787c9cf-9930-4270-9580-e886a5d4cb6a,1.53,tarama
87a65f82-8b28-4eaf-b0d8-71661325541c,3.40,tarama
87ac0839-06d2-4f64-83e4-3c466832b2d5,3.15,kapi
87b7dcc2-632e-433b-84ae-9570a63c1118,2.97,tarama
87bf2540-6202-4a9b-821a-66c939e81c73,2.36,kapi
87c6b2ec-885b-4ddf-8c95-3a33d7dc57ca,3.79,kapi
87cf1cb3-c3c7-41f3-889f-f53954ced7a3,2.81,tarama
87d7ab35-42a3-4b85-b917-a37614ac4a86,1.59,tarama
87dc4f0b-e7c1-4be0-87b1-4910df641388,2.09,tarama
87e3751a-7ec2-44dc-92c4-aa05aeb7fb29,2.01,tarama
87eacd08-9951-4115-be61-a6e6f0e14f0d,2.30,kapi
87ff93c3-1a88-4834-a684-1a171418236f,1.34,tarama
8801e3e2-939b-43db-8d1d-4be421d5f079,2.67,tarama
880368db-a199-480b-84ad-0d3f73e19625,2.46,tarama
8804f1ad-7dc7-4999-9bdf-09cc6ee9ceac,2.92,kapi
881c43d0-f446-40b9-938a-eac8aad8e5ba,2.10,tarama
882417ea-5b7e-472a-970e-8cdc6de63612,3.07,kapi
882f6de8-7dae-42c1-8359-b371648e532d,2.20,tarama
88354056-d0c7-4078-878f-f419b6fcf22b,2.77,tarama
884c867c-b3dc-40dc-be44-7376ac3e110e,1.12,tarama
884e35e1-a831-4069-a4c8-1ac96e6657c4,3.49,tarama
887b0c1b-a448-4187-9eb6-b1ae0fb26993,2.02,tarama
887c788b-859f-42e5-ac84-3f25010a1b2d,3.63,tarama
888b5ace-387f-4c0b-842b-e7d3d04c86a6,3.38,tarama
888de49b-b39f-42e1-8784-f4f25a807278,2.17,tarama
8890bc63-d474-4f9d-8104-f0c732a88537,3.23,tarama
8891ee0d-5941-4080-8839-6cffd984a840,2.55,kapi
889a3640-281d-4552-87be-d8c5d83d8281,2.06,kapi
88b10e04-a331-429a-a8ef-4ba29ed140f2,3.61,kapi
88b4dbbb-43cf-4abb-a6db-44e9ef7707df,1.94,tarama
88c1fa02-691b-4d6c-b549-f51d753e01ce,3.36,kapi
88cab069-2d32-4bf3-b6f7-00af1bfe93f8,2.34,kapi
88d0913c-fd52-4c64-a6bf-487648dc2b3c,3.77,kapi
88d395f3-ce91-457a-b3ed-962fed70358a,3.98,kapi
88d72809-cc80-4095-8e7f-69ce97169d72,3.25,kapi
88e7c4a2-e252-4a57-a28e-45c490152343,2.26,tarama
88f0250d-f855-4648-9da0-182c2769f30c,3.37,kapi
88f1a9fe-7315-46de-9099-cf4a98335504,2.34,tarama
88f3a58b-501a-4a5d-9283-d4c7d772cfa1,3.75,kapi
88f8eb8c-836e-4bbe-b006-f323549d0c22,3.52,tarama
89002c24-602b-43f8-949f-96fd644c79b7,2.09,tarama
890242d0-fd27-400c-9b4a-57607da38105,3.13,kapi
89145ff5-f225-4c63-94b2-0be8e7d99326,3.51,kapi
891c99ce-5a5d-495f-96bc-5da3f31c1855,2.91,tarama
891e0821-a330-462a-9573-74d2f6b6cf27,2.29,tarama
891eb8be-5be7-4276-b027-e8d4fbed7f48,3.05,tarama
89222764-c0c9-426d-b7ba-e9af5d037605,3.43,tarama
89228c4e-30e8-4576-9699-416f089d4869,3.37,kapi
8924440d-842b-4f67-8ef5-402c98acbc45,3.44,tarama
89289072-107f-4fcd-95fa-caf8439ea504,2.77,tarama
89309a6c-83b0-45ee-b40d-c6098d1fc81e,2.63,tarama
8933a67d-2323-46b0-8b4b-a0839062f9cf,2.57,tarama
894c4137-bacf-4347-a451-7c028077319a,1.93,tarama
895d48c2-8eb0-4f57-873a-750f62843043,3.36,tarama
8960bdfd-158c-4c37-8687-847c5584d933,3.47,kapi
8962dac1-3239-4e40-b210-a53d6b949ef3,3.43,kapi
896f431e-6cd3-41af-8e8a-68874fda1513,2.20,tarama
8984b6c4-e4ae-4758-9ea7-f7875fa1f7f1,3.22,tarama
8987681d-1f6f-4da2-a420-92ac0c1cec68,4.09,kapi
89884930-94fe-4ddf-b519-d8bbf6e27e4a,2.49,tarama
898f7b56-d743-4ce8-abe7-0ffd9b6c43e2,2.04,tarama
899400bb-95ed-4d4f-aef2-8c51fc1e5e3d,3.33,tarama
899a9b90-e14e-4117-8f55-64265b7d591d,3.75,tarama
899fb547-7fbc-4396-abd2-23142cc1a3d1,3.71,tarama
89a4233f-29d0-4356-ae15-9a8be73d3464,3.97,kapi
89abf9b9-2c09-47d0-a878-a8fd1aa0b1b6,3.61,kapi
89b8f2f4-da29-42b9-bc2f-1092a0d340d8,3.22,tarama
89c9d549-9cfd-4663-8f71-5bd730114745,3.26,kapi
89cb85b2-09f4-49df-8cc9-c3432153d51f,1.82,tarama
89cf73ad-f106-4aeb-84a8-513b9bbde48e,2.32,tarama
89d049fc-f5d4-489b-b459-13021ceff955,4.01,tarama
89d47de7-9b5d-4755-9564-b26ee2cd8799,2.72,tarama
89d62f04-d3b9-46e6-88e7-813923093a3f,1.93,tarama
89db2b00-e669-4bf7-a795-fb16b700ae7d,2.53,kapi
89df6045-2f20-47d1-adfe-92d5d06be1ac,3.16,tarama
89e1b3aa-2d2a-402d-9e18-735e183874af,1.42,tarama
89ea63a7-1a79-4502-b5be-6b56fd0bb65c,3.04,tarama
89ee8277-da0f-40c1-859b-59eee9a26e99,3.09,kapi
89f175c4-50dd-4c67-9fbf-fbd97d9c6498,2.92,tarama
8a00784a-e29e-41c3-adb3-c71aba5e7deb,2.77,tarama
8a051b6b-8672-477c-b33e-fd4374719fff,3.13,tarama
8a06cc7a-89c5-4ff1-8a4b-b513974c3593,2.93,tarama
8a07ff9f-9202-49bf-a61b-92d19a67accc,3.11,tarama
8a095053-ca1f-4d21-8e29-c196d8719cd1,2.87,tarama
8a09d7be-7895-4439-b26a-0c62656d7f19,3.26,kapi
8a1821a0-9acc-4c86-b3bf-8b6e8d4294af,2.55,tarama
8a186491-2e94-4bba-827a-05639eeb8c70,3.02,tarama
8a2bc61a-f0b1-477b-a3ab-0987214a6c85,3.45,tarama
8a3e93f0-ad8c-46ad-8894-ba1fba002ad2,2.20,tarama
8a3e94b8-a2c0-4226-8bd7-c7b5a891ee95,3.12,tarama
8a42a6ea-eb50-4a8c-a60c-475361fd4389,4.15,kapi
8a48a58d-10b4-4229-9a16-bf0b788174b9,2.62,kapi
8a497f7c-999d-4859-8543-4a21dc712920,2.69,tarama
8a49f4c0-1ba8-4ab7-b8fa-53a95aeed20c,2.02,tarama
8a4f8d4e-8f83-4ebd-b38d-d033cb47f7d6,3.41,kapi
8a4fe5b9-1acb-4f4e-b375-e28955ba4452,2.60,tarama
8a53834b-3a68-449e-8de0-8a3533ad8edc,2.96,tarama
8a55a517-eb2b-4b0b-90ed-3a988f045faa,2.49,tarama
8a5d25e8-c4ce-4e1d-a3b6-9482da6c9c16,2.56,kapi
8a64d936-b6b5-4e17-b8c3-7b691a3c549c,2.67,tarama
8a7bd59a-7b49-4722-80aa-1de4bc7581f8,2.97,tarama
8a884149-220f-4a1f-bbb4-ac235c66f8b5,3.47,tarama
8a8adcf3-3440-4a2b-ab8d-05abdd624645,2.08,tarama
8a8fdf9d-269a-442f-b081-3be96f22db8f,2.95,kapi
8aa3a5fc-de70-4ebb-8b1e-380df8e1d89d,1.24,tarama
8aa50365-4981-47f6-a013-b1209748083b,2.80,tarama
8aad4eea-d18e-4a25-b3f3-580e6e6bf04e,2.73,tarama
8aae04e2-2ddb-4035-aeb1-a17a6acb79d0,2.15,tarama
8ab356fa-19c1-454d-bc14-a928bb0c9642,2.17,tarama
8ab941cc-e6a7-4bff-88dc-5064d0ee3bfd,1.67,tarama
8aba6179-327d-420c-81b5-f79cf5ca4015,1.52,tarama
8ac77ce5-2d70-4261-9b29-675ec4800eeb,3.89,tarama
8acbb95c-33a6-44e0-a537-f7f140702db3,2.44,tarama
8ada4caa-4af7-4150-98f6-7b4f422db145,3.05,tarama
8add4a0d-82a1-4d78-afe4-6bb9b8568c3f,2.19,tarama
8ae3b5e3-f171-4424-ae06-9af4b70ce49d,2.99,kapi
8ae4abb5-aa36-42fb-9846-ae5efbee6f8a,1.88,kapi
8ae535e4-099b-49db-8cea-70f728308107,3.34,tarama
8ae66307-41b1-45e7-bf8c-bd919a0ed768,2.77,tarama
8aeb750d-5c56-433c-812f-ac96915cdd1d,2.68,tarama
8af5e602-8dbe-4577-92ba-fc9a2bb33598,2.48,tarama
8afeedf5-f20b-406a-819b-a0228f808ea1,2.51,kapi
8b017086-bbca-4c8f-bd80-c62064c1e9cf,3.22,tarama
8b019f2a-afc1-44cb-b1ac-686ab71d3b64,1.01,tarama
8b0b536d-fbec-4d4e-b46e-1a27a4c32dcb,2.87,tarama
8b0f6473-ed67-4399-915b-0d9fbfd44fac,2.78,kapi
8b10e661-c352-4f30-b88e-3be3d36b4df3,2.72,tarama
8b1a1a7e-cc97-4101-9371-c5ff208dc007,1.68,tarama
8b33376c-6676-4d87-ae88-06e6ba50c1f2,3.33,kapi
8b371373-e254-42b8-af94-b5a130a1d4fd,2.57,tarama
8b37bb6d-7859-422d-a4b3-0f060f019306,2.90,tarama
8b3a25bd-c2ee-466d-b330-88225d3df4b2,3.02,tarama
8b472860-580e-4696-a65b-3b4999fbbb03,2.20,tarama
8b4de206-7c6a-413f-b3d7-edc3fdf1d174,3.34,tarama
8b50c568-84f6-4d07-bf99-2b4f39a1c23f,1.57,tarama
8b55ce01-83c6-473f-945b-0eec7ace89a3,3.51,kapi
8b64cc47-d5ab-4638-8aea-0ae2418739cc,2.12,tarama
8b71eec4-5caf-4bf0-ab87-646e277c46f5,3.19,tarama
8b7d08f7-4a57-4189-85e1-1dbbac0ca5a2,2.59,tarama
8b81d39a-eb78-4315-894e-b0212023c777,4.16,kapi
8b834961-04a0-4a4f-b4f9-cd8a86c32b2c,2.14,tarama
8b884238-8b68-4aac-b843-3956d975be03,1.34,tarama
8b94794d-c711-489b-9269-74de1e1eab00,2.50,tarama
8b968fd0-7c3a-40c5-95d0-208d417b8f90,2.22,tarama
8b9b94d9-131a-4283-ae51-571de77cf93e,3.61,kapi
8ba02f31-0ed7-40dd-a531-1989fff5df28,2.47,kapi
8ba478cd-5e61-4eaa-a1b9-f740a6421d61,1.93,tarama
8ba63c9a-990b-4ef4-bc86-61f5fe512e78,2.43,tarama
8bac14fd-79d7-4687-9e84-f38d26468ac6,1.65,tarama
8bad0037-1eee-4eea-b0ba-53a84713fa79,1.40,tarama
8bb58202-1068-4cd3-8f89-8851a572dde3,3.64,tarama
8bd2f127-0d3c-43fa-895e-985ced654aa1,3.62,tarama
8bd9b6b9-ade8-42fb-8f06-84e5733d049e,3.99,kapi
8bea530f-1777-4001-a793-6efe8886e713,1.86,kapi
8beb3a47-89df-4fff-ba43-15750b84cd9a,2.80,tarama
8bee8beb-9ba3-44ce-9ac1-e3fddac5803b,3.40,kapi
8beec46e-8047-406c-b00d-28ab83f9e5ef,3.44,kapi
8c00f8d9-30ca-419e-9128-83159eacb85a,2.69,tarama
8c06517a-4a16-4773-ae0b-c16623afc90c,3.11,tarama
8c08153d-7bcd-48ad-91c2-9e89d4f77afe,2.99,tarama
8c0ec32e-0ada-45b1-bebf-bf692d24f112,3.16,tarama
8c174e9a-5903-437e-b152-37fd3949e106,2.71,kapi
8c2492e0-5281-4dca-9dbe-0c0d739760df,1.95,tarama
8c2dd5b5-834d-456f-aefb-faf5ccfd96db,3.85,kapi
8c356e04-1aa4-4499-a90e-9b47ef62f076,3.21,kapi
8c458e39-7c02-4994-ba97-1f0bfc68ea61,3.54,kapi
8c45ef41-4391-4bb4-a5c7-12f5639b0bf4,3.89,kapi
8c47739c-272c-4742-9b9b-97b98993b50d,2.28,tarama
8c478977-b2d1-4774-9937-3373fce8c5bd,2.05,kapi
8c47cd2a-c2c8-42ee-b449-f25ac762352d,2.08,kapi
8c4a0e75-2aed-4c94-a907-d82675e460ee,2.95,kapi
8c57c91c-fc26-4f43-9b66-de2985fb87ad,3.86,kapi
8c5c848e-625e-4125-82e6-022a5e4b7332,1.83,tarama
8c623ed1-51f2-4467-87d2-b4e5ddc3fd1f,2.63,tarama
8c68016b-fda2-44a3-9564-39962387a479,2.46,tarama
8c693c6f-6da5-4e6b-86f8-958064c5ba00,3.75,kapi
8c6c0cd9-59b7-4c6d-b993-3dfd8b41a218,3.68,kapi
8c744e36-613d-44e4-9270-b4b15e845c8b,3.03,tarama
8c80d35a-1ada-4b4e-a058-3ecf9f6c343b,4.00,tarama
8c881549-fb94-493c-b4cf-083858ba7f36,3.28,kapi
8c9111da-861b-4abf-a331-39cc8d18e156,2.05,tarama
8c929c89-eeb9-4705-8328-68af15a678d4,1.44,kapi
8c92ea28-344c-469a-952c-60edf2eecd71,3.34,kapi
8c943299-bee4-443c-8fd1-9dcfb49e9c48,3.21,kapi
8c95c951-e1e4-48d1-936e-7c7793934c13,3.62,tarama
8c994e50-341a-4ec4-a56a-f916ba37f248,1.92,kapi
8cb52b3f-175b-4a3f-8619-8bdeee76f1fa,1.68,tarama
8cc15099-c110-49d3-9a73-25e7315de501,2.48,tarama
8cc4c356-f14d-4571-b7de-a9405bec2299,3.83,tarama
8cc5a507-f404-40d0-a06e-a5ba3270306e,3.50,kapi
8ccf6b62-1468-49ae-978d-125b43c2506d,2.17,tarama
8cd0058c-2fd0-434a-88ba-b94fdcd3001f,2.63,tarama
8cd0a4c5-d658-47dd-9243-7da8cefe141f,2.19,tarama
8cd2bf56-9fb4-4459-8807-7fed71ab6567,3.69,tarama
8cd67629-6ac7-49b2-9ff6-ad2bc30fa31c,2.08,tarama
8cdfa0b7-97a9-454d-9977-33590ec6cdc9,3.43,tarama
8cdfdc63-aaaa-4bd8-bfc1-1bd1a60f33f3,2.16,kapi
8ce4f9c4-2614-45a3-9204-97c57a736314,2.95,tarama
8ce78bc3-769a-4b61-8433-47cf3dd76e27,3.54,tarama
8ce83c39-14c8-4dd6-8d35-ff6a985a6e0c,2.50,tarama
8ce9778c-9284-47ac-a883-4f51505cc292,2.68,tarama
8cf0783f-1772-4386-83f8-d69b5c3fffe9,2.35,tarama
8d0a1a67-6d3b-49b3-9221-bea02e624096,3.48,kapi
8d10ba8e-7332-4add-98db-7e48838cab07,1.87,kapi
8d149c97-5e2b-4633-ba00-03c2cba0d696,2.64,tarama
8d2db7f4-65ff-47aa-baae-e3fe7a621730,1.92,kapi
8d2dbc03-267a-41f8-9fd3-3efcf8990868,3.32,tarama
8d3aebfb-d7d3-4fd6-817b-67a2395f8617,2.41,tarama
8d3b570c-f06f-47fb-9a19-0969294a78f5,2.57,tarama
8d4d015f-a094-453e-a791-27c28a88ce0e,3.17,kapi
8d5407c2-8e21-4443-bc7a-b97a5ef95d7d,2.85,kapi
8d564f4d-0869-45d1-9b56-3b4be46d4955,3.36,kapi
8d56cfdf-6405-4433-ba5c-cc26e7319780,3.52,tarama
8d683e8c-727a-4f0b-9362-dc11181e1fe2,2.12,tarama
8d6b07ed-0b47-43b7-9cae-f1fdda4a7887,2.84,tarama
8d710e39-498c-4787-8f7b-2351725ff2b3,3.28,tarama
8d760150-aa3a-4074-9109-6dc934bab575,3.29,kapi
8d892e4b-b743-4cd4-8d08-a719be3dff50,2.18,tarama
8d8bcaea-7858-48d8-9f57-9d1bc762104f,3.27,kapi
8d9197f2-a98b-4b17-a8dc-234cc8e10a42,2.54,kapi
8d91d273-9f7d-4899-b52a-f163e23669fe,3.82,tarama
8d974845-2af9-4ff6-b457-bc33d9190893,2.16,tarama
8d97ccd7-64ba-4501-9a56-1d2f2f056d73,2.85,tarama
8da4fdc6-4c76-44c8-b3b5-0104e89d8ccb,3.95,tarama
8da76ef9-b18f-469b-9f03-a7c99489f3d7,2.56,tarama
8db10c03-e22c-480a-a221-e4465bff0e57,2.46,tarama
8db83bc8-6f2e-43c3-b24b-6bd713866344,4.03,kapi
8db8c5de-3efb-4a9f-85f6-f64d17d73fcb,3.29,tarama
8db98b61-737b-44c5-adf0-d3db890cebc1,2.82,tarama
8dc72546-9180-4b73-8adb-c853ef1b20cf,1.74,tarama
8dc7d948-3d50-45f8-b5cc-ea91dfbd4a06,2.71,tarama
8dd40750-4ed1-48df-9263-1907ed49c7b8,2.39,tarama
8dd526b7-18b6-4872-88e7-f166407d7f35,3.50,tarama
8dd96c61-edd1-4aa5-b810-21daa3d6c60a,1.80,tarama
8deddbdf-1a7b-41d9-b10a-70b4f907102a,2.34,tarama
8defd127-5804-4521-be16-1c5cc7d0b95e,3.44,kapi
8e0b053b-2c5d-41e3-9bbb-3e3b13632865,3.34,kapi
8e134a41-dfd1-49c6-906a-910f00eaaa8e,3.49,tarama
8e15774e-2c6b-4f22-a3c6-4521a1ac49c9,3.22,tarama
8e23e3d7-9bfa-4d3c-9365-578dcbe76da3,3.52,tarama
8e2445f6-73b6-48cb-9df4-fb1280333500,3.66,kapi
8e2cf065-96e5-4cec-b0d5-3f500f69089c,1.89,tarama
8e352055-ba7b-4a81-aaf1-5c6278f404dd,1.95,kapi
8e3c0405-323d-4535-8674-bec03a5c6cb5,3.24,kapi
8e3d56a8-dde6-40dc-b5dc-b6ae4b1c36d4,4.00,tarama
8e3d8aae-9fab-4dc1-878f-56685ec39e5b,2.99,tarama
8e411ddd-be4d-4045-84d0-b0dd4c63a77a,2.96,kapi
8e4780fc-05e0-4f83-a709-17d1f2bba118,3.55,kapi
8e4b3638-9aea-419d-9005-b4abadc89281,3.69,tarama
8e575a85-e968-4e26-8a5f-6d6e1f6c39de,2.90,kapi
8e64199a-36a2-41cc-b49e-7adadc5ae339,2.29,tarama
8e6a114c-46e4-4c52-8b31-d9d0a57b6677,1.93,tarama
8e6c9296-d991-4d2f-a387-710ffb56ed5c,2.02,tarama
8e7464bd-007e-47d9-aece-acdf2fd101c1,2.71,tarama
8e886603-f5c7-4404-9b22-c2aff0d0f846,2.32,tarama
8e9ec970-c2f2-4d24-91f2-063230934769,1.93,tarama
8eafa53b-05bd-4c16-9224-a4a2f6077f77,1.65,tarama
8ec31d95-64e1-4f25-bb7a-a5da8b211a48,2.28,tarama
8ec397b4-5f85-460f-9b53-99ac4e338fd3,2.67,tarama
8ec3a810-43b8-4872-93b9-7ae7a97a3ce4,2.99,tarama
8ec95ab8-f7b5-4e4f-aa2c-be706c6eb7ed,2.85,tarama
8ee0a6ff-aedb-42f5-9f3f-4af950dff55a,2.52,tarama
8ee5f1cc-71c5-46da-871a-8353dcce2cc3,2.47,tarama
8ee713b3-c82d-4340-9129-415e68bdc0b1,1.77,tarama
8ee9fef6-51ee-4e89-bc7d-a10a8f8146cb,3.16,kapi
8ef6ec8c-6f0b-4df6-aca5-5708884e5307,2.10,tarama
8ef73c76-9cdd-449e-bf43-5bd7c076dfa0,3.48,kapi
8ef80a7f-7c2d-4ddc-8a24-40c232b1e3b4,2.43,tarama
8f12cc77-669d-4369-8860-f9984b8af0db,2.96,tarama
8f166bc7-aded-4bba-9537-134a067a496d,2.81,tarama
8f169b3d-34fd-44b6-ae39-11e202d4216a,2.96,tarama
8f1ada5a-c40e-4da4-8ad2-353c4a39696d,3.03,tarama
8f1d5531-a817-4cb6-95e2-b24c62bb323f,3.93,kapi
8f20e3e7-60c8-4866-ba4e-7a78843b13f4,2.42,tarama
8f24031f-845b-473f-aa3c-40836ccdc909,3.37,tarama
8f254ebb-be86-4e8a-8191-02123d00d246,3.11,kapi
8f28c99a-18df-4ca4-af02-54058da21554,2.76,tarama
8f310a18-b03d-4b64-bddb-30b876f5e0cd,3.28,kapi
8f3243f6-1910-4920-b7df-c2275ca491e2,2.94,tarama
8f333494-a602-48d8-b2ee-f9cfc96b8f5f,3.39,tarama
8f343f3d-05e2-4937-a626-e1a39d2d626b,2.21,tarama
8f467960-3df5-4f09-94c7-75dca959a0c8,3.79,kapi
8f4ad6c6-5443-4c98-98c7-85d81fbd8753,2.88,tarama
8f4df09d-0995-4109-ab81-c14c87e8bf10,2.47,tarama
8f4eaf8d-a158-476a-800b-10954c20d584,3.88,tarama
8f549036-8aec-4860-811b-98c7f2ebe9b0,2.93,tarama
8f5a282d-0869-46e0-9de8-3a4f7ad0ab7e,3.66,kapi
8f618c1f-bda1-4b2e-9027-e0c378182321,2.50,kapi
8f63edd4-d8fc-4a90-a76c-cc81ca013f4b,2.41,tarama
8f651f04-1a96-4fde-b132-3e95d5ab05f4,3.47,tarama
8f67668f-fea1-47c4-8fe3-a6fc4884c01c,2.74,tarama
8f715292-9add-4d87-859b-d591e0a081cb,1.74,kapi
8f7422a6-0241-446f-ba67-c63c9637f805,3.91,tarama
8f767654-c0bf-44a9-846d-83876990380d,2.53,tarama
8f76858c-cdd0-4367-b902-7481b96e68bc,2.24,tarama
8f7a97f6-53e8-442f-8e83-87983c29c4ba,2.27,tarama
8f7b5c7b-adc1-4044-89f1-1c29008edf97,2.01,kapi
8f7d881e-6c68-4fd7-939a-d941c0617a1a,3.27,tarama
8f8857b0-2b62-4cad-b73e-c26640802063,3.04,kapi
8f8dc691-287e-42e7-adae-20d78f3c567e,4.06,tarama
8f9070ef-08f4-471f-9a34-2dfd165e01c1,1.86,tarama
8fa73c43-4b11-4e00-9a05-3ec5bd751bf5,3.79,kapi
8fa90b71-146b-49a9-a221-2a9063cf903d,2.01,tarama
8fac266e-43db-4726-a6d4-1c2bca36c25a,1.03,tarama
8faf888f-d6d7-4f83-b5fb-1e9794f92de8,2.68,tarama
8fafb110-09e7-43d9-9407-8078227ad351,2.55,tarama
8fb85e07-8d56-4fef-a881-55059189d03b,2.63,tarama
8fbb5de7-556a-4c19-97e3-2143cd9cc6c7,2.99,tarama
8fbe9917-da8f-41ec-8806-4124edd1d86d,2.06,tarama
8fcc977a-8220-4d73-b4c0-6fa256ccd237,2.99,kapi
8fcf38cf-14a8-4ed0-bb10-c9601a9aff98,1.74,tarama
8fd780cb-1be0-4e9e-959b-08e902de45cd,2.03,tarama
8fdd93a8-d137-40b6-8379-1988237f1e37,3.66,tarama
8fde1060-2b74-4c8a-8b27-79f92d98668b,3.39,kapi
8fde1839-2dc5-4c19-8c72-f29ddbcb0ab8,3.08,kapi
8feba6ed-d24e-43ad-9115-1680aaf5f248,3.02,tarama
8feca7d2-db3c-4969-b6eb-4a4409b03d1a,4.02,kapi
8ff15c75-5dae-45f6-884a-2d346dc91ee1,3.06,kapi
8ff999db-fd8b-450c-8fb7-04f28c4f8666,2.29,tarama
900411b7-605e-443c-814d-8fb40886abd4,3.37,tarama
900a4b9e-2cbb-4b1d-8664-3dbd7b2b643a,3.50,kapi
900aed40-9d92-495a-ade1-3d813b0e5cc4,3.11,tarama
900f622a-905b-4b6d-a1f4-27e7b6bfee49,3.76,tarama
90108ced-48fa-4661-9b97-d186013caaeb,3.12,kapi
9013bfef-fdc1-44dd-ab06-b46fb926433b,2.21,tarama
901c2f8a-9546-42db-9cee-0ada3ee9013c,3.10,tarama
9029e9cc-45ed-4c49-8493-9ffdf005e533,3.26,tarama
902ab5f0-9f91-4318-b6f8-d467122c4b93,3.31,kapi
902ae1b1-4a6b-4e6c-a9af-6d029f8cade1,2.83,tarama
902dca8e-cf01-4067-875d-1f41d5350df3,3.88,kapi
903283f0-ad7a-409e-9a6e-23bdf25c63a9,2.06,tarama
90348d0c-8fa6-4fc8-8fc3-0e7f074d0630,2.00,tarama
9050520b-1681-4e86-b687-fb6268cd5661,2.77,kapi
9051ae3f-ce34-421b-9b66-5cabca841a01,2.92,tarama
9057164a-4a77-404d-b844-b987f27cb1eb,2.61,tarama
9058e291-e22f-4e1a-a3c0-f1425c0b935b,2.22,tarama
905d41ab-b037-49bb-a7fa-c77af5c888a2,2.46,tarama
9068d22b-30fc-4e6c-a1b5-6938bdff3930,3.13,kapi
906f3355-cfc3-4c92-bfa9-6c887d7205d1,3.13,tarama
90775021-713b-4021-bb8c-1276712053d7,2.52,tarama
9079471b-c8a9-4cae-80bf-c89ccf7cbd17,3.72,tarama
907d269b-bfca-4ed6-a6f9-66f77972d948,2.81,tarama
908d9eae-ac40-483e-b1aa-e88654e5caf3,3.93,kapi
9092ec35-5ea5-47a7-8630-232948e8cac7,3.03,kapi
90944012-89b6-41b8-acab-9588bbdf00eb,2.49,tarama
9096cde9-42ce-4f85-9ae6-206b04515c54,4.28,kapi
909d6feb-34c4-497f-b625-ce31a5ef0ee6,1.17,tarama
909e6cc4-99c2-446c-a78c-57bc4226a81b,3.53,kapi
90a0a10e-8bdc-4f1c-b5e6-c754e4f55056,3.26,tarama
90a38cc0-7e67-4caf-bece-8459e516859e,1.65,tarama
90a72f8b-c9d1-4ac9-a012-a285481e2a20,2.87,tarama
90afb03d-2511-40ac-85c7-5bbee46913e3,3.00,kapi
90afe695-55ac-42e8-b12a-17b2d6698acb,1.68,tarama
90b392a3-764c-4456-9398-06d2f12e8ef1,3.41,kapi
90baa687-596c-4a91-b6af-59571598c9b2,2.76,tarama
90c0f9b0-f8f4-494e-9252-9ed6587ba5f7,2.88,tarama
90c9e1e4-6e1e-4ed7-8bcf-ac5fa1d98677,2.02,tarama
90d218a0-07a3-440e-8191-c26cdd015a15,1.97,tarama
90d7f6ab-336d-4318-9365-1c60697cf4ba,3.29,tarama
90d87a08-2a36-4426-b470-360819c2e575,3.69,kapi
90dc1f36-d10e-4c53-886d-44e109e8889e,3.25,tarama
90dc7d61-df2b-416a-a9f6-d23785ec2345,2.43,tarama
90dd1652-97bf-4597-a1cd-964a19a5a10e,2.03,tarama
90ddbc4b-a246-4d9f-9b8e-e0f7b43e57cb,3.35,kapi
90e4f008-9006-43a8-beea-c0c58586f1b2,2.54,tarama
90e5339f-c0ed-4f83-b075-837b270a5a76,2.22,kapi
90e78f57-3633-4b9d-af18-3ef844fb36aa,2.34,tarama
90ea515b-d99c-4cb9-ac00-f63340b299a5,1.98,tarama
90f65a2c-6b4b-499d-950b-ff161d55a970,2.50,tarama
90f98846-e3ef-4cc1-b7a0-6453458cc79c,4.17,kapi
90fde2c5-afb0-4d76-939f-efb4e7685911,3.96,kapi
910216ca-ecb2-484a-8623-899397690024,2.18,tarama
910913d8-c482-4e03-9ec3-9ac5c79f7bfe,3.24,tarama
911a529f-4580-47f6-bd9a-b51e4bd45d2d,2.36,tarama
9121eb11-6913-41cc-8b3e-7026e8d2a270,2.98,tarama
91270f11-04d3-4807-b8cc-1bdb1421d2c4,2.34,tarama
912a17a3-2d59-401e-9b1d-592f3de2f218,2.65,tarama
9130e09b-236e-4c99-9573-bffc5091629f,1.84,tarama
91312fd6-dbdf-46d2-8e38-6f393b76c789,2.12,tarama
91336e3b-056c-4048-8c56-2282f659b428,3.59,tarama
91345fbb-f4f2-4d84-9e6a-cbab8e68957c,2.94,tarama
913a776b-265e-4739-8862-d2fa42b9d467,2.86,tarama
91443c2b-9643-419b-ade4-5c2010831946,3.35,kapi
914579c3-7225-40da-852f-9f7af8a9d958,3.02,tarama
914a2949-e31e-44cb-b8e8-67f4fd221df7,2.40,tarama
915843a6-01d9-4fff-a33b-16f1e3f85ac9,3.24,kapi
915e57fd-b384-4cbb-a95b-3d4006ea4873,3.35,tarama
915e9f7c-374b-4e9b-8be0-386539e51674,3.01,tarama
9168094f-27a7-40ee-a658-a1d00f5862d7,1.92,tarama
9168e381-2928-40c1-9a0e-d4fe5c1d8377,2.80,tarama
916b9324-63f3-490c-ae10-01d688c8ac36,2.07,tarama
91719b28-14d8-4ce5-b2d8-6cd4ddb65afb,2.20,tarama
917692ac-705b-4cbd-9d6a-6707eedd9e91,2.97,kapi
9176b76a-20eb-4416-bfbf-c421a03d26c8,2.66,tarama
917b70ed-43e3-41ce-bdf4-38935f825715,1.91,tarama
91889f8e-11b3-4be5-8c5b-b1cb67857b0c,2.16,tarama
918af809-c22b-4c7c-9e1e-fcc81b4109aa,3.41,kapi
918f01e6-583e-4f50-9d2e-318a84bd9504,2.98,kapi
918fc66c-c9b4-4695-be95-6c50b99004c3,2.15,tarama
9195dd05-5852-4ad6-8315-76d473ef72b2,2.11,tarama
9196ed4b-1502-4675-ae2d-53d74aadef19,1.88,tarama
9196ff2a-51e2-4c09-be35-1494847fee64,2.80,tarama
91ab159c-a0d7-4fd3-a033-eb3477fb6767,1.68,tarama
91ad0953-2464-444d-ba97-1bca9d3d5008,3.11,tarama
91b23c54-5a80-41ed-99ea-2dd3e281f1aa,1.91,tarama
91c6c627-0cd1-4d6c-aeef-879b59e4523a,3.96,kapi
91c79446-6a7b-4ab9-91f7-5949141cbf31,2.05,tarama
91c7e632-a2b2-4242-b9c3-7f381f168810,1.65,kapi
91cf735f-cad9-4dcb-a0d5-8428f26ee34d,3.00,tarama
91d4a15f-70d2-4610-b9e1-cba0856c341c,3.33,tarama
91d5afdf-14d5-46bd-8c23-897238b84052,3.00,kapi
91daab50-f851-4cd9-aed2-54841e1dc580,2.74,tarama
91e15bb0-89cd-4e08-9f74-df30325ea238,3.43,kapi
91e569a3-1ee5-4e19-b53c-f91df20bb872,2.08,tarama
91e5c7b4-642a-47e3-9780-12f1deba1600,3.06,tarama
91e5fe66-d188-4de5-9d7e-0fc8009ffe1e,2.31,kapi
91ea29ef-bbdc-4d66-85c9-a9c06af3da74,3.00,kapi
91f14700-1e8a-4014-ac52-81288281f613,2.86,tarama
91f64f15-6a59-4eb3-bccb-5a0c3577a233,3.23,tarama
91f93447-d04e-45d1-9ee0-a4ed62bc2422,2.27,tarama
91fdee28-d136-49e8-a11b-3c285d2bee5d,3.62,kapi
91fdfb73-dc0e-4917-bd3a-04701379a892,3.44,kapi
9206069d-b45c-4da6-a67d-ebb4aea8f6a0,1.40,tarama
920e6e33-8bb0-4700-bac9-471d9f31bb58,4.06,kapi
92111406-59b7-44d9-a960-554604c51343,2.64,tarama
9212f1df-eb72-459d-a649-e079a59ef77c,4.10,kapi
921687de-0b11-4f77-855f-4f77c0441b44,4.03,tarama
9219fe7e-7739-4482-8861-077611db2bf8,3.87,tarama
9227822d-6fe2-42c3-af44-d9bb3db60377,2.73,kapi
922b77e1-d27e-4d2f-a103-74f9079346c4,2.62,kapi
9237c462-bf8a-4c3a-b269-ff525ced1e59,1.87,tarama
92432d8f-e5ab-47fd-b3ae-13210ec0806d,3.24,tarama
9244d1b3-704e-4bc4-8eff-1533522cc447,3.05,tarama
92461c12-1e94-48bf-9cb6-0bd50842504a,2.90,tarama
92466ab9-81c6-4538-8189-9c397bfe32f4,2.49,tarama
924b846d-dea3-4fcc-bf3d-fd3809982be3,3.58,kapi
924e462c-b24e-451e-83ad-778e996fe6ce,1.59,kapi
925038d4-7a16-463f-8d6e-afe5b548c7b6,2.78,tarama
925275fc-e668-4b67-8222-f952e3c1e4e8,2.46,tarama
925b3add-c3ff-4e94-9ddb-1d0ee1cc9fb5,2.92,tarama
925bec3b-38b8-4dba-abf1-8ec8f3bebc68,2.20,tarama
925c46d7-0e92-40d0-a2e8-5123846edf32,2.06,tarama
926a006d-6731-42fc-bf92-6d70da8009e2,1.89,tarama
9273e777-6761-4130-94e9-53aa682357c0,1.75,tarama
92850151-937a-42b2-8804-938e0ac57b65,2.28,tarama
9289cf27-168c-4abc-ab97-9a327e6c064c,2.05,kapi
928d174d-ca22-48f4-b4eb-0b4bbc679589,3.09,tarama
928d6f7f-b5c0-46d9-84f1-91ddc4c86f3c,2.79,tarama
92af9af5-ae70-41da-8d2f-3080b2edf58e,3.47,tarama
92b12aeb-e88c-4c94-b426-eebb6c7b14cc,2.96,tarama
92b24b9b-5734-493e-baa1-55cecca7ad25,2.86,tarama
92b31223-9504-41c4-9f21-662592583b45,3.04,tarama
92c108f7-6433-4017-969b-2da59fe4c61c,3.23,kapi
92c591e0-3ef2-4759-ab23-b7dfb850642f,1.97,kapi
92d36a18-15dc-41f8-8549-ab5e1b3abde1,2.19,tarama
92d3d014-4500-44dc-b8bb-cdf92a672378,3.35,kapi
92d5a50b-4d41-4bde-9786-a6aa9e8cae49,3.21,tarama
92d7797a-74aa-4d4d-a13e-273ac05cb0da,2.94,tarama
92dae7fa-3807-4c00-a82a-147193adf97d,2.90,tarama
92db65df-d5c1-4d9f-8b57-18edccd140ae,2.39,tarama
92dc9fa4-05ce-40b1-9739-322c3bbfd7bd,4.07,kapi
92e029ba-91cb-4315-a41b-31343fd0ff4b,2.24,tarama
92e2e619-e7f1-45d1-8759-4416caf77c42,3.51,tarama
92e40c10-8360-4ec8-b736-b0f6f70759ba,2.56,kapi
92e5c116-cfef-49ce-aabd-6552afa68595,1.82,tarama
92ea7328-281e-4eeb-859d-d7fca7a3bd0c,2.95,kapi
92eac4fb-c43e-4e2b-b453-b9c2fad5f254,2.93,tarama
92f08611-7ca1-490b-985a-722b96577736,3.81,tarama
92ff2e91-6e4c-41ea-923b-0d4fad19eadd,2.49,tarama
92ffae89-edfd-42c3-8e73-c853100f3190,1.98,tarama
93022673-6d0e-4606-b2d5-4a9cd685fbd8,1.74,tarama
9303a903-e36b-4889-bed0-107545c4af2d,2.10,tarama
9305a662-3d92-4e93-9837-0d309e18f74a,2.88,tarama
930e960e-ba8e-47f3-9993-a1e3441feb33,2.70,kapi
931fb3ab-2fc0-4347-be20-5946c9131630,2.81,tarama
9324d208-f86a-4098-b8c2-faa1b30479bd,2.24,kapi
93272c55-0d7c-44a0-9076-432bf3a729b9,1.99,tarama
93278d84-fd55-4bd5-bb0f-5b15496c4005,3.29,tarama
932963fe-87b9-4b42-aabe-5b327641eef5,2.75,tarama
932d5a08-fabb-4aa6-9fa3-c6b9705205c1,3.68,tarama
932e293e-2766-4a4f-a9a9-2f146d382ad8,2.38,tarama
9337fefc-6db5-43f3-af29-4df8bd4828a6,2.06,tarama
93419796-eece-442a-91ca-7e6dadb017c2,3.25,tarama
9342eb30-52f0-44a1-8b0a-f1531af4e45e,3.72,kapi
93476418-a0e4-4924-8961-147945641824,3.13,tarama
934a4c0f-e170-4b6e-98e2-73f594efe439,3.40,tarama
934cdce3-da47-4b3f-91ae-f86d32b2096b,3.00,kapi
934f6d19-472d-4323-be19-6fa162cba50f,2.33,tarama
935aa019-5de0-4ab0-9d70-8ad1e8e05eb6,2.43,tarama
935ce89a-7189-4c42-a4b5-ad5df30e6efa,1.95,tarama
935f6ef6-b03b-40b9-bce1-a33b88e1c413,2.81,kapi
936e03e4-c669-42ae-9afb-d1d08db9ea2b,2.12,tarama
9373def6-dd31-444b-acb5-6131b46b9c6d,3.55,kapi
9376cc38-461c-4f45-83a8-1d069b5545ef,2.90,kapi
9377057f-45a2-46b5-b850-5aafdf70766e,3.63,tarama
9382d3bb-3039-440b-ba0f-59b1ed01cdcc,3.50,tarama
93893b93-4039-4419-820b-6defca7bfe1d,2.60,tarama
938cce4b-c63d-4450-a16e-902fa27bb429,3.81,tarama
938d9055-bd0d-412f-8ac6-bdcca7b7ece6,2.79,tarama
9393d661-3490-4377-9345-688d17696104,2.32,kapi
939c573d-5821-4e0e-8abe-2b151b33eb0d,2.55,tarama
939d0920-b00f-49a1-812b-6a21b5b2835a,2.97,tarama
939e45b6-b8bd-4a03-81d4-38ed3b17419e,1.00,tarama
93a0db91-610d-4c06-99cd-3c7f4b590518,3.58,kapi
93a14538-1e76-4fe2-b5a7-76e403496793,3.15,tarama
93a49834-4b43-4750-9e02-303aec2976b3,3.04,kapi
93b35c40-6e12-4269-a8cc-5c7cd0bf1e8a,2.67,kapi
93b4c7b9-0aa5-479b-a0f4-9ee7e2d460ca,4.21,tarama
93b6c445-5112-446b-9639-1feaaeb32e33,3.14,tarama
93b78caf-7137-4f38-9c27-d54ab70d3f6e,3.94,kapi
93c1ce8e-5cca-46c8-9092-a20090a2301e,2.03,tarama
93c905c9-3c8c-4cb7-bf00-211e6a7a534a,3.48,kapi
93d2a40c-1fd7-4905-9d9f-b9c560485e88,3.01,tarama
93d49d75-2935-4739-a18c-ca1c12bf631c,1.15,tarama
93ec3c29-79c3-4067-8e08-f30ed9589e59,2.66,tarama
93ee56af-566f-440b-b2e3-1bd3c28bc204,2.14,kapi
93f23c0b-4ecd-4037-aedd-924e8535941b,1.77,tarama
93f53ab3-b01d-4084-bcf9-74fcdd5f51d4,3.71,kapi
93f61a51-005e-4940-b1d5-171794012557,2.66,tarama
93f65480-f7ec-46b0-ba58-a7a7273ee1d4,2.79,tarama
93f7bd1a-c0ee-4c4d-af50-9be8bf301011,3.83,tarama
9401194b-3d4c-4da2-b2c3-8c6878e902e6,3.68,tarama
94015994-4150-4df6-9883-eaf8e94172fc,3.00,tarama
9406c328-81ed-43ba-a4ba-2d90b54ff192,3.54,kapi
940acfca-6499-4aeb-b137-a2d9099d427b,3.12,kapi
941b9c5f-16ab-4c0b-9386-26fa7da5d57e,3.97,tarama
942529e8-2620-439b-81ba-be6a9e85da15,2.13,tarama
94285db0-5ee9-42b6-b324-bd389cf29f96,2.40,tarama
942dac59-ff6d-4aa5-a44a-5ce36853a1b9,3.88,kapi
94311648-5e9c-414d-91d0-ccd4d23acc69,1.24,tarama
94341c14-b141-46c2-bd1d-c539c5cc0f5d,1.90,tarama
9435838d-323c-4b80-9a45-16f67f97229a,3.86,tarama
9436744b-b274-4a9d-8611-60ce7a0193c3,3.03,tarama
943dccba-f348-483f-afb4-0a52c061ca48,3.63,tarama
9448cf76-e872-4e51-aec7-f46099ccc5c7,3.75,tarama
9456067a-f2b1-4153-a34f-792d229e8392,3.08,kapi
9456f487-179b-414c-8f23-a5825aa63efe,1.90,tarama
9463180f-7eb7-471a-a44f-c1443b725510,3.45,kapi
94640c11-de32-49ab-a857-5580ca163ee1,2.45,tarama
94675947-c486-4714-83fc-841d9755946f,2.20,tarama
9471a453-e8e8-4d3a-af5c-3ab0fad45e86,3.98,tarama
947f5b2b-89cf-4af3-b03d-22668974b3d2,1.93,tarama
947ffa04-0fa0-41ba-9f89-39e7b671d285,2.56,tarama
94814c46-f821-46a7-b1b2-16d9995b189b,2.56,tarama
94876aaf-3fcd-4492-a4ff-66f39ebae831,2.45,tarama
948be2c8-a04f-4807-b93c-e1f672eac8c7,2.43,tarama
9495bd09-e135-4083-b776-b5a85eee04de,2.10,tarama
9496ac23-64e4-4d15-9069-2e1512554999,2.95,kapi
9498d1d7-6e1a-474d-a590-679583a5dbaf,2.02,tarama
94993bae-2cad-4bf0-a29f-4150d9277300,3.13,kapi
949a1cdc-4c81-4098-9a60-65edd5fcadc2,2.85,tarama
949a74aa-dd04-4a8c-a2da-94e96b544de4,3.84,tarama
949acf33-fc45-454b-a47d-8c3d77f6ad8e,1.88,tarama
949c0ffb-da5e-4fd1-a7e1-04e1e4af36c8,2.40,tarama
949e7ce2-be69-41b0-b9d8-5d9252e6a26c,2.55,kapi
94a23e66-7a17-430b-b24d-c3d0a3b0753a,3.50,tarama
94aeb490-9021-4dd2-8543-a6ef62f85317,2.94,tarama
94b2508c-b010-4771-a753-79feaf49d1c2,2.64,tarama
94b5d732-747c-4f24-bd0e-b60f127d6725,3.55,kapi
94b81e15-5eef-4fe8-ac0f-84253b9de336,1.74,tarama
94beb290-dcf0-487e-820b-bf1084c28e6f,3.78,tarama
94bf145a-515b-4d8d-bdc2-840c156f1e0a,1.71,tarama
94c98ad6-bd76-4abc-ab4b-bdd4a47d889d,3.01,kapi
94c9f7f0-4300-4abc-b680-795029e04ea6,2.30,tarama
94d15338-10d4-4c1f-9093-546f5d492cc8,2.04,kapi
94d25464-f44e-4728-b855-cb052df40231,2.04,tarama
94d51796-96c3-444f-ae17-72b1afc63a5f,2.99,tarama
94e249a9-0ecb-484f-bce9-ba4504bd3125,2.13,tarama
94f5cd71-e85a-4cc1-ad86-17802964b34b,2.88,tarama
94ff5b72-d040-4280-8d21-b93b09676680,3.03,kapi
9500a309-8f5e-4af8-97ac-569bbe019fcd,3.43,tarama
9504b882-b457-4c12-8ddd-46ba493af851,2.66,kapi
9504edd3-22ad-4f64-8b55-3f992cc36f4c,2.87,tarama
950a1e35-7780-4fd3-9277-ce0e49dee17e,2.64,tarama
950a8e27-6745-4a04-a7eb-35370b77f97e,3.02,tarama
95147bb6-9941-4f56-8ea3-cca91bdcb75e,3.71,tarama
95164a6b-0aab-4083-aeb4-768d4191c0c9,2.03,tarama
9519c76c-f948-4e43-ab02-746c24f2a09a,2.06,tarama
951d92b3-feb4-407d-8230-629d94c92be1,4.02,kapi
951ea4ea-c688-4680-988e-4e2bd781e072,2.00,tarama
9529f4b1-b068-4fdd-9b01-3bc4f26f90d1,3.72,kapi
953710d3-3228-4f40-a5a9-d56da6fdd81b,3.26,tarama
95498055-0567-47c7-8254-4d472ce81b6f,3.72,tarama
954a8578-985a-4f6c-aa87-d3678ab8cad1,2.43,tarama
9550ebd4-0c60-403d-8f34-28dac54f6759,3.83,kapi
9556dbdc-1890-4f9c-97d9-3950bf74b11f,3.50,tarama
95674fdd-5f3b-4dd3-b44a-93abc1e4490e,2.84,kapi
95689290-f23a-4f8a-bf9d-1223535b5b69,3.35,tarama
956cb8c7-3fcc-47d4-a2c6-3b77af3a5439,3.39,kapi
956e0cc9-7bf2-40a4-a2c0-eff5f4f0bb8b,2.47,tarama
9579a99a-d123-4471-8481-b67c92a1308b,2.56,tarama
958140c5-77ad-49d5-9c26-a8e95978a5ac,2.70,tarama
95828c06-0519-46fc-84d5-8c5b238477ce,3.12,kapi
9582bf01-054f-468d-bb2c-97f6f6237cce,2.02,tarama
958f5c92-e4cb-4612-bf79-8699bd635184,2.29,tarama
95936d8a-6498-4f82-bca5-2e8dfbcbc1f1,2.96,tarama
95a16ef5-6b34-47b6-8351-612abc6b8808,2.39,tarama
95a60b6c-65a0-4e79-a099-2e7531f1d4c6,3.06,tarama
95b360dd-9da7-4cd7-b27e-50bd9dbe1c30,2.14,tarama
95bbf81d-5eaf-49ec-b764-a92466d82208,2.73,tarama
95bd2a73-ed6c-41c9-8d4b-bc83945cbc22,2.65,tarama
95beaedd-b381-40bc-ae81-0f6c448c2f82,2.25,kapi
95c3adcf-2c42-4924-bf9e-a4917eb105ba,3.77,tarama
95dd4c3a-3623-4a70-9776-8497f922978a,3.08,kapi
95e340f2-d2cb-49d2-b6f9-c41ecad854b2,2.04,tarama
95e5afcf-e4b2-4902-92d4-e85419951e62,2.98,tarama
95e5b798-2182-453b-92a1-ca7cf49b3c58,3.67,tarama
95efab9b-a978-4f61-866f-5c0683f17695,4.14,kapi
95f1bc45-fb2f-424d-a12b-4dcf3a3c5920,3.77,kapi
95fbb36a-93b4-4ee3-bd34-3b6839b27e4a,3.03,tarama
95fed67c-6d56-4a36-9f50-06ab4a1bd483,3.26,tarama
96041ddc-0006-49a4-909c-73cc11d2bbe2,2.23,tarama
96041f6e-e3bb-439c-9f31-18cbd442d32f,1.77,tarama
96048846-16d0-4ad2-91ce-3478edc40aec,2.57,tarama
9606534e-9ae8-4b5d-a8cb-1766e424b68b,3.41,tarama
9607b716-8ecc-4717-9a3f-361b6bc25272,2.15,tarama
96139645-80c5-42c7-a283-8646158c96f0,3.81,tarama
9614b8ad-f627-44c0-a235-dab135b50c82,3.76,kapi
96155214-b20b-42ea-a160-57f5da6f8554,2.56,kapi
961905a8-435c-4c9a-ab42-52988aa51d6c,3.36,kapi
9630891e-67c9-45d3-ac0e-11b677796d55,2.37,tarama
9633a673-487c-4dc6-a410-32398c3e48dd,2.71,kapi
96382d08-f942-4c41-b410-1e9fde179cc5,2.61,tarama
963c52ee-c64e-47a6-853d-dd8a6db1714a,2.21,tarama
963d76c2-59ad-407e-a6e1-66c357fbf8a5,2.09,tarama
963f3129-3187-4a43-97c5-5fb67270693b,3.40,tarama
96448e02-3748-48c3-a860-99503ccb902e,2.65,tarama
96460747-8a7f-4028-b90d-465b1667f3cc,2.01,tarama
9652a712-51c7-4355-9ffc-d96b04639d6c,2.54,tarama
96554a02-ef91-4808-a1ee-fe2009a485e0,3.89,tarama
9657afff-9c71-4c91-a060-896c6d17c267,2.57,tarama
9667c4b7-4bf7-415e-b4c5-94e5c07aa235,2.20,tarama
967213d6-a646-4014-b96d-ae5ca948982e,2.48,tarama
967adfe4-19a5-41ab-94c7-81437d256007,3.08,tarama
9681cd1e-7ad6-44c6-87d9-97d897df58e5,2.68,kapi
9684d3a4-6ea3-4d8d-a4ba-c37972d91d80,1.67,tarama
96a183fe-b4fe-4bd2-bffc-32d35b26f6ac,3.42,kapi
96a420a3-5590-405a-add2-31b537ec975a,2.13,tarama
96a61ba1-8e91-4de1-95d3-ca03aa79afb2,2.27,tarama
96ab78bb-7591-4871-b0e2-e7990ddc4e82,2.31,tarama
96bd2d72-7a94-46e4-baaf-d0899f4178cd,2.81,tarama
96ca21bb-d83f-40ef-946a-83cd125e347d,2.45,tarama
96d9a788-663e-412d-9406-4b0849823362,2.08,tarama
96e3b45b-854f-4aa0-b547-76da876e9a00,2.04,tarama
96fa132a-604e-4618-a0d5-2ef3dc376fc5,2.43,tarama
96facab3-16fd-49e2-ba95-9acbc882cf56,3.30,kapi
96fe960f-27c0-41e8-ae91-c2328bf3e9c3,1.01,tarama
9704a14d-c301-40bf-94b9-5f436deeebde,3.54,tarama
970997cb-d051-4ce6-a58c-7f1a768317c0,1.93,tarama
970fa812-c25f-49ab-a70f-9bed30593a33,3.27,kapi
971145ba-4958-46b0-87ff-6e964920ce4a,2.00,tarama
971468db-1366-4059-a0b3-6f33c8e14897,2.72,tarama
97179dbb-619a-43b7-80cd-bf09b940d5cc,1.95,tarama
971d2048-55df-4cbe-8237-b5f115c37728,1.88,tarama
9721ab81-b070-4cdd-a9df-0130c1777da5,3.53,tarama
972507cb-af81-40ed-bb08-e56b20c3ded6,3.41,tarama
9727552a-e8e4-4761-b41e-1f444a5beca6,2.03,tarama
97383d18-e6ea-4787-8ee7-2e94ddc7ef37,2.48,tarama
9748ee7f-f554-4d57-9a3a-6efed7372054,4.01,tarama
97514cec-6084-463c-a960-46c685e0b0da,2.91,kapi
9752a5ec-e737-43cb-99c9-b5cf49e4e740,3.42,tarama
9755107d-0b88-4e16-9eef-3c51cee942b4,3.75,tarama
975c459b-5b41-49d6-b09d-132b8ca4ea4c,3.04,tarama
97634f30-9808-4b3e-9d98-ea77cbf8790e,3.01,kapi
976eca16-6a4d-4f56-bd6b-65172431a68c,2.82,tarama
976fff59-0f36-44e7-a4c3-8c3044414631,3.50,kapi
97785a6d-eb03-4fde-816c-6e1ef5ecfc3a,3.64,tarama
977861f6-a962-40fc-bc23-6c945ecf501f,2.90,kapi
9781cbe6-4101-4ef8-b3c1-1c396d844318,2.13,tarama
97867d8b-679e-41e1-9c02-ca7ceebea9cc,2.72,kapi
978d3185-3710-4ab3-9458-7ab03928c0e4,3.56,kapi
97927d75-894a-41a6-81f7-5c292e9ec57a,2.37,tarama
97945ccb-f9f4-44d0-b2af-4a88ef31c71c,3.93,tarama
979c9317-8c97-40df-9939-958318e130b4,3.12,kapi
979fc650-8e49-493a-bb52-1ece3e2c49c9,4.06,tarama
979fdb11-a4cd-4248-97fb-bda57462d143,2.58,tarama
97a5c964-650a-442c-be82-923c3dd06aac,2.11,tarama
97a9c52a-3ae0-482e-abbf-1f5d68be8065,2.76,tarama
97be28bc-b24a-4498-8d44-9c6fbd213939,3.51,kapi
97def401-654c-4d9d-89d8-8fa111c2cb94,2.85,tarama
97e5ea63-39b0-4ed5-9c49-57ea60161a7e,2.97,tarama
97efb04b-9dc1-47e8-9aa2-fa2ca15ce826,3.23,kapi
97fa20c6-6c6d-4bd0-8466-b02e877e0a1a,2.59,tarama
97fc21cf-91ff-4f8e-bb50-6144be4acc13,3.20,tarama
9809d9ab-073c-4ee5-870a-daf850f1f1e8,2.01,tarama
980bb5fd-ee93-4590-a2ee-ed5d19e1814e,3.20,tarama
98110ad5-75d5-41b3-8d5f-8b3d83effeb1,2.47,tarama
981d02da-768e-4aa1-a154-d5ac3de5c3c5,2.96,tarama
9826db03-9c68-4e79-b96f-dc269a76d67b,2.98,kapi
9829af7c-ada9-42f6-9edf-004396a09f1e,2.82,tarama
9830222c-fb37-4307-8904-bccbccd8fbc9,2.02,tarama
98376ef7-0910-4bd7-91f5-0d02ffbfecb1,2.67,kapi
98493c12-c024-49e4-895f-27f908428823,1.85,tarama
9850a2bf-bba7-4c75-ac3a-1a3a86a62bdc,2.86,tarama
9850dbf9-24d9-4832-913c-ab16924afb29,4.11,kapi
985110a7-0c13-45e8-9048-c4dfbed62c00,2.80,kapi
98517eab-d4dd-4220-b33b-cc0bd881772e,2.70,kapi
98554dcc-fae0-45c3-8454-49888ffcac1b,1.62,tarama
985589e8-8b0d-49a4-b110-852466f258cc,3.85,tarama
9857aa51-f88b-4459-85c4-35f1aa905add,2.43,kapi
9859861a-83e5-455d-8c21-b60e8cc070b1,2.90,tarama
985a1d2b-e387-46bf-bf61-e8aca6030cd1,3.13,tarama
985aceb8-f6c2-4ca5-bb60-2c4a76303ba5,2.34,kapi
985c7bff-1f8a-4f96-81e5-9f5788647b90,3.79,tarama
986a05d5-dc1c-45fb-aba6-2b23b609ef1a,2.24,tarama
986e2dbd-f0c9-48ba-8295-9d0f66fe4804,2.78,tarama
987e404d-dcc2-488c-9c45-f2a455287489,3.23,tarama
98861765-6250-4f02-b3ba-4e34ca2f00e6,2.15,tarama
989bcd74-0150-41b3-915c-6ff615491e88,2.08,tarama
989da90f-8c60-4523-b2dd-2d3a38a51d77,2.02,tarama
98a13949-289a-448b-8003-90faef1fdadb,1.60,tarama
98a8d9b5-35e6-4d2c-8c1c-5e80cfac956c,3.44,tarama
98af29a6-f98f-49c2-85c5-9f710a343f39,1.84,tarama
98b102aa-2dae-4a15-9661-8e2523db9553,2.07,tarama
98b11720-efc9-4109-a23f-7e9719db323f,1.98,tarama
98b25f3b-e0c1-458d-88cf-37f71518cc5f,2.30,tarama
98b3c7ca-ca2c-4fd7-9028-c84749b8253f,2.62,kapi
98b764a8-442a-45e0-8db9-0a796bc6f209,2.15,tarama
98bf6c21-9aa0-479c-8f22-2d5e704d4c09,1.85,tarama
98c4d5f9-bfb5-4e3e-bc77-ce4ea471e874,2.06,tarama
98d625c2-6fce-4e84-97fe-2a067c6adc90,2.39,tarama
98e0cae1-c234-4d13-830d-e2ca20236314,3.58,kapi
98e5c99f-8284-4fe1-affd-010ed1d5a789,1.97,tarama
98e98c08-2fc8-45d5-ad11-336cfa2b8fc2,2.09,tarama
98eae202-e51f-4f14-946b-3af70a551373,3.19,tarama
98f6cdf8-c4cc-4698-ba02-356eb3524fee,1.31,kapi
98f9ed5d-3255-4c4e-8366-395bf3c497fb,3.55,tarama
98fa3907-d799-4924-8cd3-cf3af8b6679c,2.05,tarama
990461d5-5a42-4e47-9eab-a637f2debbac,2.22,tarama
990c8636-876a-4547-a858-4667752ebcbf,2.38,tarama
990ede4a-0c1b-49b1-b2fc-d738fc982f40,1.16,tarama
9921cf4d-da6b-4653-92ac-ebfe5d4f9390,2.06,tarama
9929344c-9bd2-46a8-835b-e7278a0ebd9c,2.26,tarama
992b6a73-5209-4bd2-b099-97e381b8efc8,3.24,tarama
9938d9fb-0e1c-4ed2-adcc-992356e2ec4e,3.80,kapi
993ebd52-48e9-4d50-af88-3f3287e8a0b6,2.62,tarama
99467707-2787-494a-b451-9ffbf4ee37b9,3.48,tarama
995f62ab-2616-44ad-9b18-b8932ba298b5,2.57,tarama
9962efee-ede7-4f0e-9407-c1b1edbd0eda,3.72,tarama
9969a368-b1fb-4a62-8925-ee3477f6c2c8,3.68,tarama
996bdc81-3c11-4e5f-9f9e-73e4a350c5d1,2.29,tarama
9973f023-26e3-44d3-9ac3-0f9831f5a856,2.54,tarama
99772791-df8f-463e-b66a-24ba017581ae,3.63,kapi
997ab221-c15c-4d76-9c77-536954a5b78a,2.12,tarama
997e0175-d72e-4f82-8826-baf9c74510b0,1.21,tarama
998354c2-c719-40b8-89d3-40b575337cea,2.76,tarama
998c8269-0e61-4de3-a62c-61de314125b0,3.59,tarama
998fa0e3-acae-48c1-ad2b-2f34ceb608de,2.25,kapi
9996f8c1-650c-47ad-87ab-63f7c8a9c242,2.10,tarama
9997bfea-6b30-4476-9fa3-2ec53c30852c,3.59,tarama
999c2a80-93f0-45a2-a214-d6c2f04e0ec3,2.34,kapi
99a5228e-09b5-495d-8101-95bcfbb04175,3.90,tarama
99a5cd63-8d9e-4f3e-a377-99a44f144022,2.35,tarama
99a99b25-f0ee-4552-868f-3b179d4ea183,2.46,tarama
99af4ae5-750c-4f65-a33c-3a3c398cbdf2,3.46,kapi
99b8d035-9e1d-487a-afb6-a1862cfe6913,2.96,tarama
99bb4c15-ccea-4290-bef8-07672b978cb0,3.56,tarama
99c2199d-8e94-4f49-b9c8-d2f90e660f1d,2.79,kapi
99c94261-f6f7-487f-a782-af1a15cd0424,3.10,kapi
99d689e2-f40e-49e8-8be3-6f89e493e9e3,2.29,tarama
99d98657-36a4-4d3c-9791-80cccc066c5d,3.82,kapi
99dc1e44-0b27-4292-a040-992a4cb35699,1.64,kapi
99dee0bc-8e59-414a-8d77-f53ab0d28a80,1.03,tarama
99ed672d-e40a-49fb-90ef-06a944987a8e,2.26,tarama
9a0b2d7a-6141-42ad-9ecd-57c37fa4b164,2.08,tarama
9a122bc3-667b-42a7-9371-a38964dd5838,2.40,tarama
9a13c26b-eccc-45b4-94e1-579ce87664b1,1.84,tarama
9a141fbd-1fbc-407a-881a-838984201a01,3.52,kapi
9a177100-9a1c-41df-83b7-82581ae390d8,2.68,kapi
9a1f6be7-de52-468e-a8eb-8942dcaca1f8,3.89,kapi
9a20a10a-971f-45a3-8ddd-5e9abf8d01fe,3.24,tarama
9a25ef03-0564-4df6-a1e8-936d90bd55ef,3.67,tarama
9a270661-7d18-40c4-8a3c-2b5addb42e4a,3.05,tarama
9a29bd63-4005-4ef3-a035-009a927168a9,2.00,tarama
9a2bd59b-e0f3-4322-afe1-b55f2d634e8e,1.59,tarama
9a36416e-2b4b-48db-a651-1afeb2e3ee2e,3.93,tarama
9a3bfefe-161d-46f0-b193-2e2622efc443,3.34,kapi
9a3cc8bf-63e6-4905-91f2-8a01cd47f50e,2.51,tarama
9a451a4a-cf49-4596-93a3-b0812c8cd7af,2.99,tarama
9a483958-dffd-4090-8964-f82bdcf046f2,2.63,tarama
9a4b16e3-6bd4-4559-ac6b-9e3b1a863fc1,2.38,tarama
9a523122-d447-48cb-97e4-cbd65dc00f62,2.59,tarama
9a54000a-ce7c-4066-abe8-46c5be1f95d5,2.92,tarama
9a553c6f-d1a9-4891-b75d-7a8d31879e8a,2.41,tarama
9a569e45-46b9-4b54-a813-b26de88ede44,3.44,kapi
9a595f30-6894-471d-869a-d48fe284e40a,1.66,tarama
9a5ae5a1-d0ae-4ba4-84c1-fc3d1481b35c,3.12,kapi
9a61b9d7-ab1d-4931-b5dd-8daec6c8fb23,2.12,tarama
9a6c25fa-fb8c-4d09-ade3-8b729a2c4f29,2.80,tarama
9a793b01-8fd3-4e8b-a199-c5c3c7e984a2,2.30,tarama
9a7ea59c-151e-4c69-aafa-c62edcbaa30f,3.50,tarama
9a7ed2c1-b2a5-4d4f-9320-da04f760a976,2.44,tarama
9a88b5a8-5a8e-45f9-bccc-2017cdab4c6c,2.15,tarama
9a8d8555-3be4-4357-8546-b5522c5e6ce4,2.03,kapi
9a94739a-e238-45de-b4ba-b712ab647f52,2.16,tarama
9a976cb5-87f4-4e81-9f97-3f64d6bc7630,2.65,tarama
9aa3b545-a2e3-41e9-bc3f-6fd1cf458aa5,2.90,tarama
9ab408fe-4d13-45ca-abad-2186ec77c1d0,2.69,tarama
9abc6c24-9c6c-4d02-8d92-4e50c61b9229,2.75,kapi
9ac0db7b-8e9a-4f92-b971-cd45fb6605c1,2.97,kapi
9ac722e7-97de-4756-a1a1-7ad141ad649d,2.46,tarama
9acf2e47-cf5e-41cd-83f4-2fd6bf083e8d,2.57,tarama
9ad0ebaf-fdc5-4f17-a1e3-61015d9ec3ad,2.56,tarama
9adad6f5-4282-40bb-9261-11e537571577,1.94,kapi
9adbe5db-ebb9-4c54-9cd9-baa7172ae597,3.38,tarama
9adf0236-9630-4f4e-bf8d-d5b8c4fcc6da,3.34,kapi
9ae18926-ae4e-482d-b30a-c25e8a5b2ee3,2.97,tarama
9aeae1b8-d3f5-4d01-a0fa-e87052ca933a,3.56,kapi
9af8c2e0-8c81-4304-a499-008747ee74ff,3.00,tarama
9b012243-1c01-4f0c-a2dd-be561a8b7d0f,3.54,tarama
9b081c60-6572-46d3-8509-7e426abe2b7d,2.63,kapi
9b089320-7e58-4c4a-8e54-b503809ad362,3.15,kapi
9b0b5c62-cda5-429b-96d6-600b31bfef79,3.68,tarama
9b1354f1-bd60-4ec3-b715-b37274dfbee7,2.68,tarama
9b170b23-cedf-465a-b8dc-ed2d08ffc5ae,3.56,kapi
9b19a2c4-44a8-42da-b1c8-d2fbe764a046,2.84,kapi
9b234f61-0f1b-4785-b00d-69bd0aaaa7d9,4.06,kapi
9b2baa9d-f2c6-435f-bf36-2aa36a159582,2.82,kapi
9b2ec283-9671-4b4c-ae7c-e07a9a736d85,3.34,kapi
9b30f6c2-de2a-4a0f-a117-06621da8de47,2.40,tarama
9b38a407-8754-4a1e-ad15-0445f10c7987,3.86,kapi
9b3a3b27-44a4-4c21-9044-ffb5b82e081e,2.73,kapi
9b3d2498-3fdf-44f2-8ea8-afa1c79a3683,1.94,tarama
9b409f89-ccb0-4e1a-a585-e920dfc6b7f9,3.43,kapi
9b44f524-c7bd-49fe-beca-4e6b6859c3e8,2.11,tarama
9b54127f-e59c-45a7-b083-9e989305d4e4,1.74,tarama
9b5689bf-2c36-4288-844d-d27f68ac64a6,2.54,tarama
9b581e43-798f-4325-a55a-dfa11c160f2e,2.94,tarama
9b5ad6a4-057d-4b6a-8115-80359a8e3a9b,2.40,tarama
9b5f22aa-d7ef-4f40-97c3-a1d7fa0e15c5,4.12,kapi
9b61c244-ea91-4414-9031-ab7e9c4bc282,2.29,tarama
9b668596-a40c-48b1-a7f5-682106cd4042,3.28,tarama
9b783189-ea43-4cba-9b35-f61bff6d638e,3.44,tarama
9b79ea55-f162-4f04-aab2-c51420b0f705,3.56,kapi
9b84cd4f-85f6-4019-ab26-f878c6de5d72,3.04,tarama
9b8ea4dc-84e7-419e-a704-9ff8bdf1f104,2.28,tarama
9b92a74e-9cb0-4e0a-a5f6-7939d9b6a6b8,2.10,tarama
9b935501-604b-4a87-8fa2-0ddcb4e85184,3.19,tarama
9b9902e7-84da-4c30-b6ae-362618a40231,2.99,kapi
9b9bffda-f584-4236-ab1a-a847e806fc08,4.37,kapi
9ba7e0db-41d2-44d6-b1cc-bf77ad72b74d,2.21,tarama
9baa95ae-57bb-43a0-9cdd-c10e943beb43,2.97,tarama
9baba996-c04b-4678-80cd-7ce3b2b4c186,3.89,kapi
9bad6d04-462b-4c3f-89f0-f9b9eae5bfe4,3.33,kapi
9baf3d25-a1d1-45d3-a88c-04c2bc7c261d,2.66,tarama
9bbc3c46-6804-4b3f-b813-91c90e8c1f23,1.88,tarama
9bbd88d4-d3f3-4695-8556-9cbcd0d669fb,1.99,tarama
9bbd9b60-63d6-4303-bd81-4c210b3b739f,3.16,kapi
9bc480eb-7995-4ff1-b11e-f11d1f9b97cd,2.49,tarama
9bcdea26-66cd-48ad-abd5-0f07577f11f2,2.55,tarama
9bd2c45a-1378-49be-b4cc-8db5cf52204a,2.09,tarama
9bd5d54f-00bf-4b61-8282-564f8f676d97,2.32,tarama
9bdc5ecd-3c67-4122-8a76-ad2fe5b5ac67,2.46,tarama
9bdef409-41e2-4263-98a8-7e3b2b60a9ac,2.98,tarama
9bdfba64-dafd-4850-83f8-6c49c58616c8,1.38,tarama
9be0df3c-44b0-4d44-8376-3b67e559656c,2.83,tarama
9be8daed-4558-4961-a370-4e481b524f22,3.21,kapi
9bee034c-102f-4a85-8af8-f9b5335ca41e,2.85,kapi
9bf8721c-cf3e-4b71-ac2f-a2e61a71fd39,3.81,tarama
9c06cbd3-f029-464d-8eb9-7e28e9914dff,3.13,tarama
9c0a151e-f73c-4677-bd94-44357d19c8d2,1.84,tarama
9c115483-036b-4855-827a-6bb731f85655,3.53,kapi
9c159c46-404f-458c-8537-c5a550524fac,1.48,tarama
9c1a9356-8359-403e-9e8e-03ee57081e75,3.71,tarama
9c32df08-b91e-4ee5-a82c-153b773b2b8a,4.11,tarama
9c35ba4b-42df-4282-988c-859d13020514,2.06,kapi
9c3fa7da-1187-48a9-a855-7ee9a62864a6,3.06,tarama
9c45673e-f698-4b40-985d-fda0de8114c0,1.37,kapi
9c45f636-85e2-4095-8de4-cb5c29c9ac8f,1.96,tarama
9c50554a-8983-4b0d-a67c-ed886cbd13f4,2.46,kapi
9c51432f-37ae-4ee7-93e4-d7ba177846d9,3.58,tarama
9c51963a-0f7d-49b9-8369-13dda97374b4,2.09,tarama
9c57f3e5-9f23-41f1-8a83-1c9ce2dedd64,3.82,kapi
9c5888aa-db5a-42e2-a39f-9dff71155ad2,3.26,tarama
9c5d4cd3-1ca9-40eb-bac1-b8dafcc08cba,1.31,tarama
9c611c0c-9af4-4932-bf8a-59a6f4f345a2,3.06,kapi
9c62f36b-f104-4f1a-829e-e90366c7d58c,3.32,kapi
9c6513d7-d27c-4cf9-a474-62c4550fdf97,1.98,tarama
9c91d4a4-7c90-4321-a87c-675a41dceb6a,3.27,tarama
9c922b1b-488c-40b6-b7f9-634ba807bb90,2.00,tarama
9c936245-c809-4172-afd3-3a311f41b07b,2.07,tarama
9c9925fd-0272-479b-a2e1-d8a7c4d68e2f,3.63,tarama
9c9b9be1-1ee7-463a-9def-be75677b8a05,3.46,tarama
9c9fa247-ab20-44eb-adbd-9d195cd3b00c,1.68,tarama
9caa0ebe-a440-405e-87df-e6147ae969d5,3.53,tarama
9caa3a10-4c39-4ab7-9b79-fd9c9618e88a,2.65,tarama
9cba6316-9512-44d9-bb47-f62cd2a16455,3.57,tarama
9cc15538-b0d9-401f-a1ef-965e8913c957,2.76,tarama
9cc23f11-caee-41f5-bd96-66244545f4f5,1.55,tarama
9cc31807-ec6f-4534-933d-21922342b9f9,3.28,kapi
9ccedad4-7bb7-44f1-9911-4dc8650c09d5,3.36,kapi
9ccf8295-d867-4ce9-9c41-911d54c57627,2.69,kapi
9ce3e83d-9b38-4f9d-89d7-c77286efdf64,1.08,tarama
9ce55ca2-9db8-461a-a21d-20aebd9ade1f,2.55,tarama
9ce5d076-9f13-46bb-a862-484c6bafe345,2.63,tarama
9cee3293-fa73-4a20-8f55-a40afbe192ce,2.37,tarama
9cf0f671-7180-4602-a36b-ddaf419e8aa6,3.54,kapi
9cf1917c-68b0-4ce7-b708-8092f22876a6,2.56,tarama
9cfb002c-335b-471c-b61c-3acd0eb63fb8,2.52,tarama
9cfdb289-0159-40de-9d37-47dc3e33a0aa,1.76,tarama
9cfdd26b-4991-4f5d-a139-dce6290a9c46,2.77,tarama
9cffc27a-cd05-4dc1-bfce-f191d2a3dc38,3.36,kapi
9d01c579-c8fb-4437-8d18-c74df08e5d2d,2.22,tarama
9d085160-5250-4f6d-ad63-20557d8cf9a1,2.05,tarama
9d0b80df-bec3-4f3b-bf9c-73edce1006fe,3.72,tarama
9d0c812d-e445-4018-b1f9-b57a2facb980,2.38,kapi
9d136b28-de2a-42d4-9d36-996c10ecbb0b,2.73,kapi
9d1f721b-1bd7-44a9-9088-ca69b60ea022,4.03,kapi
9d203bed-fd90-465e-ae22-79ba18107863,3.10,tarama
9d261795-d3ea-4bae-8e28-4e8ca3e707ed,2.25,tarama
9d270d70-9604-4c6f-9ddb-be18f15ef3fb,3.41,tarama
9d345ee5-affc-4f99-ab08-cb4fa1f57a3a,2.65,kapi
9d35afb4-6ee3-4aac-b4bb-6fee730fe477,3.34,tarama
9d373a07-72a4-4b5c-9f14-54435dcf5ab6,2.50,tarama
9d49ca7e-092d-455e-be9d-4d035b4916f5,3.28,kapi
9d4c3d74-1969-4cc0-abdd-ef6b10a04948,3.21,kapi
9d544108-6e8a-4fda-bfff-c8b7cb526af9,1.95,tarama
9d63493a-ab46-4d37-b8f6-8b458be3d2c7,1.57,tarama
9d6ea2f5-c116-4936-8ea2-58cf9b56a119,2.17,tarama
9d7835dc-2f2a-4489-84ee-a924b718e724,2.95,kapi
9d7a091f-3763-46c6-8454-86575409722a,2.72,kapi
9d804b9d-9143-4145-85a9-4087af1cea25,3.45,kapi
9d819a5f-f59d-4a24-80fe-5726e1450a46,2.23,tarama
9d825614-3219-4fcc-9637-4b77ff8cd73b,1.90,kapi
9d894432-ebd2-4cc6-a8fc-6ba8b8da5dd8,3.26,tarama
9d8d16fb-edb5-479e-bf6d-f0df78a7f581,2.77,kapi
9d8e4bf5-7534-446a-aad3-bea66ff28cd3,3.36,kapi
9d97141d-f1bf-4c39-8836-5a8e875202df,4.09,tarama
9d972173-7a48-401f-b3a3-6ac10adb6f7e,3.03,tarama
9d975608-6265-46b7-bc29-c61a273f4191,2.98,kapi
9d9d4ddf-4d41-4bd9-9814-ce86f1913cb0,2.21,tarama
9da41f50-343d-4be1-9eee-90c2e595a93f,2.23,tarama
9da5c42a-bed0-4e3e-b414-512a1e658795,1.97,tarama
9da7cc44-2891-499e-b62a-91101d93316a,3.15,tarama
9dadc99a-0475-4e6c-afce-7fa4572524b2,3.55,kapi
9dafa628-df3d-4bad-9dc6-005e2e824c28,2.67,tarama
9db12a4e-7ccb-463c-b337-ac86f13c2886,1.67,tarama
9db4c443-5154-4827-a5a6-07f5f8ddd676,3.48,kapi
9dbdd503-70f6-444b-ae49-4b36ba9fd054,2.91,tarama
9dccc06e-e6f2-42c0-bce5-38d797d04746,1.42,tarama
9dcea119-ae82-436b-9870-5e758dd9fa27,4.13,kapi
9dcf2847-a750-4708-836e-618060cd7b4c,2.76,tarama
9dd752e5-65c2-44ec-b2c3-5fdc680c5880,1.88,tarama
9dd763f3-fc15-4cba-ae7e-9b927dc89187,3.03,tarama
9ddadf09-7659-4ff4-a01c-c7d9ef414e03,1.89,tarama
9de38682-126b-4494-ae66-3b1cab06efa2,3.12,tarama
9dedb134-c165-408c-bb69-c3d7a34ef161,2.33,tarama
9dedbf2a-0667-4776-a4ee-d1ea76f6119e,2.71,tarama
9df1058f-04d0-432b-afbe-3a8faac87078,2.22,tarama
9df64164-da09-49b4-b8a7-7cdfefc531f0,2.54,tarama
9df70527-d4da-49c2-a8e8-d2594d42560a,2.70,tarama
9df71178-35a0-4086-9c17-33b535aeb0cf,3.08,tarama
9dfbb371-cd5f-4367-9471-07169ba61a8b,3.43,tarama
9e05f57a-e17a-4259-b988-717b0736aef5,2.21,tarama
9e072105-fdc4-4969-8d2c-6ac6f43e173a,3.34,kapi
9e072d1d-8d44-4aac-8e48-cfa592322e05,3.34,kapi
9e096bf6-92d6-4622-9d07-467e221714ca,2.77,tarama
9e10f188-6252-4891-8861-e8be99dc5623,1.96,tarama
9e1781bb-47ea-4fc0-9578-3c0ba64bc737,2.16,kapi
9e1bab95-ce8f-4292-874a-b22fec34aea2,2.76,tarama
9e24bf13-d6ed-4933-a869-8c204c40754c,3.77,tarama
9e2a0b8e-4a67-4a05-99e9-304784a261bc,2.84,tarama
9e2e4ea8-01a4-4ebc-b4ac-99a4921b4dc9,1.96,tarama
9e3a38f9-fa72-4e58-8b68-2c55ed839213,3.16,kapi
9e3af2c8-6772-4b7c-838a-c3d658888629,3.39,tarama
9e40d80d-f06f-4982-b55c-80610bcaaa4c,3.27,tarama
9e46d65c-14df-4215-b228-5439fbab2441,3.95,tarama
9e5ab703-c9e6-4e01-9b62-0ed3d4edca1f,2.93,tarama
9e5d48ee-d06f-4542-99ba-c11e2455f689,3.69,tarama
9e67fa32-c3da-4ed6-bf35-228ffa180ba4,2.46,tarama
9e706153-5b62-4fe0-af7e-1b2864a33342,2.20,tarama
9e72207f-797d-4198-a6b5-9990d33859de,3.46,tarama
9e7ac19e-afc6-48db-92a6-6916f6791dca,3.48,kapi
9e84d5d1-8b1d-4d1a-9f4e-80b794570514,2.66,kapi
9e85a0cc-44e9-4645-919c-3b2d6805c23e,2.74,kapi
9e85a980-1ef1-449c-a87f-0f96a14f4427,2.77,kapi
9e9833db-0360-45b6-8caa-7900a1a3384f,3.56,tarama
9ea2969b-0cde-411d-addd-71583ff2febf,3.27,tarama
9ea41d5c-e270-4e7d-b001-ddc55180f47e,2.37,tarama
9ea4d66c-6a17-430e-b6fb-509c49433a4c,1.95,tarama
9eab3588-2a28-4e47-9794-d02a11054f07,1.97,tarama
9eae5b46-1c6b-4854-8e1c-29ea2640facf,1.83,tarama
9eafc1d1-866d-47be-ab5b-a150830c5c82,2.66,kapi
9eb56e8e-23e3-4447-a0b4-436623b695d9,3.11,tarama
9eb6f372-ed24-4910-9745-1dcacde7b891,2.11,tarama
9ec06bd8-6e96-421a-87ab-61d9f7da5ed0,2.37,kapi
9ec11697-07c0-45c1-ab8b-db252c6ce030,2.57,tarama
9ec46af8-8229-4b9c-bb90-f06349600934,2.79,tarama
9ec9eda0-5657-4608-a6fb-40253324fb07,1.82,tarama
9ed659ac-400e-4a9b-9dc9-b7f313274437,2.48,tarama
9eda657c-0785-4005-8a5b-98ad796f97a2,4.02,kapi
9edaa9f4-16fd-4559-ac92-a32d50ca4c99,2.09,tarama
9edb1b0e-88f3-48f5-ab1c-d5e8278ccd4e,3.21,kapi
9ef1b5b2-43d8-442c-81ed-d75f49f0c645,2.80,tarama
9ef9f716-a3c1-4549-ac37-81ac082cf6f1,3.34,tarama
9f0008eb-e3b5-471e-8207-2cf16ea284a7,1.00,tarama
9f0ad44e-5a67-4356-9e08-9ecf80e16461,3.26,kapi
9f0cd652-6987-4efe-a4a6-f76350bb4652,1.56,tarama
9f14be9d-fff5-4687-a1a8-4316dc507ebe,1.73,tarama
9f165a56-77a1-4208-a706-67c60bdb8410,1.76,tarama
9f28226c-e2d5-44c0-a3db-16cdfa7aa4a9,2.58,tarama
9f3080b0-7eb4-481c-84e4-b54c6724b344,3.69,kapi
9f376b0a-0d9b-4cf7-b48b-ce876ab1be41,2.96,kapi
9f3addac-9c14-42b3-8259-e0d9eb2ef510,3.10,kapi
9f4bcfb1-214f-42ef-ac69-4f50a755cb54,2.83,kapi
9f4ee0cd-3e06-42cf-b362-81d7432f4c00,2.33,tarama
9f521c5e-6fa2-469e-b491-5ebec3f43041,2.80,tarama
9f5a599c-c4c0-4881-8f03-de471a478484,1.93,tarama
9f5a7486-b442-4e0a-858b-2a2c872f9f9c,1.97,tarama
9f64202c-7075-4520-9a74-ed2c13a8b270,2.33,kapi
9f6a8987-6fcd-4026-ac22-a86913f06b35,2.20,tarama
9f75debe-7725-410e-9634-b05f9e2b70f4,1.75,tarama
9f77b6f3-87bf-443e-83fe-6f6b9b3cf502,3.61,tarama
9f7e0bdd-989b-4962-8409-bcfccf336003,3.33,tarama
9f7f65f5-2abb-4dd6-8ed7-28c9166c51bf,3.30,tarama
9f899409-4390-4cd2-807c-3d8ac7a93fe9,1.73,tarama
9f8d1fd1-2fb9-4842-895e-0e4b69fcfb02,2.31,kapi
9f8e9379-7a2c-4462-bd9a-eb8a0fbb950a,3.30,tarama
9f8f4065-08a3-4b31-a97f-b3d44202944b,3.16,kapi
9f9535fb-9f6c-4702-9265-92660851ec09,2.06,tarama
9f95b8fb-c9e2-47d0-a26a-772031bb3b31,1.39,tarama
9fa0835c-eedf-4851-8186-bfd07ee04baa,1.69,tarama
9fa17aa4-5dd9-4d92-9b87-8119a18299d4,3.70,kapi
9fa4f56c-d9df-40dc-a43a-9e8829ddc77a,1.46,tarama
9fa7707a-f1f9-4e0f-b5ef-b3bd204ccef5,1.97,kapi
9fb06500-9815-4c3d-8645-e21bcdce4a4f,3.58,tarama
9fb50ce1-8d64-4fbd-9552-e7230bed1ad1,3.47,kapi
9fb7e2ac-d7f8-4eaa-a7c9-16e7e8686ad8,2.36,tarama
9fbb47e7-e608-4e05-9d3a-1663f02e4f44,4.00,tarama
9fd3f97b-c915-46aa-a6db-e681b61e1512,2.69,kapi
9fd6470f-6f5f-4246-abf8-67e3ce53b492,2.85,tarama
9fe2a1e2-f5f9-41a7-8b60-061920298288,1.98,tarama
9fefa171-b8ed-4619-9a57-01ea3c143aaa,2.99,kapi
9ff15b1b-e402-445b-82e2-73b82b327306,2.70,tarama
a0033251-261d-4790-ba6a-3644ed85800d,3.66,kapi
a01724ec-1896-4299-9bd5-c1bfbc270ef4,3.49,kapi
a01dcb5b-fc6b-4c82-8d99-4ea5e6297fe1,1.41,tarama
a022353d-9ce8-4a76-a010-e165c6e14813,2.49,tarama
a028e33d-5b85-427a-8148-d5ef426836cd,1.80,tarama
a0299975-599d-4341-9762-85e7671da780,2.45,tarama
a02de832-1fe0-4388-9076-45d05acbdb1e,3.18,kapi
a030e870-dc85-4203-9928-4c54dbb4e839,2.83,tarama
a0320094-a90e-4fb0-8d2e-c339c432ef00,3.33,tarama
a037a249-132a-488d-bdc5-f505d704aab6,3.22,kapi
a03a03fe-5c6b-4a16-9d27-4150111d0a30,3.07,tarama
a04f6c6e-be17-469b-bb1d-74a868137d50,1.85,tarama
a0523806-3167-471d-b1d4-df16028a9c7b,2.26,tarama
a061bf19-e062-4094-92e7-345746c6eac9,4.04,tarama
a064e252-9120-4a0e-a1c0-c3a0a53394d2,1.80,tarama
a065c244-12e2-4a27-9715-ddbb96d520c4,3.74,tarama
a06eca55-b713-4fe8-9146-a5ee9ac921b1,2.20,tarama
a077d6ac-f744-44fb-9d21-db971b62a413,2.49,tarama
a07b6088-0e70-45d3-8f0d-1868f8c04025,2.30,tarama
a07ba856-d2d4-439a-bf85-74b7a525e407,2.78,tarama
a085c7fd-f7ea-4d8c-9052-12ef325c94b5,2.54,kapi
a087e9ca-fcab-4d1f-a1fc-397785538252,2.73,tarama
a08d81e1-e105-4918-a917-3d226430d596,2.12,tarama
a09167b1-2c59-4f7a-99f8-7c1408739c63,1.93,tarama
a0926776-78a7-47ce-ab86-084b94df2b55,1.91,tarama
a0936c2b-94a5-4fc0-b5ee-f1cb8db7bd2d,3.83,kapi
a0ab5377-420b-4403-99ed-5c63e05c4879,3.39,kapi
a0afa46a-7b18-46b8-8282-d835e365aca9,2.20,tarama
a0b32319-0df2-4a8c-9d8c-938784da93c4,2.06,tarama
a0c58afb-25f1-4016-a929-f6e88c7e6233,2.01,tarama
a0c69824-8f54-412a-a936-a27b81b243b9,2.85,kapi
a0ce3be2-7f9c-417e-8eb6-cc6173bc1221,2.42,tarama
a0cf0874-88b2-43c3-84a0-3aeb01c9cb2c,3.03,tarama
a0d0ca84-23a9-40a3-8127-f83542c5d070,1.82,tarama
a0d2c733-caa8-44bb-be26-e6d2abcc4347,1.64,tarama
a0d9bc48-653f-41ec-a830-1d89caa83da4,2.82,tarama
a0de114b-bbb3-49b6-bf7e-9abb9b8e5c7c,2.92,tarama
a0df0178-4d0b-42ee-9235-715d39b0833e,2.64,tarama
a0f8c0fc-408f-4635-a83d-4620853bc63d,2.33,tarama
a0fe97e0-a28d-4950-a2cc-018d66aab309,3.53,tarama
a1057071-ef5b-45f0-b7a3-ccec67eaef27,2.96,tarama
a10f7bbe-7584-4dcb-b33d-486198851f2b,1.24,tarama
a11854c0-9daf-4fa1-b10d-5d1b00f3d6e0,2.65,tarama
a1185bee-6c1c-4d75-b1bb-2aa919e62fe9,3.44,kapi
a11db30d-7401-4481-9e04-dcae1f6e162b,3.08,tarama
a1386654-7a9b-403e-b208-3ad9312d69cb,2.40,tarama
a140b4be-40c2-4c3f-9017-f92cdfc0c3d2,2.44,tarama
a1490787-e794-4f89-a7b1-0f59e66ddd8a,1.93,tarama
a149441e-952a-4a65-875b-e0e41b3bb70f,3.98,kapi
a149cee4-abdb-4521-a89d-f04eea9c0ab2,3.02,kapi
a1522b64-a687-44ca-9a2b-ef05c2fcae2b,2.63,kapi
a152665c-a8d2-4c60-b336-9a65ac3f84f0,2.61,tarama
a1549bbf-5809-4469-b61f-2178dd5544f7,1.53,kapi
a162020d-5333-46a9-9d11-4d4f4a2f2a30,2.95,kapi
a1633f6c-c4b4-4fd0-9711-1db41d78a68f,3.32,tarama
a165226e-4903-4361-a6ea-7b7d720a9d1f,3.00,tarama
a165d28c-7a1b-4117-bd65-8fdd25ec39d5,2.19,tarama
a16e948d-e5b0-4f2f-86ba-a38d8ec25398,2.70,tarama
a17f4a00-3d8d-40a1-a459-4e0a0ed305ee,2.46,tarama
a1947256-c786-473f-b2ce-eb0776810fb8,3.13,tarama
a19d7197-6cc0-4967-83b3-6a5d2bcacc22,3.37,kapi
a1b819b8-88df-426a-b86c-6da1bc28d45b,2.96,tarama
a1b8ce29-c1c1-4c69-8b0b-03cbf523fa83,1.90,tarama
a1d23fef-5b1d-4769-9118-544ccd2faabc,3.66,tarama
a1e4e8a0-7e15-4296-af1f-742e358c8c8c,2.95,tarama
a1f65c4b-0744-4eb4-8232-c9da1da4b8b7,3.74,kapi
a2100375-ad8d-4035-9681-aac38d2e6bb1,4.13,kapi
a2113929-c73c-482e-b533-dcc15412c358,3.14,kapi
a2115f8d-a339-4701-bffd-faef104596ef,1.97,tarama
a21419f7-4822-4e18-8c00-ee41ce34175c,1.95,tarama
a218852a-16c5-4606-98e5-727461b51626,3.16,kapi
a2256eb4-f019-4b00-b1ac-fcb4ed244760,2.67,kapi
a22a38a4-9ed2-4d9f-b658-01e0a330e095,2.24,tarama
a22a7a89-8e68-40c6-9c2e-f98a14a12671,3.41,tarama
a22b4a1e-0e8d-40e6-94a8-745c883ea705,2.23,tarama
a2323c78-2b14-4070-8935-69505a9ac2f3,3.62,kapi
a23503b8-ba18-43b2-b8a5-48d243f76ffb,2.20,tarama
a241ae03-6a69-4b4c-9e01-3cf45d9e766d,2.42,tarama
a2446e78-101c-4cfe-a24b-82a671f2b247,2.53,tarama
a24674e8-5037-40d8-9b0c-42c1c33b80e4,1.86,tarama
a2595d97-930d-4c65-bee6-aba324ec12d3,2.14,tarama
a261290d-4499-4657-a933-20a56f6675c4,2.27,tarama
a2620370-1d57-4175-9013-f67f762af605,2.96,kapi
a276ae2d-ec24-4871-87d0-b71b88825c43,2.30,tarama
a27fa4f9-d0d7-4b54-8014-21dbe8fd61ff,2.16,tarama
a287533d-39a5-4745-a0f4-6beda60cafa4,2.93,tarama
a2888417-5c3a-41c9-88b9-8e264e5d8cf0,2.41,tarama
a2967619-0be6-4116-ac7c-574714ec6eb6,3.97,tarama
a298a292-3771-4b69-a9a8-ef71dcfeefaa,1.72,tarama
a2a5cd2f-23ea-4a80-a601-2adeffd1b8ec,2.83,tarama
a2a8828e-8d49-4995-a938-6684c657b15d,3.90,kapi
a2aed7c6-315e-4d61-9461-866f9eb7944d,2.14,tarama
a2b13a2d-9a21-4d30-8a0f-e1115401ad10,2.31,tarama
a2b5c58d-7719-455f-84b5-42946c7043df,2.87,tarama
a2c33b9b-2945-482c-868e-ded6743e9f2e,1.97,tarama
a2c3777c-635c-42b1-b96c-2b000f044100,2.81,tarama
a2c6e50f-a80b-4e00-a782-b50e73b23247,2.99,tarama
a2c76124-245a-4e46-9258-e0e4f490621a,2.42,tarama
a2cddbc1-f000-4a7e-8042-50e69220ffbe,2.95,tarama
a2d1c2e0-c9f3-45c8-96d2-c4adc6e39ccc,2.73,kapi
a2d4cb47-52a0-4729-bc3b-b485b7acb9ab,1.84,kapi
a2de06fd-797a-4270-852a-f3ab66a8d7a3,3.97,tarama
a2e130d9-5246-4c5d-9d9d-770ee0f566af,3.97,kapi
a2e52008-0c51-4ab6-8307-3eb8f2e12fe9,3.40,kapi
a2e84aa4-ca2b-4e48-bfba-54acea5b5601,2.66,tarama
a2ea9a87-1bcd-44e6-9bd7-97a77b2864d0,2.46,tarama
a2f00fe8-3a8e-41de-99e1-2c20205a0f6b,3.82,tarama
a2ffbf7f-e13a-4ea9-85ee-cf442bdc99a7,3.89,tarama
a309e301-8d35-4473-95da-9c2cf8a15eb1,3.08,tarama
a3115463-a15d-48da-9eec-4b33ae0e8e25,2.17,tarama
a3163688-f381-4bf7-b38b-a28af96669ea,2.77,tarama
a31d22f5-875a-4229-b999-d636219264cb,2.56,tarama
a3238e36-88c0-4f7f-ab70-4b94ed2a3dd9,2.14,tarama
a32c1f95-bbff-4a35-b830-d1607d5188b7,3.15,kapi
a32c581a-cd4c-40d1-97fd-17a23c44d71a,2.13,tarama
a32d0df7-74d5-49ad-a9fe-c74cfddcd559,3.15,tarama
a32f757d-0933-4aca-9572-9a5616d05cee,3.87,kapi
a33952cc-c712-4e4e-a139-b20d7372a551,1.70,tarama
a341d0a2-20cf-42aa-b8cb-b6c3729e06fe,2.85,tarama
a345f7a3-506d-40de-8f6d-b40da222bac7,3.04,kapi
a3463ada-2e02-4465-85ac-c7b715bc957a,2.88,kapi
a3486c61-04c2-4435-b663-121a0be89b1b,3.68,kapi
a34d1051-ee5c-44d0-837a-3c9e4ce6eddf,2.43,kapi
a34f14a7-a6fe-44de-a074-cad8bcfc74f1,2.39,tarama
a35def4d-1277-4745-84d5-000cde6b2773,3.46,kapi
a36645c0-b9fb-45ce-93aa-f7f38065f996,3.51,tarama
a3691540-6c37-49fc-91c1-c20a36f3f9ba,3.83,kapi
a37332d4-b2f1-40ea-8158-81e400027773,2.41,tarama
a373cd4f-7b42-48d4-bb56-d854410e272f,1.91,tarama
a37602af-4235-4a87-8043-8f03777c1206,3.25,kapi
a3770056-bb40-495c-a4b7-fa07bf103209,3.36,tarama
a37c1595-79f8-4ab9-915e-708b73b5e816,2.56,tarama
a37f1942-ed1e-4c70-915a-49ae66a44cee,2.35,tarama
a3847023-eedd-4e10-890b-fef86e883482,2.06,tarama
a3857a41-54fb-4170-b700-090f090d425f,1.44,tarama
a3874f88-9f3d-4d9d-afff-9e79c80f3ab4,2.42,tarama
a391e116-6886-4ec4-aa49-9c45de003286,3.00,kapi
a395e6a0-bca2-4b5b-b8d9-227884a45bf9,4.01,tarama
a39a0f19-fc9d-4089-a317-82c3428a484d,2.01,tarama
a3a9c588-20d5-41ff-8157-9e45118a9571,3.70,tarama
a3b9249c-1885-4de2-9fee-11511ea43b83,2.24,tarama
a3bb3c4e-9161-43f8-8713-694e8c248385,2.50,tarama
a3c7e9fa-c12f-4068-942a-d4630dab32da,3.67,kapi
a3c8fbb8-d51d-46f1-99c1-5c75e889afc2,2.62,tarama
a3dcccc6-fca9-4462-88cf-348ff1fad1e8,3.03,kapi
a3e1c61d-2d99-4b2b-a1fa-8877b30afd71,1.69,tarama
a3e37e78-db34-4491-b3ac-b0ceba5ec69a,2.77,tarama
a3e3a4e9-8538-43e9-9a80-b1ac11e507a0,4.02,tarama
a3e3bd41-f97e-4d8d-9017-9db4855e3f9b,3.30,tarama
a3e7cf57-c754-4f57-933b-50c9ca68894b,2.53,tarama
a3eb2a18-4633-4bba-ae99-bd8a91a97afe,3.21,tarama
a3ec8db8-0124-4392-ae81-3a42f3a139ca,2.37,tarama
a3efcb2e-51a0-4558-bab3-5960939fce1b,3.35,tarama
a3f1d151-7dd7-4b30-ac79-c6b2ab57df43,3.41,kapi
a3f54cc0-3c13-46bb-b367-5b6de7eeb947,3.96,kapi
a3fa67ac-ee26-4ca2-88f3-7a1f523f5118,1.96,tarama
a417357c-d1eb-4179-ade5-9472427fd343,2.79,tarama
a417c0e6-8c81-42cc-b2e4-686e3bda1aee,3.23,kapi
a419914f-3407-4556-a7da-6fba0e39fec6,1.54,tarama
a419ffb5-cfee-4fd0-8eee-573d0fd062f1,1.51,tarama
a41b02f8-dff8-4b44-be7b-0eaa14057b01,3.04,tarama
a41cbbd9-6c13-4d1e-8e20-732bd6825951,2.34,tarama
a4214cbb-4421-4114-93d5-c3e92b3ce192,1.97,tarama
a42ca8cd-0d9c-4b21-af90-b7d3a6c2cdba,2.26,tarama
a42d3f34-43e5-4929-a3ee-5b1d9c6a4efc,3.62,kapi
a42e98b7-8c1e-40be-a510-e421aa1779eb,3.08,tarama
a43945b3-8bc8-4ec9-8def-154f0816ce39,2.69,tarama
a43a9763-8390-4980-8b03-a30a17f15457,3.31,tarama
a43fda43-ddc5-47ea-bb79-cb877d731dbe,2.64,kapi
a440d920-559d-45cb-bd1d-5607955b51bc,2.50,tarama
a44741db-a548-4c4b-be7a-2bc18468e8e3,3.61,tarama
a44fbdf5-be96-4482-9849-274127e59a0e,3.09,kapi
a4518fc1-343a-4dcf-8d2b-1825b812e7d4,3.49,kapi
a453e958-1148-4e53-98d5-ebf6a4db9c99,2.31,tarama
a456da52-799f-4d83-b1fc-3fbaad34d7bf,2.13,tarama
a45ab3b6-a8be-43c3-aa06-90393ddceae8,2.76,tarama
a46445a1-73ac-459b-b920-8fc1d50a946a,2.11,tarama
a4664aeb-fc62-4e75-bce0-01075e4ad37b,2.41,kapi
a4797081-d2c3-4f00-bc7c-28d3ad37217b,1.72,tarama
a4975282-1535-4f9e-80c4-d800f77fff9a,4.16,kapi
a4990aa2-6524-41e4-ba69-b188b48335e6,3.44,kapi
a49aeae1-3508-456c-ac02-6f463f85be17,2.42,tarama
a4afc883-c102-4329-b313-10de1f1e3c67,1.49,tarama
a4bbf0c8-48bf-4a22-a086-85703c9a2c47,1.99,kapi
a4be6630-784f-4a2d-be38-d3f47ebc7523,2.93,tarama
a4bf4a8e-c0ce-4633-9ba1-e0f257f31a08,2.96,kapi
a4c79913-9870-431c-b7d1-99aa4790dde2,3.45,tarama
a4ca3e05-2f74-4d4f-87ea-e470b18b8349,2.98,tarama
a4cab6d6-a0a6-4999-832c-5e484e5c4bb4,3.77,kapi
a4e2c03a-2e09-4890-a1bb-754f893b217a,2.61,tarama
a4ec6e5e-4094-469a-94fc-34dcd44a0b15,1.95,tarama
a4f5c15b-e1c3-46d9-b81f-6f6e72c92d15,4.20,kapi
a4fc392e-4754-414d-a99c-36e5476cc1a3,4.21,kapi
a5009d2d-e296-4f21-8372-a443e92a7c60,2.29,tarama
a526ddb9-b2bc-47b9-8a60-4c33325b696e,1.94,tarama
a52c6269-1f0e-4868-805e-1d49a46fd0e6,2.06,tarama
a52d6bef-e79d-4db3-b67f-7540470be0b3,2.81,tarama
a53dba6d-17af-4ea9-84bf-fc37bb4917b9,3.02,tarama
a543d58c-1f1c-458c-ae75-9655ff6086d3,2.48,tarama
a54d94a1-e2ba-4bad-b5e1-879957d1bf71,3.16,kapi
a55497c7-4bc6-48af-9983-13dfa5a61ad4,2.01,tarama
a555a55e-b300-4a83-a649-be21c03b5315,2.05,tarama
a57241d7-d7fd-41aa-8d1e-0a1d3edfbf43,3.36,kapi
a5776577-c101-464d-83d5-6fbfd1d2f6de,3.45,tarama
a57afd6b-5651-49c6-8097-1e54c86fd62e,3.54,kapi
a57ce8e3-0230-4659-a46a-0dda34c7f3eb,1.83,tarama
a5829939-df41-4d45-90ce-dd272839235f,2.26,tarama
a5887584-1278-4125-97a5-27ad2efba102,2.51,tarama
a58fac95-46e9-460b-a583-51116cffddd0,3.91,tarama
a593548d-2181-4f7c-9249-a44833329d0b,1.87,tarama
a5963327-9f26-4b0a-ad55-31684571e0e5,2.85,kapi
a59ae69d-5582-4901-a908-62c4107de40a,2.11,tarama
a5a064cb-b521-4963-94ff-98186a86e540,3.36,kapi
a5ae9b52-5b04-42ea-87bd-a2eda2b807ed,2.69,kapi
a5b2f3cf-4e42-4590-8c79-8fb8a812869c,2.90,tarama
a5b486d6-efe5-4c72-822f-fcd9e87ce891,2.08,tarama
a5cab211-70ab-484b-87a1-cde8395c9122,1.75,tarama
a5d9d3b2-164d-460c-88df-17bdfaf5b66a,2.41,tarama
a5db9598-79cb-49a6-aa24-4e6431671a65,3.17,tarama
a5e3603d-cef5-41c4-9d15-a17012d3cadd,1.87,kapi
a5e78ffa-2195-45c2-be92-851fcf2a6b01,2.30,tarama
a5e7c2f6-5e47-4321-afea-c41c82104388,3.37,tarama
a5ed74d0-7b2b-440e-b06c-173e7d43eea6,2.33,tarama
a5f17c9b-cac5-4344-b4cd-a69d24b45bb4,1.02,tarama
a60af395-4d90-4f49-ab1c-48dbc2116012,1.59,tarama
a6130267-8dbe-41c9-be03-7d5fbcd562bd,2.66,kapi
a6179698-7fff-426c-ad97-cb2d997deb37,3.84,tarama
a61b160d-2703-4286-bf98-922d061a4193,2.79,tarama
a61c846b-d751-4a1d-8484-a7982ad43c79,1.64,tarama
a61e9bb2-9989-477b-83a0-e1ed3b4b0cd2,1.91,tarama
a61eef90-18f1-4827-8669-c399dfd267ff,1.82,tarama
a63aa530-fd3f-4a5a-b753-073649ca2013,2.93,tarama
a6423959-1d66-4a42-a9d3-2c75d408bed4,3.17,tarama
a6432c02-272a-491a-9562-54ca256c1c2d,2.98,tarama
a64c346f-188b-4390-aae6-52e7679b9115,2.48,tarama
a651f2ee-3fdb-49d4-92f1-2050fbd0aa71,2.61,tarama
a6601d15-276d-48b7-95e6-615403aeb827,1.99,tarama
a66decc5-3806-4164-bb8d-2180012ba390,3.97,kapi
a66f0382-43a8-4b76-b68c-ca2e262739c1,1.86,tarama
a67e4b3c-1213-4b24-a757-169a2e246112,3.66,kapi
a6833616-e7f3-469c-b9d9-b34a657a862e,2.16,kapi
a683d6e7-c83f-4fb0-a916-e73efba21554,3.05,kapi
a6868996-0261-4c30-ba2e-a65173c3318d,1.94,tarama
a6960a44-412f-4f53-84fe-55b784a07932,1.85,tarama
a6a02c04-357c-49a1-aff6-21ef492c49ae,2.48,tarama
a6a29143-8fe3-4a89-aad2-610d6982b50f,3.06,tarama
a6aa5ad7-8205-4d30-a32c-37c6fa10c1da,1.14,tarama
a6b12129-d82b-4ed6-968f-585d7b23b573,3.78,tarama
a6b2f2f2-dfa3-4a67-856a-001164f6bff8,3.18,kapi
a6bbe4a7-4833-4671-8309-043eb90a6c3a,3.31,tarama
a6bd5888-c230-4db7-b7ba-bf73f31b9abd,1.93,tarama
a6bd5d11-b7b2-4102-80a9-8c90924bd47b,2.76,tarama
a6bd5efa-4182-4d4c-b162-15e5a779407e,1.90,tarama
a6bfa961-1f73-4c48-b9af-044dac5446b8,2.26,tarama
a6c73221-33f5-4be9-8cde-ecae2e2437b2,2.83,kapi
a6d479f1-c624-4c2b-b779-5567f0be6b1c,3.65,kapi
a6d57331-71b6-4e6b-94c4-4913460d382c,2.83,tarama
a6de08d8-f9e4-4193-a1b2-5a7750daa3d9,2.93,tarama
a6e67ff1-0559-4c9d-a1c2-aad497aedf6a,1.88,tarama
a6f4d760-e9f4-4ff5-9520-135efee959eb,3.25,tarama
a6f513be-fa3e-4f32-ae42-a95ebf8e118d,1.50,tarama
a6f63da4-ac1f-4c1d-af41-acc7938d9fb9,2.41,kapi
a6f7627a-e261-4899-b150-8a2eaf2ef7c4,1.84,tarama
a6fa338f-49a4-4952-ba50-f5419a916b7c,3.80,kapi
a6fab5c4-b569-4ae1-876f-1606705f8a06,3.91,tarama
a6fbff6c-06a4-4286-9aab-cbfdea764019,3.10,tarama
a7021629-87ab-4c35-8ff3-d879180c629d,3.92,kapi
a70c2489-5594-4213-b745-4904255e8391,3.21,tarama
a70dc585-7d3f-476b-b1e7-b44fc5dc900d,3.62,tarama
a715e2ef-9152-4629-8905-83aae3145135,2.21,tarama
a722e0e2-e847-4450-8d7c-59ff4124f551,3.44,kapi
a72fcc6f-9a1d-464d-a38b-de381ab0ed1a,3.64,kapi
a739abc2-954b-47ed-82f6-c9f507b7177c,2.89,tarama
a73aaf6c-0099-4a94-82d7-c261686ef6fa,2.83,tarama
a73f5d74-bd4a-4158-8a0a-a1fbcc83eb04,2.54,tarama
a744b19f-9f97-4974-baf0-db3a7f3c8df6,2.25,tarama
a753e359-3dc8-4717-a9b8-1a0328ade752,2.84,tarama
a754edc9-8691-40cc-899e-11b92a1d4885,3.06,kapi
a7577cb8-913c-4249-b4d6-86a790475d5d,1.50,kapi
a76f57b4-fd2f-4500-9da4-7245506b2e8c,1.94,tarama
a770518e-1e30-4f0e-b485-36316f233718,2.71,kapi
a7739c87-e70c-45a6-9d27-bde4ce2e17b4,2.34,tarama
a7745b00-3fb3-4535-af04-abd8d695794c,2.89,kapi
a778a346-68a5-47ec-a5bd-d7a18e031318,3.44,tarama
a7879404-a336-473b-855d-797b7875762d,3.08,kapi
a7896523-0ae6-4c70-b8b9-86dd9d4774dc,3.67,kapi
a789fbe9-3158-4ff6-8c78-2c9f50f4a6f2,2.24,tarama
a79e79dd-c90d-4542-b802-da6ad7b8633e,3.78,kapi
a7a3712e-c65f-4f5e-a883-4635d79878b4,2.46,tarama
a7a68ea7-0a3b-4a83-9935-5f996ddf4d30,1.95,kapi
a7b02cfd-6fe0-44bd-bd14-7fa3a83fe3fe,2.47,tarama
a7b04607-7bc6-4947-aa99-8cd20319367f,2.87,tarama
a7b1b6a6-573c-4540-a3d6-a16040521347,2.32,tarama
a7b7d788-6488-4eaa-bbc5-73be90134ebe,2.51,kapi
a7bab8e0-7892-4920-884e-d951720e10e0,3.50,tarama
a7c4de3c-2d24-4d56-b2ae-924c5a3deb42,1.56,tarama
a7cf9ac4-ba41-4c74-b285-7d3380a86461,2.06,tarama
a7d3099c-72ac-48bb-8536-eafc554a2fc3,2.78,tarama
a7d3f741-76d9-466c-a32a-9cbd7a45e9ee,2.75,kapi
a7de2655-fa76-4ebf-ad60-82e25c10daeb,3.47,kapi
a7df6fb1-fa64-4ce7-92c7-2d38abfa64cb,3.56,kapi
a7e2b297-ad62-4ad4-b30b-2b349ec8713c,2.60,tarama
a7ebd6c5-0d39-4004-b121-2dcfe6f0c0c8,2.02,tarama
a7f1c2b7-9815-4f9b-a931-8b9438e1ca2e,3.60,kapi
a7f38015-0350-47c9-b074-715afcc10204,3.05,kapi
a80c9358-5c7e-4ba3-876f-e239d38ab21c,3.77,kapi
a80cd824-18fa-423a-998f-78de2fe8b87b,2.12,kapi
a8129e29-3623-483b-8dbf-fe4b7b98d23f,3.72,tarama
a8183144-8b92-4c72-a048-19fad54f6856,3.74,tarama
a8196a36-b0e5-463a-858d-b3ef55090530,3.24,tarama
a819c390-cf5a-4c67-9e18-ca9506ecd569,2.82,tarama
a81e64b1-e7bf-457d-bfa7-1bab07882642,3.29,kapi
a828e32d-a1a5-474d-b631-12c647f2742a,2.70,kapi
a82f2449-bf85-434c-9d31-d9a1805db69e,2.15,tarama
a82f44f5-be3e-4feb-93c9-87316c25329d,3.06,tarama
a830a295-f0b4-4aac-b446-d267790635fc,3.62,tarama
a834bb72-b984-4f6f-8aac-71b34a844a82,2.17,tarama
a8369472-e223-4f7f-80e1-82df7b6228ce,2.48,tarama
a83cad1e-492c-47c6-aad9-22292b1d8841,1.90,tarama
a83f6ac3-472d-402b-8132-6d1a5808996b,1.64,tarama
a847f287-e111-407f-b5d9-23b9537c98fc,2.68,kapi
a84e19d1-8a22-431b-aac3-472baa4f3a35,1.97,tarama
a84f6ff5-bab1-49f5-93c4-fe18dfa4159d,3.35,kapi
a853b0a3-248a-4268-8f95-a7ba9e42411d,2.93,tarama
a85b0b76-f93b-4957-81e0-075a4b8826f9,1.95,tarama
a85f7c60-77e5-4f3a-a622-c444868864ab,2.13,kapi
a86f92ed-d29f-4813-b8a4-76291e732ea0,1.56,tarama
a8725117-b9c5-4720-90cb-da633f215d3a,2.96,kapi
a8732fac-0b7a-41c7-b9f0-4a903a20e109,2.02,tarama
a8789c92-d2a7-4b20-9524-cadc0c925bd9,3.02,tarama
a893807c-821a-48ae-895f-29fc831ad14e,1.98,tarama
a8955360-0910-4753-b876-33afe744b581,1.92,tarama
a8958e75-3b8f-4a55-81ba-0a995b4b8bae,3.83,tarama
a8969406-4718-4a4a-a271-7d2b85a7f4c1,3.35,tarama
a89ad036-af32-4a83-8bed-9cb8a90eb01c,2.25,tarama
a8a6c5ac-0587-4bce-8e73-f53419ced9d6,2.05,tarama
a8a88388-7768-4498-899f-78901b9ba33d,2.20,tarama
a8ad94a1-b724-4c55-ae5a-5774af969714,2.19,tarama
a8b49278-8b0c-4a0d-99f8-448bef458214,3.70,kapi
a8b73b17-731a-4625-960a-729752dc16db,1.69,tarama
a8c604e6-4781-4c0b-a3b4-43b0fdc97269,3.38,kapi
a8c6da28-3bc4-4100-a9dc-af05e2537d65,3.28,kapi
a8c77c72-d154-4143-82f8-dc32be080e5b,2.75,tarama
a8ca15dc-0263-45f4-8ced-9f93e8ba6617,2.11,tarama
a8cd1092-06f7-477b-b1d9-05b31743a7d7,3.36,kapi
a8d66f61-5874-497c-a3f9-b98c46585cb8,2.46,tarama
a8e4ef25-d947-493d-9a81-bedd6d9bf81a,3.11,tarama
a8e73d9f-f38a-411d-8f0f-5075dc6384aa,2.83,tarama
a8eedcdb-812a-4ef2-af0f-aa5fb20ffe28,3.18,kapi
a8f51c89-83bc-4193-bb3f-c776e5639231,2.78,tarama
a8fc16e9-0db5-4fcf-813e-0fe91032ba37,1.50,kapi
a8fd2042-1f7c-41ed-bbae-d6fa81550e28,3.36,kapi
a8fe66e8-a5fa-41c2-b817-dea107f5ab52,3.25,kapi
a904aedc-b060-4d57-978f-d00df0eb61f6,2.68,tarama
a909d2b9-cad8-40cf-af1b-99bb006ec7dc,2.14,tarama
a91be8bb-8f40-482c-9e76-3b0fc060b603,3.57,tarama
a91dcce7-ffdc-40e5-9490-a46614b02c68,1.41,kapi
a91f8b98-f72c-432b-aedc-fbb8566192e7,2.86,tarama
a938cac7-e3ef-44e2-8b59-005248284275,1.01,tarama
a93c5a00-5dfa-43c1-8249-7bbf85f458bc,2.12,tarama
a93d8922-218c-40a1-80e8-f6be667fedde,1.98,tarama
a93dd2ae-66c0-4f43-8404-e762cc91e912,1.97,tarama
a93eaa1c-d875-4c32-bcdf-fe004c89f896,2.53,tarama
a9449831-8249-4532-aed6-fb3d17d1ae5f,2.02,tarama
a944ca41-6a2d-4c11-818c-2e4ef7ad9284,1.91,tarama
a946c818-bc4f-4a79-b182-ec6d119c06ec,3.45,kapi
a94ad841-597b-45da-a8de-f66420ed2927,2.92,tarama
a94dc018-e383-4792-943f-4f6cc23cd0ce,1.92,tarama
a94f840b-6ed3-4620-9e63-cdb08420611a,4.27,kapi
a952413c-8594-4ba0-8915-baddef9ff06a,3.03,tarama
a95908cb-1acf-4e0a-b283-abdef5aaf4f0,3.09,tarama
a95b608a-1d4b-4a1a-9a6c-cf5f52c446e4,2.74,tarama
a95ee4c1-df1f-44ad-85fa-17bd02956a9a,3.46,tarama
a96dd140-8924-4cba-b4ad-5719471dab10,2.13,tarama
a985c40f-0459-4fdc-8064-623dcfc2126f,3.15,kapi
a98c64d0-41f1-4df4-a84d-f5a2c1fa7228,3.52,kapi
a98eb9ac-ab9e-46cd-9190-b5d86d1cbb83,3.46,kapi
a99e9745-14d3-4b2d-8f81-f6d2dc7a28a5,2.32,kapi
a9a73de8-4910-4c77-9c94-b0630f1620e5,2.56,tarama
a9aaf1dc-a057-4985-9806-2f445f5cb146,2.18,tarama
a9ba5c91-2f9f-4e0e-9516-b5678cfeb62b,2.52,tarama
a9c07081-d23b-49a9-aee5-2c542990a495,2.16,tarama
a9c469fc-95ac-4b9f-81bd-d6aabd7b0b44,2.21,tarama
a9c98aea-fe58-46b5-99b0-a2b17d1bf42c,1.89,tarama
a9cd4a9a-6a59-4b41-b043-799fb355b62b,2.54,tarama
a9cd7934-e121-42da-9179-e307e91315b7,3.83,kapi
a9cf0d63-2bc4-4f40-abcc-65b7d64a7ae1,2.70,tarama
a9cfe12c-7d54-4270-ab7d-3ddc5718fd96,2.51,tarama
a9da6e26-2941-4b0e-b16d-130b4264abaa,3.21,kapi
a9db0385-7c11-46d2-89a2-e8b2af76e615,2.42,kapi
a9de1345-7b1a-4d90-8b11-0a2c8ebfb642,2.88,kapi
a9e89c19-728d-4842-a25d-707504c4ea7e,2.07,kapi
a9ec7e82-0597-4ad1-91e2-6dc883a1851c,2.81,tarama
a9ef771b-2bcb-41b4-8ba8-a66efdf1c102,3.56,tarama
a9f3093c-406a-4ea2-8ed5-3a550dd460cb,3.92,tarama
a9f3b3d4-7efd-4a7e-9c14-3c0c139735b3,3.13,tarama
a9f6d99a-5d46-43c6-9306-c65ba5d71424,2.70,tarama
a9fc0743-9d4e-4b2b-bbb2-57638882e46a,3.92,tarama
aa00e17e-c394-4f66-abdd-37c90f0e40b4,1.59,tarama
aa07ad0e-1f4e-4359-97c6-b182c66a8fd4,3.08,kapi
aa0ae147-db9e-449f-a24f-95f1921ffed6,1.88,tarama
aa0c9a52-07a6-469a-9204-49099f71fb9e,3.35,tarama
aa258bee-b27f-4b00-847d-868acff95741,2.44,tarama
aa267e70-b0db-4ea9-9dbe-d406d0d40cb0,4.05,tarama
aa2aa11c-c584-4585-ab12-9aa07af0f459,2.90,kapi
aa334beb-e539-4b58-9af2-74290b02d70a,3.65,kapi
aa38546e-7d88-42c9-ab9c-89ad6b278686,2.42,tarama
aa389f0e-82aa-41fb-a0e3-7e980a7a49ce,2.46,kapi
aa40a4c5-1e58-48a3-807a-9ed9b43e4b26,3.07,tarama
aa480719-e409-4b63-b314-8f8bffdac033,2.82,tarama
aa49a927-1561-4551-b643-a19e15effc89,3.00,tarama
aa4a59e3-920f-4a84-9b8f-105465e46af2,2.62,kapi
aa525880-4e25-4cb0-ae2e-79e3bbee08ff,3.16,kapi
aa579103-39af-4e78-a4ed-4555bdaf0a30,2.43,tarama
aa5f3616-dd1f-4361-a0a2-d486f30119c7,4.01,kapi
aa637c77-85e9-4d79-b6fb-3ed38dc4acbc,2.67,tarama
aa66134d-2084-4029-ba71-2b9f69e9494d,2.61,tarama
aa6646d5-53e0-41cc-b8d6-eb49548d3cc0,1.91,tarama
aa69f399-10d4-4633-be38-ba61371cfec6,4.21,kapi
aa6b4ee3-0d38-4a7f-9a55-7da6849fc2e4,1.81,tarama
aa7216a0-507c-491d-83b0-8d73a99cbe8e,2.75,kapi
aa7af2e2-20e3-4e0e-96dc-bce78bfe1e78,3.35,tarama
aa8532d1-6b2d-4938-bd40-21d1474a04c9,3.29,tarama
aa8b3a47-5c25-4f92-bddf-d9b23f1f2c64,2.12,tarama
aa8bab35-493d-4939-8901-8a17b414cff1,3.62,tarama
aa8dc4ff-12bb-445a-b852-9e7a4527a208,2.89,tarama
aa8ef7fd-956e-4c1a-a992-782bb62bd5a7,2.89,kapi
aa906fa6-9d3e-4d95-80a6-18c882e7d445,2.18,tarama
aa93cb5d-4268-487d-bc74-6d588544511c,3.04,tarama
aa964cdf-2d73-4d40-bbe5-5d93a6085ddb,2.39,tarama
aa97a14d-d72d-4fc1-859c-dc0f26495de2,3.00,kapi
aa97ac4f-4330-4699-ad45-369bfdfd676f,2.75,tarama
aa980db8-d068-4ca3-bcdc-c526361c796f,2.55,kapi
aa9a7fbd-2e6f-4a1d-b2dd-b6399de1286e,3.99,kapi
aa9d20f1-4110-4df7-b3da-cc0253f7e823,3.73,kapi
aa9d5274-fadf-4897-9f6a-12252426b93a,2.14,tarama
aaa51c04-0f6c-4321-9777-b42bfa865c5b,2.10,tarama
aab0978e-5a7a-4561-8136-b9690ca5c5c6,1.86,tarama
aab1e15d-4154-408b-a2e4-abeeca6b2544,2.08,kapi
aab37834-7dde-4faa-8b96-726a772c60c4,3.54,tarama
aab47caa-abd1-48dd-ac0f-b526d93edbbc,2.71,tarama
aab60d36-f9e4-4dc2-9d24-5729ad3533e5,2.87,tarama
aab86a83-377d-4f9a-aac5-f23084aad73a,2.42,tarama
aabfea01-564c-467c-896d-2e000670a76d,3.38,tarama
aac84419-9ed3-446a-a039-0eafb455c75f,3.72,kapi
aaccc68a-380d-487b-b1d3-f5f6a83742bc,2.18,tarama
aace44e9-ecf0-458c-aae9-77a65519aaf1,2.53,tarama
aad6446a-65a9-407d-9f1f-0441201e7753,2.67,tarama
aad97641-61d9-4181-95d9-209b70e25569,2.78,tarama
aae1a27a-4562-450d-bb7d-589043c897ec,2.33,kapi
aaeaa337-4641-4049-a400-730a238e25b5,2.50,tarama
aaf25968-6b13-4cfa-95fe-aed99aedfa62,1.22,tarama
aaf64033-ba6a-4e9a-a2ef-f16f8666e26c,1.66,tarama
ab01ee7b-ffb6-405d-a7b4-5c422f0e6442,3.59,kapi
ab032725-e9fc-4102-8c28-a95b25cda996,2.91,kapi
ab084585-f9d9-45d5-aa58-d11f06c3cc3f,2.03,tarama
ab0dc70b-afc7-4e54-aa92-0965da15400d,3.60,kapi
ab1918a5-8590-45a2-a061-f05275f44f38,2.28,tarama
ab1ea931-34b6-41be-b1af-54d503aace77,2.49,tarama
ab273e1d-22c4-468c-9d93-47131386c139,2.08,tarama
ab2ad3a0-6cc8-42b3-8121-7ef92a636b9e,3.51,kapi
ab314745-931b-4a07-95f9-fae177c64518,2.84,tarama
ab3ea209-dfef-4a45-b71a-cefd2a761671,2.06,tarama
ab490d1f-c3f0-4d80-8309-4cce44deab43,1.91,tarama
ab49be54-6397-4a1f-b2bd-f19d67de8802,4.17,kapi
ab4ad571-a9d9-444b-b904-d40ca47125ab,2.27,tarama
ab4b726e-314e-4422-be09-5f56757ed8d9,3.62,kapi
ab55dd1f-038b-4ab0-ba3a-87c136a5a360,1.76,tarama
ab5639bb-d35b-4f63-b802-531faaaf8032,2.95,tarama
ab697c18-f453-4849-a48f-cc4178b22389,3.70,kapi
ab6ca26f-db38-493b-9679-c12515317269,3.68,kapi
ab75032d-ca67-45cd-8110-390d6dad86ba,1.85,tarama
ab77d365-16ac-42ad-9fa3-6145a4d1049c,3.88,kapi
ab81d5bb-977e-463d-b478-457c17df7856,1.01,tarama
ab8a2859-64fe-4d5a-828a-41081a25a302,2.37,tarama
ab8f9251-1315-41d4-a89b-d4b4c4929ff2,3.30,tarama
ab901f74-a88e-4d71-b147-ca30a2cf4de1,2.13,tarama
ab93a939-8f24-4ebb-80f9-cd032a13ffda,2.36,tarama
ab986a74-ee92-4e53-8c30-5b13b750cd20,2.08,tarama
ab995e81-6681-40e4-971a-13a481262317,3.13,tarama
ab9cf9fc-450f-4fd5-8f2a-7064941a2ac5,2.61,tarama
aba89ede-4166-4a08-90cf-19c26a562126,3.33,kapi
abafd9b8-05d8-412e-9d16-b510604d591b,2.16,tarama
abb28acd-4993-4655-a813-ee5ef48349c5,3.96,kapi
abbd57af-4712-4d95-a277-4106c337732f,3.31,tarama
abbd836a-6e31-48e8-a5ab-0195f93f05d2,1.59,tarama
abc67fd5-8a8c-4d02-b2f1-a76f9c0f84c7,2.07,kapi
abccc96c-c393-4d6e-bbad-8cfa57020d66,3.16,tarama
abcd0527-dece-4fbd-810f-9ace91dc6357,3.00,tarama
abea9f65-6ade-428a-8350-d97133e254a6,2.10,tarama
abed6bc9-7cd6-40f4-ba9c-f90921084e9c,2.00,tarama
abf5be09-7e88-4312-b3a0-750f1295b6cb,2.99,kapi
ac0044f4-ee37-4230-ae2e-ade66d4b4a24,3.08,kapi
ac0b2792-051f-40d1-8485-ad2b286e768e,3.34,kapi
ac1e0de3-1dbc-4d51-b350-ca2cbaaf6e84,3.14,tarama
ac1e415b-138d-4559-b023-a35e2f7ebf3c,3.06,kapi
ac20a03e-576a-40ec-acdc-0b845b0d8d5a,2.31,tarama
ac293bd0-3932-4596-aef8-da378c241d3b,2.32,tarama
ac2e705e-6955-4586-8dbf-f82689180997,3.91,kapi
ac347fae-c72f-4208-9359-7e750b6040b3,3.66,kapi
ac3e812f-37c8-4cf0-8101-b0a16546af00,3.47,tarama
ac41ef9b-01b8-44bc-8874-eab9349fb5b6,3.20,kapi
ac4a2db0-240e-4519-a4a0-bf1babd69ce8,2.13,tarama
ac4c2c99-abc8-41a3-8439-4e117da41776,2.77,kapi
ac4e412d-8386-4e5e-8c4b-0505dd42601e,2.90,tarama
ac524dfb-08b7-4974-8882-94ff57528bab,2.04,tarama
ac5eeeea-defb-41f8-8044-4b0ee4b7a5c7,1.56,tarama
ac608f83-1a25-435a-ad61-3f9483bff9c6,2.57,tarama
ac69a765-22db-41d9-8dda-dc9b77969100,2.39,tarama
ac69e877-62ea-4316-abba-56d0d02ff50e,2.63,tarama
ac6f4dcf-6ba8-49a1-a647-7fe4546d7b42,1.41,tarama
ac705c5c-f598-4e35-8746-0419f118f163,2.03,tarama
ac715370-f6cc-40ac-a260-ee6164e3c8c7,1.78,tarama
ac72d5b4-6fcc-4572-a646-f8199ec73e75,3.17,tarama
ac75001c-2942-4a20-9c40-b278df8b0c4d,1.94,tarama
ac76149b-f9ec-4ffa-a611-90d701bae49c,2.38,tarama
ac77ee6f-8848-43b4-abd2-c0e01a629932,2.88,tarama
ac77ee90-dcf0-48d8-a5dd-1033a0a3e307,2.17,kapi
ac7ea69c-69cf-40b2-97b8-452cb2f07989,3.62,tarama
ac810f32-7f2a-4bf8-8c83-3bd574297f40,2.44,tarama
ac82d17c-1b9f-445e-8e5b-9fdad464a407,3.45,tarama
ac99deba-8577-4474-8014-40483e0c5319,1.82,tarama
aca0e122-2ea3-4a51-b6a2-108217bc7136,1.87,tarama
aca2e5e4-ce2d-494a-899f-b95876f416e3,2.78,tarama
aca49aa2-effc-411c-a8ff-09127aca0236,2.15,tarama
aca8be4a-56b4-478f-af70-43991f916d91,2.86,tarama
acaec160-0452-4aaa-9c55-d34c6031aa7c,1.44,tarama
acb08aa4-4c5d-4b97-8215-552b9b661117,1.75,tarama
acb20691-3862-4bf4-bd4e-5a1990684a1d,2.54,tarama
acb2ead7-53fc-4c6a-9db7-336380260773,2.04,tarama
acb40dc9-481c-4a85-bcb8-0cf5dc1f8d37,3.64,kapi
acb5878d-a869-4713-b8e8-9adbda24312c,2.76,tarama
acb659e1-8845-4d97-83b2-75c5c5422929,3.77,kapi
acb9094f-aa59-45f6-a611-9a78e43366ea,2.00,tarama
acb9f2c8-c48c-470e-920e-a27ea8aa45f0,2.05,tarama
acc2a772-d754-43b2-9bcd-d902a7ea0b98,2.09,tarama
acc9cf09-6a97-4f55-b7da-573fb7e3afc1,3.59,tarama
acd5a0f2-fad9-483c-ac66-822b02921332,2.53,tarama
acd7c7d1-3377-46c7-be20-623f35cf4ca2,2.11,tarama
acda988a-a0b4-4308-8ec7-d7fe2993bbec,3.89,tarama
acdad85b-9ed3-44b6-ad7e-7c24ecb41c5f,2.68,tarama
acddfd53-5378-4d42-8c4e-0cb005000b37,2.41,tarama
ace530ab-8a3b-4b3a-bbcf-cf40d13a72ff,2.96,tarama
ace59044-82ef-4e1a-9b09-d0f6032ca552,2.34,kapi
acebd19b-c578-4949-b34a-543af8c30fd8,2.63,tarama
acec27b3-8f56-447c-9233-4501833fd46e,3.52,tarama
acf984e2-7d3f-4724-8f0a-8e76c9167581,2.77,tarama
ad0849ec-8a8c-4f45-ab7a-4577ac81ea7e,2.27,kapi
ad15bf88-a34f-4283-b9fd-2a4a84cb06e5,1.91,tarama
ad178947-861a-40c2-9d82-16d20b269831,3.82,kapi
ad1879cc-d0f9-4d80-bcc1-518effbbc055,2.53,tarama
ad227b03-d64f-42b6-9650-c25659dad87f,2.80,tarama
ad2ca870-027a-4941-80e0-7db2f422ea88,3.15,tarama
ad3db74b-2c7e-4ba1-a247-1d912b48766b,3.38,kapi
ad408066-eee4-419f-8e87-86d2833f179c,2.00,tarama
ad4a1d51-7cb1-420d-aa9b-8496cd60d5a8,1.21,tarama
ad5059ec-37d0-4c9d-b821-54fa2856942d,1.97,tarama
ad5316bc-379d-4d89-b7b5-4251baf061a3,2.01,tarama
ad55df6c-3c94-477e-81c7-225661882b12,1.84,kapi
ad5fb89e-8bf1-47ed-952a-636deea14de4,2.63,kapi
ad61a401-f00c-44ac-a98f-d44ce858c106,1.20,tarama
ad67139a-2964-4cd7-a728-0b892dc29ff5,2.30,tarama
ad67e3f3-ca98-467d-b25b-1dd014050e1a,3.13,kapi
ad72a460-a1b0-4936-b1f1-0f457a8fb100,1.52,tarama
ad8de850-23a3-4277-8b31-2a540f6fd5f7,4.06,kapi
ad94d706-b836-42f9-b739-1c3e3aabde91,2.92,tarama
ad98274a-8b23-4585-b778-79e6a2658459,2.77,tarama
ad98afaa-0f04-4cb6-94dd-286db5bbe912,2.76,tarama
ad998eac-ca0c-4716-85ac-9f4a0baca468,2.12,tarama
ad99b522-34fd-4772-a7d5-336586639f01,2.52,tarama
ad9c78e9-e92f-453f-b003-78c9ce4c3875,2.43,kapi
ad9e1a84-0e99-49ea-8b9b-3e9a91f0c3f7,3.47,kapi
ada419dc-b21b-494a-bd03-3357b74d0385,2.15,tarama
ada66f5e-a7e4-4241-9ef1-b9228a7386c2,1.83,tarama
ada87587-3714-4d43-956c-604cefaff7ad,1.56,tarama
adba4148-ab22-4e9c-8d9a-49682c12de99,3.70,kapi
adc9c871-2bf5-4eaf-a3fd-c266414228ce,2.62,tarama
add467d2-2f81-45b4-b3c9-5389e82e6a55,2.82,tarama
adda38f0-6706-4ba9-84b6-c56226b31441,1.87,tarama
addb83da-451d-4bf9-9c09-567929523d92,2.01,tarama
addd2bfb-58cb-4b55-976f-03bee13046e1,3.01,tarama
ade85547-0c71-4248-8098-06533c809d83,2.63,tarama
adf5ed21-6172-4b54-8a5d-44f659610ad3,3.83,tarama
adf7fa2f-bbb3-4934-8b9f-eb9b1f5dace4,3.74,tarama
adf91b19-dcc6-4e40-8812-861173e93333,3.32,kapi
adfc98de-1c92-48de-be91-908936b069dc,3.14,kapi
ae03423a-1bdb-47de-95bc-d54125c0720a,3.56,tarama
ae08f243-fb3b-49be-bd45-4c76a2f30f96,3.21,kapi
ae0a1ca9-2a12-441c-9fa0-18fdc8575262,2.73,tarama
ae0b1af8-00ce-4dce-a88e-7a63e6480ebe,3.19,kapi
ae0b916e-64a3-47f1-878d-818121d98b5a,2.49,tarama
ae0f0db6-d214-4274-aa5b-9eafdcdf39fe,2.39,tarama
ae103116-f802-4b4f-8293-05d1e1d70825,2.69,tarama
ae171784-f95a-41c6-878d-c5f153fd8106,2.27,tarama
ae1ad271-f5b2-4d9a-a41f-07f4aa5e74a8,1.50,tarama
ae1d9a7b-e03d-436f-ad47-137b7b6d6dc6,2.67,kapi
ae23719a-1a99-488f-8b41-1ac05944a125,4.04,tarama
ae29974e-e374-489c-9420-30bd01d97773,2.59,tarama
ae29f17c-3801-4ee3-a57c-a0f2514d7571,2.48,tarama
ae2bc355-fa1d-4541-9a37-f9bcd6c429a7,2.63,tarama
ae2e496b-1376-45fc-850c-9ff838497d29,3.43,kapi
ae502939-4818-4c90-9812-4ce7eb9046be,3.65,kapi
ae5113ea-06f9-40a3-b735-035eb024313b,1.21,tarama
ae5202e5-5d5c-4a3f-b997-2f84e8b6aada,3.74,tarama
ae56d144-4c78-4881-bdf1-46e41a69ff71,2.68,tarama
ae59ee52-6c25-417a-8cb2-c168eeb6c7b8,1.40,tarama
ae5cdcbe-09e8-4a8d-9084-8dda99a02828,3.08,kapi
ae73a679-5d26-4e76-ab5f-e4c510b13860,3.12,tarama
ae762d26-2b4b-4efa-ba63-5973876308d0,1.90,tarama
ae774939-6580-499f-97d2-53f91af8ead2,2.06,tarama
ae7a919e-5fff-41af-983a-9ec72b504ced,2.15,tarama
ae7b2974-8fda-44af-8188-163f333259a2,1.77,tarama
ae814c21-37b5-4f7a-829a-fbf733df539f,3.89,kapi
ae94e8e8-71b5-40ce-8051-fdbbf8e386f0,3.17,tarama
ae95ee40-9c1f-4212-b59b-a1b312c75632,2.31,tarama
ae98643b-71d2-4d7f-90e7-f6ba9d85e40f,3.80,tarama
ae9b016d-deb3-4e82-a63c-61dbc21e487c,3.20,kapi
aea2a565-03ff-41d9-83e7-15ef675c6c7b,3.54,tarama
aea5c126-eadf-4d5e-a2b9-9340a4064067,3.01,tarama
aea8fc0a-95ca-4885-a9e8-ea47a96618c7,2.85,kapi
aeb92668-bac1-453a-813f-1c9629fb1d7d,3.47,tarama
aeba5d5d-d14f-462b-8291-f98c7b695cd7,2.18,tarama
aec0cd01-b551-4ac6-bacf-30808c3fc8fc,3.04,tarama
aecf3b15-bd3d-4e75-bf2d-1c333d4a9536,2.74,tarama
aed49536-7d40-4f38-b070-f6ef0245f7a1,1.60,tarama
aeda9f5a-d861-4b54-96a3-eb0609929e6e,2.09,tarama
aeec4f0c-0c51-44d8-ad63-31c0bfbf325b,2.30,tarama
aeecd045-aaa0-4ce4-83d1-8f8de9881436,2.21,tarama
aef01fca-6ea8-40a9-b31a-d72b434e96be,2.84,tarama
aef26caa-4b21-400e-9a60-8870c53e6df9,2.33,kapi
aef5eeaf-9c5a-4b32-a28c-2f876ee2f481,3.84,tarama
aef6a0d5-0f20-4e69-b93b-fc988e0cb00e,2.29,tarama
af09eb1e-89dc-4330-a1c9-db2748a43be0,2.06,tarama
af0f3731-24b5-46e9-92da-f1045726fb08,1.73,tarama
af14f9b5-cacc-4d83-b5af-2c05567543f6,4.26,kapi
af156f9b-a3e3-415f-848b-563f91bb8957,2.11,tarama
af2f48ce-6100-4303-8231-d4356c0a9e86,1.99,tarama
af372bfa-31b1-4c59-ac24-aa702365bb8b,3.43,tarama
af393c4e-1dbb-43bc-a3e9-b8968d262e18,2.31,tarama
af3f3ce7-1a86-471f-8b46-9a89236c5339,2.23,tarama
af41001e-faed-4e98-baa3-d255e0eb1acf,2.99,tarama
af4146d2-9e1b-47dc-a5f6-1ccac743b943,1.55,tarama
af45cfb9-a730-46ac-a09a-4478b217fffe,3.71,kapi
af4df535-d97c-4d0f-a6ef-21303dd9e3d4,3.41,tarama
af51e2e1-52ef-407c-8dd2-5a22523785f3,3.02,kapi
af52b6d0-965c-4aa0-b2c9-4017115dcdda,3.24,kapi
af54df7c-9e6b-43e0-a10d-60ec8fdbede0,3.28,tarama
af567f83-c386-493e-a54f-3b3dd370eab8,2.09,kapi
af5e8a24-3ed3-4ebf-a4a2-6e810466eece,2.42,tarama
af6130d3-42c5-4341-8620-f077907609d1,2.43,tarama
af619f87-2655-4dce-a060-5b0310c50d09,2.09,tarama
af61b9e3-4e83-4bcc-b2d7-75dc753844ca,1.94,tarama
af69633e-5e65-4706-a8db-2d6b6dec2e78,2.17,tarama
af6c1e8f-49d9-4425-8545-0249dc7cdd7f,2.30,tarama
af6d6517-ebde-4c4c-a230-99d9d5153a79,1.86,tarama
af72990d-3e10-49b4-85b6-62bf527d497e,2.14,tarama
af7370ff-dee9-4971-828d-313c6fdf198c,3.59,tarama
af7687f4-3576-4e3e-bfc6-1808bfbaa3f1,1.87,kapi
af773241-8ef8-4920-af29-d789480108c4,2.06,tarama
af7c28af-0a81-402c-8782-25117478a7e2,2.15,tarama
af7d44bf-3fc7-4885-b079-13315b1f3004,2.62,tarama
af84d9ad-11db-4af1-8447-c7fb15b76217,3.00,tarama
af8df6a6-7b0d-4b98-9a78-4477a712b48b,2.71,tarama
af96b5d4-675c-475a-9ebb-7369aef51dae,2.26,tarama
af98aa11-3fd9-44ea-b9f3-76815c7896c5,2.04,tarama
af9b0e79-32ff-4ba5-885d-0cc3be0b471d,1.54,tarama
afa36a79-586f-4278-9e49-a0f567ee0bae,2.41,tarama
afa43cea-96dd-4dee-a6c7-a1e76a595cd6,2.51,tarama
afa693b4-f0b6-4277-b384-c04a73e247fe,2.86,kapi
afa767bd-2f9c-4ef4-bf7a-2c45d8caef6e,2.75,tarama
afb10a3c-89f3-4ad8-9d7d-5a58a18872e4,3.08,tarama
afb2760f-e5aa-42f2-a38d-681c62cbd60d,2.06,tarama
afb87d87-0e3b-4a91-b41d-4d7f67a95b16,3.74,kapi
afb9fa2b-7053-41b8-84c7-9725876813e2,1.53,kapi
afbeefdb-62da-4a9b-b577-58d1fe060442,3.94,kapi
afcb5f27-5875-4276-924d-a8071ac92d5a,1.94,tarama
afd2589d-a245-4720-a425-1472f4b7e649,1.61,tarama
afdbdc01-46d1-484d-a6e1-2285e4af3af6,3.58,tarama
afdc55ba-080c-4c74-9201-21e867f649af,3.06,tarama
afecbca1-91bd-4920-ad35-ceb548c5b922,4.07,kapi
aff002fd-9d22-4ffc-a057-03a87f615f7d,4.14,tarama
affce7b1-5453-4618-9e62-7abcc2540903,3.15,kapi
afffb851-7324-455b-bcd3-2fcb8d2e0b39,2.59,tarama
b0035bfe-7999-49a2-aab6-e2eabf51f0e3,2.48,tarama
b004e8f8-b555-4cf6-b0e4-597bf9d62ca5,3.06,tarama
b005af63-dae0-4fc0-a142-b1dc0a3baed8,2.26,tarama
b00611b8-1438-4379-a42f-73e82914db6d,3.27,tarama
b00c0667-80c5-4dd0-a779-90a4560f4e96,3.82,tarama
b00dcf65-187c-409c-82d1-756462fea331,3.05,kapi
b015091a-b606-4b7f-bf1e-0825320f9623,3.90,tarama
b0269193-8d99-4046-b878-42258ced110a,1.01,tarama
b028c7b0-b4a2-4d48-8fe1-1b308032b6b1,2.05,tarama
b02a141e-dcad-4a6b-a342-b5fd7cb6b735,2.46,tarama
b02ce2d0-4d21-4721-8f7e-89d319e8b684,3.31,kapi
b02ffd7f-5bfe-48af-b6f3-f3cfae9bdaf7,2.18,kapi
b03a23bb-25f8-4c02-b189-5335bc528194,2.45,tarama
b03ca3f8-9705-46dc-8819-40f1c9a56ec9,2.01,tarama
b041c35c-016d-4d70-91aa-dd24bf2f3ef2,2.75,tarama
b04da7ef-3c83-49e5-af59-6ee6cfc2af9a,2.11,tarama
b052f911-666c-44f1-8e19-9cd3c57accad,2.91,tarama
b0567933-b58d-41bf-92a3-00f89921b15c,3.38,kapi
b05bd8b4-cec4-4f9c-9267-734d426a546b,2.13,tarama
b05cc138-3408-4499-bd4c-57121c7f0e28,3.26,tarama
b060842a-cf84-433d-919f-a60dc5abdb63,1.04,tarama
b069ea1c-4d57-46bf-aaa2-5d71e81d0e4a,2.06,tarama
b06b6e7b-defd-4322-a656-875219c8d5a3,3.60,kapi
b06d174d-5c3c-4ec8-80f8-e88ce1f1e4d2,1.02,tarama
b07248f4-50c8-4593-a799-1a0378fdb892,1.51,tarama
b0725ca0-dc07-4017-8b56-9120f42b6471,3.93,kapi
b0758003-904d-48ec-beb6-5628b984f02e,2.14,tarama
b07a65c1-6015-4af2-bf06-83df220c1cb2,3.96,tarama
b0825ed1-6a36-4f83-9b51-49ee1389b95a,1.79,tarama
b084b5bd-efc2-4448-8bf2-b047d36130f3,3.48,tarama
b0861a80-dc08-47f8-a072-c5a3944a3b95,2.42,tarama
b08ae111-5b62-4901-be92-cd5ada3432c8,3.72,kapi
b08affce-2778-49d0-b3f7-96cfb02c03ea,3.20,kapi
b08b10ea-38f8-4f8c-838c-8bde403e3036,2.71,tarama
b09196f7-0b56-4c84-a2dd-96fc24fffba8,2.96,kapi
b09d1a2f-abf5-459b-bdd5-ada34259b26d,3.38,tarama
b0a15100-d5e8-4d69-a653-ccaa1d57623c,3.06,kapi
b0a6a609-e857-46fa-bc70-eac96d2fe26f,3.86,tarama
b0b5f7a9-8c17-4228-8a6c-8852d666b8d2,1.65,tarama
b0d1a8c0-aa57-46a6-adda-8067c74d4cb8,2.17,tarama
b0d5d8bd-9614-4de3-a0b8-f252f5362149,1.87,tarama
b0e3f438-71b2-4b41-af85-491e46178b64,1.12,tarama
b0ecdf77-af94-4508-9a08-1a5e1e7cf083,2.13,tarama
b0f08c1d-2318-4d5f-b523-7552735573e8,3.85,kapi
b0f14eda-4490-4b95-9d5c-4f9fd7f7a0d5,2.36,tarama
b0f64dec-7364-4af9-970f-0fdbdac86fed,2.36,tarama
b0f6662e-6de0-4698-90e7-460fbd90c00f,2.43,tarama
b100adda-4962-4bb1-bcf3-daa90b8bdf80,1.90,tarama
b1152bb1-0e92-4d58-a6af-b3a26be1b5ac,3.02,tarama
b1180e0a-097b-447e-8cde-3adecec49067,4.01,kapi
b1231489-bf53-4f61-9469-9576a2157318,3.53,tarama
b12582fa-16ee-420c-8d26-9b5e45193f50,2.94,kapi
b135f1b0-1962-473f-8d08-b27ebd2d6d0f,1.75,tarama
b13b5990-9686-4bd0-bed3-bae386006b86,3.85,tarama
b13c148e-1324-4902-a0b0-800ec220b4f3,2.17,tarama
b144a428-5449-4a87-8622-126c23a7176b,3.83,tarama
b1455c15-4c0f-45b6-8f2d-8fa06a78094e,2.72,tarama
b148873e-a213-4d8a-9c78-8025949c0643,1.93,tarama
b14cbc7b-5a7b-4edd-9623-1e7263f019eb,3.67,tarama
b15134f7-c134-4844-a67f-0691057bc9f6,3.04,tarama
b151642a-7d1c-4593-8d2e-4ca7b443dff0,1.86,tarama
b1591e98-51f1-4024-894a-5a8883f41171,3.03,kapi
b1659d0e-c439-46fc-bde8-2eee8d4209d2,2.15,tarama
b16681f3-b09b-47ce-b220-dcecd4eb6788,2.38,tarama
b1692f38-610a-48a1-bdc7-8ad432817c10,2.18,tarama
b1723ab1-0235-4e81-bb77-1334180b2810,2.92,kapi
b173ca02-b715-4e8c-ba21-271da721ddf1,2.69,kapi
b174e1c4-6124-479d-a078-40b558c4a580,2.23,tarama
b17b605d-29bb-48c7-8b35-47430205eea4,1.71,tarama
b182d00b-da23-40b6-81e2-225a2eb01d6a,2.07,tarama
b18da7b6-a985-4c09-af14-383161c53ffe,2.21,tarama
b1907476-8ccd-41d6-9990-057077cc33f7,1.98,tarama
b1957df7-fe15-46ba-8021-3de90c3a2363,2.66,tarama
b19ee259-5c04-4413-a3bd-7bc5393f5e58,2.89,tarama
b1a1dcaf-f8d3-4f75-8f79-251f0d3939c4,3.45,tarama
b1a5591f-b5cd-42c0-a7c8-6be443cc0775,2.69,kapi
b1b81306-2ca8-4c03-9e92-f9c69e9682d3,2.75,tarama
b1bdb833-58eb-455f-9d5b-f76599109816,1.92,tarama
b1cb8436-eebd-4655-b26e-60057d9683c2,3.85,kapi
b1d225ef-63ef-4bcc-967c-39d22190489c,2.08,tarama
b1d2e951-6018-4a80-b925-a201e389ddbe,3.45,tarama
b1d6d47a-3a0b-47e3-b4c5-30de1d70825d,3.93,tarama
b1e61ae5-0807-4a17-89dd-994222fac1db,3.61,kapi
b1e9dca9-64a8-49b2-80f8-c23fbd5ad3f5,3.04,tarama
b1f04e90-e626-4d29-89f4-7888e96521ee,1.63,tarama
b1fa246b-abbf-451e-b617-f78b00a95aab,1.05,tarama
b1fbd311-a063-4a1c-af59-5f93965bbae9,3.21,tarama
b205cef0-4161-4980-8af1-aa4a3644103c,1.75,tarama
b207795f-7822-4320-8c02-aa153664372d,2.64,tarama
b20b0083-af21-4a72-89b8-117c210428e5,1.84,tarama
b211ae66-aa14-481a-8e19-e8e3ea9d97f9,1.63,tarama
b21bfbeb-a9e3-4b22-b40e-d0f0454daaad,3.70,tarama
b21e4345-639c-4848-98d1-2795c989530b,1.80,tarama
b21fea60-535d-4924-8cee-8813825e2108,1.76,tarama
b229fe31-fac5-430f-9e5a-276c0597b8f5,2.67,tarama
b2311917-1070-4612-a385-68646dcea44c,2.83,tarama
b233defb-439e-4b33-b479-d9a144214eb6,1.51,tarama
b2341647-0410-4312-9e29-e913366287e7,3.32,tarama
b2342276-5dab-43ca-b499-a0950ae79eeb,2.24,tarama
b236a1fa-3d58-45d2-94f0-62170eec71aa,3.07,tarama
b237b24b-3389-46e6-bb94-03855399b044,2.35,tarama
b23e33a4-4701-4fbd-a342-ee11482bbf64,2.17,tarama
b240828e-ff33-41a3-807e-bad4e3e516bc,1.73,kapi
b241419a-9546-49bc-abb5-a9101f43ddcf,2.19,tarama
b246b77e-cb49-463e-8d56-4ff93c9a676a,3.26,tarama
b252c828-3045-48a9-80ee-ebd26fcf97a8,3.17,kapi
b25da678-6444-413f-a499-ecb20adab6f0,1.85,tarama
b264825e-a23b-4ec5-a5f4-712714378b5c,3.82,kapi
b264fc3a-3c50-4c27-a9e5-5f1e42b68a01,1.95,tarama
b2701d28-8adc-44b9-9096-c903349e2d96,2.31,tarama
b2739cf6-28a6-4292-b0b4-eaa4727af266,1.00,tarama
b2771794-3e38-44e0-b04d-0e6f7ab22e7b,2.92,tarama
b2892f4c-ffec-4b9e-aa3c-445f6064a585,3.57,kapi
b28bf292-4303-4fe8-bb9f-3cedbc5f9ed5,2.05,tarama
b28ffc76-b8b7-4279-a067-b67c8fa78cf7,2.70,tarama
b296c430-c914-4eb5-8f13-d08bcd589c64,2.66,kapi
b29980d7-a2ad-4bf8-a85c-d65162918a99,2.55,tarama
b2a0969b-f098-4015-add1-e10c6cd9f4cc,3.22,tarama
b2b10003-f1a5-4ae5-b46b-98261ed2d5d8,2.94,tarama
b2bc4c91-3f28-461f-b8e5-e7d80bab87aa,3.46,kapi
b2bda3fc-2fd0-4f4e-9893-ca3e343fd902,1.44,tarama
b2be1a75-10f1-4daf-8e11-00e9673b4e05,3.61,kapi
b2be3aa9-61f1-4b5a-b6b4-c1eb639cc4ef,3.94,kapi
b2be4f72-1c9f-45d8-8e14-1397bf11bf39,2.65,tarama
b2c07f6a-2fb2-4e68-ad25-7db1f4ba2ac6,2.58,tarama
b2c08357-14d3-411e-866e-c51804395ba3,3.72,kapi
b2cddff5-a1e1-476f-afba-da7ab8890518,3.92,kapi
b2d918e6-29c4-4f11-a34d-a5dfa22c0e2c,3.48,kapi
b2da2c09-bd3d-473e-a3bd-9526caff1d1a,2.05,tarama
b2daa04c-c849-4323-892d-3394bd3ee63f,3.45,tarama
b2e043d3-0c50-46d7-9d66-aa6c486a4cbe,2.73,tarama
b2eb39f5-e9c0-4927-ad5d-ea14d626b76f,2.80,tarama
b2f4faa7-dcf4-4b63-a4ec-ada154ede5c1,2.07,tarama
b2f5e4ef-5ac7-4bcf-bd84-7549566a6308,1.00,tarama
b2fd7e01-ab4c-4d70-88f4-07fec5ffe9c3,2.35,tarama
b2fefd09-321f-4312-8f31-17baea73e35b,2.22,tarama
b3005eb7-2350-4f38-9e3c-3c5d2c4cd2e2,3.71,kapi
b303ca52-88d4-425e-9871-5e20b6e525f8,2.89,tarama
b30689d4-b84c-4bde-9b75-d31e45dbdb58,2.75,tarama
b31656c3-6536-497d-bf75-55c1167f7f2a,3.62,kapi
b3296acb-d775-46d6-a7a0-2c92b901dcca,1.61,tarama
b33a5b38-e723-49e9-b828-2065aa1ed5ec,2.13,tarama
b341792d-48a1-4f1e-a118-d63bafdecb1b,1.90,tarama
b34a0ed6-17c6-4ea1-b33e-810f49d5a5a2,3.46,kapi
b34eaff9-0cdf-4e80-b386-4df9e03f76bc,3.17,kapi
b3590c7c-a109-4bc3-97a2-94b0056b0313,2.89,kapi
b35a1b34-dd62-4216-bfaf-63b4e2bdd250,3.31,kapi
b35d7bc3-503c-434a-ab03-497e84ad979c,3.26,tarama
b35f5ead-e779-42f3-a32f-ea63bd926d14,2.74,tarama
b360588c-d286-456f-9ca0-b5a99e785a80,2.48,kapi
b364092e-e981-495e-b3c6-e44d39975112,3.16,kapi
b36704cb-dd88-498f-9280-5279af273fb7,3.52,tarama
b36cc320-811b-49ef-8300-e75c49bbc8e6,3.22,tarama
b36d020c-b164-4d36-8f38-c036addedd04,3.15,kapi
b36ea262-832f-4ed3-a243-96bfa988ac08,2.13,tarama
b3717542-36ba-4c69-a5f0-6c529611d1fd,1.93,tarama
b3746ab8-da10-4e04-8af5-02ef2d4b4c2e,3.47,tarama
b375066c-4292-4f2c-86f7-4203737d18c2,3.57,tarama
b3799116-a05a-4605-a3a1-da069c3e6a0b,3.40,tarama
b37e0d93-b34f-4756-8b9f-482f19347e92,2.49,tarama
b39bab70-30b9-4f7d-aa64-352796cc8544,1.56,tarama
b39e1c8f-d5fe-4b1a-85cd-c8c66fa84642,3.93,kapi
b3a24145-5f5d-4542-a872-9e78838b7f23,3.14,tarama
b3a3174b-0af4-4abb-8f2f-15f5f118d32d,3.25,kapi
b3a4a1e3-d80c-4194-a42f-5ddf284dbd4f,1.74,tarama
b3a6170e-0b4f-43bc-8882-8c070f642833,1.83,kapi
b3ab8426-d996-4eee-bd06-d80137a10585,2.15,tarama
b3b8d524-977d-4be4-86db-57d54f9b0a84,2.88,kapi
b3bbcc65-b0cf-438c-bb51-c968e2c0dc62,1.00,tarama
b3be3710-aeba-4a9c-a222-b34a6e9db436,1.91,tarama
b3bf8edd-58ff-41b6-9bf2-83148ee5e6c6,2.51,tarama
b3cce79a-8b88-464d-ad77-6ff5a2babacb,2.85,tarama
b3ce93c7-0e73-4458-903e-f749ac1ad385,2.12,tarama
b3d0d3a2-e628-4818-b854-7c8f961114db,3.61,kapi
b3d1304b-5c21-46ab-bf7e-ac0f3a80d9aa,3.20,kapi
b3d908e0-2d8f-4c89-8b78-dafa601ec3fb,3.34,kapi
b3da57a7-1814-4a48-b34d-1d51d247fa93,3.40,tarama
b3df4a91-0155-4667-a3d0-83999771f0b9,2.52,tarama
b3dfd555-2a13-4ed9-b723-cf328fed7aa3,2.57,tarama
b3e6d065-afdd-4dbd-a9b5-23ad2e992215,2.52,tarama
b3f00614-85b8-4320-a467-5070143d1824,1.62,tarama
b3f6063d-8bc1-4748-8f77-390e2722dc7b,3.62,kapi
b3f8b942-e034-46d9-a005-a73c42b2b5c3,1.36,tarama
b3fa5628-0107-499c-9253-4889c52dab34,1.52,tarama
b3fb1aef-1c78-4da2-b6af-2b474d1aaa0b,1.82,tarama
b4018f84-a800-4468-8b22-4bae37264788,2.34,tarama
b412b2ac-a7e4-4e8c-8bba-ad77d278abff,3.33,kapi
b412c0a7-4ddf-430a-8287-748a851c082f,3.10,tarama
b4155c98-0c8a-4e49-982e-e344726c6b16,2.82,kapi
b4185911-fbfb-45be-9064-566c60d2bcba,3.52,tarama
b41a6997-e071-4d45-86d7-2a3b0661305d,3.32,tarama
b41bd5bc-d2d6-4a2e-a4db-25ea46e7a2c3,2.28,tarama
b42281d7-f3c7-4d23-8af1-c705a8531be4,4.02,kapi
b424b943-05bb-424d-92e8-767dff82edc8,2.10,kapi
b42bedcb-d47a-48f0-b1bd-bbcbd057f3d2,3.92,kapi
b42c76c6-36ac-43e8-8b3c-1ad403d5a50c,2.48,tarama
b42e2e05-b24a-4df7-b3a0-881670c7d1c4,2.65,kapi
b42f3865-83af-4e50-b3c4-73a76881cd4b,3.05,tarama
b439870b-6f3d-41f1-b6ba-f680ce14a477,2.01,tarama
b4446768-a860-449a-b629-a2b079a9b7be,2.55,tarama
b44fe9fa-4b70-41b7-b17a-f6d06e417704,3.36,tarama
b450596e-a221-45b5-a6aa-9bbba4b3844f,2.28,tarama
b45a8963-7da9-4a4c-9c90-eb2f5e11dbb1,1.85,tarama
b45a9bd9-0e5b-4972-8681-5197557a5703,3.63,kapi
b45c1333-d584-45d2-afab-4f1a18dfb993,1.83,tarama
b45e1dc9-1998-46bf-9bfc-a7222bbf36cd,3.81,tarama
b467c2c9-4a3c-4320-9561-987c0523e1ee,1.85,tarama
b46a74ea-82b6-4293-8bcf-51441b9be43f,3.92,tarama
b472c67f-0baf-45cd-b2e6-f691d0b01236,1.33,tarama
b4747b33-0809-4345-9608-feae839c1e93,2.18,tarama
b4827133-d9ff-457a-beeb-f23705adb5d8,3.48,tarama
b4869147-f383-46cd-987a-d3b13f9038ce,3.58,tarama
b4875c42-55bc-4ada-a704-7309a1e76e89,3.22,tarama
b487881f-bb11-4abf-a710-1865338d1073,2.93,tarama
b488232c-931c-4a09-b176-842ef31c199c,3.52,tarama
b48903c1-848a-4819-adda-c2ee0de57f09,3.00,tarama
b48cb8b2-4345-4611-bce3-c15113c3c888,1.85,tarama
b493bfa5-a97f-48c7-98ec-97f9e7d9eb11,3.89,tarama
b4946e18-ed6a-47b2-ae38-483d0f25c890,3.04,tarama
b494bf18-1546-43ed-9b3a-9797a36b81a0,3.64,kapi
b495af6b-33f5-4370-bce3-4623370de477,2.23,kapi
b49cf1c9-d050-4253-b264-192989b7db63,2.04,tarama
b49e7c0f-c591-426b-aa1a-c4cd73933f7b,4.03,kapi
b49ecd63-8951-4341-912c-f47fc9d43ee1,1.98,tarama
b4a0e1a5-5c8d-4487-ae8c-b7ce2c6a7304,2.90,tarama
b4a5fbf6-b00e-4ed6-b1ef-061ac8c637fb,1.95,tarama
b4abe29e-1912-4ed0-b3fa-f328341dd542,3.44,kapi
b4b8aff9-5e99-45ed-abb3-639ef5d15312,3.52,kapi
b4c40bde-c80b-4efb-859f-abfdc53c1033,2.89,tarama
b4c4e4f3-733c-4dae-b168-04801aab7893,2.20,tarama
b4d6bb26-5449-4817-9aa0-e8ecd8ce68d9,2.14,tarama
b4d7127d-d16e-491f-9cb7-e514c2135fd9,3.98,kapi
b4ded70b-a433-4152-b566-8771fedef899,2.83,kapi
b4e54d05-26fa-432d-abd6-7e494a5431b4,2.76,tarama
b4e94981-1ad1-4983-a250-7c89e1f7008c,1.71,tarama
b4ea85b4-bb1a-430f-aed5-2a9b62ce1ec8,2.04,tarama
b4effedf-b5b0-44a1-b7f2-a105c7f69e4f,3.81,tarama
b4f8ab62-898d-48e6-b64b-ec3df664d331,2.25,tarama
b4fee93f-9997-4dad-ade5-c9392fde8c49,3.30,tarama
b50b24cc-eee1-4530-b13f-fbb40c232a43,2.20,tarama
b50c054a-eee5-4345-9901-20bad063de61,3.02,tarama
b50ca7ce-935e-48ec-b2a1-c1887bd45268,3.80,kapi
b50d313f-027b-478c-a594-14b5f89e1883,3.14,tarama
b513bc9b-a601-4009-8264-58ee0d77436c,3.37,tarama
b51df81a-7c64-4fd6-aae1-e94921a9f561,3.82,tarama
b51ecae3-da35-4d80-bf3e-18390107f118,1.78,tarama
b5267abb-d542-464a-9df4-5bc5f682f020,1.04,tarama
b52af93d-f3de-4afe-a871-556186da205f,2.59,tarama
b52ddd73-0bfd-423f-91ad-f0bff0887c18,2.31,tarama
b52ed017-2103-4c6a-acc6-94b6ab73e471,2.17,tarama
b540249c-f928-43a6-b601-88ab6c84fff8,2.14,tarama
b54ef44f-190d-435b-be08-614f08d47f0f,1.30,tarama
b5505fb6-bfc0-468e-80e8-71992cccbe8b,1.57,tarama
b551cc78-dc7a-4e2f-905e-74baa4139bd3,1.93,tarama
b5580643-dfd9-4d9e-81ea-361d58ef7452,2.27,tarama
b55a89a9-8972-4d15-bf42-782752f9be2e,3.97,tarama
b55bcf7a-e34d-48d7-8712-17229cbfeae6,2.63,tarama
b55c5640-a54a-4ebe-9934-e3f8deb374ed,3.20,tarama
b5621e32-ea7f-4993-8209-ad5d7244a17e,4.01,kapi
b56c4141-b4a9-4a41-b3ae-bfa728111940,2.17,tarama
b5757727-a702-4596-9b08-7b1370fb9581,2.12,tarama
b578e322-b9b6-43c3-8d66-28e45ce68bc0,2.66,tarama
b5813919-f8cd-4cb0-ae0f-075c3ae292da,3.79,tarama
b5844b74-7654-4812-ab2f-3470e0643285,3.66,tarama
b58eafbd-634c-4f0c-83ef-275d1139810b,2.46,kapi
b58f47aa-0ff7-4504-a792-855d28aafa23,3.52,kapi
b596ecbb-8724-4ee5-a66c-742fd544b1f7,2.74,tarama
b59ceaa1-3ea2-4083-8240-5a4b930ac25f,2.03,tarama
b5a201f4-fa2f-411d-b01e-142970d78408,2.44,tarama
b5a4158c-30b4-4357-a0a9-9b28f1367f87,2.11,kapi
b5af65e5-e234-42e0-8331-1d6dccc7dec5,3.26,tarama
b5cf17cd-3932-4290-9836-5fb3720ea5a7,2.71,kapi
b5cff21b-9532-48cc-b7ed-b1f4c8b92d49,2.01,tarama
b5d3b952-c7c1-4566-a353-3f9c1395bbb0,2.62,kapi
b5d51a18-5294-4264-9e07-1646ed374ebf,1.80,tarama
b5d6b5be-5cf6-46d9-b487-48c2a6be65d1,2.41,tarama
b5d6ecd6-f392-4332-8a34-c2889255723a,2.43,kapi
b5dd8bb5-69a2-47bb-a744-c0becb6d18c6,2.19,tarama
b5e51127-e236-4986-9c82-12f4e0ee09fa,2.80,tarama
b5e6ca35-008d-478c-957b-44f805a3d108,3.20,tarama
b5ede9e1-5308-4275-b510-6bf476f2f06c,2.86,kapi
b5fb0433-eaec-49d3-a976-f7b0a4d4b728,3.39,tarama
b5ff52f7-9139-4bc9-b063-528deaca1ee2,1.79,tarama
b602d569-7209-49cb-9403-60490a366e08,2.09,tarama
b604b704-2b30-4c78-82d4-42f645e64002,1.98,tarama
b609481e-3eed-40cf-a893-c688efc25a72,2.53,kapi
b609d7d0-3a05-4768-a578-117a73ece577,2.38,tarama
b60c0f8d-b2f6-433b-9e47-addd3988d2c9,2.28,tarama
b6106777-7238-428d-8a86-b03c7ab1d368,3.23,kapi
b619f181-cfe7-48dd-9017-49ce6727df8e,2.15,tarama
b61ae150-ac05-4295-8553-9445a8613a35,3.86,tarama
b61c28dc-ee5a-4b97-8d6f-bbe259c87e16,1.00,kapi
b6254c4c-fe9f-4e8c-bb86-812cd58269f6,1.94,tarama
b62590aa-84e7-40b4-92f9-39e37a8e79e1,1.99,tarama
b626883c-ea1a-480c-aa91-4637ae593a88,2.92,kapi
b627c58f-f6a4-4497-95f5-89c65dd246a6,1.99,tarama
b62cfd10-f87a-49ca-b361-fd8e87148d43,2.48,tarama
b63e4dbe-4e0c-4106-a074-691337ddbb7d,2.65,tarama
b647e448-4fba-45e9-8096-8efe8d879f20,2.59,tarama
b64e61d1-0bed-42fc-b56e-558d0517ffe4,3.11,kapi
b65176b5-28e9-4938-a056-cb8803242125,2.84,tarama
b655d677-b758-4e93-9a47-839471fff3f7,2.06,tarama
b65842c4-3cfe-4c0a-bf72-f068edda3490,3.20,kapi
b65f0854-aeac-4cd7-af1a-e72c0761ea68,2.19,tarama
b663d339-158e-42f3-ae7f-db18e35b5957,2.17,tarama
b66d3e1f-696f-4b5b-80e6-4bc34f474af2,2.25,tarama
b6767c6d-be9b-4446-a7c8-ef3892c87219,2.19,tarama
b676a0bc-4121-466f-9d07-afa398d7f50f,3.58,kapi
b67fcfa3-1788-4304-8a71-1fd7ccf51fb1,2.95,tarama
b6822dc1-de14-499e-9f46-dc312877358c,3.28,kapi
b6a3a403-a7c0-49e5-b73b-5f3077bcb287,2.26,kapi
b6a8a453-5205-47b5-b1f8-add0ff0ad987,1.28,kapi
b6a975bd-13fb-4652-be8f-8e0dd7774749,2.18,tarama
b6ab31e8-e358-458d-be77-8e43b6259317,2.62,tarama
b6b211de-7487-4ec0-b28e-9b589a3ca8a9,3.39,kapi
b6c3d740-2ce0-4782-a73b-76c2b742b165,1.90,tarama
b6cb8d31-cfd8-4058-b502-519b2db94bf8,2.54,tarama
b6cf7478-dd12-4d7d-b93b-612e74007dca,2.92,tarama
b6f3417f-b94a-435f-9109-4bae5e6f035e,3.01,tarama
b6f35414-72c5-4ca0-b182-84e2d8a528b8,2.98,tarama
b6fdfc02-61cb-4cc5-a3f1-716554fafcc8,2.64,tarama
b70259f0-6817-44de-8a78-d92655355674,2.17,kapi
b71a1147-8a9f-4b99-bd39-f1467142a324,4.07,kapi
b725402c-0a09-4859-b321-7c824d3855f2,3.63,kapi
b72b07bb-5b61-486b-8b7e-d4b381ec6341,3.30,kapi
b72c4d90-3e84-453c-8b5d-2d755c0cf3e2,2.00,tarama
b72cfb85-889a-4bd6-9a84-300f9f4b9fd8,1.94,tarama
b72faad5-8de2-43d1-912d-b7b39a6abb1a,3.74,kapi
b739b053-1517-4fbe-838a-14f6d2b541b8,3.45,tarama
b73a2f5a-ed46-48d5-bf36-271e32556bf8,4.08,tarama
b73bf5b0-aca1-4840-ad2f-5c94b74b0fb1,2.95,tarama
b7403464-7da1-49ff-b517-bb07b81543b5,2.61,tarama
b745c11f-7726-472a-b101-79c6d4f589c1,2.03,tarama
b7522a9c-f584-4282-aab4-8e474559c159,2.95,tarama
b7526e26-aad5-4c65-847b-6988a46c0307,2.57,tarama
b75c707d-4c7e-4698-abc9-b4e9f916c1a2,4.08,tarama
b75cb64a-cb4b-4034-af52-b8bab10ad40d,3.91,tarama
b76c4360-2079-45e2-8a35-8625d05fa29b,1.98,tarama
b76e770b-7952-4d78-bfda-31d55d7e2532,3.14,kapi
b76f8ba4-b87a-45c3-8391-580fd3eff5b3,3.16,kapi
b777c1a5-5e50-43c7-a5b7-9cad5f3f1c71,3.06,tarama
b77c4fd6-5402-4df7-aecc-829a9a7e09e1,2.96,tarama
b7837f26-61ae-4766-93af-da540f77ac84,2.72,tarama
b7865246-cc4c-4b71-974e-c12c93ea2246,2.23,tarama
b786ca47-109d-4ccc-b4b2-4e0bc4b03056,3.04,tarama
b788647e-bbb2-48b0-ace0-8ebadb9fa35e,2.37,tarama
b788bcdf-b132-4161-9f55-c3b5a8f7077c,1.45,tarama
b789bf52-33d6-449e-8223-6f8bb647aa8a,2.37,tarama
b78c6be4-48a4-4907-a8f4-6cad781e23a4,2.12,tarama
b78d2100-2058-452d-9b05-52e48291dbe7,1.81,tarama
b78e443f-340c-42e6-95c4-b9fef315d709,2.53,tarama
b7904ac9-95e9-4b25-a0eb-8c8b6d962e1f,3.20,tarama
b79d7a08-3d81-4ffd-8f9d-324494ffaf46,2.50,tarama
b7ae424f-9948-4f7c-bf64-95253c25ee56,2.26,tarama
b7b028e6-b829-46e7-b562-d57a4e1841b5,3.77,kapi
b7b0c7fa-4721-44bf-8ad5-49c20ef37297,2.83,kapi
b7b4ee46-a7b1-455f-b0ae-9100923dc529,3.92,kapi
b7c2208f-bcb4-4f43-846c-9a66a7077b78,1.92,tarama
b7c53018-2a8b-4a77-8080-d8171f634102,2.35,kapi
b7cb7a3d-174e-4f8f-8f51-e7dbbe05a6ba,3.31,tarama
b7cb9f69-8ba1-41ce-9ac0-98fdfafa7b65,2.84,tarama
b7d6e104-c17a-4f80-b8ec-bc8ab9732270,2.03,tarama
b7deba04-75fd-46f3-a6ca-abbd43cbfb78,2.70,tarama
b7e06454-924f-47d3-8486-eb0e0247f000,2.41,kapi
b7e27466-2d4f-4f09-8fb2-2439fb564941,2.21,tarama
b7e2bf68-5d4c-4296-9f79-c3bd2ec9e312,1.92,tarama
b7e64d7b-634a-403b-a0c4-9daf0ea8d941,2.68,tarama
b7f156d5-0145-456f-a47b-54567231c228,2.73,tarama
b7f4fdd5-c250-420b-b8df-a3ddce255b0d,1.75,tarama
b8043375-9616-4562-86e2-6f2fd555778b,2.27,tarama
b80585e7-e0b4-4c4a-8d59-f7e8dd1b1b46,2.04,tarama
b806844d-e5a4-4c29-9d92-be58304d786a,2.12,tarama
b80a715b-5467-46c5-86c5-49c4edb12fab,2.71,kapi
b80b5eb6-da0a-449a-9a28-f5de03e8f70a,1.35,tarama
b813f3e1-138d-412e-8170-5b668d99b25a,1.97,tarama
b8148b3c-1f15-4d33-9cb8-8443a8b20e8e,3.13,kapi
b818e8af-04f8-487c-8a15-730b0c44d505,2.01,kapi
b82056cd-1140-437d-bade-fd411cc60343,2.36,tarama
b8232c79-b135-4b8d-96a1-4b3e9d590e2d,2.35,tarama
b8278808-b09e-43fa-96ff-cffccdaae616,3.46,tarama
b82793e6-c4ee-48c2-a784-c577b798fe35,3.75,kapi
b82affbc-f1bb-4c1b-aa7a-3f7258701247,3.42,tarama
b82badb0-00ab-42b8-af62-3d2c6277588e,3.86,tarama
b8319d61-7e7f-4194-ad5d-b857fd5ec291,2.54,tarama
b8411c7d-2bf2-4f19-a3c7-833c6919a46d,1.73,tarama
b8437f51-cd30-4e9d-9116-a288c8989068,2.17,tarama
b843ee25-41f3-47e3-8627-86f9a3f03b75,3.94,tarama
b84f8f05-0fb1-46d0-a668-c9c5e417f113,2.61,tarama
b860baae-fccb-4101-977e-6c52fc44200c,1.24,tarama
b87b17a4-a1a1-4db4-9fcb-ebf4b932a65c,2.02,tarama
b87cd58d-2792-44c5-b36c-394bf78b3bbb,3.95,tarama
b882ea22-e547-4f3b-a5e0-6c2ac48c86b2,2.58,tarama
b8882c7b-dbed-46b1-b470-02442237850c,2.38,kapi
b8883d17-fd94-4610-a10f-5bf037db3f73,3.37,tarama
b889f271-6201-43c6-8e1f-00896291ce61,2.03,kapi
b89001cc-4976-42b4-bfbb-d33e556ec621,3.14,tarama
b896f91e-4420-482c-ad84-a1c55ae64ba2,2.15,tarama
b89b7f07-0101-48bc-b5aa-44f2a28125dd,3.53,kapi
b8a37d00-666c-4000-b686-d77105e0d87c,3.97,kapi
b8b03b34-be95-49bc-aa03-f5bba8adaec5,2.40,tarama
b8b0e010-f827-4579-9e43-9a9f9e8bb73c,2.21,tarama
b8cf2628-20a7-4699-908f-aeab7c0dfff4,2.14,tarama
b8d1ac79-60da-4ec2-af8c-c3cdbaf7fc90,2.52,tarama
b8e28eae-2696-426a-a47b-cccc76bae46f,2.26,tarama
b8e3f663-150e-488c-952b-ddb009c9da79,3.31,kapi
b8e75a0d-ab7e-4a1c-bc2f-8357cc88779b,4.14,kapi
b8ecb212-3b03-45ae-9668-070c1e64fed9,3.61,tarama
b8ee697f-8b6d-4e5f-80b9-3c7fcdb69c58,3.37,kapi
b8fa1274-95eb-4005-af8a-d27d713486af,1.89,tarama
b90bf129-b701-46ae-8292-2abb72a65625,2.93,tarama
b9108f35-655a-4581-9db4-1a5c3fbcc14f,2.80,kapi
b913b2df-fd66-4670-b43e-50518d61a580,2.72,kapi
b91af395-0121-40c4-a5da-97eb942d2cba,3.53,kapi
b92489f0-8984-47f5-8dfd-e6fbc7548639,3.97,kapi
b9279d25-8954-45d5-8e28-448da557b8a4,2.65,kapi
b9310c92-ec4e-4211-bc24-6bed2fcfb971,2.03,tarama
b9342d4f-23c6-4700-a5f4-e956e8f870dc,3.03,kapi
b9380221-2342-4667-b1d8-42afca044a6f,2.53,tarama
b941ae75-6891-4828-be53-d92bc02add3c,2.70,tarama
b94788f9-c33f-4399-8491-32966593d30e,2.82,tarama
b94f72de-04d5-40d7-8591-3d1c803e4e52,3.01,tarama
b94fbc63-34f4-4140-9bc6-3c72c44943bd,3.00,kapi
b9527a50-639a-45a2-a5c1-59ca227d410d,1.64,tarama
b954ae8d-0bd1-48ed-957e-3a4c26a08cdd,2.50,tarama
b965ecec-9fde-4194-94ae-209c86436912,2.03,tarama
b967d174-a47a-4d4f-878f-fa3fc6241b8a,2.50,kapi
b969b966-5560-4a38-8bc0-8cf74262af39,3.93,kapi
b96fb72a-b2f4-4cbc-b4ae-26c6c6fdbb51,2.30,tarama
b97101c3-b42a-4a68-8174-68ef31452ce0,3.71,tarama
b988a92f-f784-443f-96b1-3d0f2983bce5,1.53,tarama
b9a113e5-822c-49cd-814b-2a454812c789,2.79,tarama
b9a13847-dfff-4b39-a5d8-27241cb5c996,2.08,tarama
b9a4ed81-1449-4825-b8c0-8f1419c6f987,2.86,tarama
b9aa06a4-d3ee-4d9e-9474-4129a1689f9f,2.53,kapi
b9aaf1da-c86e-4739-a847-bd4c0e4562c6,3.77,tarama
b9b3d4c7-ece8-4bfc-9136-db15390e5fb3,2.22,tarama
b9c2aa0f-7a66-4677-803e-cba99ee0644f,3.21,kapi
b9c981e0-bcad-4719-9342-074d5c66c194,2.88,tarama
b9cacff0-2051-4cca-bb50-03f07297fbf1,3.31,kapi
b9cd1a4a-2804-4e1b-9aeb-e76ccb52a44a,4.06,kapi
b9d23669-25ae-48b2-8935-0d29214f3aed,2.12,tarama
b9d2e3ee-c825-4aa9-a521-396902c48ad1,1.76,tarama
b9d690f9-ea1a-4348-9c33-8ea3f77cdf09,2.04,tarama
b9d88295-7f1e-4f8e-9383-2ef7c916ea06,3.35,tarama
b9d9cd9b-e5e0-4440-b644-ce0ac2d91847,2.19,tarama
b9e3d2d3-dbc4-42e5-a0c0-e933481b301e,2.03,tarama
b9eb6b32-eb25-4a32-bfdc-0e2128eecaff,2.47,tarama
b9f32ae4-cebd-4bf6-8f42-cd4ddbf3ff56,2.47,kapi
b9f88581-f937-49bc-97b5-c3a14b68f11d,3.06,tarama
ba078af4-5fe3-4c57-bdb0-da584dfe79f6,3.70,tarama
ba163660-393a-4503-afbc-a2b592e0a78a,4.03,kapi
ba1a4ea4-4117-4e52-9173-41372b89b1b7,3.19,kapi
ba1e7b8e-187b-4623-9cc8-29c001593dd9,2.44,tarama
ba256fbb-5732-4c1d-9c1c-c7c539876ab6,3.40,tarama
ba2aa038-b5cb-4295-bd2a-c684abe2c64a,2.14,tarama
ba2f17c5-cd2d-4c55-858c-7742f50b4895,3.89,kapi
ba3a883a-d5f4-4dc3-8fa8-440ffc554e58,3.15,kapi
ba3b7797-e252-42db-86ef-b7ea925ec895,3.44,tarama
ba40cfb1-4530-41da-86c4-498dd64df9d1,3.73,kapi
ba428b02-886e-4fa7-97b5-e111913385bd,2.32,tarama
ba449593-5eec-4f4b-b52e-187d7862ca9d,2.30,tarama
ba49edfe-2b7a-4739-a233-2f4f359daefd,2.17,tarama
ba5119bc-7f0e-4829-87c9-9281f800b5da,1.94,tarama
ba57c32b-a1ba-4468-a95a-f83ab4891b25,3.34,kapi
ba5d6eb9-816d-4190-8afd-04d84cde2939,2.27,tarama
ba60d7b9-bf68-47e8-8a31-1da816a0af01,2.72,kapi
ba633f27-2822-413e-a19d-242ab094e849,3.43,kapi
ba691c22-df2a-4310-8265-7d5e2b574a02,1.89,tarama
ba6c589c-e772-40c5-8e6a-7a98187fce2c,2.21,tarama
ba73236f-fb49-47a5-b575-bcc323bc51c3,1.05,tarama
ba7b9a04-1f31-4e10-a46f-cfe992a940bd,2.11,tarama
ba7fc023-00cf-4d4d-9be2-fce07e7a9a74,2.77,kapi
ba848931-6dcf-4d6f-8966-44e9b3ad7d58,1.86,kapi
ba86bb06-52d0-407f-a4de-63e80c0e7e24,2.46,tarama
ba870441-2261-4ac5-8492-a40e83aec8b4,2.64,tarama
ba87af78-4d3a-4c7f-a806-bbd9c3878966,1.91,kapi
ba8eb322-334a-410b-aef1-6338a8c37dd4,2.78,tarama
ba9558cd-c83a-42ed-9f55-aeb7df7a422f,2.80,tarama
ba98789b-ed0a-49a0-bcf1-5998b985caf0,2.31,kapi
baa48a54-4f38-4439-8624-9590f92e1feb,2.39,tarama
baa689b1-596b-4074-82d1-6f3bbc023e6c,1.90,kapi
bab7066b-52aa-47f5-87a4-9abe466854b3,3.01,tarama
bac37750-7b38-4f19-bef6-d7c4ae73bff0,2.44,tarama
bac4cb98-99e8-41ce-a157-2da7a41f24c6,2.03,tarama
bac676b1-a2c4-412e-afc7-809eae857029,4.10,tarama
bac77977-c8b4-4caa-bfe5-1870c1a33a79,2.10,tarama
bad1e548-f833-4584-b048-e84eab4f8727,2.65,tarama
bad2035e-aaf6-4046-bd58-c7c11826339c,2.10,tarama
bad40564-2b9a-40fb-9fc4-9fdeebdd6272,3.04,kapi
bae76640-fe57-4ce9-9391-0ccc1e175c1c,2.06,tarama
baed5bff-e6ca-485b-9209-2f600ba4b77b,3.08,tarama
baf2f09c-49ae-48aa-9f35-64035f186481,3.77,tarama
baf3e6f6-8de8-43ba-8bb5-c0470179f623,2.74,tarama
baf5c47b-a19f-4f4c-a2bf-6478fc6e2708,3.68,kapi
bb084a15-837a-4a19-be48-de96a9837a5e,1.62,tarama
bb11f7ff-bb7a-44c8-8314-aef2bdf98223,2.61,tarama
bb1c3ed8-cb60-4b35-a11a-c8f64d92ca22,2.01,tarama
bb2465e7-3399-4791-984e-4f37da8ef1ef,3.23,tarama
bb2c73f9-2c09-45e7-aede-ec1259f87fac,2.79,tarama
bb3457bf-f3c7-438c-8d3b-cf2af80c39a0,2.33,tarama
bb352888-0a55-4540-b665-45209c2fb050,2.52,kapi
bb39db87-e323-4526-88a6-1aa9a52cdd2b,2.55,tarama
bb477813-00d2-4d70-9f76-0c7efc000031,2.90,tarama
bb4e160b-e3a3-49a2-83d3-101c94862dfa,3.01,kapi
bb4f2663-dd84-49f1-bb8a-6a39bc221cb9,4.03,kapi
bb55309d-e9d5-47b8-8419-55e828858b04,2.12,tarama
bb557f5e-79ea-444c-8d2b-691a9457516c,2.59,tarama
bb55cef8-5aea-49fb-8978-238a24a4c4ab,3.95,kapi
bb594e26-95c8-43ad-80c3-e4a356bb148d,3.73,tarama
bb6521af-3d12-47e2-b295-c35e0b0ec660,1.36,tarama
bb68d9a8-1ef8-4f00-b243-589a011f519d,3.03,tarama
bb692891-5f42-4c58-a3bc-911458e6bad9,3.51,kapi
bb6c3461-c126-4f32-bdfc-980eed2fec8b,3.44,kapi
bb7cb010-b292-43d4-a405-a81c2ec9664c,2.72,kapi
bb7da62a-f8a6-49d9-a32c-1a642aaa7682,2.26,tarama
bb801d8f-ec68-4da0-baf2-5f8975413d1b,2.32,tarama
bb80c689-63d3-4028-96a3-b34eba1cb045,3.34,tarama
bb83b7d0-5894-4c41-9280-b857a7d77542,3.06,kapi
bb85d3cd-0935-4ebf-940e-f353fbd54945,2.07,tarama
bb9d01e9-58a0-4fb3-b0c5-f28dacaf8f3d,3.57,kapi
bba450f9-ed81-49e0-a62e-51d2933dd151,3.11,kapi
bba93620-11b9-432a-a99c-8e97eebd3936,3.22,tarama
bbb8f2d7-66e5-481b-9d02-1e86c8954d8e,2.11,tarama
bbb9f8cb-7b78-4827-a876-0914d7b8b353,1.16,tarama
bbbe1b93-4181-4316-b199-5f159760abfd,2.80,kapi
bbc0287e-4769-4dfd-9016-70b9524f4809,1.51,tarama
bbc2331a-3b55-4c37-b525-9082da8db825,3.56,kapi
bbc39d85-bc15-46ce-8d22-25f8bb2bc9e7,2.89,tarama
bbdfe64a-1b7b-4793-8745-d66b06fbb245,3.57,kapi
bbe849bd-7d6b-4e02-8613-65d3312a5434,2.01,tarama
bbeb4070-9bdf-4f09-8671-8841bd0e5fa2,2.31,tarama
bbfa2d37-588f-4be7-90ae-ffac689e30f5,2.40,tarama
bc012f0a-8146-46b8-9425-f032076e8cc0,2.67,tarama
bc0733d6-9da6-4799-b2c7-d4edaa44828a,2.65,tarama
bc0a1064-db65-4057-bee7-0de1491af232,3.78,kapi
bc0f0520-7155-491b-9a60-7d3868f1e8d0,2.04,kapi
bc1230a0-6a28-4014-ad91-580a80fa6c9a,1.58,tarama
bc1349c4-7f2b-43e0-b81e-9de7c43bfade,2.25,tarama
bc16bb2b-2d97-40bb-a9b9-d8ab38f61d0b,2.12,tarama
bc1c01e0-a119-4ceb-82fb-a11d62171acf,3.64,tarama
bc1d15a4-6e93-4b78-b419-7a2ace3e3133,1.97,tarama
bc1d502b-e1f5-4e6f-a3f8-4d09ff713dbc,1.97,tarama
bc28d429-e864-4188-9c4e-26836b02121e,3.32,tarama
bc29022a-033b-4e26-a0d1-f1851811161e,2.66,tarama
bc31e81a-65db-4668-8a9e-ebb1956ce03a,3.16,kapi
bc36bcd6-75f2-42ec-9fe7-347b485be021,1.98,tarama
bc39606b-9873-45fb-bdc1-727e1eb0bb77,2.36,tarama
bc410659-5589-42e5-8baa-709b716df02a,3.52,tarama
bc420371-b136-4e64-af93-2fe3e219c5b7,3.15,kapi
bc45ce06-d8f2-4e5b-9940-3f91dd03e14d,2.74,tarama
bc485228-f1a6-495e-833c-c35505f7ec43,1.36,tarama
bc583f90-377f-40f0-bae4-3478b5e8000f,1.62,tarama
bc589a9a-2649-4842-b4d6-a77dadbddd87,2.10,kapi
bc5fd0a2-11ae-493a-b64b-08f447a23a50,2.78,kapi
bc7cc6a4-7457-40c3-a1ae-dda4ab97ae9b,1.98,tarama
bc7f0c2b-b259-41d5-add5-5c9259de6648,1.68,tarama
bc84b642-d277-448e-88c1-6a135de2914f,3.51,tarama
bc8b3977-c6ad-40c4-a658-b6ec1d01c310,2.14,tarama
bc8fce11-4e03-47c6-a901-fd04e0360fad,2.05,tarama
bc933c87-555d-4063-b2a6-57baa576817c,3.98,tarama
bc9ddadc-cbfe-40dc-b252-91f7b7a334e6,3.46,kapi
bca133b0-b831-45ba-beec-23a169516f2a,4.03,kapi
bca46d45-a6e6-49f5-811e-8f7ae22abd34,1.92,tarama
bca75f81-abcd-4f84-b9f7-2ae184fdab59,3.47,tarama
bca78fe2-e726-468d-9d42-6d47e21940c6,2.59,tarama
bcb5bc03-c084-4230-b08b-0250d4ef2bbb,3.92,kapi
bcbd9891-1a1e-46ee-8b8a-8628e92dd96a,3.21,kapi
bcbd9e77-75d6-4359-b703-0981123c0f32,3.89,tarama
bcd4526d-0192-4a93-b3fd-2a67416cf046,2.74,tarama
bcde9cf9-3799-4651-b093-237e4868c716,3.51,tarama
bcef53c3-6116-4604-b6a2-435a1e136365,3.75,tarama
bcf0ae79-2508-49cc-8da1-c1b8b3d40cf0,3.40,kapi
bcf1b2e0-1922-4e5b-a00e-8d7b05dc4f75,2.82,kapi
bcf42f4c-acd3-4043-91b1-51d65862c016,3.24,tarama
bcfd32fd-9039-4dbc-9183-95fcf4bdd887,3.16,tarama
bd00c994-2990-4d5a-94da-afc5f0d16a56,2.08,tarama
bd0d0a1e-7b57-483e-9555-e721f234027f,2.33,tarama
bd0f9af4-ad06-484c-b6f7-27ede6c63f1c,3.27,kapi
bd19f1d2-8c02-4ce4-885e-7e3927ec05f5,2.00,tarama
bd1b3a6e-cac4-4382-88b0-2abd73b0d2b1,3.16,tarama
bd1b5be4-4570-4c4e-83fe-b026cbd50267,3.97,kapi
bd20b698-a456-4623-8dc5-2c93e44c8e14,1.08,tarama
bd215c72-c9b3-42ab-82b5-65a10a204e6a,3.88,kapi
bd24f9af-5990-408f-8f39-dbf2e83e3d64,3.51,kapi
bd2ab340-1679-4281-856d-a93958a120d8,2.14,kapi
bd2d2eca-ded0-4c9e-a325-9d89cb42c48f,1.92,tarama
bd2d80c9-a170-49b5-a8d9-9dde5e6270a6,2.98,tarama
bd2f5b2e-c507-466d-a8fb-1aeaaf8a4d69,2.72,tarama
bd323adf-2aad-47e8-9d39-3a8644352f9b,3.91,kapi
bd3861cb-105c-4fcb-8aa9-9c6cd3a185c6,3.66,kapi
bd3eca99-a781-4903-b0be-6c50dd245b29,2.54,tarama
bd3fa0b7-d6e6-49e7-9df7-e2a36952df2f,1.94,tarama
bd444275-52d3-4704-99b7-42ff4b8e8e1b,3.07,tarama
bd47da15-f50c-45d1-b2a2-854405302be7,2.38,tarama
bd5b5644-e71d-4e9f-8449-3bca12af6cfe,2.37,kapi
bd65d292-a1dd-41cd-be8b-e91da96bc705,3.18,kapi
bd714100-eac2-40ac-8675-e1651d0e9675,2.34,tarama
bd76ab59-7606-406b-b3f6-b5d6a7d73b85,2.06,tarama
bd7e216c-bfc5-4339-9b36-7f37913cc9d4,3.91,kapi
bd843132-ee30-49e8-9501-b60c6582473f,1.04,tarama
bd910180-8897-45da-a94d-c4895ac1c61d,3.49,tarama
bd93ed9e-2529-4069-a208-7f883cc7b1c0,3.65,tarama
bd9b2101-63bc-49a2-a643-23438ccdc9ff,2.79,kapi
bda38536-c5e2-44b8-8b96-3dbcf1f11ea7,3.59,tarama
bda40261-03aa-4f55-a87e-9109d52f081d,2.53,tarama
bda743b5-7ffb-461d-9e58-b0d98575570c,3.00,tarama
bda7b3f4-d929-4f11-8774-5327440245fb,3.55,kapi
bdac0818-4ca8-4f3b-bf76-3d96023558e7,3.61,kapi
bdaf2a45-5306-471a-bb4a-cd99d4c9db64,2.65,tarama
bdb2c82f-8382-4c22-9009-854a20bdad47,1.63,tarama
bdb6eb86-1698-4092-a12b-00de18644c6f,2.54,tarama
bdb70237-a8ef-474f-8aa6-6144f82528f1,3.99,tarama
bdbbd794-a466-4c04-9e81-5df9212cd3ee,2.64,kapi
bdbe463e-5522-4415-8973-7ba3244536c6,4.07,tarama
bdd78e43-a0f5-4d33-82d1-41431adcb60f,2.18,tarama
bdd8f645-5063-49be-83c8-7d6cbc11c53e,3.15,tarama
bde8575a-6f3f-41aa-896b-8fa15e9d0f42,3.66,kapi
bdf2b192-2e34-43cd-abd2-ed9a0734ef11,4.08,tarama
bdfc5643-4fe9-4100-be8b-88b4eb2bfcff,1.73,kapi
be027b06-88fd-4f96-a802-20169d7d2b19,1.43,tarama
be03fb6d-f09f-40ab-ad52-2baf0ba930bc,2.45,tarama
be06084d-4534-4652-9f9b-b21b59239303,3.11,tarama
be07f911-db1a-4f54-bae7-ef17819304d4,2.14,tarama
be0bfc71-39da-4f67-b426-b1cfeeed1dcf,3.95,kapi
be16f108-38db-4d9e-9734-8fd507082cef,3.88,kapi
be2f935e-76c4-465e-b1c0-751f508e70cd,2.11,tarama
be355ee8-1d1a-4d6d-be63-1214679dd823,1.49,tarama
be36f3c6-9a5a-4f82-b181-e9c5257eb8ea,2.82,kapi
be4c48c7-aa15-4cac-aa63-8dda92532385,3.67,tarama
be5198b7-6e63-4640-9698-b59ad6ffe311,2.93,tarama
be539354-e87b-403e-9690-0a108a0c88f4,2.34,tarama
be72f7ae-3ebd-4e9d-baad-974efba72bfb,2.32,tarama
be771cdc-1333-4123-ae5d-45d9f6d2fed0,2.95,kapi
be8724ed-3aae-41e6-b7fe-e79c5e27dbed,1.67,tarama
be8e3634-6bd6-47b6-bae6-2de7f6db9eb8,2.18,tarama
be91612b-b1da-4af4-a55d-5a2ec2b5c2f7,2.65,tarama
be97a1de-06e8-4d25-b9ef-9fdfb82dae46,1.79,tarama
be97c655-50c9-439a-bdf3-960bcdf1ffc0,3.52,kapi
beaaaf8a-7522-4363-a895-de35217bd286,3.32,tarama
beac7c95-8d25-4b09-8fd2-4741120d2b89,3.66,kapi
beb0a643-75dd-4cc9-ad4d-ce2c862a399a,2.52,tarama
beb6bcdb-26e2-4e52-9ed9-ee699a9869cc,2.49,tarama
beb8eaef-6724-4368-bf16-aaf0c7e87601,2.31,tarama
beb90f05-ac45-40f8-959a-74113e63960b,2.61,tarama
bebd521f-6c96-49f3-9cc3-b56509dfc60a,2.28,tarama
bec8c3ab-fba9-487f-b29b-88a52effa09f,2.68,kapi
bec9f641-c9f3-49d2-9d33-d1a425d8e11c,1.02,tarama
becea910-f7d2-4b60-b527-44b1a04add64,2.64,tarama
bed0649d-4b43-4c30-9e4a-2c257a207b41,1.38,tarama
bed4a60b-646a-4492-b8ea-cb60c087255c,2.46,tarama
bed8ab63-ba91-49e7-bb91-effdb0f43657,2.97,kapi
beda9f15-68a8-4be5-8018-aa58bef2da46,2.28,tarama
bedbc82b-9022-4e01-a16f-aaf701a5cf1f,3.92,kapi
bee287ea-e723-44e6-9bd6-973cdc47d2f8,2.81,tarama
bee93de3-2030-45c3-b577-0384cc9ce8d6,1.42,tarama
bef7640f-8aed-4e0e-a064-ff2a13fbfb35,3.67,kapi
bef838cb-8849-4c3b-8a22-279f5149f991,1.04,tarama
bf045f96-bcd4-4487-b28e-f7808ae36c7c,2.04,tarama
bf05f68b-0344-4b6f-895d-6705ee5be239,1.97,tarama
bf0fa86a-5f71-490f-9288-fada7221160f,2.45,tarama
bf1a75eb-2e68-4eae-a771-bbbbff18961c,1.52,tarama
bf1e095b-ecc6-4154-90cc-ccfe7ff495bb,2.80,tarama
bf203d0e-a544-4a3f-95b6-1c5a74e100a6,1.98,kapi
bf21a19d-8bcb-4ebd-80a0-8af475cfcf74,1.75,kapi
bf2221de-d332-4bdb-96e6-67c37ff61319,2.56,tarama
bf23ca15-4638-4d25-ad3d-f4d24f5c8cd8,1.00,tarama
bf388dad-7b91-4688-9af4-6a2427b2c454,2.09,tarama
bf3a7acf-0b9d-455e-b236-6a421e79b245,2.59,tarama
bf416d6b-d70d-4186-a5cd-f5cb8e25c93c,1.86,tarama
bf474133-1575-475b-9165-0d672ca341c4,3.57,kapi
bf56c26d-573a-4870-8371-04d31a5199ef,3.62,kapi
bf5882ac-3c82-4102-8570-8d29350d6f65,2.97,kapi
bf5f385b-8fd9-4a3f-8df0-7c8222636e0f,3.03,tarama
bf673a3f-fc72-417f-acf0-2404229011f1,3.28,kapi
bf7bc5ed-608b-4522-86b3-f139eb16848b,3.90,tarama
bf7bef11-bb68-4937-840e-8e17b1755a6d,1.45,tarama
bf887f94-48b4-4452-8a2f-b4e471f0bfc2,1.07,tarama
bf8e420d-d4b9-4695-85d6-2a5b33814875,1.85,tarama
bf9175bb-45a6-415f-99f2-dd96d798122b,2.89,tarama
bf94e3fa-5ae1-4825-9ddc-e821ce37b62b,2.21,kapi
bf9fa253-bf06-458c-a86e-7693e36e3665,2.99,tarama
bfa1ebf9-0718-4dc9-8c8d-a6436d67da66,1.71,tarama
bfa92f77-3e0e-4a03-8253-f4be1df03233,1.01,tarama
bfbbcca8-69f6-4d98-bf86-4c4639269246,1.88,tarama
bfbc092a-2c54-4a25-83db-2570dfeb7d40,2.85,tarama
bfbdf796-83ea-44ce-8ddf-37a990b07814,1.86,tarama
bfbecca8-3096-458b-9e2c-3ae15d9f92f4,2.34,tarama
bfc51282-bf9b-4d52-a673-d63bcc36096c,3.93,kapi
bfc721db-8ae9-4275-afa0-5cd7b82c739a,2.08,tarama
bfcc7860-6c31-4797-a3a3-8d212d27836c,2.02,tarama
bfccf362-9885-4799-b16e-0b4298c47d55,2.78,tarama
bfcd97c4-e252-4428-b0bf-0a2ec6287f89,2.59,tarama
bfcfcd68-2f7c-4d57-9914-504f9bc94d0e,2.37,kapi
bfd04401-0466-4450-b16c-1c931e69da16,2.01,tarama
bfd0bd36-9fa0-4fb0-81bf-8ea45303a329,2.29,kapi
bff54e93-a44d-452f-bc0f-66f1320f4a37,1.89,tarama
bffa3901-77e0-4e6e-a06f-5f050bd2d4aa,1.99,kapi
bffaecc9-82bb-484a-9ca7-b508ecfe3146,2.16,tarama
bffd011f-7981-4d09-89f8-e57b397f33cf,3.02,kapi
c0066e47-b53f-47be-9467-af15031d9bd8,2.45,tarama
c0089036-86bf-4179-9953-78bdad4e1ea1,3.27,kapi
c00f1e59-4531-4746-8d11-e28ff6a651fa,1.47,tarama
c014ae09-e459-4760-841f-3c827d9af3fb,1.86,tarama
c025606b-2d0d-4f3c-a96d-14199ed9203b,1.93,tarama
c028197c-e05f-416a-be8b-1187116bb561,3.56,tarama
c02a3b81-e8f8-4154-a598-ac104f48f85b,3.93,kapi
c035fb1b-909f-4fd1-9d52-01567ae878bb,1.97,tarama
c03b7510-8edb-4d4a-9e58-576598dbd1f6,3.05,kapi
c0447346-b9b0-4502-9584-3a5bfac74ca0,1.94,kapi
c05d4ef7-d08f-4c06-a4e8-343b1c71d59c,2.33,tarama
c068fe52-02f1-4c00-8967-bb06910e06ca,1.39,tarama
c06c87c1-54d3-452d-998a-66f3e08fa6c2,2.36,tarama
c06cfbcb-133d-4197-b5e0-2d8b90bc7f4a,2.17,tarama
c07229bf-e210-44ab-9969-2e5e94b3e331,2.14,tarama
c07bca19-09c6-4bc4-989b-2ac06c5097ca,3.11,tarama
c07f5775-0616-46df-8c12-1f3c26048a16,1.26,tarama
c0817c17-6402-4bc7-baf1-99895fa4eae1,3.25,tarama
c082bad0-33f8-48fa-ba4d-888094a8b158,1.65,tarama
c088ec84-83d4-46aa-a71f-724be2bd9d79,1.85,tarama
c08f35b2-34ec-4539-868c-d9d82b7c2929,3.03,kapi
c093506f-73bc-4510-bd79-eade43c571d4,2.73,tarama
c097d406-6b18-4e15-91c2-9b7009692864,3.05,kapi
c09887ef-4358-40ab-8396-abd7fa11d2ff,4.03,tarama
c098eb98-3420-4cdd-b69c-7c92fb09a813,3.31,kapi
c09bfb12-841b-4af9-b517-34b14d3cad00,3.16,kapi
c09e6413-23dd-4e14-85ff-049bec7d90a2,2.50,tarama
c0a0c65d-def7-4a16-bb26-9e0b92105038,1.93,tarama
c0a34a7f-d6a9-415a-a37c-0543e0e868e3,3.58,kapi
c0a55d8a-3b51-437d-a504-343058d420fd,2.66,tarama
c0ad320f-7563-460a-9313-b3245caa3ae4,3.29,kapi
c0b73b84-20cd-4cd5-8eec-d0943624a04d,3.39,kapi
c0bbde1a-a940-42c6-afcf-a013c5668990,1.72,tarama
c0bf125d-8ee5-4ad0-b154-054fb8d1a4fc,2.14,tarama
c0c1cad1-c924-4329-9841-76af15b92af6,2.61,tarama
c0d062df-579f-4dd3-a044-2a2ea99cdb31,3.32,kapi
c0d79617-5570-432f-9a68-a197011e557b,1.97,tarama
c0da0a9b-eced-4fd8-b66e-7221bc236415,1.12,tarama
c0dd69fd-c868-44b9-b23c-139d6e2fea64,1.11,tarama
c0ded0a2-e0e2-4bfc-bb10-73db3cf92fc6,1.44,tarama
c0ead32b-ba54-4e3e-8371-c7d4fb768de2,3.72,tarama
c0f063c4-56cf-450f-bacb-95e1ec9c33a8,3.90,tarama
c0fea7d5-b525-4eb5-8e20-4b17fc1fc5c8,2.98,tarama
c10993ac-420f-4b8c-9ab5-c3a9cd3fbb2e,3.47,tarama
c10b6272-4052-4c00-8df0-5ca03ea43b29,2.77,tarama
c10c98ea-9555-469a-921c-22c2943c97d3,1.01,tarama
c10ea738-77fd-4303-80e8-c16849cd127b,1.71,tarama
c10fce87-5208-4c48-b824-8b8450bb3b8f,1.53,tarama
c117a37a-85ac-4a73-9606-d8e76e75a423,3.82,tarama
c118e95c-6254-4a23-879e-fc054d4f4d74,1.36,tarama
c11b20e2-9082-4220-acc8-1dba39ce46b7,3.49,kapi
c126e280-f0d5-4b04-ab0d-c718ff41d9a9,3.01,kapi
c12e0570-5061-46c2-ba75-710b86cbb063,2.40,kapi
c12e897b-ce54-42fb-9232-70e35e5f54ac,1.98,kapi
c1357f75-ec1b-4318-927b-f4ba963636cf,2.57,tarama
c135a5be-6ca7-48bc-9fca-be01eb161cdd,2.77,kapi
c1377397-2fbe-4ef2-bc30-e9c70431b5fe,2.14,tarama
c139d4c1-2e97-4386-9a0e-9c2d3e7ca110,4.09,kapi
c1401bf4-a485-421c-bd5e-dd9e24df8721,2.04,kapi
c144b0dd-afa4-4a52-b01b-1c5a635b9fa0,1.99,tarama
c14f7924-9790-44c6-9e78-0fbf2a446e1a,3.11,kapi
c151acb9-bda8-40ba-983c-dda14fd73d0d,3.45,tarama
c1545673-877c-413d-a51a-58facadce18e,2.11,tarama
c1593c7f-cd12-4d77-8135-a3cf04b086b1,2.98,tarama
c15a7eb4-3fa9-42e2-b894-75dff8c973b1,2.18,tarama
c1609a1f-f114-4f09-89d1-0e07c73fd51e,3.29,tarama
c1828904-6df5-4f15-902e-73578bdcb70c,1.75,tarama
c18a0d6a-c3ad-4bc5-bff7-d6acc92063c4,3.92,kapi
c19e51fb-2942-457e-9f93-e18839df9c77,2.44,kapi
c19fcebe-5943-49f0-908a-8a2b3138f7ed,1.80,tarama
c1a395ef-e455-4887-a1b8-e13316cf5c87,2.54,tarama
c1ab2dbf-c41d-4276-9c85-a72f07623a38,2.99,tarama
c1abd35c-a212-43e9-8898-8fd8c2a65427,2.06,tarama
c1acec53-8d1c-48d5-8628-8f5a57ab6cc6,2.14,tarama
c1ad388f-aef1-4f39-bfa1-7f619c322fc9,2.01,tarama
c1b697d8-7f38-402b-a471-d9bde1a984d0,1.85,tarama
c1bc10c1-a74d-4289-b086-e6ada65e7cbc,1.75,tarama
c1c4e3bb-0d8b-4ccb-83b7-8972a106fb05,4.02,kapi
c1c688fe-73cd-4735-bacb-498d56627078,3.22,tarama
c1cdef73-eaa9-4b49-8e93-fedfe909b268,1.82,tarama
c1d6f4cf-c8bc-4476-9599-8aa4a3dfa6c4,2.02,tarama
c1d74827-a7d2-4855-9d19-724da9306a55,1.65,tarama
c1db1ff3-a1da-41c9-815d-499be23b8f02,3.77,kapi
c1db225b-9f53-4cde-9479-f23503fed1e5,3.67,kapi
c1e223df-c7a4-4646-b757-69037bffdadc,3.74,kapi
c1e2c5c1-d529-4ab2-babd-cc7167b1f311,2.60,tarama
c1e7492d-bdd0-4709-adb4-638b0bbd9d73,2.22,kapi
c1ea78c6-2a9b-467c-9f1e-907df2a9c75c,2.29,tarama
c1f016d7-7b32-411d-94aa-75aa4d28a335,1.94,tarama
c1f0293d-7fca-49de-94cf-9ae6be310832,4.06,kapi
c1f0c411-079b-4f3e-9d6a-bddd5e416363,1.89,tarama
c1f18f88-a24a-47ab-8a3e-3d4ee5f96251,2.47,kapi
c1f1cbfa-b3eb-4835-a9c1-8276eb16ad14,4.10,tarama
c1fee09c-0ed6-4d2c-8d7b-a337ae72908c,2.79,tarama
c20a068f-86b0-413e-a7f8-a8c081e3a6fb,1.87,tarama
c2113d8e-e8e8-48ac-955c-eb6472ef82f8,1.80,tarama
c213bc5c-a823-40ec-90b4-27446c25bdfc,2.07,tarama
c21f83c3-e1e4-48d9-a36c-82cb3c740159,3.83,kapi
c22eaaf9-0155-48f1-a6f2-9be9c56c2fee,3.59,tarama
c23c3681-831a-443e-b64f-3b60c79b4775,2.87,tarama
c2433cd0-97e3-45bf-8b68-cdfee5887761,3.10,kapi
c2445d67-c87d-4670-8fc7-e05b51de2cbe,3.30,tarama
c24c59cb-1825-4d0c-823a-fefb03ea66ae,2.59,kapi
c24fb078-a029-40c6-b359-b0bfab629550,2.93,tarama
c25f8b65-eb6b-4df3-afee-bb585e295827,3.02,kapi
c26329f3-6cf0-4875-9663-a6d24002d479,3.51,kapi
c269c17a-cc8e-4913-b02e-2271b3f9165f,3.14,tarama
c27175f5-8023-47f0-97c9-90e1a4111ea0,3.09,tarama
c27f465f-553c-4b97-b0ca-678bdf2af7f0,3.23,kapi
c2860ede-4fcb-4afb-8356-a98d8109b380,3.72,kapi
c28fe38b-3600-42f9-807a-159dfc06be30,2.62,kapi
c291dc14-681c-4596-8321-365a580af134,1.76,tarama
c292586c-0c4c-4e11-8297-aed97ece0935,4.31,kapi
c2928af7-70f7-4c18-b1cc-fc7547bb227b,2.34,tarama
c2959f3a-0617-4d42-b5f7-77fc2f5fe217,2.39,tarama
c29993cf-b974-482c-a5eb-9908d8f0f7ef,2.13,tarama
c29f755a-a003-4939-8478-dec1bc92e347,2.65,tarama
c2a84069-14dd-4f39-a65f-d32722a1b6fc,2.63,kapi
c2a86d50-b207-422a-91dd-1f1ebe4f83e0,1.91,tarama
c2aafc45-edcd-4964-a386-95e357c5f0de,2.07,tarama
c2afb294-69fa-4f33-a57c-40956e20c3ab,1.69,tarama
c2b71c10-a6bc-4504-933a-c2732b9c93e9,2.27,tarama
c2bb024d-14b1-4c29-846c-6d380683b32b,3.21,kapi
c2d09587-6957-48a2-8bee-8dc98ba26414,2.08,tarama
c2d11f52-5fdb-4a66-ad6e-6cf8f41ed95d,3.67,kapi
c2d411de-aac7-4d7d-bfbc-dd6ba2340774,2.15,tarama
c2da5ee7-0e21-44f8-a3c5-534b9437bf36,3.35,kapi
c2e3fe82-d4d7-4e28-b776-44bf08bcd12a,4.02,tarama
c2e66905-c94d-497d-a038-10172c3b996b,1.49,tarama
c2e835b4-82f3-434e-8564-61f33039cd54,2.98,kapi
c2eb31ad-7ed8-459a-9a61-be8a8b2eff19,4.08,tarama
c2ee5246-ec02-420e-bc92-6928cd02dcc0,2.15,tarama
c2f5a44e-0cde-4921-8251-4ef38648b376,2.30,tarama
c2f8621e-4334-45d1-b83a-cc6b6c517370,2.99,tarama
c3007fa4-5798-4510-a4fa-3d0e1882f8c5,3.58,kapi
c304b82e-1c06-46d6-a6ca-0e590a8d7df8,1.00,tarama
c31852ff-48f1-4750-a3e3-b7ae24efeb6b,1.97,tarama
c31f433a-b190-4f90-a219-65335df29905,2.08,tarama
c3214e83-4eae-4726-b2d3-8b4c14e5e956,2.09,tarama
c325a8fd-da81-4080-9d11-dbf061b8a5e4,2.96,tarama
c336c021-d4a0-42df-b1f8-2bbeccde575c,2.14,tarama
c350d643-fd44-461c-b283-42934136b46f,3.43,tarama
c35c36f7-e69c-467e-adff-6973f3a0ae71,2.07,tarama
c3616317-fca2-40a6-bb9d-7cbaa4522788,1.01,tarama
c3680960-d287-41d5-885c-d3ee5597804f,2.70,kapi
c36d273c-aa13-4ceb-8e35-e2ef8ccd0840,1.47,tarama
c3775c53-9102-4627-8e2b-0cc706bb0211,1.56,tarama
c377a240-b6d3-44ca-9a23-093fb48b92e5,2.56,tarama
c378e333-41d1-4204-abf6-79b8c4bfc0e6,2.53,tarama
c378f01a-60e1-45f4-9e90-f5a45b6795af,2.71,tarama
c37cdb95-314d-4e8f-8e95-aeb5f7bb8054,2.74,tarama
c37f434e-6644-49d5-9711-c80155ca37ed,2.74,tarama
c3834688-d086-46e3-868f-8a5f143f6d5e,2.18,tarama
c38f95ff-d9a9-4dee-8696-116be0c62bf8,1.83,tarama
c39aa56a-620b-45c6-b5dd-280e48a26fd5,2.81,tarama
c39b16bf-b99b-4e83-bbd2-6463d248a11c,2.09,tarama
c39c0b55-7845-4866-84f7-0487b7ba6960,3.64,kapi
c39d859a-a738-4a8d-bda6-b3934065f87f,3.12,kapi
c3a2030f-1dd2-402e-843b-0fa1a332a258,3.50,kapi
c3ad194d-b88c-43b1-9d10-337c6254f966,2.52,tarama
c3bc6c96-40ba-4898-ac12-1ffa6959c7bb,2.05,kapi
c3c01af6-6222-45b0-b946-67acb843eba0,2.97,kapi
c3c4b8f6-6250-4d67-a3db-98be96b43cd1,3.31,tarama
c3c58504-4d46-449e-996b-b85870fd2d7e,2.43,tarama
c3c7d430-b3b8-4f91-b689-9eb3f308f3a7,3.94,kapi
c3cd6a01-09e8-40dc-bb1a-c3bb28cdc8e5,4.12,tarama
c3dd87fe-5023-406f-b531-67c2273405d0,2.08,tarama
c3e06e9a-e6c0-4a0e-a4af-c4ac747d4be3,2.48,kapi
c3e24e91-337b-49ef-bd68-ae04664aa08c,3.90,kapi
c3e9596f-fad8-4b8a-bafc-321a7dfd4721,3.95,kapi
c3edfc6c-e720-4127-9dca-2cb5bb38ba1c,2.92,tarama
c3f3e424-88e1-4898-ace2-57b58e6cef23,1.88,tarama
c3f9e158-c2f3-446e-a938-e4b6703d1258,1.73,tarama
c40b30f0-bcd6-4c56-b8da-b594c3208939,1.33,tarama
c418df64-ef50-4c39-8e46-6e4fcb0cf880,2.90,kapi
c41f5a7c-22bb-43e8-b712-5df37cf96606,2.40,tarama
c421966b-90e5-442a-bd41-b514036e7f60,2.25,tarama
c4282701-ae2d-4a6b-ada0-3d2bea221e3f,2.80,tarama
c4295fd2-d948-4c35-853e-9572125fb7cd,1.78,tarama
c42d8ec2-3d54-453a-ab30-6ecc119a05d2,3.81,tarama
c434d683-0a4a-43d6-b1ad-f18ed8571990,1.85,tarama
c43b2593-8e32-41a2-a0e3-68b4202eb466,3.49,tarama
c445a184-e625-4468-a164-0d58b2021fac,2.33,kapi
c45dcd6b-eb9a-452c-ae69-8c57105e9ba3,3.72,kapi
c464c440-38a3-4a92-a7f8-cf91b192cf08,1.61,tarama
c467d70c-c04d-4b0e-9c03-d04f696a3a04,3.38,kapi
c46be5c2-8539-4c49-9af5-13e2cf6b2f29,3.49,tarama
c47e99e0-1417-4470-a4e0-ae16e543a9e7,3.22,tarama
c47ff6b7-1e58-4294-91d3-bdde4895ec4f,3.99,kapi
c4876fa1-73e4-45e7-beb0-8e94a644b080,2.40,tarama
c48c831c-0420-49b3-9dc8-8039eca3ef82,1.92,tarama
c48dc9e2-9e2f-4ec5-9795-8e45271ae123,2.90,kapi
c4935268-f3de-4e26-8e6c-9ea7c430aada,3.42,kapi
c496974e-9ada-48ee-ab58-d137f337ba09,3.03,tarama
c49a4439-5b01-49e5-bc0b-ae623697e548,3.97,kapi
c49f9602-473e-4384-b11c-f759358a99b6,2.15,tarama
c4a6c7ef-e502-49a6-b1f2-8ca7eabd56de,2.13,tarama
c4a95033-2b07-4a46-9f14-2a7f82060dba,1.86,tarama
c4b0044e-b6c2-4ecd-9688-2cc982b8061f,3.57,tarama
c4bccbcf-ac92-478b-a994-2dbf8b67688f,1.89,kapi
c4c41c7b-194d-4194-b7a9-a0b1b9807542,3.08,tarama
c4c76789-447d-4760-8584-f4bf5125a741,1.93,tarama
c4cc09ce-3268-4365-b9d1-92395766c382,2.33,tarama
c4cc3c36-0e11-423a-820d-62d25bed817a,2.67,tarama
c4ce17e9-f9b8-4f58-b007-bccd52224ebd,2.86,kapi
c4edec72-7010-46d5-9970-fc115aa195a1,3.20,kapi
c4ee7e1d-386e-4c39-aa9a-025914d02ee4,3.48,kapi
c4faae2a-32b7-4827-9702-f4b9ad1a59e0,3.71,tarama
c4fe1621-967f-4084-9c6f-f5a419b130b5,1.97,tarama
c500505d-3d7e-44a7-bd88-3f9537044ffe,1.92,tarama
c5099f89-ef2f-420d-98b2-ce794a493784,4.09,kapi
c50adc0c-4698-4804-ad4f-f65d04c407f1,3.27,tarama
c50d5879-c298-41b2-9706-ce7c64bbda80,3.60,tarama
c514f6dc-65b2-4669-baa0-ff2fb44ec7bf,2.63,kapi
c519fc25-b087-4f3b-9b89-cd8fde0b2f89,3.06,tarama
c51f0c8f-95c7-4d26-8f45-27768dad45c8,2.84,tarama
c524d047-6aac-4f30-9a0b-d48d21f3eda8,2.64,kapi
c53093f9-8556-47b7-8dad-2affe3a62b75,2.62,tarama
c5445672-537b-45a2-9613-31edbbe9a2eb,3.42,tarama
c544d840-af7d-4f6b-bfe2-feda061c1ca7,2.46,tarama
c54ab9f3-b53a-4898-b2c7-71aa17e44c83,2.50,kapi
c555f348-5402-402d-aa41-bf5104d03d61,3.19,kapi
c5581b98-6f51-42a1-80ce-8aceb13c6262,2.03,tarama
c56a7cc9-b680-4364-a2d5-b4133ff37f6b,3.99,tarama
c571e93d-586f-44c8-958d-835349f7e971,2.56,tarama
c573c05a-e93a-4f54-b7fc-902848323a77,1.86,kapi
c579121f-1469-4dfa-a5a3-75d392ef4624,3.68,tarama
c579dc24-d187-42a8-98f7-074fbed8fa46,2.82,tarama
c580c7f8-6701-430c-b5d1-46436a7b0c8b,3.60,kapi
c586b24c-3f8f-42c7-9c40-dde02119700a,3.12,tarama
c5872476-f224-4a33-bc84-405bc8ae6b8a,2.13,tarama
c58d4f72-646f-4726-beda-0fe8de3128b7,2.10,tarama
c58e4d71-ff5a-448b-add3-5fc38f720e23,2.03,tarama
c591e127-0a79-4804-b1d2-d48ebd38388b,1.95,tarama
c5972b31-383b-4e12-8e4f-d50b2d8ab76d,1.96,tarama
c5a124ec-2f3b-4123-b866-79b24b0414a5,2.08,tarama
c5a71ed9-9e6b-4cf4-9bc4-97b7eeb73d56,2.70,kapi
c5a8566f-6f58-4151-88cb-ebfbb0cc5d44,3.05,tarama
c5b24922-db21-4eb7-a6ec-777bbe2be781,3.94,kapi
c5b49718-b8f7-4ae5-a105-cdf3ee9f9a77,2.63,kapi
c5b756b8-8a70-4562-ab80-c53462b140b1,2.81,tarama
c5b9b479-e660-4e42-9d1f-0ebfd5e1987d,2.98,kapi
c5c282f4-dc7d-4f0d-8e7f-0f473200defb,2.90,tarama
c5c2ed1a-cf6c-4f40-82ba-e00e5bb6f874,3.74,kapi
c5c5d643-6bc0-4a6c-be98-474e5f01f14c,2.06,tarama
c5c7408d-1270-4e1b-9256-0e1b165b6290,3.25,kapi
c5d18370-1c4d-4a58-a9f2-b6f89d72d9f7,2.33,tarama
c5de744a-d14b-4936-8e33-2833c4069471,1.33,kapi
c6059d4e-1d37-40b3-9b37-8bcc41c5079c,2.94,kapi
c6071fb0-a2c7-487e-a6c7-88864f9d09e8,3.80,tarama
c60adb1f-71ec-428d-8597-02320cac6396,1.91,tarama
c60ca5e6-9738-47a6-991e-7ab9d1b4f1f2,2.32,tarama
c60f47a6-e681-4bb2-959b-7ab2a97f15e2,3.92,tarama
c61ce1e8-3769-4021-a93a-f1a48c7cba39,1.51,tarama
c61e2509-b7f8-44ed-baad-0dddcf1ea45c,3.57,tarama
c623b95d-0649-4d7f-ab9d-6496cb4743db,2.51,kapi
c62cff73-976b-4c75-8f4c-e06554a232e0,3.01,tarama
c62d0f84-94ec-4df0-9313-2b08f7c956a8,2.91,tarama
c63519ae-e3c6-4995-98f9-3338ec81dee6,2.12,tarama
c6440598-77ca-4980-bdb5-7499c5d1f27c,2.04,tarama
c6461aff-1b5c-4e3b-ae7c-b569a528e8c2,4.01,tarama
c653f0a9-bcfc-4655-a336-7f0578d923a8,1.70,tarama
c65523cb-8dac-495a-8d57-3fe2184b075f,1.73,tarama
c6572a6d-aca0-4976-ac9d-f7bb40c87c5d,1.99,tarama
c668b956-c9c8-4dca-a451-93fc5103cabb,1.99,tarama
c66ad149-95ae-43c1-a8a9-9d4fc3881b00,3.03,tarama
c66e19ee-37d2-46b6-83bf-28e16f7b50b7,3.08,tarama
c68db666-f88f-4bae-973d-a3c5e261fbc9,2.20,tarama
c698391b-daba-4d1c-bc88-d8ef54b180ec,2.06,tarama
c69ce6d6-1716-4542-b830-9c756c18b22a,2.54,kapi
c6a4d232-5223-4077-b3bf-8f80ce2a0acc,2.46,kapi
c6a75e41-9f7a-4b0a-8e6d-b99a92f6ee45,1.85,tarama
c6a823ac-5a3d-43e6-9ee8-1bc1d375bcbe,2.66,tarama
c6ad94b9-675c-425c-ad96-5074d8c5003c,2.62,kapi
c6ae5f79-cc6e-4f00-ba5f-c87642e4da99,3.68,tarama
c6b3b933-b615-4c09-99c5-78c106831785,2.58,tarama
c6b447b7-9c3e-4d1c-973c-09ee6a93dd46,3.15,kapi
c6b9fcda-2636-4f12-80e4-40e35dbc228a,2.97,tarama
c6bb4866-ffd6-41fb-bbf0-7ba96ac86d16,2.69,tarama
c6bddf09-15b7-4a7a-9545-b81f7169be6a,2.89,kapi
c6c09e0d-c55c-45c8-90d8-069354d79a60,2.40,tarama
c6c2c173-d031-4d5b-9bd2-a0a0e38dbbfc,3.13,tarama
c6c468ed-d5ba-4d4d-a451-6c850555de93,2.30,tarama
c6c6dc38-34ec-414b-b25c-cbdbaa949e45,2.69,kapi
c6cbf82e-1b14-4021-b8a7-32f6b03e3a81,2.20,tarama
c6cdc998-7dbc-4712-839d-36db5f0c1230,3.79,kapi
c6d014bf-d9cf-4945-972a-b4307b628169,2.15,tarama
c6df9e3a-d709-470b-8895-a844b3050e5d,3.68,tarama
c6e0574a-e3a6-4374-8368-e2b50975da16,2.16,tarama
c6f91f31-a038-410a-a20a-c3dccd1eafd9,3.78,kapi
c6fe7260-a5a2-4daa-bf64-909ad1ea4d71,2.46,kapi
c6fffcd0-1123-4d2c-8cc9-5891067c3885,3.20,tarama
c712e199-2e5e-4d11-8060-133f8e99bee5,2.07,tarama
c7135ce3-d7fa-4224-a778-a9ebed57020f,3.41,tarama
c7156bee-7eff-4467-8cb0-01f7c67a57ac,3.63,tarama
c71e1577-ee58-4288-a613-68258a321178,3.42,tarama
c71e42f4-10d8-4750-9eb0-504e5e8807b8,2.94,tarama
c72fec4e-6136-4f01-b40a-407ddde1b6a2,2.65,tarama
c7377e65-ad2f-4877-bc31-f3a4169b5213,3.05,kapi
c73e3658-17ae-46ed-96f6-15984c12f041,2.24,tarama
c7471777-bcd1-4e41-9a6a-c630e9e5f4de,1.94,tarama
c750ea01-3ecb-4d68-acd7-488c13a3cd77,2.72,kapi
c75de1a7-747d-43bd-85f8-0e0d363d7630,2.74,tarama
c76190e8-f42f-4fa3-bc23-aa362f6bea6b,3.53,tarama
c762c0e8-62ee-477e-8d37-79580804600c,2.88,tarama
c763f63d-9803-4c13-86df-3ccf20e2b325,3.87,kapi
c771be3b-e71b-41f2-b821-28e574a38f7e,3.72,kapi
c77f2c07-cbd5-4447-a0fc-ef1c675ca4f2,3.63,tarama
c7826419-0659-432a-812d-38d585f8e655,3.97,kapi
c78bda14-9a46-4954-8510-324ced3aa9da,2.44,kapi
c794e0f9-99f6-4bd4-b80b-78cf99c64f4c,2.91,kapi
c79e4662-b05c-404d-9096-22deb808cbf3,2.54,tarama
c7ac24b2-1ec0-45fc-a4c8-3d172dcf3192,2.31,tarama
c7af4960-e6a0-4a4d-ba96-23ae69e2c8a7,2.79,tarama
c7b75a5e-ef6c-42cd-babc-2c2ec0bc77a4,1.92,tarama
c7b7f969-35c0-4e28-9a5a-a531a095d97f,1.96,tarama
c7be24f1-7876-44a8-99df-70dd67e1e04a,2.74,kapi
c7c9c7ea-2f37-43f1-a539-70945099e01f,3.50,tarama
c7e1be1e-3c99-46cb-9727-6939dab9772a,2.11,tarama
c7ec5df4-41c8-4273-879b-44d4032c48d2,1.43,tarama
c7ed4626-5945-4172-b3bd-de3a9696b7f7,2.41,tarama
c7fc8744-879b-4e7a-8df4-22b03246ead1,3.17,kapi
c80946ca-f091-4a21-b148-b14d946967c6,2.83,kapi
c8104022-5da6-465a-91c1-e9dda644aa33,2.65,tarama
c81da4d9-27da-4c55-bd47-2418003ebd55,2.05,tarama
c8251aa8-3679-4244-845d-899aa09543dc,3.69,tarama
c82985aa-1e89-48d8-97f7-303b33d4b1e9,1.74,tarama
c82ab46f-40d6-4866-b5e9-4bfc639d2e4c,3.63,kapi
c82da06d-5fcf-4a3d-846a-fe0cd90abf57,3.82,kapi
c83214ea-f9df-4042-bcc9-73791dfdbcb3,3.27,kapi
c8373495-1756-433d-bc78-fcc1d5542f4e,1.63,tarama
c83c207c-fd5a-48d4-8ca0-840f8680fa8d,3.83,kapi
c83d9fba-ef08-4fd3-bd14-c5b7687e13ab,3.67,kapi
c841f0e8-a0cf-4bb1-adf5-26668181d699,3.85,tarama
c8522d5e-7032-4d4b-a661-6efb26ecdf2f,2.32,tarama
c8538692-2cbd-427e-9d2a-dea5965f4de4,2.31,tarama
c85bb4ce-7558-4018-9119-b0ce9887806a,3.42,tarama
c85ce4fa-94f3-4995-9194-5f241ed5fa24,2.70,kapi
c85dc8f2-c912-48ee-af59-55ca8f225dfb,3.66,tarama
c86126b3-b38e-446e-9dd0-ad1018a9a011,2.51,tarama
c864e6a9-59ed-4ffa-b4b1-a89069fccf50,1.55,tarama
c86a843e-e2ae-4eec-b168-78f6fa151f59,2.12,tarama
c86ceceb-a0bf-4e37-a041-987c12f28fe4,3.96,kapi
c86dca17-fa74-4997-841f-10adf67a997e,2.39,kapi
c876dbc6-7a21-4486-b174-427c60d11225,2.32,tarama
c88267e3-b7f8-487c-b05c-f4314b58a937,2.63,tarama
c88c95d8-ff0f-4476-bbb0-6df8667f09d9,3.11,kapi
c890f2f6-e9d7-44a6-86b8-857e60b7f7c1,2.43,tarama
c894f602-fe5a-4f80-beb4-db7470032476,1.31,tarama
c89b9782-6642-4b14-b78b-15998d4c3458,2.61,tarama
c89e1172-5016-4a3c-8942-7c6591ec5a2e,1.85,tarama
c8a432ec-4045-4f7b-b93f-83346f02247c,3.34,tarama
c8a83f82-dd39-453b-89e0-e615f9416549,2.91,kapi
c8a87c5c-db7b-4382-8b86-1b337a359fa2,3.26,tarama
c8abd327-292c-4851-9595-a4b28c2073ff,2.69,tarama
c8ad5793-f04f-47eb-b26c-380292998d63,4.18,tarama
c8b3dd13-8ca1-440a-9bd5-e857f2886261,1.83,tarama
c8bd0fe7-b602-43b9-9973-9d0d2ca68d4a,3.69,kapi
c8cf8146-ba31-46ad-bcdc-4dbff3838271,2.83,kapi
c8dd57d8-de54-4620-a8e2-c03909bfc158,3.15,tarama
c8ef9ae4-0f06-41e3-b3fd-16bae2ca4952,2.95,kapi
c90432ad-824b-4918-8d53-48a5a3b012a3,2.62,tarama
c90434f8-25d2-499c-bbbb-7aaa9574234a,1.99,tarama
c908841e-277d-403c-921c-0e3111102a7b,3.35,kapi
c90e19ed-ea09-461b-a53b-a917b7790562,2.00,kapi
c913b456-fe9b-447b-a855-e68ce6121c17,2.02,tarama
c916da66-8576-456d-9a13-ecdc459224f3,2.94,tarama
c920e7ca-6f50-48f0-988b-1a084b73a5e9,2.17,tarama
c937bbca-f6c3-4f8d-b008-935d05df1af0,4.14,tarama
c93ff6ec-789e-4e10-93b9-a95ed3b61a98,2.68,tarama
c94201fe-696c-4191-b0be-c8c3b0670ef6,3.32,tarama
c948dc6e-4540-4ce6-8994-73ec81de5b08,1.93,tarama
c94dddf0-8a49-4649-9eec-0a9c39744716,3.07,kapi
c9521bea-daf6-451c-b6bd-62918cf95504,3.82,tarama
c95810a0-5aa0-4676-b631-40f039cb72c5,2.60,tarama
c95d3e6c-78f1-45e7-80ce-792cc973be5e,2.76,tarama
c962142e-7771-4e2e-9b7a-4f5264754312,3.57,kapi
c96e8b2a-0842-43d4-b786-6758f3748255,1.88,tarama
c97538ff-e56c-4c19-90e3-4f7a51bfbf97,2.05,tarama
c9809a6a-aae6-4d3a-a212-3c1af7fcee97,3.54,tarama
c9834771-21f2-42ba-9b5f-a06c2cb9b869,3.78,kapi
c98c4f88-b81c-4333-abc0-1b164f0092d7,3.13,tarama
c99b225b-4498-407a-8cdd-6f0614bf38cc,2.88,tarama
c99d2635-7adf-4422-8fea-52fb23a32078,1.91,tarama
c9a1b9f5-c861-44a8-9a61-d13050449b9a,3.00,kapi
c9a981b2-d8ac-4bbb-9278-f601a0165e68,2.79,tarama
c9ad66de-ee6b-4f1b-a2c5-e6a301536d73,3.14,kapi
c9afdc47-4ef6-40e3-acdd-c612d6d398bc,2.75,tarama
c9b5d16d-672c-4066-a6b3-6ce4010ef75e,3.20,kapi
c9b6aa75-5744-4a4e-8850-d95efbb11d3b,1.62,tarama
c9bb1763-1f40-4730-93b3-ac69de90b201,2.62,tarama
c9bc57a9-9c64-47f4-8f6e-8511afcfab0a,2.33,tarama
c9bd1351-59ef-428d-9dbb-6792deca2f9e,1.68,tarama
c9c25a7e-004f-4379-b19a-c87a1e5d1967,2.17,tarama
c9c266b8-2dfd-4b2d-8997-f0eb782545da,2.01,tarama
c9cbf986-5bd2-460a-b579-5627dc85394e,2.64,tarama
c9d179dd-2749-4703-90eb-0746c13965d4,2.48,tarama
c9dd90e7-e188-4527-948d-ad01147c5cc3,2.27,kapi
c9e11404-a733-438d-89d6-affdbe71caee,2.51,tarama
c9e591ed-f666-4071-8389-680b101a42ca,3.35,kapi
c9f5a556-3699-4471-b25a-59121debf8bd,3.20,tarama
c9f78644-f409-4caa-a011-11d5eff9030b,3.92,kapi
c9f94163-1e11-40c9-86b2-23a3434bc13a,2.94,tarama
c9fb158d-4632-499c-9e7e-81aaa8c26e87,1.95,tarama
ca066664-060e-4978-9d91-e3a5ba4c692e,2.29,tarama
ca09a0ff-727d-4e00-a809-ca349e44faa6,1.91,tarama
ca0c654c-4b32-47d0-a1a2-4994a5f7743e,2.52,tarama
ca12fd00-bf82-47ae-ac73-de7a9be6d135,3.05,tarama
ca18294a-511e-4761-af39-12530b15440f,2.53,kapi
ca211fd8-7ed6-47f7-8955-f30ea07d4b54,3.52,kapi
ca2a4fba-8588-45fe-a033-b8fbff541e0e,3.66,kapi
ca3077fe-6019-4b8b-815a-f76cf4c9fb74,2.44,tarama
ca397d55-a340-4080-9e7b-5cccb9e2d1c8,3.70,tarama
ca4a7f5e-2373-40cc-96d8-665840b70da2,3.57,kapi
ca4f409f-bde6-4099-bf9c-695132e44f1e,2.24,tarama
ca4f40e6-416b-41e7-ad95-e004dc3286a1,3.68,kapi
ca5b10ee-a2da-4df5-8414-dcde7fab4961,2.99,tarama
ca5f13a7-18a4-4904-a495-03d551bcdb6e,2.32,kapi
ca729cb5-0349-457e-84f0-973c41155f02,3.05,tarama
ca76149c-f529-4bff-a156-0b74c752b759,2.36,tarama
ca7b0876-8053-4294-b21c-672412959ae5,3.13,tarama
ca7d1a4a-088b-497a-bc7c-f55ea5079a9e,3.12,kapi
ca804124-bf1d-4e95-b98a-c0ed3c3ef871,2.91,tarama
ca85694f-09f6-4281-8b27-45f67e8e9452,4.07,tarama
ca88e87f-5528-4ac4-b9c1-5a353ab8b374,3.19,tarama
ca95f94d-9ebb-4aa5-95af-25b2dc71a3e3,2.56,tarama
caa14fef-3a9a-45ff-b9dc-daee0e953b65,2.75,tarama
caa4a744-6f2a-4772-829c-892e94263b50,2.71,tarama
caba26ce-53b2-4dd6-801c-d4d3a014dc9e,3.20,tarama
cac476ac-478e-45bb-a20d-1d9b1f08dae0,1.72,tarama
cac61623-6728-4428-8756-ee3960298315,2.62,kapi
cacadf80-4f8d-44f1-8eb7-96b9efc2b956,2.99,tarama
cad4cfac-797b-4006-9d81-ac1944c859f3,2.99,tarama
caefc6d9-d96f-4b59-800d-aea9b9276443,3.31,tarama
caf10659-69d0-4ebf-8aa5-2fc6e14f261d,3.51,kapi
cafdcd82-97f7-4337-8e27-f067b4c93bea,3.38,kapi
cb007948-342d-49fb-9fb9-45db6c873101,2.88,tarama
cb137989-f731-4c2e-a8d9-d5abbb734ce5,3.39,tarama
cb1756ff-4b74-4e9f-a775-3de69ced34b6,2.35,tarama
cb1a04d0-e4f6-40c0-a71e-299409fc25e9,3.81,kapi
cb1b7cfa-40f1-4655-9431-ffc5ae068bad,3.11,tarama
cb21929a-9d06-4eac-9f4b-31b45918483e,2.38,tarama
cb21c15e-014f-44b3-8e87-f948d29fb790,3.15,tarama
cb271847-4344-4b57-8493-049243192b2c,2.61,kapi
cb2d1562-4897-40e4-8321-866e3abaa409,2.83,kapi
cb30c773-499a-429b-86a7-d7759b21ac37,3.54,tarama
cb337e04-730b-442e-adcd-a6e3066702bf,1.61,kapi
cb37da7b-4079-44b7-b5c6-fa0e21835d5a,1.94,tarama
cb40129a-4ed3-419d-91da-f5a882ad81b2,3.69,kapi
cb44291b-8a57-4477-92e8-0a8b9ab07dd1,2.51,tarama
cb490c18-2327-4fc9-ad14-42280b68e2ee,2.67,tarama
cb5d5492-f748-4e30-8cc2-f5d5d2936da9,2.53,tarama
cb6656b0-276a-4a06-9f01-48025097859e,2.31,tarama
cb7b885f-ed50-4ff0-9711-4ceb5c9bc792,3.50,kapi
cb7f9b59-c334-4277-801a-53d890481399,4.01,kapi
cb875069-ee02-4f99-b210-8d5c98634fee,3.00,tarama
cb8ed136-dc43-44ba-b32b-61a79627e5ae,3.72,tarama
cb9e1746-013c-43bf-9b8a-1a85e2a84b72,2.91,kapi
cba03f9b-b67c-4694-9ec9-9043601de72d,2.70,tarama
cba17ee6-49e4-4084-872d-c89b9d924a25,2.35,tarama
cba69715-b510-448a-9b65-743170ec856b,4.08,kapi
cba84980-66c7-4bfd-a46c-be9c27f420fb,2.79,kapi
cbb117d8-262a-4da2-ae0e-647a3d7f2ec8,2.09,tarama
cbb2f19b-c44d-45ae-9f96-a51c8faa962c,2.81,tarama
cbba1cf2-38e5-4185-a7fb-ae4ff5f7795a,2.26,tarama
cbc40760-e8ba-4636-93df-419f9aaa9a51,1.84,tarama
cbc614b2-01a1-4d7e-9217-885bfc99b7e8,2.14,tarama
cbcc56c0-3979-4e50-9545-f2219210f2ba,3.87,kapi
cbd4a627-a4e2-447a-ba23-7449471c0b5f,1.59,tarama
cbe49462-0ea0-4ee4-955e-b9fcf426805f,2.49,tarama
cbe770e4-6f66-4464-aafe-c8a8c9118f13,2.45,tarama
cbe87c0e-b728-4caf-af2d-6332e3c9de79,2.66,tarama
cbe9cdda-e55c-447c-bb79-cd19c4f00374,2.60,tarama
cbed6629-a776-4349-8917-1c0eb3b46bbb,2.95,kapi
cbffa4c6-b6ae-4cbb-8963-6a015b01ab12,3.51,kapi
cc0dcf86-60b6-4067-8470-9a9be84a5725,2.85,tarama
cc11949c-b765-4c0a-bb8e-0cf2a2f1a44a,1.57,tarama
cc145c68-98e7-48f0-995a-4c635bebef43,2.00,tarama
cc17d456-280c-4b9d-89f2-7ea9984375c9,1.14,tarama
cc245eaa-2372-426c-b205-0c2d4692f34d,3.37,tarama
cc3b238a-eed0-4f8a-955a-47420ffd50e5,2.03,tarama
cc3ed3e8-d257-4870-b823-e064b7db2bab,3.06,kapi
cc3edfa4-bbd9-4b6b-90d1-f805fe501910,1.45,tarama
cc3efdf1-071e-4c86-817f-f22339238732,2.59,kapi
cc3fe8cf-ef9f-4575-9e0f-6388d5bedd21,1.80,tarama
cc405dea-4788-4f28-9a39-6a14fc5174ba,3.99,tarama
cc409e10-9290-4b1f-aca1-96f32402feac,3.82,tarama
cc63abef-bc1d-4eb1-a96f-e9467a275b96,2.14,tarama
cc63ca83-20c4-4239-9b04-666d4b7231ee,2.92,tarama
cc64e125-b981-4bf6-8e65-5b60396bf182,2.05,tarama
cc699cc5-c4b9-46b8-8749-5b4944aa5145,2.07,tarama
cc6a6dc1-a784-4758-bdbe-a05c1ac40338,3.76,tarama
cc6a6f70-fc9c-452f-9ea9-89f328454423,1.78,tarama
cc6b0f30-da42-4355-9f74-43fa46807dbe,2.25,tarama
cc6bf49d-0320-44c3-893e-8393bd6bc8f6,2.47,tarama
cc76fb8f-f1d9-48d9-8928-326ce7efca44,2.23,tarama
cc7f438f-db7b-44a3-b158-f2637668c857,2.99,tarama
cc84333a-3649-4b50-8d0c-744e7df6ee9d,2.78,tarama
cc875b42-343f-452c-b964-5732cf649c44,2.72,tarama
cc8df4e5-659b-4fc4-b9e5-9a85f8773101,2.45,tarama
cc8e1882-64bd-418b-bf07-9855b9c4fff5,4.04,kapi
cc8ed594-3638-4cc2-bc1d-083d3f7a7e12,1.71,tarama
cc91d286-b887-44bf-bc1d-1dcda3c3e708,3.12,tarama
cc92eae7-a94e-411c-8d95-d0fdc646b8e6,3.79,kapi
cc9b4516-c96d-4676-a888-69360f4f9f1b,2.31,tarama
ccb34591-7278-49d8-b230-bf1f77d40875,2.62,kapi
ccbb18af-b8bc-410c-a4d4-76837ad1fddc,1.94,tarama
cccaec8c-a799-4454-b70d-a4eeecb4f75a,2.82,tarama
ccd257e7-6ff3-4eae-b395-93838250dc4f,2.53,kapi
ccdaa02d-e468-420d-abd0-2fb73eba5b1d,3.15,kapi
cce87f6f-d4ba-44ca-b8c6-06cc576e428b,3.22,kapi
ccea0bc6-1c36-4f3a-bcec-c81170190378,3.93,tarama
cceba823-8e44-4d17-9a9e-9ccc2fe13b49,3.80,tarama
ccf4b756-3a27-4f3b-bdb4-b9e22593ae77,3.36,tarama
ccf7cc8e-7c92-4666-be5f-852ffa747243,2.14,tarama
ccfc18b4-7154-4cbb-bc5e-285d1181e228,2.28,tarama
ccfe570a-d5e8-47d6-8208-f3f43697254e,3.83,kapi
cd0b6419-305c-4d04-acd3-22965f2177b5,1.99,tarama
cd0d6263-a100-4366-a467-b99522ba455d,2.53,tarama
cd0fd753-708a-489a-bd70-6eb23fce0e10,3.16,kapi
cd127922-7ecc-4cfd-876f-0b1bca33196b,3.44,tarama
cd1283ca-4bff-41de-8366-d5f2dc0cb223,2.33,tarama
cd24dda6-cc9c-4679-9625-4145296607ac,2.37,tarama
cd26b51f-1c9e-4f76-8f94-54baf33329f8,4.00,tarama
cd2e7ae4-9de5-4843-a169-dff77cc0ef93,2.55,tarama
cd34f266-b209-4429-9d41-24ce1e42b406,2.45,tarama
cd3649ed-0ba3-40ec-805b-ee88c04ddfe0,2.73,tarama
cd3fbc0f-c06f-46d6-954e-1bf164f5ced3,3.47,tarama
cd43d393-01c9-4509-befc-4b3a5fff8fbf,1.53,kapi
cd43ebf9-2762-4eae-b265-30f9f775864a,1.98,tarama
cd446f9d-34c7-4bf9-8e42-1f711cb3bd49,3.53,tarama
cd466899-82b2-4695-9626-03749342b9ba,2.02,tarama
cd4a279a-2579-423a-baa5-be4e5ee1f931,2.31,kapi
cd50bd77-7bc5-4283-ba84-0cc43d554618,2.23,tarama
cd58ca60-ef63-4f3d-8fce-36a407d19035,2.25,tarama
cd593edd-d0ae-4870-8a97-595d0782ba95,1.63,tarama
cd5a40ab-cefd-489d-a9cd-74dbf35135db,2.17,tarama
cd655c63-da8e-49e5-bf3c-ffd050b3f825,2.99,tarama
cd88fe37-804e-4b74-b912-f4fbfb421ef9,3.36,kapi
cd8916da-0b6a-49ac-9a80-5e213a381c1d,2.32,kapi
cd8d319f-4f58-4746-8be8-196a3723ff2b,2.05,tarama
cd8f3354-9265-4888-bcb4-517ca420cf48,3.09,tarama
cd92b840-bf51-49c2-9507-f660e22c762d,2.96,tarama
cd9373ae-bfeb-47b5-8ed8-e141478614fc,3.77,tarama
cd97ac21-d7e2-4c30-81eb-1cd8f4beabc9,2.36,tarama
cd982d19-b527-467a-9e43-52623c24b02a,2.24,tarama
cd9cfae5-e9e1-43cc-b33e-24f60e6450c6,3.09,tarama
cd9da935-b379-4db3-a21f-566b7fe3ddef,2.00,tarama
cdafa098-697b-419f-9063-c23582fc0d8c,3.78,kapi
cdb81952-7ea7-4df9-ad39-64a4b9719945,3.12,tarama
cdbf7d15-857a-404c-b850-2ec47df8707b,2.55,tarama
cdc650ad-6433-40b9-bc89-83bb27082faa,3.57,tarama
cdcac219-6977-4f00-acd1-2bcfd9275f07,1.81,tarama
cdce2d0f-1522-4af8-8ba4-cd36abf1ab4e,2.68,tarama
cdcf4f92-eeed-42f1-9b49-231e2677c419,3.85,kapi
cdd3907b-0c4d-4a1a-bbb3-9ead5a6fabe5,2.59,kapi
cdd511bb-66d4-40b0-b905-49a861021847,3.64,kapi
cdd6e995-a985-4bc6-bcea-5c92c7c304c6,1.92,tarama
cdd9ac3b-1901-4799-9175-3c5eaafa4720,2.37,tarama
cdf34e10-956b-4c02-9928-b67a5ea185ea,1.71,tarama
cdf94573-a586-4a17-80e0-4bb8feb34212,3.91,kapi
ce0504af-280b-4795-81a1-a609c44a5233,2.11,tarama
ce065c9f-c5f9-4a83-953e-5a40b571fa92,2.94,kapi
ce0f611a-9a40-4971-9eb4-5586dd02238a,1.92,tarama
ce17925a-bab3-40e1-b122-e14c470b5b09,3.70,tarama
ce231d75-6cf7-4226-bc96-6a144c579048,3.94,kapi
ce3b342d-c65d-4d95-a324-5a41f020cc80,2.10,tarama
ce3cc70b-8c56-4b46-a5f3-946610b4aeab,1.90,tarama
ce3ed144-27c3-401c-99e3-645ebeb9c466,2.83,kapi
ce4757b9-1460-49e0-b040-60f47241eb47,3.96,tarama
ce4db110-2fa1-4fd0-8666-37aab1de445e,2.35,tarama
ce509665-cdfc-4cfc-bdbb-5a9e7cb11413,1.99,tarama
ce534596-92a9-4157-8694-071c94fe4f3c,3.31,kapi
ce5c2c18-f908-47f5-8b51-3bac72e42fa7,1.00,kapi
ce5e36c7-85d7-45bf-8644-3146566fb24b,3.40,kapi
ce610623-193a-4aaf-ae05-30da328d7ed0,2.29,tarama
ce865cc5-ce9f-48bb-862a-5b2556a7095c,1.20,tarama
ce928857-9732-45ef-a016-534d7b1ea708,1.69,kapi
ce932851-7e53-42e6-96b8-632b2f5418db,1.07,tarama
ce9798fc-d5d8-407f-8118-2e4d72742d8f,3.04,tarama
ce99e1ac-844c-4f1d-bbc8-609dd5f3aacc,3.77,tarama
ce9be786-38dd-4bea-994b-17711d647359,1.18,kapi
ce9fc57f-06bc-429e-b73a-43101101be14,2.39,kapi
cea5d847-8b41-45ff-99f1-607300392d3a,2.48,tarama
cea5e0ed-3aa4-40db-b705-0d129565c34c,1.94,tarama
cea93da4-407a-4fcb-9f56-1c3ac645361c,2.85,tarama
ceb1365e-d461-42b8-9f7d-a8c24bd8159f,3.39,tarama
ceb720e3-82a7-40c7-a9cb-a83745ebcd1d,1.98,tarama
ceb85084-c9a8-47f4-ab2b-45a7fc9c81ab,2.48,tarama
ceb9544b-1636-49b6-a41b-d890dd428ed9,2.80,kapi
cec10f4a-a4fd-4e04-8e57-8a840b52c7a9,2.24,tarama
ced08f58-1445-4e0c-b831-f6ce4bf33ce1,3.26,tarama
ced1ab97-8048-4af9-880b-d7e497dc8887,3.54,kapi
ced67baf-7fd8-4ee1-a94a-f57d30e1242b,1.79,tarama
cedeff96-9c0e-42ba-9ce0-9d5ac45cd7a4,2.45,tarama
cee2773c-1eec-441c-9476-60a56a40fe9e,2.02,tarama
ceeade7c-2103-4949-ac9a-69b654531a39,2.77,kapi
cef0f86a-ea4f-4248-ace2-ab13df35f1d8,1.77,tarama
cef1228b-cb9f-4c32-8fe4-077246c8ede9,2.33,kapi
cef26b8e-7a17-4ac8-9154-8040d25535fd,2.19,tarama
cef35a36-7f60-407c-a9b5-e7b2d1220944,4.09,kapi
cef6416c-1b01-4d5a-9a19-41d4ff3f4c4d,3.08,tarama
cefe97b9-605b-4b1f-a5f2-c4b31eb44845,2.63,kapi
cf04c802-1272-451a-b4c5-9658ba01f212,2.85,kapi
cf0a44d3-987f-4152-b00e-5e9cd95b88f5,2.99,kapi
cf0b98c8-1bf0-4b4b-9384-e5ff12906057,3.55,kapi
cf118e22-7e9c-4c83-a677-38d3adc357bd,1.59,tarama
cf11e17b-63ca-4a56-9192-20dcfb513021,3.12,kapi
cf1a78f4-2870-4515-8f82-6da9936841c2,3.00,kapi
cf1d2655-cc36-4c8b-9783-f2c87692657d,3.36,kapi
cf232ad1-3e56-4e7c-8ca1-85677786a24f,2.46,kapi
cf2643a8-84c6-45f8-b197-3822cb3d78f7,4.13,kapi
cf30ccec-f2b3-4d68-af12-eeaf794756dc,3.07,tarama
cf3ad4e4-15f9-4041-8cdb-92c235dd9047,2.33,tarama
cf3ddcc4-d964-445d-8fa6-ca2da129d37c,3.15,tarama
cf440097-4e45-4b3a-8f09-684d915c641a,1.01,tarama
cf48bde9-b7d8-494f-905c-821ea8635e02,2.34,tarama
cf510520-8d79-4cbc-9cfc-85dde13165cc,3.59,kapi
cf52c253-007a-4497-b487-5a70c6f93d17,4.02,kapi
cf59118a-339d-4401-97a5-f33662053219,2.49,tarama
cf6176ae-05da-403f-a476-b7376afdb17f,3.18,tarama
cf6a4956-3a50-4531-be1e-079a27f1c79c,3.23,kapi
cf71352b-4b01-4e17-bced-bc5b698c0821,3.55,tarama
cf7669d1-60f2-487e-9df4-14890a4bd109,3.44,kapi
cf78fab6-494c-4284-9285-139b76fbe30f,3.32,tarama
cf7c08df-8ab3-42c7-a643-ed41b786ec00,3.59,kapi
cf83eba8-044f-4384-af02-1b95ecb6a5cc,1.87,tarama
cf844256-3d0c-42ac-8587-4972575eb0d5,2.50,tarama
cf861ba6-2f89-4f59-be1c-bdb5847025c2,3.86,kapi
cf8bf151-724a-4047-90c9-f47d0ddcf86e,1.50,tarama
cf9065b2-9506-4b9e-8a0e-7cf156918aab,3.52,tarama
cf90d791-0a29-4aff-a117-06760b1c956f,1.41,tarama
cf917c8b-4c33-4b2e-b788-c69aa3ebb34a,1.91,tarama
cf91b22a-033f-4f00-9d72-9d7eb5275099,1.57,tarama
cf97bc69-5bf0-4da9-991a-4d5e2a28151c,2.06,tarama
cfa08f29-ebd7-42ad-80a4-3fe94390c37e,2.63,tarama
cfa1277a-2f65-442d-b0c4-8052fbd77cbc,2.56,tarama
cfb7785c-f0c1-4d90-8d41-4dfa7083d613,2.22,kapi
cfb7e5c0-9536-4fdf-be74-7d415085143d,4.17,tarama
cfbc8357-035a-4e36-ab6d-7e185cb3907a,2.05,tarama
cfc6e017-515f-46fd-8a24-8ad0d776b411,2.47,kapi
cfc825e9-af46-400d-937f-0a66c45be786,3.92,kapi
cfc9dfcd-2d29-4619-bab6-d5731b2eac78,1.86,tarama
cfca4183-a925-4638-a85e-6a4e7f42b6cb,3.32,tarama
cfcd31c2-d016-424f-abd3-96f47c24c560,2.68,tarama
cfce80b2-68b5-47e9-ac0b-6c83efb6b482,1.96,tarama
cfde22f4-36dd-42fd-9f4c-97c19e73ad87,3.26,kapi
cfe02222-244d-4ef2-a73b-1bca0d1b351d,2.29,tarama
cfe2b762-b863-4ff3-b626-1e1b4b91c7c7,2.21,kapi
cffb3039-750f-41e1-8c50-a12d30ce80c8,2.23,tarama
cffef641-26f1-4f82-bf69-5167e73bc98c,3.51,kapi
d0001e78-39a7-4373-b40f-8c05140c995a,3.62,kapi
d0018dd5-7f0e-4fbf-982e-6496196a479b,2.91,tarama
d0035eec-1d85-465b-bb2a-c6ae8dbe814a,2.40,tarama
d00b97cb-662b-4e41-957a-857826279ee3,2.22,tarama
d0142523-6c2c-413b-8739-dba0976ecc19,1.08,tarama
d01bc8f0-04c8-4e55-9d23-47efc41d5dbd,2.78,tarama
d02bcd90-cbba-49fc-b739-9086325222cb,3.85,tarama
d034cf22-4a1f-4a99-b717-8db41c81d1d1,2.42,tarama
d03f29e8-9e27-42dd-a80d-18396258d531,2.45,tarama
d044e67e-237e-4bd9-a04d-a56124365fc5,2.25,tarama
d0470667-b264-45a7-8f39-72631a53d1e4,2.22,tarama
d0558e54-6ed6-4270-8f43-10c716cae140,3.54,tarama
d05f3ffd-57ef-4ff5-b649-86f050fd6717,2.24,tarama
d061d0ef-fde8-4dc1-9fbb-5ef4c36c99ac,2.57,tarama
d06ce618-744a-4da5-a651-b3f6c01d2436,2.99,tarama
d0723fe9-6c8b-4a2a-9bae-6a3bfea44356,2.71,tarama
d08368a0-3675-46e7-ad49-570ae7bca875,2.03,tarama
d083d15e-59fa-42c1-b136-24776ddc2d03,3.19,tarama
d0848756-0dd4-4b6b-acdc-32d33dff70dd,2.31,tarama
d08e8adb-2b34-488e-8b9a-c9776c801917,2.61,tarama
d090ef66-ff42-46df-8705-aacd465f2b88,1.84,tarama
d091ef6c-6de5-4f77-9232-e884b0f18db4,3.41,kapi
d09320e8-c295-495c-a1f2-d4c06a0d18d2,2.85,tarama
d094d658-6339-4ebb-98de-608a45a2a1af,1.41,tarama
d096d5d1-0e78-4930-abad-b7f51ccae000,3.05,tarama
d09724bb-bd8a-497e-bf1b-0270d9d67559,1.54,tarama
d09b6773-dc11-4e89-a533-99da11d29278,1.99,tarama
d0b92208-53da-4d03-a395-513db8930e84,2.09,tarama
d0c497d9-2016-4247-9fdd-69a7d5ec8c6e,1.93,tarama
d0c7f464-1273-40b6-b05a-f74bce10351c,3.20,tarama
d0d00b1e-e5c2-432b-9b69-4e182bc25860,3.53,tarama
d0da29e2-09eb-4357-9958-be634cc6399d,2.90,tarama
d0de97e0-cabe-4910-a006-97f74da644f8,1.31,tarama
d0e22222-8074-42fb-b927-0e6b81671f96,2.10,tarama
d0eeda06-7a7d-4af7-a1af-5b8ce17f5b68,2.23,tarama
d0ef0ea4-033e-460f-b117-6baf274dec71,3.95,tarama
d0f09b03-3153-4fdd-9fca-d52a795c4979,1.60,tarama
d0f66c17-5030-4333-bb11-c21d59b71912,2.51,tarama
d0fcdbda-6820-44f4-870e-1fbbf7b54fba,3.23,kapi
d0fd01e9-b8fe-4d16-b891-49e91232e067,1.94,tarama
d0fe47bf-f37b-4c80-99dd-340cf8ba7eb2,2.82,tarama
d107b1f9-05ff-4f14-9773-3ed130716be1,2.22,tarama
d10c268e-9105-4e3f-be90-973774d36b07,3.19,tarama
d10c4bf1-c7f0-41bf-8742-c677df494319,3.63,tarama
d1166dd8-59e8-48d4-9356-095eff99cdea,3.20,tarama
d1198f0e-13e9-49c2-9166-3cc19f9c9eb2,1.96,tarama
d12a60d2-79d4-4c73-9934-41037f26d54b,1.45,tarama
d12b5bf8-ebd0-422a-933d-5b56eb79602a,1.68,tarama
d12cae7c-3a4d-493f-b7aa-9e20a14b37e8,3.06,tarama
d137bec4-ef2b-41be-9b4b-16939486ee7a,3.06,kapi
d14515e8-a673-41ab-983d-bb57dd5f74c3,1.96,tarama
d14820ad-b764-4e17-8f49-dfec84d60c5b,3.70,tarama
d1483159-59e1-4e5c-b948-7a7f10570686,3.07,kapi
d1539a7f-547f-46a4-b1f5-2f3161e9954f,1.88,kapi
d15e883a-64b9-4b5a-a2ad-a8ae0e9da398,2.15,tarama
d1608a6b-0100-4ff0-9f06-9282b45dfdc9,2.01,tarama
d16b1b0e-24e2-476f-af63-f3fb96148f22,1.80,tarama
d16cbf9f-f835-474e-9247-e5a91183ae52,1.71,tarama
d16d93ec-6ec0-494f-9968-5fea49148e10,3.35,kapi
d1751e74-5cdc-4a22-9037-0de23708b66a,3.07,tarama
d176b023-5437-4571-a22e-bfc6e4d705ba,1.79,tarama
d17972ce-bd1e-4513-abf3-698e55eb99da,3.14,tarama
d17e5ee8-c73f-4302-82d1-97bc855aeece,1.98,tarama
d180d73b-f584-41c4-8d85-38019b727727,2.01,tarama
d1868d26-9a74-45f4-88e6-89ca2974efb4,2.27,kapi
d1946303-bf03-427c-a257-730a56dfabd7,2.62,tarama
d1a4306b-f76f-4842-ab9a-1178eb887461,3.37,tarama
d1a7c671-a8a9-4020-8b64-1f4b82b23726,2.06,tarama
d1ae75cf-ba9a-4e29-9ad7-b76f441c40d8,2.18,tarama
d1b0816c-d4a1-4a9c-9ec6-c5a63a236c00,2.76,tarama
d1b0f3c6-5ee5-4977-bb79-b10d3683fa81,3.94,kapi
d1b1a3dc-e2ee-42d9-949a-3b08f736498f,1.12,tarama
d1c26be3-14e0-4b33-9679-296ccf2d10a0,3.56,kapi
d1c3acea-2643-4962-b708-51ef5ec4e870,2.18,tarama
d1c3c1a1-af13-4423-9484-29b1f425c32e,3.49,tarama
d1c5f816-fa09-44c5-8d94-3d6e8768069b,2.17,kapi
d1cca593-7826-4af0-b59c-d650d6ece363,2.13,kapi
d1d19cdf-0b77-401b-bb5e-07f2f57484eb,2.79,kapi
d1d67059-35e3-42d8-a61e-eb2b3acecbc3,2.87,kapi
d1dbba0d-6704-4dcb-829f-ed669d4cb9fd,2.83,kapi
d1de2465-84b1-49ab-866a-fe55299b35b2,3.10,tarama
d1debdea-1bd8-4035-8da5-72a32fc9045f,2.85,kapi
d1e4090b-bf90-4ed1-9b62-133be2e841fd,3.77,kapi
d208dbd9-a8a5-48b5-9941-093364e79172,2.28,tarama
d20bbd8d-2ab7-438c-91f6-381da17de3b6,2.39,kapi
d20c9d7c-0b2b-46a0-89df-c2a7d7c1d9f6,2.31,kapi
d21a469b-7f38-40e1-b2d9-f87d8e08bf9e,3.11,tarama
d231c708-aebb-4c41-9e3a-ce480540d11c,2.59,tarama
d2344bbb-f6a4-43f6-944c-d55518c70f2c,4.19,tarama
d234a272-d198-43e9-ba2e-4ba0ec2a3527,3.21,kapi
d23bcbef-4941-4c9f-b3ff-676213f6836e,2.49,tarama
d23ed043-6fb3-4b90-9339-81dd3fc67b94,2.69,tarama
d245ce5d-7966-4aeb-a42a-eb9dc8a1d0c9,1.94,tarama
d2479178-4255-4a28-a4d4-f5acbed5e4a3,1.94,tarama
d249c0db-b573-4699-89a7-d1cf85546b4d,3.80,kapi
d25401d5-58a0-45c3-8805-4933d85a0363,3.60,tarama
d25567ae-0809-4fef-a35a-9511f276ff40,2.05,tarama
d256303b-8baa-4229-be07-3f658be15f2f,2.32,tarama
d25932a8-3174-4868-8850-acf0a08d3781,3.86,kapi
d25af17e-4318-4fcb-a297-7a8a2cbc89cb,2.49,tarama
d25fdb90-adee-4cea-8487-20279a3f10f4,1.76,tarama
d260e833-1bc5-4e5a-a589-4cc90a4f9f85,2.63,tarama
d2628dfe-efd9-423d-a892-1be304d4a148,2.33,tarama
d262c659-8dc5-48bb-b9e1-4fc9305aeaef,2.19,kapi
d264ad40-3227-40fe-b12c-6529893dd51f,2.44,tarama
d2669495-8225-4e18-b53e-a5f92a3c5d83,2.87,tarama
d2682fc2-bcb2-4697-9ac8-2df271cf8d33,3.69,tarama
d26e8b24-7c34-4f6b-8cb1-a6c6e542eec6,1.87,tarama
d26f1c5b-7ccb-428f-9833-fb9097c0d9dd,3.61,tarama
d27d97ba-e38f-40ee-8ee7-f428f4ba9854,2.72,tarama
d2863555-8b88-431b-80e2-a1a47d3aa8f3,3.78,tarama
d288c372-fba4-4dba-8a81-0a79f5a83678,1.28,tarama
d2920f3b-e45a-4000-980a-bfddf96579ba,3.33,kapi
d29cbae3-071b-4ce6-8d07-3a7def0e3437,1.73,tarama
d2a0f824-deab-4eac-9399-05d3cfa6a3bf,2.08,tarama
d2a12914-7dec-41f8-9eb9-5d6b044311d6,2.19,tarama
d2a1e1f0-d543-4854-894b-3e3934adccb2,3.40,kapi
d2a228cd-3c42-4b4a-a9f0-4c8f193ce477,1.62,tarama
d2a898fe-b023-4d20-bbf1-227268462c31,1.87,tarama
d2b7e5a2-7479-4b19-b8b3-7d186805b8a9,2.02,tarama
d2b9d5a8-a201-45c3-910c-7bd27d97baa3,1.01,tarama
d2bb2957-0a0c-4ed1-931c-d0844bfd7b13,2.10,tarama
d2be4fcf-cef0-4ace-952d-dbaa5eb30ca3,3.00,tarama
d2cc5aab-7488-4c02-a02b-0591c8ab8716,1.59,tarama
d2defcf5-cf1f-4606-9f7b-ff4587482567,2.28,tarama
d2e09fb6-5c83-4edb-b7d2-544a8f18f3fa,2.81,kapi
d2e1d81d-28fd-4e94-a51a-0556daf76e0c,2.52,tarama
d2e3c40b-8bb0-4fa5-8700-8b2fd57f334b,3.44,tarama
d2f1a73d-b36e-4409-9fb8-51454ffa1f4c,1.81,kapi
d2f7baa0-b241-4d6c-89e9-57ea87a7cc91,2.09,tarama
d2fb683b-f95a-44ed-8822-aebe52b980e1,2.49,kapi
d30268a8-9ccf-4be8-8b17-7e28aafa5a3d,2.28,tarama
d305a462-8577-40a5-8ca5-26d532d3c8d0,3.34,tarama
d308516e-8b58-4dcd-97ff-1bca2dd832f1,1.44,tarama
d31a8c85-d7af-4afc-9fe6-2008109000fd,3.21,tarama
d322bc54-c280-47bd-a750-dbf6fe9605d3,2.12,tarama
d32df8f2-188b-45cb-aa1f-017a198e99be,2.20,tarama
d3319942-33a4-4655-a699-6933caaafa12,2.66,tarama
d334464b-765a-4374-8063-c496eeb445e6,2.33,tarama
d3375d31-9d2b-46e1-b731-cfa35a324aa7,3.79,kapi
d338e46b-ecb7-468a-8f9e-73c5127dfd88,2.17,tarama
d34aa977-c985-4bb7-b3f4-36adc1a49ef5,2.74,tarama
d3506805-4842-476f-bf41-273552bab4c8,1.97,tarama
d3506c37-07d5-4a77-b824-26ec7819dad7,2.99,tarama
d35fb1d0-2e4d-4026-805f-28a4f6d55793,2.31,tarama
d3659cdc-656f-49d1-8f1a-002abb628997,2.14,tarama
d366aa36-8009-4456-b72d-1a4f61ee1713,3.16,kapi
d37394f6-7b86-44b9-ba92-341825957491,1.97,tarama
d3771462-0baf-4183-9add-1b77bccd5dbd,3.12,tarama
d378b662-3e70-4113-b967-46ca9408ab62,1.86,tarama
d37bfba1-68c3-4997-a2a6-e0bde316bba0,3.92,tarama
d37c0c82-8d0f-47f3-af00-44edd3fb1f57,3.38,tarama
d3836e26-68f9-4c3d-81d0-922c7e048927,2.55,tarama
d384ac80-a363-4301-b0a9-543884bb01f0,2.31,kapi
d38938dc-6aaa-468f-af31-599920184f06,2.76,tarama
d38bb513-6bf5-440f-808a-dabbbcd5c7e1,2.77,kapi
d38e9df6-b76f-4eaa-baa9-0493bbc48cd3,3.01,tarama
d38fe4e0-d7b3-4141-affb-b7995bcdc599,3.69,tarama
d3a4325e-3f9b-4a03-8ff2-faada04e5c5a,2.78,tarama
d3b924ee-d65d-4b1f-b9a4-1932e9981a44,2.54,tarama
d3c1b488-69e3-4ea6-9298-c7325c27c64f,1.62,tarama
d3c58dd3-360e-4892-a5a5-c9faa6e74c24,3.20,tarama
d3d6348a-6cbc-4f72-9554-ff511f54f9c2,2.94,tarama
d3d9a491-2300-4f07-9379-ee50844ef63a,1.98,kapi
d3dc8ec1-f399-4b9a-80cc-6ca890debc7b,2.82,tarama
d3e38081-15b1-4ce3-b63c-4b681ac676b5,2.43,tarama
d3e4a9a3-f5ad-4702-8e6c-d416e661bbe0,1.88,tarama
d3ee5bda-1ee0-4f4e-9503-d050f84ccad2,2.05,tarama
d3ef3ab0-cf83-45a6-a211-61e7b4c97120,2.22,tarama
d3f5d812-5ec2-4cb0-89fa-64e2c3bf0991,3.24,tarama
d3fab47f-a43e-4b06-80fa-b13e88adde9b,2.17,tarama
d40b3812-93a5-43fc-9d93-9ea2004fb33b,4.02,kapi
d4110eb4-d54b-4f17-ab63-0bedf6e113f3,2.80,tarama
d417e768-d23f-42ac-807a-5de417cb4e41,2.00,tarama
d41a2ebc-6727-4dc3-85ec-976c2f4e08a2,1.95,tarama
d426765b-0d92-4da7-bbf2-13eef39ec1f8,2.04,tarama
d42eccba-2a0b-41c9-bd49-09adbafc32cf,2.69,tarama
d4335dbd-6d70-4974-ae94-94e3393dff41,3.67,tarama
d4451505-0052-46ce-adb1-28c7e4ac8246,2.78,kapi
d44733f0-9e0e-4157-b7f5-4e810999e818,1.60,tarama
d4529bae-53e6-4313-b4aa-4a351d6fb6fb,2.69,tarama
d45b2040-065f-4bcc-8c15-4df1ece8700b,3.56,kapi
d4668b0b-65c6-441d-9ae5-b5845983198e,3.74,tarama
d466a91f-1fa0-48f2-a1bb-286c81a18623,2.05,tarama
d46db039-1079-434e-977e-4ffcb6853105,1.43,tarama
d46f174d-4ad6-4111-a062-4f8d72c3b15a,2.24,tarama
d4829cf2-3a57-4605-a4ae-653ef03e213b,1.89,tarama
d482a487-fab7-4163-87f4-9bbfe6e84355,2.16,tarama
d48adc30-da66-4263-abf1-3bb5eeef7dc6,3.65,kapi
d49053e2-6515-4ad4-b729-c95a6bbab278,2.52,tarama
d4938ffe-13b1-446b-b808-5af8410793ca,2.54,tarama
d49905d2-0ab3-4f08-9241-38dd87f3b1d2,2.04,tarama
d49c5a88-ca11-464f-ade1-90d86cf2f063,2.86,tarama
d4a67d87-2274-4e63-955d-66e3ee8e8349,1.67,tarama
d4b17825-785a-4948-a64f-5cb49f4a5d05,1.68,tarama
d4b20185-9d34-43f0-88b6-9e50d8c8eaf7,2.51,kapi
d4b8aee2-d1b0-4d23-b72d-ac2cf3dd6cec,2.04,tarama
d4ba79df-80ae-4a6d-9599-b67b7ded4e76,3.73,tarama
d4bd0a43-bf22-438b-af95-ca07739649a9,3.84,tarama
d4ca608d-6ace-4a7e-a1bc-59dadcfc55dc,3.71,kapi
d4cc6e52-b9ce-47ee-93ad-fb83f0bfb9c6,2.86,kapi
d4cc700b-3de2-4bc8-9296-94138cc0eb8d,1.82,tarama
d4cfd4d4-a5c6-40a2-97c6-3f57be731a3f,1.40,tarama
d4cffa6c-3946-48c2-bc3e-2f6d37b29f81,2.99,tarama
d4de8ecf-e50d-488a-99af-a7951d6a5bf1,3.19,tarama
d4e6bf72-c426-4fbd-adfe-f19e34ed5d52,3.11,kapi
d4f3f3c4-6436-4ac4-ab0c-994c9d0e3aad,2.01,tarama
d4fa02bf-8250-4c60-ae04-758261ca8baa,1.62,tarama
d4fb0ebc-4803-46b5-9f1a-2e9a8b5d6c19,1.77,tarama
d5098f3a-fd12-43b1-a599-ab24525a5b8e,3.86,kapi
d50e9816-f0c4-4cd8-800b-99f5d9b2b5e8,3.36,kapi
d511e986-d19b-4c13-aae1-03a2820df694,3.06,tarama
d516d777-c03c-4e7a-a1d8-08a600df3f28,2.39,tarama
d51ebadf-ca15-4399-a2b1-0150d17517c9,2.83,tarama
d521181a-7e64-4598-9ed1-7248d6a3a73a,4.16,kapi
d525e60f-376e-40b8-b961-e276ca783fc5,2.28,tarama
d52a0872-ee79-4d52-8e20-ad679fc7d65c,2.62,tarama
d52ed64f-9738-4a2d-a5a5-b078b07ba5c3,3.42,kapi
d54dc485-c5c7-4e7e-bc1c-6de7b7dc6458,3.03,tarama
d54f656f-73c9-4ff7-af1b-2c7e022a0646,2.04,tarama
d55aa133-c96f-434d-92cf-f1f8410dde12,2.15,tarama
d56d1113-74b3-4591-abaf-4e1ac7238182,3.28,tarama
d56f969e-000c-4807-b994-7e6c82bd3e45,4.05,kapi
d5727a0d-5852-4c9d-aa61-4bca04bca4c5,2.43,tarama
d5748e38-640e-49f6-8876-a4b5ccf5d5d5,2.21,tarama
d57a8685-8a74-4758-acb6-63d530bb02b8,2.83,tarama
d57cf18c-4e20-46db-935b-53429c186b55,1.72,tarama
d588092d-9d81-4395-a867-7dc185e5d415,1.42,tarama
d58f19e5-88b0-4627-9950-de2e1c52c923,1.98,tarama
d598a9d9-e2e9-44ef-aa21-12000d9b67bd,3.28,tarama
d59a49d7-f6dd-48e5-b547-b7054404aed7,2.67,kapi
d5a2b6ee-101d-4e42-9ef5-39866f3a95df,2.58,kapi
d5a313eb-a595-4a01-82ed-e91505fc043f,3.32,tarama
d5a769c8-a318-43b3-a67c-82022a35ae93,2.20,tarama
d5b1a9e8-8e26-44a0-9bff-efa69d9bf78c,2.49,tarama
d5b39a56-5ddf-4581-a915-450aff9af6ae,3.13,kapi
d5b5f982-f470-4765-abfd-427aa8eba50f,2.45,tarama
d5b85be3-6181-4aed-bf17-ffb9d5dc76b5,2.02,tarama
d5bdd378-e116-4aa5-aa69-bb3dc3129aa2,3.23,tarama
d5c4eb49-f3ce-4500-9630-5f78f1b88a14,3.42,kapi
d5cde986-6c78-46f3-9bd2-e7149e293ff4,2.34,tarama
d5ceda24-f2c2-4779-b53d-f99243c74633,1.29,kapi
d5cff7f8-9fb1-4521-8eb0-6371c3295353,3.30,tarama
d5dfe38c-d30c-4e97-a6c6-17d352e2d5c8,3.10,kapi
d5e6d7c7-518b-474d-a45a-b0f4beebde9e,3.14,tarama
d5f750ab-6a6c-455f-b026-ed3b8731b9ed,2.70,tarama
d5fc0b02-8b7f-42f7-85e6-b372c2ff0dbe,3.59,kapi
d6014444-557c-4052-9cde-4496db982008,4.17,tarama
d6124a0f-1fa0-4265-afad-8bbbb96312b8,2.12,tarama
d6161676-99e5-44bc-a8f8-4655bd54f45c,2.52,kapi
d616f1ea-272f-4360-b19e-26a8da45f05d,3.68,tarama
d61adcca-97db-4099-a272-c88856fd5d2e,2.76,tarama
d625c275-3040-4641-9bf3-32ef25c85229,3.34,tarama
d62bf928-3be0-45f9-a1cb-3a8368cf789b,3.32,kapi
d62cb875-384e-4df9-b392-49acf9ac5265,1.88,tarama
d63076d1-bd74-4ec8-84b9-85382e6b391c,2.71,tarama
d6311334-f665-40bb-aeb1-b8087ad7648c,2.11,tarama
d631f63e-19ed-4f58-aeae-34e1e9e81dc4,2.47,tarama
d6384d7f-4cd4-4ee3-bf4e-c80a244c0ac2,3.02,tarama
d63c4d3f-e68b-478b-90f0-c3385dfcbe80,3.25,tarama
d641ac9c-893d-45f8-a142-713e10246684,2.52,tarama
d641f256-af9d-4a58-85df-4a1f1d7c073a,3.31,tarama
d6485039-7417-4d8e-930e-c8a128f1567e,2.08,tarama
d649472e-b562-49a7-9145-023662a0e3e4,3.29,tarama
d6533a9f-c3c3-42f9-98bc-d6482d04c7ff,2.37,tarama
d656ce65-6318-4cd0-89c8-7e72df415d5e,3.14,tarama
d65d2564-7873-4a24-af07-4afb1dc009d1,2.43,tarama
d66d948f-d4a1-43ce-b7f2-566d398d8d2d,4.20,kapi
d6724ea6-ddb3-4388-91b0-046c235cac3a,1.30,tarama
d6790471-ed56-4377-a3d1-eb2286212d4a,3.08,tarama
d679098a-b9ef-43e4-8529-23b9c4bd9bf4,1.44,tarama
d67b3110-bf27-46b8-92ca-458b7b55b386,3.87,kapi
d6815abb-bc20-48ca-b398-f5601761c469,1.65,tarama
d68209e1-a7c1-4736-a6a0-8b6ed3544eb6,3.84,kapi
d6839fd5-b453-4bce-9e11-ac41e5128d20,3.90,kapi
d6a09bf7-c9ad-4491-802a-00e5f71aa1fe,2.70,tarama
d6b49c5c-2aa2-45b7-ad49-c3073450b533,2.90,kapi
d6bdd8d5-bb63-4c8c-98ef-e59ee9a6de7e,3.29,tarama
d6c3c7c9-88b4-4842-9782-4cce64795e92,3.39,tarama
d6c41702-5f04-42f3-9908-929ab1e2d4ee,3.50,tarama
d6c79db0-4a20-4c8f-a08e-2662c39dd22c,3.00,kapi
d6cdbd9d-d288-46f9-ba6e-a0a6d0524cf6,2.57,tarama
d6cf2414-62d8-4fd5-bcd8-b5d14a893e2e,3.00,tarama
d6d24cb2-075f-415d-9a18-d7320ab4b5c1,3.45,kapi
d6d9ce4f-d413-4daa-8d7f-2f527c613cec,2.86,kapi
d6e4e5d2-43fd-42b1-b200-18516d5e3b30,3.72,tarama
d6f95a64-e267-443b-a9ec-7aa0b35389a4,2.62,tarama
d6fdc1ee-2f9b-41ed-807e-85b0139ee6b0,2.82,tarama
d6fed4ce-9b80-493a-8b59-b10727ee7544,3.01,tarama
d70acc91-c038-4678-8b41-3b3de2ed8c4a,3.74,tarama
d72876c1-f58e-4fc4-a53b-660c02135826,2.29,kapi
d7358265-d4fe-4e7b-9d9b-4c38b1264475,3.40,kapi
d73642ce-070c-403e-aa3d-aa3323d4c9cf,3.79,tarama
d7467c68-fcbb-42fc-8342-6c6bf6fe97e8,2.40,kapi
d74daa78-24b3-4a55-a72f-a35dd29462ba,2.07,tarama
d75219f5-dbbc-4549-938d-c2cba6083e24,2.01,tarama
d752ce86-ee5c-4830-b05b-152b1d5f30dc,3.37,tarama
d75e54fa-d6af-454a-8e11-6a1319ea3600,3.67,tarama
d7616623-e681-426d-9a45-20538a11932c,2.06,tarama
d764e912-fd7e-4a31-96c7-99fb103117dd,3.87,kapi
d76a0517-7235-46b5-a2af-8a33def58f77,3.17,tarama
d76a373f-f6cc-473a-9079-3131b3d66967,2.32,tarama
d76c3b77-3914-4801-94e0-b4c042b1ad92,3.62,kapi
d7721659-1ab1-4ce0-a20f-27a5ffe7ff75,1.74,tarama
d7851912-f85a-42ac-b59f-286f960976e0,2.46,kapi
d787e04f-7198-4f06-9e40-5872a6c32ea5,2.80,tarama
d78de6f1-a47f-4fd5-aa97-39961f8a1193,2.74,tarama
d794a328-c3f5-4e5b-afc3-b22a400bde91,2.32,tarama
d7991611-df8c-4454-9787-f508df46ec05,2.95,tarama
d7a7599c-0503-41b1-be13-1a4a07dd1e84,2.01,kapi
d7a7ccdb-9cb8-4d9c-ae14-49c42fc1e1ee,3.01,kapi
d7b682d1-dcc2-4cd4-9e77-1eb61cc7357e,3.84,tarama
d7be94f2-8a03-4632-9146-ba0d32c4cbbe,3.42,kapi
d7c7fe3d-2773-4b0e-a429-5003a7668441,2.42,tarama
d7ca7dff-cb98-4e00-a697-139fa6e3ce0a,2.20,tarama
d7cc77e3-cccf-4997-b6fd-bc3e50186b87,3.51,kapi
d7d20735-5f26-4d56-8edb-feb4ff4ae89a,2.04,tarama
d7db93d8-6fef-42b6-90b5-344b4870f539,1.86,tarama
d7e0d056-6d2d-437b-8c91-343421e5bde3,1.88,tarama
d7e7f00d-42cb-4120-bec6-47d0fece8358,3.67,kapi
d7ebfed3-9a2d-4486-a5de-3b328adac33f,1.92,tarama
d7f79b1c-79b8-4f03-accb-a8b1729baae6,1.95,tarama
d800ad21-9cdd-462e-b0a0-9cb630f9e1da,3.52,tarama
d801f664-8a02-4251-93a3-8b93f7c0d41a,3.77,kapi
d810c608-aefb-4a55-95b0-b89af53e933c,2.65,tarama
d81af79a-bdb5-46b0-8ea5-ac549db03a73,1.85,tarama
d81bef18-4deb-4b7f-941c-e498d098da94,2.00,tarama
d8223a64-618e-49ac-b7f6-6366798720ce,2.30,tarama
d826ade4-424c-4640-b872-956381deaa5d,2.94,tarama
d82769c2-b3f4-4686-82eb-d21eaf1389c4,3.46,kapi
d834000f-ab81-4619-955d-86fc05c899c0,2.47,kapi
d83406c9-e456-48a8-8c8e-1a5de101ce19,4.16,tarama
d8369a05-4286-4677-b673-2d0bd09d3995,3.60,tarama
d83831dc-ea04-4b39-a1dd-9ccb0ccc55e5,3.20,kapi
d83b367a-9038-41af-8020-390b36836975,3.79,tarama
d83b82d6-2de1-4c03-b4ef-bebb66f8b211,1.09,tarama
d84fdb5e-bda6-4482-9760-d854e930a7e3,3.65,kapi
d8548cd7-0030-45f0-937d-934f095f52ff,2.42,tarama
d855bd85-07b1-4219-8772-8754f8b80c71,2.85,tarama
d858e16d-2edf-40ae-836d-effb27e524cd,3.03,tarama
d86336ee-7d60-4c0d-8a4a-9ee7adb6cdfa,2.84,kapi
d865176b-1caa-4bcd-89d2-527c98641c4a,3.75,kapi
d869380e-b501-4a61-b03e-33e6f2024ea4,2.42,tarama
d872062a-09b3-4878-b8d0-f3075f56fb44,3.50,tarama
d87a3e68-0fb1-49f2-8752-acd58e6c9fca,1.37,tarama
d87af288-0073-41e9-aeec-8dc349ee9ef3,2.03,tarama
d8811f98-9af1-4986-b161-659752839581,1.53,tarama
d88b8e16-b49d-455f-8c7b-e6ee33a8c8ca,1.91,tarama
d89afc33-fd08-4eaf-9284-39844b4880a9,2.67,tarama
d89b5b55-af6f-4b65-9db2-8d9089f9a0cc,3.27,tarama
d89f75a6-de48-4ba6-8039-165fdb5e7680,3.11,kapi
d8aa1feb-9ff2-4686-a96f-790972a835f4,2.64,tarama
d8ae537b-3cb2-4a66-93c3-63d98708fbd6,3.09,tarama
d8ae95b5-1d97-4865-b6b5-a5ad8c8031e7,2.23,tarama
d8af93d8-a2a2-4dfa-9aef-918329c05e94,3.67,tarama
d8b64604-d506-4c38-99cb-ac945db3624a,1.68,tarama
d8bdc8c2-a33e-4ad6-9877-df32a3a71bba,2.52,tarama
d8ca61cc-0065-4612-af6d-104241ede57c,3.95,kapi
d8ce0d49-7ba5-44fa-9b0f-384054dca2f9,1.83,tarama
d8d477b1-baf0-47af-bbd3-78233b55edf1,1.60,tarama
d8de3ccb-840c-4079-81d0-5355b800e617,2.17,tarama
d8e1e83e-936f-4961-b9c9-b48cd6a4fda9,3.11,tarama
d8e27465-d4c5-4703-91d8-d0a26723214e,3.57,kapi
d8e3906a-e6e4-4fe4-bef6-70c717d3785d,3.73,tarama
d8ec024a-313a-43d5-aaab-95b56364b4bc,2.74,tarama
d8fdb080-6321-4709-b31f-7459f32854e8,1.66,tarama
d9004bab-e10f-4533-bef8-5a502e30623c,1.69,kapi
d901542a-bb59-4d12-9d06-5b72e493457e,3.27,kapi
d904ac52-af86-4505-8a7b-f3b55848d3c2,2.20,tarama
d906ada8-1fd3-4497-8315-f86dbeae860a,1.89,tarama
d90f2749-d5af-414a-9c41-e2bd35979893,2.96,tarama
d90f818b-77bd-4dcd-b46e-c83d88805248,2.46,tarama
d9171ff4-09a8-41fd-984f-3ba63fcbc4f9,3.10,kapi
d91c7bef-d23f-4600-be03-0936bad8093f,2.33,kapi
d91d3999-7ad6-4331-8388-53a0e1f63227,3.50,tarama
d921bd77-f209-46ab-bed5-ec627d3b7f7e,3.04,kapi
d921f87b-117c-4926-9dc9-c31dba15de29,3.31,tarama
d923b5d9-2845-46c8-89a1-f74392f55595,3.38,kapi
d924eb88-253f-4d53-952c-a6b516f597dd,3.65,tarama
d926502e-4b54-40f9-b705-7a00274d1732,2.18,tarama
d9279d4a-8ae5-401c-a5bc-31c06ac4e05c,3.58,tarama
d9289fc4-3990-4971-bd34-48eb9d008b98,1.25,tarama
d92c309b-55b4-4841-a0db-6d676b968eff,1.93,tarama
d92d60e3-cf19-4bec-a36c-ae233bc094b8,1.62,tarama
d9342cf8-2223-4c77-86fa-84545a4daef8,3.06,kapi
d93856a8-899d-4e02-9624-5c9efe86fd1e,1.65,tarama
d93bf512-7bd4-4005-969d-d47f7bc65dd5,3.20,tarama
d93c7408-061a-411e-b728-a3bb57cd40fb,2.97,tarama
d9412a99-0eb9-4445-8dfb-b161cbf96aef,1.70,tarama
d94f6a63-86b2-4dc2-8fac-1895bb3d0eb7,3.38,tarama
d950a9c8-7ff1-4298-b223-b53201722fc1,1.86,tarama
d9579ca3-24f0-4bd9-a3e1-75312dc9f6dc,2.98,tarama
d95e0a05-cc6c-4556-acaf-37183fc681d7,2.20,tarama
d95fadca-659e-4072-9d5f-5f1d9a5ccefa,3.53,kapi
d966fec8-c60f-40e8-977a-172d8e15961e,2.00,tarama
d96b780d-523e-4754-8310-ba57aa274b32,1.98,tarama
d96da84c-68f2-4f09-8d1f-6fda5ba49a3b,3.25,kapi
d96ef2a6-190b-4e18-ab36-f9070c9dc4ce,2.20,tarama
d96f5f86-ba72-437c-a862-c48c348e6788,2.07,tarama
d97dfb5b-7328-4f09-b75b-325bb23b2172,2.37,tarama
d98051ec-8a87-4f48-84e8-edd8df1e7860,1.87,tarama
d9866a01-8a88-417c-9a70-c7ad5452f85e,3.68,tarama
d986c14f-183f-4a29-a0a5-adf1dfdeffd4,2.61,tarama
d98a826d-01ef-41e8-80a5-0ab268202c6b,3.93,tarama
d993fe7d-6969-4147-b437-2b66851a56be,1.62,tarama
d998e20e-8fd7-4d68-9eb1-f481f918a67d,3.36,tarama
d9a8d53c-3acb-4716-a498-9c30e9239937,3.52,tarama
d9acae4f-fbee-4e7e-af8c-72ce815f57de,2.57,tarama
d9af16e5-75b2-4189-9d6c-32dc1bf6ef47,3.59,kapi
d9b5fd5e-ad40-4b7f-80fc-ed16579b001c,2.33,tarama
d9b831c6-7690-4627-afc8-3d85736e6927,2.59,tarama
d9c2e47a-460b-4abc-86ab-d078e1a0e7bd,3.13,tarama
d9c33b9a-d7ab-4beb-8898-967e5ad792a1,2.00,tarama
d9c5b14e-b6fd-4542-b66c-03288cf60dc4,2.33,kapi
d9e0cde9-d703-4216-84da-c576961a4897,1.79,tarama
d9e3af68-2bff-4cf8-8c38-f1879e697a45,2.40,kapi
d9f38266-d1b6-4d30-89df-af8470fadf97,1.74,tarama
d9f41524-141e-47b8-8724-2388997af263,1.78,kapi
d9f803e6-52cc-4002-ab2a-047db82f011f,3.88,tarama
d9fb0fd0-844e-4dbb-9bcb-06d9dbe4a4ca,3.16,kapi
d9fbe696-07f4-4e9a-90d8-db4ed93a1465,3.20,tarama
da0114c2-85f7-4941-8270-a7750437f67b,1.41,tarama
da0507cd-b938-4950-8e46-65a94b03c566,1.80,tarama
da0869ca-06a0-40f2-86f6-f41170ad1da1,2.54,tarama
da0ff08d-3687-4bcd-b18c-ad71d370fc2c,2.21,tarama
da190bbc-fb38-4bc4-9cf3-ef1fb42057a5,3.07,kapi
da1d6b40-7f15-4762-b94d-bbee3441788d,2.47,tarama
da345d23-f05c-4d67-9532-67fc4900e1e8,1.54,tarama
da439455-8fea-4e4d-b5e0-194197ea82cf,3.04,tarama
da555644-7c6c-4de1-8c51-c0f28dd017eb,3.50,kapi
da5b1ac5-7f4c-4419-b971-7705c1efe861,2.71,tarama
da62b44b-62da-4da6-ad47-4ff4858e977b,2.32,tarama
da672725-b13c-4d2b-8d4d-ddbe7aa41a2c,2.73,tarama
da89a29b-49b5-4561-8ba2-7df7badabe5f,2.98,kapi
da8a8bbb-29f4-41cb-85c3-7b276baf0509,1.81,tarama
da8fbe1e-38f4-4be3-adf3-a12d7270d4c3,3.23,kapi
da94e8be-1690-4399-91b9-1bc1b712ec21,1.61,tarama
da9955ab-5317-4af9-8d8b-2c68a3dadd64,3.86,kapi
da9d7de3-88ba-4137-8173-497ba48f5114,3.09,kapi
da9e2318-4ef9-4ba9-be81-cc75444305b2,2.88,tarama
daa21c53-753d-4511-ac32-27c5f1691090,2.50,kapi
daa29624-fc18-4667-8dba-d3109be0e32d,2.17,tarama
daa537fa-ade9-4c4c-b287-3e660d35c170,1.75,tarama
daac071a-5853-4456-b2f5-21bdacca9542,2.92,kapi
daaf1ac9-088b-4495-be77-999448bc46f9,3.90,tarama
dab51c1e-82a5-434b-91ed-0df8667d7f22,3.59,kapi
dabab20e-b5df-47fc-a55a-ab57d72c811a,2.17,tarama
dac47907-6a75-484c-89be-4cf3f58ac24a,3.18,kapi
dac83a80-0cdc-47c0-af47-cb27b1b95b9d,3.68,kapi
dae0fe0d-0443-4bde-8dcb-e212ec56853d,2.53,tarama
dae75ce5-8c49-4559-8587-2c6da7262705,2.43,tarama
daec580d-657d-43f0-a47d-3ffb76ef0f54,2.51,tarama
daed59c4-3bfb-4d51-b3d9-0d29fe82c04e,2.24,tarama
daf303fa-7784-428d-9bb7-a09ab4f85bd3,3.98,kapi
daf77d1f-2bfa-496e-90e3-f28ccd6db775,3.05,kapi
daffa6c1-6806-4e1a-aeb4-49bf7365647f,4.23,kapi
db01df90-afaa-4524-b187-e378a912c204,2.88,tarama
db0c6246-1ed4-40f9-8adc-b16a0e58c6ff,3.26,tarama
db0d40fc-bf8e-436b-b26f-110f646d4ad9,1.58,tarama
db114472-fb9a-4092-a24f-2bdf3f32157d,2.87,tarama
db135c84-8e80-448b-9cc6-281366d7e422,3.40,tarama
db1519d1-df45-44fb-983c-6062ac5cd04a,3.42,kapi
db158d00-73f2-48b6-85ef-b671ce25d835,2.14,tarama
db1aa813-2921-4f78-84a4-847b63212c73,2.35,kapi
db1df786-e9f2-4cb8-a121-9f6d311174a0,3.83,tarama
db20beb3-6636-4a0f-aa9f-037a9d1f1b77,2.38,tarama
db2293fa-5d15-4495-b7e2-c10642517962,2.61,tarama
db23b7e3-3eab-4143-9e30-71655ee21c5c,2.56,tarama
db24a0cf-37b3-4974-bc55-6afcd4d6f9f5,1.76,tarama
db27fb36-3a9d-4307-895a-57b39d417946,3.39,tarama
db31a9b9-2164-4b56-a421-5bf507371bb7,2.13,tarama
db36ab35-711b-4fbb-af37-0ca810f75d4f,1.90,tarama
db397c5d-88da-42b5-b530-fc82ca0b7153,2.16,kapi
db3bb10e-bea9-4098-a317-134d1b7a6706,2.97,tarama
db4bdd6a-e0fb-4300-91c4-efcbbaa1f8ff,2.59,tarama
db4fffb9-c17f-4e90-b297-747314945edd,2.89,tarama
db52bb88-3226-45e6-9ee7-36a142a7ab18,3.08,kapi
db55a441-dbc1-4c40-889b-a3df144ff3e5,4.09,kapi
db59888e-5cfa-48c9-8864-ce4ce1aea526,2.73,tarama
db5b2077-ad61-4d00-b936-46e2210957ec,3.58,tarama
db64de8b-7e45-4cb6-b9fa-76e591b67b4a,1.80,tarama
db65a652-b34a-45bb-9925-58beb5c0834e,2.22,tarama
db69f6c6-a6d5-4c7b-bfef-484abc372131,2.64,tarama
db6cfcb3-4086-42e3-8890-ece545e14879,3.44,kapi
db76acb3-19ca-4b23-891a-17ec04a9ce71,2.31,tarama
db771bc5-a1ac-46d8-83a9-ba301c0ae64f,3.92,tarama
db783e4f-34fd-4385-96a1-02c06839fdd3,3.02,kapi
db7b2f2a-3234-4d66-8bd8-d0a937a0fade,3.04,kapi
db7bad1e-0f37-4ecc-aa65-1531e61b9018,3.21,tarama
db7c3c4b-524c-4b07-8a1f-99a289d5f05b,2.77,tarama
db7e2a14-50ce-47e5-8a23-b487cc2d9b0b,2.04,tarama
db890c75-b7d8-4137-ad2b-b43b40e23855,3.21,tarama
db8f1aa9-b754-4065-a9fb-12001a811c58,1.71,tarama
dba0a1eb-442e-4400-a97f-3d494cf3a148,2.81,tarama
dbb4fda6-896c-47eb-b295-2dfdc7844daa,2.66,tarama
dbc2258b-387a-486c-bc59-0ce4f553990a,1.34,tarama
dbc2cac6-fb39-46ac-82f5-f679737ca0ce,2.12,tarama
dbc350ac-2002-4d6f-a8f2-cc021d69d4bb,3.05,kapi
dbca87af-5af5-4368-acc9-5fd46c8c5753,1.99,tarama
dbcd1a0c-f9fc-4299-a65f-efa9072c67dc,3.09,kapi
dbd09ed5-c5fd-42ed-a90e-7b842d564afd,3.22,tarama
dbd3460a-d38d-4407-9c91-90ff8eccd578,2.46,tarama
dbd65543-c42c-4933-9e15-f2e2bc87ecd9,1.97,kapi
dbdaa781-006d-4dbc-8b68-6c2247d84347,3.67,tarama
dbdc46a3-1a95-4ff3-9868-1418436001e4,2.63,tarama
dbddf4cf-2515-45d2-bbd0-e6c3f3008484,2.14,tarama
dbe68684-d3b0-475e-9ad2-828255fa935e,2.95,kapi
dbe68950-ef43-4b8c-8186-36e7bdbd4f6f,2.83,tarama
dbf01a1e-d42e-4030-b965-216be4c6e06c,2.63,tarama
dbf5fa3b-f0ac-47fb-8562-d29c3e8594c2,2.16,tarama
dc03e7e2-b801-42b7-ac6f-62e73e69635a,3.67,tarama
dc1bfc08-9840-4f79-8a08-5d1a2961fd73,3.55,tarama
dc21e0bb-b2ec-4498-8b09-2b73d3b07035,1.62,tarama
dc23345a-bdf3-491f-8dbe-327334cb094f,2.80,tarama
dc249c8a-94cf-4b3a-bb3e-2bffe63a862f,2.00,tarama
dc2b5286-5a0b-4bef-a002-948f2f0889ca,3.05,tarama
dc3caabc-0bd0-4f9b-9352-d1f54e9affb0,3.43,kapi
dc46f47d-2686-4a73-84b8-a56608b53fb0,1.93,tarama
dc49870c-eddc-4a4a-a6cc-82b5e8a6dc0b,3.95,tarama
dc4a9ab3-4fef-41f3-9439-7029211b761b,2.88,tarama
dc5723c0-69d4-463a-858d-1376c8f28a00,2.89,tarama
dc598824-66c1-4723-9cc4-e1d97ba22269,2.42,tarama
dc5a4164-92c6-4f95-bd24-674d5ba27cfb,2.85,kapi
dc603f2f-8395-4084-9868-b52573894135,3.36,tarama
dc619111-bb0c-4b7a-b14e-408f954edb0b,1.44,tarama
dc63a8c9-f9f2-4250-b67f-f2e0f5a330f6,2.05,tarama
dc647a19-4e85-46bf-8647-393ef2261b4d,1.39,tarama
dc6d6060-4b58-461f-a49f-d11aad7488a9,3.85,tarama
dc701af4-465c-4deb-982c-01414790f686,3.14,tarama
dc70758d-64c7-4ec4-8b87-40665738681e,1.51,kapi
dc7a3b9d-2803-4a00-a7b6-6bb221d70e9e,2.87,kapi
dc7db5e1-21db-4662-9210-91f09c671b5d,3.00,kapi
dc82c198-9e2c-46cc-91df-94d76b4761f3,2.47,kapi
dc93c944-1281-4d6c-b031-2ed3d7c55e8b,3.25,kapi
dc93dbaf-b925-470f-a553-170a09881f4e,3.37,kapi
dca4ccc1-cc9b-49c7-b912-aa8ed20c7da5,2.19,tarama
dca5460d-27ae-4b44-9740-cb5854e3632b,3.66,tarama
dca5c273-a240-4c9a-8bc2-a8ab6f1de012,1.96,tarama
dcabf87f-95a0-4132-a478-6a4c070172b3,2.56,tarama
dcafd7df-f4e8-414a-bf86-141de5ba2e30,2.71,tarama
dcb0f918-cf4c-4d67-853f-b2550cf98ee6,2.50,tarama
dcb2286e-8b17-4926-a475-6f4249cc88e2,2.36,tarama
dcb472db-b0b1-44b6-9197-7f5f97374438,2.93,tarama
dcb6e6ad-80c0-4149-87c8-ebc39df80d1a,2.33,tarama
dcb7e896-0824-4ac4-a6c9-eb5325a9aaa2,2.67,tarama
dcb82d3d-54b1-489a-9c1f-76bdd244b74e,1.57,tarama
dcb949c5-b8cd-4eea-9e86-ec6a83fc3613,2.65,tarama
dcbb825c-8865-40a4-87e2-b9af9bd54eeb,2.91,tarama
dcc32fdd-2780-492f-9d15-e01fbf9c20ed,2.21,tarama
dcc64354-15f1-4f0e-a09c-f538e9a5aa53,2.14,tarama
dcd0a59b-440b-435f-aff3-37b1675f7310,2.81,tarama
dcd4386e-f942-4afe-a417-a001752ab372,3.01,tarama
dceb42ae-cf3c-41a5-9dbb-97ae62701fd6,2.48,kapi
dcec98cc-60bc-4977-98f0-d06223ec2e5f,1.45,tarama
dcefa44d-b965-4e67-9e30-c871a4ef4b57,3.00,tarama
dcfabd58-81b8-4dfb-b189-3e36572542be,2.66,tarama
dd012fd0-4552-4d5c-8d37-6f7e4cf646b7,3.51,kapi
dd0489a8-9cf0-4fb7-8358-e48133128814,3.24,tarama
dd0c7f1c-8a70-468b-a5ab-5ad6192918ea,3.49,kapi
dd15a6d2-825a-488f-b01c-6d55d5229eff,2.42,tarama
dd1e8db1-6a92-4556-8736-866d78d7f98f,2.20,tarama
dd2147c3-d454-4601-881b-75fa85778931,2.79,tarama
dd2a9945-7c58-4f43-81f1-964b5feb1da7,3.46,tarama
dd3d71ae-f14f-4418-8cdd-be59b547e1d2,2.51,tarama
dd3fe007-fc90-443d-b3e3-87cd4c91bbe3,1.42,tarama
dd4dfff6-28e1-4131-99a4-fdbe96e73519,1.97,tarama
dd50795f-30bc-4e7d-8bd1-6d2ff6b488f8,3.72,kapi
dd52a717-31e8-4042-baba-ca4779ebe5bc,2.25,kapi
dd5826c6-cb7b-43c2-8d5c-b2632747ca1b,2.41,tarama
dd5966c0-e77b-4dfd-8cf6-95e0c8959327,1.07,tarama
dd6fd7f9-2555-46ef-82ba-37b7752faaeb,3.65,tarama
dd81c46b-bac1-4d01-b5be-19f33f3f1897,3.48,kapi
dd82b60c-fc8d-4521-8bb4-3b4e45851f7d,1.94,tarama
dd82d205-9167-4650-b4b2-a87ec87d790c,2.13,tarama
dd85adaa-828a-4ac1-b80f-7a0862b35ad3,3.79,kapi
dd861d43-61df-4509-a7aa-7a22bf78062f,2.69,tarama
dd86b44c-4347-450f-a261-eeb623e9a1a8,3.84,tarama
dd8df452-128b-426e-9b4c-cb8bd129dda0,2.68,tarama
dd94932f-a672-4106-9f4e-98a24b1d4c07,1.88,tarama
dd953682-b9ca-4fbf-bf92-44da0895a895,2.56,tarama
dd974645-bd8a-4c7e-b5d3-c535b4e71c83,3.13,kapi
dd9a4cef-9527-4dad-8603-30b8782b0de9,3.09,kapi
dd9c4170-d341-4def-b8c9-6e7c25d22c84,1.71,tarama
dd9e7748-87d2-4b22-9cac-db0c8c708c05,2.61,tarama
dda871ee-6ea5-43bd-8117-30232a775b00,1.15,tarama
ddb45a65-17c5-4185-82ee-33060608f0bc,3.12,kapi
ddb50b8e-854a-49be-ab38-be96ecb7e346,2.31,tarama
ddba00d4-edd8-4e7e-9f9c-bbd9f771c43c,3.10,kapi
ddc16128-448a-44eb-8b58-9264dbb45460,3.58,kapi
ddc59ff9-0a47-4b9e-8b54-736f755da765,1.59,tarama
ddcea13e-171a-4cc5-8631-cbf2fd44bc40,3.28,tarama
ddd2edd3-11c9-4ee3-bd7d-2a595ae93a01,1.56,kapi
ddd96512-9e08-44d6-8af3-6b36c0dd61ba,3.31,kapi
ddd97e45-feae-4a69-b9a8-56ffaa8ce729,2.67,kapi
dddcb0dd-0a19-4df8-87e6-c4106c14913f,2.99,tarama
dddf2630-cfc3-47d9-b92b-a0f8fb9d7eed,3.38,tarama
dde378c1-e69d-4149-9603-0996b7cd832c,2.48,tarama
dde563ab-1570-4bd1-a41d-d39627e43c0f,1.96,kapi
dde8c469-f365-4b31-b618-66cfac33e3de,2.17,tarama
dde9b85e-6dcd-4f93-a764-621e49d2092a,2.80,tarama
ddea73fd-8f68-4b9e-a11e-b83e52e7da93,3.01,kapi
ddf46ea8-d9d1-43cc-996e-18192caf5ef6,3.14,tarama
de01365f-45e7-44a1-b485-9322e77980aa,3.13,tarama
de06e91a-32e2-434b-864a-a682d5f11d58,2.39,tarama
de0baf05-dae5-47d1-b53c-23a592e670f5,2.04,tarama
de124e78-41a1-43bd-9230-7a6aaec43874,3.22,kapi
de15c4b9-fc26-4910-971a-55530c00d6aa,3.19,tarama
de1ac0eb-651b-4e1b-a51a-2a82f5f232a0,3.61,kapi
de1d7805-3763-4b36-9b4e-9621e88dfeb2,2.97,tarama
de1f9624-ce2e-4dee-91c6-f608ecf6894c,2.97,tarama
de1fd79d-f529-483a-9cd7-b4a15cc7bd78,1.80,tarama
de23551d-a02b-44ac-b019-ed10bc517a28,3.31,kapi
de243d20-6fdf-4a8f-bb9a-dff8e505f74a,3.51,kapi
de286029-ff00-4853-b4db-522a6eda354e,2.13,kapi
de28facf-b5de-43c2-9a3e-ce5a4c74e561,3.45,tarama
de340cb2-7bc3-4164-84a1-a876230808fc,2.79,tarama
de34ff29-9f90-48c2-9ff1-3017144d81b7,3.82,kapi
de38b386-98b0-4fb9-91f9-dc2b8bd2dc14,3.61,tarama
de3be43c-3a26-4002-82f8-00d10d5eb889,3.71,tarama
de3f3f1c-3877-4c75-87e0-e3e2efa2b3e3,1.98,tarama
de3f452f-8728-4fe1-940b-83deca8742ed,2.60,tarama
de3f634e-ea7c-45ec-9aba-56666ea6c8c6,2.08,tarama
de4ae4a9-153b-4d9d-ac62-3ca58370a18f,2.01,tarama
de53970b-51fa-412b-b1fe-7f232c6c8271,1.87,tarama
de544bf9-962c-4652-93f4-4c02618b44a4,2.05,tarama
de572ac0-fd92-46e9-b390-7108584105cb,2.48,tarama
de5d2ad8-d306-4aea-b604-770ad26e613c,3.24,kapi
de5d8c5b-c864-470d-b0e6-84e45f7e1b38,2.65,kapi
de5fb9f7-cb17-4cce-a354-799531fbb9a1,2.88,kapi
de6bd89a-76a3-445e-9356-22f1c48d5670,2.02,tarama
de6cc6ff-fae0-4217-9a29-b0b9e24c4e0c,3.97,tarama
de703fb3-53d4-4ed9-a660-28cd716187a6,3.29,tarama
de7614d3-86f5-450c-b3a3-6e1ee924620f,2.77,tarama
de773dc0-f980-4c9c-9c6b-6de6d5521172,2.91,tarama
de79b703-2afc-4f4e-b0da-c50e99278202,3.93,tarama
de8364d8-c2a7-4059-8319-09108144832c,3.62,kapi
de8cedb3-b383-429a-886a-a00db185a112,2.65,tarama
de9c6540-17c4-4d5e-9938-59d33d188ddd,1.69,tarama
dea6aa19-8616-4a4a-8cc0-62b2d893da3f,2.48,tarama
debccd72-1abd-4d7a-9668-068c60268bb3,2.08,tarama
dec2e85e-7195-4413-a844-b22925866f0b,2.46,kapi
dece5329-31d1-4af1-9f2c-b6103e440aee,2.20,tarama
dedc5361-5ce5-4275-b9e2-3ddf140bb5f8,2.33,kapi
dede72d3-89f3-4e2b-8ddf-c849e8f7f57b,2.78,kapi
dee0cc82-0852-4b04-b109-1040082adec3,2.23,tarama
deed6efe-8e1f-4661-b762-fdd9613bb469,2.98,kapi
def2bebe-40ae-4a37-b9e9-3fc34dcd7f49,2.75,tarama
df0102df-8cdf-4e04-b1f3-482f28583217,2.75,tarama
df202b6f-7655-4719-8257-e4b42ff5d947,3.92,kapi
df2a2fb9-80b4-4158-ae58-3dc4cb163b49,1.87,tarama
df2d0b22-0bbf-4f33-92d7-9b74ab625574,3.54,kapi
df33b7d1-4bd5-41b0-8497-d6f494e80b72,1.54,tarama
df37de05-3b8d-4806-86b8-c132e242c120,1.71,tarama
df3d5408-d32a-48d7-95a3-56c0b487a84b,3.38,tarama
df4606aa-7f7a-4302-bdc2-eb098ee8e4c0,3.49,kapi
df4980e2-d425-42af-bc56-eb702b5b469b,3.36,kapi
df4ff444-e6d1-4fb1-8953-49a1f2a6bde2,3.12,tarama
df530716-5973-486c-a1ca-ec34821135ba,2.36,tarama
df540004-207b-47c4-af92-14db040e7b6c,4.02,tarama
df59503d-98c8-4387-bb94-2a173e8e3ac3,3.24,kapi
df5c433c-c235-4377-a3b3-a5f2f4880890,3.80,tarama
df65d728-2da0-4d82-938f-3d8969a74a62,3.17,tarama
df6a79c2-90dd-4dc3-9e60-9f0ee5cbd52b,4.17,kapi
df73529a-b985-46d3-ab8f-66636c848d36,3.98,tarama
df77a0c4-1716-430b-ad1c-e97365cabb53,1.51,tarama
df7cee34-c8f4-434f-a977-f9acca2f0e60,3.47,kapi
df7e02fd-858f-4d87-9ba2-d99e9e859505,3.53,kapi
df8129b7-a4e8-414f-816a-d986ab5b3d22,2.44,tarama
df8f1017-b2e2-456f-9c95-87984275d729,3.79,tarama
df8f480d-2bc2-4cd3-8d61-9ad0cd8bcc4a,1.39,tarama
df94981c-caef-4fed-9ca3-ba871e86335e,3.59,tarama
dfa0bdee-023c-4f2d-bd90-affa7cb94c69,2.30,tarama
dfa27d13-9a92-4452-92b9-42f800bcef19,2.56,kapi
dfb1fde6-45ba-468e-86f7-f09aa9bc3bfe,2.39,tarama
dfb5a225-65b2-49f9-8bd1-e218df46f6d8,1.89,tarama
dfb6c70a-8a61-46c8-8a09-d67427130a15,3.61,kapi
dfb706b7-41cd-4908-9e5b-53f1b123b478,3.28,tarama
dfb84fb3-a63f-492c-9a1a-dbec2fb9e384,2.38,tarama
dfbb347d-2fa3-44a1-9f49-0562413b2419,3.87,kapi
dfc0ee3a-96d4-4ae1-9feb-5bb27a219156,2.55,tarama
dfc3d5f3-e4d6-476b-bd00-ba81c9ce4542,1.85,tarama
dfd483d4-71e4-48e1-854f-738f71d82ba6,2.14,tarama
dfd49c0f-f5bb-4817-9191-d09e07698923,3.87,tarama
dfd9f96a-4654-40e6-a949-a7b10a050b06,3.60,tarama
dfdd5a40-e280-4d5c-8e7e-0542365da816,2.28,tarama
dfe05b1b-036b-4c89-ba09-52c7248b8546,2.68,tarama
dfe24bd2-7f89-426c-845d-f99bc9f29d75,3.74,tarama
dfe396ce-2863-49db-b3d0-8ca67112dc55,1.96,tarama
dfe5aa67-4598-4820-9f44-f75185c5e01c,1.01,tarama
dff58540-f2a7-469e-a371-4438ea9b9d72,2.05,tarama
e0054d25-ba13-42a2-9d59-704bcbd9d6ba,2.65,tarama
e01133c9-0fd9-49a5-8d6d-9619a01b6bd7,3.20,kapi
e017ad29-57bb-4e7e-ac61-650ed37f970d,2.64,tarama
e01b6ab7-f307-4e01-8c12-0f880bd7c06f,2.07,tarama
e01b8634-63db-455e-90c3-f59ed6b9cee3,3.04,kapi
e02b1001-1f0b-4359-b11e-90942c2fd0b6,3.22,tarama
e0306761-7a64-4353-8cb3-9d23b26a29a5,3.79,kapi
e03c3613-8070-4517-920d-11e10a2ac8c2,4.23,kapi
e03c8dfc-4627-4f78-b55a-9f5babf6cd0b,1.90,tarama
e03d5d56-ab21-4e83-886d-b05d5d8999e5,3.10,tarama
e045daf6-c1a0-49d1-a785-422d3773224d,1.75,kapi
e052a88c-70e1-4ce5-9a06-cc4290905127,3.35,kapi
e056abea-5cab-44c6-ba09-d0cb56332fea,3.51,kapi
e06332e4-0aae-43a6-a096-73755310f2cc,3.04,tarama
e067fbf5-a3bb-46c6-ac0d-395459813ff3,3.53,tarama
e068afa2-af3d-4025-99e5-99fdc8f5d3bc,2.00,tarama
e06a7b1d-a5db-4114-bbf6-38dcb164b2ea,3.33,tarama
e06b64d5-077d-49be-996c-19297b4406fa,2.00,tarama
e06b6e53-d09f-4fcc-a755-06ccc9ef6b0e,2.35,tarama
e070e64b-d777-4399-a3f9-c4a3933df57f,2.32,tarama
e082768b-9060-40b6-b647-6c68f7ca03b0,2.14,tarama
e0883f96-5535-4753-94f3-4be96361dabb,2.63,tarama
e08a2080-67ba-4cba-be45-b839bafe3901,1.93,tarama
e08dca55-7436-4fdb-8b21-3b3d74825d14,2.39,tarama
e092d06e-ca94-4c73-98a9-2993ca1489ab,3.89,kapi
e09be2bf-4350-46ec-9188-8f0959a70cd9,2.94,tarama
e09d8edd-265c-4c3d-bb56-6e99e19ee280,3.72,kapi
e0a25f0f-c69a-4c59-99a7-6db8d927f7c3,1.88,tarama
e0a74a8c-5452-4e6d-b31e-75f5d5bb37ee,1.94,kapi
e0b05664-f62a-45ee-8970-d6ae08c7ee78,2.07,tarama
e0b26851-32e2-481f-ab7c-3985f8a671e2,2.07,tarama
e0b31944-8064-4da9-82b1-dfe8f479de55,1.96,tarama
e0b516b8-6f7c-4aba-91e1-0dcedfacf761,2.25,tarama
e0ddb84d-285c-4126-b507-319bd79d75bc,2.02,tarama
e0f666b2-4661-4112-90f0-69a62a87660d,1.32,tarama
e0fdf5b4-fa11-45e8-8461-b09f3fd0e598,2.63,tarama
e0fe9341-f86d-4cb8-b30e-bbdc237390bb,3.52,tarama
e1052bb4-eff6-4d78-a817-077b8ef464a5,1.52,tarama
e109f323-55e0-4b10-bdda-70b8131b25a4,3.66,kapi
e10a2e69-fbef-412c-baf6-e59c81ff4c0e,1.62,tarama
e10cf337-7e35-4689-a997-7af8c558f395,2.52,tarama
e11a37b6-f1c7-49e2-99bd-62fef626b0cd,2.92,tarama
e128d22a-9083-43c2-8fd4-6c5600b2e40c,2.68,tarama
e1339774-6b70-49ca-bcc2-1964378e2410,2.11,tarama
e15644f2-3d33-428a-bf88-a142694d3261,3.16,kapi
e15c25f2-abad-4dbc-892b-0c879ffec1a8,2.56,tarama
e164c9c3-f4b8-4110-8a11-2d26068b46ca,2.78,tarama
e168f2f4-3f65-42f6-9570-99562892b234,1.79,tarama
e1727f84-ef78-4227-9a7c-7f08d36926b6,3.52,kapi
e17e3c38-4e72-4ba2-b191-ca3b4bf0bc93,1.90,tarama
e1823780-4e1a-415a-84d3-b40d954c75a2,3.17,tarama
e1875e4d-668b-4f5d-ab1b-f5c35beb81aa,2.53,tarama
e19f119c-3a97-4267-8ab7-cb79386f7d41,2.73,tarama
e19f5c81-ef0e-4162-a345-763da1eebb04,3.48,kapi
e1a84ac5-87bf-40cd-ac54-3d73d06a37a5,3.05,tarama
e1a9abeb-6a7b-4ad7-be02-535d83280010,2.39,tarama
e1adb537-c557-4af8-84bb-77b2f464d57c,2.03,kapi
e1b4dfca-e7de-4bbd-9d6d-cb42e9bbdf05,3.30,tarama
e1b676b3-a143-4375-949f-7af7b99153e7,2.71,tarama
e1bc80dd-65dd-43e5-b2d6-6ba71b2b9aae,2.69,tarama
e1d4edc6-9c31-4b3f-bab0-3d7075d33c6a,3.75,tarama
e1dd7fcc-0fa0-4af9-aae8-234767feed3d,3.95,kapi
e1e6f421-90b2-4537-ac2c-b9e64664d271,3.36,kapi
e1e9911f-7a8c-45b9-8275-11b65a9a77c1,2.26,tarama
e1f0ff0d-d241-43a3-9600-ef27342b428c,2.27,tarama
e1f3f4bd-85b6-44f0-9fef-3ccb565ac4b7,2.13,tarama
e1f9450f-3dc7-4073-9c6f-1413eb9eb8f1,3.33,kapi
e1fc9780-5620-4671-8502-55047f508740,3.35,kapi
e2048721-f70b-4032-aa9f-91f582fca6a2,2.16,tarama
e20ae3cd-7587-4d77-b78b-ac510764d104,3.39,tarama
e2130fb3-6654-4431-a058-367b601b7fa0,3.24,tarama
e21364a1-99dd-4a50-a764-7e30c9b86078,2.03,tarama
e21e6c01-77af-4dfd-a4bb-92c5072fb816,3.11,kapi
e223af95-3ae0-49ee-ab21-4f13dbde2cda,3.80,kapi
e226a777-83d0-492b-9f58-120c80971678,2.21,tarama
e22a25ff-2ff9-446f-b799-c7a653a199c5,1.70,kapi
e22c7d6f-2b81-4b87-ac63-1d675092f46a,2.60,kapi
e22ed5aa-eef5-40ab-b3a7-bfc2b7601913,2.00,tarama
e2349aa7-423f-4673-b459-a01cf0003542,1.68,tarama
e23cd49e-c9b1-4721-b3cc-8efa6f7ebfa4,3.83,tarama
e2466467-6d6b-405c-997a-89aacbd74817,2.20,tarama
e24daffa-965d-4daa-9acc-83cd40c4d411,1.41,tarama
e25bc6ce-c56d-46ef-9fab-d2cf29957d40,2.16,tarama
e268132b-f5d7-4de9-84ad-17cdb9a6d6df,3.67,tarama
e26df291-5320-4800-a4e3-a9de890d4bd4,3.79,tarama
e27183a0-aa52-459e-91a8-23ba54094ccd,1.62,tarama
e277b968-af01-4a0b-b4d0-845619723839,1.98,tarama
e2837589-7317-4718-a61c-014cfb003959,3.78,tarama
e2897efd-d19a-478b-86de-a6f46b8bf325,1.86,tarama
e28f3db6-21e2-4a4a-8913-1e89f88512e2,3.24,kapi
e292d5d3-dd18-40a1-9890-eda5aa98eb65,2.51,tarama
e293113f-e907-4674-8031-5d31068240c6,2.13,kapi
e2933aa4-9d30-4700-8407-a33c9cac271e,1.70,tarama
e296d402-db0b-4e28-979d-04622eb1b1e2,2.00,tarama
e29895cf-b52c-47dd-b2f0-f798ed3ab8bd,3.78,kapi
e2a1d05e-2152-4bae-8dbd-7a09578c2b66,4.20,tarama
e2a7763b-4eab-4bfc-a27a-5df2b24128c6,3.40,kapi
e2a87508-b37b-4d62-8b79-cde7268042b2,4.15,tarama
e2ae5a52-08b0-4f61-8acf-99fe4c6258e5,2.33,kapi
e2b04504-f36e-48f7-a309-45e980623ff0,2.39,tarama
e2b536af-71d1-4a0f-9a86-89914814c7bf,2.21,tarama
e2c6ac99-210a-483b-bb4f-3e5c0f08dae1,2.56,tarama
e2c8ac3d-df28-4851-8a87-adcc0d919bb2,2.63,kapi
e2ca3964-4b7d-4f10-9611-3e0dfba35610,3.55,tarama
e2e303e0-916a-4e04-94fe-26c4f435c561,2.39,tarama
e2e62b60-ade5-40fa-9ea1-7bbcecf22144,1.97,tarama
e2ea396f-208b-4d55-a16d-8bf8efdbd300,1.99,tarama
e2f73848-8992-4cf6-8dc2-2b3704554b07,1.86,tarama
e2fdfe7b-bbed-4e95-b583-ec240586139a,2.20,kapi
e30f7a5a-28ed-4fba-8273-7163f6d64695,3.38,tarama
e31a0d42-45e2-4cfc-bed1-29d6d0c0d7cd,2.40,tarama
e31a70dc-33e6-4690-bcb8-e1288e7e7506,2.35,tarama
e31c6490-2a38-44d7-a7e1-e20cc67bc968,2.89,tarama
e31da318-aa11-479d-9a9c-eed0b2f789b3,3.06,tarama
e3251a22-b3f4-4477-95ad-4fe3a3599866,3.18,tarama
e3251d59-3c7a-4e97-aeb5-376dd8f92ead,2.11,tarama
e343897a-17ea-4e37-a4d8-4361a45bf5de,3.12,tarama
e34b5131-1f84-4a3b-84d6-a9aee376f58f,3.12,tarama
e34b535a-ae76-470a-a7e9-66095a1d4d71,3.73,kapi
e34b5f31-50ef-4cca-8f16-13c30ed7ac88,2.34,kapi
e35085ef-ebf3-450a-a860-df079ea3a42f,3.41,kapi
e3538b4e-3a51-4562-bb43-05568952eec5,2.71,kapi
e355da44-8056-47a2-9b4a-42b13cfa3bd2,3.63,tarama
e35a5d54-b747-4974-b577-0ebda91da2fc,2.52,tarama
e376ee8d-4221-45bf-8546-668e1c76f59f,2.12,tarama
e377c9f3-e232-4532-a447-2ef5019e96cf,1.84,tarama
e37923e6-1bc5-409d-bcbc-d868b9dfb23a,2.07,tarama
e3869791-3002-402a-a854-375ad4521c93,3.57,kapi
e388d9b1-dadc-4501-8626-ba091b347ca6,3.45,tarama
e391b808-65a0-43ad-a2e3-86ae547dd62f,3.59,kapi
e3a1ef3f-1b1a-4149-8c2e-a35443952535,3.12,tarama
e3b2a575-da67-4312-85e5-667172d8f7c6,3.66,tarama
e3b2f664-d857-470c-a8a5-9677a42deea7,2.22,tarama
e3b756f4-fdd8-46ad-8c2e-6460af700ef2,1.94,tarama
e3c9350e-c9de-48f3-a206-7687b4ace185,3.04,tarama
e3d1b397-ae4f-4af7-89fd-da7a095df4ba,3.25,kapi
e3d1cf90-ee2d-49fe-8309-febe189f0e2e,2.08,tarama
e3e4cb86-c375-44ef-b282-2a61c19c019f,2.64,tarama
e3f747d5-d369-4a0c-82ff-77383767b386,3.72,tarama
e3fb2c38-5e13-4a54-afc8-53b9b88e52bb,3.97,tarama
e4103c4a-1e85-42e1-8aaa-ae548f404638,3.91,kapi
e416d7b6-38d0-40d0-bb63-6bbeade7d503,3.26,tarama
e41d4307-1edc-4f7b-8c17-71d26dea3d9d,2.84,tarama
e41f5d0c-7c0d-40ca-8071-e34310ea3c3c,3.68,kapi
e422ddd3-256e-4d20-897e-5fbc3b5a57ba,2.44,tarama
e42bb69a-4fff-4885-b648-c3ebdedfb225,2.89,kapi
e42f3355-e2df-472d-9a00-0c54f19dc40f,1.36,tarama
e437da1c-9e8b-41a4-9481-798f93624e5a,2.88,tarama
e43c76d6-6f73-4d30-abee-40ecafd4580d,3.90,tarama
e440c9af-b28f-4d8d-addf-2c9de1406885,1.84,tarama
e4432266-fac0-4aa6-ae08-7abb4c40619c,3.42,tarama
e44bd695-3a76-4c55-9c37-b40d462a4287,2.96,kapi
e451f888-a16a-4c4d-b1aa-4719eeac54ba,2.14,tarama
e453bdee-eb80-4bcb-9bf0-fc91fd25e1c6,3.50,tarama
e459cf7e-c0d6-440b-92d3-bd9245b8ed2d,1.71,tarama
e45a7b7d-f793-4577-967f-b112fb71154e,2.60,tarama
e462f9ad-0f16-497a-a1a5-229ef94ec461,2.73,tarama
e466aee1-9da4-4aaf-885a-d2b1c26ed6b7,3.19,tarama
e46f17e7-7d13-43ad-88a3-1455445f05f5,3.34,kapi
e471a907-b360-4450-8995-d535a07bd7fb,2.89,tarama
e479b886-c50c-47bd-9b24-ed5a07f159a0,2.36,tarama
e4801f25-8463-4e4d-b975-c76ae169917a,2.07,tarama
e48df4c2-ae29-4468-8a51-66a585556002,2.33,tarama
e49052e3-10e5-4094-a8d3-e1289f34058f,3.08,tarama
e492ba83-14b0-4418-bdd3-d6307497a54f,1.98,tarama
e49a58c0-ccaf-4500-ba6f-9aad6e7b4a21,3.78,tarama
e49fd01c-67b6-426d-a586-e6f5f95944a1,2.62,tarama
e49fd82f-0258-47fa-8a82-15ab7ee03b66,2.65,tarama
e4a6417c-ae72-4289-911f-cba8cca22120,2.32,tarama
e4b4211d-515f-4a48-98eb-bbc8d3bbc62f,1.74,tarama
e4b79a89-7ef4-433d-b3f2-bc9db9d4b503,3.32,tarama
e4bf001e-9781-49c6-b5bc-c6a1942072d2,2.27,tarama
e4bf7209-305b-4463-8525-a0d0e0ca45b6,3.30,tarama
e4cf16df-b76d-43cf-909d-aa1e6ef57ca3,3.53,tarama
e4d00c20-e0e9-41f6-810d-09eff228d99c,3.46,tarama
e4d04262-8db7-4e15-960b-1acadf6a8387,2.90,tarama
e4d3786e-e40f-4f2a-bd51-900bb06258cf,2.90,kapi
e4e383dd-8f39-4a98-bc95-c26f353cada6,2.04,tarama
e4e528a2-72c1-403a-8468-9b694935cdea,2.13,tarama
e4e98168-4394-4ebb-a6bc-39c54a3e90a1,1.58,tarama
e4eafabf-0505-439b-b985-ac0bbdf731e9,3.99,kapi
e4ef6b10-613e-485d-b588-6f51f752c915,3.37,tarama
e4f0e421-2f04-48af-a12a-275904776ee3,2.68,kapi
e4f57555-b161-4adc-b53f-02a6199367c9,1.48,kapi
e4f7237b-d999-4c18-93d8-f7e4d442477c,2.61,tarama
e50030f0-6a6f-454f-902a-470a19a4f285,1.83,tarama
e501c06a-15e3-4b49-8cf6-79a9b3896f29,1.91,tarama
e508540c-7b4b-4166-947c-e5c4ad68205a,2.07,tarama
e50a02ed-4c80-41c1-b538-252e95c6210d,2.94,tarama
e50d6b4c-120d-4929-af0e-93aca38609b5,3.84,tarama
e50ecb9b-4887-4a14-9f14-f9b9907e43db,2.84,tarama
e5187266-b276-435e-be4d-5c3b7223d760,2.87,tarama
e5205974-591f-4bdb-9d71-96d8a9b60429,1.39,tarama
e5271a20-187c-4472-8ee5-f667b46be0c8,4.01,tarama
e533ff44-390b-4b8e-8189-7df6b0c6f1fc,3.54,kapi
e53a53a5-4661-46b9-9dcd-8e43fc9b4209,1.71,tarama
e53b14e2-cf81-498d-afe5-ab4e2ab18ea3,1.99,tarama
e542a1fd-2fbe-4602-b44b-a2a5cc3f30a4,1.63,tarama
e544c717-bfb2-45d9-8675-305ebc91cfab,2.85,kapi
e54b9ec0-f58b-49e3-843b-9b092de4ab6c,3.78,tarama
e54bc3b3-1937-4e11-9e26-90a973c58169,2.14,kapi
e560d297-1ae9-49c8-a440-100c6e344096,2.22,tarama
e569f676-2005-4c51-a1e8-2d40d989a99a,2.09,tarama
e56bd513-5cd3-4392-a673-9dffafaf4ea8,2.02,tarama
e5701045-059a-471c-8989-5242a1542975,2.07,tarama
e5719b25-5072-4f32-b25f-67f6c3098816,3.46,kapi
e586580d-7650-47fc-8238-aa94597f9079,2.82,tarama
e58c6dd8-8383-4f0d-b284-f4820f5ad80b,2.33,tarama
e58d561b-28d5-4103-bae2-0fdbbbe4f1a2,3.56,kapi
e5968e20-4287-4c60-b67f-53bd4145bc7a,3.44,kapi
e5993f6c-2b44-49e5-9d1e-fd263af81c2d,2.63,tarama
e59a1309-1697-4f83-8554-7d60e4642de2,1.34,tarama
e5a4a3b4-8ceb-4b4c-b054-c04b3e982568,1.67,tarama
e5b42555-cac9-47e8-b244-d6b4c4ee4146,2.26,tarama
e5b6159e-14f0-4816-8c5c-0bfb27aa3d79,3.07,kapi
e5ba202d-c1c6-4a1f-a967-0d373130a778,4.15,tarama
e5bdd987-206e-45da-9669-ea845ce3e61b,1.66,tarama
e5c4fe0f-88d0-4072-8697-d1d313b0294c,2.93,tarama
e5d84fbd-9469-45bc-8b4b-c24d17363de6,2.97,kapi
e5db39f8-48f5-4d13-9e71-8318a36a61f4,1.96,tarama
e5e3f3bb-9059-4d59-9bfc-05dcbf49dd74,3.06,tarama
e5f204b3-737b-4809-a321-04238575f173,2.45,kapi
e5f2a2ab-9045-4d2f-893e-a8f0971ef0ad,3.39,kapi
e5f35a2a-7ca0-472e-a154-572f7f3b538a,2.48,tarama
e5f3ef0b-7279-4076-9b92-65a25b588e01,2.90,tarama
e5f64d4a-5fad-4e7e-8037-29e7ac32fb40,2.70,kapi
e5fe5f1a-8a8d-4e2a-a11b-8b9863fc68c1,2.37,kapi
e600492c-2639-489d-8008-5de80135a620,2.00,tarama
e60b8cca-36ec-4cf2-b952-9cfddbce41ba,2.96,kapi
e60dac83-9ef6-495c-b0fc-3e08aec35409,3.20,kapi
e620d3ec-9114-448d-aeb5-bf7cafd8b160,3.78,kapi
e6247f8f-6a07-4a7e-b786-caa50c665559,2.45,tarama
e62504e6-537c-45c1-8f32-ae003e9b8d8f,3.33,tarama
e6262925-acc2-4544-9a34-2e0d2c6d8ca2,2.83,kapi
e6286082-df28-48df-b522-415147897224,3.29,tarama
e62a7662-1f16-43fd-ad21-8bfa5c4ee1a3,3.69,kapi
e62f0c00-2188-47a0-ba43-8b687d9f84d3,2.03,tarama
e6347697-b344-4eee-a640-d0218c3de167,3.04,kapi
e635e409-c763-49b7-87d0-0551b2f09334,2.94,kapi
e6429eaa-4e84-4b39-8174-52eb437b6c63,3.46,tarama
e646ea1b-6f3b-4442-807c-3bb23cf78c27,1.69,tarama
e647fc12-e41e-46b6-86a0-2dee005ad07a,3.00,tarama
e6516d83-b689-4403-af3e-7a03dabde464,1.92,tarama
e6523e32-c9ca-46d6-98cb-f15c6ec22f84,3.56,kapi
e659e900-179d-45e2-b0b7-01cec8405590,2.77,tarama
e65b0ef2-6abc-4460-81ee-b12461d68c6f,3.68,tarama
e65d4b03-e4aa-44d5-a08b-089af18a49ec,3.20,tarama
e6687036-3529-4e21-8451-a7a8dac17628,2.82,kapi
e66e6734-52b5-4163-af51-c45c10269425,3.87,kapi
e6728857-39ba-47da-81a4-719de8694db1,3.46,kapi
e675a2f2-a793-45b9-8b7e-ffbcd6bfd450,2.41,tarama
e6768984-5c79-4f57-a071-97606784e638,2.03,tarama
e67e597d-17a0-4db5-be03-be6583cc572a,2.60,tarama
e67ec919-c446-4651-a6f7-b1dc6e02470a,3.35,kapi
e6852680-9d28-4e9f-808d-a7245be891b2,3.42,kapi
e6862c40-21ee-4f4d-8900-d26ddb167860,3.24,tarama
e69b0229-815d-4026-a6e3-8de62a84e223,1.79,tarama
e6a1e522-9c93-4f7f-97b0-512a98240250,2.14,tarama
e6a25758-dfcd-477f-b5a5-2b204bc667c1,2.85,tarama
e6a3891c-7dfd-468e-a053-3ade85aa61ea,4.05,kapi
e6abf677-ef55-4ae0-a1cc-a715f71dea4b,2.76,tarama
e6b79542-afa0-4651-bf90-a49899e8411a,3.78,tarama
e6ba6225-845d-4913-859b-33fb9b6c64ad,1.95,tarama
e6c3c893-046a-49ed-9b76-a95c1774242e,2.19,tarama
e6d0de01-b55a-4fd8-8025-4b099d59131d,3.55,tarama
e6d9a90e-7b5e-42ab-a18c-c0b3ba109330,3.48,kapi
e6dcf1ed-d86f-473c-b917-83828c49c6f3,2.82,tarama
e6dcf3b9-66af-45e8-8d26-6002f0029e71,1.79,tarama
e6e372b0-e1d1-4d7d-bb45-2234c92bc80d,2.01,tarama
e6e8f832-3efb-4c12-8645-e6ad330bd32d,3.93,kapi
e6ea7e76-0412-48f6-a21f-d510599d4074,3.30,tarama
e6f98d1d-da68-42e6-b367-964918f7e014,2.91,tarama
e6fc4d26-5d32-413f-9613-685a344809be,3.04,tarama
e6fd7cbb-4a6a-49f5-802e-6959f33b5b92,3.81,tarama
e701b194-73d8-4482-bfb5-55bb31dc8c9f,2.94,tarama
e7084d47-3827-4a93-bbe4-131011e4d0b2,2.51,tarama
e7090830-216f-4f37-81d8-665293015d83,4.28,kapi
e70dc273-197a-4161-b98a-4f77d4282bd6,2.37,kapi
e7138e23-3bc2-46b1-a846-10cb016c58fa,3.68,kapi
e718030e-b52a-44fe-bf4e-3e92627dc851,3.42,tarama
e72d02d3-5698-48da-b156-1798071310ba,4.11,kapi
e732bfc6-4073-4261-8ec9-e15467bdc8a2,1.88,tarama
e73749f9-8374-4730-bdc4-ccff22fb5f75,2.10,tarama
e73ab383-d953-4f73-864b-0f63857cace9,3.87,kapi
e7458b17-b284-4640-a50c-4556115a47e9,4.26,tarama
e7498198-1b8d-48d1-bb38-d9f884dbe5b8,2.27,kapi
e75c4e29-ebaf-4616-95ea-29bc62a6f425,1.80,tarama
e76288d5-e734-40a9-b6e7-1e33a3cfe36a,2.89,kapi
e7629495-12c7-4591-adbf-e24c2a6e4fd0,2.57,tarama
e7673b40-8d0e-48b2-b2d2-11495ec959e2,3.59,tarama
e7683eb1-f533-4797-9291-1f08fcca4b94,2.52,tarama
e7687068-bb67-491e-b768-b5a735c53631,2.58,kapi
e77323b0-cf4e-44f5-aa4d-0ef90fc97b9d,2.00,tarama
e7850136-469d-4c85-a5f5-af3290238997,2.39,tarama
e785c50f-42b3-4c97-ac7a-098ded56a2a8,2.33,tarama
e78eb0f8-8d46-40ea-ae28-6d48b4e7f11c,3.65,tarama
e7967f9c-f256-41df-876f-d22bd5c2c9a8,2.86,tarama
e7970a93-9b10-4951-8eb8-f50123003209,2.33,tarama
e79a6196-90f5-408c-a790-c8ed5184ae15,2.10,tarama
e7a2a197-0224-4c57-a1d7-e34ae68a1b0e,2.23,tarama
e7a2a9d1-5da5-4f64-b4b7-5fccdabf55f8,3.42,kapi
e7a52957-4119-43c0-9fef-a3d45bb1634b,3.78,kapi
e7b0f2cc-8d06-44ba-b5b0-debe12db08bb,3.54,tarama
e7b77258-1bc2-4135-ba62-602d239806af,3.20,tarama
e7be97a6-906a-4a8f-9491-eea0644acbe5,2.90,tarama
e7c71337-b3f7-435c-825f-ddff01835627,1.74,tarama
e7ca49d0-115d-4c50-90d4-4c5e784395ac,1.14,tarama
e7ca5bef-2f10-472c-b6e4-c00ff6e749ea,2.08,tarama
e7cde77c-685b-4b52-b475-03a4a127c612,1.95,tarama
e7d9c0b9-c7dc-4aef-aff5-d23424e9388d,2.08,tarama
e7e4ce4a-e1da-4db1-b6a0-14d8b67aff2e,2.77,tarama
e7f8559b-03e6-438a-b1cb-595b09cbb858,2.92,tarama
e80838d3-7f21-4fa7-a9e0-bc4d56009e70,3.03,tarama
e80c1dcd-f8b6-40ed-a28d-99af5beb603e,2.28,tarama
e80d691e-5cff-4286-8b14-0cf71944fca2,2.13,tarama
e814a9b4-c2db-4aa2-961b-b0cf226d61c0,1.18,tarama
e81826e5-1389-46a7-bc4f-7134c8fa233b,2.42,tarama
e82613cb-224c-4fac-b8be-cb70592fbdbc,1.70,tarama
e827ff67-881f-4933-8825-e69ae6bc3d4a,2.83,tarama
e8289fc0-b178-4943-84d0-abfd759050f3,3.21,kapi
e8299043-3ce9-4dbb-b8cf-4d5579496a1e,3.25,tarama
e8392b75-2235-4d96-b995-639b57b2628e,3.30,kapi
e83ea4e4-5f16-44a0-bc17-dfd0ea570ce3,2.53,tarama
e84c6d8c-d6f7-4042-9eda-78fa3ccc0354,1.40,tarama
e85ad486-2ccc-4de7-a5e4-b66f0afa1f42,2.54,tarama
e85dbcaf-46d8-4000-b547-55356d7eea83,2.84,tarama
e8603b70-09f2-451d-a2c6-4a78e125bed2,2.90,kapi
e86211e9-c099-45b7-a6d3-f7f54eb8c6e1,2.13,tarama
e86c5a9e-ad51-45a4-8ef1-f6b4dfac65b0,1.76,tarama
e87eb0db-b88a-4611-aabc-c55aefc98471,2.25,tarama
e886e369-c4a7-4a0d-8bc5-73cd2da049cb,2.28,tarama
e888bb1b-db18-42e3-a799-60eb27a374ca,1.32,tarama
e889d59a-9bce-41b4-965d-3f9b08076b93,1.27,tarama
e891817e-7340-4e79-8d18-6118cacf31bd,2.94,kapi
e895fc58-42eb-4db5-bf93-9be4b00e0182,1.81,kapi
e8994a91-a4f2-4e3d-9725-79395dd5510c,3.16,kapi
e89fbda2-bd59-48f5-8cd9-da0edcbcefe9,3.05,kapi
e8a4b25a-a8a3-4153-9ee4-3d2b2ae5c56d,2.38,tarama
e8a6bb59-5436-4881-ac5c-3a2b450699cd,3.45,kapi
e8aa8574-9852-4047-82f8-8be208774aa4,2.91,tarama
e8af5d2b-20ac-4b56-815f-696fc4fb8cca,1.99,tarama
e8b6a5b9-3c79-48bc-8dbf-afb26ac473bd,1.83,tarama
e8b7b8cb-eaf2-462f-a39d-af709c591700,1.74,tarama
e8bc3371-7d13-488a-a782-20b5c8b8fc7d,3.81,kapi
e8c677e5-fcf9-414e-8359-c02530b47143,1.86,tarama
e8ceff2f-2022-4c08-80a4-b573f83e3f5b,1.82,tarama
e8d192f9-a56d-45e4-86fb-cb17859f0556,2.10,tarama
e8d8ae08-6e55-406c-8271-7da89213cc88,3.61,tarama
e8dd386c-4d4b-49f8-96a4-8e1f5b540afc,3.08,tarama
e8e2b07a-30b2-44e7-89d9-99cf29399600,3.22,kapi
e8e457d7-fdf1-4feb-9f4b-e8fafe022f90,3.70,kapi
e8ebda5c-303e-44e2-a93e-2b998699cf69,2.63,tarama
e8edd6ef-a08e-48d4-bfaf-1c0a3fc12057,2.91,kapi
e8f0218e-9e91-46a9-ab68-429a668f6e9d,2.22,tarama
e8f4bfb0-34f4-47d8-a62b-fa96dd44763c,3.41,kapi
e8f81573-59c9-4e74-af71-b8fe4bffce70,2.42,tarama
e8fcc1ff-9bf0-4d13-8946-951159f41963,2.02,tarama
e8fe218e-b015-4fe3-a9f4-6772ae6dfb66,1.65,tarama
e902f681-eb47-4dd7-9c7d-11f877b30501,2.48,tarama
e906ef3f-2ee2-4172-ac47-1edb41689655,3.93,tarama
e90fa9f6-3993-4a20-91c3-836958f59704,2.04,tarama
e9166c98-400e-48c2-a800-3d4dfbf195f4,1.71,tarama
e91c5961-9721-4361-a6d7-8d79bc3fcb74,2.82,kapi
e91cbcf5-0b52-4c63-a72c-efee3ec6b74c,3.80,tarama
e91d3e8d-8185-4a0a-bc21-12dbccf92aba,2.16,tarama
e91e1a31-1d35-4496-9f5c-d0661d967320,3.44,kapi
e92cb062-d7ef-41fb-bb9c-690654eb7e3c,3.45,kapi
e93138fd-8d10-4c44-92b3-f55c09383d00,1.77,tarama
e9386516-fae8-448c-a176-7dfee94f8b88,2.50,kapi
e942a71f-b5da-4e53-b558-59649615f3fe,1.51,tarama
e944161c-1c1f-4b38-9834-62bfe03dbfff,3.71,tarama
e9475e36-c74c-42ab-9c86-72212cabcfd7,1.56,tarama
e9645b67-7032-4e0e-ae9e-79bf36d37889,3.75,kapi
e97012f6-ac78-4769-a3cc-ee0cdf696cf3,3.09,kapi
e9719fcd-fbc7-46f8-a55e-2e37f5d29f72,2.70,tarama
e978d3db-139f-40e3-8107-03acd613ad4d,2.93,kapi
e97fa9a8-5574-469c-8d08-b2dec3188d7d,1.86,kapi
e981e627-e9a2-48fd-990e-3f07ca61f2c9,2.80,tarama
e98de9dc-5ed2-45e4-b7cc-59d745c66bc9,2.72,tarama
e9926bb1-8a57-46a6-99e1-4a1eeb5dd643,1.75,tarama
e99690bd-b408-48f7-bc81-392412c80649,3.29,kapi
e9a5f7fb-bedd-4c8c-bcb3-af1059d92174,3.07,kapi
e9a7f16f-fe6d-4d7b-b579-db68ae6f8ec4,3.82,kapi
e9bf1b43-e552-4680-836d-c1202e04421b,2.10,tarama
e9d7c432-4f44-4566-8248-57e0fb50c8e6,3.02,kapi
e9e27011-59c3-4d82-9e20-25177a8770eb,3.04,tarama
e9e6763f-bd4a-4d79-a77a-5309f3d1cc0c,2.20,kapi
e9e6dc44-05e8-4b3b-8f21-5ef0e3d141b5,2.09,tarama
e9e8390f-7456-428b-ab2f-a55ee87083a9,2.53,kapi
e9ed5fde-deba-4b25-bde5-d8aa4c22ae80,2.73,tarama
e9fd5ae3-a416-49aa-bb4d-95d05d2873a0,2.00,tarama
e9fddbc2-d18d-4264-9ee9-6f6d99165578,1.70,tarama
ea04ae5b-58da-42e1-ae25-4880bb55229e,3.48,tarama
ea06c761-d28a-4087-afe1-4f574582d9c8,3.57,kapi
ea0ac05e-dbf7-4cf2-b4ac-ddaa1c1ec393,2.29,tarama
ea1d6414-f504-4158-a317-054c5c3c1dd0,2.91,kapi
ea2132ac-ebde-4dd4-9b95-349eae58ef0a,3.09,tarama
ea2143bd-9cb9-4d7b-9774-b1a480d7503b,3.21,kapi
ea296c44-9bd6-4c1d-a2ee-24b8781381c8,3.30,tarama
ea325474-ec4f-4fdb-bfdd-7774c871f1b8,3.19,tarama
ea3cba38-26a8-4b69-928d-5bcf1fdd9331,2.09,tarama
ea3ffb61-19fb-431e-b236-ddcb33ef63bd,2.69,kapi
ea427349-ed57-4232-b3ad-dcc4f6f63efb,2.01,kapi
ea556b07-a6c5-46cf-90ab-4b1772d57dd9,1.67,tarama
ea60d07a-1a6d-46d4-a02b-2a28d6a3f53a,3.14,kapi
ea65cb8b-6219-4d93-a486-8f2014960543,2.08,tarama
ea7d9bbc-0c4b-47db-b87e-dac26d66f349,2.79,tarama
ea8e9ae9-b4c9-40c9-8865-dad35597a275,2.44,tarama
ea93e753-384b-4707-af26-c1eeaf5c6ad0,2.72,tarama
ea946619-bcab-465d-af5c-c4e92df53812,2.05,tarama
ea9eb0ae-8acc-4b98-b62f-c0d668dafb08,3.16,tarama
eaa082c1-2388-4d45-9a1d-0583882e011e,2.33,tarama
eaa64d7e-d19b-4b84-8552-95118af3618a,1.84,tarama
eaaf8713-07ba-4c51-a173-99465ce8bed1,2.54,tarama
eac5f06b-b382-4186-ab06-58d77ddf48a4,3.11,tarama
ead2ce39-a123-476d-b2ba-1ca3e95ea2b1,1.04,tarama
eae18df3-1805-4291-be80-171fad830d63,3.02,tarama
eae21aed-68e6-4062-900f-0c21696ef4a6,1.86,kapi
eae796a8-f2bc-48b0-99f3-5856226045e3,1.93,tarama
eae8414d-f646-474a-bcc4-60ae00abb7f9,3.29,tarama
eaf75b12-f018-42fe-aa8a-498b3ae19949,2.83,tarama
eafb1a67-0b5e-45f6-b5e6-de1fef5671b0,3.76,kapi
eafc048b-a1c6-45cc-98d9-81141e68eb44,1.90,tarama
eafc5da1-1ac3-49e6-a52b-102088fd516e,2.99,kapi
eb009930-845d-451a-bb00-792c1c81be0b,2.58,kapi
eb07fe1a-026a-4ff4-807f-3d6e358ce7ef,3.38,tarama
eb0ed58c-1363-4a37-9e89-80be1f8eb028,1.99,tarama
eb1ca29f-9a62-4cce-b374-3d9aef69dfa9,3.18,kapi
eb2836db-8315-42f7-92c3-7c4cf775839a,2.26,tarama
eb28f556-f033-4e95-939d-59d0a3b8ffc8,3.35,kapi
eb293ba9-636c-43dd-a24d-5118963f35ef,1.71,tarama
eb2d1744-8d29-41e2-8d53-fac18b0111df,3.08,tarama
eb2f55b1-1779-411c-b89d-80a454117f57,2.45,tarama
eb307e2b-a5f4-4e05-9738-13ea80953d1e,2.66,tarama
eb310f17-f1a7-40ed-9e6c-f35d5ce3ee87,2.57,tarama
eb43a362-f77a-4b1b-b0ca-4035c8d0720e,2.03,tarama
eb44ff67-0e08-4c5c-af17-23bc59774050,2.33,tarama
eb46c9f5-034d-4e18-bc51-2eb22a4e584e,3.09,tarama
eb506d46-fa72-4543-b99b-bacd6a58f6da,3.15,tarama
eb599461-d494-4e29-9160-de947c6637aa,2.02,tarama
eb5cd198-5e07-43c2-aed8-ae11866c04d6,3.58,tarama
eb66023b-d90d-468a-9582-2f3d54fe5835,2.58,kapi
eb666114-80c8-4b80-92d8-fc0eba2d2031,2.57,tarama
eb68842c-0aa6-4f7e-b562-405e8271f8e1,1.91,tarama
eb6912c2-e278-4e42-9291-3a79ca6322c8,3.38,tarama
eb693962-31dd-48a0-8855-536c9c90fc5b,1.87,tarama
eb706c10-2646-4fd9-a684-499182a9d395,3.33,tarama
eb78b2b5-bcea-4b4d-8d37-1c5fd1a69def,2.25,tarama
eb7af8e8-bfcd-483d-998f-87180ea7b860,3.40,tarama
eb7dbca7-9264-4d28-a31d-d45d4797ce63,3.15,kapi
eb7de33c-9bce-4724-a47e-36bbdf4073ca,3.32,tarama
eb816e57-adc4-4097-9ac3-753d3c746564,2.98,tarama
eb8647ca-50df-4192-97ae-a86eb597faa7,3.33,tarama
eb92b7f1-ccbd-419e-bb56-a713186d9ff0,2.78,tarama
eba0084d-6442-4b8d-8deb-18b2f4fe3bc9,3.86,tarama
eba8b589-ab89-44ea-9eb2-338068b9aade,1.83,tarama
ebb720d1-f519-4a94-b302-4cebb88ecc9b,2.26,tarama
ebb8c00d-68a2-4ce5-9ef7-68008871ab1c,2.28,tarama
ebb93dc4-dc7e-4d32-b122-12a4a30d7bcc,2.80,tarama
ebdcb4d8-c0e9-44dc-9fe4-fac83a936988,1.93,tarama
ebdd0770-3f5a-4a8e-891e-6bf53a138794,2.38,tarama
ebebce7e-2bc9-47e1-aa4a-8352d1e03cbd,2.26,tarama
ec19416c-866a-4ec6-82d1-33dead7e38d6,3.03,tarama
ec4a6624-21c8-4da7-8093-742b3175ecae,2.65,tarama
ec506348-fb06-483c-acc2-480fcb66e9fa,1.47,tarama
ec544c61-f36c-429d-b94d-5b8dede1cff3,3.22,tarama
ec5593a9-b4bb-49b8-93a4-e7f5c9e6d99b,2.56,tarama
ec576efe-6b09-48e1-9e67-f0bdc93d7f77,3.17,tarama
ec59ce64-8ec1-41ef-81c0-6922747ad7b8,2.45,tarama
ec5be604-0fff-47ce-8301-60d7d00ea448,2.79,tarama
ec62822b-9ddd-42f6-938e-a4edfc394955,3.94,kapi
ec631d94-f561-4273-913c-61462ace5645,3.62,kapi
ec6c4fac-0254-4e97-8705-8114dab56f39,3.87,kapi
ec6ecd73-934f-44fb-89cd-d262b7bc19c7,2.35,tarama
ec71147d-552f-4959-bfa1-e07ab1c010fb,2.37,tarama
ec71ec02-cb6f-4c51-ae53-ea3d07e0122c,3.00,tarama
ec7205b4-d323-43d6-853f-860703af89e1,1.79,tarama
ec727e8a-bbf0-4312-ad7f-ace1b1757551,2.54,kapi
ec7c2293-9386-4479-aced-2bfd248eec7b,2.22,tarama
ec7c8864-b602-4a0c-a188-b5e344b518d9,4.43,kapi
ec8bac21-3888-403b-8362-992375190476,1.59,tarama
ec932ab5-a5cb-4b38-9003-8bb6702aa8cf,2.75,tarama
ec948327-b6e6-41c5-a5eb-1d0af46cb2db,2.12,tarama
ec9d524c-9eb9-4e2b-9a59-cc7411ce718e,2.84,kapi
ecaa8f6d-5998-4c81-8cba-721510b0664e,2.91,kapi
ecb34779-dcdf-4e07-b94a-080ab883df54,2.78,tarama
ecc1289f-6a60-42ee-af76-58bdc9c974a0,3.74,tarama
eccc3140-609b-4808-9061-f2dbc17016b4,1.83,kapi
ecd64d45-a5e4-4914-b3b0-7b751c7f8915,2.04,kapi
ecd7fe9a-8f33-485a-8f85-02138d7c4f6e,2.10,tarama
ece3b65b-5cec-4080-856c-3dc9e1a67891,2.18,tarama
ece6fc70-1335-4059-9115-6b5b6d4ba679,1.84,tarama
ecec2144-45ae-4ecf-a002-c421d7512da8,2.53,kapi
ecec5b13-3250-4ea3-93f1-f170176a08cf,3.78,kapi
ecfe1882-2aff-4eb3-8875-0715999036d5,2.96,tarama
ed10833c-c90e-440c-9c16-72096a90c093,3.56,kapi
ed2bf466-af10-4d20-91bc-b52ba5611505,2.76,tarama
ed363ecb-eb73-49eb-ba0e-15a15d115daa,2.73,kapi
ed4524ae-0baa-4c1d-a8b9-32f7d0512ee1,1.88,tarama
ed4653f7-6505-43ae-ab5d-19c0c89d3bcd,1.34,tarama
ed598739-d2d0-446e-8110-64120687a375,1.85,tarama
ed67818a-aded-4de8-8455-ffee5f604bf6,3.20,kapi
ed68d2a5-60be-4042-bc8a-1398740aa2c5,2.70,tarama
ed742b42-143a-4e10-84c8-86891227290a,3.40,tarama
ed74b390-7b8a-47a3-bd6f-4b79a15e74bf,1.66,tarama
ed754cad-2986-4eef-91c1-4c30e41bfdbb,2.36,tarama
ed75a3a5-6c96-4aac-a335-4aba8a3882bf,3.19,tarama
ed7beb07-6890-40c4-80c6-325ee54f8c2a,2.35,tarama
ed7f5192-8bf6-4bf1-ae02-5c3a98ef66a8,1.75,tarama
ed7f768d-d716-47f6-8647-08e1074829c0,3.08,tarama
ed901387-94d6-4776-9052-f0d6a64290ff,4.11,kapi
ed963edb-5881-454d-baaf-7e146edc25a2,3.04,kapi
ed9cc6d2-1774-4ca8-8935-aab4e4e7cd07,2.08,tarama
eda33cbd-1f0e-4ed1-becc-687dce3d9723,2.05,tarama
eda418ba-37fd-49d8-b037-759c800c6781,2.37,tarama
eda50300-cf63-476a-b408-98eea08b37ab,2.04,tarama
eda569e6-7c6b-4136-9471-e8ef2bd5ed40,3.14,tarama
eda7ba10-380d-40a5-a6c5-b12195cb06d3,3.59,tarama
edb2ca1b-9497-404e-8257-f1b2de61df40,2.05,tarama
edb66b39-3d2a-41e0-9f3f-4919939573bb,2.16,tarama
edba57da-981d-4a80-928b-0e1ff2b29c17,2.49,tarama
edbb051a-bd29-42ee-87da-b43753e033d7,1.99,tarama
edbd258e-dfbc-46e7-9df8-6892cd0217ff,1.60,tarama
edbde11c-5c3b-449d-97cb-52dfa73674c9,2.00,tarama
edc63c5e-4da3-456b-9e7f-3fdaa87009a0,1.49,tarama
edcd1285-2090-4ea2-baee-a946ab91f640,4.04,kapi
edd25e09-99bf-46aa-ba0d-4138b12e9470,2.90,tarama
edd2a2d0-56af-4d36-a8d0-144db57764d2,2.00,tarama
ede02461-5bc5-4d60-9275-5528cba6df34,1.52,tarama
ede43c96-cfaa-4382-b100-2ba4bfdc46ba,3.64,tarama
ede85aed-0934-4e37-af96-20b2dcf05ebb,2.77,tarama
edef8240-8cb7-45e7-a624-4b316f973e24,3.39,kapi
edf7d789-5ff4-44e2-a860-f32fb81388a2,3.49,kapi
edf91524-9b35-422e-9445-836a30743bd6,1.83,tarama
edfa6177-a198-4e83-90ea-35cb913b3f6f,3.96,kapi
edfafa4e-14ca-4e6f-a8e6-c63623a92db4,2.92,tarama
edfb6adb-aeb4-4ca5-8bac-cf6dfe24ee0a,4.20,kapi
edfc9e97-33f6-45d9-8fb3-183b0dee883e,2.09,tarama
edfe6c1f-0cb3-48fd-9a3b-f54f846c0101,1.12,tarama
ee01f10d-2de2-4d2a-b7a3-a788497e280e,3.16,tarama
ee02943b-a9b1-48ee-915b-91c3be146523,1.66,tarama
ee03439d-6862-4b59-af84-3f6668496db0,2.29,tarama
ee0be06b-e9c9-4035-99df-c67f9ef54208,3.96,kapi
ee10af47-f5eb-4d23-9e18-3a39b6cc98bf,1.10,tarama
ee284273-823e-4905-827c-650ad3fbc540,1.08,kapi
ee2aafbf-859a-4af1-8fa7-772b2dad855e,2.81,tarama
ee31b840-18a9-4853-a870-fdadd00578fd,1.63,tarama
ee4897c2-ad21-4aee-89bf-aa70f680e6ac,1.15,tarama
ee49c506-8e7d-4ba9-ad7b-460b3418a7fb,3.50,tarama
ee4b5625-a73a-4f5b-b430-3a65ecd51714,3.44,tarama
ee531054-2a26-4c39-8e06-7c25629664dd,1.81,tarama
ee5352c3-955e-4603-9a0c-bc92fdd6df02,2.18,tarama
ee59e67d-4b9c-4197-8148-92258f95b075,2.29,tarama
ee5ca9c8-db00-4842-bda4-c7c0f4ddad93,2.77,tarama
ee5ddeaf-1b67-4cbc-be3e-70f8e094cf0a,3.59,kapi
ee607091-317c-4a47-837f-2e86e597c787,3.43,kapi
ee66b46b-4fea-4d5c-b744-adf8fc335be5,3.74,kapi
ee6ba8ac-2aab-4d28-a4e4-df84a3776bb6,3.81,kapi
ee6cc667-3b60-4f5c-9da5-fb7ec202f7be,3.25,kapi
ee7246a8-31e2-449b-a291-0998a556d2a1,2.31,tarama
ee7b17f5-ba06-4f22-9cdd-e68eee447ea3,2.93,kapi
ee81d516-3d9d-4bd9-a5fb-ffea5646103d,2.93,tarama
ee8d7825-e19f-42ae-b37e-e7913cc14151,1.48,tarama
ee917982-512e-48fd-9811-f71cc38fc162,3.15,tarama
ee9ab03b-858f-418f-b6e4-00d636074e65,3.01,kapi
eea21c23-e7ec-4b57-9f02-7cf3303b2496,3.38,kapi
eea629b3-bc0e-4b86-b481-f9afbf5e531e,3.36,kapi
eeb31700-9dbf-49e4-96c4-ad3ca139a027,2.71,tarama
eeb66393-5b6c-42e5-b1f3-22479a33bfdf,2.18,tarama
eeb88260-becd-490d-a004-e9e6142582cf,2.83,kapi
eec1e1ab-f535-428e-8eb7-38cda8917ab6,2.91,tarama
eec8c8f1-988f-43b0-9ab5-817fc9c5b400,3.91,kapi
eed50884-15c4-40dd-8e43-aa3e5cf4b38b,1.99,tarama
eed80bff-3b14-4fd2-a91c-2c7e23c9bd8e,2.97,tarama
eedc20a0-d077-4e55-8b63-8117e976863f,2.23,tarama
eef6b1e5-1318-46d6-9e29-ebff43453720,3.67,kapi
eef7fd24-fafa-44cc-95c0-19846f494c9d,3.73,tarama
eef81f85-7b2f-4165-aa8f-f55960cb186e,3.86,kapi
ef000150-54d8-41bf-9777-8077045f3d82,1.26,tarama
ef0226a7-942a-48d3-be52-427d59c4da46,1.98,kapi
ef02eced-6eb6-4100-8386-89360a05c955,4.24,kapi
ef1f3fa6-a2fe-4ef0-8717-05c2876383da,4.00,kapi
ef1f8baf-13cd-4936-adb3-31bb284ac63e,2.23,tarama
ef29dbce-b2ef-46bd-9496-cae21dddd971,3.93,kapi
ef2a3952-b084-4683-b5f1-106374412d2e,2.74,tarama
ef45444a-b8cd-4229-ab3e-fb913d5b4a7c,3.44,kapi
ef46f329-17f1-43d1-bcaf-3519edeed490,2.09,tarama
ef4be722-9b26-4c63-87bc-b3d89ef27e42,3.67,kapi
ef4c4ce4-db3d-4617-8336-ba5da7538799,3.42,tarama
ef4c61eb-c794-450e-b4c4-30454483e4cc,1.93,tarama
ef4d9de8-33a9-4e82-bc97-9e1a05c5f759,3.42,tarama
ef63056e-1483-4947-b9b1-d0702701ff97,2.95,tarama
ef6bb0be-53e8-4223-a8fa-0982ec9d7be1,2.29,tarama
ef73200e-73e3-4f9c-9c44-5ae67a387b47,3.28,kapi
ef7b6acb-63a1-4a92-a625-032cc8ecf226,2.84,tarama
ef7cdcfa-8214-4f0f-920a-dd52a9604a1c,3.30,kapi
ef7f6fea-a7cb-42ce-9e5d-05c60dbb4396,3.70,kapi
ef8d7220-c88e-44ee-a02b-1302cb498016,3.80,kapi
ef998882-495c-43dd-bd22-ba25fc245484,2.31,tarama
ef9b2626-119a-4ebc-ae5b-bf615bd9bf09,1.85,tarama
efa359ca-ba56-476b-acea-73e03b7dc229,1.87,tarama
efb06b78-45f3-4e0a-a495-390d418e045f,2.05,tarama
efb39402-a0e9-47ba-9dab-f7beb00f5f57,1.80,tarama
efbaaa99-be9c-4bbe-9e7a-9fa641085031,4.00,tarama
efc019a3-daf0-48ac-860a-5531f05a1cdd,3.08,tarama
efca978b-3ea1-4beb-95f8-fd4c65ac77b5,3.71,kapi
efcb7f08-2a0c-4294-bc6d-d08614021ed2,2.51,tarama
efd2fc7d-c057-480f-9d08-043daffe4d39,2.79,tarama
efd36135-4de2-4e40-a6de-7337cd51254c,2.05,tarama
efd415b9-0bd6-44c1-9930-3c0b30aa18aa,3.58,kapi
efddf3de-5de1-47a5-a8b9-c37270c8cc14,3.85,kapi
efebab78-4540-4b09-a599-3f25baaf16ff,2.83,tarama
efebe3a2-57d8-4589-8aac-aec64f735f80,3.87,tarama
efee128c-04a0-4017-b3f3-7fd8bfa078a8,2.09,tarama
efee2f4a-69c7-4ffa-b514-231083c00421,3.09,kapi
eff47ff7-eeac-4d55-bb44-71f88dbfc3b5,3.38,tarama
efffca46-9e1b-47d5-9e99-4706ca52ed50,2.67,tarama
f00d56b1-fbca-4364-8863-f9959af16561,3.81,tarama
f011ce01-7957-48f5-91bf-4e5c36882060,2.16,tarama
f017a286-f918-4f75-ab36-6cae9ef29065,3.76,kapi
f01d0f41-8bbb-4ddb-bdb5-ff5a3164613e,3.60,kapi
f0204cb2-8f7a-43fb-af5b-3f58e0d5b190,1.12,tarama
f025c33f-3657-4c79-8fe7-fd7ab3599910,1.74,tarama
f02af159-db6e-41ca-8886-a9c0544057b1,3.67,kapi
f03132d8-d829-4f6a-b123-aabca00041b2,3.28,kapi
f03ca851-68f9-48fa-bcab-32a39a726e81,3.26,tarama
f03d3052-1946-44e6-837e-3584d4ac5ccb,1.99,kapi
f03d65b2-fd9a-47e7-a183-6ce3f1dd578f,3.84,kapi
f03e1968-e916-4c70-8a01-c312fbab70f3,2.87,kapi
f044500d-35c1-4531-b22f-9237ddc62ca8,3.51,tarama
f04658a9-4519-4f1b-b047-195ca0d7aceb,3.58,kapi
f048133e-d229-4d7e-bed0-5c009723b8c8,2.44,kapi
f04ae316-fef6-43b4-97e7-9df75138db05,3.35,kapi
f04d6564-655e-490d-879c-410b81696e1f,2.66,kapi
f054a48d-7434-48ad-a59f-04a6c2c251dc,4.10,tarama
f06d7c2f-84e5-492a-9586-262d3a4e6093,2.16,tarama
f0705fdc-b238-432a-a171-692348a51a17,2.91,kapi
f072cf1d-1796-49bc-9df9-1f286cad6a83,2.38,tarama
f07369e6-4179-496d-b173-4e00c786d88e,3.44,tarama
f079f230-6ffb-44f0-8a7a-50ef7c4e29d2,3.13,tarama
f07d887f-eb8e-4893-a2c3-a5e5947a3c6a,2.24,kapi
f07fd52e-5418-45d5-abf9-4979f9308dc4,2.59,kapi
f080a360-ef17-4f15-8ec6-180786773ce3,2.76,kapi
f08bb17c-f9bb-4cf7-ae4c-0f1bc3a278a4,3.45,kapi
f09437c2-6b91-43c7-a601-dcbcb725bf7f,1.93,tarama
f094a460-0869-4ff6-96e7-d26c047d44ca,1.11,tarama
f097bfd8-a987-4070-bf10-b1cab5796561,2.17,tarama
f09fb7f5-3e84-4238-9f2d-62ada89c71b0,1.72,tarama
f0bac5cc-8cf7-418b-ba82-fc8ad35bb728,1.98,kapi
f0c4d58f-897c-4275-a1f4-939645715d12,2.22,tarama
f0ca45ed-6c74-430a-a411-9127f2e2f3e1,2.55,tarama
f0d92424-9be9-4928-a560-4e4c5230c3a1,4.03,kapi
f0dcb1a4-21cc-4e88-998c-b98c21a60b61,2.26,tarama
f0e07588-ca48-4a18-a776-30e7e4774311,1.52,tarama
f0e6f042-f8b6-4d98-a654-ce03b01df087,2.01,tarama
f0e9fbed-a8e7-48ee-bb3f-f55bb5f0b708,3.39,kapi
f0f89206-bcfe-4d78-9163-d6fc3ab4fb35,3.80,kapi
f10c4a9c-7eed-4e78-bb9b-7c14ba810e17,3.07,tarama
f1181a9a-25f8-4bda-9c9c-9123012d0748,2.11,tarama
f11abb92-029f-46bd-9b38-4c8a3cc48641,3.71,kapi
f12490a9-a114-4e14-a8f0-d07b20dec551,3.03,tarama
f12d9e3c-df1f-4ae3-9938-4bb32690e64f,2.99,kapi
f13308ed-37ef-41e6-81a4-da7d8aef6466,2.52,tarama
f13ae585-a08a-4500-933a-56ea70c5174b,2.04,tarama
f14364ae-5255-469d-931b-e442ebd4413a,2.78,tarama
f1491974-9a8d-42e0-b29e-5b92a103e03e,1.97,tarama
f14c8bef-edbf-4362-b06c-143cbe78acf9,2.05,kapi
f15cd37d-2267-454b-8736-6b7305a76da3,2.40,kapi
f17a36ad-406a-4bfa-93d8-0735d87b804a,3.67,kapi
f17d8286-adeb-4f8b-ad61-40a3e26c0612,2.86,tarama
f17e64f3-890c-4a46-b7d6-139a26ecb0da,2.11,tarama
f1835a38-b740-46c6-a0a0-5431994cfb6a,2.91,tarama
f184868c-0208-41b6-a848-a27d0686874c,3.58,kapi
f1a24532-77a1-4e69-9a3f-3331a81eff76,3.19,tarama
f1a53ab3-a3a3-4457-9722-f98c6990df48,3.65,tarama
f1a91f49-88d9-47ad-97e9-b17aa543dc7f,2.92,tarama
f1a9ed3d-1888-497e-be90-b478282fccb9,1.93,tarama
f1aa9c7f-bb11-43f3-b66a-ebc92bd46276,2.44,tarama
f1b0f73a-b2fd-4cbb-9b12-d5742abd656e,2.58,tarama
f1b26765-610c-407c-820f-556d9b626c2f,1.79,tarama
f1c35198-83d6-4a69-a319-dcc6d4d73db4,1.82,tarama
f1c55bda-5e77-4173-a93c-4765c65c0047,2.62,tarama
f1c72020-e576-42b1-8855-f8e8e5656048,3.61,tarama
f1d30c43-e4c7-4506-802c-d7e795603518,1.94,tarama
f1d52acf-0376-4f5f-981a-33f9a25093f8,2.52,tarama
f1d85465-7991-4266-bb37-5a899e8c4231,2.46,kapi
f1db973f-d6d9-4336-9fc3-8baf5b31d2a7,2.48,tarama
f1e0b980-cfec-4c02-ba5b-21bbe340884a,3.04,kapi
f1e39d4e-195b-4650-9711-f6891f7aa99d,1.44,tarama
f1ef4527-c570-44c5-bf5f-75522c4037c8,2.61,tarama
f1f2fb64-e999-4d08-bb3e-54b8bfd47fcc,4.16,kapi
f1f6b685-38aa-463a-8a76-618c1ce48d20,1.09,tarama
f1f93186-117e-4884-a46e-c325b409dac7,2.99,tarama
f202c5e1-77ae-4842-accd-7c36932bd4e4,3.19,kapi
f21670d4-031b-4bbf-b8ec-05954154802f,1.89,tarama
f2183680-6fc3-494a-8c39-96150a6c4b37,3.48,kapi
f21ba7a3-0145-476f-9ecb-884a0d140407,2.44,tarama
f2222ee0-90fa-4124-95e1-fa4b3c758ebc,2.65,kapi
f229ebf5-5afc-459f-bccb-20bac852d331,2.28,tarama
f23993e2-3213-477d-b75c-4227de19e92b,1.28,tarama
f23a5b7e-a0d8-4f36-ba88-6dd13d6a2808,2.26,tarama
f2424d09-643b-4b56-aa42-9d01333d5261,3.08,tarama
f249c97c-9fe2-4ed7-a7dd-d444896163b3,3.39,tarama
f24b21a3-f650-4d5c-a5c5-a75c17912ac5,3.40,kapi
f252431f-a132-4f91-b18d-1c68528117e3,3.26,tarama
f25c4559-ae61-4ffb-8b7c-188e4d84b3c4,3.13,tarama
f25fd293-f915-4d68-8376-7238e0cdbe4a,3.29,tarama
f265cddc-5159-4272-b2cb-c6cd2628b2bf,2.94,tarama
f26a040e-a292-4606-9169-dd3921065138,2.04,tarama
f27368d7-0b29-4086-928d-f98cd4d32b16,3.26,kapi
f27accce-0c77-4602-9305-421667b7e60d,1.94,tarama
f28396a9-bf7b-4975-b2e8-b2a77ea493ad,3.57,kapi
f2888556-b06c-4a3f-9dda-0197c618f5c3,3.57,kapi
f289ab11-ff01-473d-8a20-bf00ae9a7528,3.60,kapi
f28cf9bd-dcdb-4160-aeb3-4f9f4c0fdeae,4.27,tarama
f29628db-73fa-4cf7-bd6c-af300eb40cfb,2.10,tarama
f2998c2d-c12e-4400-89f3-143c53b6b1b4,4.09,kapi
f2aabf0d-1eab-4ed4-abd1-8ec489d931c6,1.73,tarama
f2b87daa-be66-4661-a0be-982e0c845840,3.47,kapi
f2c2d17d-3e0a-4a3c-94fb-582679da5561,2.85,tarama
f2c410d5-57a6-472d-af0c-ab8ef5a00ff6,2.32,tarama
f2cad3d1-d67b-4aa6-9548-b8d1c16c55d8,3.15,tarama
f2d735e3-e02c-4f1f-873c-f20c1537b61c,2.12,tarama
f2d92f35-2800-443c-a84d-84f65e476aed,2.82,tarama
f2dc4a1c-ab42-4524-ac36-e829be5fd150,1.03,tarama
f2f40853-429b-48ab-ad4d-3d247cfa27da,3.05,kapi
f305e24f-6ba3-4f85-a8fd-da8fffde212c,3.24,tarama
f306840e-a389-4d17-b48f-136f32dc8df0,1.81,tarama
f3088f81-d3c9-4a20-828f-432cfa835594,3.19,kapi
f3118eba-7687-4bf6-9871-37718dd342da,3.19,tarama
f31c0153-ed23-45bd-b702-19aa3d6bfefc,1.44,tarama
f31fc661-e519-436e-b5ec-5dc47415f9c1,2.25,tarama
f323d759-d94f-4fad-b665-ed3d3c10e08c,2.00,tarama
f3253ba7-7ce3-44ed-ba7c-30a1a781d62d,2.27,tarama
f333c2cd-a990-48e5-94b3-a2d61f88c09e,1.98,kapi
f3353033-a8e2-44eb-8549-bf570d9dd460,1.99,tarama
f345a797-211d-4229-bc9d-3ee3d2966593,2.99,tarama
f347f29f-20bf-4dd8-88de-b3ba57ce89e7,1.84,tarama
f35047da-4dcf-4ba1-ba4f-27e9c8f4e1f8,2.72,kapi
f35fd58f-8395-4c82-9069-00bf0af1880d,2.54,tarama
f36379df-e403-4f1a-9f3b-01d1128e0f3f,3.75,kapi
f36beae2-f808-4f45-8ad7-ebab949ecf70,1.71,tarama
f36f68de-6b89-49c2-9ee9-92495fa01237,3.14,kapi
f371b454-3659-4e77-af69-4fb00636ed0b,3.62,tarama
f37eb824-6dd7-46a8-8eef-68963cc4c090,2.66,kapi
f380c610-b428-4dc5-b81c-e97a3d180599,2.24,tarama
f384ac7e-ba09-4d2d-bfef-9172b707ae17,2.90,tarama
f38d1646-7809-4abd-9b7d-bf947cb4571a,2.79,tarama
f392f56e-2fd7-48c6-8c05-fae99a309800,3.23,kapi
f3939e97-b497-4069-a369-e2400158b1a2,3.70,tarama
f398b770-384b-4ed7-b0e7-b8434c62728f,3.13,tarama
f39c828c-9be6-4924-bb31-bb7c1a03b3d9,2.72,tarama
f39de106-a805-4624-8a26-ed107dc75298,1.93,tarama
f3a212da-9aa5-4f55-b934-6d9220476e4e,3.44,tarama
f3ae89d4-4f04-47e4-aaaa-19417229e736,3.53,kapi
f3aeebff-1c72-4afb-9694-c0f098b1d040,3.08,kapi
f3b1cde9-ae50-4022-8cb4-e1e0b0b63ed8,2.01,tarama
f3b88c09-78e6-4c05-a9d7-b1ba800a8ca5,1.92,tarama
f3d68791-b654-4210-9898-42212603d2f4,3.69,kapi
f3eca545-9693-4a97-98f3-8746b7b75e28,2.78,tarama
f3edc524-e751-43fd-b0d3-8324da9397e7,3.20,kapi
f3f4b453-6cee-499c-a8b1-5db26ba0b80a,3.12,tarama
f3f5688f-38f7-43a0-822f-ff3f0e535649,1.97,tarama
f3fd5671-e503-460d-84d1-f54a634379dc,1.81,tarama
f414fb2e-1419-4f99-bce7-c8921bda4186,2.79,tarama
f41d82c7-b9a6-447e-a0fd-c31db72556e2,3.37,tarama
f420a86b-e574-40ca-a797-4ab52b8118db,2.66,tarama
f42af7dd-2dd2-4f54-97c8-cef140c08f2b,1.56,tarama
f4317b18-c3d8-468f-86b3-75b42abe2aa1,3.08,tarama
f43680a8-11d8-439a-a668-ffe68cd21916,1.91,tarama
f4398d74-9a73-4906-b659-7aac6fd8e59a,2.91,tarama
f443368d-09a0-4942-95f6-51c8484d39d1,3.42,tarama
f4434566-af77-483d-8cf7-a01e25d2379e,1.75,tarama
f4493a92-70fd-4ce4-85ff-ff28fb652956,3.28,tarama
f4652e42-b4d9-4e02-8f64-dbe799bf1bd0,3.40,tarama
f473f86c-4520-4668-b73f-f15c878bd6b4,1.98,kapi
f47a0012-2221-47ca-a465-e84dfc0db7a4,3.77,kapi
f49d733b-e210-4c4b-a163-747116689fc1,2.10,tarama
f4ac192a-31d5-4523-8cad-f202dd6c7428,2.19,kapi
f4b07c08-9c77-413b-85f0-0cc5b29b27e5,1.56,tarama
f4be2f43-7616-4f2b-8e7d-38bd33493d5b,2.03,kapi
f4c0d532-30c4-4a94-8ffb-ab9ccb5514e1,1.88,tarama
f4c37de5-290a-42f6-939a-a70c6e4a5073,1.99,tarama
f4d0358e-9e51-4f76-b6ca-c92298a2dcd4,2.19,tarama
f4d4af9a-a93e-49a8-8b8a-f0edc219a59e,3.47,kapi
f4dbf87a-3f42-4ef5-8021-8300b34afe56,2.25,tarama
f4e2a1ed-dedd-4804-b6dd-50c62a757498,2.12,tarama
f4e62029-dc3e-4802-89a7-0bd56190a31d,3.17,kapi
f4eda11f-1925-43fb-b3b5-7b4d1c3440f8,3.39,tarama
f4f51b79-e2f9-4036-be06-26b8e50d5ae3,2.26,tarama
f4f5fe44-3d76-4761-9b91-70a7f3585828,1.97,tarama
f4fae9f8-c0a2-47dd-96ee-cbedb85d6b4c,2.38,tarama
f4feb464-21fd-4b3e-913b-c788341bd854,2.38,tarama
f5068789-d562-4bbf-af23-6dd76f8aee06,2.65,tarama
f5070652-4794-49a0-89b8-b4551294b688,3.05,kapi
f5087292-99ec-4b05-ba46-6fa6b16943d4,2.64,tarama
f50891b3-cd1e-4a83-a31b-8ad8b9716732,3.41,kapi
f515acb5-6611-44bd-9cd1-a65d7f2a1cc0,2.55,kapi
f515f627-a170-45f6-8aa3-9fb1838f882f,1.44,tarama
f5189805-6aa5-4445-82e3-b642eea11156,1.80,tarama
f518ce8f-5949-4516-be7f-f104588dcf2a,3.60,kapi
f51f7583-67d2-4297-b2c9-90a20bc4f9d6,3.99,tarama
f52219c0-25d7-485d-b32e-7ca4db75a9c9,2.64,tarama
f5257876-e6a7-4e65-8266-497bad1f16fd,2.61,tarama
f528b587-2115-43ab-8e18-40d7f3918e20,3.11,tarama
f538a622-ec25-4853-bf46-19e7943a7823,3.63,tarama
f53a9861-c262-431b-a062-27e21cff7de2,1.83,tarama
f53ae9c7-514e-44f2-a2a3-b83abe36bc87,2.57,tarama
f53d3bff-231f-4902-a473-aa402344756c,1.30,tarama
f548fea8-3b35-4839-9f6d-197218845099,1.42,tarama
f5505e66-e41b-4060-b766-97e01efaab0a,3.20,kapi
f551b869-edc4-49ef-801f-29434b4f7345,3.09,tarama
f551bd82-a050-41c8-98e8-892027af0cf6,3.73,kapi
f55c0f9b-bd36-4f1e-a66a-8b553b30ff53,3.15,kapi
f55e147f-e844-4244-892b-8601b2d1fe51,3.41,kapi
f55fb934-3750-470c-a719-1a827df63520,2.33,kapi
f564b68b-6763-493c-a179-dff002f70799,3.38,tarama
f5688a6b-4309-40d0-9d46-790c775738d1,1.94,kapi
f57309e8-5e6a-4dbc-b440-61d89fce944e,3.24,tarama
f577da0a-ffef-4769-a0b4-62ede5c244f8,2.01,tarama
f57d6c0a-4e02-4e53-8842-2de7a8f13bec,2.46,kapi
f57e810a-1ed5-462a-bdf5-e1bc392e2fd9,3.83,tarama
f581ccc4-fb91-42a7-aa55-e3e0842a6f9a,3.60,tarama
f5823cf8-b206-4ff6-aa0e-63ef678569a6,3.18,kapi
f58c8a61-a802-4af5-be79-aa9747d0ebf3,2.18,tarama
f59a53f1-ccc1-4167-9daa-a837438234f2,1.95,tarama
f5af6cd6-26a8-4b10-86c9-d7fdedc576a0,2.93,tarama
f5b0bbad-7298-4738-b0d9-e489ae8290f0,1.94,tarama
f5b40b80-a674-484c-8db8-2d6b51da5f04,1.87,tarama
f5c87b9e-7cc5-4576-8c7f-fe0ea60b828f,3.96,tarama
f5d23817-71fa-40c1-a0b2-7070862a8944,2.88,kapi
f5d281cb-b7bc-471b-9839-d64a5fbdd920,2.99,tarama
f5d2ec9d-f4db-48cb-9953-b0eefbcdebba,3.23,tarama
f5d35384-9f42-4cba-aaf1-ff8d5d10ac09,1.33,tarama
f5d3e038-de8d-4fbf-ba84-6d690e64c275,2.64,kapi
f5d4ef68-dfd9-4e58-9f93-f68fb352d6e3,3.35,tarama
f5d55e47-fbe0-4158-88ff-f2a470998423,3.11,tarama
f5d9d92b-5d8b-46cc-81c9-d57e58ac855e,3.75,tarama
f5e35b0e-7f93-4b80-9851-6eb05967ccae,3.11,tarama
f5e71745-01fa-4585-b8c1-d7959634b060,3.14,kapi
f5f04c94-67f2-4239-a3c1-9d18af486d82,2.57,tarama
f60895cb-1219-4e08-a818-73869683bb10,1.91,tarama
f60ad347-198d-4b52-84c5-b9e57657f7d9,3.16,kapi
f60fc5e4-094d-4f19-b6a9-8a8ee92efb30,2.87,tarama
f613c17a-f7dc-4945-8697-7cad1c556664,2.00,tarama
f61db4aa-76d5-4016-bc4b-23610f672db6,2.25,tarama
f61e4e86-4b9c-423b-90f9-94180417b911,3.95,tarama
f6238189-5f73-493b-a7be-9d81bc58b411,1.94,tarama
f62d2e31-0010-45c6-abe2-ad5e5adbb555,3.50,tarama
f62d44c3-19f4-4179-a1cf-73e76eae86e2,4.12,kapi
f6349bb6-ab62-4414-bb6a-6dcaae115033,2.33,tarama
f6398822-c00e-40e9-ace4-3e5b7a935468,2.60,tarama
f64554f7-7a2a-4f85-83a9-7b7e5c512e8f,2.60,tarama
f64658f7-36bf-447e-8c8d-6f75abc09fe4,2.88,kapi
f64a2fc5-c00d-4488-beec-2e46d5c138f4,4.49,kapi
f652d564-0d4d-4110-bcb0-d7f84fba5d9d,1.30,tarama
f656c283-45d9-4bb7-ab33-15c72f63b04e,2.01,tarama
f66da180-172d-4d3e-af4f-5b3895333e20,3.11,tarama
f671efbf-4a55-471c-a369-b5cd97788a83,3.53,kapi
f672d030-0096-4e82-addf-c849aa280130,2.20,tarama
f673d0cc-356f-45cf-95e8-007b11e4a14b,2.27,tarama
f684b9b5-4de2-44c8-bac9-f3714910d2e4,2.23,tarama
f6860f80-fe2e-4b77-8a56-7a347ff5c787,2.01,tarama
f68906f7-c498-4ed9-899d-078d3ecf9adf,2.23,tarama
f6948177-66a3-44aa-97b8-8c862bad2839,2.12,tarama
f6962c61-045b-4d4e-80b2-eb7a6e792cd8,2.84,tarama
f6a97b90-0c76-45ba-ae8e-afede18c1c62,2.76,tarama
f6aa2211-226b-46d9-8570-c799e5ad4991,2.80,tarama
f6ab45b9-425d-4ac0-9bc9-0d40cd2dd604,3.37,tarama
f6ae0790-c5dd-41d3-a59c-1daaa29bad4d,1.57,tarama
f6b1912a-7101-4781-a267-113985739827,3.31,tarama
f6b41e09-8294-48e4-89d0-89afd5d1f671,2.62,tarama
f6b93992-4c09-4208-9848-ad534c551bd6,4.38,kapi
f6bb3c6b-06f8-448e-9cdc-5909c7f945e2,2.90,kapi
f6bc5719-ed27-468e-928c-08e8a4e66ae3,1.21,tarama
f6c6796b-6710-457a-b6f7-a7e45c546f82,2.37,tarama
f6c8026f-8a1a-47a4-a454-63d6a1b58bf8,3.42,tarama
f6c9147f-6c6c-425f-83b6-15bae51d4ee4,1.90,tarama
f6e0d35a-a10c-464d-a7b2-37e24f042b16,2.09,tarama
f6efd8aa-cdda-496c-8a1d-30398f328dcc,3.66,tarama
f6f696ca-b2e9-4e92-abde-1ba0a3d2bfd4,2.12,kapi
f6fdfcd5-3296-4e16-83c4-61dab658b32c,2.01,kapi
f6ffcc05-fadc-43f9-956a-dee0f7f14237,2.34,tarama
f708c5aa-a4b0-440e-b2e1-ac392227c122,2.05,tarama
f70eb1fa-5c91-4cb4-98e0-905d1c6ac27d,1.90,tarama
f710c035-4ed5-4f71-ae77-beddf8acefba,2.57,kapi
f71420d1-3034-4a1e-aec2-407cf000e3f9,1.18,tarama
f71487e2-d6b7-4fbc-9b27-1221992c64f9,3.28,tarama
f7151070-6490-4735-80bd-dd983028a0c0,1.18,tarama
f71ceb51-79ed-4982-a2e0-5baae3e28792,3.30,kapi
f71da1a5-7dcc-40d4-8c4f-05cedd55aaa3,1.77,tarama
f7208a5e-8129-4e53-9dbd-e8384424a101,2.00,tarama
f7209cad-bb5b-4b64-9ecb-ce87bf7b461d,3.74,kapi
f7220554-8b7c-461a-b8b6-4444034c03f8,2.06,tarama
f722ad9a-2582-43ac-82b0-5fc4318c62b5,2.53,kapi
f72649cc-f954-4793-9311-006d24efec56,2.24,tarama
f72a79a5-9d2b-4554-8f62-8f4750cb238c,3.68,tarama
f72bac14-f614-4faa-b5fe-2f7c4dc0fff4,1.98,tarama
f72e0516-1a34-486a-a6e6-f48494929780,2.90,kapi
f72ed069-3f8a-435c-8ba1-d1b9005abc2c,2.69,tarama
f7323df8-cc17-42c6-ae87-944d97a62a22,3.47,tarama
f738385f-659c-451f-93f3-1a9602a52e1d,2.20,tarama
f73c4940-87cb-4521-a39f-0afc1daf39f6,2.98,tarama
f73d592a-fd2a-4805-a72a-cda47c3c5408,2.36,tarama
f74f58e4-3ac0-4615-8cad-4417bb2cf2e7,3.35,kapi
f7503a23-d71a-4247-9d6a-fdf7cabbcb2c,3.13,tarama
f75c493a-32e4-4ca1-a98f-bca6304c8fb6,2.69,tarama
f762f03e-104e-4fb4-9aa2-4c407d7c615f,4.03,kapi
f767b244-297f-4ea0-833f-41c87364a77d,2.06,tarama
f7692cbf-da26-4deb-908c-150ccc23b9f7,2.16,tarama
f7699be9-8c07-41fb-81d6-20f733122e11,4.03,kapi
f76c0173-4159-4d67-9be1-a4748e2ed1bf,2.48,kapi
f76e74de-87fd-4b37-bec7-b984279cb0ee,4.02,tarama
f772f6ba-aa8a-4387-a36a-cfd2e39e5610,1.63,tarama
f773af28-0a82-4b72-9487-f0a543a4ac43,2.17,tarama
f77ca189-e4bc-4e71-b19b-eb4d663ca480,3.11,tarama
f781443d-5ebf-4dcc-bae6-d5fadbb1b692,2.77,tarama
f78bc9e2-40b0-469e-9306-8c52e34c0099,2.03,tarama
f7938892-bdc4-44b5-91a2-1438626a4659,3.51,kapi
f794f269-9d57-44a4-8178-8bd8c0faf793,2.58,tarama
f7979e2f-7477-4f76-8154-acd0edb8524f,2.67,tarama
f79e8f63-43ea-437c-a058-b46070ece0a9,2.07,tarama
f7a20785-5a42-4b65-a78b-8bdeb40ca664,2.01,tarama
f7ace137-f3f3-42bf-87ff-d07debe023f8,3.95,kapi
f7b00638-2904-4950-a0b1-10d487e22f6f,2.81,kapi
f7b30357-03e6-4d38-ab97-fed8a1d444a6,3.59,kapi
f7b7d894-634c-4436-a594-65513490dc73,3.23,tarama
f7b82ec0-a855-4ade-bf31-8d649ad8a7e4,2.91,tarama
f7c46cde-25ea-48f7-bd29-6d501ca48874,2.64,kapi
f7c713b9-2c38-4e04-ae0d-be7ad30890a1,1.95,tarama
f7c7fce4-1fac-48d3-82fd-6ac5c55486c5,2.89,tarama
f7d330f6-c1c6-40ac-8908-25a06fd5b220,2.47,kapi
f7d35c83-2790-4488-98e3-bd5f991ce371,3.94,kapi
f7d3945e-617d-4556-8fbc-725980853c2f,2.54,tarama
f7d5c204-78e3-45dd-b082-d94789daa22a,3.64,tarama
f7e0d0d5-77f2-4537-a595-5dec85524b0c,2.23,tarama
f7e1db2c-00a6-4415-8fa0-a3b31a3b5066,2.38,tarama
f7e394c4-da11-47c3-afb8-b18c1d22911a,3.88,tarama
f7f56af4-60e8-45e5-9565-8fa2046c8072,2.72,tarama
f7f57ada-f2b7-496b-be4d-7729692a0f3e,3.89,tarama
f7f5ad30-a458-4c64-a32b-489c87f10d57,3.86,kapi
f80314cc-d8ae-4c8e-b293-c16a345fc550,3.74,kapi
f803ff4f-01c0-45f0-bff4-8f7d07afa619,3.91,kapi
f80839c5-3757-4558-bbf4-37f9f1a40e11,3.41,tarama
f808a5c5-9f6f-435f-bfa5-25f2c0f6f270,2.93,kapi
f812d3e2-f458-4879-b491-17af5ebcc3ed,1.80,tarama
f819a22e-bd32-4750-8e0d-65c01c204bb3,3.88,kapi
f819f887-e8ae-4a84-a177-7b68eb9f7119,2.69,tarama
f81a8783-5305-452a-aca7-d2c593ca701a,4.42,kapi
f825704a-fb11-480f-8896-66f47c690d74,2.60,kapi
f825722e-1901-4583-bb35-6b67ae2ef6c4,3.41,kapi
f8268437-3b81-4e7b-83be-3241c9bde783,1.89,tarama
f828d624-8afd-4760-9984-fc8cb5bb66e2,2.78,tarama
f82962a8-a3db-4f67-9f03-e1e457f7155f,2.28,tarama
f82e6d16-72e3-4468-a038-a7db85395da3,2.29,tarama
f837993f-176e-4e2e-ae31-6be8c6bc1aa6,2.09,tarama
f838562d-e208-465b-832f-1d7122fd245e,2.03,tarama
f842fdeb-7836-4a17-9f1f-1999b6d922a8,3.36,kapi
f84b0997-02a9-45dd-a218-c5565bf24e15,3.75,tarama
f84b21c2-d67f-4dc8-a1a7-08d9e0d45b7b,1.99,tarama
f84df9db-b88f-480f-aa01-91e87e352fbb,3.28,tarama
f84ffc44-9bd8-4db4-9100-55f6ef8f2736,3.07,kapi
f851094c-8949-4cef-aaf0-83f66862667c,3.61,kapi
f851f25f-24b3-468a-8215-2d26f0b085a6,1.30,tarama
f856f9c7-2dab-479d-ae7c-9ceeed9fd03a,2.65,tarama
f85d8d7c-fe2a-4632-924e-88d65c9d34cc,1.94,tarama
f86c27f5-a215-4a7d-bcd0-a52ceaf9c380,2.94,tarama
f87588bd-0234-4096-b610-cf3173d180ff,2.31,kapi
f8785e07-621d-4ccf-9b24-a5e78fb7067e,1.94,tarama
f87d9f7d-5c39-4824-8ea3-8490b3003722,2.07,tarama
f87debc3-c63b-4c63-84e7-3a21a02dc6a0,2.83,kapi
f8824e04-9a02-40b4-ba50-55aee7211d4a,1.96,tarama
f883e15f-aeb3-4c8d-86f0-f321e697613c,3.29,tarama
f885ee49-fd56-4b7b-9839-d33bc6c4af0f,3.03,tarama
f886a422-b085-4643-9749-f8c31b33532b,2.22,tarama
f88a0d24-9ee9-4570-8320-4a42812e7504,2.88,tarama
f891654c-bf7a-4535-b722-9a56bd32118c,1.84,tarama
f89a7e12-c2fa-4b58-94d9-0d517832847a,2.74,kapi
f89f8672-7af8-43e5-8205-bf07f68e5659,2.80,tarama
f8a1718b-41a4-49f3-aed8-3688fddeb4cb,3.68,tarama
f8a33cf2-3ac0-478b-918f-d91912a5c3e5,2.07,tarama
f8a51d52-ac2f-4219-b966-b059276cee07,2.15,tarama
f8a57c89-c15d-417a-b2c2-f0f8c03d9eba,2.42,kapi
f8a5de58-44ff-480f-9281-2a00d50b3554,3.68,tarama
f8a9917f-d889-45c1-b298-f101fc212c3d,2.83,kapi
f8ada875-8429-491e-abce-fc771ae9bcf1,2.68,tarama
f8bf608d-7dcc-4412-9850-99fefe106dfd,2.49,tarama
f8c14fcc-ac6f-4851-abe1-82ca3cd9fe3d,2.37,tarama
f8c67f23-2917-4904-8408-1372f5249c3a,3.18,kapi
f8f1df96-8353-4b20-9e76-9c7eac03e9c6,2.76,kapi
f8f3348e-d692-4653-9b33-59ed64278e58,3.93,kapi
f8f72d05-94e3-4175-9ad4-748d98919d38,3.40,tarama
f8fe8aee-fbdb-4091-8e00-95ec1f0e6eed,2.08,tarama
f904de76-ccc7-4564-a245-393c208153da,4.07,kapi
f9065781-4778-412c-bd3f-be14077a078f,3.16,kapi
f906fb89-a389-4eee-918c-f86ba0f00fdf,3.22,tarama
f90a20fa-0126-432a-8153-e34995ae2c85,2.09,kapi
f90b5913-5ea1-4b51-bd2f-bc2bb5b94e23,1.79,tarama
f90bdbb2-9a03-48ae-98d0-51b039c0436c,2.18,tarama
f9130e1c-bcd2-4391-9bef-24ee5b1417a4,2.58,tarama
f9192d03-b190-4ff2-80de-6501abf08c80,3.50,tarama
f919b569-5b00-4987-87bb-5504183bafbf,3.44,tarama
f91c69fe-15ca-478e-b0e3-5565b1d63f04,1.94,tarama
f9235c8b-05d7-480e-91bf-25770e9a8588,3.18,kapi
f939148a-2c92-4175-b886-5a55ffd1a17c,2.11,tarama
f93db3f4-205a-4515-b9d4-3784c03bc3eb,1.16,tarama
f9416107-2fd5-4897-91ef-a2af56b4ec6f,2.62,tarama
f94d4290-2f37-43d7-b565-ea760da05a31,1.87,tarama
f953ac6b-8eb2-4a7a-95b6-f6e6f4fad64c,2.74,tarama
f9565785-76ee-4357-bcf9-e6a549f23b12,2.44,tarama
f95eb9e8-ebaa-4b6c-9ae3-5e6ef5fa69e3,1.48,tarama
f9651604-8c3e-4cad-b01f-86d71013c7e1,2.64,tarama
f96555cd-8d62-4063-ab45-738c2a6ed7b7,2.48,tarama
f967150f-c654-49b8-8eb6-88c0ba76766b,3.76,tarama
f969ee18-b7aa-4702-8e40-99c2648b260a,3.93,kapi
f97bfb83-17db-43f5-b998-e4d8a9f0c4ed,1.90,tarama
f98240dc-88c8-4090-a776-19977f7601ca,3.26,kapi
f98a1a22-758a-4deb-9c4a-a4b50d40cb1c,1.95,tarama
f98f6362-8e8a-4298-9fdc-25f65e623dea,2.56,tarama
f9a16bcd-f271-41f4-b5f0-285f2cbace6e,2.00,tarama
f9a6316f-bd87-4056-b7c4-b9b4786e0a7a,1.79,tarama
f9ab3b32-9766-440a-bd2b-b604c0bd5ffd,1.94,tarama
f9ab47a5-60fe-47d2-9164-81df425bc198,2.59,kapi
f9add645-887d-45dd-9086-a93f210325e4,3.99,tarama
f9b16c8e-1229-47bd-b166-0ccc67d03eca,2.49,tarama
f9b62262-e700-41db-9b69-f4f3c0d6dfdb,1.72,tarama
f9b6b318-b508-456b-af89-cbf55874a45f,2.79,tarama
f9c15867-d571-4186-ab83-899b8ff7ed53,2.25,tarama
f9c87931-143f-481a-8893-bd5c6d6cefc0,2.45,tarama
f9cc074b-145e-4436-978e-639733e8bcfd,3.67,kapi
f9d1ded8-a2ee-4ab4-a2d2-3f032ac190d4,3.86,tarama
f9d72ff9-874f-4641-a3ac-50523d19acd4,2.09,tarama
f9e8fb29-9005-4463-aeca-5c0a6b80b517,2.24,tarama
f9ed115a-9f0f-4a87-a185-9c88fecbb3e8,1.73,tarama
f9ee7ef5-f58f-428d-8445-2acadcbc7c69,2.44,kapi
f9f1e12c-8324-4ceb-b809-3d7097fa16cf,3.43,kapi
f9f56287-000e-477f-98ac-3379063fcaf1,2.51,tarama
f9f6c691-cebd-4414-82eb-54d0f16cdf95,2.89,tarama
f9f834d0-b5fe-4bba-828f-abcf60a90eda,3.28,kapi
f9f93789-c0a8-4166-b90d-3b76cfc32baa,4.23,kapi
f9f9b571-59c7-40a4-97e1-7336973997fb,2.54,tarama
f9ffd3e1-b207-4299-8026-0ff526ccc727,3.40,tarama
fa00c785-697b-4b2a-a262-3301bd05bff4,3.10,kapi
fa1756fc-34ff-4992-9ca9-f81650d29c21,3.66,kapi
fa1986b7-718f-4cfa-8d4a-e7dcdfaec547,2.44,tarama
fa1d2f54-20a4-4887-aabf-7e2683bff61e,1.48,kapi
fa2390c2-d897-494b-aa52-c99c8ccbb6a3,2.17,tarama
fa2416c0-7c7c-4a07-bfe1-d0e7c577bf71,2.61,kapi
fa263fc6-b6af-454d-8163-78e39683ba17,2.84,kapi
fa2707c7-b362-4534-872d-69a2633cbfa1,3.98,kapi
fa3c374c-9eb7-41a2-9325-5d45407a54aa,3.19,kapi
fa42c734-f05f-4ab8-9bc2-c85563e8974c,3.56,tarama
fa4b4952-f0ab-411f-b843-a727009205ea,3.75,kapi
fa540f1a-f4c3-4534-b31f-89f02ff72c74,1.84,tarama
fa5e94bf-e039-49f9-9b9a-5eae2686945f,1.81,tarama
fa6ebc87-ba04-4975-afbc-d821dd245746,3.87,kapi
fa725b79-5e82-4368-bed0-b965f1840ee6,2.89,kapi
fa75cef6-4230-4f3a-9ae2-4fda98ae15f2,1.73,tarama
fa8fe839-ba77-4ff0-806a-729552f53a76,3.45,tarama
fa9a738c-4ce8-4203-8573-374f215fe5dc,3.24,kapi
faa3f36a-8184-4b78-935d-3d50aca4d9b4,2.69,tarama
faa44def-b1f5-4a5f-ab25-8b40a9fc9f6a,1.30,tarama
faa56486-15e7-450e-99bc-a20e25c48ce0,3.67,kapi
faa5f8be-aeb8-40ee-80da-da281d51d994,1.16,tarama
faac1f8a-8739-48ab-9622-fb7e4e10a7a7,4.10,kapi
fab1fcc2-a494-47a9-9faf-c9565f9aea1c,2.16,kapi
fab44523-b277-4d5e-9c1e-ac8c0d3e87b1,3.27,tarama
fab8d44b-1a2b-42b8-8677-037fe37de3f5,3.61,kapi
fabed7b2-6b08-4c40-a786-ed9deeb16d16,2.22,tarama
fac34bc1-b07a-4367-ba64-fcee28f55ae0,2.81,tarama
facfb785-fbfd-43c9-8d07-0959b35269e6,3.68,kapi
fad273ea-ef9e-4d72-ab4d-10d44db6f33c,3.28,kapi
fad62264-f4c4-4bb4-861d-495c79ca9f0a,3.65,kapi
fad8ecd7-2a9d-458d-8a83-cb5decb6f67f,3.19,tarama
fae6c08b-cc6e-4cfc-8197-331e96e2f706,2.39,tarama
faea2a6a-826f-4d1e-ab6b-c270cf868a0b,3.96,tarama
faeda77b-b93e-4a86-a59e-55bf638f36aa,2.48,kapi
faf9ba1b-393a-4ed4-ad8a-6797140a01b4,3.01,tarama
fb128493-e31f-4e67-8bb9-0fe3742d8a25,3.04,tarama
fb15bc48-e82f-46f6-8eca-adeb7644234c,1.92,tarama
fb17527a-6f06-43c2-88f7-6c9ba394ebd8,1.09,tarama
fb218441-acdb-40e0-90a7-70e2dfed8848,2.29,kapi
fb2382c9-d3d5-443e-8189-c88a84c5fc51,3.36,kapi
fb264a5c-4acc-4a1d-9337-527cf5e964d6,3.53,tarama
fb2bb4da-e2a6-4b7f-9905-79607a1c73d5,2.88,tarama
fb4291fc-22c2-47c2-b6c3-3513ab01e6a5,2.45,tarama
fb46aace-9281-4aea-9c99-f773d913b9e2,3.66,kapi
fb58c74d-32a8-47f3-b202-d39af9497311,2.98,kapi
fb5b8285-83da-471f-b5a6-cbd8cb6816a6,3.78,kapi
fb5c8d4f-0918-4393-85d1-6d12b6481b64,3.02,kapi
fb6ab553-9bb5-49cc-b882-c1b73e27cd9c,2.86,tarama
fb7641ea-4680-4cda-a7d4-a5fa5cde5326,3.08,tarama
fb77343b-dad2-47e4-988b-fe65e8eaad0f,2.12,tarama
fb775231-751c-4014-8b32-16af70c716dc,2.63,kapi
fb7e8a22-185d-401d-9e8d-0065b0611dc2,3.57,kapi
fb7ef7c2-3036-4d7e-8cf6-00c60ac33775,2.24,tarama
fbab201a-99ea-4893-8d0c-f7487f156af7,1.97,tarama
fbade3b9-502e-4f96-a260-515cc05ce7e0,3.19,tarama
fbb0583c-2170-462c-b522-370873ec5663,3.22,kapi
fbb203f8-8a92-479a-85f7-c0c8bec2fbc3,2.49,tarama
fbc0dd7f-0b3c-4710-8b07-194094f7035e,2.69,tarama
fbc3c3f6-e858-463e-a7a3-fefebdbbec4b,2.44,tarama
fbc612a2-67ad-4aef-96a6-a9c1829699a6,3.24,tarama
fbcffc90-8664-497f-b36a-b2384bd72ded,2.99,tarama
fbd4bd33-0b0b-42f6-b6c4-043020749836,3.68,kapi
fbd9b765-b8cd-4910-83ed-0fdcac3923ca,2.50,tarama
fbdbb26c-4995-4ae8-abd7-8190a12a0844,3.62,kapi
fbdc43b4-6d03-4081-b634-7b10a4b1c4ef,2.18,tarama
fbe8f3c0-eac7-4fab-bf02-351aa8deb17b,2.74,tarama
fbf4f1a1-4560-49a6-bd3d-7f05c74bbae5,2.79,kapi
fbf516eb-b8fb-4b3d-b69d-26c60b414bef,1.93,tarama
fbfc65dd-6058-4cb5-92fc-aefd4caa4f0f,3.71,kapi
fbfd37ae-a26a-4309-ae19-9e51a9dc2265,2.51,tarama
fc031ec2-0a6b-44af-862e-044bccc3c8ac,3.80,kapi
fc09a085-2f9d-4580-9de1-e0c4b0e197fc,1.94,tarama
fc09c970-b5ac-4340-b333-4ab99dc33cb6,3.75,kapi
fc1a3269-7271-430d-8f6a-c56d931eda4a,2.71,tarama
fc22e9e8-eac5-4b02-a303-014271cc008f,2.11,tarama
fc238617-11e1-4e2a-ab52-737c4d732cf9,4.00,kapi
fc2aa04f-8718-4157-8c2a-e1c58e925f0f,3.44,tarama
fc2c4a6c-ffcd-4546-9d8b-a55933dd9111,2.91,tarama
fc346ba3-9b60-462a-8eb2-89e0f7bd89ed,1.74,tarama
fc3db06c-d8e2-4fcf-8c18-3c020b936ac5,2.80,kapi
fc3edd09-464f-4823-a817-7c8690f2ea57,3.05,kapi
fc456e06-5756-469b-af79-6e1b14214d31,2.23,tarama
fc4b42b0-9fbd-42c5-90c3-8f4a34903f6c,3.69,tarama
fc4d3bb0-f628-4254-a168-2b2b891f9407,2.52,tarama
fc52bad7-c5f8-46ec-b7f0-3d2e37fe2bcd,2.51,tarama
fc5c65b1-f5ba-44ab-b6c3-9d73bb92e04a,2.38,tarama
fc5d7e13-5877-4124-83d9-748d350b3edf,1.56,tarama
fc60fd93-8884-43bd-a105-5fb3924d3733,2.38,tarama
fc61983c-6ac2-4884-ab9d-e8ad230517b9,3.64,tarama
fc620fcb-58fb-42de-98e3-092dbf79cc7d,2.83,kapi
fc6a9833-07fa-4a91-a52a-912a401ac06d,1.80,tarama
fc73d9d3-703f-4a24-92bf-27c2a4fefa51,1.92,tarama
fc7f3062-419c-4254-ad4b-ccf7198ccf55,1.96,tarama
fc85713b-68e6-484f-850e-fe499e25fa99,1.83,tarama
fc9164cc-54c5-46f0-8156-d25aaa8bc4e8,2.92,tarama
fc93dec5-2871-4cfd-ac8c-d2e1cf800b58,2.15,tarama
fc995c86-f2a7-4db3-900e-f8c076bea538,2.26,kapi
fc9b8eff-47df-4778-8439-cfc1896db09d,2.31,tarama
fc9daab6-7a26-43e7-ac03-3c8b4826ffa8,1.22,kapi
fca1182c-d099-443e-81a4-fe59ab5a19ed,3.46,tarama
fca589d5-d296-4e17-9d41-2ce1ccc4aaae,3.40,tarama
fcb16fd0-3984-4861-8e8d-ab556eac1003,1.89,kapi
fcb48486-dd12-4776-a975-79c720718471,2.57,tarama
fcb52c86-1618-402b-86aa-fa8c2eaaa9e1,2.49,kapi
fcb6ef74-ba61-4205-a9e9-c62d379114e8,1.01,kapi
fcc3a668-5b3c-4a38-80a1-484e8ac43bf2,2.60,tarama
fcc5e48e-efd0-4342-bafc-9a10afaf25f5,3.11,tarama
fcce7950-82a5-4d75-ac60-fee7c71aa3d8,1.72,tarama
fcd0bdbb-295e-43c2-aca9-322e9c490ce7,3.68,tarama
fcd257a3-7979-4b96-a711-b0961d0b7686,1.79,tarama
fcd48540-ed44-4e26-9696-aab09c628287,3.71,kapi
fcde8392-7926-405c-943b-f1a09f4981a2,2.50,tarama
fceaa176-ce97-4a6a-83ba-0e78deb8f69a,2.14,tarama
fcf31a5d-8217-4f62-ae87-e30a18318d16,2.80,tarama
fd069d21-07e0-48a2-8f5f-0b8273a4c92f,3.50,kapi
fd083725-dd3e-4374-92d3-a4bfdb4f2b70,2.43,kapi
fd15e548-472e-4a7d-b77f-fe2749a9c774,2.20,tarama
fd1c1de1-fd5c-4cb3-87f3-a7096c3ab438,1.00,tarama
fd1c33a0-a0cc-421e-8575-ed38cdab2f93,2.00,tarama
fd2e4f16-fc02-4d47-9114-90805ed12cd0,3.22,kapi
fd3cb7f8-508b-4448-9d84-e9794bf45b89,3.19,tarama
fd3fa880-d0e5-48db-93f7-c728c4f0ee57,2.26,tarama
fd557b4e-4ff5-4637-8b1a-970c87b949da,3.37,tarama
fd561eaf-29d5-409d-b5d2-e28d33e4d2f4,1.71,tarama
fd59272a-37d0-4ef8-92e2-4d963a4d7ffa,2.08,tarama
fd61ee68-9357-4770-aa51-51f19f4f4384,2.76,tarama
fd69a14e-069b-40c5-a6d3-9338085ac0b4,2.35,kapi
fd72108d-6b86-402a-8743-62270ab4f246,2.07,tarama
fd780c2a-7fd6-403e-a07f-4647ef79972f,4.05,kapi
fd7c4d5c-5711-49b8-bb2e-59cfe7abd3ab,3.28,kapi
fd82df61-e489-4cf1-bf82-d266154bde35,2.17,tarama
fd82e0d4-406c-4cb6-aa1e-bae58d208f90,2.26,tarama
fd84064a-6011-4f22-ac2a-a2db578a9dae,3.08,tarama
fd94a4af-6c97-43ab-8056-d0c3418e2a5f,2.55,tarama
fd9ce03f-a23f-4858-b02f-54c782ca2da8,1.69,tarama
fd9f0aff-54fa-4f5c-8520-660937ce4f9b,1.89,tarama
fda057e5-93c8-4ea3-8b76-33454addd8b4,2.74,kapi
fda14dc5-2387-4834-90b1-68fe4d1dd024,3.88,kapi
fdbd1eba-23dc-46e5-95c4-e0a3568adc18,3.61,kapi
fdc060fd-70ee-46b1-b665-6880b8c543f9,4.02,tarama
fdd089cd-500a-4f36-9810-212bb2453ae0,2.43,tarama
fdd1b3ae-02e9-4940-a84c-f7834d20c192,3.99,kapi
fdde4560-3758-41a7-8c35-c0d22beb200b,1.85,tarama
fde67c22-3f4b-4968-87c5-5b2188361664,3.97,tarama
fdf10b30-5514-4831-aa3c-dd0532fa1c04,1.44,tarama
fe10a38d-98f9-4909-9e46-6c748ee0601b,2.47,kapi
fe1c9766-317a-47b5-99a0-4cec99657ff1,1.99,tarama
fe24fd40-4170-4a3b-a78e-147aa542445a,2.36,tarama
fe26a5cd-e5c5-4407-a4d2-f0f4fbc9011a,1.48,tarama
fe31ad3e-4f8c-4ab8-aaa5-850ecbc0e1d4,2.27,tarama
fe384c1b-9cfc-4eb2-9c7e-9397ba630066,1.75,tarama
fe3f6e3c-2633-4922-b727-65594954818c,2.02,tarama
fe413f11-0102-4b83-aa5c-f56534b4e757,1.98,tarama
fe447983-e23a-4348-bda2-d9d6e2dd9b41,2.50,tarama
fe481d27-dfd2-4743-87c4-eaf513e4db99,2.99,kapi
fe5507fb-78bf-4601-8d87-c40322e1dbbd,2.48,tarama
fe5f2f10-f958-466b-bacb-20fcd0457e05,1.38,tarama
fe6e3b6c-7e8e-4140-b9da-03ddff8a13c8,2.20,kapi
fe7126de-e372-4b77-9c57-ac1f7686dec1,3.44,kapi
fe71d6a2-5d33-4b79-8f27-e3c64e776ea0,2.01,tarama
fe7cff4e-d06e-447f-bf64-466aa123f398,2.40,tarama
fe9eff7b-e58d-4e9a-941d-27a691d246be,1.05,tarama
feadc955-9dbf-4369-b483-d90a3fb13400,2.18,tarama
feadf307-7f7a-4605-85eb-d390d9298844,1.63,tarama
feb1b42e-db26-4f6c-b32d-f4c11ffea66d,2.72,kapi
feb616fb-36c1-46bf-a003-e5396707cf79,2.09,tarama
feb674be-e077-49ee-87b9-84c01ab40bb3,2.53,tarama
feba5252-3897-4ddf-9f21-85fcfd21aa83,2.00,tarama
feba7d19-bf05-48b8-91e6-f0ee63c39222,2.77,tarama
fec8515e-9989-4c66-a523-10c605ffcf3d,2.22,tarama
fecfff3b-ffb3-4c21-a1e8-68478a83acc9,2.14,tarama
fed55a28-3f2c-4e8f-8354-8b4ea9d2787c,1.53,tarama
fedba4ea-8f2d-4a1b-ab23-5925fe96507f,2.38,tarama
fee5052e-cc0c-403b-9b8c-b03da3b6b8a2,1.20,tarama
fee7b1eb-0116-48e3-9f79-8417ae61f98e,3.24,kapi
fee7dd91-3495-4832-9e11-98ba3a09fd0d,2.70,tarama
fef92c79-094f-41ec-a4c8-cf8560f012c1,2.20,kapi
fefb26e5-e3ca-4947-90ff-7db5f27ce723,2.44,tarama
ff020bcf-667b-4bff-abcc-616f6fbde881,2.90,tarama
ff05f1c5-ce38-4655-97f7-806ae1e2f409,1.36,kapi
ff0839af-ab60-4eea-a768-0f571b45d93a,1.15,tarama
ff0b92a9-8618-4300-b700-a3fff3041c2a,4.04,tarama
ff0f98f2-16a2-4a05-9864-e7155aa9b473,3.45,kapi
ff20d13c-6f4d-4932-b013-d3529f201203,1.47,tarama
ff2d0681-7733-40e3-ba87-aef97172ed97,3.42,tarama
ff2e18fa-e53a-41b7-84fe-fc90ecbaa0f8,3.56,kapi
ff35c4c5-6a86-4180-a2c9-94e007e328d8,3.53,tarama
ff3b6cab-a95e-4c03-b23c-2482d26b2531,3.40,kapi
ff3c3d6e-a5ae-4f27-95b3-ceb212af7663,2.02,tarama
ff40abee-64be-4611-a650-4095ba0b7004,2.32,tarama
ff4a68e1-e8b4-409f-9da3-9bf8bac5fe7b,2.76,tarama
ff4b4b2d-7977-44f7-b716-f0d6310a38f5,1.82,tarama
ff597039-c93e-47cb-b960-28f834dab717,2.17,tarama
ff610a2b-e4a2-4ed2-b659-a6c4bbe46eb2,1.45,tarama
ff620ddf-4a15-4d44-82a1-6a9e357d9f1a,2.07,kapi
ff6415a0-2359-46ce-8e52-4bdb27674c92,3.20,kapi
ff79ee3c-048e-45cc-841f-fddc3eff2fc7,1.89,tarama
ff7ac38a-9b7b-4804-95b6-68b25d732dde,2.01,tarama
ff80f11e-7aff-4ebb-9e11-7a0cb55cb453,2.80,tarama
ff83d4d6-9983-4f94-8695-188092a11fd0,1.56,tarama
ff878ac1-bc94-41f7-aee1-3085dfbf9009,2.43,tarama
ff87fa40-b2a3-409c-8f5e-fa1567ddca6e,3.47,kapi
ff8b7907-eee3-4deb-86c9-fbe5f462d6b6,1.90,tarama
ff934607-fdd3-4acc-94b6-76ffd253c1dd,2.64,tarama
ff95a514-54ee-49c4-baaa-685ca98bb692,3.14,tarama
ff9773ad-7f9e-42ea-af5b-d6728309f6b3,3.71,kapi
ff97b415-adf7-4411-8278-a21f55840d2f,2.12,tarama
ff9b86fe-b04c-4aaf-961c-172d34f81442,3.61,tarama
ff9b8ac1-dcd6-4882-9a2f-f9edf8b714ad,2.90,kapi
ffabf8f9-4cd9-4c0d-845c-29e6bce5f41f,1.62,tarama
ffb71d7a-e2f4-4b49-9abc-ab7848d47f07,2.05,tarama
ffc0ae77-a486-4ea4-91de-eb6790ebadac,3.39,tarama
ffc144d0-faaa-4b0e-b471-d91d81e6c84a,2.58,tarama
ffc409ff-0257-41a3-8e82-8eb652e2cbf5,3.43,tarama
ffc7adff-100e-42c2-92ac-1c31908705e1,2.19,tarama
ffd3763d-7ca9-45bf-b003-3372d74dc257,2.95,tarama
ffd3be2f-ca04-496e-bc98-0a31afa0fbd5,2.01,tarama
ffdc3b91-034b-4af3-a1f0-78c9cc882305,1.28,tarama
ffe42b94-9527-439b-8dd2-1fd3b4992fb8,2.05,tarama
ffeac5c5-fc77-49eb-a33c-2698f94e26cd,1.31,tarama
fff0f2d3-8202-4f4f-ad37-ab9f1b3b51e3,3.52,kapi
fff9d730-dc8b-4f0e-bb89-a8ba92e1f4f4,1.49,tarama
fffc327b-353c-4d1b-8a29-4b8430f59b00,2.02,kapi
fffff5e1-2c2b-4bca-ab1e-e65a2aa68cdc,3.87,tarama
